v -0.05662645 -0.025 0.054177600000000006
v -0.05605885 -0.025 0.054146799999999995
v -0.05605885 0.025 0.054146799999999995
v -0.05718745 -0.025 0.0542695
v -0.05662645 0.025 0.054177600000000006
v -0.05773515 -0.025 0.05442160000000001
v -0.05718745 0.025 0.0542695
v -0.058263249999999996 -0.025 0.054632
v -0.05773515 0.025 0.05442160000000001
v -0.058765450000000004 -0.025 0.054898300000000004
v -0.058263249999999996 0.025 0.054632
v -0.059235949999999996 -0.025 0.0552173
v -0.058765450000000004 0.025 0.054898300000000004
v -0.05966925 -0.025 0.055585300000000004
v -0.059235949999999996 0.025 0.0552173
v -0.06006015 -0.025 0.055998
v -0.05966925 0.025 0.055585300000000004
v -0.060404150000000004 -0.025 0.056450600000000004
v -0.06006015 0.025 0.055998
v -0.06069725 -0.025 0.056937600000000005
v -0.060404150000000004 0.025 0.056450600000000004
v -0.060935949999999996 -0.025 0.0574536
v -0.06069725 0.025 0.056937600000000005
v -0.061117450000000004 -0.025 0.0579923
v -0.060935949999999996 0.025 0.0574536
v -0.06123965 -0.025 0.0585474
v -0.061117450000000004 0.025 0.0579923
v -0.06130115 -0.025 0.05911260000000001
v -0.06123965 0.025 0.0585474
v -0.06130115 -0.025 0.059681
v -0.06130115 0.025 0.05911260000000001
v -0.06123965 -0.025 0.060246100000000004
v -0.06130115 0.025 0.059681
v -0.061117450000000004 -0.025 0.060801299999999996
v -0.06123965 0.025 0.060246100000000004
v -0.060935949999999996 -0.025 0.061340000000000006
v -0.061117450000000004 0.025 0.060801299999999996
v -0.06069725 -0.025 0.061855900000000005
v -0.060935949999999996 0.025 0.061340000000000006
v -0.060404150000000004 -0.025 0.062343
v -0.06069725 0.025 0.061855900000000005
v -0.06006015 -0.025 0.06279560000000001
v -0.060404150000000004 0.025 0.062343
v -0.05966925 -0.025 0.0632083
v -0.06006015 0.025 0.06279560000000001
v -0.059235949999999996 -0.025 0.0635763
v -0.05966925 0.025 0.0632083
v -0.058765450000000004 -0.025 0.0638953
v -0.059235949999999996 0.025 0.0635763
v -0.058263249999999996 -0.025 0.0641616
v -0.058765450000000004 0.025 0.0638953
v -0.05773515 -0.025 0.064372
v -0.058263249999999996 0.025 0.0641616
v -0.05718745 -0.025 0.064524
v -0.05773515 0.025 0.064372
v -0.05662645 -0.025 0.06461599999999999
v -0.05718745 0.025 0.064524
v -0.05605885 -0.025 0.0646468
v -0.05662645 0.025 0.06461599999999999
v -0.05549125 -0.025 0.06461599999999999
v -0.05605885 0.025 0.0646468
v -0.05493025000000001 -0.025 0.064524
v -0.05549125 0.025 0.06461599999999999
v -0.054382450000000006 -0.025 0.064372
v -0.05493025000000001 0.025 0.064524
v -0.05385445 -0.025 0.0641616
v -0.054382450000000006 0.025 0.064372
v -0.05335215 -0.025 0.0638953
v -0.05385445 0.025 0.0641616
v -0.05288165 -0.025 0.0635763
v -0.05335215 0.025 0.0638953
v -0.05244845 -0.025 0.0632083
v -0.05288165 0.025 0.0635763
v -0.052057450000000005 -0.025 0.06279560000000001
v -0.05244845 0.025 0.0632083
v -0.051713449999999994 -0.025 0.062343
v -0.052057450000000005 0.025 0.06279560000000001
v -0.051420350000000004 -0.025 0.061855900000000005
v -0.051713449999999994 0.025 0.062343
v -0.05118175 -0.025 0.061340000000000006
v -0.051420350000000004 0.025 0.061855900000000005
v -0.05100015 -0.025 0.060801299999999996
v -0.05118175 0.025 0.061340000000000006
v -0.05087795 -0.025 0.060246100000000004
v -0.05100015 0.025 0.060801299999999996
v -0.050816549999999995 -0.025 0.059681
v -0.05087795 0.025 0.060246100000000004
v -0.050816549999999995 -0.025 0.05911260000000001
v -0.050816549999999995 0.025 0.059681
v -0.05087795 -0.025 0.0585474
v -0.050816549999999995 0.025 0.05911260000000001
v -0.05100015 -0.025 0.0579923
v -0.05087795 0.025 0.0585474
v -0.05118175 -0.025 0.0574536
v -0.05100015 0.025 0.0579923
v -0.051420350000000004 -0.025 0.056937600000000005
v -0.05118175 0.025 0.0574536
v -0.051713449999999994 -0.025 0.056450600000000004
v -0.051420350000000004 0.025 0.056937600000000005
v -0.052057450000000005 -0.025 0.055998
v -0.051713449999999994 0.025 0.056450600000000004
v -0.05244845 -0.025 0.055585300000000004
v -0.052057450000000005 0.025 0.055998
v -0.05288165 -0.025 0.0552173
v -0.05244845 0.025 0.055585300000000004
v -0.05335215 -0.025 0.054898300000000004
v -0.05288165 0.025 0.0552173
v -0.05385445 -0.025 0.054632
v -0.05335215 0.025 0.054898300000000004
v -0.054382450000000006 -0.025 0.05442160000000001
v -0.05385445 0.025 0.054632
v -0.05493025000000001 -0.025 0.0542695
v -0.054382450000000006 0.025 0.05442160000000001
v -0.05549125 -0.025 0.054177600000000006
v -0.05493025000000001 0.025 0.0542695
v -0.05549125 0.025 0.054177600000000006
v 0.01161235 0.025 0.11194100000000001
v 0.013163560000000001 0.025 0.108253
v 0.00480622 0.025 0.108213
v 0.01555516 0.025 0.11193199999999999
v 0.015293639999999999 0.025 0.108193
v 0.06297835 0.025 0.0635763
v 0.06955485 0.025 0.078973
v 0.07160555 0.025 0.0775007
v 0.00238562 0.025 0.11182800000000001
v -0.00279242 0.025 0.10786
v 0.07350355 0.025 0.0758065
v 0.07529385000000001 0.025 0.0738564
v 0.06341155 0.025 0.0632083
v 0.06755165 0.025 0.0801191
v 0.01978465 0.025 0.111706
v 0.01866965 0.025 0.10793900000000001
v 0.03203335 0.025 0.0858816
v 0.041803549999999995 0.025 0.0845043
v 0.02253145 0.025 0.11133900000000001
v 0.02089125 0.025 0.107591
v 0.02628005 0.025 0.11033200000000001
v 0.024788450000000004 0.025 0.1063
v 0.023707950000000002 0.025 0.106783
v 0.06534225 0.025 0.0811104
v 0.04247375 0.025 0.0842049
v 0.032644150000000004 0.025 0.104957
v 0.02908465 0.025 0.102061
v 0.02844175 0.025 0.103105
v 0.033497650000000004 0.025 0.103259
v 0.02965565 0.025 0.100895
v 0.03158255 0.025 0.09275779999999999
v 0.03649705 0.025 0.0936737
v 0.03715565 0.025 0.0914289
v 0.024643449999999997 0.025 0.11086499999999999
v 0.022642250000000003 0.025 0.107152
v 0.06283305 0.025 0.0819544
v 0.04324165 0.025 0.0839448
v 0.03867625 0.025 0.08765440000000001
v 0.03202395 0.025 0.08616410000000001
v 0.030505550000000003 0.025 0.10774900000000001
v 0.03127715 0.025 0.10693
v 0.02782565 0.025 0.10391299999999999
v 0.03196275 0.025 0.106037
v 0.03453615 0.025 0.100549
v 0.030308850000000002 0.025 0.09915260000000001
v 0.030963650000000002 0.025 0.096661
v 0.03618625 0.025 0.09481310000000001
v 0.05492405 0.025 0.0574536
v 0.05516275 0.025 0.056937600000000005
v 0.054558850000000006 0.025 0.05911260000000001
v -0.01806775 0.025 0.103113
v -0.02586215 0.025 0.104987
v -0.02416315 0.025 0.10637100000000001
v -0.00633885 0.025 0.111548
v 0.05988895 0.025 0.08263870000000001
v 0.05060535 0.025 0.0833471
v 0.05642345 0.025 0.08311349999999999
v 0.04119965 0.025 0.084848
v 0.03812915 0.025 0.0887754
v 0.055455750000000005 0.025 0.056450600000000004
v 0.054620350000000005 0.025 0.0585474
v -0.08391995 0.025 0.0798446
v -0.08508105 0.025 0.0774007
v -0.08477755000000001 0.025 0.0782646
v -0.02759735 0.025 0.10326700000000001
v 0.027705950000000003 0.025 0.109703
v 0.02568005 0.025 0.105793
v 0.04064095 0.025 0.085245
v 0.03964435 0.025 0.0862144
v 0.040111850000000004 0.025 0.0857103
v 0.03916045 0.025 0.0868567
v 0.05579975 0.025 0.055998
v 0.054558850000000006 0.025 0.059681
v -0.08438504999999999 0.025 0.079089
v -0.02947295 0.025 0.101014
v -0.01677775 0.025 0.10404400000000001
v -0.02050465 0.025 0.108528
v -0.01844815 0.025 0.109362
v -0.01542165 0.025 0.110261
v -0.013846849999999999 0.025 0.105542
v -0.015416250000000001 0.025 0.104826
v 0.02878775 0.025 0.10908799999999999
v 0.026439249999999997 0.025 0.105257
v 0.04599785 0.025 0.0834718
v 0.044361050000000006 0.025 0.0836833
v 0.05474255 0.025 0.0579923
v -0.08337595 0.025 0.0805505
v -0.03157395 0.025 0.09796060000000001
v -0.012323150000000001 0.025 0.11088800000000001
v -0.011450450000000001 0.025 0.106369
v -0.008055050000000001 0.025 0.107167
v 0.029709850000000003 0.025 0.108437
v 0.02717905 0.025 0.10461000000000001
v 0.08223135 0.025 0.0622441
v 0.06498195 0.025 0.060246100000000004
v 0.06485975 0.025 0.060801299999999996
v 0.05709445 0.025 0.054898300000000004
v 0.057596749999999995 0.025 0.054632
v 0.05619075 0.025 0.055585300000000004
v 0.05662395 0.025 0.0552173
v -0.08273925 0.025 0.08122159999999999
v -0.08529624999999999 0.025 0.07650850000000001
v -0.03407505 0.025 0.0935562
v 0.07758555 0.025 0.0708146
v 0.06414655 0.025 0.062343
v 0.06380245000000001 0.025 0.06279560000000001
v 0.08010085 0.025 0.066661
v 0.06467825 0.025 0.061340000000000006
v 0.06443955 0.025 0.061855900000000005
v 0.06504345 0.025 0.059681
v 0.06504345 0.025 0.05911260000000001
v 0.06498195 0.025 0.0585474
v 0.08406495 0.025 0.057286000000000004
v 0.06485975 0.025 0.0579923
v 0.08498485 0.025 0.0537822
v 0.08548315000000001 0.025 0.05
v 0.06380245000000001 0.025 0.055998
v 0.06414655 0.025 0.056450600000000004
v 0.058672550000000004 0.025 0.0542695
v 0.05923355 0.025 0.054177600000000006
v -0.03756985 0.025 0.0862816
v -0.02244905 0.025 0.107508
v 0.08535985 0.025 0.0515551
v 0.06467825 0.025 0.0574536
v 0.06341155 0.025 0.055585300000000004
v 0.06250785 0.025 0.054898300000000004
v 0.06297835 0.025 0.0552173
v 0.05812485 0.025 0.05442160000000001
v -0.07292525000000001 0.025 0.05
v -0.08198875 0.025 0.0818683
v 0.06443955 0.025 0.056937600000000005
v -0.08109345 0.025 0.082498
v -0.08543575 0.025 0.0755098
v 0.061477449999999996 0.025 0.05442160000000001
v 0.06200555 0.025 0.054632
v -0.08548315000000001 0.025 0.0743688
v -0.08381125 0.025 0.0670486
v 0.060929750000000005 0.025 0.0542695
v 0.05980115 0.025 0.054146799999999995
v 0.060368750000000006 0.025 0.054177600000000006
v -0.08540924999999999 0.025 0.0730362
v -0.08239755000000001 0.025 0.0639645
v -0.07691955 0.025 0.055206099999999994
v -0.08000865 0.025 0.0831142
v -0.08516595 0.025 0.0714432
v -0.02331455 0.025 0.0959285
v -0.024730850000000002 0.025 0.0923391
v -0.02128615 0.025 0.09958310000000001
v -0.02236005 0.025 0.0978336
v -0.08467495 0.025 0.0694923
v -0.07998675000000001 0.025 0.059734999999999996
v -0.04005005 0.025 0.08646240000000001
v -0.03879025 0.025 0.0864393
v -0.07955435 0.025 0.0833353
v 0.054620350000000005 0.025 0.060246100000000004
v -0.026600850000000002 0.025 0.0861648
v -0.02023765 0.025 0.100972
v -0.01917325 0.025 0.102127
v -0.042315250000000006 0.025 0.0862946
v 0.05492405 0.025 0.061340000000000006
v 0.05474255 0.025 0.060801299999999996
v 0.055455750000000005 0.025 0.062343
v 0.05516275 0.025 0.061855900000000005
v 0.05619075 0.025 0.0632083
v 0.05579975 0.025 0.06279560000000001
v -0.03781475 0.025 0.08632580000000001
v -0.07007965000000001 0.025 0.08443590000000001
v -0.04688325 0.025 0.0858276
v -0.058171650000000005 0.025 0.0852131
v 0.06250785 0.025 0.0638953
v 0.057596749999999995 0.025 0.0641616
v 0.05709445 0.025 0.0638953
v 0.058672550000000004 0.025 0.064524
v 0.05812485 0.025 0.064372
v 0.061477449999999996 0.025 0.064372
v 0.060929750000000005 0.025 0.064524
v 0.06200555 0.025 0.0641616
v 0.060368750000000006 0.025 0.06461599999999999
v 0.05980115 0.025 0.0646468
v 0.05662395 0.025 0.0635763
v 0.05923355 0.025 0.06461599999999999
v 0.054558850000000006 -0.025 0.05911260000000001
v 0.054558850000000006 -0.025 0.059681
v 0.054620350000000005 -0.025 0.060246100000000004
v 0.05474255 -0.025 0.060801299999999996
v 0.055455750000000005 -0.025 0.056450600000000004
v 0.05516275 -0.025 0.056937600000000005
v 0.05619075 -0.025 0.055585300000000004
v 0.05579975 -0.025 0.055998
v 0.05474255 -0.025 0.0579923
v 0.054620350000000005 -0.025 0.0585474
v 0.05492405 -0.025 0.0574536
v 0.055455750000000005 -0.025 0.062343
v 0.05579975 -0.025 0.06279560000000001
v 0.05492405 -0.025 0.061340000000000006
v 0.05516275 -0.025 0.061855900000000005
v 0.08548315000000001 -0.025 0.05
v 0.05812485 -0.025 0.05442160000000001
v 0.057596749999999995 -0.025 0.054632
v 0.07350355 -0.025 0.0758065
v 0.07160555 -0.025 0.0775007
v 0.06955485 -0.025 0.078973
v 0.01555516 -0.025 0.11193199999999999
v 0.01161235 -0.025 0.11194100000000001
v 0.013163560000000001 -0.025 0.108253
v 0.00238562 -0.025 0.11182800000000001
v 0.00480622 -0.025 0.108213
v -0.07292525000000001 -0.025 0.05
v 0.05709445 -0.025 0.054898300000000004
v 0.05662395 -0.025 0.0552173
v 0.058672550000000004 -0.025 0.0542695
v 0.06755165 -0.025 0.0801191
v 0.07529385000000001 -0.025 0.0738564
v -0.00633885 -0.025 0.111548
v -0.00279242 -0.025 0.10786
v -0.08438504999999999 -0.025 0.079089
v -0.08477755000000001 -0.025 0.0782646
v -0.08540924999999999 -0.025 0.0730362
v -0.08516595 -0.025 0.0714432
v -0.08543575 -0.025 0.0755098
v -0.08548315000000001 -0.025 0.0743688
v -0.08467495 -0.025 0.0694923
v -0.08381125 -0.025 0.0670486
v 0.05619075 -0.025 0.0632083
v 0.05980115 -0.025 0.054146799999999995
v 0.05923355 -0.025 0.054177600000000006
v 0.06443955 -0.025 0.056937600000000005
v 0.06414655 -0.025 0.056450600000000004
v 0.03203335 -0.025 0.0858816
v 0.08010085 -0.025 0.066661
v 0.04324165 -0.025 0.0839448
v 0.015293639999999999 -0.025 0.108193
v 0.01866965 -0.025 0.10793900000000001
v -0.08529624999999999 -0.025 0.07650850000000001
v -0.08508105 -0.025 0.0774007
v 0.06250785 -0.025 0.054898300000000004
v 0.06200555 -0.025 0.054632
v 0.06341155 -0.025 0.055585300000000004
v 0.06297835 -0.025 0.0552173
v 0.06380245000000001 -0.025 0.055998
v 0.06467825 -0.025 0.0574536
v 0.08535985 -0.025 0.0515551
v 0.06485975 -0.025 0.0579923
v 0.08498485 -0.025 0.0537822
v 0.06498195 -0.025 0.0585474
v 0.08406495 -0.025 0.057286000000000004
v 0.03158255 -0.025 0.09275779999999999
v 0.03202395 -0.025 0.08616410000000001
v 0.03715565 -0.025 0.0914289
v 0.033497650000000004 -0.025 0.103259
v 0.032644150000000004 -0.025 0.104957
v 0.02908465 -0.025 0.102061
v 0.03196275 -0.025 0.106037
v 0.02844175 -0.025 0.103105
v 0.04247375 -0.025 0.0842049
v 0.06534225 -0.025 0.0811104
v 0.06283305 -0.025 0.0819544
v 0.07758555 -0.025 0.0708146
v 0.02628005 -0.025 0.11033200000000001
v 0.024643449999999997 -0.025 0.11086499999999999
v 0.023707950000000002 -0.025 0.106783
v 0.01978465 -0.025 0.111706
v 0.02089125 -0.025 0.107591
v -0.08337595 -0.025 0.0805505
v -0.08391995 -0.025 0.0798446
v 0.060929750000000005 -0.025 0.0542695
v 0.060368750000000006 -0.025 0.054177600000000006
v 0.061477449999999996 -0.025 0.05442160000000001
v 0.06504345 -0.025 0.05911260000000001
v 0.08223135 -0.025 0.0622441
v 0.03812915 -0.025 0.0887754
v 0.03649705 -0.025 0.0936737
v 0.03618625 -0.025 0.09481310000000001
v 0.03453615 -0.025 0.100549
v 0.02965565 -0.025 0.100895
v 0.03127715 -0.025 0.10693
v 0.02782565 -0.025 0.10391299999999999
v 0.030505550000000003 -0.025 0.10774900000000001
v 0.02717905 -0.025 0.10461000000000001
v 0.03867625 -0.025 0.08765440000000001
v 0.044361050000000006 -0.025 0.0836833
v 0.022642250000000003 -0.025 0.107152
v 0.02253145 -0.025 0.11133900000000001
v -0.08273925 -0.025 0.08122159999999999
v -0.08198875 -0.025 0.0818683
v -0.08239755000000001 -0.025 0.0639645
v -0.07691955 -0.025 0.055206099999999994
v 0.05662395 -0.025 0.0635763
v 0.06504345 -0.025 0.059681
v 0.030963650000000002 -0.025 0.096661
v 0.030308850000000002 -0.025 0.09915260000000001
v 0.03916045 -0.025 0.0868567
v 0.041803549999999995 -0.025 0.0845043
v 0.05988895 -0.025 0.08263870000000001
v 0.05642345 -0.025 0.08311349999999999
v -0.008055050000000001 -0.025 0.107167
v -0.02236005 -0.025 0.0978336
v -0.02128615 -0.025 0.09958310000000001
v -0.02759735 -0.025 0.10326700000000001
v -0.02947295 -0.025 0.101014
v -0.03157395 -0.025 0.09796060000000001
v -0.02331455 -0.025 0.0959285
v -0.024730850000000002 -0.025 0.0923391
v -0.026600850000000002 -0.025 0.0861648
v -0.03407505 -0.025 0.0935562
v 0.05812485 -0.025 0.064372
v 0.058672550000000004 -0.025 0.064524
v 0.03964435 -0.025 0.0862144
v 0.04064095 -0.025 0.085245
v 0.040111850000000004 -0.025 0.0857103
v 0.04119965 -0.025 0.084848
v 0.027705950000000003 -0.025 0.109703
v 0.024788450000000004 -0.025 0.1063
v -0.03756985 -0.025 0.0862816
v 0.06250785 -0.025 0.0638953
v 0.06297835 -0.025 0.0635763
v -0.07998675000000001 -0.025 0.059734999999999996
v 0.057596749999999995 -0.025 0.0641616
v 0.05709445 -0.025 0.0638953
v 0.04599785 -0.025 0.0834718
v 0.05060535 -0.025 0.0833471
v 0.02878775 -0.025 0.10908799999999999
v 0.02568005 -0.025 0.105793
v -0.01542165 -0.025 0.110261
v -0.01844815 -0.025 0.109362
v -0.015416250000000001 -0.025 0.104826
v -0.01677775 -0.025 0.10404400000000001
v -0.02023765 -0.025 0.100972
v -0.02586215 -0.025 0.104987
v -0.08000865 -0.025 0.0831142
v -0.08109345 -0.025 0.082498
v -0.07007965000000001 -0.025 0.08443590000000001
v -0.07955435 -0.025 0.0833353
v -0.03781475 -0.025 0.08632580000000001
v -0.03879025 -0.025 0.0864393
v 0.06485975 -0.025 0.060801299999999996
v 0.06443955 -0.025 0.061855900000000005
v 0.06467825 -0.025 0.061340000000000006
v 0.06380245000000001 -0.025 0.06279560000000001
v 0.06414655 -0.025 0.062343
v 0.06341155 -0.025 0.0632083
v 0.060368750000000006 -0.025 0.06461599999999999
v 0.060929750000000005 -0.025 0.064524
v 0.029709850000000003 -0.025 0.108437
v 0.026439249999999997 -0.025 0.105257
v -0.012323150000000001 -0.025 0.11088800000000001
v -0.011450450000000001 -0.025 0.106369
v -0.013846849999999999 -0.025 0.105542
v -0.02050465 -0.025 0.108528
v -0.01917325 -0.025 0.102127
v -0.02416315 -0.025 0.10637100000000001
v -0.04005005 -0.025 0.08646240000000001
v 0.06498195 -0.025 0.060246100000000004
v 0.06200555 -0.025 0.0641616
v 0.061477449999999996 -0.025 0.064372
v 0.05923355 -0.025 0.06461599999999999
v -0.01806775 -0.025 0.103113
v -0.02244905 -0.025 0.107508
v -0.058171650000000005 -0.025 0.0852131
v 0.05980115 -0.025 0.0646468
v -0.04688325 -0.025 0.0858276
v -0.042315250000000006 -0.025 0.0862946
v 0.01602895 -0.00975 0.05
v -0.00347105 -0.00975 0.05
v -0.00347105 0.00975 0.05
v 0.01602895 0.00975 0.05
v -0.00347105 0.00975 0.06
v 0.01602895 0.00975 0.06
v 0.01602895 -0.00975 0.06
v -0.00347105 -0.00975 0.06
v 0.00627895 0.025 0.05
v 0.00627895 -0.025 0.05
v 0.014995950000000001 -0.025 0.0520888
v 0.014995950000000001 0.025 0.0520888
v 0.015276449999999999 0.025 0.05213475
v 0.015276449999999999 -0.025 0.05213475
v 0.01555035 -0.025 0.0522108
v 0.01555035 0.025 0.0522108
v 0.015814349999999998 0.025 0.052316
v 0.015814349999999998 -0.025 0.052316
v 0.0160655 -0.025 0.05244915
v 0.0160655 0.025 0.05244915
v -0.014595450000000001 0.025 0.06364734999999999
v -0.0146262 0.025 0.0633648
v 0.01630075 0.025 0.05260865
v 0.01630075 -0.025 0.05260865
v 0.01651735 -0.025 0.052792649999999997
v 0.01651735 0.025 0.052792649999999997
v 0.016712849999999998 0.025 0.052999000000000004
v 0.016712849999999998 -0.025 0.052999000000000004
v 0.01688485 -0.025 0.0532253
v 0.01688485 0.025 0.0532253
v 0.017031400000000002 0.025 0.0534688
v 0.017031400000000002 -0.025 0.0534688
v 0.0171507 -0.025 0.0537268
v 0.0171507 0.025 0.0537268
v 0.012021 -0.025 0.0656539
v 0.012304800000000001 -0.025 0.0656385
v 0.012585299999999999 -0.025 0.0655925
v 0.0128592 -0.025 0.0655165
v 0.0131232 -0.025 0.0654113
v 0.01337435 -0.025 0.06527815000000001
v 0.0136096 -0.025 0.06511865
v 0.0138262 -0.025 0.06493465
v 0.0140217 -0.025 0.0647283
v 0.0141937 -0.025 0.064502
v 0.01434025 -0.025 0.06425845
v 0.014459550000000002 -0.025 0.0640005
v 0.014550350000000002 -0.025 0.06373115
v 0.01461145 -0.025 0.06345355
v 0.014642150000000001 -0.025 0.063171
v -0.00075 0.025 0.0621639
v 0.0040259 0.025 0.0558156
v 0.0040259 -0.025 0.0558156
v -0.0004662 0.025 0.0621485
v 0.0042085000000000004 -0.025 0.0621485
v 0.0037454 -0.025 0.055861549999999996
v 0.0037454 0.025 0.055861549999999996
v -0.00018570000000000001 0.025 0.062102500000000005
v 0.003928 -0.025 0.062102500000000005
v 0.00347155 0.025 0.0559376
v 0.00347155 -0.025 0.0559376
v 0.00365415 -0.025 0.062026500000000005
v 8.82e-05 0.025 0.062026500000000005
v 0.0032075 -0.025 0.056042800000000004
v 0.0032075 0.025 0.056042800000000004
v 0.0003522 0.025 0.0619213
v 0.0033901 -0.025 0.0619213
v 0.00295635 0.025 0.056175949999999995
v 0.00295635 -0.025 0.056175949999999995
v 0.0031389499999999997 -0.025 0.06178815
v 0.00060335 0.025 0.06178815
v 0.0027211 -0.025 0.05633545
v 0.0027211 0.025 0.05633545
v 0.0008386000000000001 0.025 0.06162865
v 0.0029037000000000004 -0.025 0.06162865
v 0.0025045 0.025 0.056519450000000006
v 0.0025045 -0.025 0.056519450000000006
v 0.0025953 -0.025 0.05678880000000001
v 0.0025953 0.025 0.05678880000000001
v 0.0026563999999999997 0.025 0.05706635
v 0.0026563999999999997 -0.025 0.05706635
v 0.0026871 -0.025 0.06144465
v 0.0010552 0.025 0.06144465
v 0.0024609000000000002 -0.025 0.0572727
v 0.0024609000000000002 0.025 0.0572727
v 0.0012507 0.025 0.0612383
v 0.0024916 -0.025 0.0612383
v 0.0022889 0.025 0.057499
v 0.0022889 -0.025 0.057499
v 0.0023196000000000002 -0.025 0.061012000000000004
v 0.0014227 0.025 0.061012000000000004
v 0.0021424 -0.025 0.0577425
v 0.0021424 0.025 0.0577425
v 0.0021731000000000003 -0.025 0.060768449999999995
v 0.0015692500000000001 0.025 0.060768449999999995
v 0.00202305 0.025 0.058000499999999997
v 0.00202305 -0.025 0.058000499999999997
v 0.00168855 0.025 0.0605105
v 0.00205375 -0.025 0.0605105
v 0.0019323 -0.025 0.05826985
v 0.0019323 0.025 0.05826985
v 0.001963 -0.025 0.06024115
v 0.00177935 0.025 0.06024115
v 0.0018712000000000002 0.025 0.0585474
v 0.0018712000000000002 -0.025 0.0585474
v 0.0019019 -0.025 0.059963550000000004
v 0.00184045 -0.025 0.05883
v 0.00184045 0.025 0.05883
v 0.00184045 0.025 0.059963550000000004
v 0.00187115 -0.025 0.0593968
v 0.00187115 0.025 0.0593968
v 0.00187115 0.025 0.05911260000000001
v 0.00187115 0.025 0.059681
v 0.00187115 -0.025 0.059681
v 0.00187115 -0.025 0.05911260000000001
v -0.012577050000000001 -0.025 0.0752028
v -0.01229655 -0.025 0.07524879999999999
v -0.01201275 -0.025 0.0752642
v 0.04100605 -0.017375 0.05
v -0.028448150000000002 0.017375 0.05
v 0.01716445 0.025 0.0753444
v 0.01688395 0.025 0.0753904
v 0.01660015 0.025 0.07540580000000001
v 0.01631635 0.025 0.0753904
v 0.01603585 0.025 0.0753444
v 0.015762 0.025 0.0752684
v 0.01549795 0.025 0.0751632
v 0.015246800000000001 0.025 0.07503005
v 0.01501155 0.025 0.07487055
v 0.014794950000000001 0.025 0.07468655
v 0.01459945 0.025 0.0744802
v 0.01442745 0.025 0.0742539
v 0.014280949999999999 0.025 0.07401035
v 0.014009750000000001 0.025 0.07320545
v 0.014161600000000002 0.025 0.0737524
v 0.01407085 0.025 0.07348305
v -0.03332315 0.025 0.05
v 0.04588105 -0.025 0.05
v 0.04588105 0.025 0.05
v -0.03332315 -0.025 0.05
v 0.050756050000000004 0.007625 0.05
v -0.03819815 -0.007625 0.05
v 0.00271625 0.0 0.08602320000000001
v -0.03819815 0.017375 0.05
v -0.03819815 -0.017375 0.05
v 0.050756050000000004 -0.017375 0.05
v 0.050756050000000004 0.017375 0.05
v 0.05023955 0.025 0.051044400000000004
v 0.05023955 -0.025 0.051044400000000004
v -0.02024765 0.025 0.0531332
v -0.02024765 -0.025 0.0531332
v 0.0503798 -0.025 0.051067375000000005
v 0.0503798 0.025 0.051067375000000005
v -0.0198269 -0.025 0.053202125
v -0.0198269 0.025 0.053202125
v 0.050516750000000006 0.025 0.0511054
v 0.050516750000000006 -0.025 0.0511054
v -0.01941605 0.025 0.0533162
v -0.01941605 -0.025 0.0533162
v -0.01996715 0.025 0.05317915
v -0.01996715 -0.025 0.05317915
v 0.05064875 -0.025 0.051158
v 0.05064875 0.025 0.051158
v -0.01902005 -0.025 0.05347400000000001
v -0.01902005 0.025 0.05347400000000001
v -0.019553 -0.025 0.053278175000000004
v -0.019553 0.025 0.053278175000000004
v 0.050774324999999995 0.025 0.051224575
v 0.050774324999999995 -0.025 0.051224575
v -0.018643325 0.025 0.053673725000000005
v -0.018643325 -0.025 0.053673725000000005
v -0.01915205 0.025 0.0534214
v -0.01915205 -0.025 0.0534214
v 0.02001245 0.025 0.061946725
v -0.04920335 0.025 0.065347975
v -0.049218725000000005 0.025 0.0652067
v 0.019966325 0.025 0.0615229
v 0.0199817 0.025 0.061664174999999995
v 0.050891950000000005 -0.025 0.051304325000000005
v 0.050891950000000005 0.025 0.051304325000000005
v -0.01829045 -0.025 0.053912975
v -0.01829045 0.025 0.053912975
v -0.0187689 -0.025 0.05360715
v -0.0187689 0.025 0.05360715
v 0.05100025 0.025 0.05139632500000001
v 0.05100025 -0.025 0.05139632500000001
v -0.01796555 0.025 0.054188975
v -0.01796555 -0.025 0.054188975
v -0.018408075 0.025 0.053833225000000005
v -0.018408075 -0.025 0.053833225000000005
v 0.051098 -0.025 0.0514995
v 0.051098 0.025 0.0514995
v -0.017672300000000002 -0.025 0.0544985
v -0.017672300000000002 0.025 0.0544985
v -0.01807385 -0.025 0.054096975
v -0.01807385 0.025 0.054096975
v 0.05118400000000001 0.025 0.05161265
v 0.05118400000000001 -0.025 0.05161265
v -0.0174143 0.025 0.054837949999999996
v -0.0174143 -0.025 0.054837949999999996
v -0.01777005 0.025 0.054395325
v -0.01777005 -0.025 0.054395325
v 0.051257275 -0.025 0.05173440000000001
v 0.051257275 0.025 0.05173440000000001
v -0.017194475 -0.025 0.0552032
v -0.017194475 0.025 0.0552032
v -0.0175003 -0.025 0.054724800000000004
v -0.0175003 0.025 0.054724800000000004
v 0.051316925 0.025 0.051863400000000004
v 0.051316925 -0.025 0.051863400000000004
v -0.017015525 -0.025 0.055590200000000006
v -0.017015525 0.025 0.055590200000000006
v -0.01726775 0.025 0.05508145
v -0.01726775 -0.025 0.05508145
v -0.017075175 0.025 0.0554612
v -0.017075175 -0.025 0.0554612
v -0.022018925 -0.025 0.06515035
v 0.046060925 -0.025 0.06615745
v 0.046202825 -0.025 0.06614975000000001
v -0.021593225 -0.025 0.06512725
v 0.046343075000000004 -0.025 0.06612675
v -0.021172475 -0.025 0.06505825
v -0.021735125 -0.025 0.06513495
v -0.020761625000000002 -0.025 0.06494425
v 0.046480024999999994 -0.025 0.06608875
v -0.021312725 -0.025 0.06508125
v 0.046612025 -0.025 0.06603615
v -0.020365625000000002 -0.025 0.06478645000000001
v -0.020898575 -0.025 0.06498224999999999
v 0.0467376 -0.025 0.065969575
v -0.0199889 -0.025 0.064586725
v -0.020497625 -0.025 0.06483905
v 0.046855225 -0.025 0.065889825
v -0.019636024999999998 -0.025 0.064347475
v -0.020114475 -0.025 0.0646533
v 0.046963525 -0.025 0.065797825
v -0.019311125000000002 -0.025 0.064071475
v -0.01975365 -0.025 0.064427225
v 0.047061275 -0.025 0.06569465000000001
v -0.019017875 -0.025 0.06376195
v -0.019419425 -0.025 0.064163475
v 0.047147275 -0.025 0.0655815
v -0.018759875 -0.025 0.0634225
v -0.019115625 -0.025 0.06386512500000001
v 0.04722055 -0.025 0.06545972500000001
v -0.01854005 -0.025 0.06305717500000001
v -0.018845875 -0.025 0.06353565
v 0.0472802 -0.025 0.06533075
v -0.018361099999999998 -0.025 0.06267025000000001
v -0.018613325 -0.025 0.06317895
v 0.0473256 -0.025 0.065196075
v -0.0182249 -0.025 0.06226622500000001
v -0.01842075 -0.025 0.062799225
v 0.04735615 -0.025 0.065057275
v -0.01813325 -0.025 0.061849825000000004
v 0.0473715 -0.025 0.064916
v -0.0180872 -0.025 0.061426
v -0.0182703 -0.025 0.0624009
v -0.01810255 -0.025 0.061567275
v -0.0181638 -0.025 0.061988625
v -0.024606150000000004 -0.025 0.0520888
v -0.024606150000000004 0.025 0.0520888
v -0.05520605 0.025 0.0766067
v 0.00271625 0.025 0.08602320000000001
v 0.00271625 -0.025 0.08602320000000001
v 0.026904425000000003 0.025 0.06092245
v -0.028404425 0.025 0.06340535
v -0.023577925 0.025 0.0566346
v -0.023577925 -0.025 0.0566346
v 0.031629725 -0.025 0.05499660000000001
v 0.031629725 0.025 0.05499660000000001
v 0.027046325000000003 0.025 0.060914750000000004
v -0.027978725 0.025 0.06338225
v -0.023304025 -0.025 0.060914750000000004
v 0.031721025 -0.025 0.06338225
v -0.023718175 -0.025 0.056657575
v -0.023718175 0.025 0.056657575
v 0.031208975 0.025 0.055065525
v 0.031208975 -0.025 0.055065525
v 0.027186575 0.025 0.06089175
v -0.027557975 0.025 0.06331325
v -0.023444275 -0.025 0.06089175
v 0.031300275 -0.025 0.06331325
v -0.028120625000000003 0.025 0.06338995
v -0.0238551 0.025 0.0566956
v -0.0238551 -0.025 0.0566956
v 0.030798199999999998 -0.025 0.0551796
v 0.030798199999999998 0.025 0.0551796
v 0.031349225 -0.025 0.055042549999999996
v 0.031349225 0.025 0.055042549999999996
v -0.0235812 -0.025 0.06085375
v 0.0308895 -0.025 0.06319925
v 0.027323525 0.025 0.06085375
v -0.027147125 0.025 0.06319925
v 0.031440525 -0.025 0.06333625
v -0.027698225 0.025 0.06333625
v -0.023987124999999998 -0.025 0.056748200000000006
v -0.023987124999999998 0.025 0.056748200000000006
v 0.030402125000000002 0.025 0.0553374
v 0.030402125000000002 -0.025 0.0553374
v 0.030935125 0.025 0.055141575
v 0.030935125 -0.025 0.055141575
v 0.027455525 0.025 0.060801150000000005
v -0.023713225000000004 -0.025 0.060801150000000005
v 0.030493424999999998 -0.025 0.06304145
v -0.026751125 0.025 0.06304145
v 0.031026425 -0.025 0.06323725
v -0.027284074999999998 0.025 0.06323725
v -0.0241127 0.025 0.056814775
v -0.0241127 -0.025 0.056814775
v 0.030025400000000004 -0.025 0.055537125
v 0.030025400000000004 0.025 0.055537125
v 0.030534150000000003 -0.025 0.0552848
v 0.030534150000000003 0.025 0.0552848
v -0.0238388 -0.025 0.060734575
v 0.027581099999999997 0.025 0.060734575
v -0.0263744 0.025 0.062841725
v 0.0301167 -0.025 0.062841725
v -0.026883125 0.025 0.06309405
v 0.030625450000000002 -0.025 0.06309405
v -0.024230325 -0.025 0.056894525
v -0.024230325 0.025 0.056894525
v 0.029672524999999998 0.025 0.055776374999999996
v 0.029672524999999998 -0.025 0.055776374999999996
v 0.030150975 0.025 0.05547055000000001
v 0.030150975 -0.025 0.05547055000000001
v 0.027698725 0.025 0.060654825
v -0.023956425000000003 -0.025 0.060654825
v 0.029763825 -0.025 0.062602475
v -0.026021525 0.025 0.062602475
v -0.026499975000000002 0.025 0.0629083
v 0.030242275 -0.025 0.0629083
v -0.024338625000000003 0.025 0.056986524999999996
v -0.024338625000000003 -0.025 0.056986524999999996
v 0.029347625000000002 0.025 0.056052375
v 0.029347625000000002 -0.025 0.056052375
v 0.02979015 -0.025 0.055696625
v 0.02979015 0.025 0.055696625
v 0.029393025000000003 -0.025 0.05618705
v 0.029393025000000003 0.025 0.05618705
v -0.024202425 0.025 0.05739055
v -0.024202425 -0.025 0.05739055
v 0.029423575 0.025 0.056325824999999996
v 0.029423575 -0.025 0.056325824999999996
v -0.024110775 0.025 0.057806875
v -0.024110775 -0.025 0.057806875
v -0.024064725000000002 -0.025 0.060562825
v 0.027807025 0.025 0.060562825
v -0.025696625 0.025 0.062326475
v 0.029438925 -0.025 0.062326475
v -0.024247825 -0.025 0.057255875
v -0.024247825 0.025 0.057255875
v -0.02613915 0.025 0.06268222500000001
v 0.02988145 -0.025 0.06268222500000001
v -0.024141325 -0.025 0.05766810000000001
v -0.024141325 0.025 0.05766810000000001
v 0.029455925 -0.025 0.05596037500000001
v 0.029455925 0.025 0.05596037500000001
v -0.024208525 -0.025 0.057910050000000005
v -0.024208525 0.025 0.057910050000000005
v 0.029130325 0.025 0.05663535000000001
v 0.029130325 -0.025 0.05663535000000001
v 0.027904775000000003 0.025 0.06045965
v -0.025403375000000002 0.025 0.06201695
v -0.024162475 -0.025 0.06045965
v 0.029145675 -0.025 0.06201695
v 0.029547225 -0.025 0.06241847500000001
v -0.025804925000000003 0.025 0.06241847500000001
v -0.024294525 0.025 0.0580232
v -0.024294525 -0.025 0.0580232
v 0.028872325 -0.025 0.0569748
v 0.028872325 0.025 0.0569748
v 0.029228075 -0.025 0.056532175000000004
v 0.029228075 0.025 0.056532175000000004
v -0.024248475 -0.025 0.060346500000000004
v 0.027990775000000002 0.025 0.060346500000000004
v -0.025145374999999998 0.025 0.0616775
v 0.028887675 -0.025 0.0616775
v 0.029243425 -0.025 0.062120125000000005
v -0.025501125 0.025 0.062120125000000005
v -0.024367774999999998 -0.025 0.05814495
v -0.024367774999999998 0.025 0.05814495
v 0.028652575 0.025 0.05734005
v 0.028652575 -0.025 0.05734005
v 0.028958325 0.025 0.05686165
v 0.028958325 -0.025 0.05686165
v -0.024321725000000002 -0.025 0.060224725
v 0.028667925 -0.025 0.061312175000000003
v 0.02806405 0.025 0.060224725
v -0.024925549999999998 0.025 0.061312175000000003
v 0.028973675 -0.025 0.061790649999999996
v -0.025231375 0.025 0.061790649999999996
v -0.02442745 0.025 0.058273950000000005
v -0.02442745 -0.025 0.058273950000000005
v 0.02847355 -0.025 0.05772705
v 0.02847355 0.025 0.05772705
v 0.028725825 -0.025 0.0572183
v 0.028725825 0.025 0.0572183
v 0.0281237 0.025 0.06009575
v -0.0243814 -0.025 0.06009575
v 0.0284889 -0.025 0.06092525
v -0.0247466 0.025 0.06092525
v 0.028741175 -0.025 0.06143395
v -0.024998825000000002 0.025 0.06143395
v -0.024472825 -0.025 0.058408625
v -0.024472825 0.025 0.058408625
v 0.028337425 0.025 0.058131075000000004
v 0.028337425 -0.025 0.058131075000000004
v -0.024426774999999998 -0.025 0.059961075
v 0.028352775 -0.025 0.060521225000000005
v 0.028169100000000002 0.025 0.059961075
v -0.0246104 0.025 0.060521225000000005
v 0.028533225 0.025 0.057598050000000005
v 0.028533225 -0.025 0.057598050000000005
v -0.02480625 0.025 0.061054225000000004
v 0.028548575 -0.025 0.061054225000000004
v -0.024503374999999997 0.025 0.0585474
v -0.024503374999999997 -0.025 0.0585474
v 0.028245775 -0.025 0.0585474
v 0.028245775 0.025 0.0585474
v 0.028382800000000003 -0.025 0.057996400000000004
v 0.028382800000000003 0.025 0.057996400000000004
v -0.024457325000000002 -0.025 0.059822274999999994
v 0.028261124999999998 -0.025 0.060104825
v -0.02451875 -0.025 0.0586887
v -0.02451875 0.025 0.0586887
v 0.02819965 -0.025 0.0589713
v 0.02819965 0.025 0.0589713
v 0.02819965 0.025 0.059822274999999994
v -0.02451875 0.025 0.060104825
v 0.028215024999999998 0.025 0.05883
v 0.028215024999999998 -0.025 0.05883
v 0.028398150000000004 -0.025 0.060655900000000006
v -0.024655800000000002 0.025 0.060655900000000006
v 0.028276325 0.025 0.058408625
v 0.028276325 -0.025 0.058408625
v -0.0244727 -0.025 0.0592547
v -0.0244727 -0.025 0.059538900000000006
v 0.028215 -0.025 0.0592547
v 0.028215 -0.025 0.059538900000000006
v -0.0244727 0.025 0.059538900000000006
v -0.0244727 0.025 0.0592547
v 0.028215 0.025 0.059538900000000006
v 0.028215 0.025 0.0592547
v 0.028215 0.025 0.05911260000000001
v 0.028215 0.025 0.059681
v -0.0244727 0.025 0.05911260000000001
v -0.0244727 0.025 0.059681
v 0.028215 -0.025 0.059681
v 0.028215 -0.025 0.05911260000000001
v -0.0244727 -0.025 0.059681
v -0.0244727 -0.025 0.05911260000000001
v -0.02448805 -0.025 0.0589713
v -0.02448805 0.025 0.0589713
v -0.02448805 0.025 0.059822274999999994
v 0.028230375 -0.025 0.059822274999999994
v 0.028291675000000002 -0.025 0.060243624999999995
v -0.0245493 0.025 0.060243624999999995
v 0.056067099999999995 -0.025 0.0762713
v -0.06412565 0.0 0.0848245
v -0.05252745 0.0 0.08552035000000001
v -0.07481700000000001 0.0 0.0838856
v 0.006998985 0.0 0.1118845
v -0.001976615 0.0 0.111688
v 0.00898489 0.0 0.108233
v -0.03582245 0.0 0.0899189
v 0.0010069 0.0 0.1080365
v 0.03180325 0.0 0.08946095
v -0.0749224 0.0 0.05260305
v -0.02566585 0.0 0.08925195000000001
v -0.009331 0.0 0.11121800000000001
v 0.0353612 0.0 0.09768105
v 0.053514400000000004 0.0 0.0832303
v -0.07845315 0.0 0.057470549999999995
v -0.005423735 0.0 0.10751350000000001
v 0.08314814999999999 0.0 0.05976505000000001
v -0.0328245 0.0 0.0957584
v 0.0811661 0.0 0.06445255000000001
v -0.08119215 0.0 0.061849749999999995
v 0.0788432 0.0 0.0687378
v 0.0483016 0.0 0.08340945
v -0.04459925 0.0 0.08606109999999999
v 0.017669905 0.0 0.111819
v 0.0312731 0.0 0.09470940000000001
v 0.013583755 0.0 0.1119365
v -0.0240227 0.0 0.0941338
v 0.0764397 0.0 0.0723355
v -0.03052345 0.0 0.0994873
v 0.0845249 0.0 0.0555341
v 0.0581562 0.0 0.08287610000000001
v -0.009752750000000001 0.0 0.106768
v -0.0831044 0.0 0.06550655
v 0.016981645 0.0 0.108066
v -0.0138724 0.0 0.11057449999999999
v -0.0169349 0.0 0.10981149999999999
v 0.061361 0.0 0.08229655
v -0.02853515 0.0 0.10214050000000001
v 0.0340169 0.0 0.10190400000000001
v -0.060690549999999996 0.025 0.0766651
v 0.0376424 0.0 0.09010215
v 0.02115805 0.0 0.11152250000000001
v 0.06408765 0.0 0.0815324
v 0.0743987 0.0 0.07483145000000001
v -0.0842431 0.0 0.06827045
v 0.03063625 0.0 0.0979068
v 0.07255455000000001 0.0 0.0766536
v -0.012648649999999999 0.0 0.1059555
v 0.0705802 0.0 0.07823685000000001
v -0.02672975 0.0 0.104127
v 0.06644694999999999 0.0 0.08061475
v 0.03682635 0.0 0.09255129999999999
v 0.06855325 0.0 0.07954605000000001
v -0.04118265 0.0 0.08637850000000001
v 0.08517235 0.0 0.052668650000000004
v 0.01978045 0.0 0.107765
v -0.0194764 0.0 0.10894500000000001
v -0.021476850000000002 0.0 0.108018
v -0.02501265 0.0 0.105679
v 0.02358745 0.0 0.111102
v 0.014228600000000001 0.0 0.108223
v -0.022837299999999998 0.0 0.09688105000000001
v -0.0233061 0.0 0.10693949999999999
v -0.0218231 0.0 0.09870835
v -0.08492045 0.0 0.07046775000000001
v 0.0330709 0.0 0.104108
v 0.029982250000000002 0.0 0.10002380000000001
v 0.021766749999999998 0.0 0.1073715
v -0.0207619 0.0 0.10027755000000001
v -0.01463155 0.0 0.105184
v 0.02546175 0.0 0.11059850000000002
v 0.04517945 0.0 0.08357754999999999
v -0.0852876 0.0 0.0722397
v -0.01742275 0.0 0.10357849999999999
v -0.01970545 0.0 0.1015495
v -0.016097 0.0 0.104435
v 0.0854215 0.0 0.05077755
v 0.026993 0.0 0.11001749999999999
v -0.0186205 0.0 0.10262
v -0.0854462 0.0 0.0737025
v 0.02937015 0.0 0.101478
v 0.03230345 0.0 0.105497
v -0.03942015 0.0 0.08645085
v -0.08055105 0.0 0.0828061
v 0.0384027 0.0 0.08821490000000001
v 0.02824685 0.0 0.1093955
v 0.028763200000000003 0.0 0.10258300000000001
v 0.0242482 0.0 0.1065415
v 0.036341649999999996 0.0 0.0942434
v 0.04380135 0.0 0.08381405000000001
v -0.08545944999999999 0.0 0.0749393
v 0.0292488 0.0 0.10876250000000001
v 0.0231751 0.0 0.1069675
v 0.03161995 0.0 0.10648350000000001
v 0.03089135 0.0 0.1073395
v -0.08154109999999999 0.0 0.08218315000000001
v 0.0301077 0.0 0.10809300000000001
v 0.02523425 0.0 0.1060465
v 0.0281337 0.0 0.10350899999999999
v -0.085366 0.0 0.07600915
v -0.08236399999999999 0.0 0.08154495
v 0.026809150000000004 0.0 0.1049335
v -0.0383025 0.0 0.08638254999999999
v 0.027502350000000002 0.0 0.10426150000000001
v 0.03891835 0.0 0.08725555
v 0.02605965 0.0 0.10552500000000001
v -0.0830576 0.0 0.08088605
v -0.08518865 0.0 0.0769546
v -0.0849293 0.0 0.07783265
v -0.08458130000000001 0.0 0.0786768
v -0.08364795000000001 0.0 0.08019755
v -0.0841525 0.0 0.0794668
v 0.042857700000000006 0.0 0.08407484999999999
v 0.039402400000000004 0.0 0.08653555
v 0.04213865 0.0 0.08435460000000002
v 0.0403764 0.0 0.08547765
v 0.0415016 0.0 0.08467615
v 0.0398781 0.0 0.08596235
v 0.04092030000000001 0.0 0.0850465
v 0.0639745 0.0 0.0625693
v 0.0639745 0.0 0.0562243
v 0.0550434 0.0 0.057195600000000006
v 0.0645589 0.0 0.057195600000000006
v -0.060816600000000005 0.0 0.057195600000000006
v 0.0545896 0.0 0.05883
v 0.0650127 0.0 0.05883
v -0.0612704 0.0 0.05883
v -0.05084725 0.0 0.05883
v 0.057345600000000004 0.0 0.05476515
v 0.057345600000000004 0.0 0.06402845
v 0.062256700000000005 0.0 0.06402845
v 0.062256700000000005 0.0 0.05476515
v -0.053603300000000006 0.0 0.06402845
v -0.053603300000000006 0.0 0.05476515
v -0.05465635 0.0 0.05434555
v 0.055995249999999996 0.0 0.05579165
v 0.055995249999999996 0.0 0.06300195
v -0.05225295 0.0 0.06300195
v -0.05225295 0.0 0.05579165
v -0.05465635 0.0 0.064448
v -0.05130105000000001 0.0 0.057195600000000006
v 0.05895305 0.0 0.06457
v 0.060649249999999995 0.0 0.06457
v -0.05690695 0.0 0.06457
v -0.055210749999999996 0.0 0.06457
v 0.055627750000000004 0.0 0.0562243
v 0.055627750000000004 0.0 0.0625693
v -0.060232150000000005 0.0 0.0562243
v -0.060232150000000005 0.0 0.0625693
v -0.05188545000000001 0.0 0.0625693
v -0.05188545000000001 0.0 0.0562243
v 0.05468145 0.0 0.0605237
v 0.06492085 0.0 0.0605237
v -0.06117855 0.0 0.0605237
v -0.05093905000000001 0.0 0.0605237
v -0.05109095 0.0 0.061070650000000004
v -0.05109095 0.0 0.057722949999999995
v -0.0605507 0.0 0.06209945000000001
v -0.051566900000000006 0.0 0.06209945000000001
v -0.0594526 0.0 0.05540130000000001
v -0.0594526 0.0 0.0633923
v 0.05895305 0.0 0.054223549999999995
v 0.060649249999999995 0.0 0.054223549999999995
v -0.05690695 0.0 0.054223549999999995
v -0.055210749999999996 0.0 0.054223549999999995
v 0.057860800000000004 0.0 0.0545268
v 0.057860800000000004 0.0 0.0642668
v 0.061741500000000005 0.0 0.0642668
v 0.061741500000000005 0.0 0.0545268
v -0.0579992 0.0 0.0545268
v -0.0579992 0.0 0.0642668
v 0.054833299999999995 0.0 0.057722949999999995
v 0.054833299999999995 0.0 0.061070650000000004
v 0.064769 0.0 0.061070650000000004
v 0.064769 0.0 0.057722949999999995
v -0.061026699999999996 0.0 0.057722949999999995
v -0.061026699999999996 0.0 0.061070650000000004
v 0.056859200000000006 0.0 0.0550578
v 0.056859200000000006 0.0 0.0637358
v 0.0627431 0.0 0.0637358
v 0.0627431 0.0 0.0550578
v -0.0590007 0.0 0.0550578
v -0.0590007 0.0 0.0637358
v -0.053116899999999995 0.0 0.0637358
v -0.053116899999999995 0.0 0.0550578
v 0.0550434 0.0 0.06159795
v 0.0645589 0.0 0.06159795
v -0.060816600000000005 0.0 0.06159795
v 0.063607 0.0 0.06300195
v 0.063607 0.0 0.05579165
v -0.0598647 0.0 0.05579165
v -0.0598647 0.0 0.06300195
v -0.05851435000000001 0.0 0.05476515
v -0.05851435000000001 0.0 0.06402845
v 0.0545896 0.0 0.059963550000000004
v 0.0650127 0.0 0.059963550000000004
v -0.0612704 0.0 0.059963550000000004
v 0.059517350000000004 0.0 0.0541622
v 0.059517350000000004 0.0 0.0646314
v 0.06008495 0.0 0.0646314
v 0.06008495 0.0 0.0541622
v -0.05634265 0.0 0.0541622
v -0.05634265 0.0 0.0646314
v -0.05577505000000001 0.0 0.0646314
v -0.05577505000000001 0.0 0.0541622
v 0.05530925 0.0 0.06209945000000001
v 0.06429305 0.0 0.06209945000000001
v 0.058398700000000005 0.0 0.05434555
v 0.0612036 0.0 0.05434555
v -0.0574613 0.0 0.05434555
v -0.05084725 0.0 0.059963550000000004
v 0.05640735 0.0 0.05540130000000001
v 0.05640735 0.0 0.0633923
v 0.06319495 0.0 0.0633923
v 0.06319495 0.0 0.05540130000000001
v -0.052665050000000005 0.0 0.0633923
v -0.052665050000000005 0.0 0.05540130000000001
v -0.05130105000000001 0.0 0.06159795
v 0.058398700000000005 0.0 0.064448
v 0.0612036 0.0 0.064448
v -0.0574613 0.0 0.064448
v 0.054558850000000006 0.0 0.0593968
v 0.06504345 0.0 0.0593968
v -0.06130115 0.0 0.0593968
v -0.050816549999999995 0.0 0.0593968
v -0.0605507 0.0 0.056694100000000004
v -0.051566900000000006 0.0 0.056694100000000004
v 0.05468145 0.0 0.05826985
v 0.06492085 0.0 0.05826985
v -0.06117855 0.0 0.05826985
v -0.05093905000000001 0.0 0.05826985
v -0.05411845 0.0 0.0642668
v -0.05411845 0.0 0.0545268
v 0.05530925 0.0 0.056694100000000004
v 0.06429305 0.0 0.056694100000000004
v -0.0797815 0.0 0.08322475000000001
v 0.03202865 0.0 0.08602285
v -0.0376923 0.0 0.0863037
v -0.03756985 0.0 0.0862816
v -0.03781475 0.0 0.08632580000000001
v 0.03202395 0.0 0.08616410000000001
v 0.03203335 0.0 0.0858816
v -0.07955435 0.0 0.0833353
v -0.08000865 0.0 0.0831142
v 0.06443955 0.0 0.056937600000000005
v 0.06414655 0.0 0.056450600000000004
v 0.055455750000000005 0.0 0.056450600000000004
v 0.05516275 0.0 0.056937600000000005
v -0.05385445 0.0 0.054632
v -0.054382450000000006 0.0 0.05442160000000001
v -0.054382450000000006 0.0 0.064372
v -0.05385445 0.0 0.0641616
v -0.05087795 0.0 0.0585474
v -0.05100015 0.0 0.0579923
v -0.061117450000000004 0.0 0.0579923
v -0.06123965 0.0 0.0585474
v 0.06498195 0.0 0.0585474
v 0.06485975 0.0 0.0579923
v 0.05474255 0.0 0.0579923
v 0.054620350000000005 0.0 0.0585474
v -0.051420350000000004 0.0 0.056937600000000005
v -0.051713449999999994 0.0 0.056450600000000004
v -0.060404150000000004 0.0 0.056450600000000004
v -0.06069725 0.0 0.056937600000000005
v -0.050816549999999995 0.0 0.059681
v -0.050816549999999995 0.0 0.05911260000000001
v -0.06130115 0.0 0.05911260000000001
v -0.06130115 0.0 0.059681
v 0.06504345 0.0 0.059681
v 0.06504345 0.0 0.05911260000000001
v 0.054558850000000006 0.0 0.05911260000000001
v 0.054558850000000006 0.0 0.059681
v -0.05773515 0.0 0.064372
v -0.05718745 0.0 0.064524
v 0.060929750000000005 0.0 0.064524
v 0.061477449999999996 0.0 0.064372
v 0.05812485 0.0 0.064372
v 0.058672550000000004 0.0 0.064524
v -0.051420350000000004 0.0 0.061855900000000005
v -0.05118175 0.0 0.061340000000000006
v -0.05244845 0.0 0.055585300000000004
v -0.05288165 0.0 0.0552173
v -0.05288165 0.0 0.0635763
v -0.05244845 0.0 0.0632083
v 0.06341155 0.0 0.055585300000000004
v 0.06297835 0.0 0.0552173
v 0.06297835 0.0 0.0635763
v 0.06341155 0.0 0.0632083
v 0.05619075 0.0 0.0632083
v 0.05662395 0.0 0.0635763
v 0.05662395 0.0 0.0552173
v 0.05619075 0.0 0.055585300000000004
v -0.05087795 0.0 0.060246100000000004
v -0.05718745 0.0 0.0542695
v -0.05773515 0.0 0.05442160000000001
v 0.061477449999999996 0.0 0.05442160000000001
v 0.060929750000000005 0.0 0.0542695
v 0.058672550000000004 0.0 0.0542695
v 0.05812485 0.0 0.05442160000000001
v 0.06414655 0.0 0.062343
v 0.06443955 0.0 0.061855900000000005
v 0.05516275 0.0 0.061855900000000005
v 0.055455750000000005 0.0 0.062343
v -0.05549125 0.0 0.054177600000000006
v -0.05605885 0.0 0.054146799999999995
v -0.05605885 0.0 0.0646468
v -0.05549125 0.0 0.06461599999999999
v -0.05662645 0.0 0.06461599999999999
v -0.05662645 0.0 0.054177600000000006
v 0.060368750000000006 0.0 0.054177600000000006
v 0.05980115 0.0 0.054146799999999995
v 0.05980115 0.0 0.0646468
v 0.060368750000000006 0.0 0.06461599999999999
v 0.05923355 0.0 0.06461599999999999
v 0.05923355 0.0 0.054177600000000006
v -0.06123965 0.0 0.060246100000000004
v 0.06498195 0.0 0.060246100000000004
v 0.054620350000000005 0.0 0.060246100000000004
v -0.058765450000000004 0.0 0.0638953
v -0.058263249999999996 0.0 0.0641616
v -0.058263249999999996 0.0 0.054632
v -0.058765450000000004 0.0 0.054898300000000004
v -0.06006015 0.0 0.06279560000000001
v -0.05966925 0.0 0.0632083
v -0.05966925 0.0 0.055585300000000004
v -0.06006015 0.0 0.055998
v 0.06380245000000001 0.0 0.055998
v 0.06380245000000001 0.0 0.06279560000000001
v -0.060935949999999996 0.0 0.061340000000000006
v -0.06069725 0.0 0.061855900000000005
v 0.06467825 0.0 0.061340000000000006
v 0.05492405 0.0 0.061340000000000006
v -0.05335215 0.0 0.054898300000000004
v -0.05335215 0.0 0.0638953
v -0.059235949999999996 0.0 0.0635763
v -0.059235949999999996 0.0 0.0552173
v 0.06250785 0.0 0.054898300000000004
v 0.06250785 0.0 0.0638953
v 0.05709445 0.0 0.0638953
v 0.05709445 0.0 0.054898300000000004
v -0.061117450000000004 0.0 0.060801299999999996
v -0.060935949999999996 0.0 0.0574536
v 0.06467825 0.0 0.0574536
v 0.06485975 0.0 0.060801299999999996
v 0.05474255 0.0 0.060801299999999996
v 0.05492405 0.0 0.0574536
v 0.06200555 0.0 0.054632
v 0.06200555 0.0 0.0641616
v 0.057596749999999995 0.0 0.0641616
v 0.057596749999999995 0.0 0.054632
v -0.05493025000000001 0.0 0.0542695
v -0.051713449999999994 0.0 0.062343
v -0.060404150000000004 0.0 0.062343
v -0.05118175 0.0 0.0574536
v -0.05100015 0.0 0.060801299999999996
v -0.052057450000000005 0.0 0.055998
v -0.052057450000000005 0.0 0.06279560000000001
v 0.05579975 0.0 0.06279560000000001
v 0.05579975 0.0 0.055998
v -0.05493025000000001 0.0 0.064524
v 0.04119965 0.0 0.084848
v 0.04064095 0.0 0.085245
v 0.040111850000000004 0.0 0.0857103
v 0.03964435 0.0 0.0862144
v 0.041803549999999995 0.0 0.0845043
v 0.04247375 0.0 0.0842049
v 0.03916045 0.0 0.0868567
v 0.04324165 0.0 0.0839448
v -0.08391995 0.0 0.0798446
v -0.08438504999999999 0.0 0.079089
v -0.08337595 0.0 0.0805505
v -0.08477755000000001 0.0 0.0782646
v -0.08508105 0.0 0.0774007
v -0.08529624999999999 0.0 0.07650850000000001
v -0.08273925 0.0 0.08122159999999999
v 0.02568005 0.0 0.105793
v 0.026439249999999997 0.0 0.105257
v 0.03867625 0.0 0.08765440000000001
v 0.02717905 0.0 0.10461000000000001
v 0.02782565 0.0 0.10391299999999999
v -0.03879025 0.0 0.0864393
v -0.08198875 0.0 0.0818683
v -0.08543575 0.0 0.0755098
v 0.02844175 0.0 0.103105
v 0.024788450000000004 0.0 0.1063
v 0.030505550000000003 0.0 0.10774900000000001
v 0.029709850000000003 0.0 0.108437
v -0.08109345 0.0 0.082498
v 0.03127715 0.0 0.10693
v 0.03196275 0.0 0.106037
v 0.022642250000000003 0.0 0.107152
v 0.023707950000000002 0.0 0.106783
v 0.02878775 0.0 0.10908799999999999
v -0.08548315000000001 0.0 0.0743688
v 0.044361050000000006 0.0 0.0836833
v 0.03649705 0.0 0.0936737
v 0.03618625 0.0 0.09481310000000001
v 0.02908465 0.0 0.102061
v 0.027705950000000003 0.0 0.109703
v 0.03812915 0.0 0.0887754
v -0.04005005 0.0 0.08646240000000001
v 0.032644150000000004 0.0 0.104957
v 0.02965565 0.0 0.100895
v -0.08540924999999999 0.0 0.0730362
v -0.01917325 0.0 0.102127
v -0.01806775 0.0 0.103113
v 0.02628005 0.0 0.11033200000000001
v 0.08548315000000001 0.0 0.05
v 0.08535985 0.0 0.0515551
v -0.01677775 0.0 0.10404400000000001
v -0.015416250000000001 0.0 0.104826
v -0.02023765 0.0 0.100972
v -0.08516595 0.0 0.0714432
v 0.04599785 0.0 0.0834718
v 0.024643449999999997 0.0 0.11086499999999999
v -0.013846849999999999 0.0 0.105542
v -0.02128615 0.0 0.09958310000000001
v 0.02089125 0.0 0.107591
v 0.030308850000000002 0.0 0.09915260000000001
v 0.033497650000000004 0.0 0.103259
v -0.08467495 0.0 0.0694923
v -0.02236005 0.0 0.0978336
v -0.02244905 0.0 0.107508
v -0.02416315 0.0 0.10637100000000001
v -0.02331455 0.0 0.0959285
v 0.013163560000000001 0.0 0.108253
v 0.015293639999999999 0.0 0.108193
v 0.02253145 0.0 0.11133900000000001
v -0.02586215 0.0 0.104987
v -0.02050465 0.0 0.108528
v -0.01844815 0.0 0.109362
v 0.01866965 0.0 0.10793900000000001
v 0.08498485 0.0 0.0537822
v -0.042315250000000006 0.0 0.0862946
v 0.06955485 0.0 0.078973
v 0.06755165 0.0 0.0801191
v 0.03715565 0.0 0.0914289
v 0.06534225 0.0 0.0811104
v -0.02759735 0.0 0.10326700000000001
v 0.07160555 0.0 0.0775007
v -0.011450450000000001 0.0 0.106369
v 0.07350355 0.0 0.0758065
v 0.030963650000000002 0.0 0.096661
v -0.08381125 0.0 0.0670486
v 0.07529385000000001 0.0 0.0738564
v 0.06283305 0.0 0.0819544
v 0.01978465 0.0 0.111706
v 0.03453615 0.0 0.100549
v -0.02947295 0.0 0.101014
v 0.05988895 0.0 0.08263870000000001
v -0.01542165 0.0 0.110261
v -0.012323150000000001 0.0 0.11088800000000001
v -0.08239755000000001 0.0 0.0639645
v -0.008055050000000001 0.0 0.107167
v 0.05642345 0.0 0.08311349999999999
v 0.08406495 0.0 0.057286000000000004
v -0.03157395 0.0 0.09796060000000001
v 0.07758555 0.0 0.0708146
v -0.024730850000000002 0.0 0.0923391
v 0.01555516 0.0 0.11193199999999999
v 0.01161235 0.0 0.11194100000000001
v 0.03158255 0.0 0.09275779999999999
v -0.04688325 0.0 0.0858276
v 0.05060535 0.0 0.0833471
v 0.08010085 0.0 0.066661
v -0.07998675000000001 0.0 0.059734999999999996
v 0.08223135 0.0 0.0622441
v -0.03407505 0.0 0.0935562
v -0.00279242 0.0 0.10786
v -0.07691955 0.0 0.055206099999999994
v -0.00633885 0.0 0.111548
v -0.026600850000000002 0.0 0.0861648
v -0.07292525000000001 0.0 0.05
v 0.00480622 0.0 0.108213
v 0.00238562 0.0 0.11182800000000001
v -0.07007965000000001 0.0 0.08443590000000001
v -0.058171650000000005 0.0 0.0852131
v -0.060813 0.025 0.07668720000000001
v -0.06130075 0.025 0.07674394999999999
v -0.06193065 0.025 0.0767555
v -0.0555617 0.0086875 0.05
v 0.0681196 -0.0086875 0.05
v 0.00972815 -0.025 0.08054220000000001
v -0.03488225 -0.025 0.0698634
v -0.06306325 0.025 0.0766716
v 0.009868400000000001 -0.025 0.0805652
v -0.0344615 -0.025 0.0699324
v 0.010010300000000001 -0.025 0.0805729
v -0.0340358 -0.025 0.0699555
v -0.03460175 -0.025 0.0699094
v 0.0632446 -0.021187499999999998 0.05
v -0.0506867 0.021187499999999998 0.05
v -0.0062096 0.0135625 0.05
v 0.0187675 -0.0135625 0.05
v -0.0047182000000000005 0.025 0.0807546
v 0.0390471 0.025 0.0699342
v -0.0341777 -0.025 0.0699478
v -0.00485845 0.025 0.08077759999999999
v 0.038626350000000004 0.025 0.0700032
v 0.03693785 -0.025 0.0638935
v -0.00500035 0.025 0.0807853
v 0.03820065 0.025 0.0700263
v 0.038766600000000005 0.025 0.0699802
v -0.00514225 0.025 0.08077759999999999
v 0.03777495 0.025 0.0700032
v 0.03834255 0.025 0.0700186
v -0.0052825 0.025 0.0807546
v 0.0373542 0.025 0.0699342
v 0.03791685 0.025 0.0700109
v -0.005419425 0.025 0.0807166
v 0.036943425 0.025 0.0698202
v 0.037494450000000006 0.025 0.06995720000000001
v -0.00555145 0.025 0.080664
v 0.03654735 0.025 0.0696624
v 0.037080350000000005 0.025 0.06985820000000001
v -0.0056770250000000005 0.025 0.080597425
v 0.036170625 0.025 0.069462675
v 0.036679375 0.025 0.069715
v -0.00579465 0.025 0.08051767500000001
v 0.03581775 0.025 0.069223425
v 0.0362962 0.025 0.06952925
v -0.0059029500000000006 0.025 0.080425675
v 0.03549285 0.025 0.068947425
v 0.035935375 0.025 0.06930317500000001
v -0.0060007 0.025 0.08032249999999999
v 0.035199600000000004 0.025 0.0686379
v 0.035601150000000005 0.025 0.069039425
v -0.0060867000000000004 0.025 0.08020935
v 0.0349416 0.025 0.06829845
v 0.03529735 0.025 0.068741075
v -0.00615995 0.025 0.080087575
v 0.03472185 0.025 0.067933125
v -0.00629555 0.025 0.07968512500000001
v 0.03431505 0.025 0.066725775
v 0.0350276 0.025 0.0684116
v -0.0062196249999999995 0.025 0.0799586
v 0.034542825 0.025 0.0675462
v -0.006265 0.025 0.079823925
v 0.0344067 0.025 0.067142175
v 0.034452075 0.025 0.06727685
v 0.0347951 0.025 0.0680549
v 0.03437615 0.025 0.067003375
v 0.0346025 0.025 0.067675175
v 0.038192125 0.025 0.053952200000000006
v 0.038192125 -0.025 0.053952200000000006
v -0.035342525 0.025 0.0640058
v -0.06534725 0.025 0.07643810000000001
v 0.061671250000000004 -0.025 0.0753029
v -0.042918399999999995 -0.025 0.07487055
v -0.013522099999999999 0.025 0.05
v -0.013522099999999999 -0.025 0.05
v 0.026080000000000002 0.025 0.05
v 0.026080000000000002 -0.025 0.05
v -0.0531242 0.025 0.05
v 0.0656821 -0.025 0.05
v 0.0656821 0.025 0.05
v -0.0531242 -0.025 0.05
v 0.06223095 -0.025 0.07517215000000001
v -0.04268315 -0.025 0.07503005
v -0.0555617 -0.0163125 0.05
v 0.0681196 0.0163125 0.05
v 0.0333925 -0.0010625 0.05
v -0.0208346 0.0010625 0.05
v -0.04243205 -0.025 0.0751632
v -0.0119423 -0.0125 0.086094
v -0.0119423 0.0125 0.086094
v 0.0173748 0.0125 0.08595240000000001
v 0.0173748 -0.0125 0.08595240000000001
v 0.04750585 0.025 0.07472895
v 0.06304935 -0.025 0.0750664
v -0.042168000000000004 -0.025 0.0752684
v 0.047270599999999996 0.025 0.07488845000000001
v -0.041894150000000005 -0.025 0.0753444
v 0.047019450000000004 0.025 0.07502160000000001
v 0.0467554 0.025 0.0751268
v 0.04648155 0.025 0.0752028
v -0.0208346 0.0135625 0.05
v 0.0333925 -0.0135625 0.05
v 0.0681196 0.021187499999999998 0.05
v 0.0681196 0.0038125 0.05
v -0.0555617 -0.021187499999999998 0.05
v -0.0555617 -0.0038125 0.05
v -0.0110846 0.021187499999999998 0.05
v -0.0555617 0.021187499999999998 0.05
v 0.0681196 -0.021187499999999998 0.05
v 0.0333925 0.0135625 0.05
v -0.0208346 -0.0135625 0.05
v 0.023642500000000004 -0.021187499999999998 0.05
v 0.03261775 -0.025 0.0515666
v 0.03261775 0.025 0.0515666
v -0.03786945 0.025 0.053655400000000006
v -0.03786945 -0.025 0.053655400000000006
v -0.0026258500000000003 -0.025 0.052611
v -0.0026258500000000003 0.025 0.052611
v 0.06786135 0.025 0.0505222
v 0.06786135 -0.025 0.0505222
v 0.067931475 -0.025 0.0505336875
v 0.067931475 0.025 0.0505336875
v -0.002275225 0.025 0.0526684375
v -0.002275225 -0.025 0.0526684375
v -0.037378575000000004 -0.025 0.0537358125
v -0.037378575000000004 0.025 0.0537358125
v 0.032828125 0.025 0.0516010625
v 0.032828125 -0.025 0.0516010625
v 0.06799995 0.025 0.050552700000000006
v 0.06799995 -0.025 0.050552700000000006
v -0.00193285 -0.025 0.0527635
v -0.00193285 0.025 0.0527635
v -0.03689925 0.025 0.053868900000000004
v -0.03689925 -0.025 0.053868900000000004
v 0.03303355 -0.025 0.0516581
v 0.03303355 0.025 0.0516581
v 0.032757999999999995 -0.025 0.051589575
v 0.032757999999999995 0.025 0.051589575
v -0.0374487 0.025 0.053724325
v -0.0374487 -0.025 0.053724325
v -0.0024856 0.025 0.052633975
v -0.0024856 -0.025 0.052633975
v 0.06806595 -0.025 0.050579
v 0.06806595 0.025 0.050579
v -0.00160285 0.025 0.052895000000000005
v -0.00160285 -0.025 0.052895000000000005
v 0.03323155 0.025 0.051737000000000005
v 0.03323155 -0.025 0.051737000000000005
v -0.03643725 -0.025 0.054053000000000004
v -0.03643725 0.025 0.054053000000000004
v 0.032965075 0.025 0.0516390875
v 0.032965075 -0.025 0.0516390875
v -0.036967725 -0.025 0.0538498875
v -0.036967725 0.025 0.0538498875
v -0.0021382750000000002 -0.025 0.0527064625
v -0.0021382750000000002 0.025 0.0527064625
v -0.002415475 -0.025 0.052645462500000004
v -0.002415475 0.025 0.052645462500000004
v -0.0208346 -0.0086875 0.05
v 0.0333925 0.0086875 0.05
v 0.0681287375 0.025 0.0506122875
v 0.0681287375 -0.025 0.0506122875
v -0.0012889125 -0.025 0.0530614375
v -0.0012889125 0.025 0.0530614375
v -0.0359977375 0.025 0.0542860125
v -0.0359977375 -0.025 0.0542860125
v 0.0334199125 -0.025 0.051836862500000004
v 0.0334199125 0.025 0.051836862500000004
v -0.03650325 0.025 0.0540267
v -0.03650325 -0.025 0.0540267
v 0.03316555 -0.025 0.051710700000000005
v 0.03316555 0.025 0.051710700000000005
v -0.0018008499999999999 0.025 0.0528161
v -0.0018008499999999999 -0.025 0.0528161
v -0.0020698 0.025 0.052725475
v -0.0020698 -0.025 0.052725475
v -0.03758895 -0.025 0.05370135
v -0.03758895 0.025 0.05370135
v 0.0373164 0.025 0.0610964125
v -0.0665073 0.025 0.0661982875
v 0.0027085 0.025 0.0627970375
v -0.0318994 0.025 0.0644976625
v -0.031922462500000005 0.025 0.06428575
v -0.0665149875 0.025 0.06612765
v 0.0372625875 0.025 0.06060195
v 0.0026700625 0.025 0.06244385
v 0.037270275000000005 0.025 0.0606725875
v -0.031914775 0.025 0.0643563875
v 0.002693125 0.025 0.0626557625
v 0.0026854375000000003 0.025 0.062585125
v 0.037285650000000004 0.025 0.0608138625
v 0.06818755 -0.025 0.0506521625
v 0.06818755 0.025 0.0506521625
v -0.00099485 0.025 0.0532608125
v -0.00099485 -0.025 0.0532608125
v -0.03558605 -0.025 0.0545651375
v -0.03558605 0.025 0.0545651375
v 0.03359635 0.025 0.0519564875
v 0.03359635 -0.025 0.0519564875
v 0.033357125 0.025 0.051803575000000004
v 0.033357125 -0.025 0.051803575000000004
v -0.036060525 -0.025 0.054252725
v -0.036060525 0.025 0.054252725
v -0.0014772750000000001 -0.025 0.052961575
v -0.0014772750000000001 0.025 0.052961575
v -0.00173485 -0.025 0.0528424
v -0.00173485 0.025 0.0528424
v -0.037104675000000004 0.025 0.0538118625
v -0.037104675000000004 -0.025 0.0538118625
v 0.0682417 0.025 0.0506981625
v 0.0682417 -0.025 0.0506981625
v -0.0007241 -0.025 0.053490812500000005
v -0.0007241 0.025 0.053490812500000005
v -0.035207 0.025 0.054887137499999995
v -0.035207 -0.025 0.054887137499999995
v 0.0337588 -0.025 0.0520944875
v 0.0337588 0.025 0.0520944875
v 0.0335375375 -0.025 0.0519166125
v 0.0335375375 0.025 0.0519166125
v -0.0356448625 0.025 0.054525262500000005
v -0.0356448625 -0.025 0.054525262500000005
v -0.0011712875 0.025 0.0531411875
v -0.0011712875 -0.025 0.0531411875
v -0.0014144875000000002 0.025 0.0529948625
v -0.0014144875000000002 -0.025 0.0529948625
v -0.03663525 -0.025 0.0539741
v -0.03663525 0.025 0.0539741
v 0.068290575 -0.025 0.05074975
v 0.068290575 0.025 0.05074975
v -0.000479725 0.025 0.053748750000000005
v -0.000479725 -0.025 0.053748750000000005
v -0.034864875000000004 -0.025 0.05524825
v -0.034864875000000004 0.025 0.05524825
v 0.033905425 0.025 0.05224925
v 0.033905425 -0.025 0.05224925
v 0.033704649999999996 0.025 0.052048487500000004
v 0.033704649999999996 -0.025 0.052048487500000004
v -0.03526115 -0.025 0.0548411375
v -0.03526115 0.025 0.0548411375
v -0.00088655 -0.025 0.053352812500000006
v -0.00088655 0.025 0.053352812500000006
v -0.001112475 -0.025 0.053181062499999994
v -0.001112475 0.025 0.053181062499999994
v -0.0361861 0.025 0.05418615
v -0.0361861 -0.025 0.05418615
v 0.06833357500000001 0.025 0.050806325
v 0.06833357500000001 -0.025 0.050806325
v -0.000264725 -0.025 0.054031625
v -0.000264725 0.025 0.054031625
v -0.034563875 0.025 0.055644275
v -0.034563875 -0.025 0.055644275
v 0.034034425 -0.025 0.05241897500000001
v 0.034034425 0.025 0.05241897500000001
v 0.03385655 -0.025 0.052197662500000006
v 0.03385655 0.025 0.052197662500000006
v -0.03491375 0.025 0.0551966625
v -0.03491375 -0.025 0.0551966625
v -0.00062635 0.025 0.0535939875
v -0.00062635 -0.025 0.0535939875
v -0.0008324 0.025 0.053398812500000004
v -0.0008324 -0.025 0.053398812500000004
v -0.0357624875 -0.025 0.0544455125
v -0.0357624875 0.025 0.0544455125
v 0.0683702125 -0.025 0.0508672
v 0.0683702125 0.025 0.0508672
v -8.15375e-05 -0.025 0.054336
v -8.15375e-05 0.025 0.054336
v -0.0343074125 -0.025 0.0560704
v -0.0343074125 0.025 0.0560704
v 0.034144337500000004 0.025 0.0526016
v 0.034144337500000004 -0.025 0.0526016
v -0.034606875 -0.025 0.055587700000000004
v -0.034606875 0.025 0.055587700000000004
v -0.000393725 -0.025 0.053861900000000004
v -0.000393725 0.025 0.053861900000000004
v 0.033991425 0.025 0.052362399999999996
v 0.033991425 -0.025 0.052362399999999996
v -0.000577475 -0.025 0.053645575
v -0.000577475 0.025 0.053645575
v 0.0342338125 -0.025 0.052795100000000005
v 0.0342338125 0.025 0.052795100000000005
v 0.0684000375 0.025 0.050931699999999996
v 0.0684000375 -0.025 0.050931699999999996
v -0.0340986375 -0.025 0.0565219
v -0.0340986375 0.025 0.0565219
v 6.75875e-05 0.025 0.0546585
v 6.75875e-05 -0.025 0.0546585
v 0.0341077 -0.025 0.052540725
v 0.0341077 0.025 0.052540725
v -0.00019145 0.025 0.054153375
v -0.00019145 -0.025 0.054153375
v -0.03434405 0.025 0.056009525000000004
v -0.03434405 -0.025 0.056009525000000004
v -0.03536945 0.025 0.054749137499999996
v -0.03536945 -0.025 0.054749137499999996
v -0.00035072500000000003 0.025 0.053918475
v -0.00035072500000000003 -0.025 0.053918475
v -0.0341284625 0.025 0.0564574
v -0.0341284625 -0.025 0.0564574
v -2.1887500000000003e-05 0.025 0.054465000000000006
v -2.1887500000000003e-05 -0.025 0.054465000000000006
v 0.0342039875 0.025 0.0527306
v 0.0342039875 -0.025 0.0527306
v -0.0350115 -0.025 0.0550934875
v -0.0350115 0.025 0.0550934875
v -0.0001548125 -0.025 0.054214250000000005
v -0.0001548125 0.025 0.054214250000000005
v 7.9375e-06 -0.025 0.05452950000000001
v 7.9375e-06 0.025 0.05452950000000001
v -0.034692875000000005 0.025 0.055474550000000004
v -0.034692875000000005 -0.025 0.055474550000000004
v -0.034417325 -0.025 0.055887775
v -0.034417325 0.025 0.055887775
v -0.0341881125 -0.025 0.0563284
v -0.0341881125 0.025 0.0563284
v -0.0390388875 -0.025 0.064898575
v 0.0630808875 -0.025 0.066409225
v -0.0049989625 -0.025 0.065402125
v 0.0290409625 -0.025 0.065905675
v 0.0631518375 -0.025 0.066405375
v -0.004644212500000001 -0.025 0.06538287500000001
v -0.0385422375 -0.025 0.064871625
v 0.0292538125 -0.025 0.065894125
v 0.0653531 -0.025 0.07500405
v -0.0042935875 -0.025 0.065325375
v 0.0294641875 -0.025 0.065859625
v 0.0632219625 -0.025 0.066393875
v -0.0380513625 -0.025 0.064791125
v -0.0048570625 -0.025 0.065394425
v 0.0291828625 -0.025 0.06589797500000001
v -0.0386131875 -0.025 0.064875475
v -0.0039512125 -0.025 0.06523037500000001
v 0.0296696125 -0.025 0.065802625
v -0.0375720375 -0.025 0.064658125
v 0.0632904375 -0.025 0.066374875
v -0.0381214875 -0.025 0.064802625
v 0.029394062500000002 -0.025 0.065871125
v -0.0045039625 -0.025 0.065359875
v -0.0047861125 -0.025 0.065390575
v -0.0183971 -0.017375 0.05
v 0.030955 0.017375 0.05
v 0.0633564375 -0.025 0.06634857499999999
v -0.0036212125 -0.025 0.065098875
v -0.037110037500000005 -0.025 0.064474025
v 0.029867612499999998 -0.025 0.065723725
v -0.0376405125 -0.025 0.064677125
v 0.029601137500000003 -0.025 0.065821625
v -0.0041566375 -0.025 0.06528737500000001
v -0.0044338375 -0.025 0.065348375
v -0.0387550875 -0.025 0.064883175
v 0.063419225 -0.025 0.0663152875
v -0.003307275 -0.025 0.06493243750000001
v -0.036670525 -0.025 0.0642410125
v 0.030055975 -0.025 0.0656238625
v 0.0298016125 -0.025 0.065750025
v -0.0371760375 -0.025 0.064500325
v -0.0038192125 -0.025 0.06517777500000001
v -0.0040881625 -0.025 0.065268375
v -0.038261737500000004 -0.025 0.064825625
v 0.0302324125 -0.025 0.0655042375
v 0.0634780375 -0.025 0.0662754125
v -0.0030132125 -0.025 0.06473306250000001
v -0.0362588375 -0.025 0.06396188750000001
v -0.0034956375 -0.025 0.0650323
v 0.0299931875 -0.025 0.06565715
v -0.0367333125 -0.025 0.0642743
v -0.0037532125 -0.025 0.065151475
v -0.0377774625 -0.025 0.064715125
v 0.0635321875 -0.025 0.0662294125
v -0.0027424625000000004 -0.025 0.0645030625
v -0.0358797875 -0.025 0.0636398875
v 0.0303948625 -0.025 0.06536623750000001
v -0.03631765 -0.025 0.0640017625
v -0.00318965 -0.025 0.0648526875
v 0.030173600000000002 -0.025 0.0655441125
v -0.0034328500000000003 -0.025 0.0649990125
v -0.0373080375 -0.025 0.064552925
v 0.0635810625 -0.025 0.066177825
v -0.0024980875 -0.025 0.064245125
v -0.0355376625 -0.025 0.063278775
v 0.0305414875 -0.025 0.06521147499999999
v 0.030340712500000002 -0.025 0.0654122375
v -0.035933937500000006 -0.025 0.0636858875
v -0.0029049124999999997 -0.025 0.0646410625
v -0.0031308375 -0.025 0.06481281250000001
v -0.0368588875 -0.025 0.064340875
v 0.030670487500000003 -0.025 0.06504175
v 0.06362406250000001 -0.025 0.06612124999999999
v -0.0022830875000000002 -0.025 0.06396225
v -0.0352366625 -0.025 0.06288275
v -0.0355865375 -0.025 0.0633303625
v -0.0026447124999999998 -0.025 0.0643998875
v 0.0304926125 -0.025 0.0652630625
v -0.0028507625 -0.025 0.0645950625
v -0.036435274999999996 -0.025 0.0640815125
v 0.0636607 -0.025 0.0660603625
v -0.0020999 -0.025 0.06365781250000001
v -0.0349802 -0.025 0.0624565375
v 0.030780400000000003 -0.025 0.0648590875
v -0.0352796625 -0.025 0.062939325
v 0.030627487499999998 -0.025 0.065098325
v -0.0024120875 -0.025 0.064131975
v -0.0025958375 -0.025 0.0643483
v 0.063690525 -0.025 0.06599587500000001
v -0.0019507749999999999 -0.025 0.063335375
v -0.034771425 -0.025 0.062005125
v 0.030869875 -0.025 0.064665625
v 0.030743762499999997 -0.025 0.064919975
v -0.0350168375 -0.025 0.062517425
v -0.0022098125 -0.025 0.06384047500000001
v -0.036042237500000004 -0.025 0.06377788749999999
v 0.030937975 -0.025 0.0644636125
v 0.063713225 -0.025 0.0659285375
v -0.001837275 -0.025 0.0629986875
v -0.034612525 -0.025 0.0615337625
v -0.0023690875 -0.025 0.0640754
v 0.03084005 -0.025 0.0647301125
v -0.03480125 -0.025 0.0620696125
v -0.00204025 -0.025 0.0635288375
v 0.0637285 -0.025 0.0658591375
v -0.0345056 -0.025 0.0610479625
v -0.0017609 -0.025 0.0626516875
v 0.030983800000000002 -0.025 0.0642554125
v 0.063736175 -0.025 0.0657885
v -0.034451875 -0.025 0.060553499999999996
v -0.0017225250000000001 -0.025 0.0622985
v 0.031006825000000002 -0.025 0.0640435
v -0.0356842875 -0.025 0.0634335375
v -0.034635225 -0.025 0.061601100000000006
v -0.001905375 -0.025 0.0632007
v 0.030915275000000002 -0.025 0.06453095
v 0.030999150000000003 -0.025 0.0641141375
v -0.03445955 -0.025 0.0606241375
v -0.00174555 -0.025 0.0625104125
v -0.002173175 -0.025 0.0637795875
v -0.001737875 -0.025 0.062439774999999996
v 0.030968525 -0.025 0.06432481250000001
v -0.034520875 -0.025 0.0611173625
v -0.0018067250000000001 -0.025 0.0628598875
v -0.0344749 -0.025 0.060765412500000004
v -0.002010425 -0.025 0.06346435
v -0.00179145 -0.025 0.0627904875
v -0.001882675 -0.025 0.0631333625
v -0.0353656625 -0.025 0.063052475
v -0.034551425000000004 -0.025 0.0612561625
v -0.0350901125 -0.025 0.06263919999999999
v -0.034680625 -0.025 0.06173577500000001
v -0.0348609 -0.025 0.062198587500000006
v -0.048619550000000004 -0.025 0.07474495
v -0.048742 -0.025 0.07476705
v -0.07099145 0.025 0.07613085
v -0.048402900000000006 -0.025 0.07492895
v -0.04922975 -0.025 0.0748238
v -0.040048700000000007 -0.025 0.0531332
v -0.040048700000000007 0.025 0.0531332
v 0.0304385 0.025 0.051044400000000004
v 0.0304385 -0.025 0.051044400000000004
v -0.0091636 -0.025 0.051044400000000004
v -0.0091636 0.025 0.051044400000000004
v -0.0379021 0.025 0.07575638750000001
v -0.049859650000000005 -0.025 0.07483535
v -0.04090345 0.025 0.08138574999999999
v -0.00029285 0.025 0.0684264
v -0.06950865 0.025 0.07182765
v 0.05239095 0.025 0.0740403
v 0.0173748 -0.025 0.08595240000000001
v 0.0173748 0.0 0.08595240000000001
v 0.0173748 0.025 0.08595240000000001
v -0.0119423 0.025 0.086094
v -0.0119423 0.0 0.086094
v -0.0119423 -0.025 0.086094
v -0.07216205 -0.025 0.0710938
v -0.07189005 -0.025 0.07144675
v -0.0723946 -0.025 0.070716
v -0.0715717 -0.025 0.07178230000000001
v -0.07259085 -0.025 0.0703038
v -0.07119645000000001 -0.025 0.07210565000000001
v 0.052726050000000003 0.025 0.0738906
v -0.07102445 -0.025 0.07233195
v -0.0727426 -0.025 0.06987185
v -0.050992249999999996 -0.025 0.07475145000000001
v 0.06826215000000001 -0.025 0.07488725
v -0.07057680000000001 -0.025 0.0726468
v -0.0728502 -0.025 0.06942575
v -0.07003440000000001 -0.025 0.0729549
v 0.022027175 -0.025 0.07576775
v 0.05311 0.025 0.07376055000000001
v -0.06980725 -0.025 0.07306545
v -0.07291995 -0.025 0.0689264
v -0.0730665 -0.025 0.06868285
v -0.06993505 0.025 0.0658477
v -0.07309020000000001 -0.025 0.06811235
v -0.0145772125 0.025 0.062784625
v 0.0130772125 0.025 0.061543175000000006
v 0.0407316375 0.025 0.060301725
v -0.0422316375 0.025 0.064026075
v -0.037379837500000006 0.025 0.0570441
v -0.037379837500000006 -0.025 0.0570441
v 0.0454316375 -0.025 0.0545871
v 0.0454316375 0.025 0.0545871
v 0.0178278125 0.025 0.0554061
v 0.0178278125 -0.025 0.0554061
v -0.0097760125 -0.025 0.0562251
v -0.0097760125 0.025 0.0562251
v 0.00627895 0.0 0.06
v 0.040802587499999994 0.025 0.06029787500000001
v -0.0142224625 0.025 0.062765375
v 0.017964762500000002 -0.025 0.062765375
v -0.0417349875 0.025 0.063999125
v -0.0095477625 -0.025 0.061531625
v 0.0132900625 0.025 0.061531625
v -0.037060287500000004 -0.025 0.06029787500000001
v 0.045477287500000005 -0.025 0.063999125
v -0.037449962499999996 -0.025 0.0570555875
v -0.037449962499999996 0.025 0.0570555875
v 0.0449407625 0.025 0.0546675125
v 0.0449407625 -0.025 0.0546675125
v 0.0174771875 -0.025 0.0554635375
v 0.0174771875 0.025 0.0554635375
v -0.0099863875 0.025 0.0562595625
v -0.0099863875 -0.025 0.0562595625
v 0.0536697 0.025 0.07362980000000001
v 0.0408727125 0.025 0.060286375
v -0.0412441125 0.025 0.063918625
v -0.0371304125 -0.025 0.060286375
v -0.0138718375 0.025 0.062707875
v 0.0176141375 -0.025 0.062707875
v 0.0449864125 -0.025 0.063918625
v -0.0097581375 -0.025 0.061497125
v 0.0135004375 0.025 0.061497125
v 0.013219112500000001 0.025 0.061535475000000006
v -0.0418059375 0.025 0.064002975
v -0.0144353125 0.025 0.062776925
v -0.037518425 0.025 0.0570746
v -0.037518425 -0.025 0.0570746
v 0.017134875 0.025 0.0555586
v 0.017134875 -0.025 0.0555586
v 0.044461525 -0.025 0.0548006
v 0.044461525 0.025 0.0548006
v -0.010191775 -0.025 0.0563166
v -0.010191775 0.025 0.0563166
v -0.0099162625 -0.025 0.056248075
v -0.0099162625 0.025 0.056248075
v 0.0450108875 -0.025 0.054656025000000004
v 0.0450108875 0.025 0.054656025000000004
v 0.0176875625 -0.025 0.055429075
v 0.0176875625 0.025 0.055429075
v -0.07021885 0.025 0.06583230000000001
v -0.037198875 -0.025 0.060267375000000005
v 0.044507174999999996 -0.025 0.063785625
v 0.017271825 -0.025 0.062612875
v -0.009963524999999999 -0.025 0.061440125
v 0.0409411875 0.025 0.060267375000000005
v -0.0135294625 0.025 0.062612875
v -0.040764787499999997 0.025 0.063785625
v 0.013705862499999999 0.025 0.061440125
v 0.0134303125 0.025 0.061508625
v -0.009688012499999999 -0.025 0.061508625
v 0.04505653749999999 -0.025 0.063930125
v -0.041314237499999996 0.025 0.063930125
v 0.0178245125 -0.025 0.062742375
v -0.0140822125 0.025 0.062742375
v -0.014364362500000002 0.025 0.062773075
v 0.0168048125 -0.025 0.0556901
v 0.0168048125 0.025 0.0556901
v -0.0103898125 0.025 0.0563955
v -0.0103898125 -0.025 0.0563955
v -0.037584437500000005 -0.025 0.0571009
v -0.037584437500000005 0.025 0.0571009
v 0.0439994375 0.025 0.054984700000000004
v 0.0439994375 -0.025 0.054984700000000004
v 0.017340262500000002 0.025 0.0555015625
v 0.017340262500000002 -0.025 0.0555015625
v -0.010123312499999999 0.025 0.056297587499999996
v -0.010123312499999999 -0.025 0.056297587499999996
v 0.0445299875 0.025 0.054781587500000006
v 0.0445299875 -0.025 0.054781587500000006
v 0.0176174375 0.025 0.0554405625
v 0.0176174375 -0.025 0.0554405625
v -0.013199462500000002 0.025 0.062481375000000006
v 0.0139038625 0.025 0.061361225
v 0.04100718750000001 0.025 0.060241075000000005
v -0.0372648875 -0.025 0.060241075000000005
v 0.0169417625 -0.025 0.062481375000000006
v 0.044045087499999996 -0.025 0.063601525
v -0.0403027875 0.025 0.063601525
v -0.0101615625 -0.025 0.061361225
v -0.07305325 -0.025 0.06744605000000001
v -0.009895062500000001 -0.025 0.061459124999999996
v 0.0445756375 -0.025 0.063804625
v 0.0174772125 -0.025 0.062669875
v -0.0137348875 0.025 0.062669875
v 0.0136373875 0.025 0.061459124999999996
v -0.0408332625 0.025 0.063804625
v -0.0140120875 0.025 0.062730875
v 0.0177543875 -0.025 0.062730875
v -0.0419478375 0.025 0.064010675
v -0.037647225 0.025 0.057134187499999996
v -0.037647225 -0.025 0.057134187499999996
v 0.016490875000000002 0.025 0.0558565375
v 0.016490875000000002 -0.025 0.0558565375
v 0.043559925 -0.025 0.055217712499999995
v 0.043559925 0.025 0.055217712499999995
v -0.010578175 -0.025 0.0564953625
v -0.010578175 0.025 0.0564953625
v 0.044065450000000006 -0.025 0.054958400000000004
v 0.044065450000000006 0.025 0.054958400000000004
v -0.010323800000000001 -0.025 0.0563692
v -0.010323800000000001 0.025 0.0563692
v 0.01700285 -0.025 0.0556112
v 0.01700285 0.025 0.0556112
v 0.0172718 -0.025 0.055520575
v 0.0172718 0.025 0.055520575
v 0.0451511375 0.025 0.05463305
v 0.0451511375 -0.025 0.05463305
v -0.037327675 -0.025 0.0602077875
v 0.041069975 0.025 0.0602077875
v 0.016627825000000002 -0.025 0.06231493750000001
v -0.012885525 0.025 0.06231493750000001
v 0.043605575 -0.025 0.0633685125
v -0.039863275 0.025 0.0633685125
v 0.014092225 0.025 0.0612613625
v -0.010349925 -0.025 0.0612613625
v -0.040368787499999996 0.025 0.063627825
v 0.0138378625 0.025 0.061387525
v -0.013397462499999999 0.025 0.062560275
v 0.0171398 -0.025 0.062560275
v -0.01009555 -0.025 0.061387525
v 0.0441111 -0.025 0.063627825
v 0.01740875 -0.025 0.062650875
v -0.0136664125 0.025 0.062650875
v -0.0414544875 0.025 0.063953125
v 0.045196787499999995 -0.025 0.063953125
v -0.0377060375 -0.025 0.0571740625
v -0.0377060375 0.025 0.0571740625
v 0.043148237500000006 0.025 0.0554968375
v 0.043148237500000006 -0.025 0.0554968375
v 0.0161968125 0.025 0.0560559125
v 0.0161968125 -0.025 0.0560559125
v -0.0107546125 0.025 0.0566149875
v -0.0107546125 -0.025 0.0566149875
v -0.010515387499999999 0.025 0.056462075
v -0.010515387499999999 -0.025 0.056462075
v 0.0436227125 0.025 0.055184425
v 0.0436227125 -0.025 0.055184425
v 0.0166792375 0.025 0.055756675
v 0.0166792375 -0.025 0.055756675
v 0.0169368375 0.025 0.0556375
v 0.0169368375 -0.025 0.0556375
v 0.0446669125 -0.025 0.054743562499999995
v 0.0446669125 0.025 0.054743562499999995
v 0.0411287875 0.025 0.0601679125
v -0.0373864875 -0.025 0.0601679125
v -0.0125914625 0.025 0.062115562500000006
v 0.0163337625 -0.025 0.062115562500000006
v 0.0431938875 -0.025 0.06308938750000001
v -0.0394515875 0.025 0.06308938750000001
v -0.010526362499999999 -0.025 0.0611417375
v 0.014268662500000001 0.025 0.0611417375
v 0.0140294375 0.025 0.06129465
v -0.039926062500000005 0.025 0.06340180000000001
v -0.010287137500000001 -0.025 0.06129465
v 0.0436683625 -0.025 0.06340180000000001
v 0.0168161875 -0.025 0.0624148
v -0.0130738875 0.025 0.0624148
v -0.0133314625 0.025 0.062533975
v 0.0170737875 -0.025 0.062533975
v -0.0377601875 0.025 0.0572200625
v -0.0377601875 -0.025 0.0572200625
v 0.0427691875 0.025 0.0558188375
v 0.0427691875 -0.025 0.0558188375
v -0.010917062500000001 0.025 0.0567529875
v -0.010917062500000001 -0.025 0.0567529875
v 0.0159260625 -0.025 0.05628591250000001
v 0.0159260625 0.025 0.05628591250000001
v 0.0447125625 -0.025 0.063842625
v -0.0409702125 0.025 0.063842625
v -0.0106958 -0.025 0.0565751125
v -0.0106958 0.025 0.0565751125
v 0.043207050000000004 -0.025 0.0554569625
v 0.043207050000000004 0.025 0.0554569625
v 0.01637325 -0.025 0.0559362875
v 0.01637325 0.025 0.0559362875
v 0.01661645 -0.025 0.055789962500000005
v 0.01661645 0.025 0.055789962500000005
v 0.04279188750000001 -0.025 0.055886174999999996
v 0.04279188750000001 0.025 0.055886174999999996
v -0.010803562499999999 0.025 0.057089675
v -0.010803562499999999 -0.025 0.057089675
v -0.0376012875 0.025 0.057691425000000005
v -0.0376012875 -0.025 0.057691425000000005
v 0.0159941625 0.025 0.056487925
v 0.0159941625 -0.025 0.056487925
v 0.044197475 0.025 0.0549058
v 0.044197475 -0.025 0.0549058
v 0.0160399875 0.025 0.0566960875
v 0.0160399875 -0.025 0.0566960875
v -0.010727187499999999 -0.025 0.0574366125
v -0.010727187499999999 0.025 0.0574366125
v 0.0428071625 0.025 0.0559555625
v 0.0428071625 -0.025 0.0559555625
v -0.0374943625 0.025 0.058177137500000004
v -0.0374943625 -0.025 0.058177137500000004
v -0.0374406375 -0.025 0.0601219125
v 0.0411829375 0.025 0.0601219125
v -0.012320712499999999 0.025 0.061885562500000005
v -0.039072537500000004 0.025 0.0627673875
v 0.042814837499999994 -0.025 0.0627673875
v 0.014431112500000001 0.025 0.0610037375
v 0.0160630125 -0.025 0.061885562500000005
v -0.0106888125 -0.025 0.0610037375
v 0.0159714625 -0.025 0.05642058750000001
v 0.0159714625 0.025 0.05642058750000001
v -0.037623987500000004 -0.025 0.0576240875
v -0.037623987500000004 0.025 0.0576240875
v -0.010871662499999999 -0.025 0.0568876625
v -0.010871662499999999 0.025 0.0568876625
v 0.01420985 0.025 0.0611816125
v -0.0395104 0.025 0.0631292625
v -0.0127679 0.025 0.062235187500000004
v 0.0165102 -0.025 0.062235187500000004
v -0.01046755 -0.025 0.0611816125
v 0.0432527 -0.025 0.0631292625
v -0.0375096375 -0.025 0.05810775
v -0.0375096375 0.025 0.05810775
v 0.0160247125 -0.025 0.0566267
v 0.0160247125 0.025 0.0566267
v -0.010773012500000002 -0.025 0.05722845000000001
v -0.010773012500000002 0.025 0.05722845000000001
v -0.07049935 0.025 0.0657863
v -0.0130111 0.025 0.0623815125
v 0.0167534 -0.025 0.0623815125
v 0.016088512500000002 -0.025 0.0561479125
v 0.016088512500000002 0.025 0.0561479125
v -0.0108629125 -0.025 0.0567069875
v -0.0108629125 0.025 0.0567069875
v 0.0428233375 -0.025 0.055772837500000005
v 0.0428233375 0.025 0.055772837500000005
v -0.0107577375 0.025 0.057297837500000004
v -0.0107577375 -0.025 0.057297837500000004
v -0.0405007875 0.025 0.063680425
v 0.044243125 -0.025 0.063680425
v -0.0108489625 0.025 0.056955
v -0.0108489625 -0.025 0.056955
v 0.0163144375 0.025 0.055976162499999996
v 0.0163144375 -0.025 0.055976162499999996
v -0.00698435 0.025 0.0515666
v -0.00698435 -0.025 0.0515666
v -0.0375401875 0.025 0.057968975
v -0.0375401875 -0.025 0.057968975
v 0.0437482875 -0.025 0.055117849999999996
v 0.0437482875 0.025 0.055117849999999996
v -0.0376693875 0.025 0.057489412499999996
v -0.0376693875 -0.025 0.057489412499999996
v -0.0375432375 -0.025 0.058228725
v -0.0375432375 0.025 0.058228725
v 0.0424650375 0.025 0.056316675
v 0.0424650375 -0.025 0.056316675
v 0.0157956125 -0.025 0.056954025000000005
v 0.0157956125 0.025 0.056954025000000005
v -0.0108738125 0.025 0.057591375
v -0.0108738125 -0.025 0.057591375
v 0.0412318125 0.025 0.060070325
v -0.012076337500000001 0.025 0.061627625000000005
v 0.0158186375 -0.025 0.061627625000000005
v -0.0387304125 0.025 0.062406275000000004
v -0.010835437500000001 -0.025 0.060848975000000007
v 0.014577737500000002 0.025 0.060848975000000007
v -0.0374895125 -0.025 0.060070325
v 0.0424727125 -0.025 0.062406275000000004
v -0.0124831625 0.025 0.062023562500000004
v -0.010634662500000001 -0.025 0.0610497375
v 0.0143769625 0.025 0.0610497375
v 0.0428689875 -0.025 0.0628133875
v -0.0391266875 0.025 0.0628133875
v 0.016225462500000003 -0.025 0.062023562500000004
v 0.0164513875 -0.025 0.0621953125
v -0.0127090875 0.025 0.0621953125
v 0.0160343625 0.025 0.0561939125
v 0.0160343625 -0.025 0.0561939125
v 0.043793937500000005 -0.025 0.06346837500000001
v -0.04005163750000001 0.025 0.06346837500000001
v 0.043324675 0.025 0.055377212499999995
v 0.043324675 -0.025 0.055377212499999995
v 0.0155806125 0.025 0.05723690000000001
v 0.0155806125 -0.025 0.05723690000000001
v -0.0110028125 -0.025 0.0577611
v -0.0110028125 0.025 0.0577611
v -0.0375862375 0.025 0.0582853
v -0.0375862375 -0.025 0.0582853
v 0.042164037499999994 -0.025 0.0567127
v 0.042164037499999994 0.025 0.0567127
v 0.07235835 -0.025 0.0520888
v 0.07235835 0.025 0.0520888
v -0.010824937500000001 -0.025 0.0575397875
v -0.010824937500000001 0.025 0.0575397875
v 0.0159422375 -0.025 0.0567992625
v 0.0159422375 0.025 0.0567992625
v 0.0425139125 -0.025 0.056265087500000005
v 0.0425139125 0.025 0.056265087500000005
v -0.0375325125 -0.025 0.060013750000000005
v 0.0412748125 0.025 0.060013750000000005
v -0.0118613375 0.025 0.06134475
v 0.015603637500000002 -0.025 0.06134475
v -0.0384294125 0.025 0.062010249999999996
v 0.0421717125 -0.025 0.062010249999999996
v 0.0147067375 0.025 0.06067925
v -0.0109644375 -0.025 0.06067925
v 0.042521587500000006 -0.025 0.0624578625
v 0.0145288625 0.025 0.0609005625
v -0.0387792875 0.025 0.0624578625
v -0.012222962500000002 0.025 0.0617823875
v -0.010786562500000001 -0.025 0.0609005625
v 0.0159652625 -0.025 0.0617823875
v -0.012429012500000001 0.025 0.06197756250000001
v 0.0161713125 -0.025 0.06197756250000001
v 0.0429316375 0.025 0.055680837500000004
v 0.0429316375 -0.025 0.055680837500000004
v 0.043370325 -0.025 0.06320901250000001
v -0.039628025000000004 0.025 0.06320901250000001
v -0.0376228625 -0.025 0.058346175
v -0.0376228625 0.025 0.058346175
v 0.015397487500000001 -0.025 0.057541275
v 0.015397487500000001 0.025 0.057541275
v 0.041907662500000005 0.025 0.057138825000000004
v 0.041907662500000005 -0.025 0.057138825000000004
v -0.011112687500000001 0.025 0.057943725
v -0.011112687500000001 -0.025 0.057943725
v 0.0422070375 0.025 0.056656125
v 0.0422070375 -0.025 0.056656125
v -0.010959812499999999 0.025 0.057704525000000007
v -0.010959812499999999 -0.025 0.057704525000000007
v 0.0157096125 0.025 0.057067175
v 0.0157096125 -0.025 0.057067175
v -0.0375691375 -0.025 0.0599528625
v 0.0154205125 -0.025 0.061040312500000006
v 0.0419153375 -0.025 0.0615840375
v -0.0110743125 -0.025 0.0604965875
v 0.04131145 0.025 0.0599528625
v -0.01167815 0.025 0.061040312500000006
v -0.038172950000000004 0.025 0.0615840375
v 0.01481665 0.025 0.0604965875
v -0.0109214375 -0.025 0.060735825
v 0.0157326375 -0.025 0.061514475
v 0.014663737500000001 0.025 0.060735825
v 0.042214712499999994 -0.025 0.062066825000000006
v -0.038472412500000004 0.025 0.062066825000000006
v -0.0119903375 0.025 0.061514475
v 0.0158933625 0.025 0.05685085
v 0.0158933625 -0.025 0.05685085
v 0.0159163875 -0.025 0.061730799999999995
v -0.0121740875 0.025 0.061730799999999995
v -0.037652700000000004 0.025 0.058410675
v -0.037652700000000004 -0.025 0.058410675
v 0.0152483 0.025 0.057863775000000006
v 0.0152483 -0.025 0.057863775000000006
v 0.0416988 -0.025 0.057590325
v 0.0416988 0.025 0.057590325
v -0.0112022 -0.025 0.058137225
v -0.0112022 0.025 0.058137225
v -0.011076062499999999 -0.025 0.05788285
v -0.011076062499999999 0.025 0.05788285
v 0.0419442875 -0.025 0.05707795
v 0.0419442875 0.025 0.05707795
v 0.0155073625 -0.025 0.057358650000000004
v 0.0155073625 0.025 0.057358650000000004
v -0.011529025 0.025 0.060717875000000004
v 0.014906125 0.025 0.060303125
v 0.041341275000000004 0.025 0.059888375
v -0.037598975 -0.025 0.059888375
v 0.015271325 -0.025 0.060717875000000004
v 0.04170647500000001 -0.025 0.061132625
v -0.037964175 0.025 0.061132625
v -0.011163825 -0.025 0.060303125
v -0.0392349875 0.025 0.06290538749999999
v 0.0429772875 -0.025 0.06290538749999999
v 0.015530387500000001 -0.025 0.061222975000000006
v -0.0110376875 -0.025 0.060557475
v 0.0419519625 -0.025 0.061644924999999996
v 0.0147800125 0.025 0.060557475
v -0.0382095875 0.025 0.061644924999999996
v -0.011788062500000002 0.025 0.061222975000000006
v 0.0156666125 -0.025 0.05712375
v 0.0156666125 0.025 0.05712375
v 0.0151348625 -0.025 0.0582004625
v 0.0151348625 0.025 0.0582004625
v -0.0112702625 0.025 0.0583392375
v -0.0112702625 -0.025 0.0583392375
v -0.0376753875 -0.025 0.0584780125
v -0.0376753875 0.025 0.0584780125
v 0.04153998750000001 0.025 0.05806168750000001
v 0.04153998750000001 -0.025 0.05806168750000001
v 0.0156896375 -0.025 0.0614579
v -0.0119473375 0.025 0.0614579
v -0.0376216625 -0.025 0.05982103750000001
v 0.0415476625 -0.025 0.0606612625
v 0.0151578875 -0.025 0.060381187499999996
v -0.0112318875 -0.025 0.0601011125
v 0.041363975000000004 0.025 0.05982103750000001
v -0.037805275 0.025 0.0606612625
v -0.011415525 0.025 0.060381187499999996
v 0.014974225 0.025 0.0601011125
v -0.0111723625 0.025 0.058072725
v -0.0111723625 -0.025 0.058072725
v 0.041728637500000006 0.025 0.057525825
v 0.041728637500000006 -0.025 0.057525825
v 0.0153378125 0.025 0.057670275
v 0.0153378125 -0.025 0.057670275
v 0.042611662499999994 0.025 0.0561619125
v 0.042611662499999994 -0.025 0.0561619125
v -0.037994 0.025 0.0611971125
v 0.0148763 0.025 0.0603676125
v -0.0116185 0.025 0.0609113375
v -0.0111339875 -0.025 0.0603676125
v 0.0417363125 -0.025 0.0611971125
v 0.0153608375 -0.025 0.0609113375
v -0.0376906625 0.025 0.0585474
v -0.0376906625 -0.025 0.0585474
v 0.0414330625 -0.025 0.0585474
v 0.0414330625 0.025 0.0585474
v 0.0150584875 -0.025 0.0585474
v 0.0150584875 0.025 0.0585474
v -0.0113160875 -0.025 0.0585474
v -0.0113160875 0.025 0.0585474
v -0.0388770375 0.025 0.0625610375
v 0.0426193375 -0.025 0.0625610375
v 0.0154707375 0.025 0.057419525
v 0.0154707375 -0.025 0.057419525
v 0.041562675 -0.025 0.05799435
v 0.041562675 0.025 0.05799435
v -0.011247575000000001 -0.025 0.0582719
v -0.011247575000000001 0.025 0.0582719
v 0.015202925 -0.025 0.05799845000000001
v 0.015202925 0.025 0.05799845000000001
v -0.0376369375 -0.025 0.0597516375
v 0.0414407375 -0.025 0.0601754625
v 0.015081512500000002 -0.025 0.0600341875
v -0.011277712499999999 -0.025 0.0598929125
v -0.011339150000000001 0.025 0.05875935
v -0.011339150000000001 -0.025 0.05875935
v 0.01502005 0.025 0.05890065
v 0.01502005 -0.025 0.05890065
v -0.03769835 -0.025 0.058618050000000005
v -0.03769835 0.025 0.058618050000000005
v 0.04137925 -0.025 0.059041949999999996
v 0.04137925 0.025 0.059041949999999996
v 0.04137925 0.025 0.0597516375
v -0.03769835 0.025 0.0601754625
v -0.011339150000000001 0.025 0.0600341875
v 0.01502005 0.025 0.0598929125
v 0.0154937625 -0.025 0.061162087500000004
v -0.011751425 0.025 0.061162087500000004
v 0.041386925000000005 0.025 0.059325750000000003
v -0.037644625 0.025 0.059325750000000003
v 0.041386925000000005 -0.025 0.05946785
v -0.037644625 -0.025 0.05946785
v 0.0413869375 0.025 0.0589713
v 0.0413869375 -0.025 0.0589713
v -0.0113314625 -0.025 0.0586887
v -0.0113314625 0.025 0.0586887
v 0.0150431125 0.025 0.0586887
v 0.0150431125 -0.025 0.0586887
v -0.011209199999999999 -0.025 0.06016845
v 0.04157035 -0.025 0.06072860000000001
v 0.01522595 -0.025 0.060583200000000004
v 0.014951525000000002 0.025 0.06016845
v -0.037827975 0.025 0.06072860000000001
v -0.011483624999999999 0.025 0.060583200000000004
v -0.0113008125 0.025 0.0584780125
v -0.0113008125 -0.025 0.0584780125
v 0.0414483375 0.025 0.0584780125
v 0.0414483375 -0.025 0.0584780125
v 0.0151043125 0.025 0.0583392375
v 0.0151043125 -0.025 0.0583392375
v -0.037644625 -0.025 0.05918365
v -0.037644625 -0.025 0.059609949999999995
v 0.041386925000000005 -0.025 0.05918365
v 0.041386925000000005 -0.025 0.059609949999999995
v -0.037644625 0.025 0.059609949999999995
v -0.037644625 0.025 0.05918365
v 0.041386925000000005 0.025 0.059609949999999995
v 0.041386925000000005 0.025 0.05918365
v -0.011300775 -0.025 0.05918365
v -0.011300775 -0.025 0.059325750000000003
v -0.011300775 -0.025 0.05946785
v -0.011300775 -0.025 0.059609949999999995
v 0.015043075 -0.025 0.05918365
v 0.015043075 -0.025 0.059325750000000003
v 0.015043075 -0.025 0.05946785
v 0.015043075 -0.025 0.059609949999999995
v -0.011300775 0.025 0.059609949999999995
v -0.011300775 0.025 0.05946785
v -0.011300775 0.025 0.059325750000000003
v -0.011300775 0.025 0.05918365
v 0.015043075 0.025 0.059609949999999995
v 0.015043075 0.025 0.05946785
v 0.015043075 0.025 0.059325750000000003
v 0.015043075 0.025 0.05918365
v 0.015043075 0.025 0.05911260000000001
v 0.015043075 0.025 0.059681
v -0.011300775 0.025 0.05911260000000001
v -0.011300775 0.025 0.059681
v 0.015043075 -0.025 0.059681
v 0.015043075 -0.025 0.05911260000000001
v -0.011300775 -0.025 0.059681
v -0.011300775 -0.025 0.05911260000000001
v 0.041386925000000005 0.025 0.05911260000000001
v 0.041386925000000005 0.025 0.059681
v -0.037644625 0.025 0.05911260000000001
v -0.037644625 0.025 0.059681
v 0.041386925000000005 -0.025 0.059681
v 0.041386925000000005 -0.025 0.05911260000000001
v -0.037644625 -0.025 0.059681
v -0.037644625 -0.025 0.05911260000000001
v 0.015035425 -0.025 0.05875935
v 0.015035425 0.025 0.05875935
v 0.015307975000000001 -0.025 0.057734775
v 0.015307975000000001 0.025 0.057734775
v -0.0376523 -0.025 0.059041949999999996
v -0.0376523 0.025 0.059041949999999996
v 0.0150354 -0.025 0.059041949999999996
v 0.0150354 0.025 0.059041949999999996
v -0.0113238 -0.025 0.05890065
v -0.0113238 0.025 0.05890065
v -0.0376523 0.025 0.0597516375
v 0.0150354 0.025 0.0597516375
v -0.0113238 0.025 0.0598929125
v 0.041394612500000004 -0.025 0.0597516375
v -0.011293087500000002 -0.025 0.0597516375
v 0.015066137500000002 -0.025 0.0598929125
v 0.0151273375 -0.025 0.0602423875
v -0.0112624375 -0.025 0.0599623125
v 0.04145601250000001 -0.025 0.0602448625
v -0.011384975 0.025 0.0602423875
v 0.015004775 0.025 0.0599623125
v -0.037713625 0.025 0.0602448625
v 0.0422930375 -0.025 0.056542975
v 0.0422930375 0.025 0.056542975
v 0.0414023125 -0.025 0.05883
v 0.0414023125 0.025 0.05883
v -0.011588675 0.025 0.06084685000000001
v 0.015331 -0.025 0.06084685000000001
v 0.015089037500000001 -0.025 0.058408625
v 0.015089037500000001 0.025 0.058408625
v 0.0151802375 0.025 0.0580657875
v 0.0151802375 -0.025 0.0580657875
v -0.011316125 0.025 0.0589713
v -0.011316125 -0.025 0.0589713
v -0.011316125 0.025 0.059822274999999994
v 0.015058450000000001 -0.025 0.059822274999999994
v 0.0423007125 -0.025 0.062179975000000005
v -0.0385584125 0.025 0.062179975000000005
v -0.03766765 0.025 0.05890065
v -0.03766765 -0.025 0.05890065
v -0.03766765 0.025 0.0598929125
v 0.041409987499999995 -0.025 0.0598929125
v 0.015203262500000002 -0.025 0.060515862499999996
v -0.011460925 0.025 0.060515862499999996
v 0.0151120625 -0.025 0.060172987500000004
v -0.0113697 0.025 0.060172987500000004
v 0.0420175375 0.025 0.0569562
v 0.0420175375 -0.025 0.0569562
v 0.0414788875 -0.025 0.0583392375
v 0.0414788875 0.025 0.0583392375
v -0.0729316 -0.025 0.06664955
v 0.042025212500000006 -0.025 0.0617667
v -0.0382828625 0.025 0.0617667
v 0.0417883125 -0.025 0.057396825
v 0.0417883125 0.025 0.057396825
v 0.04160805 0.025 0.057859675
v 0.04160805 -0.025 0.057859675
v 0.041486562500000004 -0.025 0.060383662500000004
v -0.037744175000000005 0.025 0.060383662500000004
v -0.03805365 0.025 0.0613260875
v 0.041795987500000006 -0.025 0.0613260875
v 0.041615725 -0.025 0.060863275
v -0.037873375 0.025 0.060863275
v -0.07305095 -0.025 0.06639160000000001
v -0.07077320000000001 0.025 0.0657103
v 0.0544881 0.025 0.07352405000000001
v -0.0159596 0.0135625 0.05
v 0.0285175 -0.0135625 0.05
v 0.07264215 0.025 0.052073400000000006
v 0.07264215 -0.025 0.052073400000000006
v -0.053276250000000004 -0.025 0.07451795
v 0.068083975 -0.025 0.07146614999999999
v 4.125e-06 -0.025 0.07045905000000001
v 0.044050225000000005 -0.025 0.08107645
v 0.0699949 -0.025 0.07464985
v -0.0278188 0.025 0.0946973
v -0.07103725 0.025 0.0656051
v -0.06114865 0.0125 0.0850188
v -0.06710265 0.0125 0.0846302
v -0.06114865 -0.0125 0.0850188
v -0.06710265 -0.0125 0.0846302
v -0.055349550000000004 0.0125 0.085366725
v -0.04970535 0.0125 0.085673975
v -0.055349550000000004 -0.0125 0.085366725
v -0.04970535 -0.0125 0.085673975
v -0.02059815 0.025 0.074906075
v 0.07292595 -0.025 0.0520888
v 0.07292595 0.025 0.0520888
v -0.07244832500000001 -0.0125 0.08416074999999999
v -0.077185675 -0.0125 0.08361045
v -0.07244832500000001 0.0125 0.08416074999999999
v -0.077185675 0.0125 0.08361045
v 0.0046923025 -0.0125 0.11185625
v 0.0093056675 -0.0125 0.11191274999999999
v 0.0046923025 0.0125 0.11185625
v 0.0093056675 0.0125 0.11191274999999999
v 0.0002045025 -0.0125 0.11175800000000001
v -0.0041577325 -0.0125 0.111618
v 0.0002045025 0.0125 0.11175800000000001
v -0.0041577325 0.0125 0.111618
v 0.006895555 0.0125 0.108223
v 0.011074225 0.0125 0.10824299999999999
v 0.006895555 -0.0125 0.108223
v 0.011074225 -0.0125 0.10824299999999999
v -0.03494875 0.0125 0.09173755
v -0.03669615 0.0125 0.08810024999999999
v -0.03494875 -0.0125 0.09173755
v -0.03669615 -0.0125 0.08810024999999999
v 0.0029065600000000003 0.0125 0.10812474999999999
v -0.0008927599999999999 0.0125 0.10794825
v 0.0029065600000000003 -0.0125 0.10812474999999999
v -0.0008927599999999999 -0.0125 0.10794825
v -0.07128835 0.025 0.06547195
v 0.0316929 0.0125 0.091109375
v 0.0319136 0.0125 0.08781252500000002
v 0.0316929 -0.0125 0.091109375
v 0.0319136 -0.0125 0.08781252500000002
v -0.073923825 0.0125 0.05130152500000001
v -0.075920975 0.0125 0.053904575
v -0.073923825 -0.0125 0.05130152500000001
v -0.075920975 -0.0125 0.053904575
v -0.026133350000000003 -0.0125 0.087708375
v -0.02519835 -0.0125 0.090795525
v -0.026133350000000003 0.0125 0.087708375
v -0.02519835 0.0125 0.090795525
v -0.007834925000000001 -0.0125 0.111383
v -0.010827075 -0.0125 0.111053
v -0.007834925000000001 0.0125 0.111383
v -0.010827075 0.0125 0.111053
v 0.034948675 -0.0125 0.099115025
v 0.035773725 -0.0125 0.096247075
v 0.034948675 0.0125 0.099115025
v 0.035773725 0.0125 0.096247075
v 0.052059875 -0.0125 0.08328870000000001
v 0.054968925 -0.0125 0.0831719
v 0.052059875 0.0125 0.08328870000000001
v 0.054968925 0.0125 0.0831719
v -0.07768635 0.0125 0.056338324999999995
v -0.07921995 0.0125 0.058602774999999996
v -0.07768635 -0.0125 0.056338324999999995
v -0.07921995 -0.0125 0.058602774999999996
v -0.0041080775000000005 0.0125 0.10768675
v -0.0041080775000000005 -0.0125 0.10768675
v -0.0067393925 -0.0125 0.10734025000000001
v -0.0067393925 0.0125 0.10734025000000001
v 0.08268974999999999 -0.0125 0.061004575000000005
v 0.08360655 -0.0125 0.058525525
v 0.08268974999999999 0.0125 0.061004575000000005
v 0.08360655 0.0125 0.058525525
v -0.033449775 0.0125 0.09465730000000001
v -0.032199225 0.0125 0.0968595
v -0.033449775 -0.0125 0.09465730000000001
v -0.032199225 -0.0125 0.0968595
v 0.081698725 -0.0125 0.063348325
v 0.08063347500000001 -0.0125 0.065556775
v 0.081698725 0.0125 0.063348325
v 0.08063347500000001 0.0125 0.065556775
v -0.08058944999999999 0.0125 0.060792374999999996
v -0.08179485 0.0125 0.062907125
v -0.08058944999999999 -0.0125 0.060792374999999996
v -0.08179485 -0.0125 0.062907125
v 0.079472025 -0.0125 0.0676994
v 0.078214375 -0.0125 0.0697762
v 0.079472025 0.0125 0.0676994
v 0.078214375 0.0125 0.0697762
v 0.049453475 -0.0125 0.083378275
v 0.047149725 -0.0125 0.083440625
v 0.049453475 0.0125 0.083378275
v 0.047149725 0.0125 0.083440625
v -0.045741250000000004 0.0125 0.08594435
v -0.045741250000000004 -0.0125 0.08594435
v -0.043457249999999996 -0.0125 0.08617785
v -0.043457249999999996 0.0125 0.08617785
v -0.07280545000000001 -0.025 0.06541615
v 0.0166125325 -0.0125 0.1118755
v 0.0187272775 -0.0125 0.1117625
v 0.0166125325 0.0125 0.1118755
v 0.0187272775 0.0125 0.1117625
v 0.031118375 0.0125 0.0956852
v 0.031118375 -0.0125 0.0956852
v 0.031427825 -0.0125 0.0937336
v 0.031427825 0.0125 0.0937336
v 0.012598052500000002 0.0125 0.11193875
v 0.0145694575 0.0125 0.11193425
v 0.012598052500000002 -0.0125 0.11193875
v 0.0145694575 -0.0125 0.11193425
v -0.024376775 -0.0125 0.09323645000000001
v -0.023668625 -0.0125 0.09503115
v -0.024376775 0.0125 0.09323645000000001
v -0.023668625 0.0125 0.09503115
v 0.077012625 -0.0125 0.07157505
v 0.07586677500000001 -0.0125 0.07309595
v 0.077012625 0.0125 0.07157505
v 0.07586677500000001 0.0125 0.07309595
v -0.031048700000000002 0.0125 0.09872394999999999
v -0.029998200000000003 0.0125 0.10025065
v -0.031048700000000002 -0.0125 0.09872394999999999
v -0.029998200000000003 -0.0125 0.10025065
v 0.084294925 0.0125 0.056410049999999996
v 0.084754875 0.0125 0.05465815
v 0.084294925 -0.0125 0.056410049999999996
v 0.084754875 -0.0125 0.05465815
v 0.057289825 0.0125 0.08299480000000001
v 0.059022575 0.0125 0.08275740000000001
v 0.057289825 -0.0125 0.08299480000000001
v 0.059022575 -0.0125 0.08275740000000001
v -0.008903900000000001 0.0125 0.1069675
v -0.010601600000000001 0.0125 0.10656850000000001
v -0.008903900000000001 -0.0125 0.1069675
v -0.010601600000000001 -0.0125 0.10656850000000001
v -0.08275097499999999 0.0125 0.064735525
v -0.083457825 0.0125 0.066277575
v -0.08275097499999999 -0.0125 0.064735525
v -0.083457825 -0.0125 0.066277575
v 0.0178256475 -0.0125 0.1080025
v 0.0161376425 -0.0125 0.1081295
v 0.0178256475 0.0125 0.1080025
v 0.0161376425 0.0125 0.1081295
v -0.013097775 -0.0125 0.11073124999999999
v -0.014647025000000001 -0.0125 0.11041775
v -0.013097775 0.0125 0.11073124999999999
v -0.014647025000000001 0.0125 0.11041775
v -0.016178275 -0.0125 0.11003625
v -0.017691525 -0.0125 0.10958675
v -0.016178275 0.0125 0.11003625
v -0.017691525 0.0125 0.10958675
v 0.060624975000000005 0.0125 0.08246762500000002
v 0.062097025 0.0125 0.08212547499999999
v 0.060624975000000005 -0.0125 0.08246762500000002
v 0.062097025 -0.0125 0.08212547499999999
v -0.029004050000000003 0.0125 0.10157725
v -0.02806625 0.0125 0.10270375
v -0.029004050000000003 -0.0125 0.10157725
v -0.02806625 -0.0125 0.10270375
v 0.034276525 -0.0125 0.1012265
v 0.033757275 -0.0125 0.1025815
v 0.034276525 0.0125 0.1012265
v 0.033757275 0.0125 0.1025815
v -0.049130200000000006 0.025 0.08147335
v -0.07225089999999999 0.025 0.07185685
v 0.037399025 -0.0125 0.090765525
v 0.037399025 0.0125 0.090765525
v 0.037885775000000003 0.0125 0.089438775
v 0.037885775000000003 -0.0125 0.089438775
v 0.02047135 0.0125 0.11161425
v 0.02184475 0.0125 0.11143075
v 0.02047135 -0.0125 0.11161425
v 0.02184475 -0.0125 0.11143075
v 0.06346035 0.0125 0.08174340000000001
v 0.06471495000000001 0.0125 0.0813214
v 0.06346035 -0.0125 0.08174340000000001
v 0.06471495000000001 -0.0125 0.0813214
v 0.074846275 -0.0125 0.074343925
v 0.07395112499999999 -0.0125 0.07531897500000001
v 0.074846275 0.0125 0.074343925
v 0.07395112499999999 0.0125 0.07531897500000001
v -0.084027175 0.0125 0.067659525
v -0.08445902500000001 0.0125 0.06888137500000001
v -0.084027175 -0.0125 0.067659525
v -0.08445902500000001 -0.0125 0.06888137500000001
v 0.03079995 0.0125 0.09728389999999999
v 0.030472549999999998 0.0125 0.0985297
v 0.03079995 -0.0125 0.09728389999999999
v 0.030472549999999998 -0.0125 0.0985297
v 0.07302905 -0.0125 0.07623005000000001
v 0.07208005 -0.0125 0.07707715000000001
v 0.07302905 0.0125 0.07623005000000001
v 0.07208005 0.0125 0.07707715000000001
v -0.012049550000000001 0.0125 0.10616225
v -0.01324775 0.0125 0.10574875
v -0.012049550000000001 -0.0125 0.10616225
v -0.01324775 -0.0125 0.10574875
v 0.071092875 -0.0125 0.077868775
v 0.070067525 -0.0125 0.078604925
v 0.071092875 0.0125 0.077868775
v 0.070067525 0.0125 0.078604925
v -0.02716355 0.0125 0.103697
v -0.026295950000000002 0.0125 0.10455700000000001
v -0.02716355 -0.0125 0.103697
v -0.026295950000000002 -0.0125 0.10455700000000001
v 0.0658946 0.0125 0.080862575
v 0.0669993 0.0125 0.08036692499999999
v 0.0658946 -0.0125 0.080862575
v 0.0669993 -0.0125 0.08036692499999999
v 0.036991 -0.0125 0.09199009999999999
v 0.036661700000000005 -0.0125 0.0931125
v 0.036991 0.0125 0.09199009999999999
v 0.036661700000000005 0.0125 0.0931125
v 0.06805245 0.0125 0.079832575
v 0.06905405 0.0125 0.079259525
v 0.06805245 -0.0125 0.079832575
v 0.06905405 -0.0125 0.079259525
v -0.04174895 0.0125 0.08633655
v -0.04061635 0.0125 0.08642045
v -0.04174895 -0.0125 0.08633655
v -0.04061635 -0.0125 0.08642045
v 0.0850786 0.0125 0.053225425
v 0.0852661 0.0125 0.052111875
v 0.0850786 -0.0125 0.053225425
v 0.0852661 -0.0125 0.052111875
v 0.01922505 -0.0125 0.107852
v 0.02033585 -0.0125 0.107678
v 0.01922505 0.0125 0.107852
v 0.02033585 0.0125 0.107678
v -0.018962275 -0.0125 0.1091535
v -0.019990525 -0.0125 0.1087365
v -0.018962275 0.0125 0.1091535
v -0.019990525 0.0125 0.1087365
v -0.02099075 -0.0125 0.108273
v -0.021962950000000002 -0.0125 0.10776300000000001
v -0.02099075 0.0125 0.108273
v -0.021962950000000002 0.0125 0.10776300000000001
v -0.025437400000000002 0.0125 0.10533300000000001
v -0.0245879 0.0125 0.106025
v -0.025437400000000002 -0.0125 0.10533300000000001
v -0.0245879 -0.0125 0.106025
v 0.02305945 0.0125 0.1112205
v 0.02411545 0.0125 0.1109835
v 0.02305945 -0.0125 0.1112205
v 0.02411545 -0.0125 0.1109835
v 0.01476112 0.0125 0.108208
v 0.01369608 0.0125 0.108238
v 0.01476112 -0.0125 0.108208
v 0.01369608 -0.0125 0.108238
v -0.023075925 -0.0125 0.096404775
v -0.022598675 -0.0125 0.097357325
v -0.023075925 0.0125 0.096404775
v -0.022598675 0.0125 0.097357325
v -0.023734625000000002 0.0125 0.10665525000000001
v -0.022877575 0.0125 0.10722374999999999
v -0.023734625000000002 -0.0125 0.10665525000000001
v -0.022877575 -0.0125 0.10722374999999999
v -0.022091575 -0.0125 0.09827097500000001
v -0.021554625 -0.0125 0.099145725
v -0.022091575 0.0125 0.09827097500000001
v -0.021554625 0.0125 0.099145725
v -0.0847977 0.0125 0.069980025
v -0.0850432 0.0125 0.070955475
v -0.0847977 -0.0125 0.069980025
v -0.0850432 -0.0125 0.070955475
v 0.033284275 -0.0125 0.1036835
v 0.032857525 -0.0125 0.10453250000000001
v 0.033284275 0.0125 0.1036835
v 0.032857525 0.0125 0.10453250000000001
v 0.03014555 0.0125 0.0995882
v 0.029818950000000004 0.0125 0.1004594
v 0.03014555 -0.0125 0.0995882
v 0.029818950000000004 -0.0125 0.1004594
v 0.021328999999999997 -0.0125 0.10748125
v 0.022204500000000002 -0.0125 0.10726175
v 0.021328999999999997 0.0125 0.10748125
v 0.022204500000000002 0.0125 0.10726175
v -0.021024025000000002 -0.0125 0.099930325
v -0.020499774999999998 -0.0125 0.100624775
v -0.021024025000000002 0.0125 0.099930325
v -0.020499774999999998 0.0125 0.100624775
v -0.0142392 0.0125 0.10536300000000001
v -0.0150239 0.0125 0.10500500000000001
v -0.0142392 -0.0125 0.10536300000000001
v -0.0150239 -0.0125 0.10500500000000001
v 0.025052599999999998 0.0125 0.11073175000000002
v 0.0258709 0.0125 0.11046525000000001
v 0.025052599999999998 -0.0125 0.11073175000000002
v 0.0258709 -0.0125 0.11046525000000001
v 0.04558865 -0.0125 0.08352467499999999
v 0.044770250000000004 -0.0125 0.08363042500000001
v 0.04558865 0.0125 0.08352467499999999
v 0.044770250000000004 0.0125 0.08363042500000001
v -0.085226775 0.0125 0.07184145
v -0.085348425 0.0125 0.07263795
v -0.085226775 -0.0125 0.07184145
v -0.085348425 -0.0125 0.07263795
v -0.01710025 -0.0125 0.10381125000000001
v -0.01774525 -0.0125 0.10334575
v -0.01710025 0.0125 0.10381125000000001
v -0.01774525 0.0125 0.10334575
v -0.01997155 -0.0125 0.10126075000000001
v -0.01943935 -0.0125 0.10183825
v -0.01997155 0.0125 0.10126075000000001
v -0.01943935 0.0125 0.10183825
v -0.015756625 0.0125 0.10463050000000002
v -0.016437375 0.0125 0.1042395
v -0.015756625 -0.0125 0.10463050000000002
v -0.016437375 -0.0125 0.1042395
v 0.085390675 0.0125 0.051166325
v 0.085452325 0.0125 0.050388775
v 0.085390675 -0.0125 0.051166325
v 0.085452325 -0.0125 0.050388775
v 0.026636525 0.0125 0.11017474999999999
v 0.027349475 0.0125 0.10986024999999999
v 0.026636525 -0.0125 0.11017474999999999
v 0.027349475 -0.0125 0.10986024999999999
v -0.018344125 0.0125 0.1028665
v -0.018896875 0.0125 0.10237349999999999
v -0.018344125 -0.0125 0.1028665
v -0.018896875 -0.0125 0.10237349999999999
v -0.085427725 0.0125 0.07336935
v -0.085464675 0.0125 0.07403565000000001
v -0.085427725 -0.0125 0.07336935
v -0.085464675 -0.0125 0.07403565000000001
v 0.0295129 0.0125 0.10118650000000001
v 0.0292274 0.0125 0.1017695
v 0.0295129 -0.0125 0.10118650000000001
v 0.0292274 -0.0125 0.1017695
v 0.032473800000000004 -0.0125 0.105227
v 0.0321331 -0.0125 0.10576700000000001
v 0.032473800000000004 0.0125 0.105227
v 0.0321331 0.0125 0.10576700000000001
v -0.0397351 0.0125 0.08645662500000001
v -0.0391052 0.0125 0.086445075
v -0.0397351 -0.0125 0.08645662500000001
v -0.0391052 -0.0125 0.086445075
v -0.08082225 -0.0125 0.08265205
v -0.08027985 -0.0125 0.08296015000000001
v -0.08082225 0.0125 0.08265205
v -0.08027985 0.0125 0.08296015000000001
v 0.038265925 0.0125 0.08849515000000001
v 0.038539475 0.0125 0.08793464999999999
v 0.038265925 -0.0125 0.08849515000000001
v 0.038539475 -0.0125 0.08793464999999999
v 0.0279764 0.0125 0.10954925
v 0.0285173 0.0125 0.10924175
v 0.0279764 -0.0125 0.10954925
v 0.0285173 -0.0125 0.10924175
v 0.028923925000000003 0.0125 0.10232200000000001
v 0.028602475 0.0125 0.102844
v 0.028923925000000003 -0.0125 0.10232200000000001
v 0.028602475 -0.0125 0.102844
v 0.024518325 -0.0125 0.10642075000000001
v 0.024518325 0.0125 0.10642075000000001
v 0.023978074999999998 0.0125 0.10666225000000001
v 0.023978074999999998 -0.0125 0.10666225000000001
v 0.03626395 0.0125 0.09452825000000001
v 0.03641935 0.0125 0.09395854999999999
v 0.03626395 -0.0125 0.09452825000000001
v 0.03641935 -0.0125 0.09395854999999999
v 0.0440812 -0.0125 0.08374867500000001
v 0.0435215 -0.0125 0.083879425
v 0.0440812 0.0125 0.08374867500000001
v 0.0435215 0.0125 0.083879425
v -0.0854713 0.0125 0.07465405
v -0.0854476 0.0125 0.07522455
v -0.0854713 -0.0125 0.07465405
v -0.0854476 -0.0125 0.07522455
v 0.029018275 0.0125 0.10892524999999999
v 0.029479325 0.0125 0.10859975000000001
v 0.029018275 -0.0125 0.10892524999999999
v 0.029479325 -0.0125 0.10859975000000001
v 0.023441524999999998 0.0125 0.10687525
v 0.022908675 0.0125 0.10705975000000001
v 0.023441524999999998 -0.0125 0.10687525
v 0.022908675 -0.0125 0.10705975000000001
v 0.03179135 -0.0125 0.10626025
v 0.031448550000000006 -0.0125 0.10670674999999999
v 0.03179135 0.0125 0.10626025
v 0.031448550000000006 0.0125 0.10670674999999999
v 0.03108425 -0.0125 0.10713475000000001
v 0.03069845 -0.0125 0.10754425
v 0.03108425 0.0125 0.10713475000000001
v 0.03069845 0.0125 0.10754425
v -0.08131727500000001 -0.0125 0.08234057500000001
v -0.081764925 -0.0125 0.08202572500000001
v -0.08131727500000001 0.0125 0.08234057500000001
v -0.081764925 0.0125 0.08202572500000001
v 0.029908775 0.0125 0.108265
v 0.030306625 0.0125 0.107921
v 0.029908775 -0.0125 0.108265
v 0.030306625 -0.0125 0.107921
v 0.02501135 -0.0125 0.10617325
v 0.02545715 -0.0125 0.10591975
v 0.02501135 0.0125 0.10617325
v 0.02545715 0.0125 0.10591975
v 0.028287725 0.0125 0.10330700000000001
v 0.027979675 0.0125 0.103711
v 0.028287725 -0.0125 0.10330700000000001
v 0.027979675 -0.0125 0.103711
v -0.085400875 0.0125 0.075759475
v -0.085331125 0.0125 0.076258825
v -0.085400875 -0.0125 0.075759475
v -0.085331125 -0.0125 0.076258825
v -0.08217637500000001 -0.0125 0.081706625
v -0.082551625 -0.0125 0.081383275
v -0.08217637500000001 0.0125 0.081706625
v -0.082551625 0.0125 0.081383275
v 0.0269941 -0.0125 0.10477175000000001
v 0.0266242 -0.0125 0.10509525
v 0.0269941 0.0125 0.10477175000000001
v 0.0266242 0.0125 0.10509525
v -0.038546375 0.0125 0.086410925
v -0.038058625 0.0125 0.086354175
v -0.038546375 -0.0125 0.086410925
v -0.038058625 -0.0125 0.086354175
v 0.027664 0.0125 0.10408725
v 0.0273407 0.0125 0.10443575
v 0.027664 -0.0125 0.10408725
v 0.0273407 -0.0125 0.10443575
v 0.0387973 0.0125 0.087454975
v 0.0390394 0.0125 0.08705612500000001
v 0.0387973 -0.0125 0.087454975
v 0.0390394 -0.0125 0.08705612500000001
v 0.02624945 0.0125 0.105391
v 0.02586985 0.0125 0.10565899999999999
v 0.02624945 -0.0125 0.105391
v 0.02586985 -0.0125 0.10565899999999999
v -0.08289842500000001 -0.0125 0.081053825
v -0.083216775 -0.0125 0.08071827499999999
v -0.08289842500000001 0.0125 0.081053825
v -0.083216775 0.0125 0.08071827499999999
v -0.08524245000000001 0.0125 0.07673155000000001
v -0.08513485 0.0125 0.07717765
v -0.08524245000000001 -0.0125 0.07673155000000001
v -0.08513485 -0.0125 0.07717765
v -0.08500517500000002 0.0125 0.077616675
v -0.084853425 0.0125 0.078048625
v -0.08500517500000002 -0.0125 0.077616675
v -0.084853425 -0.0125 0.078048625
v -0.084679425 0.0125 0.0784707
v -0.08448317500000001 0.0125 0.07888289999999999
v -0.084679425 -0.0125 0.0784707
v -0.08448317500000001 -0.0125 0.07888289999999999
v -0.08351195 -0.0125 0.080374025
v -0.08378395 -0.0125 0.080021075
v -0.08351195 0.0125 0.080374025
v -0.08378395 0.0125 0.080021075
v -0.084268775 0.0125 0.0792779
v -0.084036225 0.0125 0.0796557
v -0.084268775 -0.0125 0.0792779
v -0.084036225 -0.0125 0.0796557
v 0.043049675 -0.0125 0.084009825
v 0.042665724999999995 -0.0125 0.08413987499999999
v 0.043049675 0.0125 0.084009825
v 0.042665724999999995 0.0125 0.08413987499999999
v 0.039281425 0.0125 0.086696125
v 0.039523375 0.0125 0.086374975
v 0.039281425 -0.0125 0.086696125
v 0.039523375 -0.0125 0.086374975
v 0.0423062 -0.0125 0.08427975
v 0.041971100000000004 -0.0125 0.08442945
v 0.0423062 0.0125 0.08427975
v 0.041971100000000004 0.0125 0.08442945
v 0.040244125000000006 -0.0125 0.08559397499999999
v 0.040508675 -0.0125 0.08536132500000002
v 0.040244125000000006 0.0125 0.08559397499999999
v 0.040508675 0.0125 0.08536132500000002
v 0.041652575000000004 -0.0125 0.084590225
v 0.041350625 -0.0125 0.08476207499999999
v 0.041652575000000004 0.0125 0.084590225
v 0.041350625 0.0125 0.08476207499999999
v 0.039761225 0.0125 0.086088375
v 0.039994975 0.0125 0.085836325
v 0.039761225 -0.0125 0.086088375
v 0.039994975 -0.0125 0.085836325
v 0.040780625 0.0125 0.08514575
v 0.041059975 0.0125 0.08494725000000002
v 0.040780625 -0.0125 0.08514575
v 0.041059975 -0.0125 0.08494725000000002
v 0.063888475 0.0125 0.06268245
v 0.06406052500000001 0.0125 0.06245615
v 0.063888475 -0.0125 0.06268245
v 0.06406052500000001 -0.0125 0.06245615
v 0.063888475 -0.0125 0.05611115
v 0.06406052500000001 -0.0125 0.056337450000000004
v 0.063888475 0.0125 0.05611115
v 0.06406052500000001 0.0125 0.056337450000000004
v 0.054983725000000004 -0.0125 0.057324599999999996
v 0.055103075 -0.0125 0.0570666
v 0.054983725000000004 0.0125 0.057324599999999996
v 0.055103075 0.0125 0.0570666
v 0.064618575 0.0125 0.057324599999999996
v 0.064499225 0.0125 0.0570666
v 0.064618575 -0.0125 0.057324599999999996
v 0.064499225 -0.0125 0.0570666
v -0.060876275 -0.0125 0.057324599999999996
v -0.060756924999999996 -0.0125 0.0570666
v -0.060876275 0.0125 0.057324599999999996
v -0.060756924999999996 0.0125 0.0570666
v 0.054574225 -0.0125 0.0589713
v 0.054604975 -0.0125 0.0586887
v 0.054574225 0.0125 0.0589713
v 0.054604975 0.0125 0.0586887
v 0.065028075 0.0125 0.0589713
v 0.06499732500000001 0.0125 0.0586887
v 0.065028075 -0.0125 0.0589713
v 0.06499732500000001 -0.0125 0.0586887
v -0.061285774999999994 -0.0125 0.0589713
v -0.061255025 -0.0125 0.0586887
v -0.061285774999999994 0.0125 0.0589713
v -0.061255025 0.0125 0.0586887
v -0.0508319 0.0125 0.0589713
v -0.0508626 0.0125 0.0586887
v -0.0508319 -0.0125 0.0589713
v -0.0508626 -0.0125 0.0586887
v 0.057471175 0.0125 0.054698575
v 0.05722002500000001 0.0125 0.054831725000000005
v 0.057471175 -0.0125 0.054698575
v 0.05722002500000001 -0.0125 0.054831725000000005
v 0.057471175 -0.0125 0.064095025
v 0.05722002500000001 -0.0125 0.063961875
v 0.057471175 0.0125 0.064095025
v 0.05722002500000001 0.0125 0.063961875
v 0.062131125 0.0125 0.064095025
v 0.062382275 0.0125 0.063961875
v 0.062131125 -0.0125 0.064095025
v 0.062382275 -0.0125 0.063961875
v 0.062131125 -0.0125 0.054698575
v 0.062382275 -0.0125 0.054831725000000005
v 0.062131125 0.0125 0.054698575
v 0.062382275 0.0125 0.054831725000000005
v -0.053477725 -0.0125 0.063961875
v -0.053728875 -0.0125 0.064095025
v -0.053477725 0.0125 0.063961875
v -0.053728875 0.0125 0.064095025
v -0.053477725 0.0125 0.054831725000000005
v -0.053728875 0.0125 0.054698575
v -0.053477725 -0.0125 0.054831725000000005
v -0.053728875 -0.0125 0.054698575
v -0.0547933 -0.0125 0.054307524999999995
v -0.054519399999999996 -0.0125 0.054383575
v -0.0547933 0.0125 0.054307524999999995
v -0.054519399999999996 0.0125 0.054383575
v 0.0558975 -0.0125 0.055894825
v 0.056093000000000004 -0.0125 0.05568847500000001
v 0.0558975 0.0125 0.055894825
v 0.056093000000000004 0.0125 0.05568847500000001
v 0.0558975 0.0125 0.062898775
v 0.056093000000000004 0.0125 0.063105125
v 0.0558975 -0.0125 0.062898775
v 0.056093000000000004 -0.0125 0.063105125
v -0.0521552 -0.0125 0.062898775
v -0.05235070000000001 -0.0125 0.063105125
v -0.0521552 0.0125 0.062898775
v -0.05235070000000001 0.0125 0.063105125
v -0.0521552 0.0125 0.055894825
v -0.05235070000000001 0.0125 0.05568847500000001
v -0.0521552 -0.0125 0.055894825
v -0.05235070000000001 -0.0125 0.05568847500000001
v -0.0547933 0.0125 0.064486
v -0.054519399999999996 0.0125 0.06441
v -0.0547933 -0.0125 0.064486
v -0.054519399999999996 -0.0125 0.06441
v -0.0512414 0.0125 0.057324599999999996
v -0.0513607 0.0125 0.0570666
v -0.0512414 -0.0125 0.057324599999999996
v -0.0513607 -0.0125 0.0570666
v -0.055070499999999994 0.0125 0.064547
v -0.055351 0.0125 0.064593
v -0.055070499999999994 -0.0125 0.064547
v -0.055351 -0.0125 0.064593
v 0.0590933 -0.0125 0.064593
v 0.058812800000000005 -0.0125 0.064547
v 0.0590933 0.0125 0.064593
v 0.058812800000000005 0.0125 0.064547
v 0.06050900000000001 0.0125 0.064593
v 0.0607895 0.0125 0.064547
v 0.06050900000000001 -0.0125 0.064593
v 0.0607895 -0.0125 0.064547
v -0.056766699999999996 -0.0125 0.064593
v -0.0570472 -0.0125 0.064547
v -0.056766699999999996 0.0125 0.064593
v -0.0570472 0.0125 0.064547
v 0.05571375 -0.0125 0.05611115
v 0.05554175 -0.0125 0.056337450000000004
v 0.05571375 0.0125 0.05611115
v 0.05554175 0.0125 0.056337450000000004
v 0.05571375 0.0125 0.06268245
v 0.05554175 0.0125 0.06245615
v 0.05571375 -0.0125 0.06268245
v 0.05554175 -0.0125 0.06245615
v -0.05197145 -0.0125 0.06268245
v -0.051799450000000004 -0.0125 0.06245615
v -0.05197145 0.0125 0.06268245
v -0.051799450000000004 0.0125 0.06245615
v -0.05197145 0.0125 0.05611115
v -0.051799450000000004 0.0125 0.056337450000000004
v -0.05197145 -0.0125 0.05611115
v -0.051799450000000004 -0.0125 0.056337450000000004
v -0.06031815 0.0125 0.06245615
v -0.06014615 0.0125 0.06268245
v -0.06031815 -0.0125 0.06245615
v -0.06014615 -0.0125 0.06268245
v -0.06014615 0.0125 0.05611115
v -0.06031815 0.0125 0.056337450000000004
v -0.06014615 -0.0125 0.05611115
v -0.06031815 -0.0125 0.056337450000000004
v -0.050969600000000004 0.0125 0.0606625
v -0.050908499999999995 0.0125 0.060384900000000005
v -0.050969600000000004 -0.0125 0.0606625
v -0.050908499999999995 -0.0125 0.060384900000000005
v 0.054712 -0.0125 0.0606625
v 0.0546509 -0.0125 0.060384900000000005
v 0.054712 0.0125 0.0606625
v 0.0546509 0.0125 0.060384900000000005
v 0.0648903 0.0125 0.0606625
v 0.0649514 0.0125 0.060384900000000005
v 0.0648903 -0.0125 0.0606625
v 0.0649514 -0.0125 0.060384900000000005
v -0.061148 -0.0125 0.0606625
v -0.0612091 -0.0125 0.060384900000000005
v -0.061148 0.0125 0.0606625
v -0.0612091 0.0125 0.060384900000000005
v -0.05104555 0.0125 0.060935974999999996
v -0.051136350000000004 0.0125 0.061205325000000005
v -0.05104555 -0.0125 0.060935974999999996
v -0.051136350000000004 -0.0125 0.061205325000000005
v -0.051136350000000004 0.0125 0.057588275
v -0.05104555 0.0125 0.057857624999999996
v -0.051136350000000004 -0.0125 0.057588275
v -0.05104555 -0.0125 0.057857624999999996
v -0.060477425 0.0125 0.062221225000000005
v -0.060623975000000004 0.0125 0.061977675
v -0.060477425 -0.0125 0.062221225000000005
v -0.060623975000000004 -0.0125 0.061977675
v -0.051640175 -0.0125 0.062221225000000005
v -0.051493624999999994 -0.0125 0.061977675
v -0.051640175 0.0125 0.062221225000000005
v -0.051493624999999994 0.0125 0.061977675
v -0.059344275 0.0125 0.0553093
v -0.059560924999999994 0.0125 0.0554933
v -0.059344275 -0.0125 0.0553093
v -0.059560924999999994 -0.0125 0.0554933
v -0.059344275 -0.0125 0.0634843
v -0.059560924999999994 -0.0125 0.0633003
v -0.059344275 0.0125 0.0634843
v -0.059560924999999994 0.0125 0.0633003
v -0.055070499999999994 -0.0125 0.054246525
v -0.055351 -0.0125 0.05420057500000001
v -0.055070499999999994 0.0125 0.054246525
v -0.055351 0.0125 0.05420057500000001
v 0.0590933 0.0125 0.05420057500000001
v 0.058812800000000005 0.0125 0.054246525
v 0.0590933 -0.0125 0.05420057500000001
v 0.058812800000000005 -0.0125 0.054246525
v 0.06050900000000001 -0.0125 0.05420057500000001
v 0.0607895 -0.0125 0.054246525
v 0.06050900000000001 0.0125 0.05420057500000001
v 0.0607895 0.0125 0.054246525
v -0.056766699999999996 0.0125 0.05420057500000001
v -0.0570472 0.0125 0.054246525
v -0.056766699999999996 -0.0125 0.05420057500000001
v -0.0570472 -0.0125 0.054246525
v 0.057728775 0.0125 0.0545794
v 0.057992825000000005 0.0125 0.0544742
v 0.057728775 -0.0125 0.0545794
v 0.057992825000000005 -0.0125 0.0544742
v 0.057728775 -0.0125 0.0642142
v 0.057992825000000005 -0.0125 0.0643194
v 0.057728775 0.0125 0.0642142
v 0.057992825000000005 0.0125 0.0643194
v 0.061873525000000006 0.0125 0.0642142
v 0.061609475 0.0125 0.0643194
v 0.061873525000000006 -0.0125 0.0642142
v 0.061609475 -0.0125 0.0643194
v 0.061873525000000006 -0.0125 0.0545794
v 0.061609475 -0.0125 0.0544742
v 0.061873525000000006 0.0125 0.0545794
v 0.061609475 0.0125 0.0544742
v -0.05813122500000001 -0.0125 0.0545794
v -0.057867175 -0.0125 0.0544742
v -0.05813122500000001 0.0125 0.0545794
v -0.057867175 0.0125 0.0544742
v -0.05813122500000001 0.0125 0.0642142
v -0.057867175 0.0125 0.0643194
v -0.05813122500000001 -0.0125 0.0642142
v -0.057867175 -0.0125 0.0643194
v 0.054878675 -0.0125 0.057588275
v 0.054787925 -0.0125 0.057857624999999996
v 0.054878675 0.0125 0.057588275
v 0.054787925 0.0125 0.057857624999999996
v 0.054787925 -0.0125 0.060935974999999996
v 0.054878675 -0.0125 0.061205325000000005
v 0.054787925 0.0125 0.060935974999999996
v 0.054878675 0.0125 0.061205325000000005
v 0.06481437500000001 0.0125 0.060935974999999996
v 0.064723625 0.0125 0.061205325000000005
v 0.06481437500000001 -0.0125 0.060935974999999996
v 0.064723625 -0.0125 0.061205325000000005
v 0.064723625 0.0125 0.057588275
v 0.06481437500000001 0.0125 0.057857624999999996
v 0.064723625 -0.0125 0.057588275
v 0.06481437500000001 -0.0125 0.057857624999999996
v -0.060981325 -0.0125 0.057588275
v -0.061072075 -0.0125 0.057857624999999996
v -0.060981325 0.0125 0.057588275
v -0.061072075 0.0125 0.057857624999999996
v -0.061072075 -0.0125 0.060935974999999996
v -0.060981325 -0.0125 0.061205325000000005
v -0.061072075 0.0125 0.060935974999999996
v -0.060981325 0.0125 0.061205325000000005
v 0.056976825 -0.0125 0.05497805
v 0.056741574999999995 -0.0125 0.05513755
v 0.056976825 0.0125 0.05497805
v 0.056741574999999995 0.0125 0.05513755
v 0.056976825 0.0125 0.06381555
v 0.056741574999999995 0.0125 0.06365605
v 0.056976825 -0.0125 0.06381555
v 0.056741574999999995 -0.0125 0.06365605
v 0.062625475 -0.0125 0.06381555
v 0.062860725 -0.0125 0.06365605
v 0.062625475 0.0125 0.06381555
v 0.062860725 0.0125 0.06365605
v 0.062625475 0.0125 0.05497805
v 0.062860725 0.0125 0.05513755
v 0.062625475 -0.0125 0.05497805
v 0.062860725 -0.0125 0.05513755
v -0.059118325 0.0125 0.05513755
v -0.058883075 0.0125 0.05497805
v -0.059118325 -0.0125 0.05513755
v -0.058883075 -0.0125 0.05497805
v -0.059118325 -0.0125 0.06365605
v -0.058883075 -0.0125 0.06381555
v -0.059118325 0.0125 0.06365605
v -0.058883075 0.0125 0.06381555
v -0.053234525000000005 -0.0125 0.06381555
v -0.052999275 -0.0125 0.06365605
v -0.053234525000000005 0.0125 0.06381555
v -0.052999275 0.0125 0.06365605
v -0.053234525000000005 0.0125 0.05497805
v -0.052999275 0.0125 0.05513755
v -0.053234525000000005 -0.0125 0.05497805
v -0.052999275 -0.0125 0.05513755
v 0.054983725000000004 -0.0125 0.061468974999999995
v 0.055103075 -0.0125 0.061726925
v 0.054983725000000004 0.0125 0.061468974999999995
v 0.055103075 0.0125 0.061726925
v 0.064618575 0.0125 0.061468974999999995
v 0.064499225 0.0125 0.061726925
v 0.064618575 -0.0125 0.061468974999999995
v 0.064499225 -0.0125 0.061726925
v -0.060756924999999996 0.0125 0.061726925
v -0.060876275 0.0125 0.061468974999999995
v -0.060756924999999996 -0.0125 0.061726925
v -0.060876275 -0.0125 0.061468974999999995
v 0.063704725 0.0125 0.062898775
v 0.063509275 0.0125 0.063105125
v 0.063704725 -0.0125 0.062898775
v 0.063509275 -0.0125 0.063105125
v 0.063704725 -0.0125 0.055894825
v 0.063509275 -0.0125 0.05568847500000001
v 0.063704725 0.0125 0.055894825
v 0.063509275 0.0125 0.05568847500000001
v -0.059962425 0.0125 0.055894825
v -0.059766975 0.0125 0.05568847500000001
v -0.059962425 -0.0125 0.055894825
v -0.059766975 -0.0125 0.05568847500000001
v -0.059766975 0.0125 0.063105125
v -0.059962425 0.0125 0.062898775
v -0.059766975 -0.0125 0.063105125
v -0.059962425 -0.0125 0.062898775
v -0.0586399 0.0125 0.054831725000000005
v -0.0583888 0.0125 0.054698575
v -0.0586399 -0.0125 0.054831725000000005
v -0.0583888 -0.0125 0.054698575
v -0.0583888 0.0125 0.064095025
v -0.0586399 0.0125 0.063961875
v -0.0583888 -0.0125 0.064095025
v -0.0586399 -0.0125 0.063961875
v 0.054604975 0.0125 0.060104825
v 0.054574225 0.0125 0.059822274999999994
v 0.054604975 -0.0125 0.060104825
v 0.054574225 -0.0125 0.059822274999999994
v 0.06499732500000001 -0.0125 0.060104825
v 0.065028075 -0.0125 0.059822274999999994
v 0.06499732500000001 0.0125 0.060104825
v 0.065028075 0.0125 0.059822274999999994
v -0.061255025 0.0125 0.060104825
v -0.061285774999999994 0.0125 0.059822274999999994
v -0.061255025 -0.0125 0.060104825
v -0.061285774999999994 -0.0125 0.059822274999999994
v 0.05937545 0.0125 0.0541699
v 0.059659250000000004 0.0125 0.0541545
v 0.05937545 -0.0125 0.0541699
v 0.059659250000000004 -0.0125 0.0541545
v 0.05937545 -0.0125 0.0646237
v 0.059659250000000004 -0.0125 0.0646391
v 0.05937545 0.0125 0.0646237
v 0.059659250000000004 0.0125 0.0646391
v 0.060226850000000005 0.0125 0.0646237
v 0.05994305 0.0125 0.0646391
v 0.060226850000000005 -0.0125 0.0646237
v 0.05994305 -0.0125 0.0646391
v 0.05994305 0.0125 0.0541545
v 0.060226850000000005 0.0125 0.0541699
v 0.05994305 -0.0125 0.0541545
v 0.060226850000000005 -0.0125 0.0541699
v -0.05648455 0.0125 0.0541699
v -0.05620075 0.0125 0.0541545
v -0.05648455 -0.0125 0.0541699
v -0.05620075 -0.0125 0.0541545
v -0.05648455 -0.0125 0.0646237
v -0.05620075 -0.0125 0.0646391
v -0.05648455 0.0125 0.0646237
v -0.05620075 0.0125 0.0646391
v -0.055633150000000006 0.0125 0.0646237
v -0.05591695 0.0125 0.0646391
v -0.055633150000000006 -0.0125 0.0646237
v -0.05591695 -0.0125 0.0646391
v -0.05591695 0.0125 0.0541545
v -0.055633150000000006 0.0125 0.0541699
v -0.05591695 -0.0125 0.0541545
v -0.055633150000000006 -0.0125 0.0541699
v 0.0553825 0.0125 0.062221225000000005
v 0.055236 0.0125 0.061977675
v 0.0553825 -0.0125 0.062221225000000005
v 0.055236 -0.0125 0.061977675
v 0.0643663 0.0125 0.061977675
v 0.0642198 0.0125 0.062221225000000005
v 0.0643663 -0.0125 0.061977675
v 0.0642198 -0.0125 0.062221225000000005
v 0.058261775 0.0125 0.054383575
v 0.058535625 0.0125 0.054307524999999995
v 0.058261775 -0.0125 0.054383575
v 0.058535625 -0.0125 0.054307524999999995
v 0.06106667500000001 0.0125 0.054307524999999995
v 0.061340525 0.0125 0.054383575
v 0.06106667500000001 -0.0125 0.054307524999999995
v 0.061340525 -0.0125 0.054383575
v -0.057598225 0.0125 0.054383575
v -0.057324375 0.0125 0.054307524999999995
v -0.057598225 -0.0125 0.054383575
v -0.057324375 -0.0125 0.054307524999999995
v -0.0508626 -0.0125 0.060104825
v -0.0508319 -0.0125 0.059822274999999994
v -0.0508626 0.0125 0.060104825
v -0.0508319 0.0125 0.059822274999999994
v 0.05629905 0.0125 0.0554933
v 0.05651565 0.0125 0.0553093
v 0.05629905 -0.0125 0.0554933
v 0.05651565 -0.0125 0.0553093
v 0.05651565 0.0125 0.0634843
v 0.05629905 0.0125 0.0633003
v 0.05651565 -0.0125 0.0634843
v 0.05629905 -0.0125 0.0633003
v 0.06330325 0.0125 0.0633003
v 0.06308665000000001 0.0125 0.0634843
v 0.06330325 -0.0125 0.0633003
v 0.06308665000000001 -0.0125 0.0634843
v 0.06308665000000001 0.0125 0.0553093
v 0.06330325 0.0125 0.0554933
v 0.06308665000000001 -0.0125 0.0553093
v 0.06330325 -0.0125 0.0554933
v -0.05255675 0.0125 0.0633003
v -0.05277335 0.0125 0.0634843
v -0.05255675 -0.0125 0.0633003
v -0.05277335 -0.0125 0.0634843
v -0.05277335 0.0125 0.0553093
v -0.05255675 0.0125 0.0554933
v -0.05277335 -0.0125 0.0553093
v -0.05255675 -0.0125 0.0554933
v -0.0512414 0.0125 0.061468974999999995
v -0.0513607 0.0125 0.061726925
v -0.0512414 -0.0125 0.061468974999999995
v -0.0513607 -0.0125 0.061726925
v 0.058535625 0.0125 0.064486
v 0.058261775 0.0125 0.06441
v 0.058535625 -0.0125 0.064486
v 0.058261775 -0.0125 0.06441
v 0.061340525 0.0125 0.06441
v 0.06106667500000001 0.0125 0.064486
v 0.061340525 -0.0125 0.06441
v 0.06106667500000001 -0.0125 0.064486
v -0.057324375 0.0125 0.064486
v -0.057598225 0.0125 0.06441
v -0.057324375 -0.0125 0.064486
v -0.057598225 -0.0125 0.06441
v 0.054558850000000006 0.0125 0.059538900000000006
v 0.054558850000000006 0.0125 0.0592547
v 0.054558850000000006 -0.0125 0.059538900000000006
v 0.054558850000000006 -0.0125 0.0592547
v 0.06504345 0.0125 0.0592547
v 0.06504345 0.0125 0.059538900000000006
v 0.06504345 -0.0125 0.0592547
v 0.06504345 -0.0125 0.059538900000000006
v -0.06130115 0.0125 0.059538900000000006
v -0.06130115 0.0125 0.0592547
v -0.06130115 -0.0125 0.059538900000000006
v -0.06130115 -0.0125 0.0592547
v -0.050816549999999995 0.0125 0.0592547
v -0.050816549999999995 0.0125 0.059538900000000006
v -0.050816549999999995 -0.0125 0.0592547
v -0.050816549999999995 -0.0125 0.059538900000000006
v -0.060623975000000004 0.0125 0.05681585
v -0.060477425 0.0125 0.05657235
v -0.060623975000000004 -0.0125 0.05681585
v -0.060477425 -0.0125 0.05657235
v -0.051640175 0.0125 0.05657235
v -0.051493624999999994 0.0125 0.05681585
v -0.051640175 -0.0125 0.05657235
v -0.051493624999999994 -0.0125 0.05681585
v 0.0546509 0.0125 0.058408625
v 0.054712 0.0125 0.058131075000000004
v 0.0546509 -0.0125 0.058408625
v 0.054712 -0.0125 0.058131075000000004
v 0.0648903 0.0125 0.058131075000000004
v 0.0649514 0.0125 0.058408625
v 0.0648903 -0.0125 0.058131075000000004
v 0.0649514 -0.0125 0.058408625
v -0.0612091 0.0125 0.058408625
v -0.061148 0.0125 0.058131075000000004
v -0.0612091 -0.0125 0.058408625
v -0.061148 -0.0125 0.058131075000000004
v -0.050969600000000004 0.0125 0.058131075000000004
v -0.050908499999999995 0.0125 0.058408625
v -0.050969600000000004 -0.0125 0.058131075000000004
v -0.050908499999999995 -0.0125 0.058408625
v -0.053986450000000005 0.0125 0.0642142
v -0.05425045 0.0125 0.0643194
v -0.053986450000000005 -0.0125 0.0642142
v -0.05425045 -0.0125 0.0643194
v -0.05425045 0.0125 0.0544742
v -0.053986450000000005 0.0125 0.0545794
v -0.05425045 -0.0125 0.0544742
v -0.053986450000000005 -0.0125 0.0545794
v 0.055236 0.0125 0.05681585
v 0.0553825 0.0125 0.05657235
v 0.055236 -0.0125 0.05681585
v 0.0553825 -0.0125 0.05657235
v 0.0642198 0.0125 0.05657235
v 0.0643663 0.0125 0.05681585
v 0.0642198 -0.0125 0.05657235
v 0.0643663 -0.0125 0.05681585
v -0.07989507500000001 0.0125 0.08316947499999999
v -0.079667925 0.0125 0.08328002500000001
v -0.07989507500000001 -0.0125 0.08316947499999999
v -0.079667925 -0.0125 0.08328002500000001
v 0.032031000000000004 0.0125 0.08595222500000001
v 0.0320263 0.0125 0.086093475
v 0.032031000000000004 -0.0125 0.08595222500000001
v 0.0320263 -0.0125 0.086093475
v -0.037753525 0.0125 0.08631475
v -0.037631075 0.0125 0.08629265
v -0.037753525 -0.0125 0.08631475
v -0.037631075 -0.0125 0.08629265
v -0.03756985 -0.0125 0.0862816
v -0.03781475 -0.0125 0.08632580000000001
v -0.03756985 0.0125 0.0862816
v -0.03781475 0.0125 0.08632580000000001
v 0.03202395 -0.0125 0.08616410000000001
v 0.03203335 -0.0125 0.0858816
v 0.03202395 0.0125 0.08616410000000001
v 0.03203335 0.0125 0.0858816
v -0.07955435 -0.0125 0.0833353
v -0.08000865 -0.0125 0.0831142
v -0.07955435 0.0125 0.0833353
v -0.08000865 0.0125 0.0831142
v 0.06443955 -0.0125 0.056937600000000005
v 0.06414655 -0.0125 0.056450600000000004
v 0.06443955 0.0125 0.056937600000000005
v 0.06414655 0.0125 0.056450600000000004
v 0.055455750000000005 -0.0125 0.056450600000000004
v 0.05516275 -0.0125 0.056937600000000005
v 0.055455750000000005 0.0125 0.056450600000000004
v 0.05516275 0.0125 0.056937600000000005
v -0.05385445 -0.0125 0.054632
v -0.054382450000000006 -0.0125 0.05442160000000001
v -0.05385445 0.0125 0.054632
v -0.054382450000000006 0.0125 0.05442160000000001
v -0.054382450000000006 -0.0125 0.064372
v -0.05385445 -0.0125 0.0641616
v -0.054382450000000006 0.0125 0.064372
v -0.05385445 0.0125 0.0641616
v -0.05087795 -0.0125 0.0585474
v -0.05100015 -0.0125 0.0579923
v -0.05087795 0.0125 0.0585474
v -0.05100015 0.0125 0.0579923
v -0.061117450000000004 -0.0125 0.0579923
v -0.06123965 -0.0125 0.0585474
v -0.061117450000000004 0.0125 0.0579923
v -0.06123965 0.0125 0.0585474
v 0.06498195 -0.0125 0.0585474
v 0.06485975 -0.0125 0.0579923
v 0.06498195 0.0125 0.0585474
v 0.06485975 0.0125 0.0579923
v 0.05474255 -0.0125 0.0579923
v 0.054620350000000005 -0.0125 0.0585474
v 0.05474255 0.0125 0.0579923
v 0.054620350000000005 0.0125 0.0585474
v -0.051420350000000004 -0.0125 0.056937600000000005
v -0.051713449999999994 -0.0125 0.056450600000000004
v -0.051420350000000004 0.0125 0.056937600000000005
v -0.051713449999999994 0.0125 0.056450600000000004
v -0.060404150000000004 -0.0125 0.056450600000000004
v -0.06069725 -0.0125 0.056937600000000005
v -0.060404150000000004 0.0125 0.056450600000000004
v -0.06069725 0.0125 0.056937600000000005
v -0.050816549999999995 -0.0125 0.059681
v -0.050816549999999995 -0.0125 0.05911260000000001
v -0.050816549999999995 0.0125 0.059681
v -0.050816549999999995 0.0125 0.05911260000000001
v -0.06130115 -0.0125 0.05911260000000001
v -0.06130115 -0.0125 0.059681
v -0.06130115 0.0125 0.05911260000000001
v -0.06130115 0.0125 0.059681
v 0.06504345 -0.0125 0.059681
v 0.06504345 -0.0125 0.05911260000000001
v 0.06504345 0.0125 0.059681
v 0.06504345 0.0125 0.05911260000000001
v 0.054558850000000006 -0.0125 0.05911260000000001
v 0.054558850000000006 -0.0125 0.059681
v 0.054558850000000006 0.0125 0.05911260000000001
v 0.054558850000000006 0.0125 0.059681
v -0.05773515 -0.0125 0.064372
v -0.05718745 -0.0125 0.064524
v -0.05773515 0.0125 0.064372
v -0.05718745 0.0125 0.064524
v 0.060929750000000005 -0.0125 0.064524
v 0.061477449999999996 -0.0125 0.064372
v 0.060929750000000005 0.0125 0.064524
v 0.061477449999999996 0.0125 0.064372
v 0.05812485 -0.0125 0.064372
v 0.058672550000000004 -0.0125 0.064524
v 0.05812485 0.0125 0.064372
v 0.058672550000000004 0.0125 0.064524
v -0.051420350000000004 -0.0125 0.061855900000000005
v -0.05118175 -0.0125 0.061340000000000006
v -0.051420350000000004 0.0125 0.061855900000000005
v -0.05118175 0.0125 0.061340000000000006
v -0.05244845 -0.0125 0.055585300000000004
v -0.05288165 -0.0125 0.0552173
v -0.05244845 0.0125 0.055585300000000004
v -0.05288165 0.0125 0.0552173
v -0.05288165 -0.0125 0.0635763
v -0.05244845 -0.0125 0.0632083
v -0.05288165 0.0125 0.0635763
v -0.05244845 0.0125 0.0632083
v 0.06341155 -0.0125 0.055585300000000004
v 0.06297835 -0.0125 0.0552173
v 0.06341155 0.0125 0.055585300000000004
v 0.06297835 0.0125 0.0552173
v 0.06297835 -0.0125 0.0635763
v 0.06341155 -0.0125 0.0632083
v 0.06297835 0.0125 0.0635763
v 0.06341155 0.0125 0.0632083
v 0.05619075 -0.0125 0.0632083
v 0.05662395 -0.0125 0.0635763
v 0.05619075 0.0125 0.0632083
v 0.05662395 0.0125 0.0635763
v 0.05662395 -0.0125 0.0552173
v 0.05619075 -0.0125 0.055585300000000004
v 0.05662395 0.0125 0.0552173
v 0.05619075 0.0125 0.055585300000000004
v -0.05087795 0.0125 0.060246100000000004
v -0.05087795 -0.0125 0.060246100000000004
v -0.05718745 -0.0125 0.0542695
v -0.05773515 -0.0125 0.05442160000000001
v -0.05718745 0.0125 0.0542695
v -0.05773515 0.0125 0.05442160000000001
v 0.061477449999999996 -0.0125 0.05442160000000001
v 0.060929750000000005 -0.0125 0.0542695
v 0.061477449999999996 0.0125 0.05442160000000001
v 0.060929750000000005 0.0125 0.0542695
v 0.058672550000000004 -0.0125 0.0542695
v 0.05812485 -0.0125 0.05442160000000001
v 0.058672550000000004 0.0125 0.0542695
v 0.05812485 0.0125 0.05442160000000001
v 0.06414655 -0.0125 0.062343
v 0.06443955 -0.0125 0.061855900000000005
v 0.06414655 0.0125 0.062343
v 0.06443955 0.0125 0.061855900000000005
v 0.05516275 -0.0125 0.061855900000000005
v 0.055455750000000005 -0.0125 0.062343
v 0.05516275 0.0125 0.061855900000000005
v 0.055455750000000005 0.0125 0.062343
v -0.05549125 -0.0125 0.054177600000000006
v -0.05605885 -0.0125 0.054146799999999995
v -0.05549125 0.0125 0.054177600000000006
v -0.05605885 0.0125 0.054146799999999995
v -0.05605885 -0.0125 0.0646468
v -0.05549125 -0.0125 0.06461599999999999
v -0.05605885 0.0125 0.0646468
v -0.05549125 0.0125 0.06461599999999999
v -0.05662645 0.0125 0.06461599999999999
v -0.05662645 -0.0125 0.06461599999999999
v -0.05662645 -0.0125 0.054177600000000006
v -0.05662645 0.0125 0.054177600000000006
v 0.060368750000000006 -0.0125 0.054177600000000006
v 0.05980115 -0.0125 0.054146799999999995
v 0.060368750000000006 0.0125 0.054177600000000006
v 0.05980115 0.0125 0.054146799999999995
v 0.05980115 -0.0125 0.0646468
v 0.060368750000000006 -0.0125 0.06461599999999999
v 0.05980115 0.0125 0.0646468
v 0.060368750000000006 0.0125 0.06461599999999999
v 0.05923355 0.0125 0.06461599999999999
v 0.05923355 -0.0125 0.06461599999999999
v 0.05923355 -0.0125 0.054177600000000006
v 0.05923355 0.0125 0.054177600000000006
v -0.06123965 -0.0125 0.060246100000000004
v -0.06123965 0.0125 0.060246100000000004
v 0.06498195 0.0125 0.060246100000000004
v 0.06498195 -0.0125 0.060246100000000004
v 0.054620350000000005 -0.0125 0.060246100000000004
v 0.054620350000000005 0.0125 0.060246100000000004
v -0.058765450000000004 -0.0125 0.0638953
v -0.058263249999999996 -0.0125 0.0641616
v -0.058765450000000004 0.0125 0.0638953
v -0.058263249999999996 0.0125 0.0641616
v -0.058263249999999996 -0.0125 0.054632
v -0.058765450000000004 -0.0125 0.054898300000000004
v -0.058263249999999996 0.0125 0.054632
v -0.058765450000000004 0.0125 0.054898300000000004
v -0.06006015 -0.0125 0.06279560000000001
v -0.05966925 -0.0125 0.0632083
v -0.06006015 0.0125 0.06279560000000001
v -0.05966925 0.0125 0.0632083
v -0.05966925 -0.0125 0.055585300000000004
v -0.06006015 -0.0125 0.055998
v -0.05966925 0.0125 0.055585300000000004
v -0.06006015 0.0125 0.055998
v 0.06380245000000001 0.0125 0.055998
v 0.06380245000000001 -0.0125 0.055998
v 0.06380245000000001 -0.0125 0.06279560000000001
v 0.06380245000000001 0.0125 0.06279560000000001
v -0.060935949999999996 -0.0125 0.061340000000000006
v -0.06069725 -0.0125 0.061855900000000005
v -0.060935949999999996 0.0125 0.061340000000000006
v -0.06069725 0.0125 0.061855900000000005
v 0.06467825 -0.0125 0.061340000000000006
v 0.06467825 0.0125 0.061340000000000006
v 0.05492405 0.0125 0.061340000000000006
v 0.05492405 -0.0125 0.061340000000000006
v -0.05335215 -0.0125 0.054898300000000004
v -0.05335215 0.0125 0.054898300000000004
v -0.05335215 0.0125 0.0638953
v -0.05335215 -0.0125 0.0638953
v -0.059235949999999996 0.0125 0.0635763
v -0.059235949999999996 -0.0125 0.0635763
v -0.059235949999999996 -0.0125 0.0552173
v -0.059235949999999996 0.0125 0.0552173
v 0.06250785 -0.0125 0.054898300000000004
v 0.06250785 0.0125 0.054898300000000004
v 0.06250785 0.0125 0.0638953
v 0.06250785 -0.0125 0.0638953
v 0.05709445 -0.0125 0.0638953
v 0.05709445 0.0125 0.0638953
v 0.05709445 0.0125 0.054898300000000004
v 0.05709445 -0.0125 0.054898300000000004
v -0.061117450000000004 0.0125 0.060801299999999996
v -0.061117450000000004 -0.0125 0.060801299999999996
v -0.060935949999999996 0.0125 0.0574536
v -0.060935949999999996 -0.0125 0.0574536
v 0.06467825 -0.0125 0.0574536
v 0.06467825 0.0125 0.0574536
v 0.06485975 -0.0125 0.060801299999999996
v 0.06485975 0.0125 0.060801299999999996
v 0.05474255 0.0125 0.060801299999999996
v 0.05474255 -0.0125 0.060801299999999996
v 0.05492405 0.0125 0.0574536
v 0.05492405 -0.0125 0.0574536
v 0.06200555 0.0125 0.054632
v 0.06200555 -0.0125 0.054632
v 0.06200555 -0.0125 0.0641616
v 0.06200555 0.0125 0.0641616
v 0.057596749999999995 0.0125 0.0641616
v 0.057596749999999995 -0.0125 0.0641616
v 0.057596749999999995 -0.0125 0.054632
v 0.057596749999999995 0.0125 0.054632
v -0.05493025000000001 0.0125 0.0542695
v -0.05493025000000001 -0.0125 0.0542695
v -0.051713449999999994 0.0125 0.062343
v -0.051713449999999994 -0.0125 0.062343
v -0.060404150000000004 -0.0125 0.062343
v -0.060404150000000004 0.0125 0.062343
v -0.05118175 -0.0125 0.0574536
v -0.05118175 0.0125 0.0574536
v -0.05100015 -0.0125 0.060801299999999996
v -0.05100015 0.0125 0.060801299999999996
v -0.052057450000000005 -0.0125 0.055998
v -0.052057450000000005 0.0125 0.055998
v -0.052057450000000005 0.0125 0.06279560000000001
v -0.052057450000000005 -0.0125 0.06279560000000001
v 0.05579975 -0.0125 0.06279560000000001
v 0.05579975 0.0125 0.06279560000000001
v 0.05579975 0.0125 0.055998
v 0.05579975 -0.0125 0.055998
v -0.05493025000000001 -0.0125 0.064524
v -0.05493025000000001 0.0125 0.064524
v 0.04119965 -0.0125 0.084848
v 0.04064095 -0.0125 0.085245
v 0.04119965 0.0125 0.084848
v 0.04064095 0.0125 0.085245
v 0.040111850000000004 -0.0125 0.0857103
v 0.03964435 -0.0125 0.0862144
v 0.040111850000000004 0.0125 0.0857103
v 0.03964435 0.0125 0.0862144
v 0.041803549999999995 0.0125 0.0845043
v 0.041803549999999995 -0.0125 0.0845043
v 0.04247375 0.0125 0.0842049
v 0.04247375 -0.0125 0.0842049
v 0.03916045 -0.0125 0.0868567
v 0.03916045 0.0125 0.0868567
v 0.04324165 0.0125 0.0839448
v 0.04324165 -0.0125 0.0839448
v -0.08391995 -0.0125 0.0798446
v -0.08438504999999999 -0.0125 0.079089
v -0.08391995 0.0125 0.0798446
v -0.08438504999999999 0.0125 0.079089
v -0.08337595 0.0125 0.0805505
v -0.08337595 -0.0125 0.0805505
v -0.08477755000000001 -0.0125 0.0782646
v -0.08477755000000001 0.0125 0.0782646
v -0.08508105 -0.0125 0.0774007
v -0.08508105 0.0125 0.0774007
v -0.08529624999999999 -0.0125 0.07650850000000001
v -0.08529624999999999 0.0125 0.07650850000000001
v -0.08273925 0.0125 0.08122159999999999
v -0.08273925 -0.0125 0.08122159999999999
v 0.02568005 -0.0125 0.105793
v 0.026439249999999997 -0.0125 0.105257
v 0.02568005 0.0125 0.105793
v 0.026439249999999997 0.0125 0.105257
v 0.03867625 -0.0125 0.08765440000000001
v 0.03867625 0.0125 0.08765440000000001
v 0.02717905 -0.0125 0.10461000000000001
v 0.02782565 -0.0125 0.10391299999999999
v 0.02717905 0.0125 0.10461000000000001
v 0.02782565 0.0125 0.10391299999999999
v -0.03879025 -0.0125 0.0864393
v -0.03879025 0.0125 0.0864393
v -0.08198875 0.0125 0.0818683
v -0.08198875 -0.0125 0.0818683
v -0.08543575 -0.0125 0.0755098
v -0.08543575 0.0125 0.0755098
v 0.02844175 -0.0125 0.103105
v 0.02844175 0.0125 0.103105
v 0.024788450000000004 0.0125 0.1063
v 0.024788450000000004 -0.0125 0.1063
v 0.030505550000000003 -0.0125 0.10774900000000001
v 0.029709850000000003 -0.0125 0.108437
v 0.030505550000000003 0.0125 0.10774900000000001
v 0.029709850000000003 0.0125 0.108437
v -0.08109345 0.0125 0.082498
v -0.08109345 -0.0125 0.082498
v 0.03127715 0.0125 0.10693
v 0.03127715 -0.0125 0.10693
v 0.03196275 0.0125 0.106037
v 0.03196275 -0.0125 0.106037
v 0.022642250000000003 -0.0125 0.107152
v 0.023707950000000002 -0.0125 0.106783
v 0.022642250000000003 0.0125 0.107152
v 0.023707950000000002 0.0125 0.106783
v 0.02878775 -0.0125 0.10908799999999999
v 0.02878775 0.0125 0.10908799999999999
v -0.08548315000000001 -0.0125 0.0743688
v -0.08548315000000001 0.0125 0.0743688
v 0.044361050000000006 0.0125 0.0836833
v 0.044361050000000006 -0.0125 0.0836833
v 0.03649705 -0.0125 0.0936737
v 0.03618625 -0.0125 0.09481310000000001
v 0.03649705 0.0125 0.0936737
v 0.03618625 0.0125 0.09481310000000001
v 0.02908465 -0.0125 0.102061
v 0.02908465 0.0125 0.102061
v 0.027705950000000003 -0.0125 0.109703
v 0.027705950000000003 0.0125 0.109703
v 0.03812915 -0.0125 0.0887754
v 0.03812915 0.0125 0.0887754
v -0.04005005 -0.0125 0.08646240000000001
v -0.04005005 0.0125 0.08646240000000001
v 0.032644150000000004 0.0125 0.104957
v 0.032644150000000004 -0.0125 0.104957
v 0.02965565 -0.0125 0.100895
v 0.02965565 0.0125 0.100895
v -0.08540924999999999 -0.0125 0.0730362
v -0.08540924999999999 0.0125 0.0730362
v -0.01917325 -0.0125 0.102127
v -0.01806775 -0.0125 0.103113
v -0.01917325 0.0125 0.102127
v -0.01806775 0.0125 0.103113
v 0.02628005 -0.0125 0.11033200000000001
v 0.02628005 0.0125 0.11033200000000001
v 0.08548315000000001 -0.0125 0.05
v 0.08535985 -0.0125 0.0515551
v 0.08548315000000001 0.0125 0.05
v 0.08535985 0.0125 0.0515551
v -0.01677775 -0.0125 0.10404400000000001
v -0.015416250000000001 -0.0125 0.104826
v -0.01677775 0.0125 0.10404400000000001
v -0.015416250000000001 0.0125 0.104826
v -0.02023765 0.0125 0.100972
v -0.02023765 -0.0125 0.100972
v -0.08516595 -0.0125 0.0714432
v -0.08516595 0.0125 0.0714432
v 0.04599785 0.0125 0.0834718
v 0.04599785 -0.0125 0.0834718
v 0.024643449999999997 -0.0125 0.11086499999999999
v 0.024643449999999997 0.0125 0.11086499999999999
v -0.013846849999999999 -0.0125 0.105542
v -0.013846849999999999 0.0125 0.105542
v -0.02128615 0.0125 0.09958310000000001
v -0.02128615 -0.0125 0.09958310000000001
v 0.02089125 0.0125 0.107591
v 0.02089125 -0.0125 0.107591
v 0.030308850000000002 -0.0125 0.09915260000000001
v 0.030308850000000002 0.0125 0.09915260000000001
v 0.033497650000000004 0.0125 0.103259
v 0.033497650000000004 -0.0125 0.103259
v -0.08467495 -0.0125 0.0694923
v -0.08467495 0.0125 0.0694923
v -0.02236005 0.0125 0.0978336
v -0.02236005 -0.0125 0.0978336
v -0.02244905 -0.0125 0.107508
v -0.02416315 -0.0125 0.10637100000000001
v -0.02244905 0.0125 0.107508
v -0.02416315 0.0125 0.10637100000000001
v -0.02331455 0.0125 0.0959285
v -0.02331455 -0.0125 0.0959285
v 0.013163560000000001 -0.0125 0.108253
v 0.015293639999999999 -0.0125 0.108193
v 0.013163560000000001 0.0125 0.108253
v 0.015293639999999999 0.0125 0.108193
v 0.02253145 -0.0125 0.11133900000000001
v 0.02253145 0.0125 0.11133900000000001
v -0.02586215 -0.0125 0.104987
v -0.02586215 0.0125 0.104987
v -0.02050465 0.0125 0.108528
v -0.02050465 -0.0125 0.108528
v -0.01844815 0.0125 0.109362
v -0.01844815 -0.0125 0.109362
v 0.01866965 0.0125 0.10793900000000001
v 0.01866965 -0.0125 0.10793900000000001
v 0.08498485 -0.0125 0.0537822
v 0.08498485 0.0125 0.0537822
v -0.042315250000000006 -0.0125 0.0862946
v -0.042315250000000006 0.0125 0.0862946
v 0.06955485 -0.0125 0.078973
v 0.06755165 -0.0125 0.0801191
v 0.06955485 0.0125 0.078973
v 0.06755165 0.0125 0.0801191
v 0.03715565 0.0125 0.0914289
v 0.03715565 -0.0125 0.0914289
v 0.06534225 -0.0125 0.0811104
v 0.06534225 0.0125 0.0811104
v -0.02759735 -0.0125 0.10326700000000001
v -0.02759735 0.0125 0.10326700000000001
v 0.07160555 0.0125 0.0775007
v 0.07160555 -0.0125 0.0775007
v -0.011450450000000001 -0.0125 0.106369
v -0.011450450000000001 0.0125 0.106369
v 0.07350355 0.0125 0.0758065
v 0.07350355 -0.0125 0.0758065
v 0.030963650000000002 -0.0125 0.096661
v 0.030963650000000002 0.0125 0.096661
v -0.08381125 -0.0125 0.0670486
v -0.08381125 0.0125 0.0670486
v 0.07529385000000001 0.0125 0.0738564
v 0.07529385000000001 -0.0125 0.0738564
v 0.06283305 -0.0125 0.0819544
v 0.06283305 0.0125 0.0819544
v 0.01978465 -0.0125 0.111706
v 0.01978465 0.0125 0.111706
v 0.03453615 0.0125 0.100549
v 0.03453615 -0.0125 0.100549
v -0.02947295 -0.0125 0.101014
v -0.02947295 0.0125 0.101014
v 0.05988895 -0.0125 0.08263870000000001
v 0.05988895 0.0125 0.08263870000000001
v -0.01542165 0.0125 0.110261
v -0.01542165 -0.0125 0.110261
v -0.012323150000000001 0.0125 0.11088800000000001
v -0.012323150000000001 -0.0125 0.11088800000000001
v -0.08239755000000001 -0.0125 0.0639645
v -0.08239755000000001 0.0125 0.0639645
v -0.008055050000000001 -0.0125 0.107167
v -0.008055050000000001 0.0125 0.107167
v 0.05642345 -0.0125 0.08311349999999999
v 0.05642345 0.0125 0.08311349999999999
v 0.08406495 -0.0125 0.057286000000000004
v 0.08406495 0.0125 0.057286000000000004
v -0.03157395 -0.0125 0.09796060000000001
v -0.03157395 0.0125 0.09796060000000001
v 0.07758555 0.0125 0.0708146
v 0.07758555 -0.0125 0.0708146
v -0.024730850000000002 0.0125 0.0923391
v -0.024730850000000002 -0.0125 0.0923391
v 0.01555516 -0.0125 0.11193199999999999
v 0.01161235 -0.0125 0.11194100000000001
v 0.01555516 0.0125 0.11193199999999999
v 0.01161235 0.0125 0.11194100000000001
v 0.03158255 0.0125 0.09275779999999999
v 0.03158255 -0.0125 0.09275779999999999
v -0.04688325 -0.0125 0.0858276
v -0.04688325 0.0125 0.0858276
v 0.05060535 0.0125 0.0833471
v 0.05060535 -0.0125 0.0833471
v 0.08010085 0.0125 0.066661
v 0.08010085 -0.0125 0.066661
v -0.07998675000000001 -0.0125 0.059734999999999996
v -0.07998675000000001 0.0125 0.059734999999999996
v 0.08223135 0.0125 0.0622441
v 0.08223135 -0.0125 0.0622441
v -0.03407505 -0.0125 0.0935562
v -0.03407505 0.0125 0.0935562
v -0.00279242 -0.0125 0.10786
v -0.00279242 0.0125 0.10786
v -0.07691955 -0.0125 0.055206099999999994
v -0.07691955 0.0125 0.055206099999999994
v -0.00633885 0.0125 0.111548
v -0.00633885 -0.0125 0.111548
v -0.026600850000000002 0.0125 0.0861648
v -0.026600850000000002 -0.0125 0.0861648
v -0.07292525000000001 -0.0125 0.05
v -0.07292525000000001 0.0125 0.05
v 0.00480622 -0.0125 0.108213
v 0.00480622 0.0125 0.108213
v 0.00238562 0.0125 0.11182800000000001
v 0.00238562 -0.0125 0.11182800000000001
v -0.07007965000000001 0.0125 0.08443590000000001
v -0.07007965000000001 -0.0125 0.08443590000000001
v -0.058171650000000005 -0.0125 0.0852131
v -0.058171650000000005 0.0125 0.0852131
v 0.00271625 -0.0125 0.08602320000000001
v 0.00271625 0.0125 0.08602320000000001
v -0.03819815 0.004875 0.05
v 0.050756050000000004 -0.004875 0.05
v -0.049313875 0.025 0.08150650000000001
v -0.072312125 0.025 0.0718679
v 0.07320645 0.025 0.05213475
v 0.07320645 -0.025 0.05213475
v -0.049252649999999995 0.025 0.08149545
v -0.0715236 0.025 0.06531245000000001
v -0.07255600000000001 0.025 0.07189627500000001
v -0.0500455 0.025 0.08159162500000001
v -0.07174025 0.025 0.06512845
v 0.0734803 -0.025 0.0522108
v 0.0734803 0.025 0.0522108
v -0.028371550000000002 0.025 0.0942043
v 0.0390471375 -0.025 0.076019525
v -0.0719357 0.025 0.0649221
v -0.049801624999999995 0.025 0.08156325
v -0.05099035 0.025 0.08160895
v -0.07287095 0.025 0.07190205
v 0.07374435 0.025 0.052316
v 0.07374435 -0.025 0.052316
v -0.0721077 0.025 0.0646958
v -0.0650699 -0.025 0.07361575000000001
v 0.059437825 -0.00053125 0.05
v -0.064243475 0.01684375 0.05
v -0.064243475 -0.00815625 0.05
v 0.042074274999999994 -0.00921875 0.05
v -0.046879925 0.00053125 0.05
v -0.029516375 0.00921875 0.05
v 0.076801375 0.00815625 0.05
v 0.076801375 -0.01684375 0.05
v -0.07225425 0.025 0.06445225
v -0.06487445 -0.025 0.0738221
v -0.0723736 0.025 0.06419430000000001
v -0.0723736 -0.025 0.06419430000000001
v -0.07246435 -0.025 0.06392495000000001
v -0.07246435 0.025 0.06392495000000001
v 0.07399549999999999 -0.025 0.05244915
v 0.07399549999999999 0.025 0.05244915
v -0.0506754 0.025 0.081603175
v 0.056791850000000005 0.025 0.0734617
v 0.07423075 0.025 0.05260865
v 0.07423075 -0.025 0.05260865
v 0.07146695 -0.025 0.0743077
v -0.0014244499999999998 -0.025 0.0778725
v 0.02088075 -0.025 0.08321189999999999
v -0.04603485 -0.025 0.0671937
v -0.02372965 -0.025 0.0725331
v -0.05268925000000001 0.025 0.0814831
v -0.07343725 0.025 0.0718601
v 0.020950875 -0.025 0.0832234
v -0.023379025 -0.025 0.0725906
v -0.04554397500000001 -0.025 0.0672742
v -0.001214075 -0.025 0.077907
v 0.07444735 -0.025 0.052792649999999997
v 0.07444735 0.025 0.052792649999999997
v -0.028903750000000002 0.025 0.0936268
v 0.021021825 -0.025 0.08322725
v -0.0010012250000000001 -0.025 0.07791855
v -0.023024275 -0.025 0.07260985
v -0.045047325000000006 -0.025 0.06730115
v -0.0012842 -0.025 0.0778955
v -0.045614100000000005 -0.025 0.06726270000000001
v -0.0235894 -0.025 0.0725561
v 0.07436387500000001 -0.023093750000000003 0.05
v -0.061805975000000006 0.023093750000000003 0.05
v 0.052125325 -0.01928125 0.05
v 0.029886775 -0.01546875 0.05
v -0.017328875 0.01546875 0.05
v 0.007648225 -0.01165625 0.05
v 0.0049096750000000005 0.01165625 0.05
v -0.039567424999999996 0.01928125 0.05
v -0.0444072 0.025 0.0520888
v -0.0444072 -0.025 0.0520888
v 0.028105775 0.025 0.0726393
v -0.015659525 0.025 0.0834597
v 0.049988425 0.025 0.0672291
v 0.006223125 0.025 0.0780495
v -0.045118275 -0.025 0.0672973
v -0.0010721749999999999 -0.025 0.0779147
v -0.023237125 -0.025 0.0725983
v -0.023519275 -0.025 0.0725676
v 0.0746428 0.025 0.052999000000000004
v 0.0746428 -0.025 0.052999000000000004
v -0.01572965 0.025 0.08347120000000001
v 0.02775515 0.025 0.0726968
v 0.04949755 0.025 0.0673096
v 0.00601275 0.025 0.078084
v -0.023166175 -0.025 0.07260215
v -0.04575435 -0.025 0.0672397
v 0.048085699999999995 -0.025 0.06425475
v -0.0069393499999999995 -0.025 0.06178725
v 0.025790000000000004 -0.025 0.06353225
v -0.029250125 0.025 0.0753312312
v 0.07481485 -0.025 0.0532253
v 0.07481485 0.025 0.0532253
v 0.027400400000000002 0.025 0.07271605
v 0.0057999 0.025 0.07809555
v 0.0490009 0.025 0.06733655
v -0.0158006 0.025 0.08347505
v 0.006082875 0.025 0.0780725
v 0.049567675 0.025 0.0672981
v 0.027965525 0.025 0.0726623
v -0.045260175 -0.025 0.0672896
v 0.07496135 0.025 0.0534688
v 0.07496135 -0.025 0.0534688
v -0.07694545 0.025 0.07574225
v -0.01587155 0.025 0.08347120000000001
v 0.02704565 0.025 0.0726968
v 0.048504250000000006 0.025 0.0673096
v 0.0055870500000000005 0.025 0.078084
v 0.04907185 0.025 0.06733270000000001
v 0.0058708499999999995 0.025 0.0780917
v 0.02761325 0.025 0.0727045
v 0.0278954 0.025 0.0726738
v 0.0750807 -0.025 0.0537268
v 0.0750807 0.025 0.0537268
v -0.058920450000000006 -0.025 0.0742107
v -0.015941675 0.025 0.0834597
v 0.048013375 0.025 0.0672291
v 0.005376675 0.025 0.0780495
v 0.026695025 0.025 0.0726393
v 0.005658 0.025 0.07808785
v 0.0485752 0.025 0.06731345
v 0.027258499999999998 0.025 0.07270835
v 0.027542300000000002 0.025 0.07270835
v 0.049707925 0.025 0.0672751
v 0.01602895 0.0 0.055
v 0.00627895 -0.00975 0.055
v -0.00347105 0.0 0.055
v 0.00627895 0.00975 0.055
v 0.026352712500000004 0.025 0.0725443
v -0.0160101375 0.025 0.0834407
v 0.047534137500000004 0.025 0.06709609999999999
v 0.005171287500000001 0.025 0.0779925
v 0.0480835 0.025 0.0672406
v 0.0269054 0.025 0.0726738
v 0.005446800000000001 0.025 0.078061
v 0.027187549999999998 0.025 0.0727045
v 0.04921375 0.025 0.067325
v -0.05212295 0.025 0.08152505
v 0.02602265 0.025 0.0724128
v 0.00497325 0.025 0.0779136
v -0.01607615 0.025 0.0834144
v 0.047072050000000004 0.025 0.066912
v 0.00523975 0.025 0.0780115
v 0.047602599999999995 0.025 0.0671151
v 0.026558099999999998 0.025 0.07260130000000001
v 0.026835275 0.025 0.0726623
v 0.048717100000000006 0.025 0.06732115000000001
v 0.0257087125 0.025 0.0722463625
v -0.0161389375 0.025 0.08338111250000001
v 0.0466325375 0.025 0.0666789875
v 0.0047848875 0.025 0.07781373750000001
v 0.0471380625 0.025 0.0669383
v 0.005039262500000001 0.025 0.0779399
v 0.0262206875 0.025 0.0724917
v 0.0264896375 0.025 0.0725823
v 0.04822375 0.025 0.06726359999999999
v 0.00460845 0.025 0.07769411250000001
v -0.01619775 0.025 0.0833412375
v 0.04622085 0.025 0.0663998625
v 0.02541465 0.025 0.0720469875
v 0.004847675 0.025 0.077847025
v 0.046695325 0.025 0.066712275
v 0.025897075 0.025 0.072346225
v 0.026154675 0.025 0.0724654
v -0.0717575 0.025 0.062382900000000005
v -0.0717575 -0.025 0.062382900000000005
v 0.07501905 0.025 0.05450435
v 0.07501905 -0.025 0.05450435
v 0.047739525000000005 0.025 0.0671531
v 0.0751098 -0.025 0.054773699999999995
v 0.0751098 0.025 0.054773699999999995
v -0.07181860000000001 -0.025 0.0621053
v -0.07181860000000001 0.025 0.0621053
v 0.0251439 0.025 0.0718169875
v 0.0458418 0.025 0.0660778625
v 0.004446 0.025 0.07755611250000001
v -0.0162519 0.025 0.0832952375
v 0.0462796625 0.025 0.0664397375
v 0.0255910875 0.025 0.07216661249999999
v 0.0046672625 0.025 0.0777339875
v 0.0258342875 0.025 0.0723129375
v 0.0472700875 0.025 0.0669909
v -0.016300775 0.025 0.08324365
v 0.024899525 0.025 0.07155905
v 0.045499675 0.025 0.06571675
v 0.004299375 0.025 0.07740135000000001
v 0.0045001500000000005 0.025 0.0776021125
v 0.025306350000000002 0.025 0.0719549875
v 0.045895950000000005 0.025 0.0661238625
v 0.025532275000000004 0.025 0.07212673750000001
v 0.024684525000000002 0.025 0.07127617500000001
v -0.016343775 0.025 0.083187075
v 0.045198675 0.025 0.065320725
v 0.0041703750000000005 0.025 0.077231625
v 0.0043482500000000006 0.025 0.0774529375
v 0.02504615 0.025 0.0717138125
v 0.04554855 0.025 0.0657683375
v 0.0468209 0.025 0.06677885
v -0.0163804 0.025 0.0831261875
v 0.0449423 0.025 0.0648945125
v 0.0040605 0.025 0.0770489625
v 0.024501400000000003 0.025 0.07097173749999999
v 0.025252200000000002 0.025 0.0719089875
v -0.0164482 0.025 0.08292496249999999
v 0.0038571 0.025 0.0764452875
v 0.0444677 0.025 0.0634859375
v 0.0241624 0.025 0.0699656125
v 0.045241675 0.025 0.0653773
v 0.004213375 0.025 0.0772882
v 0.024813525 0.025 0.0714459
v -0.0164102375 0.025 0.0830617
v 0.0447334375 0.025 0.0644431
v 0.0243522125 0.025 0.07064930000000001
v 0.0039709875 0.025 0.07685550000000001
v 0.024238775 0.025 0.0703126125
v -0.016432925 0.025 0.0829943625
v 0.044574625 0.025 0.0639717375
v 0.003902925 0.025 0.07665348749999999
v 0.0039256125 0.025 0.076720825
v 0.0445973125 0.025 0.064039075
v 0.0243068375 0.025 0.07051462500000001
v 0.024284150000000004 0.025 0.0704472875
v 0.04464268749999999 0.025 0.06417375
v 0.044978924999999996 0.025 0.0649554
v 0.004097125 0.025 0.07710985000000001
v 0.024611275 0.025 0.0711544
v 0.044559350000000005 0.025 0.0639023375
v 0.0038876500000000003 0.025 0.07658408750000001
v 0.02419295 0.025 0.0701044125
v 0.004000825 0.025 0.0769199875
v 0.044763275 0.025 0.0645075875
v 0.024441725 0.025 0.0708427625
v 0.046397287499999995 0.025 0.0665194875
v 0.024997275000000003 0.025 0.071662225
v 0.024208225 0.025 0.0701738125
v 0.04452880000000001 0.025 0.0637635375
v 0.0244118875 0.025 0.070778275
v 0.024770525 0.025 0.071389325
v 0.02457465 0.025 0.0710935125
v 0.04482295 0.025 0.0646365625
v 0.046004250000000003 0.025 0.0662158625
v 0.045052175 0.025 0.065077175
v 0.0456463 0.025 0.06587151249999999
v 0.045327675000000005 0.025 0.06549044999999999
v -0.006494812500000001 0.025 0.0557029
v -0.006494812500000001 -0.025 0.0557029
v 0.0487128375 0.025 0.0540649
v 0.0487128375 -0.025 0.0540649
v 0.0276714125 0.025 0.0538395
v 0.0276714125 -0.025 0.0538395
v -0.029428000000000003 0.025 0.09293235
v 0.0696672 -0.025 0.0656385
v -0.045700687499999997 0.025 0.0643263
v 0.009608162500000001 0.025 0.0618434
v -0.024984362500000003 0.025 0.0636853
v -0.07457925 0.025 0.07174335
v -0.056115250000000005 0.025 0.08113284999999999
v 0.0597009 0.025 0.0733449
v 0.0749834 -0.025 0.0561648
v 0.0749834 0.025 0.0561648
v 0.0749223 0.025 0.05588725
v 0.0749223 -0.025 0.05588725
v 0.024710725 0.00434375 0.05
v -0.012152825 -0.00434375 0.05
v 0.069951 -0.025 0.0656539
v 0.052456449999999995 -0.025 0.07962385000000001
v 0.07088605 -0.025 0.07098195
v 0.030537156300000003 -0.025 0.0758936375
v -0.046387950000000004 0.025 0.08144415
v -0.051077174999999995 -0.025 0.069223425
v -0.034759625 -0.025 0.08051767500000001
v 0.0702348 -0.025 0.0656385
v 0.016179475000000002 -0.025 0.05
v 0.016179475000000002 0.025 0.05
v -0.003621575 0.025 0.05
v -0.003621575 -0.025 0.05
v -0.023422625 -0.025 0.05
v -0.023422625 0.025 0.05
v -0.043223675 -0.025 0.05
v -0.043223675 0.025 0.05
v -0.063024725 0.025 0.05
v 0.075582625 -0.025 0.05
v 0.035980525 -0.025 0.05
v 0.035980525 0.025 0.05
v 0.075582625 0.025 0.05
v -0.063024725 -0.025 0.05
v 0.055781575 0.025 0.05
v 0.055781575 -0.025 0.05
v 0.053296 -0.025 0.079427725
v 0.0711659 -0.025 0.07091657500000001
v -0.0507243 -0.025 0.069462675
v -0.034642 -0.025 0.080597425
v -0.00347105 0.0 0.05
v 0.01602895 0.0 0.05
v 0.00627895 0.00975 0.05
v 0.00627895 0.00975 0.06
v -0.00347105 0.0 0.06
v 0.00627895 -0.00975 0.05
v 0.00627895 -0.00975 0.06
v 0.01602895 0.0 0.06
v 0.059437825 -0.013031250000000001 0.05
v -0.064243475 0.00434375 0.05
v 0.059437825 0.01196875 0.05
v -0.064243475 -0.020656249999999998 0.05
v 0.024710725 -0.0054062500000000005 0.05
v -0.012152825 0.0054062500000000005 0.05
v 0.042074274999999994 0.00328125 0.05
v -0.029516375 -0.00328125 0.05
v -0.046879925 0.013031250000000001 0.05
v 0.076801375 -0.00434375 0.05
v -0.046879925 -0.01196875 0.05
v 0.076801375 0.020656249999999998 0.05
v 0.061433650000000006 0.025 0.07310749999999999
v 0.0705153 -0.025 0.0655925
v -0.05034765 -0.025 0.0696624
v -0.034516450000000004 -0.025 0.080664
v -0.050841925 -0.025 0.069382925
v -0.004613025 0.01875 0.0860586
v -0.004613025 0.00625 0.0860586
v 0.010045525 0.01875 0.0859878
v 0.010045525 0.00625 0.0859878
v -0.004613025 -0.00625 0.0860586
v -0.004613025 -0.01875 0.0860586
v 0.010045525 -0.00625 0.0859878
v 0.010045525 -0.01875 0.0859878
v -0.019271575000000003 -0.01875 0.08612940000000001
v -0.019271575000000003 -0.00625 0.08612940000000001
v -0.019271575000000003 0.00625 0.08612940000000001
v -0.019271575000000003 0.01875 0.08612940000000001
v 0.024704075 0.01875 0.085917
v 0.024704075 0.00625 0.085917
v 0.024704075 -0.00625 0.085917
v 0.024704075 -0.01875 0.085917
v 0.05301615 -0.025 0.0794931
v 0.07452345 0.025 0.0579167
v 0.07452345 -0.025 0.0579167
v 0.0745542 -0.025 0.0581993
v 0.0745542 0.025 0.0581993
v -0.02996495 0.025 0.0920576
v 0.0552421 0.025 0.069152625
v 0.0397696 0.025 0.080305275
v 0.0545236 -0.025 0.07926910000000001
v 0.0715751 -0.025 0.0708637
v -0.034384424999999996 -0.025 0.0807166
v -0.049951575000000005 -0.025 0.0698202
v -0.0504732 -0.025 0.069595825
v 0.039651975 0.025 0.080385025
v 0.054889225 0.025 0.069391875
v 0.07078915000000001 -0.025 0.0655165
v -0.0706132 0.025 0.059990550000000004
v -0.0706132 -0.025 0.059990550000000004
v -0.0342475 -0.025 0.0807546
v -0.0495408 -0.025 0.0699342
v -0.0049304 -0.025 0.08061299999999999
v -0.0500836 -0.025 0.0697676
v -0.07064395 -0.025 0.0594238
v -0.07064395 0.025 0.0594238
v -0.07064395 0.025 0.059708
v -0.07064395 -0.025 0.059708
v -0.026071399999999998 0.025 0.09833460000000001
v -0.05497325 0.025 0.0812496
v 0.0395264 0.025 0.0804516
v 0.0545125 0.025 0.0695916
v 0.055006849999999996 0.025 0.069312125
v 0.0702093 -0.025 0.0763845
v -0.049677725 -0.025 0.0698962
v 0.0629057 0.025 0.07276535
v 0.042074274999999994 0.010593749999999999 0.05
v -0.029516375 -0.010593749999999999 0.05
v -0.030741550000000003 -0.025 0.0780141
v 0.0710532 -0.025 0.0654113
v 0.021054475 0.017375 0.05
v -0.008496575 -0.017375 0.05
v 0.039394375 0.025 0.08050420000000001
v 0.054116425 0.025 0.0697494
v 0.0541144 -0.025 0.079321975
v 0.054638075 0.025 0.069525025
v 0.024598900000000003 0.025 0.08061299999999999
v 0.00140395 -0.017375 0.05
v 0.01115395 0.017375 0.05
v -0.010445500000000002 0.025 0.07166623750000001
v 0.03925745 0.025 0.08054220000000001
v 0.05370565 0.025 0.0698634
v 0.00994035 0.025 0.0806838
v 0.054248450000000004 0.025 0.0696968
v -0.06420825 -0.025 0.0520888
v -0.06420825 0.025 0.0520888
v 0.07130435 -0.025 0.06527815000000001
v -0.01958895 -0.025 0.0806838
v -0.064243475 -0.023093750000000003 0.05
v -0.064243475 -0.01440625 0.05
v 0.059437825 0.005718750000000001 0.05
v -0.064243475 -0.00190625 0.05
v -0.064243475 0.010593749999999999 0.05
v 0.059437825 -0.00678125 0.05
v -0.064243475 0.023093750000000003 0.05
v 0.024710725 -0.01165625 0.05
v 0.059437825 -0.01928125 0.05
v 0.024710725 0.01165625 0.05
v 0.059437825 0.01928125 0.05
v -0.029516375 -0.01546875 0.05
v 0.042074274999999994 0.01546875 0.05
v -0.029516375 0.00296875 0.05
v 0.042074274999999994 -0.00296875 0.05
v -0.012152825 0.01165625 0.05
v -0.0024028250000000004 0.023093750000000003 0.05
v 0.014960725 -0.023093750000000003 0.05
v -0.029516375 0.01546875 0.05
v 0.042074274999999994 -0.01546875 0.05
v -0.012152825 -0.01165625 0.05
v -0.019766375 0.01928125 0.05
v 0.076801375 0.023093750000000003 0.05
v 0.076801375 0.01440625 0.05
v -0.046879925 -0.005718750000000001 0.05
v 0.076801375 0.00190625 0.05
v 0.076801375 -0.010593749999999999 0.05
v -0.046879925 0.00678125 0.05
v 0.054562825 -0.023093750000000003 0.05
v -0.042004925000000005 0.023093750000000003 0.05
v 0.076801375 -0.023093750000000003 0.05
v -0.046879925 0.01928125 0.05
v 0.032324275 -0.01928125 0.05
v -0.046879925 -0.01928125 0.05
v 0.053842575000000004 0.025 0.06982540000000001
v 0.0641603 0.025 0.07234335
v 0.02380685 -0.025 0.0518277
v 0.02380685 0.025 0.0518277
v -0.02905855 0.025 0.053394300000000006
v -0.02905855 -0.025 0.053394300000000006
v 0.04142865 0.025 0.051305500000000004
v 0.04142865 -0.025 0.051305500000000004
v -0.01143675 -0.025 0.0528721
v -0.01143675 0.025 0.0528721
v 0.00618505 -0.025 0.0523499
v 0.00618505 0.025 0.0523499
v 0.07667225 0.025 0.0502611
v 0.07667225 -0.025 0.0502611
v -0.046680349999999995 0.025 0.053916500000000006
v -0.046680349999999995 -0.025 0.053916500000000006
v 0.059050450000000004 -0.025 0.0507833
v 0.059050450000000004 0.025 0.0507833
v 0.0767073125 -0.025 0.0502668438
v 0.0767073125 0.025 0.0502668438
v -0.0110510625 0.025 0.0529352812
v -0.0110510625 -0.025 0.0529352812
v 0.006500612500000001 0.025 0.0524015937
v 0.006500612500000001 -0.025 0.0524015937
v -0.0461544125 -0.025 0.0540026562
v -0.0461544125 0.025 0.0540026562
v 0.024052287500000002 0.025 0.0518679063
v 0.024052287500000002 -0.025 0.0518679063
v -0.028602737500000003 -0.025 0.0534689688
v -0.028602737500000003 0.025 0.0534689688
v 0.0416039625 -0.025 0.0513342187
v 0.0416039625 0.025 0.0513342187
v 0.0591556375 0.025 0.0508005312
v 0.0591556375 -0.025 0.0508005312
v 0.05925835 -0.025 0.05082905
v 0.05925835 0.025 0.05082905
v -0.02815765 0.025 0.05359255
v -0.02815765 -0.025 0.05359255
v -0.01067445 -0.025 0.05303985
v -0.01067445 0.025 0.05303985
v 0.0068087500000000006 -0.025 0.052487149999999996
v 0.0068087500000000006 0.025 0.052487149999999996
v 0.04177515 0.025 0.051381750000000004
v 0.04177515 -0.025 0.051381750000000004
v -0.045640850000000004 0.025 0.054145250000000006
v -0.045640850000000004 -0.025 0.054145250000000006
v 0.02429195 -0.025 0.05193445
v 0.02429195 0.025 0.05193445
v 0.07674155 0.025 0.050276350000000004
v 0.07674155 -0.025 0.050276350000000004
v 0.05912057500000001 -0.025 0.0507947875
v 0.05912057500000001 0.025 0.0507947875
v 0.041498774999999995 -0.025 0.0513169875
v 0.041498774999999995 0.025 0.0513169875
v 0.024017225 -0.025 0.0518621625
v 0.024017225 0.025 0.0518621625
v -0.046189475 0.025 0.0539969125
v -0.046189475 -0.025 0.0539969125
v 0.006255175 0.025 0.0523613875
v 0.006255175 -0.025 0.0523613875
v -0.011226375 -0.025 0.0529065625
v -0.011226375 0.025 0.0529065625
v -0.028707925 -0.025 0.0534517375
v -0.028707925 0.025 0.0534517375
v 0.0736374 0.025 0.06067835
v 0.0736374 -0.025 0.06067835
v 0.07354555 -0.025 0.0615227
v 0.07354555 0.025 0.0615227
v 0.024522949999999998 0.025 0.0520265
v 0.024522949999999998 -0.025 0.0520265
v 0.07677455 -0.025 0.0502895
v 0.07677455 0.025 0.0502895
v -0.02772865 -0.025 0.053763500000000006
v -0.02772865 0.025 0.053763500000000006
v -0.01031145 0.025 0.0531845
v -0.01031145 -0.025 0.0531845
v 0.00710575 0.025 0.052605500000000006
v 0.00710575 -0.025 0.052605500000000006
v 0.04194015 -0.025 0.0514475
v 0.04194015 0.025 0.0514475
v 0.05935735 0.025 0.050868500000000004
v 0.05935735 -0.025 0.050868500000000004
v -0.04514585 -0.025 0.054342499999999995
v -0.04514585 0.025 0.054342499999999995
v -0.0282603625 0.025 0.05356403120000001
v -0.0282603625 -0.025 0.05356403120000001
v 0.0242577125 0.025 0.051924943800000005
v 0.0242577125 -0.025 0.051924943800000005
v -0.0456750875 -0.025 0.0541357437
v -0.0456750875 0.025 0.0541357437
v 0.0416724375 0.025 0.0513532312
v 0.0416724375 -0.025 0.0513532312
v 0.006569087500000001 -0.025 0.052420606300000006
v 0.006569087500000001 0.025 0.052420606300000006
v -0.010845637500000001 0.025 0.0529923188
v -0.010845637500000001 -0.025 0.0529923188
v 0.059224112499999995 0.025 0.0508195438
v 0.059224112499999995 -0.025 0.0508195438
v 0.035540225 0.025 0.0779079
v 0.0415338375 0.025 0.0513227313
v 0.0415338375 -0.025 0.0513227313
v -0.0286728625 0.025 0.0534574813
v -0.0286728625 -0.025 0.0534574813
v 0.0062902375 -0.025 0.0523671313
v 0.0062902375 0.025 0.0523671313
v -0.0111211875 -0.025 0.0529237938
v -0.0111211875 0.025 0.0529237938
v 0.0715396 -0.025 0.06511865
v 0.059437825 0.01684375 0.05
v 0.024710725 0.00921875 0.05
v -0.012152825 -0.00921875 0.05
v -0.029516375 -0.00815625 0.05
v 0.042074274999999994 0.00815625 0.05
v -0.046879925 -0.01684375 0.05
v 0.0736374 -0.025 0.060962550000000004
v 0.0736374 0.025 0.060962550000000004
v -0.06449205 0.025 0.052073400000000006
v -0.06449205 -0.025 0.052073400000000006
v 0.0768059438 0.025 0.05030614370000001
v 0.0768059438 -0.025 0.05030614370000001
v -0.027320531199999998 0.025 0.0539798687
v -0.027320531199999998 -0.025 0.0539798687
v -0.0099661187 -0.025 0.0533675813
v -0.0099661187 0.025 0.0533675813
v 0.0073882938 -0.025 0.0527552938
v 0.0073882938 0.025 0.0527552938
v 0.0420971187 0.025 0.0515307188
v 0.0420971187 -0.025 0.0515307188
v -0.0446749437 0.025 0.0545921563
v -0.0446749437 -0.025 0.0545921563
v 0.0247427063 -0.025 0.0521430063
v 0.0247427063 0.025 0.0521430063
v 0.0594515313 -0.025 0.050918431300000004
v 0.0594515313 0.025 0.050918431300000004
v 0.07360665 0.025 0.061245100000000004
v 0.07360665 -0.025 0.061245100000000004
v -0.04517885 0.025 0.05432935
v -0.04517885 -0.025 0.05432935
v 0.05932435 -0.025 0.05085535
v 0.05932435 0.025 0.05085535
v 0.04184115 -0.025 0.051408050000000004
v 0.04184115 0.025 0.051408050000000004
v 0.02448995 -0.025 0.05201335000000001
v 0.02448995 0.025 0.05201335000000001
v 0.00687475 0.025 0.052513449999999996
v 0.00687475 -0.025 0.052513449999999996
v -0.01047645 -0.025 0.05311875
v -0.01047645 0.025 0.05311875
v -0.02782765 -0.025 0.053724049999999995
v -0.02782765 0.025 0.053724049999999995
v 0.006603325 0.025 0.05243011250000001
v 0.006603325 -0.025 0.05243011250000001
v -0.028226125 -0.025 0.0535735375
v -0.028226125 0.025 0.0535735375
v -0.010742925 0.025 0.05302083750000001
v -0.010742925 -0.025 0.05302083750000001
v 0.041706675000000006 -0.025 0.0513627375
v 0.041706675000000006 0.025 0.0513627375
v -0.046259600000000005 -0.025 0.053985425
v -0.046259600000000005 0.025 0.053985425
v 0.0239471 0.025 0.051850675
v 0.0239471 -0.025 0.051850675
v -0.011156250000000001 0.025 0.05291805
v -0.011156250000000001 -0.025 0.05291805
v -0.011296500000000001 0.025 0.052895075
v -0.011296500000000001 -0.025 0.052895075
v -0.0289183 -0.025 0.053417275
v -0.0289183 0.025 0.053417275
v -0.046554075 0.025 0.0761815437
v -0.057855325000000006 0.025 0.0657731312
v 0.045968375000000006 0.025 0.060671256199999996
v -0.023247425000000002 0.025 0.0640725062
v -0.005943475 0.025 0.0632221937
v -0.040551375 0.025 0.06492281870000001
v 0.028664424999999997 0.025 0.0615215687
v 0.011360475000000002 0.025 0.0623718812
v -0.075159275 0.025 0.06662344369999999
v -0.023274331300000003 0.025 0.063825275
v 0.0286144562 0.025 0.061062425
v -0.0405705938 0.025 0.064746225
v -0.005978068800000001 0.025 0.062904325
v -0.0751631188 0.025 0.066588125
v 0.011318193800000001 0.025 0.061983375
v 0.04591071880000001 0.025 0.060141475
v -0.0578668563 0.025 0.06566717500000001
v -0.057863012500000005 0.025 0.0657024937
v 0.045914562500000006 0.025 0.060176793799999996
v -0.0232704875 0.025 0.0638605938
v -0.0405590625 0.025 0.0648521812
v -0.0059511625 0.025 0.0631515562
v 0.0113374125 0.025 0.0621599688
v 0.028625987500000002 0.025 0.0611683812
v 0.028622143800000003 0.025 0.0611330625
v -0.0059550063 0.025 0.0631162375
v 0.0113258812 0.025 0.062054012500000005
v -0.04056290630000001 0.025 0.0648168625
v 0.011329724999999999 0.025 0.0620893312
v 0.011345099999999999 0.025 0.062230606200000003
v -0.0232628 0.025 0.06393123120000001
v 0.04592225 0.025 0.0602474312
v 0.02864905 0.025 0.0613802937
v 0.07683535 -0.025 0.0503260812
v 0.07683535 0.025 0.0503260812
v -0.009642650000000001 0.025 0.0535868937
v -0.009642650000000001 -0.025 0.0535868937
v 0.0076529499999999995 0.025 0.052934731299999996
v 0.0076529499999999995 -0.025 0.052934731299999996
v 0.042244149999999994 -0.025 0.051630406200000006
v 0.042244149999999994 0.025 0.051630406200000006
v -0.04423385 -0.025 0.0548912188
v -0.04423385 0.025 0.0548912188
v 0.05953975 0.025 0.050978243799999996
v 0.05953975 -0.025 0.050978243799999996
v -0.02693825 -0.025 0.0542390562
v -0.02693825 0.025 0.0542390562
v 0.02494855 0.025 0.052282568700000004
v 0.02494855 -0.025 0.052282568700000004
v -0.0059626938 0.025 0.06304560000000001
v 0.0286413625 0.025 0.0613096562
v 0.059420137500000005 0.025 0.0509017875
v 0.059420137500000005 -0.025 0.0509017875
v 0.0247113125 0.025 0.0521263625
v 0.0247113125 -0.025 0.0521263625
v -0.044706337500000005 -0.025 0.0545755125
v -0.044706337500000005 0.025 0.0545755125
v 0.042002937500000004 0.025 0.0514807875
v 0.042002937500000004 -0.025 0.0514807875
v 0.0071685375 -0.025 0.0526387875
v 0.0071685375 0.025 0.0526387875
v -0.0101230875 0.025 0.0532843625
v -0.0101230875 -0.025 0.0532843625
v -0.0274147125 0.025 0.0539299375
v -0.0274147125 -0.025 0.0539299375
v 0.045937625 0.025 0.0603887062
v -0.02779465 0.025 0.0537372
v -0.02779465 -0.025 0.0537372
v 0.006907750000000001 -0.025 0.0525266
v 0.006907750000000001 0.025 0.0525266
v -0.01037745 -0.025 0.0531582
v -0.01037745 0.025 0.0531582
v 0.04187415 0.025 0.0514212
v 0.04187415 -0.025 0.0514212
v -0.0107771625 -0.025 0.053011331300000006
v -0.0107771625 0.025 0.053011331300000006
v -0.0109141125 -0.025 0.05297330620000001
v -0.0109141125 0.025 0.05297330620000001
v -0.0457435625 0.025 0.0541167313
v -0.0457435625 -0.025 0.0541167313
v 0.0241892375 -0.025 0.0519059313
v 0.0241892375 0.025 0.0519059313
v -0.0284657875 0.025 0.0535069938
v -0.0284657875 -0.025 0.0535069938
v 0.0063603625 0.025 0.0523786188
v 0.0063603625 -0.025 0.0523786188
v 0.076862425 0.025 0.0503490813
v 0.076862425 -0.025 0.0503490813
v -0.026586275000000003 0.025 0.0545380563
v -0.026586275000000003 -0.025 0.0545380563
v -0.009344825 -0.025 0.053839893800000004
v -0.009344825 0.025 0.053839893800000004
v 0.007896625 -0.025 0.05314173120000001
v 0.007896625 0.025 0.05314173120000001
v 0.042379524999999994 0.025 0.051745406300000005
v 0.042379524999999994 -0.025 0.051745406300000005
v -0.043827725 0.025 0.055236218700000006
v -0.043827725 -0.025 0.055236218700000006
v 0.025138075 -0.025 0.0524435688
v 0.025138075 0.025 0.0524435688
v 0.059620975 -0.025 0.051047243699999995
v 0.059620975 0.025 0.051047243699999995
v 0.059510343800000004 -0.025 0.050958306200000004
v 0.059510343800000004 0.025 0.050958306200000004
v -0.0442632563 0.025 0.054871281200000004
v -0.0442632563 -0.025 0.054871281200000004
v 0.0421559312 -0.025 0.0515705938
v 0.0421559312 0.025 0.0515705938
v 0.024919143799999998 -0.025 0.05226263130000001
v 0.024919143799999998 0.025 0.05226263130000001
v 0.007447106300000001 0.025 0.0527951688
v 0.007447106300000001 -0.025 0.0527951688
v -0.0097896812 -0.025 0.0534872063
v -0.0097896812 0.025 0.0534872063
v -0.0270264688 -0.025 0.0541792438
v -0.0270264688 0.025 0.0541792438
v 0.0420343313 -0.025 0.0514974313
v 0.0420343313 0.025 0.0514974313
v -0.027383318700000003 -0.025 0.0539465813
v -0.027383318700000003 0.025 0.0539465813
v 0.0071999313 0.025 0.0526554313
v 0.0071999313 -0.025 0.0526554313
v -0.010028906200000002 0.025 0.0533342937
v -0.010028906200000002 -0.025 0.0533342937
v -0.01041045 0.025 0.05314505
v -0.01041045 -0.025 0.05314505
v -0.010542450000000002 0.025 0.05309245
v -0.010542450000000002 -0.025 0.05309245
v 0.02442395 0.025 0.05198705000000001
v 0.02442395 -0.025 0.05198705000000001
v -0.04524485 -0.025 0.05430305
v -0.04524485 0.025 0.05430305
v -0.02802565 -0.025 0.05364515
v -0.02802565 0.025 0.05364515
v 0.0066718 -0.025 0.052449125
v 0.0066718 0.025 0.052449125
v -0.030442200000000003 0.025 0.09110505
v -0.028848175 0.025 0.0534287625
v -0.028848175 -0.025 0.0534287625
v 0.0768868625 -0.025 0.050374875
v 0.0768868625 0.025 0.050374875
v -0.009076012500000001 0.025 0.05412362500000001
v -0.009076012500000001 -0.025 0.05412362500000001
v 0.0081165625 0.025 0.053373875
v 0.0081165625 -0.025 0.053373875
v -0.0434611625 -0.025 0.055623125
v -0.0434611625 0.025 0.055623125
v 0.0596942875 0.025 0.05112462500000001
v 0.0596942875 -0.025 0.05112462500000001
v -0.0262685875 -0.025 0.054873375
v -0.0262685875 0.025 0.054873375
v 0.042501712500000004 -0.025 0.051874375
v 0.042501712500000004 0.025 0.051874375
v 0.0253091375 0.025 0.052624125
v 0.0253091375 -0.025 0.052624125
v -0.0266675 0.025 0.0544690563
v -0.0266675 -0.025 0.0544690563
v 0.0595939 0.025 0.05102424380000001
v 0.0595939 -0.025 0.05102424380000001
v 0.025110999999999998 0.025 0.0524205688
v 0.025110999999999998 -0.025 0.0524205688
v -0.043854800000000006 -0.025 0.055213218700000004
v -0.043854800000000006 0.025 0.055213218700000004
v 0.0422983 0.025 0.051676406200000004
v 0.0422983 -0.025 0.051676406200000004
v 0.007707100000000001 -0.025 0.0529807313
v 0.007707100000000001 0.025 0.0529807313
v -0.0094802 0.025 0.053724893700000005
v -0.0094802 -0.025 0.053724893700000005
v 0.042185337499999996 0.025 0.051590531200000005
v 0.042185337499999996 -0.025 0.051590531200000005
v -0.026997062500000002 0.025 0.0541991813
v -0.026997062500000002 -0.025 0.0541991813
v 0.0074765125 -0.025 0.0528151063
v 0.0074765125 0.025 0.0528151063
v -0.0097014625 -0.025 0.053547018700000004
v -0.0097014625 0.025 0.053547018700000004
v 0.024648525 -0.025 0.052093075
v 0.024648525 0.025 0.052093075
v -0.027603075 0.025 0.053830075
v -0.027603075 -0.025 0.053830075
v -0.0100603 -0.025 0.05331765
v -0.0100603 0.025 0.05331765
v -0.010185875 -0.025 0.053251074999999995
v -0.010185875 0.025 0.053251074999999995
v -0.044769125 0.025 0.054542225
v -0.044769125 -0.025 0.054542225
v 0.07690836250000001 0.025 0.0504031625
v 0.07690836250000001 -0.025 0.0504031625
v -0.0088395125 -0.025 0.0544347875
v -0.0088395125 0.025 0.0544347875
v 0.0083100625 -0.025 0.053628462499999995
v 0.0083100625 0.025 0.053628462499999995
v 0.0254596375 -0.025 0.052822137500000005
v 0.0254596375 0.025 0.052822137500000005
v -0.0259890875 0.025 0.0552411125
v -0.0259890875 -0.025 0.0552411125
v -0.0431386625 0.025 0.0560474375
v -0.0431386625 -0.025 0.0560474375
v 0.0426092125 0.025 0.0520158125
v 0.0426092125 -0.025 0.0520158125
v 0.0597587875 -0.025 0.051209487500000005
v 0.0597587875 0.025 0.051209487500000005
v 0.00697375 0.025 0.0525529
v 0.00697375 -0.025 0.0525529
v 0.065265 0.025 0.0718477
v 0.05966985 -0.025 0.0510988313
v 0.05966985 0.025 0.0510988313
v 0.0252847 -0.025 0.052598331299999995
v 0.0252847 0.025 0.052598331299999995
v -0.0434856 0.025 0.0555973313
v -0.0434856 -0.025 0.0555973313
v 0.042428400000000005 -0.025 0.051796993799999996
v 0.042428400000000005 0.025 0.051796993799999996
v 0.0079455 0.025 0.0531933188
v 0.0079455 -0.025 0.0531933188
v -0.0091982 -0.025 0.0539946563
v -0.0091982 0.025 0.0539946563
v -0.026341899999999998 -0.025 0.0547959938
v -0.026341899999999998 0.025 0.0547959938
v -0.028397312499999997 -0.025 0.053526006300000005
v -0.028397312499999997 0.025 0.053526006300000005
v 0.007734175 0.025 0.053003731299999995
v 0.007734175 -0.025 0.053003731299999995
v 0.042325375000000005 -0.025 0.051699406200000006
v 0.042325375000000005 0.025 0.051699406200000006
v -0.026640425 -0.025 0.0544920563
v -0.026640425 0.025 0.0544920563
v -0.009398975 0.025 0.053793893700000005
v -0.009398975 -0.025 0.053793893700000005
v -0.0097308687 0.025 0.0535270813
v -0.0097308687 -0.025 0.0535270813
v -0.0098484937 0.025 0.0534473313
v -0.0098484937 -0.025 0.0534473313
v 0.0248603313 0.025 0.0522227562
v 0.0248603313 -0.025 0.0522227562
v -0.044322068799999996 -0.025 0.0548314062
v -0.044322068799999996 0.025 0.0548314062
v -0.0272029062 -0.025 0.05405961880000001
v -0.0272029062 0.025 0.05405961880000001
v 0.07692668130000001 -0.025 0.0504336
v 0.07692668130000001 0.025 0.0504336
v -0.0428638813 -0.025 0.056504000000000006
v -0.0428638813 0.025 0.056504000000000006
v 0.059813743700000005 0.025 0.05130080000000001
v 0.059813743700000005 -0.025 0.05130080000000001
v -0.008638006200000001 0.025 0.0547696
v -0.008638006200000001 -0.025 0.0547696
v 0.0427008063 -0.025 0.052168
v 0.0427008063 0.025 0.052168
v 0.0084749313 -0.025 0.0539024
v 0.0084749313 0.025 0.0539024
v -0.0257509437 0.025 0.0556368
v -0.0257509437 -0.025 0.0556368
v 0.0255878688 0.025 0.0530352
v 0.0255878688 -0.025 0.0530352
v 0.05973728750000001 0.025 0.0511812
v 0.05973728750000001 -0.025 0.0511812
v -0.043160162499999995 -0.025 0.056019150000000004
v -0.043160162499999995 0.025 0.056019150000000004
v 0.0425447125 0.025 0.05193095
v 0.0425447125 -0.025 0.05193095
v 0.0081595625 -0.025 0.053430450000000004
v 0.0081595625 0.025 0.053430450000000004
v -0.0089470125 0.025 0.054293350000000004
v -0.0089470125 -0.025 0.054293350000000004
v -0.026053587500000003 0.025 0.055156250000000004
v -0.026053587500000003 -0.025 0.055156250000000004
v 0.0254381375 0.025 0.05279385
v 0.0254381375 -0.025 0.05279385
v 0.0072627188 -0.025 0.0526887188
v 0.0072627188 0.025 0.0526887188
v 0.0079699375 -0.025 0.053219112500000006
v 0.0079699375 0.025 0.053219112500000006
v 0.0424528375 0.025 0.0518227875
v 0.0424528375 -0.025 0.0518227875
v -0.0091248875 -0.025 0.0540720375
v -0.0091248875 0.025 0.0540720375
v -0.0263174625 0.025 0.054821787500000004
v -0.0263174625 -0.025 0.054821787500000004
v 0.0598584813 -0.025 0.05139755
v 0.0598584813 0.025 0.05139755
v 0.042775368800000005 0.025 0.05232925
v 0.042775368800000005 -0.025 0.05232925
v -0.025557081199999998 0.025 0.056056049999999996
v -0.025557081199999998 -0.025 0.056056049999999996
v 0.0256922563 -0.025 0.053260949999999994
v 0.0256922563 0.025 0.053260949999999994
v -0.008473968699999999 -0.025 0.05512435
v -0.008473968699999999 0.025 0.05512435
v -0.0426401938 -0.025 0.056987750000000004
v -0.0426401938 0.025 0.056987750000000004
v 0.0086091438 -0.025 0.05419265
v 0.0086091438 0.025 0.05419265
v 0.0769415938 0.025 0.05046585000000001
v 0.0769415938 -0.025 0.05046585000000001
v -0.02795965 0.025 0.05367145
v -0.02795965 -0.025 0.05367145
v 0.02556955 -0.025 0.053004762500000004
v 0.02556955 0.025 0.053004762500000004
v 0.059795425 -0.025 0.0512703625
v 0.059795425 0.025 0.0512703625
v -0.0428822 0.025 0.0564735625
v -0.0428822 -0.025 0.0564735625
v 0.042645850000000006 -0.025 0.052076687499999996
v 0.042645850000000006 0.025 0.052076687499999996
v 0.0083467 0.025 0.0536893375
v 0.0083467 -0.025 0.0536893375
v -0.0258059 -0.025 0.055545487500000004
v -0.0258059 0.025 0.055545487500000004
v -0.0087296 -0.025 0.054617412500000004
v -0.0087296 0.025 0.054617412500000004
v -0.00942605 -0.025 0.0537708937
v -0.00942605 0.025 0.0537708937
v -0.00953435 -0.025 0.05367889370000001
v -0.00953435 0.025 0.05367889370000001
v -0.04390895 0.025 0.0551672187
v -0.04390895 -0.025 0.0551672187
v -0.02682995 0.025 0.0543310563
v -0.02682995 -0.025 0.0543310563
v 0.025056850000000002 -0.025 0.0523745688
v 0.025056850000000002 0.025 0.0523745688
v -0.0260320875 -0.025 0.0551845375
v -0.0260320875 0.025 0.0551845375
v 0.0081810625 0.025 0.0534587375
v 0.0081810625 -0.025 0.0534587375
v -0.0088825125 0.025 0.0543782125
v -0.0088825125 -0.025 0.0543782125
v 0.042566212500000006 -0.025 0.051959237500000005
v 0.042566212500000006 0.025 0.051959237500000005
v -0.042655106299999995 0.025 0.0569555
v -0.042655106299999995 -0.025 0.0569555
v 0.025677343800000002 0.025 0.053228700000000004
v 0.025677343800000002 -0.025 0.053228700000000004
v 0.008504756300000001 0.025 0.053966900000000005
v 0.008504756300000001 -0.025 0.053966900000000005
v -0.0085485312 -0.025 0.0549631
v -0.0085485312 0.025 0.0549631
v -0.0256018187 -0.025 0.055959300000000003
v -0.0256018187 0.025 0.055959300000000003
v 0.059843568800000004 0.025 0.051365299999999996
v 0.059843568800000004 -0.025 0.051365299999999996
v 0.042730631299999995 0.025 0.0522325
v 0.042730631299999995 -0.025 0.0522325
v 0.0231815875 -0.025 0.063276625
v 0.007535325000000001 0.025 0.0528549813
v 0.007535325000000001 -0.025 0.0528549813
v -0.046399850000000006 0.025 0.05396245
v -0.046399850000000006 -0.025 0.05396245
v -0.009247075 0.025 0.053943068700000006
v -0.009247075 -0.025 0.053943068700000006
v -0.043534474999999996 -0.025 0.055545743700000004
v -0.043534474999999996 0.025 0.055545743700000004
v 0.025235825 0.025 0.052546743800000004
v 0.025235825 -0.025 0.052546743800000004
v -0.026488525 -0.025 0.0546412313
v -0.026488525 0.025 0.0546412313
v -0.009149325 0.025 0.0540462438
v -0.009149325 -0.025 0.0540462438
v 0.0083650188 -0.025 0.053719775
v 0.0083650188 0.025 0.053719775
v 0.0426641687 0.025 0.052107125
v 0.0426641687 -0.025 0.052107125
v -0.0086746437 -0.025 0.054708725
v -0.0086746437 0.025 0.054708725
v -0.0257875812 0.025 0.055575925000000005
v -0.0257875812 -0.025 0.055575925000000005
v -0.0275402875 -0.025 0.053863362500000005
v -0.0275402875 0.025 0.053863362500000005
v -0.025586906200000002 0.025 0.05599155
v -0.025586906200000002 -0.025 0.05599155
v 0.0085196688 -0.025 0.05399915
v 0.0085196688 0.025 0.05399915
v -0.0085037937 0.025 0.05505985
v -0.0085037937 -0.025 0.05505985
v 0.0427455438 -0.025 0.05226475
v 0.0427455438 0.025 0.05226475
v -0.0089040125 -0.025 0.054349925
v -0.0089040125 0.025 0.054349925
v -0.0089900125 -0.025 0.054236775
v -0.0089900125 0.025 0.054236775
v -0.0261825875 0.025 0.05498652500000001
v -0.0261825875 -0.025 0.05498652500000001
v 0.025395137499999998 -0.025 0.052737275
v 0.025395137499999998 0.025 0.052737275
v -0.0432031625 0.025 0.055962575
v -0.0432031625 -0.025 0.055962575
v 0.0077883250000000005 -0.025 0.0530497313
v 0.0077883250000000005 0.025 0.0530497313
v 0.0717562 -0.025 0.06493465
v -0.0086929625 0.025 0.0546782875
v -0.0086929625 -0.025 0.0546782875
v -0.008766237500000001 0.025 0.0545565375
v -0.008766237500000001 -0.025 0.0545565375
v -0.0429188375 -0.025 0.0564126875
v -0.0429188375 0.025 0.0564126875
v 0.0255329125 0.025 0.05294388750000001
v 0.0255329125 -0.025 0.05294388750000001
v -0.0259158125 -0.025 0.0553628625
v -0.0259158125 0.025 0.0553628625
v -0.0256912938 -0.025 0.0557658
v -0.0256912938 0.025 0.0557658
v -0.0085187062 -0.025 0.0550276
v -0.0085187062 0.025 0.0550276
v -0.0085783562 0.025 0.054898600000000006
v -0.0085783562 -0.025 0.054898600000000006
v 0.0256475188 -0.025 0.0531642
v 0.0256475188 0.025 0.0531642
v -0.0426849312 -0.025 0.056891
v -0.0426849312 0.025 0.056891
v 0.0080188125 0.025 0.053270700000000004
v 0.0080188125 -0.025 0.053270700000000004
v -0.0271440937 0.025 0.054099493799999995
v -0.0271440937 -0.025 0.054099493799999995
v 0.0715908687 -0.025 0.06653511250000001
v -0.047548868700000003 -0.025 0.06477268750000001
v 0.0205309812 -0.025 0.06577978749999999
v -0.0305289062 -0.025 0.0650244625
v 0.0375509438 -0.025 0.0660315625
v 0.0035110187999999997 -0.025 0.0655280125
v -0.0135089437 -0.025 0.0652762375
v 0.0545709062 -0.025 0.06628333750000001
v -0.045880512500000005 -0.025 0.0540787063
v -0.045880512500000005 0.025 0.0540787063
v 0.0082240625 -0.025 0.0535153125
v 0.0082240625 0.025 0.0535153125
v 0.0085494938 0.025 0.054063650000000005
v 0.0085494938 -0.025 0.054063650000000005
v 0.008401656300000001 0.025 0.053780650000000006
v 0.008401656300000001 -0.025 0.053780650000000006
v -0.0267758 -0.025 0.054377056300000004
v -0.0267758 0.025 0.054377056300000004
v -0.0256614687 0.025 0.0558303
v -0.0256614687 -0.025 0.0558303
v -0.026439650000000002 0.025 0.054692818799999994
v -0.026439650000000002 -0.025 0.054692818799999994
v -0.045376849999999996 0.025 0.05425045
v -0.045376849999999996 -0.025 0.05425045
v -0.025879175 0.025 0.05542373750000001
v -0.025879175 -0.025 0.05542373750000001
v -0.026139587500000002 -0.025 0.055043100000000005
v -0.026139587500000002 0.025 0.055043100000000005
v 0.0716263437 -0.025 0.06653318750000001
v -0.0300677313 -0.025 0.0649994375
v -0.0131187188 -0.025 0.0652550625
v 0.0038302937999999996 -0.025 0.0655106875
v 0.0377283188 -0.025 0.0660219375
v -0.0470167437 -0.025 0.06474381250000001
v 0.0207793063 -0.025 0.06576631250000001
v 0.0546773313 -0.025 0.0662775625
v 0.072726975 -0.025 0.07083252500000001
v 0.057979225 -0.025 0.079175575
v -0.0448947 -0.025 0.05447565
v -0.0448947 0.025 0.05447565
v 3.4675e-05 0.01928125 0.05
v 0.039636775000000006 0.01928125 0.05
v -0.027078875000000002 -0.01928125 0.05
v 0.012523225 -0.01928125 0.05
v -0.042744581200000006 0.025 0.056762
v -0.042744581200000006 -0.025 0.056762
v -0.0444396937 0.025 0.054751656200000005
v -0.0444396937 -0.025 0.054751656200000005
v -0.0429921125 0.025 0.0562909375
v -0.0429921125 -0.025 0.0562909375
v -0.04401725 -0.025 0.0550752188
v -0.04401725 0.025 0.0550752188
v -0.0432891625 -0.025 0.05584942500000001
v -0.0432891625 0.025 0.05584942500000001
v -0.043632225000000004 0.025 0.0554425688
v -0.043632225000000004 -0.025 0.0554425688
v 0.0210247437 -0.025 0.0657260625
v -0.0127330313 -0.025 0.0651918125
v 0.0041458562 -0.025 0.06545893750000001
v 0.07166140630000001 -0.025 0.0665274375
v -0.029611918799999998 -0.025 0.0649246875
v 0.0379036313 -0.025 0.06599318750000001
v -0.046490806200000005 -0.025 0.0646575625
v 0.054782518700000005 -0.025 0.0662603125
v 0.0035819688 -0.025 0.06552416250000001
v -0.0132960937 -0.025 0.0652646875
v 0.0207438312 -0.025 0.0657682375
v -0.0470522188 -0.025 0.0647457375
v 0.0376218938 -0.025 0.0660277125
v -0.0301741562 -0.025 0.0650052125
v 0.054641856200000005 -0.025 0.0662794875
v -0.0816828 0.025 0.07519195
v -0.06477585000000001 -0.025 0.0520888
v -0.06477585000000001 0.025 0.0520888
v 0.0380748188 -0.025 0.0659456875
v -0.0291668313 -0.025 0.0648011875
v -0.0123564188 -0.025 0.06508731250000001
v 0.0044539937000000005 -0.025 0.06537343749999999
v 0.0212644062 -0.025 0.0656595625
v -0.0459772438 -0.025 0.06451506250000001
v 0.054885231300000004 -0.025 0.0662318125
v 0.0716956438 -0.025 0.0665179375
v 0.0209896812 -0.025 0.0657318125
v -0.0297171063 -0.025 0.0649419375
v 0.0039004187000000004 -0.025 0.0654991875
v -0.0129083438 -0.025 0.06522056250000001
v 0.054747456300000004 -0.025 0.0662660625
v -0.0465258688 -0.025 0.0646633125
v 0.037798443800000005 -0.025 0.06601043749999999
v 0.0036174438 -0.025 0.0655222375
v -0.0131896688 -0.025 0.0652589125
v -0.0301386813 -0.025 0.0650032875
v 0.0376573687 -0.025 0.0660257875
v 0.023491975 0.0135625 0.05
v -0.010934075000000001 -0.0135625 0.05
v -0.025860124999999998 -0.021187499999999998 0.05
v 0.038418025 0.021187499999999998 0.05
v -0.045661175 -0.021187499999999998 0.05
v -0.020985125 0.021187499999999998 0.05
v 0.058219075 0.021187499999999998 0.05
v 0.033543025000000004 -0.021187499999999998 0.05
v 0.07195165 -0.025 0.0647283
v 0.0717286437 -0.025 0.06650478750000001
v -0.0287378312 -0.025 0.06463023749999999
v -0.011993418700000001 -0.025 0.0649426625
v 0.0382398187 -0.025 0.0658799375
v 0.0047509938000000005 -0.025 0.0652550875
v -0.045482243799999995 -0.025 0.0643178125
v 0.0549842313 -0.025 0.0661923625
v 0.021495406300000002 -0.025 0.0655675125
v -0.0460114812 -0.025 0.06452456250000001
v 0.0212301688 -0.025 0.0656690625
v 0.0379721062 -0.025 0.0659741875
v 0.0042143312 -0.025 0.0654399375
v -0.0125276063 -0.025 0.0651348125
v -0.029269543800000002 -0.025 0.06482968750000001
v 0.054850993800000004 -0.025 0.0662413125
v 0.06626660000000001 0.025 0.07127465
v 0.0039354812 -0.025 0.0654934375
v -0.029682043800000002 -0.025 0.0649361875
v -0.0128031563 -0.025 0.0652033125
v 0.0378335063 -0.025 0.0660046875
v -0.0471231687 -0.025 0.0647495875
v 0.0206728813 -0.025 0.06577208749999999
v -0.0133670438 -0.025 0.0652685375
v -0.030387006200000004 -0.025 0.0650167625
v -0.013225143699999999 -0.025 0.0652608375
v 0.0717600375 -0.025 0.0664881438
v -0.045011337500000005 -0.025 0.0640681563
v 0.05507841250000001 -0.025 0.0661424312
v -0.0116480875 -0.025 0.06475958130000001
v 0.005033537500000001 -0.025 0.0651052938
v -0.0283297125 -0.025 0.0644138688
v 0.0383967875 -0.025 0.0657967188
v 0.0217151625 -0.025 0.06545100620000001
v 0.0549512313 -0.025 0.06620551250000001
v 0.0381408188 -0.025 0.0659193875
v 0.0214624062 -0.025 0.06558066250000001
v -0.0455152437 -0.025 0.0643309625
v 0.004519993700000001 -0.025 0.0653471375
v -0.0121584187 -0.025 0.0650084125
v -0.0288368313 -0.025 0.0646696875
v -0.029235306300000003 -0.025 0.0648201875
v 0.0042485687 -0.025 0.0654304375
v 0.0380063438 -0.025 0.0659646875
v -0.012424893800000001 -0.025 0.0651063125
v -0.0128382188 -0.025 0.0652090625
v -0.0465959937 -0.025 0.0646748125
v -0.0129784688 -0.025 0.06523206250000001
v 0.020919556199999998 -0.025 0.0657433125
v -0.0299274813 -0.025 0.0649764375
v 0.0036883938 -0.025 0.0655183875
v 0.038543818800000004 -0.025 0.0656970313
v 0.055166631300000005 -0.025 0.06608261879999999
v -0.027947431300000002 -0.025 0.0641546813
v -0.0113246188 -0.025 0.0645402688
v 0.0052981937 -0.025 0.0649258563
v 0.0219210063 -0.025 0.0653114438
v -0.0445702438 -0.025 0.0637690938
v 0.0717894438 -0.025 0.0664682063
v 0.0550470188 -0.025 0.066159075
v 0.0048137813 -0.025 0.0652218
v -0.011805056199999999 -0.025 0.0648428
v 0.021683768699999998 -0.025 0.06546765
v -0.0450427313 -0.025 0.0640848
v 0.0383026063 -0.025 0.06584665
v -0.028423893699999998 -0.025 0.0644638
v 0.0381738188 -0.025 0.06590623749999999
v -0.028803831199999998 -0.025 0.0646565375
v 0.0045529938 -0.025 0.0653339875
v -0.0120594187 -0.025 0.0649689625
v 0.021161693800000003 -0.025 0.0656880625
v -0.012459131200000001 -0.025 0.0651158125
v -0.046079956299999995 -0.025 0.0645435625
v -0.0294749688 -0.025 0.06488668750000001
v -0.012596081299999999 -0.025 0.0651538125
v 0.0040056062 -0.025 0.0654819375
v -0.0303160563 -0.025 0.0650129125
v 0.0718165188 -0.025 0.0664452063
v -0.044164118700000005 -0.025 0.0634240938
v 0.0552478562 -0.025 0.06601361879999999
v -0.011026793699999999 -0.025 0.0642872688
v 0.0055418688 -0.025 0.0647188563
v -0.0275954562 -0.025 0.06385568130000001
v 0.0386791937 -0.025 0.0655820313
v 0.0221105313 -0.025 0.0651504438
v -0.044599650000000005 -0.025 0.06378903130000001
v 0.021891600000000004 -0.025 0.0653313813
v 0.00509235 -0.025 0.0650654187
v -0.01147165 -0.025 0.06463995630000001
v -0.02803565 -0.025 0.0642144937
v 0.055137225000000005 -0.025 0.0661025563
v 0.0384556 -0.025 0.0657568437
v 0.038334 -0.025 0.0658300063
v 0.004845175 -0.025 0.0652051562
v -0.011710875 -0.025 0.0647928688
v -0.028392499999999998 -0.025 0.06444715620000001
v -0.0078119375 0.0027031250000000002 0.05
v 0.0203698375 -0.0027031250000000002 0.05
v -0.0455812438 -0.025 0.0643572625
v 0.0213964063 -0.025 0.0656069625
v -0.0122244187 -0.025 0.0650347125
v -0.012092418700000001 -0.025 0.0649821125
v -0.0290348313 -0.025 0.0647485875
v 0.0043170437 -0.025 0.0654114375
v -0.029857356300000002 -0.025 0.0649649375
v 0.0721237 -0.025 0.064502
v 0.055321168700000006 -0.025 0.0659362375
v -0.0272777687 -0.025 0.06352036250000001
v -0.010757981299999999 -0.025 0.0640035375
v 0.0057618062000000005 -0.025 0.0644867125
v 0.0388013813 -0.025 0.0654530625
v 0.0222815937 -0.025 0.0649698875
v -0.0437975563 -0.025 0.0630371875
v 0.0718409563 -0.025 0.06641941250000001
v 0.0552207813 -0.025 0.0660366188
v 0.022083456300000002 -0.025 0.0651734438
v -0.0441911937 -0.025 0.0634470938
v 0.0053523437 -0.025 0.0648798563
v 0.0385979688 -0.025 0.0656510313
v -0.011162168699999999 -0.025 0.0644022688
v -0.0276766812 -0.025 0.06392468130000001
v -0.0280062437 -0.025 0.0641945563
v 0.0051217563 -0.025 0.0650454813
v -0.0113834313 -0.025 0.0645801438
v 0.0384850062 -0.025 0.0657369063
v -0.08190995 0.025 0.0750814
v -0.0118678437 -0.025 0.0648760875
v -0.0451055187 -0.025 0.0641180875
v -0.0286122562 -0.025 0.06456366250000001
v -0.0117422688 -0.025 0.0648095125
v 0.0216209812 -0.025 0.06550093750000001
v 0.0046189938 -0.025 0.0653076875
v 0.0224320938 -0.025 0.064771875
v -0.026998268699999998 -0.025 0.063152625
v 0.07186245620000001 -0.025 0.06639112500000001
v -0.0105214812 -0.025 0.063692375
v 0.005955306299999999 -0.025 0.064232125
v 0.0389088813 -0.025 0.065311625
v -0.043475056299999995 -0.025 0.062612875
v 0.0553856688 -0.025 0.065851375
v -0.0273510813 -0.025 0.06359774380000001
v 0.0055907438 -0.025 0.06466726880000001
v -0.010880168800000001 -0.025 0.06413250620000001
v -0.04382199380000001 -0.025 0.0630629812
v 0.0222571562 -0.025 0.0649956812
v 0.0552967313 -0.025 0.0659620313
v 0.0387280687 -0.025 0.0655304438
v -0.0294064938 -0.025 0.06486768750000001
v 0.0386250438 -0.025 0.0656280313
v 0.0053794188 -0.025 0.0648568563
v -0.011080943700000002 -0.025 0.0643332688
v -0.027649606200000003 -0.025 0.0639016813
v -0.0472650688 -0.025 0.0647572875
v -0.0282120875 -0.025 0.0643341188
v -0.0114128375 -0.025 0.0646000812
v -0.011530462500000001 -0.025 0.06467983120000001
v 0.0218327875 -0.025 0.0653712562
v -0.0446584625 -0.025 0.06382890620000001
v 0.055440625 -0.025 0.0657600438
v -0.026760125000000003 -0.025 0.0627568563
v -0.010319974999999999 -0.025 0.0633574938
v 0.006120175 -0.025 0.0639581313
v 0.039000475 -0.025 0.0651594063
v -0.043200275 -0.025 0.062156218799999996
v 0.022560325 -0.025 0.0645587688
v 0.07188077500000001 -0.025 0.0663606813
v 0.0553641688 -0.025 0.0658796625
v -0.0434965562 -0.025 0.0626411625
v 0.0388443812 -0.025 0.0653964875
v 0.0058048062 -0.025 0.06443013750000001
v -0.0106289812 -0.025 0.0638338125
v 0.0224105937 -0.025 0.06480016250000001
v -0.0270627687 -0.025 0.0632374875
v 0.0049079625 -0.025 0.0651718688
v 0.0056151813 -0.025 0.064641475
v -0.0273266438 -0.025 0.06357195
v -0.0108068563 -0.025 0.064055125
v 0.0387525062 -0.025 0.06550465
v 0.055485362499999996 -0.025 0.0656633125
v -0.0265662625 -0.025 0.0623376875
v -0.010155937500000002 -0.025 0.0630028125
v 0.006254387500000001 -0.025 0.06366793750000001
v -0.0429765875 -0.025 0.06167256250000001
v 0.0226647125 -0.025 0.06433306250000001
v 0.0718956875 -0.025 0.0663284375
v 0.0390750375 -0.025 0.0649981875
v -0.0289688313 -0.025 0.0647222875
v 0.0225420063 -0.025 0.0645892125
v -0.0432185937 -0.025 0.0621866625
v 0.0554223063 -0.025 0.06579048750000001
v 0.0389455188 -0.025 0.0652507375
v 0.005991943800000001 -0.025 0.0641712375
v -0.0104115687 -0.025 0.0635097125
v -0.026815081200000004 -0.025 0.0628481875
v -0.027839131300000004 -0.025 0.06406268130000001
v -0.0111080187 -0.025 0.0643562688
v -0.0112163188 -0.025 0.0644482688
v -0.044245343799999996 -0.025 0.0634930938
v 0.0220293063 -0.025 0.0652194438
v 0.0719070375 -0.025 0.0662947687
v 0.0391317875 -0.025 0.06482984380000001
v -0.0264187125 -0.025 0.061899993699999996
v -0.0100310875 -0.025 0.0626324562
v 0.0063565375 -0.025 0.0633649188
v 0.022744162499999998 -0.025 0.0640973813
v -0.0428063375 -0.025 0.06116753120000001
v 0.0555194125 -0.025 0.0655623062
v -0.0270412688 -0.025 0.06320920000000001
v 0.0058263062 -0.025 0.06440185
v -0.0105644812 -0.025 0.06374895
v 0.0388658813 -0.025 0.0653682
v 0.05547045 -0.025 0.0656955563
v 0.0226498 -0.025 0.06436530630000001
v 0.00615 -0.025 0.0638936438
v -0.0102305 -0.025 0.0631640313
v -0.026611 -0.025 0.0624344188
v -0.0429915 -0.025 0.061704806300000005
v 0.039030300000000004 -0.025 0.0650949188
v 0.0051805688 -0.025 0.0650056063
v 0.071914675 -0.025 0.06626006870000001
v -0.009947075 -0.025 0.0622507563
v -0.026319425 -0.025 0.0614488937
v -0.042691774999999994 -0.025 0.0606470312
v 0.022797625 -0.025 0.06385448120000001
v 0.006425275 -0.025 0.0630526187
v 0.039169975 -0.025 0.0646563438
v 0.055542325000000003 -0.025 0.0654582062
v -0.0467362438 -0.025 0.0646978125
v 0.0719185125 -0.025 0.06622475
v -0.042634212500000004 -0.025 0.060117250000000004
v 0.0555538375 -0.025 0.06535225
v -0.0099048625 -0.025 0.06186225000000001
v 0.006459812499999999 -0.025 0.06273475
v 0.0228244875 -0.025 0.06360725
v 0.0391891625 -0.025 0.06447975
v -0.026269537500000002 -0.025 0.06098975
v -0.0108312937 -0.025 0.0640809188
v -0.0438708687 -0.025 0.06311456879999999
v -0.0109290437 -0.025 0.0641840938
v 0.022208281200000003 -0.025 0.0650472688
v -0.0274977063 -0.025 0.0637525063
v 0.055508062500000004 -0.025 0.065595975
v -0.04281768750000001 -0.025 0.061201200000000004
v 0.0390977375 -0.025 0.06493085
v 0.0062770875 -0.025 0.0636006
v -0.0100878375 -0.025 0.0628008
v -0.026452762500000004 -0.025 0.062001
v 0.0227328125 -0.025 0.06413105
v 0.03917765 -0.025 0.0645857063
v -0.00992405 -0.025 0.0620388437
v -0.02628105 -0.025 0.0610957062
v 0.022820649999999998 -0.025 0.0636425687
v 0.055549999999999995 -0.025 0.06538756870000001
v -0.04263805 -0.025 0.0601525687
v 0.00643295 -0.025 0.06298198120000001
v 0.0389638375 -0.025 0.06522029380000001
v -0.0267967625 -0.025 0.0628177438
v 0.0060102625 -0.025 0.06414079380000001
v -0.0103566125 -0.025 0.0634183813
v 0.0722702 -0.025 0.06425845
v 0.0722702 0.025 0.06425845
v 0.0391814875 -0.025 0.0645503875
v 0.0064367875 -0.025 0.0629466625
v -0.0099125375 -0.025 0.0619328875
v -0.0262772125 -0.025 0.0610603875
v 0.06729195 0.025 0.0705385
v 0.0227899875 -0.025 0.0638891813
v -0.0426994125 -0.025 0.0606817312
v 0.006371812500000001 -0.025 0.06329551870000001
v 0.0391470625 -0.025 0.0647604438
v -0.0099852625 -0.025 0.062424256299999994
v -0.0263423375 -0.025 0.0615529938
v 0.055534687500000006 -0.025 0.0654929062
v -0.009916375 -0.025 0.061968206199999994
v -0.042645725 -0.025 0.060223206200000004
v 0.022812975 -0.025 0.06371320629999999
v -0.009931725 -0.025 0.062109481200000004
v -0.026304075 -0.025 0.0613076188
v -0.0285494687 -0.025 0.064530375
v 0.0064444625 -0.025 0.062876025
v -0.0262964 -0.025 0.061236981200000005
v 0.0390452125 -0.025 0.065062675
v -0.0265960875 -0.025 0.062402175000000004
v 0.0061649125 -0.025 0.0638614
v -0.010185762499999999 -0.025 0.0630673
v 0.0391547 -0.025 0.0647257438
v -0.0263347 -0.025 0.0615182938
v 0.00637945 -0.025 0.0632608187
v -0.00996235 -0.025 0.062320156300000006
v -0.04266107500000001 -0.025 0.0603644812
v -0.0264414125 -0.025 0.0619673312
v 0.006288437500000001 -0.025 0.0635669312
v 0.0391090875 -0.025 0.0648971813
v -0.0100537875 -0.025 0.0626997938
v 0.005433568800000001 -0.025 0.0648108563
v -0.0105859812 -0.025 0.0637772375
v -0.0106719812 -0.025 0.0638903875
v -0.043539556199999996 -0.025 0.0626977375
v -0.027191768800000002 -0.025 0.0634072125
v 0.022367593800000002 -0.025 0.0648567375
v -0.026388162500000003 -0.025 0.0617611937
v -0.009969987500000001 -0.025 0.062354856300000004
v -0.0100005375 -0.025 0.0624936563
v -0.04271468750000001 -0.025 0.0607511312
v 0.022774712500000002 -0.025 0.0639585813
v 0.022505368799999998 -0.025 0.0646501
v -0.026924993700000004 -0.025 0.06303085
v -0.0103749312 -0.025 0.063448825
v -0.0104482062 -0.025 0.0635706
v -0.043255231299999995 -0.025 0.06224755
v 0.006394725 -0.025 0.0631914187
v -0.010065137500000002 -0.025 0.0627334625
v -0.0428403875 -0.025 0.061268537500000005
v 0.0227101125 -0.025 0.06419838750000001
v -0.0101105375 -0.025 0.0628681375
v -0.0265208625 -0.025 0.0622030125
v -0.010200675 -0.025 0.0630995438
v -0.043021325 -0.025 0.0617692938
v -0.010260324999999999 -0.025 0.0632285188
v 0.022619975 -0.025 0.0644297938
v -0.026700475 -0.025 0.0626278813
v -0.028153275000000002 -0.025 0.0642942437
v 0.0056640563 -0.025 0.0645898875
v -0.0462169063 -0.025 0.0645815625
v -0.0263728875 -0.025 0.061691793700000004
v 0.0724803 0.025 0.06373115
v 0.0724803 -0.025 0.06373115
v 0.0063111375 -0.025 0.0634995938
v 0.0058693063 -0.025 0.064345275
v 0.0061947375 -0.025 0.0637969125
v -0.042745237500000005 -0.025 0.060889931300000005
v 0.0060469 -0.025 0.0640799063
v 0.07238955 -0.025 0.0640005
v 0.07238955 0.025 0.0640005
v -0.0277849813 -0.025 0.0640166813
v -0.026498162500000002 -0.025 0.062135675
v -0.06505635 0.025 0.05213475
v -0.06505635 -0.025 0.05213475
v -0.0274488313 -0.025 0.06370091870000001
v -0.02667065 -0.025 0.0625633938
v -0.0457132437 -0.025 0.0644098625
v -0.0271487687 -0.025 0.0633506375
v -0.026888356199999998 -0.025 0.0629699625
v -0.0428857875 -0.025 0.061403212500000005
v -0.0452310937 -0.025 0.0641846625
v -0.043080975 -0.025 0.0618982688
v -0.0447760875 -0.025 0.0639086562
v -0.043328506200000005 -0.025 0.062369325
v -0.0443536437 -0.025 0.0635850938
v -0.043625556200000006 -0.025 0.06281088750000001
v -0.0439686187 -0.025 0.0632177438
v 0.06845754999999999 0.025 0.0695074
v -0.06892775000000001 -0.025 0.05632985
v -0.06892775000000001 0.025 0.05632985
v 0.06824095 0.025 0.0696914
v -0.06911035 0.025 0.05715935
v -0.06911035 -0.025 0.05715935
v -0.0690185 0.025 0.056599199999999995
v -0.0690185 -0.025 0.056599199999999995
v -0.0690796 -0.025 0.05687675
v -0.0690796 0.025 0.05687675
v -0.0430947 -0.025 0.080513275
v -0.0541444 -0.025 0.068976625
v 0.0693527 0.025 0.06853235
v 0.06954815 0.025 0.068326
v 0.070694 0.025 0.0668051
v 0.07101255000000001 0.025 0.06633525
v -0.054205625 -0.025 0.068987675
v -0.043278375 -0.025 0.080546425
v 0.07086605 0.025 0.0665788
v -0.04321715 -0.025 0.08053537499999999
v -0.06533019999999999 -0.025 0.0522108
v -0.06533019999999999 0.025 0.0522108
v -0.07740135000000001 0.025 0.071589725
v -0.06458155 0.025 0.080671975
v -0.053819425000000004 -0.025 0.069252625
v -0.042986375 -0.025 0.08060527499999999
v -0.04401 -0.025 0.08063155
v -0.054449500000000005 -0.025 0.06901605
v -0.032327425 0.025 0.052611
v -0.032327425 -0.025 0.052611
v 0.022717225 0.025 0.0515666
v 0.022717225 -0.025 0.0515666
v 0.038159775 0.025 0.0505222
v 0.038159775 -0.025 0.0505222
v 0.057960825 0.025 0.0505222
v 0.057960825 -0.025 0.0505222
v -0.047769975000000006 -0.025 0.053655400000000006
v -0.047769975000000006 0.025 0.053655400000000006
v -0.0014423250000000002 -0.025 0.0505222
v -0.0014423250000000002 0.025 0.0505222
v -0.016884875 0.025 0.0515666
v -0.016884875 -0.025 0.0515666
v -0.05392775 -0.025 0.069160625
v -0.06559425 0.025 0.052316
v -0.06559425 -0.025 0.052316
v -0.06561415000000001 -0.01875 0.08472735
v -0.06561415000000001 0.01875 0.08472735
v -0.043552725 0.025 0.07055218120000001
v -0.060856675 0.025 0.0714024937
v 0.008359125 0.025 0.0680012437
v -0.026248775000000002 0.025 0.0697018687
v -0.032251475 0.025 0.08096059370000001
v -0.043766125 -0.025 0.080603175
v 0.0161042125 0.017375 0.05
v -0.0035463125 -0.017375 0.05
v -0.044954850000000005 -0.025 0.080648875
v -0.05476445 -0.025 0.06902182500000001
v -0.051116400000000006 -0.01875 0.08559716249999999
v -0.051116400000000006 0.01875 0.08559716249999999
v -0.07665995 0.025 0.069438125
v -0.04805475000000001 0.025 0.078996225
v -0.01344685 0.025 0.0772956
v -0.03375215 0.025 0.083775275
v 0.00685845 0.025 0.070815925
v 0.027163750000000004 0.025 0.06433625
v -0.007444150000000001 0.025 0.06603687500000001
v -0.06235735 0.025 0.074217175
v 0.045055575 -0.025 0.07361695
v 0.01101565 -0.025 0.07311340000000001
v -0.06584535 -0.025 0.05244915
v -0.06584535 0.025 0.05244915
v 0.05682735 -0.025 0.07920675
v 0.049654375 -0.025 0.08010805
v 0.057684650000000004 0.025 0.0688083
v 0.04709725 0.025 0.0792723
v 0.06906345 -0.025 0.0779054
v -0.0446399 -0.025 0.08064310000000001
v -0.077769 -0.025 0.07582215
v 0.010045525 0.025 0.0859878
v -0.004613025 -0.025 0.0860586
v 0.010045525 -0.025 0.0859878
v 0.010045525 -0.0125 0.0859878
v 0.010045525 0.0 0.0859878
v -0.004613025 -0.0125 0.0860586
v -0.004613025 0.0 0.0860586
v 0.010045525 0.0125 0.0859878
v -0.004613025 0.0125 0.0860586
v -0.004613025 0.025 0.0860586
v -0.019271575000000003 -0.025 0.08612940000000001
v 0.024704075 0.025 0.085917
v 0.024704075 -0.025 0.085917
v 0.024704075 -0.0125 0.085917
v 0.024704075 0.0 0.085917
v 0.024704075 0.0125 0.085917
v -0.019271575000000003 0.025 0.08612940000000001
v -0.019271575000000003 0.0125 0.08612940000000001
v -0.019271575000000003 0.0 0.08612940000000001
v -0.019271575000000003 -0.0125 0.08612940000000001
v -0.078041 -0.025 0.0754692
v -0.0662831 -0.025 0.06671840000000001
v -0.07763300000000001 -0.025 0.075998625
v -0.0661471 -0.025 0.066894875
v -0.0660806 0.025 0.05260865
v -0.0660806 -0.025 0.05260865
v -0.07838982500000001 -0.025 0.0749025
v -0.06639937500000001 -0.025 0.06652949999999999
v -0.065987925 -0.025 0.06706265
v -0.077155475 -0.025 0.07650195
v -0.07827355 -0.025 0.0750914
v -0.07731465 -0.025 0.076334175
v -0.0664975 -0.025 0.0663234
v -0.07868420000000001 -0.025 0.07428420000000001
v -0.0658003 -0.025 0.067224325
v -0.0765926 -0.025 0.076986975
v 0.0475999 0.025 0.07904775
v 0.0578522 0.025 0.06873345
v 0.0243902125 -0.025 0.0543617
v 0.0243902125 0.025 0.0543617
v -0.07650660000000001 -0.025 0.077100125
v -0.0655423 -0.025 0.067563775
v -0.0656283 -0.025 0.067450625
v -0.078586075 -0.025 0.0744903
v -0.07678022500000001 -0.025 0.0768253
v -0.024820850000000002 0.025 0.1005368
v -0.078911825 -0.025 0.073636275
v -0.066573375 -0.025 0.066107425
v -0.04665375 -0.025 0.080523025
v -0.055330750000000005 -0.025 0.06897987500000001
v 0.0741815 -0.025 0.07077412500000001
v 0.062342800000000004 -0.025 0.079000375
v -0.065318475 -0.025 0.06772120000000001
v -0.075835125 -0.025 0.0775724
v -0.0760013375 0.01875 0.08374802499999999
v -0.0760013375 -0.01875 0.08374802499999999
v -0.0823418 0.025 0.07630325
v -0.06629725 -0.025 0.052792649999999997
v -0.06629725 0.025 0.052792649999999997
v -0.07883595 -0.025 0.07385225000000001
v -0.07907322500000001 -0.025 0.07296712500000001
v -0.06662717500000001 -0.025 0.06588437500000001
v -0.07605895 -0.025 0.07741497500000001
v 0.0081523262 0.01875 0.111898625
v 0.0081523262 -0.01875 0.111898625
v -0.065047275 -0.025 0.06787525
v -0.075021525 -0.025 0.07803455
v 0.0170240875 -0.025 0.070710825
v 0.0050072125 -0.025 0.075515975
v 0.051064012500000006 -0.025 0.071214375
v 0.03404405 -0.025 0.0709626
v 0.027030262500000003 -0.025 0.080824675
v -0.0170158375 -0.025 0.070207275
v 0.047432350000000005 0.025 0.0791226
v -0.079019425 -0.025 0.07319017500000001
v -0.031150350000000004 0.025 0.08931035
v -0.0664927 0.025 0.052999000000000004
v -0.0664927 -0.025 0.052999000000000004
v 0.058044174999999996 0.025 0.068668425
v 0.048175825000000005 0.025 0.07885267500000001
v -0.0649337 -0.025 0.067930525
v -0.07468079999999999 -0.025 0.078200375
v -0.07917785000000001 -0.025 0.0722181
v -0.06666205 -0.025 0.0656347
v -0.079251125 -0.025 0.072096325
v -0.066881875 -0.025 0.065269375
v -0.0668086 -0.025 0.06539115
v -0.0669306 0.025 0.0537268
v -0.0669306 -0.025 0.0537268
v -0.0030671737999999997 0.01875 0.111653
v -0.0030671737999999997 -0.01875 0.111653
v -0.075292725 -0.025 0.0778805
v -0.06666470000000001 -0.025 0.0532253
v -0.06666470000000001 0.025 0.0532253
v -0.07479437500000001 -0.025 0.07814510000000001
v -0.06681125 0.025 0.0534688
v -0.06681125 -0.025 0.0534688
v 0.0100295575 -0.01875 0.108238
v 0.0100295575 0.01875 0.108238
v -0.079142975 -0.025 0.072467775
v -0.02516525 -0.025 0.07934895
v -0.042280625 0.025 0.06460625
v -0.06299695 0.025 0.06524725
v -0.0076881 0.025 0.06276435
v -0.07687315 0.025 0.06644815000000001
v -0.0362593 -0.01875 0.08900957500000001
v -0.0362593 0.01875 0.08900957500000001
v -0.079286675 -0.025 0.071240575
v -0.066893725 -0.025 0.064984125
v -0.0491452437 0.025 0.0643364375
v 0.0338180313 0.025 0.060612087499999995
v -0.007663606200000001 0.025 0.0624742625
v 0.0061636063 0.025 0.0618535375
v 0.0199908188 0.025 0.0612328125
v -0.021490818699999997 0.025 0.0630949875
v 0.0476452438 0.025 0.059991362500000006
v -0.0353180312 0.025 0.0637157125
v 0.047983849999999995 0.025 0.07891770000000001
v 0.0300695625 0.025 0.07926045000000001
v -0.0442807937 0.025 0.05724885
v -0.0442807937 -0.025 0.05724885
v 0.0523325937 -0.025 0.054382349999999996
v 0.0523325937 0.025 0.054382349999999996
v 0.0247287687 0.025 0.055201349999999996
v 0.0247287687 -0.025 0.055201349999999996
v -0.0028750562 -0.025 0.05602035
v -0.0028750562 0.025 0.05602035
v 0.010926856300000001 0.025 0.05561085
v 0.010926856300000001 -0.025 0.05561085
v -0.016676968700000003 0.025 0.056429850000000004
v -0.016676968700000003 -0.025 0.056429850000000004
v 0.0385306813 -0.025 0.05479185
v 0.0385306813 0.025 0.05479185
v -0.0304788813 -0.025 0.056839350000000004
v -0.0304788813 0.025 0.056839350000000004
v 0.01115395 -0.004875 0.06
v 0.01115395 0.004875 0.06
v 0.00140395 -0.004875 0.06
v 0.00140395 0.004875 0.06
v -0.0215153125 0.025 0.063385075
v -0.0348568563 0.025 0.06369068750000001
v 0.0339244563 0.025 0.0606063125
v 0.024842893799999998 -0.025 0.06307381249999999
v -0.0026696312 -0.025 0.06184006250000001
v -0.0211005938 0.025 0.06307381249999999
v -0.007344331200000001 0.025 0.062456937500000004
v 0.0110866313 -0.025 0.062456937500000004
v -0.0164258938 -0.025 0.0612231875
v 0.020168193799999998 0.025 0.0612231875
v 0.0064119313 0.025 0.06184006250000001
v 0.0476807188 0.025 0.0599894375
v -0.0439384187 -0.025 0.0599894375
v 0.052355418800000005 -0.025 0.0643075625
v 0.0385991563 -0.025 0.06369068750000001
v -0.0486131188 0.025 0.0643075625
v -0.0301821562 -0.025 0.0606063125
v 5.707e-05 -0.01875 0.107992375
v 5.707e-05 0.01875 0.107992375
v -0.0443158563 -0.025 0.0572545937
v -0.0443158563 0.025 0.0572545937
v 0.0380748687 0.025 0.054866518700000005
v 0.0380748687 -0.025 0.054866518700000005
v 0.0518066562 0.025 0.0544685062
v 0.0518066562 -0.025 0.0544685062
v -0.0305840687 0.025 0.056856581200000006
v -0.0305840687 -0.025 0.056856581200000006
v 0.024343081199999998 -0.025 0.0552645312
v 0.024343081199999998 0.025 0.0552645312
v -0.016852281200000003 -0.025 0.0564585687
v -0.016852281200000003 0.025 0.0564585687
v 0.0106112938 -0.025 0.055662543700000004
v 0.0106112938 0.025 0.055662543700000004
v -0.0031204937 0.025 0.0560605562
v -0.0031204937 -0.025 0.0560605562
v -0.04608745 -0.025 0.08056497500000001
v 0.058324025 0.025 0.06860305
v 0.049015375 0.025 0.07865655
v -0.048087181300000004 0.025 0.0642213125
v 0.0340296438 0.025 0.0605890625
v 0.0381433438 -0.025 0.0636159375
v -0.0302873437 -0.025 0.0605890625
v 0.0244572063 -0.025 0.0630105625
v -0.0207149063 0.025 0.0630105625
v 0.0203435063 0.025 0.061194437500000004
v -0.0070287687 0.025 0.0624051875
v 0.010771068800000002 -0.025 0.0624051875
v -0.0166012062 -0.025 0.061194437500000004
v -0.0029150686999999996 -0.025 0.0617998125
v 0.0066573688 0.025 0.0617998125
v -0.043973481200000004 -0.025 0.0599836875
v 0.0477157813 0.025 0.0599836875
v -0.0344010437 0.025 0.0636159375
v 0.0518294813 -0.025 0.0642213125
v 0.0338889813 0.025 0.0606082375
v -0.0486485937 0.025 0.0643094875
v 0.0063764563 0.025 0.0618419875
v 0.0200617688 0.025 0.061228962500000005
v -0.0349632812 0.025 0.0636964625
v -0.0075926562 0.025 0.062470412499999996
v -0.0212779687 0.025 0.06308343749999999
v 0.0376298625 -0.025 0.0549901
v 0.0376298625 0.025 0.0549901
v -0.044350087499999996 0.025 0.0572641
v -0.044350087499999996 -0.025 0.0572641
v 0.0239665375 0.025 0.0553691
v 0.0239665375 -0.025 0.0553691
v 0.0103032125 0.025 0.0557481
v 0.0103032125 -0.025 0.0557481
v -0.017023437500000002 0.025 0.056506100000000004
v -0.017023437500000002 -0.025 0.056506100000000004
v -0.0033601125 -0.025 0.0561271
v -0.0033601125 0.025 0.0561271
v -0.030686762500000003 -0.025 0.0568851
v -0.030686762500000003 0.025 0.0568851
v 0.051293187500000004 -0.025 0.054611099999999996
v 0.051293187500000004 0.025 0.054611099999999996
v -0.0030854312 -0.025 0.0560548125
v -0.0030854312 0.025 0.0560548125
v -0.030549006200000003 -0.025 0.05685083750000001
v -0.030549006200000003 0.025 0.05685083750000001
v 0.0518417188 -0.025 0.054462762500000005
v 0.0518417188 0.025 0.054462762500000005
v -0.0167470937 -0.025 0.0564413375
v -0.0167470937 0.025 0.0564413375
v 0.0108567313 -0.025 0.0556223375
v 0.0108567313 0.025 0.0556223375
v 0.0245183938 0.025 0.0552358125
v 0.0245183938 -0.025 0.0552358125
v 0.0381800563 0.025 0.0548492875
v 0.0381800563 -0.025 0.0548492875
v -0.07927482500000001 -0.025 0.071525825
v -0.06342265 0.025 0.06522415
v -0.07701505 0.025 0.06644045
v -0.044007712500000004 -0.025 0.0599741875
v 0.037698337500000005 -0.025 0.0634924375
v 0.0513160125 -0.025 0.0640788125
v -0.0303900375 -0.025 0.060560562500000005
v 0.024080662500000002 -0.025 0.0629060625
v -0.0167723625 -0.025 0.0611469375
v 0.010462987500000001 -0.025 0.062319687500000005
v -0.0031546875000000004 -0.025 0.061733312500000005
v -0.04757361870000001 0.025 0.0640788125
v 0.047750018799999995 0.025 0.0599741875
v -0.0203382937 0.025 0.0629060625
v -0.0067206312 0.025 0.062319687500000005
v 0.0205146937 0.025 0.0611469375
v 0.006897031300000001 0.025 0.061733312500000005
v -0.0339559562 0.025 0.0634924375
v 0.0341323562 0.025 0.060560562500000005
v 0.0339945813 0.025 0.060594812500000005
v -0.048122243700000004 0.025 0.0642270625
v 0.0382485313 -0.025 0.06363318750000001
v 0.0066223063 0.025 0.06180556250000001
v -0.0028800061999999997 -0.025 0.06180556250000001
v -0.0302522812 -0.025 0.060594812500000005
v 0.0202383187 0.025 0.0612116875
v -0.0164960187 -0.025 0.0612116875
v 0.0110165062 -0.025 0.0624454375
v -0.0072742062 0.025 0.0624454375
v -0.020890218800000002 0.025 0.0630393125
v 0.024632518800000003 -0.025 0.0630393125
v 0.051864543799999996 -0.025 0.0642270625
v -0.0345062312 0.025 0.06363318750000001
v -0.0349278062 0.025 0.0636945375
v 0.0200972438 0.025 0.061227037500000005
v -0.0075571812000000006 0.025 0.0624684875
v -0.0211715438 0.025 0.0630776625
v 0.0372007813 0.025 0.055161049999999996
v 0.0372007813 -0.025 0.055161049999999996
v 0.023603468699999998 -0.025 0.05551375
v 0.023603468699999998 0.025 0.05551375
v 0.0100061563 -0.025 0.05586645
v 0.0100061563 0.025 0.05586645
v -0.017188468800000002 -0.025 0.05657185
v -0.017188468800000002 0.025 0.05657185
v -0.0035911563000000004 0.025 0.05621915
v -0.0035911563000000004 -0.025 0.05621915
v -0.044383093799999995 -0.025 0.05727725
v -0.044383093799999995 0.025 0.05727725
v -0.0307857812 0.025 0.05692455
v -0.0307857812 -0.025 0.05692455
v 0.050798093700000005 0.025 0.05480835
v 0.050798093700000005 -0.025 0.05480835
v 0.0105428312 0.025 0.055681556199999996
v 0.0105428312 -0.025 0.055681556199999996
v 0.024137693800000002 -0.025 0.0553215688
v 0.024137693800000002 0.025 0.0553215688
v 0.0513274187 0.025 0.054601593700000006
v 0.0513274187 -0.025 0.054601593700000006
v -0.0306525312 0.025 0.0568755937
v -0.0306525312 -0.025 0.0568755937
v -0.0033258813 0.025 0.0561175938
v -0.0033258813 -0.025 0.0561175938
v -0.0169207437 0.025 0.0564775812
v -0.0169207437 -0.025 0.0564775812
v 0.0377325563 -0.025 0.054961581300000006
v 0.0377325563 0.025 0.054961581300000006
v -0.016782156200000002 0.025 0.0564470812
v -0.016782156200000002 -0.025 0.0564470812
v 0.0381449938 -0.025 0.0548550312
v 0.0381449938 0.025 0.0548550312
v 0.0108216687 0.025 0.0556280813
v 0.0108216687 -0.025 0.0556280813
v 0.0244132062 0.025 0.0552530437
v 0.0244132062 -0.025 0.0552530437
v -0.019975293800000002 0.025 0.0627614125
v -0.0064236312 0.025 0.062201337499999995
v 0.020679693800000003 0.025 0.0610811875
v 0.0071280313 0.025 0.0616412625
v 0.0477830188 0.025 0.059961037499999995
v -0.0440407187 -0.025 0.059961037499999995
v -0.0335269562 0.025 0.0633214875
v 0.037269256199999996 -0.025 0.0633214875
v 0.0237175937 -0.025 0.0627614125
v 0.0101659312 -0.025 0.062201337499999995
v -0.0169373937 -0.025 0.0610811875
v 0.0508209187 -0.025 0.0638815625
v -0.0033857312 -0.025 0.0616412625
v -0.047078618700000005 0.025 0.0638815625
v -0.030489056200000003 -0.025 0.0605211125
v 0.0342313563 0.025 0.0605211125
v -0.06687525 -0.025 0.064650975
v -0.07923125 -0.025 0.070241125
v 0.0378010313 -0.025 0.0635209375
v -0.030355806200000002 -0.025 0.0605700625
v -0.0031204562000000003 -0.025 0.0617428125
v -0.0166696687 -0.025 0.061175437500000006
v 0.010702606299999999 -0.025 0.062386187499999995
v 0.0242518187 -0.025 0.0629535625
v 0.0513502438 -0.025 0.06408831250000001
v -0.034058668800000004 0.025 0.0635209375
v 0.0340981188 0.025 0.0605700625
v -0.0069602938000000005 0.025 0.062386187499999995
v -0.0205094813 0.025 0.0629535625
v 0.0068627938 0.025 0.0617428125
v 0.020411981300000003 0.025 0.061175437500000006
v -0.0476078563 0.025 0.06408831250000001
v 0.038213468800000004 -0.025 0.0636274375
v -0.0165310812 -0.025 0.0612059375
v 0.0202733812 0.025 0.0612059375
v -0.007239143700000001 0.025 0.0624396875
v 0.010981443799999999 -0.025 0.0624396875
v -0.020785031300000003 0.025 0.0630220625
v 0.024527331200000002 -0.025 0.0630220625
v -0.0344711687 0.025 0.0636274375
v 0.0063055063 0.025 0.0618458375
v -0.0212070187 0.025 0.0630795875
v -0.0487195437 0.025 0.0643133375
v -0.0351761313 0.025 0.06370801250000001
v -0.0213489187 0.025 0.0630872875
v 0.0503271875 -0.025 0.055058006300000004
v 0.0503271875 0.025 0.055058006300000004
v -0.0444144875 0.025 0.057293893799999995
v -0.0444144875 -0.025 0.057293893799999995
v 0.0232581375 0.025 0.0556968312
v 0.0232581375 -0.025 0.0556968312
v 0.0097236125 0.025 0.0560162438
v 0.0097236125 -0.025 0.0560162438
v -0.0173454375 0.025 0.0566550688
v -0.0173454375 -0.025 0.0566550688
v -0.0038109125 -0.025 0.0563356562
v -0.0038109125 0.025 0.0563356562
v -0.030879962500000004 -0.025 0.056974481199999996
v -0.030879962500000004 0.025 0.056974481199999996
v 0.036792662500000003 -0.025 0.055377418799999995
v 0.036792662500000003 0.025 0.055377418799999995
v 0.0508311 -0.025 0.0547952
v 0.0508311 0.025 0.0547952
v -0.00355815 -0.025 0.056206
v -0.00355815 0.025 0.056206
v -0.01708945 -0.025 0.056532400000000003
v -0.01708945 0.025 0.056532400000000003
v 0.0102372 -0.025 0.0557744
v 0.0102372 0.025 0.0557744
v 0.0237685 0.025 0.055448000000000004
v 0.0237685 -0.025 0.055448000000000004
v -0.030752775 -0.025 0.0569114
v -0.030752775 0.025 0.0569114
v 0.0372998 0.025 0.0551216
v 0.0372998 -0.025 0.0551216
v 0.037698325000000005 0.025 0.0549710875
v 0.037698325000000005 -0.025 0.0549710875
v 0.0105086 -0.025 0.0556910625
v 0.0105086 0.025 0.0556910625
v 0.024035 -0.025 0.055350087500000006
v 0.024035 0.025 0.055350087500000006
v -0.016954975 -0.025 0.0564870875
v -0.016954975 0.025 0.0564870875
v 0.0383904312 0.025 0.054814825000000005
v 0.0383904312 -0.025 0.054814825000000005
v 0.0245885188 -0.025 0.055224325
v 0.0245885188 0.025 0.055224325
v -0.0030153062000000002 0.025 0.056043325
v -0.0030153062000000002 -0.025 0.056043325
v 0.0244482687 -0.025 0.0552473
v 0.0244482687 0.025 0.0552473
v 0.0519118438 0.025 0.054451275
v 0.0519118438 -0.025 0.054451275
v -0.044072112499999996 -0.025 0.0599443937
v 0.04781441250000001 0.025 0.0599443937
v -0.0331188375 0.025 0.0631051188
v 0.0368611375 -0.025 0.0631051188
v 0.0233722625 -0.025 0.0625783313
v -0.0196299625 0.025 0.0625783313
v -0.0170943625 -0.025 0.0609979688
v 0.0098833875 -0.025 0.0620515438
v -0.0061410875 0.025 0.0620515438
v 0.0208366625 0.025 0.0609979688
v 0.0503500125 -0.025 0.0636319062
v -0.0036054875 -0.025 0.0615247563
v -0.0466077125 0.025 0.0636319062
v 0.0073477875 0.025 0.0615247563
v 0.034325537499999996 0.025 0.06047118120000001
v -0.030583237500000002 -0.025 0.06047118120000001
v -0.0471116188 0.025 0.06389471249999999
v 0.0070950313 0.025 0.0616544125
v 0.0205806938 0.025 0.0611206375
v -0.0066546311999999995 0.025 0.062293387500000005
v -0.0201402937 0.025 0.0628271625
v -0.0336259562 0.025 0.0633609375
v 0.0341983563 0.025 0.060534262500000005
v 0.010396975 -0.025 0.062293387500000005
v 0.023882625 -0.025 0.0628271625
v -0.030456050000000002 -0.025 0.060534262500000005
v -0.003352725 -0.025 0.0616544125
v 0.050853925 -0.025 0.06389471249999999
v -0.016838375000000003 -0.025 0.0611206375
v 0.037368275 -0.025 0.0633609375
v -0.0167039 -0.025 0.061165937499999996
v 0.010668375 -0.025 0.0623766875
v 0.037766799999999996 -0.025 0.0635114375
v 0.024149124999999997 -0.025 0.0629250625
v -0.0069260562999999995 0.025 0.0623766875
v -0.0204067687 0.025 0.0629250625
v 0.020446218699999998 0.025 0.061165937499999996
v -0.0340244313 0.025 0.0635114375
v -0.0481923687 0.025 0.0642385625
v 0.0245623938 -0.025 0.0630278125
v -0.0209603437 0.025 0.0630508125
v -0.0028098812000000003 -0.025 0.061817062500000006
v 0.0065521812999999995 0.025 0.061817062500000006
v 0.0384589063 -0.025 0.0636676875
v -0.0208200938 0.025 0.0630278125
v -0.0347166063 0.025 0.0636676875
v 0.0519346688 -0.025 0.0642385625
v 0.024702643800000004 -0.025 0.0630508125
v -0.0074862311999999995 0.025 0.0624646375
v 0.0364103813 -0.025 0.0556366062
v 0.0364103813 0.025 0.0556366062
v -0.044443893799999995 -0.025 0.057313831200000005
v -0.044443893799999995 0.025 0.057313831200000005
v -0.0309681812 0.025 0.0570342937
v -0.0309681812 -0.025 0.0570342937
v 0.0229346688 -0.025 0.055916143700000004
v 0.0229346688 0.025 0.055916143700000004
v -0.0174924687 0.025 0.056754756200000006
v -0.0174924687 -0.025 0.056754756200000006
v 0.0094589563 0.025 0.05619568120000001
v 0.0094589563 -0.025 0.05619568120000001
v -0.0040167562 0.025 0.0564752187
v -0.0040167562 -0.025 0.0564752187
v 0.049886093799999996 0.025 0.055357068700000005
v 0.049886093799999996 -0.025 0.055357068700000005
v 0.0503585812 0.025 0.0550413625
v 0.0503585812 -0.025 0.0550413625
v -0.0308485687 0.025 0.056957837500000004
v -0.0308485687 -0.025 0.056957837500000004
v -0.0037795188 0.025 0.0563190125
v -0.0037795188 -0.025 0.0563190125
v -0.0172512563 0.025 0.0566051375
v -0.0172512563 -0.025 0.0566051375
v 0.0099433687 0.025 0.055899737500000005
v 0.0099433687 -0.025 0.055899737500000005
v 0.023415106200000004 -0.025 0.0556136125
v 0.023415106200000004 0.025 0.0556136125
v 0.0368868437 -0.025 0.055327487499999994
v 0.0368868437 0.025 0.055327487499999994
v 0.0372667937 -0.025 0.055134749999999996
v 0.0372667937 0.025 0.055134749999999996
v 0.0102041937 0.025 0.055787550000000005
v 0.0102041937 -0.025 0.055787550000000005
v 0.023669481200000002 0.025 0.05548745
v 0.023669481200000002 -0.025 0.05548745
v -0.0171224562 0.025 0.05654555
v -0.0171224562 -0.025 0.05654555
v 0.0379379438 -0.025 0.0549045437
v 0.0379379438 0.025 0.0549045437
v 0.0242061562 0.025 0.055302556200000005
v 0.0242061562 -0.025 0.055302556200000005
v -0.0032574187 -0.025 0.056098581200000004
v -0.0032574187 0.025 0.056098581200000004
v 0.0240692313 0.025 0.0553405812
v 0.0240692313 -0.025 0.0553405812
v 0.0513958812 -0.025 0.0545825813
v 0.0513958812 0.025 0.0545825813
v 0.0107515437 -0.025 0.0556395687
v 0.0107515437 0.025 0.0556395687
v 0.031858425 -0.01875 0.0886367375
v 0.031858425 0.01875 0.0886367375
v 0.0478438188 0.025 0.0599244563
v -0.0441015187 -0.025 0.0599244563
v -0.0327365562 0.025 0.0628459313
v -0.0193064937 0.025 0.062359018700000005
v 0.0230487938 -0.025 0.062359018700000005
v 0.0096187313 -0.025 0.0618721063
v 0.0209836937 0.025 0.0608982813
v -0.0172413937 -0.025 0.0608982813
v -0.0058764312 0.025 0.0618721063
v 0.0499089187 -0.025 0.0633328437
v -0.0038113312 -0.025 0.0613851937
v -0.046166618799999996 0.025 0.0633328437
v 0.0075536313 0.025 0.0613851937
v 0.0344137563 0.025 0.0604113687
v 0.0364788562 -0.025 0.0628459313
v -0.0306714562 -0.025 0.0604113687
v -0.0305518437 -0.025 0.060487825
v 0.0342941438 0.025 0.060487825
v 0.0073163937999999994 0.025 0.0615414
v -0.0466391062 0.025 0.06364855
v 0.0503814062 -0.025 0.06364855
v 0.0207424813 0.025 0.0610479
v -0.0332130187 0.025 0.06315505
v -0.0035740937 -0.025 0.0615414
v -0.0170001812 -0.025 0.0610479
v 0.0101031438 -0.025 0.06216805
v -0.0063608436999999995 0.025 0.06216805
v -0.0197869312 0.025 0.06266155000000001
v 0.0235292312 -0.025 0.06266155000000001
v 0.0369553187 -0.025 0.06315505
v -0.0754216875 -0.01875 0.053253812500000004
v -0.0754216875 0.01875 0.053253812500000004
v -0.0335929562 0.025 0.0633477875
v -0.0066216312 0.025 0.0622802375
v -0.020041293699999997 0.025 0.06278771250000001
v 0.0206136938 0.025 0.0611074875
v 0.0103639687 -0.025 0.0622802375
v 0.0237836063 -0.025 0.06278771250000001
v 0.0373352687 -0.025 0.0633477875
v -0.0168713812 -0.025 0.0611074875
v 0.0360584062 -0.025 0.0559356062
v 0.0360584062 0.025 0.0559356062
v -0.0444709687 0.025 0.0573368312
v -0.0444709687 -0.025 0.0573368312
v 0.0226368437 -0.025 0.0561691437
v 0.0226368437 0.025 0.0561691437
v -0.031049406300000002 -0.025 0.0571032937
v -0.031049406300000002 0.025 0.0571032937
v -0.0042062813 0.025 0.056636218700000004
v -0.0042062813 -0.025 0.056636218700000004
v 0.0092152812 0.025 0.0564026812
v 0.0092152812 -0.025 0.0564026812
v -0.0176278438 -0.025 0.0568697562
v -0.0176278438 0.025 0.0568697562
v 0.0494799687 0.025 0.0557020688
v 0.0494799687 -0.025 0.0557020688
v 0.0514187062 -0.025 0.0641073125
v 0.024320281200000002 -0.025 0.06297256250000001
v -0.0030519937000000005 -0.025 0.0617618125
v 0.038006418800000004 -0.025 0.0635779375
v 0.0241833563 -0.025 0.0629345625
v -0.020577956300000002 0.025 0.06297256250000001
v -0.0342640937 0.025 0.0635779375
v -0.047676331200000005 0.025 0.0641073125
v 0.0067943188 0.025 0.0617618125
v -0.0204410063 0.025 0.0629345625
v -0.030938775 -0.025 0.0570143563
v -0.030938775 0.025 0.0570143563
v 0.0364986 0.025 0.0555767937
v 0.0364986 -0.025 0.0555767937
v 0.0499155 -0.025 0.0553371313
v 0.0499155 0.025 0.0553371313
v -0.00398735 -0.025 0.0564552813
v -0.00398735 0.025 0.0564552813
v -0.017404250000000003 -0.025 0.0566949437
v -0.017404250000000003 0.025 0.0566949437
v 0.0096648 -0.025 0.0560561187
v 0.0096648 0.025 0.0560561187
v 0.0230817 0.025 0.0558164563
v 0.0230817 -0.025 0.0558164563
v 0.0109113188 -0.025 0.062428187499999996
v -0.007169018700000001 0.025 0.062428187499999996
v -0.0351051812 0.025 0.0637041625
v 0.0069635875 -0.018328125 0.05
v 0.0055943125 0.018328125 0.05
v -0.01728265 -0.025 0.0566217812
v -0.01728265 0.025 0.0566217812
v 0.009911975 -0.025 0.0559163812
v 0.009911975 0.025 0.0559163812
v 0.023320925 -0.025 0.0556635437
v 0.023320925 0.025 0.0556635437
v 0.03685545 0.025 0.0553441313
v 0.03685545 -0.025 0.0553441313
v -0.025432100000000003 0.01875 0.0900237375
v -0.025432100000000003 -0.01875 0.0900237375
v 0.04949131870000001 -0.025 0.05573573750000001
v 0.04949131870000001 0.025 0.05573573750000001
v -0.0443007187 0.025 0.05784186250000001
v -0.0443007187 -0.025 0.05784186250000001
v -0.0175029937 -0.025 0.0572401125
v -0.0175029937 0.025 0.0572401125
v -0.0041041313 0.025 0.056939237499999996
v -0.0041041313 -0.025 0.056939237499999996
v 0.0226935937 0.025 0.0563374875
v 0.0226935937 -0.025 0.0563374875
v 0.009294731200000001 0.025 0.056638362500000004
v 0.009294731200000001 -0.025 0.056638362500000004
v -0.030901856300000002 -0.025 0.0575409875
v -0.030901856300000002 0.025 0.0575409875
v 0.0360924562 0.025 0.0560366125
v 0.0360924562 -0.025 0.0560366125
v 0.0237024875 -0.025 0.055474300000000004
v 0.0237024875 0.025 0.055474300000000004
v 0.0238345125 -0.025 0.0554217
v 0.0238345125 0.025 0.0554217
v -0.0034921375 0.025 0.0561797
v -0.0034921375 -0.025 0.0561797
v 0.0508971125 0.025 0.0547689
v 0.0508971125 -0.025 0.0547689
v 0.037497837500000006 0.025 0.0550427
v 0.037497837500000006 -0.025 0.0550427
v 0.0104401375 0.025 0.055710075000000005
v 0.0104401375 -0.025 0.055710075000000005
v 0.049498956200000006 0.025 0.0557704312
v 0.049498956200000006 -0.025 0.0557704312
v 0.0093481937 0.025 0.0568812188
v 0.0093481937 -0.025 0.0568812188
v -0.0174189813 0.025 0.05762174380000001
v -0.0174189813 -0.025 0.05762174380000001
v -0.0040353938 0.025 0.057251481300000004
v -0.0040353938 -0.025 0.057251481300000004
v 0.0227317812 -0.025 0.056510956200000004
v 0.0227317812 0.025 0.056510956200000004
v -0.044186156299999994 0.025 0.0583622687
v -0.044186156299999994 -0.025 0.0583622687
v -0.0308025687 -0.025 0.0579920062
v -0.0308025687 0.025 0.0579920062
v 0.036115368700000004 -0.025 0.0561406937
v 0.036115368700000004 0.025 0.0561406937
v 0.0383203062 -0.025 0.0548263125
v 0.0383203062 0.025 0.0548263125
v -0.044128593800000004 -0.025 0.059901456299999996
v 0.0478708938 0.025 0.059901456299999996
v 0.0361268812 -0.025 0.0625469313
v -0.032384581200000005 0.025 0.0625469313
v -0.019008668700000002 0.025 0.062106018799999996
v -0.0056327562 0.025 0.0616651063
v 0.021119068799999998 0.025 0.0607832813
v -0.045760493799999996 0.025 0.0629878438
v 0.0495027937 -0.025 0.0629878438
v 0.007743156300000001 0.025 0.061224193700000006
v 0.0344949813 0.025 0.0603423687
v -0.0307526812 -0.025 0.0603423687
v 0.022750968700000002 -0.025 0.062106018799999996
v 0.0093750562 -0.025 0.0616651063
v -0.0173767687 -0.025 0.0607832813
v -0.0040008562 -0.025 0.061224193700000006
v 0.0360811063 -0.025 0.0560029437
v 0.0360811063 0.025 0.0560029437
v 0.009283381200000001 -0.025 0.05660469370000001
v 0.009283381200000001 0.025 0.05660469370000001
v -0.0443120687 -0.025 0.0578081938
v -0.0443120687 0.025 0.0578081938
v -0.0041835813 -0.025 0.0567035562
v -0.0041835813 0.025 0.0567035562
v 0.022659543700000003 0.025 0.05623648120000001
v 0.022659543700000003 -0.025 0.05623648120000001
v -0.0175597438 0.025 0.0570717688
v -0.0175597438 -0.025 0.0570717688
v -0.0309359063 0.025 0.0574399812
v -0.0309359063 -0.025 0.0574399812
v 0.03438435 0.025 0.06043130620000001
v -0.046196025 0.025 0.0633527813
v 0.049938325 -0.025 0.0633527813
v 0.007524225 0.025 0.061405131300000006
v 0.020895475 0.025 0.0609580937
v -0.006082275000000001 0.025 0.062011668799999996
v 0.009824575 -0.025 0.062011668799999996
v 0.023195825 -0.025 0.0624587063
v -0.019453525 0.025 0.0624587063
v -0.03064205 -0.025 0.06043130620000001
v -0.003781925 -0.025 0.061405131300000006
v -0.017153175 -0.025 0.0609580937
v -0.032824775 0.025 0.0629057438
v 0.036567075 -0.025 0.0629057438
v -0.0441937938 -0.025 0.058327575
v -0.0441937938 0.025 0.058327575
v 0.0093405562 -0.025 0.056846525
v 0.0093405562 0.025 0.056846525
v 0.0227088687 -0.025 0.056406875
v 0.0227088687 0.025 0.056406875
v -0.0040888563 -0.025 0.05700862500000001
v -0.0040888563 0.025 0.05700862500000001
v -0.017457168800000002 0.025 0.05744827500000001
v -0.017457168800000002 -0.025 0.05744827500000001
v -0.030825481199999998 0.025 0.057887925
v -0.030825481199999998 -0.025 0.057887925
v 0.0361077312 0.025 0.056105999999999996
v 0.0361077312 -0.025 0.056105999999999996
v -0.0638434 0.025 0.06515515
v -0.07715530000000001 0.025 0.06641745
v -0.033181625 0.025 0.06313840629999999
v 0.020773875 0.025 0.0610312562
v -0.00632945 0.025 0.062151406299999996
v -0.017031575 -0.025 0.0610312562
v -0.019692750000000002 0.025 0.0626116187
v 0.036923925 -0.025 0.06313840629999999
v 0.02343505 -0.025 0.0626116187
v 0.010071749999999999 -0.025 0.062151406299999996
v 0.0495070437 -0.025 0.0556790688
v 0.0495070437 0.025 0.0556790688
v 0.0094048063 -0.025 0.056241681200000004
v 0.0094048063 0.025 0.056241681200000004
v 0.0227722187 0.025 0.0560541437
v 0.0227722187 -0.025 0.0560541437
v -0.0041792063 -0.025 0.0566132187
v -0.0041792063 0.025 0.0566132187
v -0.031022331200000003 0.025 0.05708029370000001
v -0.031022331200000003 -0.025 0.05708029370000001
v -0.017546618700000002 -0.025 0.056800756200000004
v -0.017546618700000002 0.025 0.056800756200000004
v 0.0361396312 0.025 0.0558666062
v 0.0361396312 -0.025 0.0558666062
v -0.06328075 0.025 0.06523185
v -0.0174342563 -0.025 0.057552356199999995
v -0.0174342563 0.025 0.057552356199999995
v -0.0308178437 -0.025 0.0579226187
v -0.0308178437 0.025 0.0579226187
v -0.0040812188 0.025 0.0570433187
v -0.0040812188 -0.025 0.0570433187
v 0.0227165062 0.025 0.0564415688
v 0.0227165062 -0.025 0.0564415688
v -0.0200742938 0.025 0.0628008625
v -0.0202062937 0.025 0.0628534625
v 0.0070290313 0.025 0.0616807125
v -0.04717761870000001 0.025 0.0639210125
v -0.0338239563 0.025 0.0634398375
v 0.050919937500000005 -0.025 0.0639210125
v 0.023948637499999998 -0.025 0.0628534625
v 0.0238166125 -0.025 0.0628008625
v -0.0032867125000000004 -0.025 0.0616807125
v 0.0375663125 -0.025 0.0634398375
v 0.0226708937 -0.025 0.056270150000000005
v 0.0226708937 0.025 0.056270150000000005
v -0.0175256938 0.025 0.057172775
v -0.0175256938 -0.025 0.057172775
v -0.0041722313 0.025 0.056737225
v -0.0041722313 -0.025 0.056737225
v -0.0309245562 -0.025 0.05747365
v -0.0309245562 0.025 0.05747365
v 0.0364691938 -0.025 0.055596731200000006
v 0.0364691938 0.025 0.055596731200000006
v -0.0174336563 0.025 0.056714881200000004
v -0.0174336563 -0.025 0.056714881200000004
v 0.0096353937 0.025 0.0560760562
v 0.0096353937 -0.025 0.0560760562
v 0.0229934812 0.025 0.0558762687
v 0.0229934812 -0.025 0.0558762687
v -0.0312378 -0.025 0.0528721
v -0.0312378 0.025 0.0528721
v -0.0003527 0.025 0.0507833
v -0.0003527 -0.025 0.0507833
v 0.0392494 -0.025 0.0507833
v 0.0392494 0.025 0.0507833
v -0.013616 0.025 0.0523499
v -0.013616 -0.025 0.0523499
v 0.0105999125 -0.025 0.0623576875
v -0.006857581200000001 0.025 0.0623576875
v -0.0174418938 0.025 0.057517662500000004
v -0.0174418938 -0.025 0.057517662500000004
v -0.030871306299999998 0.025 0.0576797625
v -0.030871306299999998 -0.025 0.0576797625
v -0.0174724438 -0.025 0.057378887499999996
v -0.0174724438 0.025 0.057378887499999996
v 0.0093252812 0.025 0.0567771375
v 0.0093252812 -0.025 0.0567771375
v -0.04420906880000001 0.025 0.0582581875
v -0.04420906880000001 -0.025 0.0582581875
v 0.0233523187 0.025 0.0556469
v 0.0233523187 -0.025 0.0556469
v -0.0037167313 -0.025 0.056285725
v -0.0037167313 0.025 0.056285725
v 0.050421368700000004 -0.025 0.055008075
v 0.050421368700000004 0.025 0.055008075
v 0.0370752062 -0.025 0.055227625
v 0.0370752062 0.025 0.055227625
v 0.023477893700000002 0.025 0.05558032500000001
v 0.023477893700000002 -0.025 0.05558032500000001
v 0.0383887813 -0.025 0.0636561875
v -0.034646481300000004 0.025 0.0636561875
v -0.017537043800000002 -0.025 0.057139106200000005
v -0.017537043800000002 0.025 0.057139106200000005
v -0.0175824438 -0.025 0.057004431200000004
v -0.0175824438 0.025 0.057004431200000004
v -0.0443347688 0.025 0.0577408562
v -0.0443347688 -0.025 0.0577408562
v 0.0092606812 0.025 0.0565373562
v 0.0092606812 -0.025 0.0565373562
v -0.0310040062 0.025 0.0572379687
v -0.0310040062 -0.025 0.0572379687
v 0.0357976813 0.025 0.056476012500000006
v 0.0357976813 -0.025 0.056476012500000006
v -0.0442105937 -0.025 0.058388062500000004
v -0.0442105937 0.025 0.058388062500000004
v -0.0308758812 0.025 0.0580693875
v -0.0308758812 -0.025 0.0580693875
v 0.0224629688 -0.025 0.056794687499999996
v 0.0224629688 0.025 0.056794687499999996
v 0.0091282563 -0.025 0.057113362499999994
v 0.0091282563 0.025 0.057113362499999994
v -0.017541168700000002 -0.025 0.0577507125
v -0.017541168700000002 0.025 0.0577507125
v -0.0042064562 0.025 0.057432037500000005
v -0.0042064562 -0.025 0.057432037500000005
v 0.049132393700000006 0.025 0.05615733750000001
v 0.049132393700000006 -0.025 0.05615733750000001
v -0.0040659438 -0.025 0.057112706299999996
v -0.0040659438 0.025 0.057112706299999996
v 0.0101381812 -0.025 0.05581385
v 0.0101381812 0.025 0.05581385
v 0.047895331299999996 0.025 0.0598756625
v 0.0358091938 -0.025 0.0622116125
v -0.045393931299999996 0.025 0.06260093750000001
v -0.018739856200000002 0.025 0.0618222875
v 0.022482156299999997 -0.025 0.0618222875
v -0.0054128188 0.025 0.0614329625
v 0.0212412563 0.025 0.060654312499999995
v 0.009155118799999999 -0.025 0.0614329625
v -0.0174989562 -0.025 0.060654312499999995
v -0.0041719187 -0.025 0.061043637500000004
v 0.007914218800000001 0.025 0.061043637500000004
v -0.0441530312 -0.025 0.0598756625
v -0.0320668937 0.025 0.0622116125
v -0.0308259938 -0.025 0.0602649875
v 0.0345682937 0.025 0.0602649875
v 0.049136231300000006 -0.025 0.06260093750000001
v -0.0058222812 0.025 0.0618261063
v -0.0191440438 0.025 0.062221018700000005
v -0.0039737812 -0.025 0.0612471937
v -0.0307256062 -0.025 0.0603653687
v 0.034467906300000004 0.025 0.0603653687
v 0.007716081299999999 0.025 0.0612471937
v 0.0495298687 -0.025 0.0630108438
v -0.0457875687 0.025 0.0630108438
v -0.0172955437 -0.025 0.0608522813
v 0.0210378438 0.025 0.0608522813
v 0.0095645813 -0.025 0.0618261063
v 0.022886343700000002 -0.025 0.062221018700000005
v -0.0324658062 0.025 0.0626159313
v 0.0362081062 -0.025 0.0626159313
v -0.0308560313 -0.025 0.05774915
v -0.0308560313 0.025 0.05774915
v 0.0378694812 0.025 0.054923556299999995
v 0.0378694812 -0.025 0.054923556299999995
v -0.0041495313 -0.025 0.056804562499999996
v -0.0041495313 0.025 0.056804562499999996
v 0.0209248813 0.025 0.0609381562
v -0.0327953687 0.025 0.0628858062
v 0.0097951688 -0.025 0.061991731200000004
v -0.0060528687 0.025 0.061991731200000004
v 0.0231076063 -0.025 0.0623988938
v -0.0193653062 0.025 0.0623988938
v -0.0171825812 -0.025 0.0609381562
v 0.0365376688 -0.025 0.0628858062
v 0.0361125563 -0.025 0.0558896062
v 0.0361125563 0.025 0.0558896062
v 0.009377731200000001 0.025 0.0562646812
v 0.009377731200000001 -0.025 0.0562646812
v 0.022690993700000002 0.025 0.0561231437
v 0.022690993700000002 -0.025 0.0561231437
v -0.0175736937 0.025 0.056823756200000006
v -0.0175736937 -0.025 0.056823756200000006
v -0.046701893700000004 0.025 0.0636818375
v -0.019724143700000002 0.025 0.0626282625
v 0.0072536063 0.025 0.061574687499999996
v 0.0371436813 -0.025 0.0632549125
v -0.0035113062 -0.025 0.061574687499999996
v 0.0234664437 -0.025 0.0626282625
v 0.023592018800000003 -0.025 0.0626948375
v -0.0198497187 0.025 0.0626948375
v 0.0504441938 -0.025 0.0636818375
v -0.033401381200000003 0.025 0.0632549125
v -0.044239618700000004 -0.025 0.0581194125
v -0.044239618700000004 0.025 0.0581194125
v -0.0309813063 -0.025 0.0573053063
v -0.0309813063 0.025 0.0573053063
v 0.023022887500000002 -0.025 0.0558563312
v 0.023022887500000002 0.025 0.0558563312
v 0.023140512499999998 -0.025 0.0557765812
v 0.023140512499999998 0.025 0.0557765812
v -0.0039285375 0.025 0.0564154062
v -0.0039285375 -0.025 0.0564154062
v 0.0499743125 0.025 0.0552972562
v 0.0499743125 -0.025 0.0552972562
v 0.0366750375 0.025 0.0554571688
v 0.0366750375 -0.025 0.0554571688
v -0.006555631200000001 0.025 0.0622539375
v 0.0102979562 -0.025 0.0622539375
v 0.022226468800000003 0.025 0.05710585
v 0.022226468800000003 -0.025 0.05710585
v 0.008934756299999999 0.025 0.05736795
v 0.008934756299999999 -0.025 0.05736795
v -0.0176486688 0.025 0.05789215
v -0.0176486688 -0.025 0.05789215
v -0.0043569562000000004 -0.025 0.057630049999999995
v -0.0043569562000000004 0.025 0.057630049999999995
v -0.0442320937 0.025 0.058416350000000006
v -0.0442320937 -0.025 0.058416350000000006
v 0.0355181813 -0.025 0.056843750000000005
v 0.0355181813 0.025 0.056843750000000005
v 0.048809893800000004 -0.025 0.056581650000000004
v 0.048809893800000004 0.025 0.056581650000000004
v -0.030940381200000002 -0.025 0.058154250000000005
v -0.030940381200000002 0.025 0.058154250000000005
v -0.0100790375 0.01875 0.1111355
v -0.0100790375 -0.01875 0.1111355
v 0.07892075 -0.025 0.051044400000000004
v 0.07892075 0.025 0.051044400000000004
v 0.044754525 -0.025 0.0529078
v 0.044754525 0.025 0.0529078
v 0.0105883 -0.025 0.054771200000000006
v 0.0105883 0.025 0.054771200000000006
v 0.06579595 0.025 0.0531332
v 0.06579595 -0.025 0.0531332
v -0.0308514437 -0.025 0.05804359370000001
v -0.0308514437 0.025 0.05804359370000001
v -0.0041820187 -0.025 0.0574062437
v -0.0041820187 0.025 0.0574062437
v -0.0174678563 -0.025 0.0576733313
v -0.0174678563 0.025 0.0576733313
v 0.0092993187 -0.025 0.056932806200000005
v 0.0092993187 0.025 0.056932806200000005
v 0.022585156300000003 0.025 0.0566657188
v 0.022585156300000003 -0.025 0.0566657188
v 0.049156831299999995 -0.025 0.0561315438
v 0.049156831299999995 0.025 0.0561315438
v 0.0358709938 0.025 0.0563986312
v 0.0358709938 -0.025 0.0563986312
v 0.0488137312 -0.025 0.062176625000000006
v 0.0346327938 0.025 0.060180125
v -0.044174531200000006 -0.025 0.059847374999999994
v -0.0317873937 0.025 0.061843875
v -0.0185033562 0.025 0.061511125
v 0.0222456563 -0.025 0.061511125
v -0.0052193186999999995 0.025 0.06117837500000001
v 0.021348756299999997 0.025 0.060512875
v -0.017606456200000002 -0.025 0.060512875
v 0.0089616188 -0.025 0.06117837500000001
v -0.045071431200000005 0.025 0.062176625000000006
v 0.0080647188 0.025 0.060845625
v -0.0043224186999999996 -0.025 0.060845625
v -0.0308904937 -0.025 0.060180125
v 0.047916831300000004 0.025 0.059847374999999994
v 0.035529693700000003 -0.025 0.061843875
v 0.0098491875 0.025 0.0559496687
v 0.0098491875 -0.025 0.0559496687
v 0.0379379563 -0.025 0.0635589375
v -0.0341956188 0.025 0.0635589375
v 0.0491606688 -0.025 0.0626267313
v 0.0345438563 0.025 0.060290781200000004
v 0.0078897813 0.025 0.0610694312
v -0.0454183688 0.025 0.0626267313
v 0.021167943800000002 0.025 0.0607316937
v -0.005583881200000001 0.025 0.061613518799999996
v -0.0188620437 0.025 0.0619512563
v -0.0321402062 0.025 0.0622889938
v -0.0041474812 -0.025 0.0610694312
v -0.0174256437 -0.025 0.0607316937
v 0.0093261812 -0.025 0.061613518799999996
v 0.0226043437 -0.025 0.0619512563
v -0.030801556200000003 -0.025 0.060290781200000004
v 0.035882506200000004 -0.025 0.0622889938
v 0.0355674625 0.01875 0.0969640625
v 0.0355674625 -0.01875 0.0969640625
v -0.04886144370000001 0.025 0.0643210375
v -0.0173226187 -0.025 0.0608292813
v -0.005795206200000001 0.025 0.0618031063
v -0.0190628187 0.025 0.0621520187
v 0.0361810312 -0.025 0.0625929313
v -0.0324387312 0.025 0.0625929313
v 0.0095375063 -0.025 0.0618031063
v 0.021064918800000002 0.025 0.0608292813
v 0.0228051187 -0.025 0.0621520187
v 0.037431825 -0.025 0.055069
v 0.037431825 0.025 0.055069
v -0.07924972500000001 -0.025 0.070574275
v -0.0443801687 -0.025 0.0576061812
v -0.0443801687 0.025 0.0576061812
v 0.0228263688 -0.025 0.056008143700000006
v 0.0228263688 0.025 0.056008143700000006
v 0.0495611938 0.025 0.0556330688
v 0.0495611938 -0.025 0.0556330688
v 0.036302081199999996 0.025 0.0557286062
v 0.036302081199999996 -0.025 0.0557286062
v 0.0227180687 -0.025 0.0561001437
v 0.0227180687 0.025 0.0561001437
v -0.0041250562 0.025 0.056567218700000005
v -0.0041250562 -0.025 0.056567218700000005
v 0.0499971375 -0.025 0.0633926563
v 0.0232546375 -0.025 0.0624985813
v -0.0195123375 0.025 0.0624985813
v 0.007465412500000001 0.025 0.0614450063
v -0.0462548375 0.025 0.0633926563
v -0.0330012125 0.025 0.0630253688
v -0.0193947125 0.025 0.0624188313
v 0.023137012499999998 -0.025 0.0624188313
v -0.0037231125 -0.025 0.0614450063
v 0.0367435125 -0.025 0.0630253688
v -0.0442504062 -0.025 0.0584467875
v -0.0442504062 0.025 0.0584467875
v 0.0352801188 0.025 0.057239437500000004
v 0.0352801188 -0.025 0.057239437500000004
v 0.0220250313 -0.025 0.0574406625
v 0.0220250313 0.025 0.0574406625
v 0.008769943799999999 -0.025 0.057641887499999996
v 0.008769943799999999 0.025 0.057641887499999996
v -0.0177402312 -0.025 0.0580443375
v -0.0177402312 0.025 0.0580443375
v 0.04853520620000001 0.025 0.0570382125
v 0.04853520620000001 -0.025 0.0570382125
v -0.0044851437 0.025 0.0578431125
v -0.0044851437 -0.025 0.0578431125
v -0.0309953187 0.025 0.0582455625
v -0.0309953187 -0.025 0.0582455625
v 0.048831393800000004 0.025 0.0565533625
v 0.048831393800000004 -0.025 0.0565533625
v 0.0355826813 -0.025 0.05675888750000001
v 0.0355826813 0.025 0.05675888750000001
v -0.004335456200000001 0.025 0.0576017625
v -0.004335456200000001 -0.025 0.0576017625
v -0.0175841687 0.025 0.0578072875
v -0.0175841687 -0.025 0.0578072875
v 0.0090852563 0.025 0.057169937500000004
v 0.0090852563 -0.025 0.057169937500000004
v 0.0223339687 -0.025 0.056964412500000006
v 0.0223339687 0.025 0.056964412500000006
v -0.0309188812 0.025 0.0581259625
v -0.0309188812 -0.025 0.0581259625
v 0.0352916313 -0.025 0.061448106200000005
v -0.0309454312 -0.025 0.0600887937
v 0.0220442188 -0.025 0.061176243799999995
v 0.0087968063 -0.025 0.0609043813
v -0.017698018700000002 -0.025 0.0603606563
v -0.0044506062 -0.025 0.0606325188
v -0.0441928438 -0.025 0.0598169312
v 0.04853904380000001 -0.025 0.0617199687
v 0.04793515 0.025 0.0598169312
v -0.04479665 0.025 0.0617199687
v -0.01830185 0.025 0.061176243799999995
v -0.00505445 0.025 0.0609043813
v 0.02144035 0.025 0.0603606563
v 0.008192950000000001 0.025 0.0606325188
v -0.03154925 0.025 0.061448106200000005
v 0.03468775 0.025 0.0600887937
v 0.0520520937 -0.025 0.0544283
v 0.0520520937 0.025 0.0544283
v -0.0308689937 -0.025 0.0602084125
v -0.0043009187 -0.025 0.060873912499999995
v -0.0175419562 -0.025 0.0605977375
v 0.0091121188 -0.025 0.0613763875
v 0.022353156300000003 -0.025 0.0616525625
v 0.0080432188 0.025 0.060873912499999995
v -0.0450929312 0.025 0.0622049125
v 0.0346112938 0.025 0.0602084125
v 0.0488352312 -0.025 0.0622049125
v 0.021284256300000002 0.025 0.0605977375
v -0.0053698187 0.025 0.0613763875
v -0.0186108562 0.025 0.0616525625
v -0.0318518937 0.025 0.061928737500000004
v 0.0355941938 -0.025 0.061928737500000004
v -0.0062666625 0.025 0.062118118800000004
v 0.010008962500000001 -0.025 0.062118118800000004
v 0.0095765812 -0.025 0.056115931200000004
v 0.0095765812 0.025 0.056115931200000004
v 0.0542416625 0.01875 0.0832011
v 0.0542416625 -0.01875 0.0832011
v -0.0174922938 0.025 0.057699125000000004
v -0.0174922938 -0.025 0.057699125000000004
v 0.0358465563 -0.025 0.056424425
v 0.0358465563 0.025 0.056424425
v 0.0092748812 0.025 0.0569586
v 0.0092748812 -0.025 0.0569586
v 0.0225118437 0.025 0.056743100000000005
v 0.0225118437 -0.025 0.056743100000000005
v 0.0358580688 -0.025 0.062263200000000005
v 0.0093017438 -0.025 0.061587725
v -0.0055594437 0.025 0.061587725
v 0.0211923813 0.025 0.0607059
v 0.0225310313 -0.025 0.061873875
v -0.0187887313 0.025 0.061873875
v -0.0321157687 0.025 0.062263200000000005
v -0.017450081200000002 -0.025 0.0607059
v 0.048735525 0.025 0.078721925
v -0.0337579562 0.025 0.06341353749999999
v 0.0375003 -0.025 0.06341353749999999
v 0.035086175000000004 -0.025 0.0576586875
v 0.035086175000000004 0.025 0.0576586875
v -0.031040075 -0.025 0.0583423125
v -0.031040075 0.025 0.0583423125
v 0.021860925 0.025 0.057795412500000004
v 0.021860925 -0.025 0.057795412500000004
v 0.008635675 0.025 0.057932137499999994
v 0.008635675 -0.025 0.057932137499999994
v -0.017814825000000003 0.025 0.0582055875
v -0.017814825000000003 -0.025 0.0582055875
v -0.004589575 -0.025 0.0580688625
v -0.004589575 0.025 0.0580688625
v -0.04426532500000001 0.025 0.058479037500000004
v -0.04426532500000001 -0.025 0.058479037500000004
v 0.048311425000000005 -0.025 0.0575219625
v 0.048311425000000005 0.025 0.0575219625
v 0.0370124187 0.025 0.0552609125
v 0.0370124187 -0.025 0.0552609125
v -0.0309770062 -0.025 0.058215125
v -0.0309770062 0.025 0.058215125
v -0.0044668312 -0.025 0.057812675
v -0.0044668312 0.025 0.057812675
v 0.0485535188 -0.025 0.057007775000000004
v 0.0485535188 0.025 0.057007775000000004
v -0.0176852937 -0.025 0.057953025
v -0.0176852937 0.025 0.057953025
v 0.0353350563 0.025 0.057148125
v 0.0353350563 -0.025 0.057148125
v 0.008898131299999999 -0.025 0.057428825
v 0.008898131299999999 0.025 0.057428825
v 0.0221165937 0.025 0.057288475
v 0.0221165937 -0.025 0.057288475
v 0.0479500625 0.025 0.0597846875
v 0.0483152625 -0.025 0.0612363125
v -0.0181378125 0.025 0.060821562499999995
v -0.0049202375 0.025 0.0606141875
v 0.0215149125 0.025 0.06019943750000001
v 0.0082973375 0.025 0.0604068125
v -0.044207762500000004 -0.025 0.0597846875
v -0.0313553875 0.025 0.0610289375
v 0.021880112500000003 -0.025 0.060821562499999995
v 0.008662537500000001 -0.025 0.0606141875
v -0.0177726125 -0.025 0.06019943750000001
v -0.0045550375 -0.025 0.0604068125
v -0.0445729625 0.025 0.0612363125
v -0.0309901875 -0.025 0.059992062500000005
v 0.0350976875 -0.025 0.0610289375
v 0.034732487500000006 0.025 0.059992062500000005
v -0.0191981937 0.025 0.0622670187
v -0.04584171880000001 0.025 0.0630568438
v 0.0363705563 -0.025 0.0627539312
v -0.032628256200000004 0.025 0.0627539312
v -0.0190898937 0.025 0.06217501870000001
v 0.022940493800000003 -0.025 0.0622670187
v 0.0076619313 0.025 0.061293193700000005
v -0.0039196312 -0.025 0.061293193700000005
v 0.0228321937 -0.025 0.06217501870000001
v 0.0495840187 -0.025 0.0630568438
v -0.06152305 -0.025 0.07951760000000001
v 0.0089249938 -0.025 0.061117487500000005
v 0.0221357813 -0.025 0.0613284625
v 0.0485573563 -0.025 0.0617504125
v -0.0044322937 -0.025 0.0606629625
v -0.030927118700000002 -0.025 0.060119237500000006
v -0.0176430812 -0.025 0.0604519875
v 0.0353465688 -0.025 0.0615394375
v 0.034669431300000005 0.025 0.060119237500000006
v 0.0081746313 0.025 0.0606629625
v -0.0448149687 0.025 0.0617504125
v 0.021385393800000003 0.025 0.0604519875
v -0.0051826812 0.025 0.061117487500000005
v -0.0183934438 0.025 0.0613284625
v -0.0316042062 0.025 0.0615394375
v 0.0355611813 0.025 0.056787175
v 0.0355611813 -0.025 0.056787175
v 0.0090637563 -0.025 0.057198225000000005
v 0.0090637563 0.025 0.057198225000000005
v 0.022269468799999997 -0.025 0.057049275
v 0.022269468799999997 0.025 0.057049275
v -0.0176056687 -0.025 0.057835575
v -0.0176056687 0.025 0.057835575
v 0.0520749188 -0.025 0.06426156250000001
v -0.0483326187 0.025 0.06426156250000001
v 0.0093235812 -0.025 0.056310681200000004
v 0.0093235812 0.025 0.056310681200000004
v 0.0217361438 -0.025 0.058165768699999995
v 0.0217361438 0.025 0.058165768699999995
v 0.0085335813 -0.025 0.058235156200000006
v 0.0085335813 0.025 0.058235156200000006
v -0.0178715438 -0.025 0.0583739313
v -0.0178715438 0.025 0.0583739313
v -0.0046689812 0.025 0.0583045438
v -0.0046689812 -0.025 0.0583045438
v -0.04427666870000001 -0.025 0.0585127062
v -0.04427666870000001 0.025 0.0585127062
v 0.034938706300000004 0.025 0.0580963812
v 0.034938706300000004 -0.025 0.0580963812
v 0.0481412688 0.025 0.0580269937
v 0.0481412688 -0.025 0.0580269937
v -0.0310741062 0.025 0.0584433187
v -0.0310741062 -0.025 0.0584433187
v -0.0175634562 -0.025 0.06056945
v 0.021305756300000003 0.025 0.06056945
v 0.0090906188 -0.025 0.0613481
v 0.0222886563 -0.025 0.0615677
v -0.0318303937 0.025 0.061900449999999996
v -0.0053483187 0.025 0.0613481
v -0.0185463562 0.025 0.0615677
v 0.0355726938 -0.025 0.061900449999999996
v -0.0059940562 0.025 0.061951856300000004
v 0.0097363563 -0.025 0.061951856300000004
v 0.048145106300000004 -0.025 0.0607312813
v -0.044219106200000004 -0.025 0.05975101880000001
v -0.0310242187 -0.025 0.0598910563
v 0.0217553313 -0.025 0.060451206199999996
v -0.0178293312 -0.025 0.060031093699999996
v 0.008560443800000001 -0.025 0.0603111688
v -0.0046344437 -0.025 0.060171131200000005
v 0.0349502187 -0.025 0.060591243700000005
v 0.0479614125 0.025 0.05975101880000001
v -0.031207837500000002 0.025 0.060591243700000005
v -0.044402712500000004 0.025 0.0607312813
v 0.0347665375 0.025 0.0598910563
v -0.0180129625 0.025 0.060451206199999996
v 0.0215716625 0.025 0.060031093699999996
v -0.0048180875 0.025 0.0603111688
v 0.0083767875 0.025 0.060171131200000005
v 0.0483263437 0.025 0.057489712500000005
v 0.0483263437 -0.025 0.057489712500000005
v -0.0310251562 0.025 0.058310062499999996
v -0.0310251562 -0.025 0.058310062499999996
v -0.0045746562 0.025 0.0580366125
v -0.0045746562 -0.025 0.0580366125
v -0.0177700687 0.025 0.0581088375
v -0.0177700687 -0.025 0.0581088375
v 0.0087401063 0.025 0.0577063875
v 0.0087401063 -0.025 0.0577063875
v 0.0219355187 -0.025 0.057634162499999995
v 0.0219355187 0.025 0.057634162499999995
v 0.0351309312 -0.025 0.05756193750000001
v 0.0351309312 0.025 0.05756193750000001
v 0.036017618800000005 0.025 0.056243868700000005
v 0.036017618800000005 -0.025 0.056243868700000005
v 0.0226340312 -0.025 0.056614131299999995
v 0.0226340312 0.025 0.056614131299999995
v -0.0041331438 0.025 0.057354656200000007
v -0.0041331438 -0.025 0.057354656200000007
v 0.022536281300000002 -0.025 0.0567173063
v 0.022536281300000002 0.025 0.0567173063
v 0.049205706200000005 0.025 0.0560799563
v 0.049205706200000005 -0.025 0.0560799563
v -0.044587875 0.025 0.0612685563
v 0.008282425 0.025 0.06043905620000001
v 0.021470175 0.025 0.0602961688
v -0.0050246250000000004 0.025 0.0608398938
v -0.018212375 0.025 0.0609827813
v -0.031400125 0.025 0.061125668800000005
v 0.034717575 0.025 0.0600243062
v -0.0309752687 -0.025 0.0600243062
v 0.0483301812 -0.025 0.0612685563
v -0.0045401187 -0.025 0.06043905620000001
v -0.0177278562 -0.025 0.0602961688
v 0.0087669688 -0.025 0.0608398938
v 0.0219547063 -0.025 0.0609827813
v 0.035142443700000005 -0.025 0.061125668800000005
v -0.044284306200000005 0.025 0.0585474
v -0.044284306200000005 -0.025 0.0585474
v 0.021652131300000002 0.025 0.0585474
v 0.021652131300000002 -0.025 0.0585474
v 0.0348394188 0.025 0.0585474
v 0.0348394188 -0.025 0.0585474
v 0.0480267063 -0.025 0.0585474
v 0.0480267063 0.025 0.0585474
v -0.0047224437000000005 -0.025 0.0585474
v -0.0047224437000000005 0.025 0.0585474
v 0.0084648438 -0.025 0.0585474
v 0.0084648438 0.025 0.0585474
v -0.0179097312 0.025 0.0585474
v -0.0179097312 -0.025 0.0585474
v -0.0310970187 -0.025 0.0585474
v -0.0310970187 0.025 0.0585474
v 0.0515328062 0.025 0.054544556200000004
v 0.0515328062 -0.025 0.054544556200000004
v 0.0225554688 -0.025 0.0618996687
v -0.0188131687 0.025 0.0618996687
v -0.018910918699999998 0.025 0.062002843800000006
v -0.045467243799999994 0.025 0.06267831880000001
v 0.0078409063 0.025 0.0611210188
v 0.0492095437 -0.025 0.06267831880000001
v -0.0322868312 0.025 0.0624437562
v 0.0360291312 -0.025 0.0624437562
v 0.0226532187 -0.025 0.062002843800000006
v -0.0040986062 -0.025 0.0611210188
v 0.0353167438 -0.025 0.057178562499999995
v 0.0353167438 0.025 0.057178562499999995
v -0.0177036062 0.025 0.0579834625
v -0.0177036062 -0.025 0.0579834625
v 0.0088798188 0.025 0.057459262500000004
v 0.0088798188 -0.025 0.057459262500000004
v 0.022061656300000003 0.025 0.0573797875
v 0.022061656300000003 -0.025 0.0573797875
v 0.036616225 -0.025 0.0554970437
v 0.036616225 0.025 0.0554970437
v -0.0310627625 -0.025 0.05840965
v -0.0310627625 0.025 0.05840965
v 0.0481526125 -0.025 0.057993325000000005
v 0.0481526125 0.025 0.057993325000000005
v -0.0046576375 -0.025 0.058270875
v -0.0046576375 0.025 0.058270875
v -0.0178375125 -0.025 0.058272925
v -0.0178375125 0.025 0.058272925
v 0.0086129875 -0.025 0.057999475
v 0.0086129875 0.025 0.057999475
v 0.021792862500000003 0.025 0.057997425
v 0.021792862500000003 -0.025 0.057997425
v 0.034972737500000003 0.025 0.057995374999999995
v 0.034972737500000003 -0.025 0.057995374999999995
v -0.0333385937 0.025 0.063221625
v 0.0370808937 -0.025 0.063221625
v 0.0348509313 -0.025 0.0601401438
v -0.0310471312 -0.025 0.0597869563
v 0.0216713188 -0.025 0.0600695062
v -0.0046879062 -0.025 0.0599282312
v 0.0084917063 -0.025 0.0599988687
v -0.0178675187 -0.025 0.0598575937
v -0.0442267437 -0.025 0.05971631870000001
v 0.0480305438 -0.025 0.0602107813
v -0.044288150000000005 -0.025 0.058582725
v -0.044288150000000005 0.025 0.058582725
v 0.021609850000000003 0.025 0.058935975
v 0.021609850000000003 -0.025 0.058935975
v 0.04796905 -0.025 0.059077275
v 0.04796905 0.025 0.059077275
v -0.01792895 -0.025 0.058724025
v -0.01792895 0.025 0.058724025
v -0.03110855 -0.025 0.058653375
v -0.03110855 0.025 0.058653375
v -0.00474935 0.025 0.058794675
v -0.00474935 -0.025 0.058794675
v 0.03478945 0.025 0.059006625
v 0.03478945 -0.025 0.059006625
v 0.00843025 -0.025 0.058865325
v 0.00843025 0.025 0.058865325
v 0.04796905 0.025 0.05971631870000001
v -0.044288150000000005 0.025 0.0602107813
v -0.01792895 0.025 0.0600695062
v 0.00843025 0.025 0.0599282312
v -0.00474935 0.025 0.0599988687
v 0.021609850000000003 0.025 0.0598575937
v -0.03110855 0.025 0.0601401438
v 0.03478945 0.025 0.0597869563
v 0.0479728875 0.025 0.059503375
v -0.0442305875 0.025 0.059503375
v 0.0479728875 -0.025 0.059290225
v -0.0442305875 -0.025 0.059290225
v 0.0353282563 -0.025 0.06150899370000001
v 0.0089066813 -0.025 0.0610870438
v 0.0220808438 -0.025 0.0612371313
v -0.0176613937 -0.025 0.060421543800000005
v -0.0051643625 0.025 0.0610870438
v -0.0183384875 0.025 0.0612371313
v 0.021403712499999998 0.025 0.060421543800000005
v -0.0315858875 0.025 0.06150899370000001
v -0.0442305875 -0.025 0.059574425
v 0.0479728875 -0.025 0.059574425
v -0.0442305875 0.025 0.059219175000000006
v 0.0479728875 0.025 0.059219175000000006
v 0.0084571125 0.025 0.059219175000000006
v 0.0216290375 0.025 0.059361275
v 0.0084571125 0.025 0.059503375
v -0.0047148125 0.025 0.059219175000000006
v -0.0178867375 0.025 0.059361275
v -0.0047148125 0.025 0.059503375
v 0.0084571125 -0.025 0.059574425
v 0.0216290375 -0.025 0.059432325
v 0.0084571125 -0.025 0.059290225
v -0.0047148125 -0.025 0.059574425
v -0.0178867375 -0.025 0.059432325
v -0.0047148125 -0.025 0.059290225
v 0.0348009625 0.025 0.059432325
v -0.0310586625 0.025 0.059432325
v 0.0348009625 -0.025 0.059361275
v -0.0310586625 -0.025 0.059361275
v 0.0479728938 0.025 0.059041949999999996
v 0.0479728938 -0.025 0.059041949999999996
v -0.0047455062 -0.025 0.05875935
v -0.0047455062 0.025 0.05875935
v -0.031104706200000002 0.025 0.058618050000000005
v -0.031104706200000002 -0.025 0.058618050000000005
v -0.0179174187 -0.025 0.058618050000000005
v -0.0179174187 0.025 0.058618050000000005
v 0.008457156300000001 0.025 0.058618050000000005
v 0.008457156300000001 -0.025 0.058618050000000005
v 0.0216290688 -0.025 0.05875935
v 0.0216290688 0.025 0.05875935
v 0.0348009813 -0.025 0.05890065
v 0.0348009813 0.025 0.05890065
v -0.031012875000000002 -0.025 0.059924725
v 0.03498425 -0.025 0.06069225
v -0.0046231 -0.025 0.0602048
v -0.0177953 -0.025 0.0601321
v 0.008639850000000001 -0.025 0.06054685
v 0.02181205 -0.025 0.06061955
v 0.04815645 -0.025 0.060764950000000005
v 0.008365437500000001 0.025 0.0602048
v 0.0347551875 0.025 0.059924725
v -0.044414062500000004 0.025 0.060764950000000005
v 0.0215376125 0.025 0.0601321
v -0.0048975375 0.025 0.06054685
v -0.018069712499999998 0.025 0.06061955
v -0.031241887500000003 0.025 0.06069225
v -0.0310893812 0.025 0.0585127062
v -0.0310893812 -0.025 0.0585127062
v -0.0047148062 0.025 0.0585127062
v -0.0047148062 -0.025 0.0585127062
v 0.0480343438 0.025 0.0585127062
v 0.0480343438 -0.025 0.0585127062
v -0.0178868187 0.025 0.0584433187
v -0.0178868187 -0.025 0.0584433187
v 0.0348623313 -0.025 0.0584433187
v 0.0348623313 0.025 0.0584433187
v 0.0085183063 0.025 0.0583045438
v 0.0085183063 -0.025 0.0583045438
v 0.0216903187 -0.025 0.0583739313
v 0.0216903187 0.025 0.0583739313
v -0.0310586625 -0.025 0.059503375
v -0.0310586625 -0.025 0.059574425
v -0.0310586625 -0.025 0.059645475
v -0.0310586625 -0.025 0.059219175000000006
v -0.0310586625 -0.025 0.059148125
v 0.0348009625 -0.025 0.059503375
v 0.0348009625 -0.025 0.059574425
v 0.0348009625 -0.025 0.059645475
v 0.0348009625 -0.025 0.059219175000000006
v 0.0348009625 -0.025 0.059148125
v -0.0310586625 0.025 0.059290225
v -0.0310586625 0.025 0.059219175000000006
v -0.0310586625 0.025 0.059148125
v -0.0310586625 0.025 0.059574425
v -0.0310586625 0.025 0.059645475
v 0.0348009625 0.025 0.059290225
v 0.0348009625 0.025 0.059219175000000006
v 0.0348009625 0.025 0.059148125
v 0.0348009625 0.025 0.059574425
v 0.0348009625 0.025 0.059645475
v -0.0047148125 -0.025 0.059148125
v -0.0047148125 -0.025 0.059361275
v -0.0047148125 -0.025 0.059432325
v -0.0178867375 -0.025 0.059290225
v -0.0178867375 -0.025 0.059219175000000006
v -0.0178867375 -0.025 0.059148125
v -0.0178867375 -0.025 0.059503375
v -0.0178867375 -0.025 0.059574425
v -0.0178867375 -0.025 0.059645475
v -0.0047148125 -0.025 0.059645475
v 0.0084571125 -0.025 0.059148125
v 0.0084571125 -0.025 0.059361275
v 0.0084571125 -0.025 0.059432325
v 0.0216290375 -0.025 0.059290225
v 0.0216290375 -0.025 0.059219175000000006
v 0.0216290375 -0.025 0.059148125
v 0.0216290375 -0.025 0.059503375
v 0.0216290375 -0.025 0.059574425
v 0.0216290375 -0.025 0.059645475
v 0.0084571125 -0.025 0.059645475
v -0.0047148125 0.025 0.059645475
v -0.0047148125 0.025 0.059432325
v -0.0047148125 0.025 0.059361275
v -0.0178867375 0.025 0.059503375
v -0.0178867375 0.025 0.059574425
v -0.0178867375 0.025 0.059645475
v -0.0178867375 0.025 0.059290225
v -0.0178867375 0.025 0.059219175000000006
v -0.0178867375 0.025 0.059148125
v -0.0047148125 0.025 0.059148125
v 0.0084571125 0.025 0.059645475
v 0.0084571125 0.025 0.059432325
v 0.0084571125 0.025 0.059361275
v 0.0216290375 0.025 0.059503375
v 0.0216290375 0.025 0.059574425
v 0.0216290375 0.025 0.059645475
v 0.0216290375 0.025 0.059290225
v 0.0216290375 0.025 0.059219175000000006
v 0.0216290375 0.025 0.059148125
v 0.0084571125 0.025 0.059148125
v 0.0479728875 0.025 0.059148125
v -0.0442305875 0.025 0.059148125
v 0.0479728875 -0.025 0.059645475
v -0.0442305875 -0.025 0.059645475
v -0.0442305875 -0.025 0.059148125
v 0.0479728875 -0.025 0.059148125
v -0.0442305875 0.025 0.059645475
v 0.0479728875 0.025 0.059645475
v 0.0479728875 0.025 0.059681
v -0.0442305875 0.025 0.059681
v 0.0479728875 -0.025 0.05911260000000001
v -0.0442305875 -0.025 0.05911260000000001
v -0.0442305875 -0.025 0.059681
v 0.0479728875 -0.025 0.059681
v -0.0442305875 0.025 0.05911260000000001
v 0.0479728875 0.025 0.05911260000000001
v 0.0084571125 0.025 0.05911260000000001
v 0.0216290375 0.025 0.05911260000000001
v 0.0216290375 0.025 0.059681
v 0.0084571125 0.025 0.059681
v -0.0047148125 0.025 0.05911260000000001
v -0.0178867375 0.025 0.05911260000000001
v -0.0178867375 0.025 0.059681
v -0.0047148125 0.025 0.059681
v 0.0084571125 -0.025 0.059681
v 0.0216290375 -0.025 0.059681
v 0.0216290375 -0.025 0.05911260000000001
v 0.0084571125 -0.025 0.05911260000000001
v -0.0047148125 -0.025 0.059681
v -0.0178867375 -0.025 0.059681
v -0.0178867375 -0.025 0.05911260000000001
v -0.0047148125 -0.025 0.05911260000000001
v 0.0348009625 0.025 0.059681
v 0.0348009625 0.025 0.05911260000000001
v -0.0310586625 0.025 0.059681
v -0.0310586625 0.025 0.05911260000000001
v 0.0348009625 -0.025 0.05911260000000001
v 0.0348009625 -0.025 0.059681
v -0.0310586625 -0.025 0.05911260000000001
v -0.0310586625 -0.025 0.059681
v 0.0084533125 -0.025 0.058653375
v 0.0084533125 0.025 0.058653375
v -0.0179212625 0.025 0.058653375
v -0.0179212625 -0.025 0.058653375
v 0.0216175375 -0.025 0.058865325
v 0.0216175375 0.025 0.058865325
v 0.034797137500000005 0.025 0.058935975
v 0.034797137500000005 -0.025 0.058935975
v 0.0351160125 0.025 0.057594187500000005
v 0.0351160125 -0.025 0.057594187500000005
v 0.0087251875 -0.025 0.0577386375
v 0.0087251875 0.025 0.0577386375
v -0.017784987500000002 -0.025 0.0581410875
v -0.017784987500000002 0.025 0.0581410875
v 0.021890762499999997 -0.025 0.0577309125
v 0.021890762499999997 0.025 0.0577309125
v 0.008453275 -0.025 0.059077275
v 0.008453275 0.025 0.059077275
v -0.004741675 -0.025 0.058865325
v -0.004741675 0.025 0.058865325
v 0.021617525 -0.025 0.059006625
v 0.021617525 0.025 0.059006625
v -0.017905925 0.025 0.058935975
v -0.017905925 -0.025 0.058935975
v -0.031070175000000002 0.025 0.059006625
v -0.031070175000000002 -0.025 0.059006625
v 0.034797125000000005 -0.025 0.059077275
v 0.034797125000000005 0.025 0.059077275
v -0.044234425 0.025 0.059077275
v -0.044234425 -0.025 0.059077275
v -0.031070175000000002 0.025 0.0597869563
v 0.008453275 0.025 0.05971631870000001
v 0.021617525 0.025 0.0597869563
v -0.004741675 0.025 0.0599282312
v -0.017905925 0.025 0.0598575937
v 0.034797125000000005 0.025 0.05971631870000001
v -0.044234425 0.025 0.05971631870000001
v -0.031054818700000004 -0.025 0.05971631870000001
v 0.0479767313 -0.025 0.05971631870000001
v -0.0047109687 -0.025 0.05971631870000001
v -0.0178752062 -0.025 0.0597869563
v 0.008484018800000001 -0.025 0.0599282312
v 0.0216482563 -0.025 0.0598575937
v 0.0348124937 -0.025 0.0597869563
v 0.0085451688 -0.025 0.0602417688
v 0.0217095063 -0.025 0.0602430063
v 0.048038181299999996 -0.025 0.06024548130000001
v -0.0046802687 -0.025 0.0599629312
v -0.0310394937 -0.025 0.0598216563
v -0.017844606199999998 -0.025 0.0599616937
v 0.0348738438 -0.025 0.0602442438
v -0.0048028125 0.025 0.0602417688
v -0.0179671375 0.025 0.0602430063
v 0.0347818125 0.025 0.0598216563
v 0.0084226125 0.025 0.0599629312
v -0.0442957875 0.025 0.06024548130000001
v 0.0215869375 0.025 0.0599616937
v -0.0311314625 0.025 0.0602442438
v 0.048874393700000004 -0.025 0.0564967875
v 0.048874393700000004 0.025 0.0564967875
v 0.0222909688 0.025 0.0570209875
v 0.0222909688 -0.025 0.0570209875
v 0.0223769688 0.025 0.056907837499999996
v 0.0223769688 -0.025 0.056907837499999996
v -0.0042924562 -0.025 0.0575451875
v -0.0042924562 0.025 0.0575451875
v 0.0357116812 -0.025 0.0565891625
v 0.0357116812 0.025 0.0565891625
v -0.0057410562 0.025 0.0617571063
v 0.0094833563 -0.025 0.0617571063
v 0.021621381300000003 0.025 0.05883
v 0.021621381300000003 -0.025 0.05883
v 0.0216367563 0.025 0.0586887
v 0.0216367563 -0.025 0.0586887
v -0.0047378187 0.025 0.0586887
v -0.0047378187 -0.025 0.0586887
v 0.047980581300000005 -0.025 0.0589713
v 0.047980581300000005 0.025 0.0589713
v 0.0348240438 -0.025 0.0586887
v 0.0348240438 0.025 0.0586887
v -0.0313852125 0.025 0.06109342500000001
v -0.0050097125 0.025 0.060807650000000005
v -0.0181676375 0.025 0.060886050000000004
v 0.0214850875 0.025 0.060263925
v 0.00875205 -0.025 0.060807650000000005
v -0.017742775 -0.025 0.060263925
v 0.02190995 -0.025 0.060886050000000004
v 0.035127525 -0.025 0.06109342500000001
v 0.0348546938 0.025 0.0584780125
v 0.0348546938 -0.025 0.0584780125
v -0.0178944562 -0.025 0.0584780125
v -0.0178944562 0.025 0.0584780125
v 0.0085106688 -0.025 0.0583392375
v 0.0085106688 0.025 0.0583392375
v 0.0216674063 -0.025 0.0584780125
v 0.0216674063 0.025 0.0584780125
v 0.0349613938 -0.025 0.058029043700000005
v 0.0349613938 0.025 0.058029043700000005
v 0.0086016438 0.025 0.0580331437
v 0.0086016438 -0.025 0.0580331437
v -0.017848856200000002 0.025 0.058306593700000006
v -0.017848856200000002 -0.025 0.058306593700000006
v 0.0217588313 0.025 0.0580984312
v 0.0217588313 -0.025 0.0580984312
v -0.0310663375 -0.025 0.059041949999999996
v -0.0310663375 0.025 0.059041949999999996
v 0.0216213625 0.025 0.059041949999999996
v 0.0216213625 -0.025 0.059041949999999996
v -0.0047378375000000006 0.025 0.05890065
v -0.0047378375000000006 -0.025 0.05890065
v -0.0178944125 -0.025 0.059041949999999996
v -0.0178944125 0.025 0.059041949999999996
v -0.0047378375000000006 0.025 0.0598929125
v 0.0216213625 0.025 0.0597516375
v -0.0310663375 0.025 0.0597516375
v -0.0178944125 0.025 0.0597516375
v 0.034808650000000003 -0.025 0.0597516375
v 0.008480175 -0.025 0.0598929125
v -0.01787905 -0.025 0.0597516375
v 0.021636725000000002 -0.025 0.0597516375
v 0.048878231300000005 -0.025 0.062261487500000004
v 0.022396156299999997 -0.025 0.061709137500000004
v -0.0042579187 -0.025 0.060930487500000005
v -0.0319808938 0.025 0.0620984625
v 0.022310156299999998 -0.025 0.0615959875
v -0.0186538563 0.025 0.061709137500000004
v 0.0080002188 0.025 0.060930487500000005
v -0.0185678562 0.025 0.0615959875
v -0.04513593120000001 0.025 0.062261487500000004
v 0.035723193800000004 -0.025 0.0620984625
v -0.07883655 -0.01875 0.0580366625
v -0.07883655 0.01875 0.0580366625
v 0.008445625 0.025 0.058724025
v 0.008445625 -0.025 0.058724025
v 0.0362479312 -0.025 0.0557746062
v 0.0362479312 0.025 0.0557746062
v -0.044242100000000006 -0.025 0.059006625
v -0.044242100000000006 0.025 0.059006625
v -0.01789825 0.025 0.059006625
v -0.01789825 -0.025 0.059006625
v -0.017913600000000002 -0.025 0.058865325
v -0.017913600000000002 0.025 0.058865325
v 0.0084456 0.025 0.059006625
v 0.0084456 -0.025 0.059006625
v -0.031093199999999998 0.025 0.058794675
v -0.031093199999999998 -0.025 0.058794675
v -0.044242100000000006 0.025 0.0597869563
v -0.01789825 0.025 0.0597869562
v -0.017913600000000002 0.025 0.0599282312
v 0.0084456 0.025 0.0597869562
v -0.031093199999999998 0.025 0.0599988687
v 0.0348355563 -0.025 0.0599988687
v 0.0216559438 -0.025 0.0599282312
v 0.0216405688 -0.025 0.0597869562
v -0.0047032812 -0.025 0.0597869562
v 0.0479844187 -0.025 0.0597869563
v -0.0178066437 -0.025 0.0600984312
v 0.0086285063 -0.025 0.0605131812
v 0.0217780188 -0.025 0.0605185437
v 0.0349729062 -0.025 0.0606585813
v 0.0215489625 0.025 0.0600984312
v -0.0048861875 0.025 0.0605131812
v -0.0180356625 0.025 0.0605185437
v -0.0312305375 0.025 0.0606585813
v 0.0348662063 -0.025 0.0602095438
v 0.0085375313 -0.025 0.0602070688
v 0.021686593799999997 -0.025 0.060138906299999996
v -0.0178522437 -0.025 0.05992699370000001
v -0.004795175 0.025 0.0602070688
v -0.017944225 0.025 0.060138906299999996
v 0.021594574999999998 0.025 0.05992699370000001
v -0.031123824999999997 0.025 0.0602095438
v 0.034816356300000004 0.025 0.05875935
v 0.034816356300000004 -0.025 0.05875935
v 0.0515556313 -0.025 0.0641453125
v -0.0478132812 0.025 0.0641453125
v 0.0485901438 0.025 0.056946899999999995
v 0.0485901438 -0.025 0.056946899999999995
v 0.022079968800000002 -0.025 0.05734935
v 0.022079968800000002 0.025 0.05734935
v -0.0044302062 0.025 0.0577518
v -0.0044302062 -0.025 0.0577518
v 0.0221532188 -0.025 0.0572276
v 0.0221532188 0.025 0.0572276
v 0.0354449313 0.025 0.0569655
v 0.0354449313 -0.025 0.0569655
v -0.0047301625 -0.025 0.0589713
v -0.0047301625 0.025 0.0589713
v -0.0047301625 0.025 0.059822274999999994
v 0.0084724875 -0.025 0.059822274999999994
v 0.0480496188 -0.025 0.0584433187
v 0.0480496188 0.025 0.0584433187
v 0.021675043800000002 0.025 0.0584433187
v 0.021675043800000002 -0.025 0.0584433187
v -0.0046995312 -0.025 0.0584433187
v -0.0046995312 0.025 0.0584433187
v 0.0217055938 0.025 0.0583045437
v 0.0217055938 -0.025 0.0583045437
v 0.0349081563 -0.025 0.058235156200000006
v 0.0349081563 0.025 0.058235156200000006
v -0.066814425 -0.025 0.064252725
v -0.079048775 -0.025 0.069046375
v 0.0092260062 -0.025 0.057010187500000004
v 0.0092260062 0.025 0.057010187500000004
v 0.0366847 -0.025 0.0629854938
v -0.0329424 0.025 0.0629854938
v -0.031085525000000003 -0.025 0.058865325
v -0.031085525000000003 0.025 0.058865325
v -0.031085525000000003 0.025 0.059928231299999996
v 0.0348278688 -0.025 0.059928231299999996
v 0.047995956299999996 0.025 0.05883
v 0.047995956299999996 -0.025 0.05883
v 0.0221724063 -0.025 0.06138935
v 0.0220991563 -0.025 0.061267575000000005
v -0.0043956687 -0.025 0.060723849999999996
v 0.0485939813 -0.025 0.0618113
v 0.0354564438 -0.025 0.0617221
v -0.0184300812 0.025 0.06138935
v -0.044851606200000005 0.025 0.0618113
v -0.0317141187 0.025 0.0617221
v -0.0183568062 0.025 0.061267575000000005
v 0.0081379938 0.025 0.060723849999999996
v 0.0510291375 -0.025 0.0547163
v 0.0510291375 0.025 0.0547163
v 0.0219056812 0.025 0.0576986625
v 0.0219056812 -0.025 0.0576986625
v 0.021965356300000002 0.025 0.0575696625
v 0.021965356300000002 -0.025 0.0575696625
v -0.004544818700000001 -0.025 0.057972112500000006
v -0.004544818700000001 0.025 0.057972112500000006
v 0.04835618120000001 -0.025 0.0574252125
v 0.04835618120000001 0.025 0.0574252125
v 0.0352204438 -0.025 0.0573684375
v 0.0352204438 0.025 0.0573684375
v 0.021770175 -0.025 0.058064762500000006
v 0.021770175 0.025 0.058064762500000006
v 0.0481753 0.025 0.0579259875
v 0.0481753 -0.025 0.0579259875
v 0.02181555 -0.025 0.057930087500000005
v 0.02181555 0.025 0.057930087500000005
v -0.00463495 0.025 0.0582035375
v -0.00463495 -0.025 0.0582035375
v 0.035040800000000004 0.025 0.0577933625
v 0.035040800000000004 -0.025 0.0577933625
v 0.0217247813 -0.025 0.0603124063
v 0.0480534563 -0.025 0.060314881199999996
v 0.034919668800000005 -0.025 0.0604524437
v 0.021694231300000002 -0.025 0.0601736063
v -0.004664993700000001 -0.025 0.060032331200000004
v -0.0179824125 0.025 0.0603124063
v -0.0311772875 0.025 0.0604524437
v -0.0179518625 0.025 0.0601736063
v -0.0443110625 0.025 0.060314881199999996
v 0.008407337499999999 0.025 0.060032331200000004
v -0.0055105687 0.025 0.0615361375
v 0.009252868800000001 -0.025 0.0615361375
v 0.008495393799999999 0.025 0.058408625
v 0.008495393799999999 -0.025 0.058408625
v -0.01818255 0.025 0.0609182938
v -0.0314896 0.025 0.0613191313
v -0.0182422 0.025 0.061047268800000005
v 0.0082526 0.025 0.060503543800000004
v -0.044617699999999996 0.025 0.061333043700000006
v 0.0352319563 -0.025 0.0613191313
v 0.0219248688 -0.025 0.0609182938
v 0.0219845438 -0.025 0.061047268800000005
v -0.0045102812 -0.025 0.060503543800000004
v 0.04836001880000001 -0.025 0.061333043700000006
v -0.044257450000000004 0.025 0.058865325
v -0.044257450000000004 -0.025 0.058865325
v -0.044257450000000004 0.025 0.059928231299999996
v 0.0479997938 -0.025 0.059928231299999996
v 0.0481791375 -0.025 0.0608322875
v 0.021834737500000003 -0.025 0.0606868875
v -0.0046004125000000005 -0.025 0.060272137499999996
v 0.0350523125 -0.025 0.0608942625
v 0.0217893625 -0.025 0.0605522125
v -0.0180924125 0.025 0.0606868875
v 0.0083427375 0.025 0.060272137499999996
v -0.044436762500000004 0.025 0.0608322875
v -0.0313099875 0.025 0.0608942625
v -0.0180470125 0.025 0.0605522125
v -0.07910845 -0.025 0.0689174
v -0.06699345 -0.025 0.0638658
v 0.0085222563 -0.025 0.06013766870000001
v -0.0047799 0.025 0.06013766870000001
v 0.0090207563 0.025 0.0572548
v 0.0090207563 -0.025 0.0572548
v -0.006081563800000001 0.01875 0.107426875
v -0.006081563800000001 -0.01875 0.107426875
v -0.066933775 -0.025 0.063994775
v 0.0348928813 0.025 0.0583045437
v 0.0348928813 -0.025 0.0583045437
v 0.08337735 0.01875 0.0591452875
v 0.08337735 -0.01875 0.0591452875
v 0.008578956300000001 -0.025 0.058100481200000005
v 0.008578956300000001 0.025 0.058100481200000005
v 0.0090476188 -0.025 0.061291525
v -0.0053053187000000005 0.025 0.061291525
v 0.0088431938 -0.025 0.0575201375
v 0.0088431938 0.025 0.0575201375
v -0.0325741062 0.025 0.06270793120000001
v 0.0363164063 -0.025 0.06270793120000001
v -0.064254175 0.025 0.06504114999999999
v -0.07729222499999999 0.025 0.06637945
v 0.00869535 0.025 0.057803137500000004
v 0.00869535 -0.025 0.057803137500000004
v 0.0349043938 -0.025 0.060383043799999994
v -0.031162012500000003 0.025 0.060383043799999994
v 0.0086058188 -0.025 0.0604458437
v -0.0048634875 0.025 0.0604458437
v 0.0088700563 -0.025 0.0610261563
v -0.005127725 0.025 0.0610261563
v -0.0049798875 0.025 0.0607431625
v 0.0087222125 -0.025 0.0607431625
v -0.06370315 0.025 0.06517815
v 0.0505469438 0.025 0.054941500000000004
v 0.0505469438 -0.025 0.054941500000000004
v -0.0473096188 0.025 0.0639736125
v 0.0510519625 -0.025 0.0639736125
v 0.0350181125 -0.025 0.057860699999999994
v 0.0350181125 0.025 0.057860699999999994
v 0.0359687438 -0.025 0.0562954563
v 0.0359687438 0.025 0.0562954563
v 0.0480801687 0.025 0.0583045437
v 0.0480801687 -0.025 0.0583045437
v -0.0322379563 0.025 0.0623921688
v 0.0359802562 -0.025 0.0623921688
v 0.035029625 -0.025 0.060826925000000004
v -0.031287287500000004 0.025 0.060826925000000004
v 0.048084006199999994 -0.025 0.060453681200000005
v -0.0443416125 0.025 0.060453681200000005
v 0.058733225 0.025 0.068550175
v 0.050242975 0.025 0.07849792500000001
v 0.0351906062 0.025 0.0574329375
v 0.0351906062 -0.025 0.0574329375
v 0.0356686813 0.025 0.0566457375
v 0.0356686813 -0.025 0.0566457375
v 0.0354083063 -0.025 0.057026375
v 0.0354083063 0.025 0.057026375
v 0.0356801938 -0.025 0.062041887500000004
v -0.031937893700000004 0.025 0.062041887500000004
v -0.031459775 0.025 0.06125464370000001
v 0.0352021188 -0.025 0.06125464370000001
v -0.0325118625 -0.01875 0.09630895
v -0.0325118625 0.01875 0.09630895
v 0.035419818799999996 -0.025 0.0616612125
v -0.0316774812 0.025 0.0616612125
v 0.050091937499999996 -0.025 0.0552175063
v 0.050091937499999996 0.025 0.0552175063
v -0.009715325 0.01165625 0.05
v 0.022273225 -0.01165625 0.05
v -0.022203875 0.01546875 0.05
v -0.044442425 0.01928125 0.05
v 0.057000325 -0.01928125 0.05
v 0.034761775 -0.01546875 0.05
v 0.0505697688 -0.025 0.0637484125
v -0.0468274687 0.025 0.0637484125
v 0.048220675000000005 -0.025 0.0577913125
v 0.048220675000000005 0.025 0.0577913125
v 0.0496694938 -0.025 0.0555410688
v 0.0496694938 0.025 0.0555410688
v 0.048224512500000004 -0.025 0.0609669625
v -0.0444821625 0.025 0.0609669625
v 0.0808997875 0.01875 0.0650046625
v 0.0808997875 -0.01875 0.0650046625
v -0.0814935 -0.01875 0.0623784375
v -0.0814935 0.01875 0.0623784375
v 0.048415856300000004 0.025 0.0572962125
v 0.048415856300000004 -0.025 0.0572962125
v -0.046372462499999996 0.025 0.0634724063
v 0.05011476250000001 -0.025 0.0634724063
v 0.0785287875 0.01875 0.069257
v 0.0785287875 -0.01875 0.069257
v -0.044677350000000005 0.025 0.0614620188
v 0.0484196937 -0.025 0.0614620188
v 0.07906265 0.025 0.051036700000000004
v 0.07906265 -0.025 0.051036700000000004
v 0.06622164999999999 -0.025 0.05311009999999999
v 0.06622164999999999 0.025 0.05311009999999999
v 0.0486633938 -0.025 0.056825150000000005
v 0.0486633938 0.025 0.056825150000000005
v 0.049692318799999996 -0.025 0.06314884379999999
v -0.0459500187 0.025 0.06314884379999999
v 0.0493034562 -0.025 0.055976781200000006
v 0.0493034562 0.025 0.055976781200000006
v 0.048667231299999995 -0.025 0.061933075000000004
v -0.0449248812 0.025 0.061933075000000004
v -0.056472749999999995 -0.025 0.068863125
v -0.05007975 -0.025 0.080172775
v 0.0489603938 0.025 0.0563836375
v 0.0489603938 -0.025 0.0563836375
v 0.0493072938 -0.025 0.06278149370000001
v -0.0455649937 0.025 0.06278149370000001
v -0.0452219312 0.025 0.0623746375
v 0.048964231299999994 -0.025 0.0623746375
v 0.047725662499999995 0.01875 0.08342503750000001
v 0.047725662499999995 -0.01875 0.08342503750000001
v -0.04402825 0.01875 0.086119475
v -0.04402825 -0.01875 0.086119475
v 0.0740924125 -0.025 0.069063575
v 0.050058662500000004 -0.025 0.078673875
v 0.0160187375 -0.025 0.078170325
v 0.0620755375 -0.025 0.073868725
v 0.0060125625000000005 -0.025 0.068056475
v -0.028027362500000003 -0.025 0.067552925
v -0.0060043125 -0.025 0.072861625
v 0.0380417875 -0.025 0.083479025
v 0.0181985912 0.01875 0.11179075
v 0.0181985912 -0.01875 0.11179075
v 0.075047875 -0.025 0.07065542500000001
v 0.064941925 -0.025 0.078644275
v -0.022943275000000003 0.025 0.09890515000000001
v -0.032694325 0.025 0.09048945
v -0.06465024999999999 0.025 0.06488335
v -0.07742425 0.025 0.06632685
v -0.06263715 -0.00625 0.08492165
v -0.06263715 0.00625 0.08492165
v -0.059660149999999995 0.00625 0.08511595
v -0.06561415000000001 0.00625 0.08472735
v -0.06859115 0.00625 0.08453305
v -0.059660149999999995 -0.00625 0.08511595
v -0.06561415000000001 -0.00625 0.08472735
v -0.06859115 -0.00625 0.08453305
v -0.059660149999999995 0.01875 0.08511595
v -0.06859115 0.01875 0.08453305
v -0.059660149999999995 -0.01875 0.08511595
v -0.06859115 -0.01875 0.08453305
v 0.031350462499999995 0.01875 0.0942215
v 0.031350462499999995 -0.01875 0.0942215
v 0.0140766062 -0.01875 0.111935375
v 0.0140766062 0.01875 0.111935375
v -0.06411725 0.025 0.06507915
v -0.023845662500000003 0.01875 0.09458247500000001
v -0.023845662500000003 -0.01875 0.09458247500000001
v 0.0761532375 0.01875 0.07271572500000001
v 0.0761532375 -0.01875 0.07271572500000001
v -0.056760599999999994 0.01875 0.08528991250000001
v -0.048294300000000005 0.01875 0.0857507875
v -0.056760599999999994 -0.01875 0.08528991250000001
v -0.048294300000000005 -0.01875 0.0857507875
v -0.056760599999999994 0.00625 0.08528991250000001
v -0.0539385 0.00625 0.08544353750000001
v -0.051116400000000006 0.00625 0.08559716249999999
v -0.048294300000000005 0.00625 0.0857507875
v -0.056760599999999994 -0.00625 0.08528991250000001
v -0.0539385 -0.00625 0.08544353750000001
v -0.051116400000000006 -0.00625 0.08559716249999999
v -0.048294300000000005 -0.00625 0.0857507875
v -0.030260824999999998 -0.01875 0.099868975
v -0.030260824999999998 0.01875 0.099868975
v 0.08463988750000001 -0.01875 0.055096125
v 0.08463988750000001 0.01875 0.055096125
v 0.0585893875 -0.01875 0.08281675
v 0.0585893875 0.01875 0.08281675
v -0.010177175 -0.01875 0.10666824999999999
v -0.010177175 0.01875 0.10666824999999999
v -0.0825873 0.025 0.0772787
v 0.017011099999999998 0.025 0.0675760875
v -0.0175968 0.025 0.0692767125
v -0.0522047 0.025 0.0709773375
v -0.0032942 0.025 0.0740557625
v -0.03490075 0.025 0.070127025
v -0.0235995 0.025 0.0805354375
v -0.08328111249999999 -0.01875 0.0658920625
v -0.08328111249999999 0.01875 0.0658920625
v 0.0165596437 0.01875 0.10809775
v 0.0165596437 -0.01875 0.10809775
v -0.0791096 -0.025 0.06944462500000001
v 0.07920455 -0.025 0.051044400000000004
v 0.07920455 0.025 0.051044400000000004
v 0.06664735000000001 0.025 0.0531332
v 0.06664735000000001 -0.025 0.0531332
v -0.0712639875 -0.01875 0.084298325
v -0.0783700125 -0.01875 0.083472875
v -0.0712639875 0.01875 0.084298325
v -0.0783700125 0.01875 0.083472875
v -0.0712639875 -0.00625 0.084298325
v -0.0736326625 -0.00625 0.084023175
v -0.0760013375 -0.00625 0.08374802499999999
v -0.0783700125 -0.00625 0.083472875
v -0.0712639875 0.00625 0.084298325
v -0.0736326625 0.00625 0.084023175
v -0.0760013375 0.00625 0.08374802499999999
v -0.0783700125 0.00625 0.083472875
v 0.06607974999999999 0.025 0.0531178
v 0.06607974999999999 -0.025 0.0531178
v -0.014259712499999999 0.01875 0.110496125
v -0.014259712499999999 -0.01875 0.110496125
v -0.0173132125 0.01875 0.109699125
v -0.0173132125 -0.01875 0.109699125
v 0.0035389613 -0.01875 0.111842125
v 0.0104590088 -0.01875 0.111926875
v 0.0035389613 0.01875 0.111842125
v 0.0104590088 0.01875 0.111926875
v 0.0035389613 -0.00625 0.111842125
v 0.0058456438000000005 -0.00625 0.11187037500000001
v 0.0081523262 -0.00625 0.111898625
v 0.0104590088 -0.00625 0.111926875
v 0.0035389613 0.00625 0.111842125
v 0.0058456438000000005 0.00625 0.11187037500000001
v 0.0081523262 0.00625 0.111898625
v 0.0104590088 0.00625 0.111926875
v 0.0617290125 -0.01875 0.0822110125
v 0.0617290125 0.01875 0.0822110125
v -0.0283007 -0.01875 0.10242212500000002
v -0.0283007 0.01875 0.10242212500000002
v 0.0012950612 -0.01875 0.111793
v -0.0052482913 -0.01875 0.111583
v 0.0012950612 0.01875 0.111793
v -0.0052482913 0.01875 0.111583
v 0.0012950612 -0.00625 0.111793
v -0.0008860563000000001 -0.00625 0.111723
v -0.0030671737999999997 -0.00625 0.111653
v -0.0052482913 -0.00625 0.111583
v 0.0012950612 0.00625 0.111793
v -0.0008860563000000001 0.00625 0.111723
v -0.0030671737999999997 0.00625 0.111653
v -0.0052482913 0.00625 0.111583
v 0.0338870875 0.01875 0.10224275000000001
v 0.0338870875 -0.01875 0.10224275000000001
v 0.0377640875 -0.01875 0.08977046250000001
v 0.0377640875 0.01875 0.08977046250000001
v 0.0058508875000000005 0.01875 0.108218
v 0.0121188925 0.01875 0.108248
v 0.0058508875000000005 -0.01875 0.108218
v 0.0121188925 -0.01875 0.108248
v 0.0058508875000000005 0.00625 0.108218
v 0.0079402225 0.00625 0.108228
v 0.0100295575 0.00625 0.108238
v 0.0121188925 0.00625 0.108248
v 0.0058508875000000005 -0.00625 0.108218
v 0.0079402225 -0.00625 0.108228
v 0.0100295575 -0.00625 0.108238
v 0.0121188925 -0.00625 0.108248
v 0.0215014 -0.01875 0.111476625
v 0.0215014 0.01875 0.111476625
v -0.0345119 0.01875 0.092646875
v -0.037133 0.01875 0.087190925
v -0.0345119 -0.01875 0.092646875
v -0.037133 -0.01875 0.087190925
v -0.0345119 0.00625 0.092646875
v -0.0353856 0.00625 0.09082822500000001
v -0.0362593 0.00625 0.08900957500000001
v -0.037133 0.00625 0.087190925
v -0.0345119 -0.00625 0.092646875
v -0.0353856 -0.00625 0.09082822500000001
v -0.0362593 -0.00625 0.08900957500000001
v -0.037133 -0.00625 0.087190925
v 0.0644013 -0.01875 0.0814269
v 0.0644013 0.01875 0.0814269
v 0.07417491250000001 0.01875 0.0750752125
v 0.07417491250000001 -0.01875 0.0750752125
v -0.0843510625 -0.01875 0.0685759125
v -0.0843510625 0.01875 0.0685759125
v 0.0305544 -0.01875 0.09821825
v 0.0305544 0.01875 0.09821825
v 0.0723173 0.01875 0.076865375
v 0.0723173 -0.01875 0.076865375
v 0.0038563900000000003 0.01875 0.108168875
v -0.00184259 0.01875 0.107904125
v 0.0038563900000000003 -0.01875 0.108168875
v -0.00184259 -0.01875 0.107904125
v 0.0038563900000000003 0.00625 0.108168875
v 0.0019567300000000003 0.00625 0.108080625
v 5.707e-05 0.00625 0.107992375
v -0.00184259 0.00625 0.107904125
v 0.0038563900000000003 -0.00625 0.108168875
v 0.0019567300000000003 -0.00625 0.108080625
v 5.707e-05 -0.00625 0.107992375
v -0.00184259 -0.00625 0.107904125
v -0.012948200000000002 -0.01875 0.105852125
v -0.012948200000000002 0.01875 0.105852125
v 0.0703238625 0.01875 0.07842088750000001
v 0.0703238625 -0.01875 0.07842088750000001
v -0.02651285 -0.01875 0.104342
v -0.02651285 0.01875 0.104342
v 0.06672312500000001 -0.01875 0.0804908375
v 0.06672312500000001 0.01875 0.0804908375
v 0.036744025 0.01875 0.0928319
v 0.036744025 -0.01875 0.0928319
v -0.0650269 0.025 0.064683625
v -0.0775498 0.025 0.06626027500000001
v 0.06880365000000001 -0.01875 0.0794027875
v 0.06880365000000001 0.01875 0.0794027875
v -0.0408995 -0.01875 0.086399475
v -0.0408995 0.01875 0.086399475
v 0.08521922500000001 -0.01875 0.05239026250000001
v 0.08521922500000001 0.01875 0.05239026250000001
v 0.02005815 0.01875 0.1077215
v 0.02005815 -0.01875 0.1077215
v -0.0197334625 0.01875 0.10884075
v -0.0197334625 -0.01875 0.10884075
v 0.031637725 0.01875 0.0919335875
v 0.031968775 0.01875 0.0869883125
v 0.031637725 -0.01875 0.0919335875
v 0.031968775 -0.01875 0.0869883125
v 0.031637725 -0.00625 0.0919335875
v 0.031748075 -0.00625 0.09028516249999999
v 0.031858425 -0.00625 0.0886367375
v 0.031968775 -0.00625 0.0869883125
v 0.031637725 0.00625 0.0919335875
v 0.031748075 0.00625 0.09028516249999999
v 0.031858425 0.00625 0.0886367375
v 0.031968775 0.00625 0.0869883125
v -0.0217199 0.01875 0.1078905
v -0.0217199 -0.01875 0.1078905
v -0.024800275 -0.01875 0.105852
v -0.024800275 0.01875 0.105852
v -0.0734245375 0.01875 0.0506507625
v -0.0764202625 0.01875 0.0545553375
v -0.0734245375 -0.01875 0.0506507625
v -0.0764202625 -0.01875 0.0545553375
v -0.0734245375 0.00625 0.0506507625
v -0.0744231125 0.00625 0.0519522875
v -0.0754216875 0.00625 0.053253812500000004
v -0.0764202625 0.00625 0.0545553375
v -0.0734245375 -0.00625 0.0506507625
v -0.0744231125 -0.00625 0.0519522875
v -0.0754216875 -0.00625 0.053253812500000004
v -0.0764202625 -0.00625 0.0545553375
v -0.064518225 0.025 0.06493595
v 0.02385145 -0.01875 0.11104275
v 0.02385145 0.01875 0.11104275
v -0.0249646 -0.01875 0.0915673125
v -0.0249646 0.01875 0.0915673125
v -0.0249646 -0.00625 0.0915673125
v -0.0249646 0.00625 0.0915673125
v -0.025432100000000003 0.00625 0.0900237375
v -0.025899600000000002 0.00625 0.0884801625
v -0.0263671 0.00625 0.08693658750000001
v -0.025432100000000003 -0.00625 0.0900237375
v -0.025899600000000002 -0.00625 0.0884801625
v -0.0263671 -0.00625 0.08693658750000001
v -0.0263671 -0.01875 0.08693658750000001
v -0.0263671 0.01875 0.08693658750000001
v -0.040244125000000006 -0.025 0.080576075
v 0.01396234 -0.01875 0.10823050000000001
v 0.01396234 0.01875 0.10823050000000001
v -0.022717987499999998 0.01875 0.09711918750000001
v -0.022717987499999998 -0.01875 0.09711918750000001
v -0.0230918375 -0.01875 0.107081625
v -0.0230918375 0.01875 0.107081625
v -0.0216888625 0.01875 0.09892703750000001
v -0.0216888625 -0.01875 0.09892703750000001
v -0.08498182500000001 -0.01875 0.0707116125
v -0.08498182500000001 0.01875 0.0707116125
v -0.0100790375 0.00625 0.1111355
v -0.0085829625 0.00625 0.11130050000000001
v -0.0100790375 -0.00625 0.1111355
v -0.0085829625 -0.00625 0.11130050000000001
v -0.0070868875 -0.00625 0.1114655
v -0.0115751125 -0.00625 0.1109705
v -0.0070868875 0.00625 0.1114655
v -0.0115751125 0.00625 0.1109705
v -0.0070868875 -0.01875 0.1114655
v -0.0115751125 -0.01875 0.1109705
v -0.0070868875 0.01875 0.1114655
v -0.0115751125 0.01875 0.1109705
v 0.0355674625 0.00625 0.0969640625
v 0.035154937500000004 0.00625 0.0983980375
v 0.0355674625 -0.00625 0.0969640625
v 0.035154937500000004 -0.00625 0.0983980375
v 0.0347424125 -0.00625 0.09983201250000001
v 0.0359799875 -0.00625 0.0955300875
v 0.0347424125 0.00625 0.09983201250000001
v 0.0359799875 0.00625 0.0955300875
v 0.0347424125 -0.01875 0.09983201250000001
v 0.0359799875 -0.01875 0.0955300875
v 0.0347424125 0.01875 0.09983201250000001
v 0.0359799875 0.01875 0.0955300875
v 0.051332612500000006 -0.01875 0.0833179
v 0.0556961875 -0.01875 0.0831427
v 0.051332612500000006 0.01875 0.0833179
v 0.0556961875 0.01875 0.0831427
v 0.051332612500000006 -0.00625 0.0833179
v 0.0527871375 -0.00625 0.08325950000000001
v 0.0542416625 -0.00625 0.0832011
v 0.0556961875 -0.00625 0.0831427
v 0.051332612500000006 0.00625 0.0833179
v 0.0527871375 0.00625 0.08325950000000001
v 0.0542416625 0.00625 0.0832011
v 0.0556961875 0.00625 0.0831427
v 0.0329642125 0.01875 0.10432025
v 0.0329642125 -0.01875 0.10432025
v 0.029900600000000003 -0.01875 0.1002416
v 0.029900600000000003 0.01875 0.1002416
v -0.07883655 -0.00625 0.0580366625
v -0.07806975000000001 -0.00625 0.0569044375
v -0.07883655 0.00625 0.0580366625
v -0.07806975000000001 0.00625 0.0569044375
v -0.07730295 0.00625 0.0557722125
v -0.07960335 0.00625 0.0591688875
v -0.07730295 -0.00625 0.0557722125
v -0.07960335 -0.00625 0.0591688875
v -0.07730295 0.01875 0.0557722125
v -0.07960335 0.01875 0.0591688875
v -0.07730295 -0.01875 0.0557722125
v -0.07960335 -0.01875 0.0591688875
v 0.021985625 0.01875 0.10731662500000001
v 0.021985625 -0.01875 0.10731662500000001
v -0.0034502487999999998 -0.01875 0.107773375
v -0.0034502487999999998 0.01875 0.107773375
v -0.0034502487999999998 0.00625 0.107773375
v -0.0047659063 0.00625 0.107600125
v -0.006081563800000001 0.00625 0.107426875
v -0.0034502487999999998 -0.00625 0.107773375
v -0.0047659063 -0.00625 0.107600125
v -0.006081563800000001 -0.00625 0.107426875
v -0.0073972212999999995 -0.00625 0.10725362499999999
v -0.0073972212999999995 0.00625 0.10725362499999999
v -0.0073972212999999995 -0.01875 0.10725362499999999
v -0.0073972212999999995 0.01875 0.10725362499999999
v 0.08246055000000001 -0.01875 0.0616243375
v 0.08383575 -0.01875 0.0579057625
v 0.08246055000000001 0.01875 0.0616243375
v 0.08383575 0.01875 0.0579057625
v 0.08246055000000001 -0.00625 0.0616243375
v 0.08291895 -0.00625 0.0603848125
v 0.08337735 -0.00625 0.0591452875
v 0.08383575 -0.00625 0.0579057625
v 0.08246055000000001 0.00625 0.0616243375
v 0.08291895 0.00625 0.0603848125
v 0.08337735 0.00625 0.0591452875
v 0.08383575 0.00625 0.0579057625
v -0.020630837500000002 0.01875 0.1004511625
v -0.020630837500000002 -0.01875 0.1004511625
v -0.014827725 -0.01875 0.1050945
v -0.014827725 0.01875 0.1050945
v 0.025666325 -0.01875 0.110531875
v 0.025666325 0.01875 0.110531875
v -0.0337624125 0.01875 0.09410675
v -0.0318865875 0.01875 0.09741005
v -0.0337624125 -0.01875 0.09410675
v -0.0318865875 -0.01875 0.09741005
v -0.0337624125 0.00625 0.09410675
v -0.0331371375 0.00625 0.09520785
v -0.0325118625 0.00625 0.09630895
v -0.0318865875 0.00625 0.09741005
v -0.0337624125 -0.00625 0.09410675
v -0.0331371375 -0.00625 0.09520785
v -0.0325118625 -0.00625 0.09630895
v -0.0318865875 -0.00625 0.09741005
v 0.044974850000000004 0.01875 0.0836039875
v 0.044974850000000004 -0.01875 0.0836039875
v 0.0819650375 -0.01875 0.0627962125
v 0.08036716249999999 -0.01875 0.0661088875
v 0.0819650375 0.01875 0.0627962125
v 0.08036716249999999 0.01875 0.0661088875
v 0.0819650375 -0.00625 0.0627962125
v 0.08143241250000001 -0.00625 0.0639004375
v 0.0808997875 -0.00625 0.0650046625
v 0.08036716249999999 -0.00625 0.0661088875
v 0.0819650375 0.00625 0.0627962125
v 0.08143241250000001 0.00625 0.0639004375
v 0.0808997875 0.00625 0.0650046625
v 0.08036716249999999 0.00625 0.0661088875
v -0.0802881 0.01875 0.060263687499999996
v -0.0820962 0.01875 0.0634358125
v -0.0802881 -0.01875 0.060263687499999996
v -0.0820962 -0.01875 0.0634358125
v -0.0802881 0.00625 0.060263687499999996
v -0.0802881 -0.00625 0.060263687499999996
v -0.0820962 0.00625 0.0634358125
v -0.0820962 -0.00625 0.0634358125
v -0.0814935 -0.00625 0.0623784375
v -0.0808908 -0.00625 0.061321062499999995
v -0.0814935 0.00625 0.0623784375
v -0.0808908 0.00625 0.061321062499999995
v 0.0797864375 -0.01875 0.06718020000000001
v 0.0778999625 -0.01875 0.0702954
v 0.0797864375 0.01875 0.06718020000000001
v 0.0778999625 0.01875 0.0702954
v 0.0797864375 -0.00625 0.06718020000000001
v 0.0791576125 -0.00625 0.0682186
v 0.0785287875 -0.00625 0.069257
v 0.0778999625 -0.00625 0.0702954
v 0.0797864375 0.00625 0.06718020000000001
v 0.0791576125 0.00625 0.0682186
v 0.0785287875 0.00625 0.069257
v 0.0778999625 0.00625 0.0702954
v -0.0853180125 -0.01875 0.072438825
v -0.0853180125 0.01875 0.072438825
v -0.017584 0.01875 0.103462125
v -0.017584 -0.01875 0.103462125
v -0.0195724 0.01875 0.10169387499999999
v -0.0195724 -0.01875 0.10169387499999999
v -0.0162671875 -0.01875 0.10433725
v -0.0162671875 0.01875 0.10433725
v 0.0854369125 -0.01875 0.0505831625
v 0.0854369125 0.01875 0.0505831625
v 0.0271712375 -0.01875 0.10993887499999999
v 0.0271712375 0.01875 0.10993887499999999
v 0.0500294125 -0.01875 0.0833626875
v 0.046573787500000005 -0.01875 0.0834562125
v 0.0500294125 0.01875 0.0833626875
v 0.046573787500000005 0.01875 0.0834562125
v 0.0500294125 -0.00625 0.0833626875
v 0.0488775375 -0.00625 0.08339386250000001
v 0.047725662499999995 -0.00625 0.08342503750000001
v 0.046573787500000005 -0.00625 0.0834562125
v 0.0500294125 0.00625 0.0833626875
v 0.0488775375 0.00625 0.08339386250000001
v 0.047725662499999995 0.00625 0.08342503750000001
v 0.046573787500000005 0.00625 0.0834562125
v -0.04631225 -0.01875 0.085885975
v -0.04631225 0.01875 0.085885975
v -0.04631225 0.00625 0.085885975
v -0.04517025 0.00625 0.08600272500000002
v -0.04402825 0.00625 0.086119475
v -0.04631225 -0.00625 0.085885975
v -0.04517025 -0.00625 0.08600272500000002
v -0.04402825 -0.00625 0.086119475
v -0.04288625 -0.00625 0.086236225
v -0.04288625 0.00625 0.086236225
v -0.04288625 -0.01875 0.086236225
v -0.04288625 0.01875 0.086236225
v -0.0668707 -0.025 0.063378075
v -0.0787402 -0.025 0.067454225
v -0.0187586875 -0.01875 0.10249675
v -0.0187586875 0.01875 0.10249675
v 0.0160838462 -0.01875 0.11190375
v 0.0192559638 -0.01875 0.11173425000000001
v 0.0160838462 0.01875 0.11190375
v 0.0192559638 0.01875 0.11173425000000001
v 0.0160838462 0.00625 0.11190375
v 0.0171412188 0.00625 0.11184725000000001
v 0.0181985912 0.00625 0.11179075
v 0.0192559638 0.00625 0.11173425000000001
v 0.0160838462 -0.00625 0.11190375
v 0.0171412188 -0.00625 0.11184725000000001
v 0.0181985912 -0.00625 0.11179075
v 0.0192559638 -0.00625 0.11173425000000001
v -0.08545543750000001 -0.01875 0.073869075
v -0.08545543750000001 0.01875 0.073869075
v 0.0310410125 -0.01875 0.0961731
v 0.0310410125 0.01875 0.0961731
v 0.0310410125 0.00625 0.0961731
v 0.031195737499999997 0.00625 0.0951973
v 0.031350462499999995 0.00625 0.0942215
v 0.0310410125 -0.00625 0.0961731
v 0.031195737499999997 -0.00625 0.0951973
v 0.031350462499999995 -0.00625 0.0942215
v 0.0315051875 -0.00625 0.0932457
v 0.0315051875 0.00625 0.0932457
v 0.0315051875 -0.01875 0.0932457
v 0.0315051875 0.01875 0.0932457
v 0.0121052012 0.01875 0.11193987500000001
v 0.0150623087 0.01875 0.111933125
v 0.0121052012 -0.01875 0.11193987500000001
v 0.0150623087 -0.01875 0.111933125
v 0.0121052012 0.00625 0.11193987500000001
v 0.013090903700000002 0.00625 0.111937625
v 0.0140766063 0.00625 0.111935375
v 0.0150623087 0.00625 0.111933125
v 0.0121052012 -0.00625 0.11193987500000001
v 0.013090903700000002 -0.00625 0.111937625
v 0.0140766063 -0.00625 0.111935375
v 0.0150623087 -0.00625 0.111933125
v 0.029298775 -0.01875 0.10162375000000001
v 0.029298775 0.01875 0.10162375000000001
v -0.024553812499999998 -0.01875 0.092787775
v -0.0234915875 -0.01875 0.095479825
v -0.024553812499999998 0.01875 0.092787775
v -0.0234915875 0.01875 0.095479825
v -0.024553812499999998 -0.00625 0.092787775
v -0.024199737500000002 -0.00625 0.093685125
v -0.023845662500000003 -0.00625 0.09458247500000001
v -0.0234915875 -0.00625 0.095479825
v -0.024553812499999998 0.00625 0.092787775
v -0.024199737500000002 0.00625 0.093685125
v -0.023845662500000003 0.00625 0.09458247500000001
v -0.0234915875 0.00625 0.095479825
v 0.032218275 0.01875 0.105632
v 0.032218275 -0.01875 0.105632
v 0.0772990875 -0.01875 0.071194825
v 0.0755803125 -0.01875 0.073476175
v 0.0772990875 0.01875 0.071194825
v 0.0755803125 0.01875 0.073476175
v 0.0772990875 -0.00625 0.071194825
v 0.0772990875 0.00625 0.071194825
v 0.0755803125 -0.00625 0.073476175
v 0.0755803125 0.00625 0.073476175
v 0.0761532375 0.00625 0.07271572500000001
v 0.0767261625 0.00625 0.071955275
v 0.0761532375 -0.00625 0.07271572500000001
v 0.0767261625 -0.00625 0.071955275
v -0.039262675 -0.01875 0.0864479625
v -0.039262675 0.01875 0.0864479625
v -0.08041545 0.01875 0.082883125
v -0.08041545 -0.01875 0.082883125
v 0.0384710875 -0.01875 0.088074775
v 0.0384710875 0.01875 0.088074775
v 0.028382075000000003 -0.01875 0.109318625
v 0.028382075000000003 0.01875 0.109318625
v -0.031311325 0.01875 0.098342275
v -0.031311325 -0.01875 0.098342275
v -0.031311325 0.00625 0.098342275
v -0.030786075 0.00625 0.09910562499999999
v -0.030260824999999998 0.00625 0.099868975
v -0.031311325 -0.00625 0.098342275
v -0.030786075 -0.00625 0.09910562499999999
v -0.030260824999999998 -0.00625 0.099868975
v -0.029735575 -0.00625 0.100632325
v -0.029735575 0.00625 0.100632325
v -0.029735575 0.01875 0.100632325
v -0.029735575 -0.01875 0.100632325
v 0.0286828375 -0.01875 0.1027135
v 0.0286828375 0.01875 0.1027135
v 0.08417993750000001 0.01875 0.056848025
v 0.08486986249999999 0.01875 0.054220175
v 0.08417993750000001 -0.01875 0.056848025
v 0.08486986249999999 -0.01875 0.054220175
v 0.08417993750000001 0.00625 0.056848025
v 0.0844099125 0.00625 0.055972074999999996
v 0.08463988750000001 0.00625 0.055096125
v 0.08486986249999999 0.00625 0.054220175
v 0.08417993750000001 -0.00625 0.056848025
v 0.0844099125 -0.00625 0.055972074999999996
v 0.08463988750000001 -0.00625 0.055096125
v 0.08486986249999999 -0.00625 0.054220175
v 0.024113137500000003 -0.01875 0.106601875
v 0.024113137500000003 0.01875 0.106601875
v 0.036380499999999996 -0.01875 0.09410097499999999
v 0.036380499999999996 0.01875 0.09410097499999999
v 0.0568566375 0.01875 0.08305415000000001
v 0.0594557625 0.01875 0.08269805
v 0.0568566375 -0.01875 0.08305415000000001
v 0.0594557625 -0.01875 0.08269805
v 0.0568566375 0.00625 0.08305415000000001
v 0.0568566375 -0.00625 0.08305415000000001
v 0.0594557625 0.00625 0.08269805
v 0.0585893875 0.00625 0.08281675
v 0.0594557625 -0.00625 0.08269805
v 0.0585893875 -0.00625 0.08281675
v 0.057723012500000004 -0.00625 0.08293545000000001
v 0.057723012500000004 0.00625 0.08293545000000001
v -0.008479475 0.01875 0.10706725
v -0.011026025 0.01875 0.10646875
v -0.008479475 -0.01875 0.10706725
v -0.011026025 -0.01875 0.10646875
v -0.008479475 0.00625 0.10706725
v -0.009328325 0.00625 0.10686775000000001
v -0.010177175 0.00625 0.10666824999999999
v -0.011026025 0.00625 0.10646875
v -0.008479475 -0.00625 0.10706725
v -0.009328325 -0.00625 0.10686775000000001
v -0.010177175 -0.00625 0.10666824999999999
v -0.011026025 -0.00625 0.10646875
v 0.043661425 0.01875 0.08384673749999999
v 0.043661425 -0.01875 0.08384673749999999
v -0.085453525 -0.01875 0.075081925
v -0.085453525 0.01875 0.075081925
v -0.0825742625 0.01875 0.0643500125
v -0.0836345375 0.01875 0.0666630875
v -0.0825742625 -0.01875 0.0643500125
v -0.0836345375 -0.01875 0.0666630875
v -0.0825742625 0.00625 0.0643500125
v -0.0825742625 -0.00625 0.0643500125
v -0.0836345375 0.00625 0.0666630875
v -0.0836345375 -0.00625 0.0666630875
v -0.08328111249999999 -0.00625 0.0658920625
v -0.0829276875 -0.00625 0.06512103749999999
v -0.08328111249999999 0.00625 0.0658920625
v -0.0829276875 0.00625 0.06512103749999999
v 0.029364062500000003 -0.01875 0.108681125
v 0.029364062500000003 0.01875 0.108681125
v 0.018247648800000002 -0.01875 0.10797075
v 0.0157156413 -0.01875 0.10816125
v 0.018247648800000002 0.01875 0.10797075
v 0.0157156413 0.01875 0.10816125
v 0.018247648800000002 -0.00625 0.10797075
v 0.0174036462 -0.00625 0.10803425000000001
v 0.0165596437 -0.00625 0.10809775
v 0.0157156413 -0.00625 0.10816125
v 0.018247648800000002 0.00625 0.10797075
v 0.0174036462 0.00625 0.10803425000000001
v 0.0165596437 0.00625 0.10809775
v 0.0157156413 0.00625 0.10816125
v 0.023041887499999997 -0.01875 0.107013625
v 0.023041887499999997 0.01875 0.107013625
v 0.03153425 0.01875 0.106595125
v 0.03153425 -0.01875 0.106595125
v 0.0307949 0.01875 0.107441875
v 0.0307949 -0.01875 0.107441875
v -0.08165301250000001 0.01875 0.0821044375
v -0.08165301250000001 -0.01875 0.0821044375
v -0.0127104625 -0.01875 0.11080962500000001
v -0.0150343375 -0.01875 0.110339375
v -0.0127104625 0.01875 0.11080962500000001
v -0.0150343375 0.01875 0.110339375
v -0.0127104625 -0.00625 0.11080962500000001
v -0.0134850875 -0.00625 0.110652875
v -0.014259712499999999 -0.00625 0.110496125
v -0.0150343375 -0.00625 0.110339375
v -0.0127104625 0.00625 0.11080962500000001
v -0.0134850875 0.00625 0.110652875
v -0.014259712499999999 0.00625 0.110496125
v -0.0150343375 0.00625 0.110339375
v -0.0157999625 -0.01875 0.110148625
v -0.0180698375 -0.01875 0.109474375
v -0.0157999625 0.01875 0.110148625
v -0.0180698375 0.01875 0.109474375
v -0.0157999625 -0.00625 0.110148625
v -0.0165565875 -0.00625 0.109923875
v -0.0173132125 -0.00625 0.109699125
v -0.0180698375 -0.00625 0.109474375
v -0.0157999625 0.00625 0.110148625
v -0.0165565875 0.00625 0.109923875
v -0.0173132125 0.00625 0.109699125
v -0.0180698375 0.00625 0.109474375
v 0.0302071625 -0.01875 0.108007
v 0.0302071625 0.01875 0.108007
v 0.0253457 0.01875 0.10598312500000001
v 0.0253457 -0.01875 0.10598312500000001
v 0.028056687500000003 -0.01875 0.10361000000000001
v 0.028056687500000003 0.01875 0.10361000000000001
v -0.0853485625 -0.01875 0.0761339875
v -0.0853485625 0.01875 0.0761339875
v 0.060256962500000004 0.01875 0.0825531625
v 0.060256962500000004 -0.01875 0.0825531625
v 0.060256962500000004 0.00625 0.0825531625
v 0.060256962500000004 -0.00625 0.0825531625
v 0.0617290125 -0.00625 0.0822110125
v 0.0617290125 0.00625 0.0822110125
v 0.0609929875 0.00625 0.0823820875
v 0.062465037499999994 0.00625 0.08203993750000001
v 0.0609929875 -0.00625 0.0823820875
v 0.062465037499999994 -0.00625 0.08203993750000001
v 0.062465037499999994 0.01875 0.08203993750000001
v 0.062465037499999994 -0.01875 0.08203993750000001
v -0.0824578125 0.01875 0.0814641125
v -0.0824578125 -0.01875 0.0814641125
v 0.026716675 0.01875 0.105014375
v 0.026716675 -0.01875 0.105014375
v -0.0381805625 -0.01875 0.0863683625
v -0.0381805625 0.01875 0.0863683625
v -0.0292385 0.01875 0.101295625
v -0.027831800000000004 0.01875 0.102985375
v -0.0292385 -0.01875 0.101295625
v -0.027831800000000004 -0.01875 0.102985375
v -0.0292385 0.00625 0.101295625
v -0.0287696 0.00625 0.101858875
v -0.0283007 0.00625 0.10242212500000002
v -0.027831800000000004 0.00625 0.102985375
v -0.0292385 -0.00625 0.101295625
v -0.0287696 -0.00625 0.101858875
v -0.0283007 -0.00625 0.10242212500000002
v -0.027831800000000004 -0.00625 0.102985375
v 0.0344063375 -0.01875 0.10088775
v 0.0336274625 -0.01875 0.10292025
v 0.0344063375 0.01875 0.10088775
v 0.0336274625 0.01875 0.10292025
v 0.0344063375 -0.00625 0.10088775
v 0.0341467125 -0.00625 0.10156525000000001
v 0.0338870875 -0.00625 0.10224275000000001
v 0.0336274625 -0.00625 0.10292025
v 0.0344063375 0.00625 0.10088775
v 0.0341467125 0.00625 0.10156525000000001
v 0.0338870875 0.00625 0.10224275000000001
v 0.0336274625 0.00625 0.10292025
v -0.043350025 0.025 0.08387747499999999
v -0.054910375000000004 0.025 0.079069225
v -0.06647072500000001 0.025 0.074260975
v -0.078031075 0.025 0.06945272499999999
v 0.027421525000000002 -0.01875 0.104348625
v 0.027421525000000002 0.01875 0.104348625
v 0.0372773375 0.01875 0.0910972125
v 0.0372773375 -0.01875 0.0910972125
v 0.0372773375 -0.00625 0.0910972125
v 0.0372773375 0.00625 0.0910972125
v 0.037520712500000004 0.00625 0.0904338375
v 0.0377640875 0.00625 0.08977046250000001
v 0.0380074625 0.00625 0.0891070875
v 0.037520712500000004 -0.00625 0.0904338375
v 0.0377640875 -0.00625 0.08977046250000001
v 0.0380074625 -0.00625 0.0891070875
v 0.0380074625 0.01875 0.0891070875
v 0.0380074625 -0.01875 0.0891070875
v 0.038978875 -0.01875 0.0871558375
v 0.038978875 0.01875 0.0871558375
v 0.025964749999999998 -0.01875 0.105592
v 0.025964749999999998 0.01875 0.105592
v -0.0831371875 0.01875 0.0808021625
v -0.0831371875 -0.01875 0.0808021625
v 0.020128 0.01875 0.11166012500000001
v 0.0221881 0.01875 0.11138487500000001
v 0.020128 -0.01875 0.11166012500000001
v 0.0221881 -0.01875 0.11138487500000001
v 0.020128 0.00625 0.11166012500000001
v 0.0208147 0.00625 0.111568375
v 0.0215014 0.00625 0.111476625
v 0.0221881 0.00625 0.11138487500000001
v 0.020128 -0.00625 0.11166012500000001
v 0.0208147 -0.00625 0.111568375
v 0.0215014 -0.00625 0.111476625
v 0.0221881 -0.00625 0.11138487500000001
v -0.08516175000000001 -0.01875 0.077066125
v -0.08516175000000001 0.01875 0.077066125
v -0.0848913625 -0.01875 0.0779406375
v -0.0848913625 0.01875 0.0779406375
v -0.0845322375 -0.01875 0.07877985
v -0.0845322375 0.01875 0.07877985
v -0.08371595 0.01875 0.0801093125
v -0.08371595 -0.01875 0.0801093125
v -0.0840943625 -0.01875 0.07956125
v -0.0840943625 0.01875 0.07956125
v 0.0650286 0.01875 0.0812159
v 0.0650286 -0.01875 0.0812159
v 0.0650286 0.00625 0.0812159
v 0.0644013 0.00625 0.0814269
v 0.063774 0.00625 0.08163790000000001
v 0.0650286 -0.00625 0.0812159
v 0.0644013 -0.00625 0.0814269
v 0.063774 -0.00625 0.08163790000000001
v 0.0631467 -0.00625 0.08184889999999999
v 0.0631467 0.00625 0.08184889999999999
v 0.0631467 0.01875 0.08184889999999999
v 0.0631467 -0.01875 0.08184889999999999
v 0.0750700625 -0.01875 0.0741001625
v 0.0737273375 -0.01875 0.0755627375
v 0.0750700625 0.01875 0.0741001625
v 0.0737273375 0.01875 0.0755627375
v 0.0750700625 -0.00625 0.0741001625
v 0.0746224875 -0.00625 0.0745876875
v 0.07417491250000001 -0.00625 0.0750752125
v 0.0737273375 -0.00625 0.0755627375
v 0.0750700625 0.00625 0.0741001625
v 0.0746224875 0.00625 0.0745876875
v 0.07417491250000001 0.00625 0.0750752125
v 0.0737273375 0.00625 0.0755627375
v -0.08391921249999999 0.01875 0.06735406249999999
v -0.0845669875 0.01875 0.0691868375
v -0.08391921249999999 -0.01875 0.06735406249999999
v -0.0845669875 -0.01875 0.0691868375
v -0.08391921249999999 0.00625 0.06735406249999999
v -0.0841351375 0.00625 0.0679649875
v -0.0843510625 0.00625 0.0685759125
v -0.0845669875 0.00625 0.0691868375
v -0.08391921249999999 -0.00625 0.06735406249999999
v -0.0841351375 -0.00625 0.0679649875
v -0.0843510625 -0.00625 0.0685759125
v -0.0845669875 -0.00625 0.0691868375
v 0.0308818 0.01875 0.09697245
v 0.030390700000000003 0.01875 0.09884115
v 0.0308818 -0.01875 0.09697245
v 0.030390700000000003 -0.01875 0.09884115
v 0.0308818 0.00625 0.09697245
v 0.0308818 -0.00625 0.09697245
v 0.030390700000000003 0.00625 0.09884115
v 0.030390700000000003 -0.00625 0.09884115
v 0.0305544 -0.00625 0.09821825
v 0.0307181 -0.00625 0.09759535
v 0.0305544 0.00625 0.09821825
v 0.0307181 0.00625 0.09759535
v 0.07326629999999999 -0.01875 0.076018275
v 0.0718428 -0.01875 0.077288925
v 0.07326629999999999 0.01875 0.076018275
v 0.0718428 0.01875 0.077288925
v 0.07326629999999999 -0.00625 0.076018275
v 0.0727918 -0.00625 0.076441825
v 0.0723173 -0.00625 0.076865375
v 0.0718428 -0.00625 0.077288925
v 0.07326629999999999 0.00625 0.076018275
v 0.0727918 0.00625 0.076441825
v 0.0723173 0.00625 0.076865375
v 0.0718428 0.00625 0.077288925
v -0.01175 0.01875 0.106265625
v -0.0135473 0.01875 0.105645375
v -0.01175 -0.01875 0.106265625
v -0.0135473 -0.01875 0.105645375
v -0.01175 0.00625 0.106265625
v -0.0123491 0.00625 0.106058875
v -0.012948200000000002 0.00625 0.105852125
v -0.0135473 0.00625 0.105645375
v -0.01175 -0.00625 0.106265625
v -0.0123491 -0.00625 0.106058875
v -0.012948200000000002 -0.00625 0.105852125
v -0.0135473 -0.00625 0.105645375
v 0.0713492125 -0.01875 0.0776847375
v 0.06981118750000001 -0.01875 0.0787889625
v 0.0713492125 0.01875 0.0776847375
v 0.06981118750000001 0.01875 0.0787889625
v 0.0713492125 -0.00625 0.0776847375
v 0.0708365375 -0.00625 0.0780528125
v 0.0703238625 -0.00625 0.07842088750000001
v 0.06981118750000001 -0.00625 0.0787889625
v 0.0713492125 0.00625 0.0776847375
v 0.0708365375 0.00625 0.0780528125
v 0.0703238625 0.00625 0.07842088750000001
v 0.06981118750000001 0.00625 0.0787889625
v -0.02738045 0.01875 0.103482
v -0.026079050000000003 0.01875 0.104772
v -0.02738045 -0.01875 0.103482
v -0.026079050000000003 -0.01875 0.104772
v -0.02738045 0.00625 0.103482
v -0.026946650000000003 0.00625 0.103912
v -0.02651285 0.00625 0.104342
v -0.026079050000000003 0.00625 0.104772
v -0.02738045 -0.00625 0.103482
v -0.026946650000000003 -0.00625 0.103912
v -0.02651285 -0.00625 0.104342
v -0.026079050000000003 -0.00625 0.104772
v 0.0427617125 0.01875 0.08410736249999999
v 0.0427617125 -0.01875 0.08410736249999999
v 0.06561842500000001 0.01875 0.08098648750000001
v 0.067275475 0.01875 0.0802430125
v 0.06561842500000001 -0.01875 0.08098648750000001
v 0.067275475 -0.01875 0.0802430125
v 0.06561842500000001 0.00625 0.08098648750000001
v 0.066170775 0.00625 0.0807386625
v 0.06672312500000001 0.00625 0.0804908375
v 0.067275475 0.00625 0.0802430125
v 0.06561842500000001 -0.00625 0.08098648750000001
v 0.066170775 -0.00625 0.0807386625
v 0.06672312500000001 -0.00625 0.0804908375
v 0.067275475 -0.00625 0.0802430125
v 0.0394628875 -0.01875 0.0864552625
v 0.0394628875 0.01875 0.0864552625
v 0.037073325000000004 -0.01875 0.0917095
v 0.036579375000000004 -0.01875 0.09339309999999999
v 0.037073325000000004 0.01875 0.0917095
v 0.036579375000000004 0.01875 0.09339309999999999
v 0.037073325000000004 -0.00625 0.0917095
v 0.036908675 -0.00625 0.0922707
v 0.036744025 -0.00625 0.0928319
v 0.036579375000000004 -0.00625 0.09339309999999999
v 0.037073325000000004 0.00625 0.0917095
v 0.036908675 0.00625 0.0922707
v 0.036744025 0.00625 0.0928319
v 0.036579375000000004 0.00625 0.09339309999999999
v 0.06930445 0.01875 0.0791162625
v 0.06930445 -0.01875 0.0791162625
v 0.06930445 0.00625 0.0791162625
v 0.06930445 -0.00625 0.0791162625
v 0.06880365000000001 -0.00625 0.0794027875
v 0.06830285 -0.00625 0.0796893125
v 0.06780205 -0.00625 0.07997583750000001
v 0.06880365000000001 0.00625 0.0794027875
v 0.06830285 0.00625 0.0796893125
v 0.06780205 0.00625 0.07997583750000001
v 0.06780205 0.01875 0.07997583750000001
v 0.06780205 -0.01875 0.07997583750000001
v -0.0420321 0.01875 0.08631557499999999
v -0.0403332 0.01875 0.08644142499999999
v -0.0420321 -0.01875 0.08631557499999999
v -0.0403332 -0.01875 0.08644142499999999
v -0.0420321 0.00625 0.08631557499999999
v -0.041465800000000004 0.00625 0.086357525
v -0.0408995 0.00625 0.086399475
v -0.0403332 0.00625 0.08644142499999999
v -0.0420321 -0.00625 0.08631557499999999
v -0.041465800000000004 -0.00625 0.086357525
v -0.0408995 -0.00625 0.086399475
v -0.0403332 -0.00625 0.08644142499999999
v 0.085031725 0.01875 0.0535038125
v 0.08531297500000001 0.01875 0.051833487500000004
v 0.085031725 -0.01875 0.0535038125
v 0.08531297500000001 -0.01875 0.051833487500000004
v 0.085031725 0.00625 0.0535038125
v 0.085125475 0.00625 0.0529470375
v 0.08521922500000001 0.00625 0.05239026250000001
v 0.08531297500000001 0.00625 0.051833487500000004
v 0.085031725 -0.00625 0.0535038125
v 0.085125475 -0.00625 0.0529470375
v 0.08521922500000001 -0.00625 0.05239026250000001
v 0.08531297500000001 -0.00625 0.051833487500000004
v 0.01894735 -0.01875 0.1078955
v 0.020613549999999998 -0.01875 0.10763450000000001
v 0.01894735 0.01875 0.1078955
v 0.020613549999999998 0.01875 0.10763450000000001
v 0.01894735 -0.00625 0.1078955
v 0.01950275 -0.00625 0.10780849999999999
v 0.02005815 -0.00625 0.1077215
v 0.020613549999999998 -0.00625 0.10763450000000001
v 0.01894735 0.00625 0.1078955
v 0.01950275 0.00625 0.10780849999999999
v 0.02005815 0.00625 0.1077215
v 0.020613549999999998 0.00625 0.10763450000000001
v -0.0187052125 -0.01875 0.10925775
v -0.0202475875 -0.01875 0.10863225
v -0.0187052125 0.01875 0.10925775
v -0.0202475875 0.01875 0.10863225
v -0.0187052125 -0.00625 0.10925775
v -0.0192193375 -0.00625 0.10904925
v -0.0197334625 -0.00625 0.10884075
v -0.0202475875 -0.00625 0.10863225
v -0.0187052125 0.00625 0.10925775
v -0.0192193375 0.00625 0.10904925
v -0.0197334625 0.00625 0.10884075
v -0.0202475875 0.00625 0.10863225
v 0.042054875000000005 0.01875 0.08439202500000001
v 0.042054875000000005 -0.01875 0.08439202500000001
v -0.0207477 -0.01875 0.1084005
v -0.022206 -0.01875 0.10763550000000001
v -0.0207477 0.01875 0.1084005
v -0.022206 0.01875 0.10763550000000001
v -0.0207477 -0.00625 0.1084005
v -0.0212338 -0.00625 0.1081455
v -0.0217199 -0.00625 0.1078905
v -0.022206 -0.00625 0.10763550000000001
v -0.0207477 0.00625 0.1084005
v -0.0212338 0.00625 0.1081455
v -0.0217199 0.00625 0.1078905
v -0.022206 0.00625 0.10763550000000001
v -0.025649775 0.01875 0.10516
v -0.024375525 0.01875 0.106198
v -0.025649775 -0.01875 0.10516
v -0.024375525 -0.01875 0.106198
v -0.025649775 0.00625 0.10516
v -0.025225024999999998 0.00625 0.10550599999999999
v -0.024800275 0.00625 0.105852
v -0.024375525 0.00625 0.106198
v -0.025649775 -0.00625 0.10516
v -0.025225024999999998 -0.00625 0.10550599999999999
v -0.024800275 -0.00625 0.105852
v -0.024375525 -0.00625 0.106198
v 0.022795450000000002 0.01875 0.11127975
v 0.02437945 0.01875 0.11092425
v 0.022795450000000002 -0.01875 0.11127975
v 0.02437945 -0.01875 0.11092425
v 0.022795450000000002 0.00625 0.11127975
v 0.023323450000000003 0.00625 0.11116125
v 0.02385145 0.00625 0.11104275
v 0.02437945 0.00625 0.11092425
v 0.022795450000000002 -0.00625 0.11127975
v 0.023323450000000003 -0.00625 0.11116125
v 0.02385145 -0.00625 0.11104275
v 0.02437945 -0.00625 0.11092425
v 0.01502738 0.01875 0.1082005
v 0.013429819999999999 0.01875 0.10824550000000001
v 0.01502738 -0.01875 0.1082005
v 0.013429819999999999 -0.01875 0.10824550000000001
v 0.01502738 0.00625 0.1082005
v 0.01449486 0.00625 0.1082155
v 0.01396234 0.00625 0.10823050000000001
v 0.013429819999999999 0.00625 0.10824550000000001
v 0.01502738 -0.00625 0.1082005
v 0.01449486 -0.00625 0.1082155
v 0.01396234 -0.00625 0.10823050000000001
v 0.013429819999999999 -0.00625 0.10824550000000001
v -0.022717987499999998 0.00625 0.09711918750000001
v -0.0229566125 0.00625 0.0966429125
v -0.022717987499999998 -0.00625 0.09711918750000001
v -0.0229566125 -0.00625 0.0966429125
v -0.0231952375 -0.00625 0.09616663750000001
v -0.0224793625 -0.00625 0.0975954625
v -0.0231952375 0.00625 0.09616663750000001
v -0.0224793625 0.00625 0.0975954625
v -0.0231952375 -0.01875 0.09616663750000001
v -0.0224793625 -0.01875 0.0975954625
v -0.0231952375 0.01875 0.09616663750000001
v -0.0224793625 0.01875 0.0975954625
v 0.0404425375 0.01875 0.0854194875
v 0.0404425375 -0.01875 0.0854194875
v 0.0414261125 0.01875 0.0847191125
v 0.0414261125 -0.01875 0.0847191125
v 0.0399365375 -0.01875 0.0858993375
v 0.0399365375 0.01875 0.0858993375
v -0.0239488875 0.01875 0.106513125
v -0.0226633125 0.01875 0.10736587500000001
v -0.0239488875 -0.01875 0.106513125
v -0.0226633125 -0.01875 0.10736587500000001
v -0.0239488875 0.00625 0.106513125
v -0.0235203625 0.00625 0.106797375
v -0.0230918375 0.00625 0.107081625
v -0.0226633125 0.00625 0.10736587500000001
v -0.0239488875 -0.00625 0.106513125
v -0.0235203625 -0.00625 0.106797375
v -0.0230918375 -0.00625 0.107081625
v -0.0226633125 -0.00625 0.10736587500000001
v 0.0409901375 -0.01875 0.084996875
v 0.0409901375 0.01875 0.084996875
v -0.0222258125 -0.01875 0.0980522875
v -0.021420387500000002 -0.01875 0.0993644125
v -0.0222258125 0.01875 0.0980522875
v -0.021420387500000002 0.01875 0.0993644125
v -0.0222258125 -0.00625 0.0980522875
v -0.0222258125 0.00625 0.0980522875
v -0.021420387500000002 -0.00625 0.0993644125
v -0.0216888625 -0.00625 0.09892703750000001
v -0.021420387500000002 0.00625 0.0993644125
v -0.0216888625 0.00625 0.09892703750000001
v -0.0219573375 0.00625 0.0984896625
v -0.0219573375 -0.00625 0.0984896625
v -0.08473632500000002 0.01875 0.0697361625
v -0.085104575 0.01875 0.0711993375
v -0.08473632500000002 -0.01875 0.0697361625
v -0.085104575 -0.01875 0.0711993375
v -0.08473632500000002 0.00625 0.0697361625
v -0.08485907499999999 0.00625 0.0702238875
v -0.08498182500000001 0.00625 0.0707116125
v -0.085104575 0.00625 0.0711993375
v -0.08473632500000002 -0.00625 0.0697361625
v -0.08485907499999999 -0.00625 0.0702238875
v -0.08498182500000001 -0.00625 0.0707116125
v -0.085104575 -0.00625 0.0711993375
v 0.0333909625 -0.01875 0.10347125
v 0.0327508375 -0.01875 0.10474475
v 0.0333909625 0.01875 0.10347125
v 0.0327508375 0.01875 0.10474475
v 0.0333909625 -0.00625 0.10347125
v 0.0331775875 -0.00625 0.10389575000000001
v 0.0329642125 -0.00625 0.10432025
v 0.0327508375 -0.00625 0.10474475
v 0.0333909625 0.00625 0.10347125
v 0.0331775875 0.00625 0.10389575000000001
v 0.0329642125 0.00625 0.10432025
v 0.0327508375 0.00625 0.10474475
v 0.030227200000000003 0.01875 0.0993704
v 0.0297373 0.01875 0.1006772
v 0.030227200000000003 -0.01875 0.0993704
v 0.0297373 -0.01875 0.1006772
v 0.030227200000000003 0.00625 0.0993704
v 0.0300639 0.00625 0.099806
v 0.029900600000000003 0.00625 0.1002416
v 0.0297373 0.00625 0.1006772
v 0.030227200000000003 -0.00625 0.0993704
v 0.0300639 -0.00625 0.099806
v 0.029900600000000003 -0.00625 0.1002416
v 0.0297373 -0.00625 0.1006772
v 0.021110125000000004 -0.01875 0.107536125
v 0.022423375000000002 -0.01875 0.10720687500000001
v 0.021110125000000004 0.01875 0.107536125
v 0.022423375000000002 0.01875 0.10720687500000001
v 0.021110125000000004 -0.00625 0.107536125
v 0.021547874999999998 -0.00625 0.107426375
v 0.021985625 -0.00625 0.10731662500000001
v 0.022423375000000002 -0.00625 0.10720687500000001
v 0.021110125000000004 0.00625 0.107536125
v 0.021547874999999998 0.00625 0.107426375
v 0.021985625 0.00625 0.10731662500000001
v 0.022423375000000002 0.00625 0.10720687500000001
v -0.0211550875 -0.01875 0.0997567125
v -0.0203687125 -0.01875 0.1007983875
v -0.0211550875 0.01875 0.0997567125
v -0.0203687125 0.01875 0.1007983875
v -0.0211550875 -0.00625 0.0997567125
v -0.020892962499999997 -0.00625 0.1001039375
v -0.020630837500000002 -0.00625 0.1004511625
v -0.0203687125 -0.00625 0.1007983875
v -0.0211550875 0.00625 0.0997567125
v -0.020892962499999997 0.00625 0.1001039375
v -0.020630837500000002 0.00625 0.1004511625
v -0.0203687125 0.00625 0.1007983875
v -0.014043025 0.01875 0.10545249999999999
v -0.015220075 0.01875 0.10491550000000001
v -0.014043025 -0.01875 0.10545249999999999
v -0.015220075 -0.01875 0.10491550000000001
v -0.014043025 0.00625 0.10545249999999999
v -0.014435375 0.00625 0.1052735
v -0.014827725 0.00625 0.1050945
v -0.015220075 0.00625 0.10491550000000001
v -0.014043025 -0.00625 0.10545249999999999
v -0.014435375 -0.00625 0.1052735
v -0.014827725 -0.00625 0.1050945
v -0.015220075 -0.00625 0.10491550000000001
v 0.024848025 0.01875 0.110798375
v 0.026075475 0.01875 0.110398625
v 0.024848025 -0.01875 0.110798375
v 0.026075475 -0.01875 0.110398625
v 0.024848025 0.00625 0.110798375
v 0.025257175 0.00625 0.110665125
v 0.025666325 0.00625 0.110531875
v 0.026075475 0.00625 0.110398625
v 0.024848025 -0.00625 0.110798375
v 0.025257175 -0.00625 0.110665125
v 0.025666325 -0.00625 0.110531875
v 0.026075475 -0.00625 0.110398625
v 0.0640175125 0.01875 0.05628087500000001
v 0.0640175125 -0.01875 0.05628087500000001
v 0.0640175125 -0.01875 0.062512725
v 0.0640175125 0.01875 0.062512725
v -0.0607867625 0.01875 0.057131100000000004
v -0.0607867625 -0.01875 0.057131100000000004
v 0.0645290625 -0.01875 0.057131100000000004
v 0.0645290625 0.01875 0.057131100000000004
v 0.055073237500000004 0.01875 0.057131100000000004
v 0.055073237500000004 -0.01875 0.057131100000000004
v -0.061262712500000004 0.01875 0.05875935
v -0.061262712500000004 -0.01875 0.05875935
v 0.0650050125 -0.01875 0.05875935
v 0.0650050125 0.01875 0.05875935
v 0.0545972875 0.01875 0.05875935
v 0.0545972875 -0.01875 0.05875935
v -0.050854925 -0.01875 0.05875935
v -0.050854925 0.01875 0.05875935
v -0.0536660875 -0.01875 0.054731862500000006
v -0.0536660875 0.01875 0.054731862500000006
v -0.0536660875 0.01875 0.0640617375
v -0.0536660875 -0.01875 0.0640617375
v 0.0623194875 0.01875 0.0547984375
v 0.0623194875 -0.01875 0.0547984375
v 0.0623194875 -0.01875 0.0639951625
v 0.0623194875 0.01875 0.0639951625
v 0.0572828125 0.01875 0.0639951625
v 0.0572828125 -0.01875 0.0639951625
v 0.0572828125 -0.01875 0.0547984375
v 0.0572828125 0.01875 0.0547984375
v -0.054587875 0.01875 0.0543645625
v -0.054587875 -0.01875 0.0543645625
v -0.052301824999999996 -0.01875 0.0557400625
v -0.052301824999999996 0.01875 0.0557400625
v -0.052301824999999996 0.01875 0.0630535375
v -0.052301824999999996 -0.01875 0.0630535375
v 0.056044125 -0.01875 0.0630535375
v 0.056044125 0.01875 0.0630535375
v 0.056044125 0.01875 0.0557400625
v 0.056044125 -0.01875 0.0557400625
v -0.054587875 -0.01875 0.064429
v -0.054587875 0.01875 0.064429
v -0.051330875000000005 -0.01875 0.057131100000000004
v -0.051330875000000005 0.01875 0.057131100000000004
v -0.056977075 0.01875 0.0645585
v -0.056977075 -0.01875 0.0645585
v 0.060719375 -0.01875 0.0645585
v 0.060719375 0.01875 0.0645585
v 0.058882925 0.01875 0.0645585
v 0.058882925 -0.01875 0.0645585
v -0.055280875 -0.01875 0.0645815
v -0.055280875 0.01875 0.0645815
v -0.060275150000000007 -0.01875 0.05628087500000001
v -0.060275150000000007 0.01875 0.05628087500000001
v -0.06018915 -0.01875 0.06262587500000001
v -0.06018915 0.01875 0.06262587500000001
v -0.05184245 -0.01875 0.05628087500000001
v -0.05184245 0.01875 0.05628087500000001
v -0.05184245 0.01875 0.062512725
v -0.05184245 -0.01875 0.062512725
v 0.055584749999999995 -0.01875 0.062512725
v 0.055584749999999995 0.01875 0.062512725
v 0.055584749999999995 0.01875 0.05628087500000001
v 0.055584749999999995 -0.01875 0.05628087500000001
v -0.06119382500000001 0.01875 0.060454299999999996
v -0.06119382500000001 -0.01875 0.060454299999999996
v 0.064936125 -0.01875 0.060454299999999996
v 0.064936125 0.01875 0.060454299999999996
v 0.054666175 0.01875 0.060454299999999996
v 0.054666175 -0.01875 0.060454299999999996
v -0.050923775 -0.01875 0.060454299999999996
v -0.050923775 0.01875 0.060454299999999996
v -0.051113650000000004 -0.01875 0.0611379875
v -0.051113650000000004 0.01875 0.0611379875
v -0.051068249999999996 -0.01875 0.0577902875
v -0.051068249999999996 0.01875 0.0577902875
v -0.0515302625 0.01875 0.062038562500000005
v -0.0515302625 -0.01875 0.062038562500000005
v -0.060587337500000005 -0.01875 0.062038562500000005
v -0.060587337500000005 0.01875 0.062038562500000005
v -0.0595067625 0.01875 0.0633463
v -0.0595067625 -0.01875 0.0633463
v -0.0595067625 -0.01875 0.055447300000000005
v -0.0595067625 0.01875 0.055447300000000005
v -0.056977075 -0.01875 0.0542350375
v -0.056977075 0.01875 0.0542350375
v 0.060719375 0.01875 0.0542350375
v 0.060719375 -0.01875 0.0542350375
v 0.058882925 -0.01875 0.0542350375
v 0.058882925 0.01875 0.0542350375
v -0.055280875 0.01875 0.0542120625
v -0.055280875 -0.01875 0.0542120625
v -0.057933187500000004 -0.01875 0.0642931
v -0.057933187500000004 0.01875 0.0642931
v -0.057933187500000004 0.01875 0.0545005
v -0.057933187500000004 -0.01875 0.0545005
v 0.0616754875 0.01875 0.0545005
v 0.0616754875 -0.01875 0.0545005
v 0.0616754875 -0.01875 0.0642931
v 0.0616754875 0.01875 0.0642931
v 0.0579268125 0.01875 0.0642931
v 0.0579268125 -0.01875 0.0642931
v 0.0579268125 -0.01875 0.0545005
v 0.0579268125 0.01875 0.0545005
v -0.0610040125 0.01875 0.0611379875
v -0.0610040125 -0.01875 0.0611379875
v -0.061049387499999996 0.01875 0.0577902875
v -0.061049387499999996 -0.01875 0.0577902875
v 0.0647916875 -0.01875 0.0577902875
v 0.0647916875 0.01875 0.0577902875
v 0.0647463125 -0.01875 0.0611379875
v 0.0647463125 0.01875 0.0611379875
v 0.0548559875 0.01875 0.0611379875
v 0.0548559875 -0.01875 0.0611379875
v 0.0548106125 0.01875 0.0577902875
v 0.0548106125 -0.01875 0.0577902875
v -0.0530580875 -0.01875 0.055097675
v -0.0530580875 0.01875 0.055097675
v -0.0530580875 0.01875 0.063695925
v -0.0530580875 -0.01875 0.063695925
v -0.0589418875 0.01875 0.063775675
v -0.0589418875 -0.01875 0.063775675
v -0.0589418875 -0.01875 0.055017924999999995
v -0.0589418875 0.01875 0.055017924999999995
v 0.0628019125 -0.01875 0.055097675
v 0.0628019125 0.01875 0.055097675
v 0.0628019125 0.01875 0.063695925
v 0.0628019125 -0.01875 0.063695925
v 0.056800387499999994 -0.01875 0.063695925
v 0.056800387499999994 0.01875 0.063695925
v 0.056800387499999994 0.01875 0.055097675
v 0.056800387499999994 -0.01875 0.055097675
v -0.060846437499999996 -0.01875 0.061533462500000004
v -0.060846437499999996 0.01875 0.061533462500000004
v 0.0645290625 -0.01875 0.0616624375
v 0.0645290625 0.01875 0.0616624375
v 0.055073237500000004 0.01875 0.0616624375
v 0.055073237500000004 -0.01875 0.0616624375
v 0.0635581375 0.01875 0.0557400625
v 0.0635581375 -0.01875 0.0557400625
v 0.0635581375 -0.01875 0.0630535375
v 0.0635581375 0.01875 0.0630535375
v -0.0599135625 -0.01875 0.0629503625
v -0.0599135625 0.01875 0.0629503625
v -0.0598158375 -0.01875 0.0557400625
v -0.0598158375 0.01875 0.0557400625
v -0.058577125 -0.01875 0.0639951625
v -0.058577125 0.01875 0.0639951625
v -0.058451575 -0.01875 0.054731862500000006
v -0.058451575 0.01875 0.054731862500000006
v -0.0612780875 -0.01875 0.0598929125
v -0.0612780875 0.01875 0.0598929125
v 0.0650203875 0.01875 0.0598929125
v 0.0650203875 -0.01875 0.0598929125
v 0.054581912499999996 -0.01875 0.0598929125
v 0.054581912499999996 0.01875 0.0598929125
v -0.0557041 -0.01875 0.05416605
v -0.0557041 0.01875 0.05416605
v -0.055846 -0.01875 0.06463525
v -0.055846 0.01875 0.06463525
v -0.056271699999999994 0.01875 0.06463525
v -0.056271699999999994 -0.01875 0.06463525
v -0.056271699999999994 -0.01875 0.05415835000000001
v -0.056271699999999994 0.01875 0.05415835000000001
v 0.060155900000000005 -0.01875 0.05416605
v 0.060155900000000005 0.01875 0.05416605
v 0.060014000000000005 -0.01875 0.06463525
v 0.060014000000000005 0.01875 0.06463525
v 0.0595883 0.01875 0.06463525
v 0.0595883 -0.01875 0.06463525
v 0.0595883 -0.01875 0.05415835000000001
v 0.0595883 0.01875 0.05415835000000001
v 0.064256425 -0.01875 0.0621603375
v 0.064256425 0.01875 0.0621603375
v 0.055272625 -0.01875 0.062038562500000005
v 0.055272625 0.01875 0.062038562500000005
v -0.0573928375 -0.01875 0.0543265375
v -0.0573928375 0.01875 0.0543265375
v 0.06127206250000001 -0.01875 0.0543645625
v 0.06127206250000001 0.01875 0.0543645625
v 0.0584671625 -0.01875 0.0543265375
v 0.0584671625 0.01875 0.0543265375
v -0.050839575000000005 0.01875 0.0598929125
v -0.050839575000000005 -0.01875 0.0598929125
v -0.0526109 -0.01875 0.055447300000000005
v -0.0526109 0.01875 0.055447300000000005
v 0.0564615 -0.01875 0.055355299999999996
v 0.0564615 0.01875 0.055355299999999996
v -0.0527192 -0.01875 0.0634383
v -0.0527192 0.01875 0.0634383
v 0.0632491 -0.01875 0.055447300000000005
v 0.0632491 0.01875 0.055447300000000005
v 0.0631408 -0.01875 0.0634383
v 0.0631408 0.01875 0.0634383
v 0.0563532 -0.01875 0.0633463
v 0.0563532 0.01875 0.0633463
v -0.051330875000000005 -0.01875 0.0616624375
v -0.051330875000000005 0.01875 0.0616624375
v -0.0575297625 -0.01875 0.064429
v -0.0575297625 0.01875 0.064429
v 0.0611351375 -0.01875 0.064467
v 0.0611351375 0.01875 0.064467
v 0.0583302375 -0.01875 0.064429
v 0.0583302375 0.01875 0.064429
v -0.050816549999999995 -0.01875 0.05946785
v -0.050816549999999995 0.01875 0.05946785
v -0.06130115 -0.01875 0.059325750000000003
v -0.06130115 0.01875 0.059325750000000003
v 0.06504345 -0.01875 0.05946785
v 0.06504345 0.01875 0.05946785
v 0.054558850000000006 -0.01875 0.059325750000000003
v 0.054558850000000006 0.01875 0.059325750000000003
v -0.0515302625 -0.01875 0.056754975
v -0.0515302625 0.01875 0.056754975
v -0.06051406250000001 -0.01875 0.056633224999999995
v -0.06051406250000001 0.01875 0.056633224999999995
v -0.050923775 -0.01875 0.0583392375
v -0.050923775 0.01875 0.0583392375
v -0.061163274999999996 -0.01875 0.0582004625
v -0.061163274999999996 0.01875 0.0582004625
v 0.064936125 -0.01875 0.0583392375
v 0.064936125 0.01875 0.0583392375
v 0.054696725 -0.01875 0.0582004625
v 0.054696725 0.01875 0.0582004625
v -0.05405245 -0.01875 0.0545531
v -0.05405245 0.01875 0.0545531
v -0.05418445 -0.01875 0.0642931
v -0.05418445 0.01875 0.0642931
v 0.064329675 -0.01875 0.056754975
v 0.064329675 0.01875 0.056754975
v 0.055345874999999996 -0.01875 0.056633224999999995
v 0.055345874999999996 0.01875 0.056633224999999995
v 0.04579325 -0.01875 0.0834982375
v 0.044565650000000005 -0.01875 0.0836568625
v 0.04579325 0.01875 0.0834982375
v 0.044565650000000005 0.01875 0.0836568625
v 0.04579325 -0.00625 0.0834982375
v 0.04538405 -0.00625 0.08355111250000001
v 0.044974850000000004 -0.00625 0.0836039875
v 0.044565650000000005 -0.00625 0.0836568625
v 0.04579325 0.00625 0.0834982375
v 0.04538405 0.00625 0.08355111250000001
v 0.044974850000000004 0.00625 0.0836039875
v 0.044565650000000005 0.00625 0.0836568625
v -0.0851963625 0.01875 0.07164232499999999
v -0.08537883750000001 0.01875 0.072837075
v -0.0851963625 -0.01875 0.07164232499999999
v -0.08537883750000001 -0.01875 0.072837075
v -0.0851963625 0.00625 0.07164232499999999
v -0.0852571875 0.00625 0.07204057500000001
v -0.0853180125 0.00625 0.072438825
v -0.08537883750000001 0.00625 0.072837075
v -0.0851963625 -0.00625 0.07164232499999999
v -0.0852571875 -0.00625 0.07204057500000001
v -0.0853180125 -0.00625 0.072438825
v -0.08537883750000001 -0.00625 0.072837075
v -0.016939 -0.01875 0.103927625
v -0.017906500000000002 -0.01875 0.103229375
v -0.016939 0.01875 0.103927625
v -0.017906500000000002 0.01875 0.103229375
v -0.016939 0.00625 0.103927625
v -0.017261500000000003 0.00625 0.103694875
v -0.017584 0.00625 0.103462125
v -0.017906500000000002 0.00625 0.103229375
v -0.016939 -0.00625 0.103927625
v -0.017261500000000003 -0.00625 0.103694875
v -0.017584 -0.00625 0.103462125
v -0.017906500000000002 -0.00625 0.103229375
v -0.0201046 -0.01875 0.10111637500000001
v -0.019306300000000002 -0.01875 0.10198262500000001
v -0.0201046 0.01875 0.10111637500000001
v -0.019306300000000002 0.01875 0.10198262500000001
v -0.0201046 -0.00625 0.10111637500000001
v -0.0198385 -0.00625 0.101405125
v -0.0195724 -0.00625 0.10169387499999999
v -0.019306300000000002 -0.00625 0.10198262500000001
v -0.0201046 0.00625 0.10111637500000001
v -0.0198385 0.00625 0.101405125
v -0.0195724 0.00625 0.10169387499999999
v -0.019306300000000002 0.00625 0.10198262500000001
v -0.015586437500000001 0.01875 0.10472825000000001
v -0.0166075625 0.01875 0.10414175
v -0.015586437500000001 -0.01875 0.10472825000000001
v -0.0166075625 -0.01875 0.10414175
v -0.015586437500000001 0.00625 0.10472825000000001
v -0.0159268125 0.00625 0.10453275
v -0.0162671875 0.00625 0.10433725
v -0.0166075625 0.00625 0.10414175
v -0.015586437500000001 -0.00625 0.10472825000000001
v -0.0159268125 -0.00625 0.10453275
v -0.0162671875 -0.00625 0.10433725
v -0.0166075625 -0.00625 0.10414175
v 0.08537526250000001 0.01875 0.051360712499999996
v 0.0854677375 0.01875 0.0501943875
v 0.08537526250000001 -0.01875 0.051360712499999996
v 0.0854677375 -0.01875 0.0501943875
v 0.08537526250000001 0.00625 0.051360712499999996
v 0.0854060875 0.00625 0.0509719375
v 0.0854369125 0.00625 0.0505831625
v 0.0854677375 0.00625 0.0501943875
v 0.08537526250000001 -0.00625 0.051360712499999996
v 0.0854060875 -0.00625 0.0509719375
v 0.0854369125 -0.00625 0.0505831625
v 0.0854677375 -0.00625 0.0501943875
v 0.026458287500000004 0.01875 0.11025337499999999
v 0.0275277125 0.01875 0.109781625
v 0.026458287500000004 -0.01875 0.11025337499999999
v 0.0275277125 -0.01875 0.109781625
v 0.026458287500000004 0.00625 0.11025337499999999
v 0.0268147625 0.00625 0.11009612499999999
v 0.0271712375 0.00625 0.10993887499999999
v 0.0275277125 0.00625 0.109781625
v 0.026458287500000004 -0.00625 0.11025337499999999
v 0.0268147625 -0.00625 0.11009612499999999
v 0.0271712375 -0.00625 0.10993887499999999
v 0.0275277125 -0.00625 0.109781625
v -0.0797247125 -0.01875 0.08325238750000001
v -0.0797247125 0.01875 0.08325238750000001
v -0.0182059375 0.01875 0.10298975
v -0.0190350625 0.01875 0.10225025
v -0.0182059375 -0.01875 0.10298975
v -0.0190350625 -0.01875 0.10225025
v -0.0182059375 0.00625 0.10298975
v -0.0184823125 0.00625 0.10274325
v -0.0187586875 0.00625 0.10249675
v -0.0190350625 0.00625 0.10225025
v -0.0182059375 -0.00625 0.10298975
v -0.0184823125 -0.00625 0.10274325
v -0.0187586875 -0.00625 0.10249675
v -0.0190350625 -0.00625 0.10225025
v -0.0854184875 0.01875 0.07320277500000001
v -0.08547391250000001 0.01875 0.07420222500000001
v -0.0854184875 -0.01875 0.07320277500000001
v -0.08547391250000001 -0.01875 0.07420222500000001
v -0.0854184875 0.00625 0.07320277500000001
v -0.0854369625 0.00625 0.073535925
v -0.08545543750000001 0.00625 0.073869075
v -0.08547391250000001 0.00625 0.07420222500000001
v -0.0854184875 -0.00625 0.07320277500000001
v -0.0854369625 -0.00625 0.073535925
v -0.08545543750000001 -0.00625 0.073869075
v -0.08547391250000001 -0.00625 0.07420222500000001
v 0.029441525 -0.00625 0.10133225
v 0.029441525 0.00625 0.10133225
v 0.029584275 0.00625 0.10104075
v 0.029298775 0.00625 0.10162375000000001
v 0.029156025 0.00625 0.10191525000000001
v 0.029584275 -0.00625 0.10104075
v 0.029298775 -0.00625 0.10162375000000001
v 0.029156025 -0.00625 0.10191525000000001
v 0.029584275 0.01875 0.10104075
v 0.029156025 0.01875 0.10191525000000001
v 0.029584275 -0.01875 0.10104075
v 0.029156025 -0.01875 0.10191525000000001
v 0.032558975000000004 -0.01875 0.105092
v 0.032047925 -0.01875 0.105902
v 0.032558975000000004 0.01875 0.105092
v 0.032047925 0.01875 0.105902
v 0.032558975000000004 -0.00625 0.105092
v 0.032388625000000004 -0.00625 0.105362
v 0.032218275 -0.00625 0.105632
v 0.032047925 -0.00625 0.105902
v 0.032558975000000004 0.00625 0.105092
v 0.032388625000000004 0.00625 0.105362
v 0.032218275 0.00625 0.105632
v 0.032047925 0.00625 0.105902
v -0.039892575 0.01875 0.0864595125
v -0.038947725 0.01875 0.0864421875
v -0.039892575 -0.01875 0.0864595125
v -0.038947725 -0.01875 0.0864421875
v -0.039892575 0.00625 0.0864595125
v -0.039577625 0.00625 0.08645373749999999
v -0.039262675 0.00625 0.0864479625
v -0.038947725 0.00625 0.0864421875
v -0.039892575 -0.00625 0.0864595125
v -0.039577625 -0.00625 0.08645373749999999
v -0.039262675 -0.00625 0.0864479625
v -0.038947725 -0.00625 0.0864421875
v -0.08095785 -0.01875 0.082575025
v -0.08014425 -0.01875 0.08303717499999999
v -0.08095785 0.01875 0.082575025
v -0.08014425 0.01875 0.08303717499999999
v -0.08095785 -0.00625 0.082575025
v -0.08068665 -0.00625 0.08272907500000001
v -0.08041545 -0.00625 0.082883125
v -0.08014425 -0.00625 0.08303717499999999
v -0.08095785 0.00625 0.082575025
v -0.08068665 0.00625 0.08272907500000001
v -0.08041545 0.00625 0.082883125
v -0.08014425 0.00625 0.08303717499999999
v 0.038197537499999996 0.01875 0.088635275
v 0.0386078625 0.01875 0.087794525
v 0.038197537499999996 -0.01875 0.088635275
v 0.0386078625 -0.01875 0.087794525
v 0.038197537499999996 0.00625 0.088635275
v 0.0383343125 0.00625 0.088355025
v 0.0384710875 0.00625 0.088074775
v 0.0386078625 0.00625 0.087794525
v 0.038197537499999996 -0.00625 0.088635275
v 0.0383343125 -0.00625 0.088355025
v 0.0384710875 -0.00625 0.088074775
v 0.0386078625 -0.00625 0.087794525
v 0.027841175 0.01875 0.109626125
v 0.028652525 0.01875 0.10916487500000001
v 0.027841175 -0.01875 0.109626125
v 0.028652525 -0.01875 0.10916487500000001
v 0.027841175 0.00625 0.109626125
v 0.028111625 0.00625 0.109472375
v 0.028382075000000003 0.00625 0.109318625
v 0.028652525 0.00625 0.10916487500000001
v 0.027841175 -0.00625 0.109626125
v 0.028111625 -0.00625 0.109472375
v 0.028382075000000003 -0.00625 0.109318625
v 0.028652525 -0.00625 0.10916487500000001
v 0.029004287500000003 0.01875 0.1021915
v 0.0285221125 0.01875 0.1029745
v 0.029004287500000003 -0.01875 0.1021915
v 0.0285221125 -0.01875 0.1029745
v 0.029004287500000003 0.00625 0.1021915
v 0.028843562500000003 0.00625 0.1024525
v 0.0286828375 0.00625 0.1027135
v 0.0285221125 0.00625 0.1029745
v 0.029004287500000003 -0.00625 0.1021915
v 0.028843562500000003 -0.00625 0.1024525
v 0.0286828375 -0.00625 0.1027135
v 0.0285221125 -0.00625 0.1029745
v 0.0246533875 0.01875 0.10636037500000001
v 0.0246533875 -0.01875 0.10636037500000001
v 0.0246533875 -0.00625 0.10636037500000001
v 0.0246533875 0.00625 0.10636037500000001
v 0.0243832625 0.00625 0.106481125
v 0.024113137500000003 0.00625 0.106601875
v 0.0238430125 0.00625 0.106722625
v 0.0243832625 -0.00625 0.106481125
v 0.024113137500000003 -0.00625 0.106601875
v 0.0238430125 -0.00625 0.106722625
v 0.0238430125 0.01875 0.106722625
v 0.0238430125 -0.01875 0.106722625
v 0.0362251 0.01875 0.09467067500000001
v 0.0364582 0.01875 0.093816125
v 0.0362251 -0.01875 0.09467067500000001
v 0.0364582 -0.01875 0.093816125
v 0.0362251 0.00625 0.09467067500000001
v 0.0363028 0.00625 0.094385825
v 0.036380499999999996 0.00625 0.09410097499999999
v 0.0364582 0.00625 0.093816125
v 0.0362251 -0.00625 0.09467067500000001
v 0.0363028 -0.00625 0.094385825
v 0.036380499999999996 -0.00625 0.09410097499999999
v 0.0364582 -0.00625 0.093816125
v 0.044221125 -0.01875 0.0837159875
v 0.043381575000000006 -0.01875 0.0839121125
v 0.044221125 0.01875 0.0837159875
v 0.043381575000000006 0.01875 0.0839121125
v 0.044221125 -0.00625 0.0837159875
v 0.043941274999999995 -0.00625 0.08378136250000001
v 0.043661425 -0.00625 0.08384673749999999
v 0.043381575000000006 -0.00625 0.0839121125
v 0.044221125 0.00625 0.0837159875
v 0.043941274999999995 0.00625 0.08378136250000001
v 0.043661425 0.00625 0.08384673749999999
v 0.043381575000000006 0.00625 0.0839121125
v -0.085477225 0.01875 0.07451142499999999
v -0.08544167500000001 0.01875 0.075367175
v -0.085477225 -0.01875 0.07451142499999999
v -0.08544167500000001 -0.01875 0.075367175
v -0.085477225 0.00625 0.07451142499999999
v -0.085465375 0.00625 0.07479667499999999
v -0.085453525 0.00625 0.075081925
v -0.08544167500000001 0.00625 0.075367175
v -0.085477225 -0.00625 0.07451142499999999
v -0.085465375 -0.00625 0.07479667499999999
v -0.085453525 -0.00625 0.075081925
v -0.08544167500000001 -0.00625 0.075367175
v 0.0289030125 0.01875 0.109006625
v 0.029594587500000002 0.01875 0.108518375
v 0.0289030125 -0.01875 0.109006625
v 0.029594587500000002 -0.01875 0.108518375
v 0.0289030125 0.00625 0.109006625
v 0.0291335375 0.00625 0.108843875
v 0.029364062500000003 0.00625 0.108681125
v 0.029594587500000002 0.00625 0.108518375
v 0.0289030125 -0.00625 0.109006625
v 0.0291335375 -0.00625 0.108843875
v 0.029364062500000003 -0.00625 0.108681125
v 0.029594587500000002 -0.00625 0.108518375
v 0.0235747375 0.01875 0.10682912500000001
v 0.0227754625 0.01875 0.10710587500000002
v 0.0235747375 -0.01875 0.10682912500000001
v 0.0227754625 -0.01875 0.10710587500000002
v 0.0235747375 0.00625 0.10682912500000001
v 0.0233083125 0.00625 0.106921375
v 0.023041887499999997 0.00625 0.107013625
v 0.0227754625 0.00625 0.10710587500000002
v 0.0235747375 -0.00625 0.10682912500000001
v 0.0233083125 -0.00625 0.106921375
v 0.023041887499999997 -0.00625 0.107013625
v 0.0227754625 -0.00625 0.10710587500000002
v 0.03187705 -0.01875 0.106148625
v 0.03136285 -0.01875 0.10681837500000001
v 0.03187705 0.01875 0.106148625
v 0.03136285 0.01875 0.10681837500000001
v 0.03187705 -0.00625 0.106148625
v 0.03170565 -0.00625 0.106371875
v 0.03153425 -0.00625 0.106595125
v 0.03136285 -0.00625 0.10681837500000001
v 0.03187705 0.00625 0.106148625
v 0.03170565 0.00625 0.106371875
v 0.03153425 0.00625 0.106595125
v 0.03136285 0.00625 0.10681837500000001
v 0.0311807 -0.01875 0.107032375
v 0.030602 -0.01875 0.107646625
v 0.0311807 0.01875 0.107032375
v 0.030602 0.01875 0.107646625
v 0.0311807 -0.00625 0.107032375
v 0.030987800000000003 -0.00625 0.107237125
v 0.0307949 -0.00625 0.107441875
v 0.030602 -0.00625 0.107646625
v 0.0311807 0.00625 0.107032375
v 0.030987800000000003 0.00625 0.107237125
v 0.0307949 0.00625 0.107441875
v 0.030602 0.00625 0.107646625
v -0.0812053625 -0.01875 0.0824192875
v -0.0818768375 -0.01875 0.0819470125
v -0.0812053625 0.01875 0.0824192875
v -0.0818768375 0.01875 0.0819470125
v -0.0812053625 -0.00625 0.0824192875
v -0.0814291875 -0.00625 0.08226186249999999
v -0.08165301250000001 -0.00625 0.0821044375
v -0.0818768375 -0.00625 0.0819470125
v -0.0812053625 0.00625 0.0824192875
v -0.0814291875 0.00625 0.08226186249999999
v -0.08165301250000001 0.00625 0.0821044375
v -0.0818768375 0.00625 0.0819470125
v 0.029809312499999997 0.01875 0.108351
v 0.0304060875 0.01875 0.107835
v 0.029809312499999997 -0.01875 0.108351
v 0.0304060875 -0.01875 0.107835
v 0.029809312499999997 0.00625 0.108351
v 0.0300082375 0.00625 0.108179
v 0.0302071625 0.00625 0.108007
v 0.0304060875 0.00625 0.107835
v 0.029809312499999997 -0.00625 0.108351
v 0.0300082375 -0.00625 0.108179
v 0.0302071625 -0.00625 0.108007
v 0.0304060875 -0.00625 0.107835
v 0.024899900000000003 -0.01875 0.106236625
v 0.0255686 -0.01875 0.105856375
v 0.024899900000000003 0.01875 0.106236625
v 0.0255686 0.01875 0.105856375
v 0.024899900000000003 -0.00625 0.106236625
v 0.0251228 -0.00625 0.106109875
v 0.0253457 -0.00625 0.10598312500000001
v 0.0255686 -0.00625 0.105856375
v 0.024899900000000003 0.00625 0.106236625
v 0.0251228 0.00625 0.106109875
v 0.0253457 0.00625 0.10598312500000001
v 0.0255686 0.00625 0.105856375
v 0.0283647375 0.01875 0.103206
v 0.0279026625 0.01875 0.103812
v 0.0283647375 -0.01875 0.103206
v 0.0279026625 -0.01875 0.103812
v 0.0283647375 0.00625 0.103206
v 0.028210712500000002 0.00625 0.103408
v 0.028056687500000003 0.00625 0.10361000000000001
v 0.0279026625 0.00625 0.103812
v 0.0283647375 -0.00625 0.103206
v 0.028210712500000002 -0.00625 0.103408
v 0.028056687500000003 -0.00625 0.10361000000000001
v 0.0279026625 -0.00625 0.103812
v -0.0854183125 0.01875 0.0756346375
v -0.0853136875 0.01875 0.0763836625
v -0.0854183125 -0.01875 0.0756346375
v -0.0853136875 -0.01875 0.0763836625
v -0.0854183125 0.00625 0.0756346375
v -0.08538343749999999 0.00625 0.07588431250000001
v -0.0853485625 0.00625 0.0761339875
v -0.0853136875 0.00625 0.0763836625
v -0.0854183125 -0.00625 0.0756346375
v -0.08538343749999999 -0.00625 0.07588431250000001
v -0.0853485625 -0.00625 0.0761339875
v -0.0853136875 -0.00625 0.0763836625
v -0.0820825625 -0.01875 0.0817874625
v -0.0826454375 -0.01875 0.0813024375
v -0.0820825625 0.01875 0.0817874625
v -0.0826454375 0.01875 0.0813024375
v -0.0820825625 -0.00625 0.0817874625
v -0.0822701875 -0.00625 0.0816257875
v -0.0824578125 -0.00625 0.0814641125
v -0.0826454375 -0.00625 0.0813024375
v -0.0820825625 0.00625 0.0817874625
v -0.0822701875 0.00625 0.0816257875
v -0.0824578125 0.00625 0.0814641125
v -0.0826454375 0.00625 0.0813024375
v 0.027086575 -0.01875 0.104690875
v 0.026531725000000003 -0.01875 0.10517612500000001
v 0.027086575 0.01875 0.104690875
v 0.026531725000000003 0.01875 0.10517612500000001
v 0.027086575 0.00625 0.104690875
v 0.026901625000000002 0.00625 0.10485262499999999
v 0.026716675 0.00625 0.105014375
v 0.026531725000000003 0.00625 0.10517612500000001
v 0.027086575 -0.00625 0.104690875
v 0.026901625000000002 -0.00625 0.10485262499999999
v 0.026716675 -0.00625 0.105014375
v 0.026531725000000003 -0.00625 0.10517612500000001
v -0.0386683125 0.01875 0.0864251125
v -0.0379366875 0.01875 0.0863399875
v -0.0386683125 -0.01875 0.0864251125
v -0.0379366875 -0.01875 0.0863399875
v -0.0386683125 0.00625 0.0864251125
v -0.038424437500000005 0.00625 0.0863967375
v -0.0381805625 0.00625 0.0863683625
v -0.0379366875 0.00625 0.0863399875
v -0.0386683125 -0.00625 0.0864251125
v -0.038424437500000005 -0.00625 0.0863967375
v -0.0381805625 -0.00625 0.0863683625
v -0.0379366875 -0.00625 0.0863399875
v 0.027744825 0.01875 0.10400012500000001
v 0.027259875 0.01875 0.10452287500000002
v 0.027744825 -0.01875 0.10400012500000001
v 0.027259875 -0.01875 0.10452287500000002
v 0.027744825 0.00625 0.10400012500000001
v 0.027583175 0.00625 0.104174375
v 0.027421525000000002 0.00625 0.104348625
v 0.027259875 0.00625 0.10452287500000002
v 0.027744825 -0.00625 0.10400012500000001
v 0.027583175 -0.00625 0.104174375
v 0.027421525000000002 -0.00625 0.104348625
v 0.027259875 -0.00625 0.10452287500000002
v 0.038736775 0.01875 0.0875546875
v 0.039099925 0.01875 0.0869564125
v 0.038736775 -0.01875 0.0875546875
v 0.039099925 -0.01875 0.0869564125
v 0.038736775 0.00625 0.0875546875
v 0.038857825 0.00625 0.0873552625
v 0.038978875 0.00625 0.0871558375
v 0.039099925 0.00625 0.0869564125
v 0.038736775 -0.00625 0.0875546875
v 0.038857825 -0.00625 0.0873552625
v 0.038978875 -0.00625 0.0871558375
v 0.039099925 -0.00625 0.0869564125
v 0.02634435 0.01875 0.10532400000000001
v 0.025774949999999998 0.01875 0.105726
v 0.02634435 -0.01875 0.10532400000000001
v 0.025774949999999998 -0.01875 0.105726
v 0.02634435 0.00625 0.10532400000000001
v 0.02615455 0.00625 0.105458
v 0.025964749999999998 0.00625 0.105592
v 0.025774949999999998 0.00625 0.105726
v 0.02634435 -0.00625 0.10532400000000001
v 0.02615455 -0.00625 0.105458
v 0.025964749999999998 -0.00625 0.105592
v 0.025774949999999998 -0.00625 0.105726
v -0.0828188375 -0.01875 0.0811377125
v -0.0832963625 -0.01875 0.0806343875
v -0.0828188375 0.01875 0.0811377125
v -0.0832963625 0.01875 0.0806343875
v -0.0828188375 -0.00625 0.0811377125
v -0.08297801249999999 -0.00625 0.08096993749999999
v -0.0831371875 -0.00625 0.0808021625
v -0.0832963625 -0.00625 0.0806343875
v -0.0828188375 0.00625 0.0811377125
v -0.08297801249999999 0.00625 0.08096993749999999
v -0.0831371875 0.00625 0.0808021625
v -0.0832963625 0.00625 0.0806343875
v -0.08526935000000001 0.01875 0.076620025
v -0.08510795 0.01875 0.077289175
v -0.08526935000000001 -0.01875 0.076620025
v -0.08510795 -0.01875 0.077289175
v -0.08526935000000001 0.00625 0.076620025
v -0.08521555 0.00625 0.076843075
v -0.08516175000000001 0.00625 0.077066125
v -0.08510795 0.00625 0.077289175
v -0.08526935000000001 -0.00625 0.076620025
v -0.08521555 -0.00625 0.076843075
v -0.08516175000000001 -0.00625 0.077066125
v -0.08510795 -0.00625 0.077289175
v -0.0850431125 0.01875 0.0775086875
v -0.0848154875 0.01875 0.0781566125
v -0.0850431125 -0.01875 0.0775086875
v -0.0848154875 -0.01875 0.0781566125
v -0.0850431125 0.00625 0.0775086875
v -0.0849672375 0.00625 0.0777246625
v -0.0848913625 0.00625 0.0779406375
v -0.0848154875 0.00625 0.0781566125
v -0.0850431125 -0.00625 0.0775086875
v -0.0849672375 -0.00625 0.0777246625
v -0.0848913625 -0.00625 0.0779406375
v -0.0848154875 -0.00625 0.0781566125
v -0.0847284875 0.01875 0.07836765
v -0.0844341125 0.01875 0.07898595
v -0.0847284875 -0.01875 0.07836765
v -0.0844341125 -0.01875 0.07898595
v -0.0847284875 0.00625 0.07836765
v -0.0846303625 0.00625 0.07857375
v -0.0845322375 0.00625 0.07877985
v -0.0844341125 0.00625 0.07898595
v -0.0847284875 -0.00625 0.07836765
v -0.0846303625 -0.00625 0.07857375
v -0.0845322375 -0.00625 0.07877985
v -0.0844341125 -0.00625 0.07898595
v -0.08344395 -0.01875 0.0804622625
v -0.08385195 -0.01875 0.0799328375
v -0.08344395 0.01875 0.0804622625
v -0.08385195 0.01875 0.0799328375
v -0.08344395 -0.00625 0.0804622625
v -0.08357995000000001 -0.00625 0.0802857875
v -0.08371595 -0.00625 0.0801093125
v -0.08385195 -0.00625 0.0799328375
v -0.08344395 0.00625 0.0804622625
v -0.08357995000000001 0.00625 0.0802857875
v -0.08371595 0.00625 0.0801093125
v -0.08385195 0.00625 0.0799328375
v -0.0843269125 0.01875 0.07918345
v -0.08397808749999999 0.01875 0.07975015
v -0.0843269125 -0.01875 0.07918345
v -0.08397808749999999 -0.01875 0.07975015
v -0.0843269125 0.00625 0.07918345
v -0.0842106375 0.00625 0.07937235000000001
v -0.0840943625 0.00625 0.07956125
v -0.08397808749999999 0.00625 0.07975015
v -0.0843269125 -0.00625 0.07918345
v -0.0842106375 -0.00625 0.07937235000000001
v -0.0840943625 -0.00625 0.07956125
v -0.08397808749999999 -0.00625 0.07975015
v 0.032027475 -0.01875 0.08605816250000001
v 0.032027475 0.01875 0.08605816250000001
v 0.04314566250000001 -0.01875 0.0839773125
v 0.0425697375 -0.01875 0.08417238749999999
v 0.04314566250000001 0.01875 0.0839773125
v 0.0425697375 0.01875 0.08417238749999999
v 0.04314566250000001 -0.00625 0.0839773125
v 0.0429536875 -0.00625 0.0840423375
v 0.0427617125 -0.00625 0.08410736249999999
v 0.0425697375 -0.00625 0.08417238749999999
v 0.04314566250000001 0.00625 0.0839773125
v 0.0429536875 0.00625 0.0840423375
v 0.0427617125 0.00625 0.08410736249999999
v 0.0425697375 0.00625 0.08417238749999999
v 0.039220937500000004 0.01875 0.08677641250000001
v 0.039583862500000004 0.01875 0.0862946875
v 0.039220937500000004 -0.01875 0.08677641250000001
v 0.039583862500000004 -0.01875 0.0862946875
v 0.039220937500000004 0.00625 0.08677641250000001
v 0.0393419125 0.00625 0.0866158375
v 0.0394628875 0.00625 0.0864552625
v 0.039583862500000004 0.00625 0.0862946875
v 0.039220937500000004 -0.00625 0.08677641250000001
v 0.0393419125 -0.00625 0.0866158375
v 0.0394628875 -0.00625 0.0864552625
v 0.039583862500000004 -0.00625 0.0862946875
v -0.0376616875 -0.01875 0.086298175
v -0.0376616875 0.01875 0.086298175
v 0.042389975 -0.01875 0.084242325
v 0.041887325 -0.01875 0.084466875
v 0.042389975 0.01875 0.084242325
v 0.041887325 0.01875 0.084466875
v 0.042389975 -0.00625 0.084242325
v 0.042222425 -0.00625 0.084317175
v 0.042054875000000005 -0.00625 0.08439202500000001
v 0.041887325 -0.00625 0.084466875
v 0.042389975 0.00625 0.084242325
v 0.042222425 0.00625 0.084317175
v 0.042054875000000005 0.00625 0.08439202500000001
v 0.041887325 0.00625 0.084466875
v 0.0401779875 -0.01875 0.0856521375
v 0.0405748125 -0.01875 0.0853031625
v 0.0401779875 0.01875 0.0856521375
v 0.0405748125 0.01875 0.0853031625
v 0.0401779875 0.00625 0.0856521375
v 0.0403102625 0.00625 0.0855358125
v 0.0404425375 0.00625 0.0854194875
v 0.0405748125 0.00625 0.0853031625
v 0.0401779875 -0.00625 0.0856521375
v 0.0403102625 -0.00625 0.0855358125
v 0.0404425375 -0.00625 0.0854194875
v 0.0405748125 -0.00625 0.0853031625
v 0.041728062499999996 -0.01875 0.0845472625
v 0.0412751375 -0.01875 0.0848050375
v 0.041728062499999996 0.01875 0.0845472625
v 0.0412751375 0.01875 0.0848050375
v 0.041728062499999996 -0.00625 0.0845472625
v 0.041577087500000005 -0.00625 0.0846331875
v 0.0414261125 -0.00625 0.0847191125
v 0.0412751375 -0.00625 0.0848050375
v 0.041728062499999996 0.00625 0.0845472625
v 0.041577087500000005 0.00625 0.0846331875
v 0.0414261125 0.00625 0.0847191125
v 0.0412751375 0.00625 0.0848050375
v 0.039702787499999996 0.01875 0.0861513875
v 0.040053412499999996 0.01875 0.0857733125
v 0.039702787499999996 -0.01875 0.0861513875
v 0.040053412499999996 -0.01875 0.0857733125
v 0.039702787499999996 0.00625 0.0861513875
v 0.039819662500000005 0.00625 0.08602536250000001
v 0.0399365375 0.00625 0.0858993375
v 0.040053412499999996 0.00625 0.0857733125
v 0.039702787499999996 -0.00625 0.0861513875
v 0.039819662500000005 -0.00625 0.08602536250000001
v 0.0399365375 -0.00625 0.0858993375
v 0.040053412499999996 -0.00625 0.0857733125
v 0.0407107875 0.01875 0.085195375
v 0.0411298125 0.01875 0.08489762499999999
v 0.0407107875 -0.01875 0.085195375
v 0.0411298125 -0.01875 0.08489762499999999
v 0.0407107875 0.00625 0.085195375
v 0.040850462500000004 0.00625 0.085096125
v 0.0409901375 0.00625 0.084996875
v 0.0411298125 0.00625 0.08489762499999999
v 0.0407107875 -0.00625 0.085195375
v 0.040850462500000004 -0.00625 0.085096125
v 0.0409901375 -0.00625 0.084996875
v 0.0411298125 -0.00625 0.08489762499999999
v 0.06384546249999999 0.01875 0.062739025
v 0.0641035375 0.01875 0.062399575
v 0.06384546249999999 -0.01875 0.062739025
v 0.0641035375 -0.01875 0.062399575
v 0.06384546249999999 -0.01875 0.056054575
v 0.0641035375 -0.01875 0.056394025
v 0.06384546249999999 0.01875 0.056054575
v 0.0641035375 0.01875 0.056394025
v 0.06384546249999999 0.00625 0.062739025
v 0.0639314875 0.00625 0.06262587500000001
v 0.0640175125 0.00625 0.062512725
v 0.0641035375 0.00625 0.062399575
v 0.06384546249999999 -0.00625 0.062739025
v 0.0639314875 -0.00625 0.06262587500000001
v 0.0640175125 -0.00625 0.062512725
v 0.0641035375 -0.00625 0.062399575
v 0.06384546249999999 -0.00625 0.056054575
v 0.0639314875 -0.00625 0.056167725
v 0.0640175125 -0.00625 0.05628087500000001
v 0.0641035375 -0.00625 0.056394025
v 0.06384546249999999 0.00625 0.056054575
v 0.0639314875 0.00625 0.056167725
v 0.0640175125 0.00625 0.05628087500000001
v 0.0641035375 0.00625 0.056394025
v 0.0549538875 -0.01875 0.0573891
v 0.0551329125 -0.01875 0.0570021
v 0.0549538875 0.01875 0.0573891
v 0.0551329125 0.01875 0.0570021
v 0.0646484125 0.01875 0.0573891
v 0.0644693875 0.01875 0.0570021
v 0.0646484125 -0.01875 0.0573891
v 0.0644693875 -0.01875 0.0570021
v -0.060906112500000005 -0.01875 0.0573891
v -0.060727087500000006 -0.01875 0.0570021
v -0.060906112500000005 0.01875 0.0573891
v -0.060727087500000006 0.01875 0.0570021
v 0.0549538875 -0.00625 0.0573891
v 0.0550135625 -0.00625 0.057260099999999994
v 0.055073237500000004 -0.00625 0.057131100000000004
v 0.0551329125 -0.00625 0.0570021
v 0.0549538875 0.00625 0.0573891
v 0.0550135625 0.00625 0.057260099999999994
v 0.055073237500000004 0.00625 0.057131100000000004
v 0.0551329125 0.00625 0.0570021
v 0.0646484125 0.00625 0.0573891
v 0.0645887375 0.00625 0.057260099999999994
v 0.0645290625 0.00625 0.057131100000000004
v 0.0644693875 0.00625 0.0570021
v 0.0646484125 -0.00625 0.0573891
v 0.0645887375 -0.00625 0.057260099999999994
v 0.0645290625 -0.00625 0.057131100000000004
v 0.0644693875 -0.00625 0.0570021
v -0.060906112500000005 -0.00625 0.0573891
v -0.060846437499999996 -0.00625 0.057260099999999994
v -0.0607867625 -0.00625 0.057131100000000004
v -0.060727087500000006 -0.00625 0.0570021
v -0.060906112500000005 0.00625 0.0573891
v -0.060846437499999996 0.00625 0.057260099999999994
v -0.0607867625 0.00625 0.057131100000000004
v -0.060727087500000006 0.00625 0.0570021
v 0.054566537500000005 -0.01875 0.059041949999999996
v 0.054612662500000006 -0.01875 0.058618050000000005
v 0.054566537500000005 0.01875 0.059041949999999996
v 0.054612662500000006 0.01875 0.058618050000000005
v 0.0650357625 0.01875 0.059041949999999996
v 0.0649896375 0.01875 0.058618050000000005
v 0.0650357625 -0.01875 0.059041949999999996
v 0.0649896375 -0.01875 0.058618050000000005
v -0.06129346250000001 -0.01875 0.059041949999999996
v -0.0612473375 -0.01875 0.058618050000000005
v -0.06129346250000001 0.01875 0.059041949999999996
v -0.0612473375 0.01875 0.058618050000000005
v 0.054566537500000005 0.00625 0.059041949999999996
v 0.054581912499999996 0.00625 0.05890065
v 0.0545972875 0.00625 0.05875935
v 0.054612662500000006 0.00625 0.058618050000000005
v 0.054566537500000005 -0.00625 0.059041949999999996
v 0.054581912499999996 -0.00625 0.05890065
v 0.0545972875 -0.00625 0.05875935
v 0.054612662500000006 -0.00625 0.058618050000000005
v 0.0650357625 0.00625 0.059041949999999996
v 0.0650203875 0.00625 0.05890065
v 0.0650050125 0.00625 0.05875935
v 0.0649896375 0.00625 0.058618050000000005
v 0.0650357625 -0.00625 0.059041949999999996
v 0.0650203875 -0.00625 0.05890065
v 0.0650050125 -0.00625 0.05875935
v 0.0649896375 -0.00625 0.058618050000000005
v -0.06129346250000001 0.00625 0.059041949999999996
v -0.0612780875 0.00625 0.05890065
v -0.061262712500000004 0.00625 0.05875935
v -0.0612473375 0.00625 0.058618050000000005
v -0.06129346250000001 -0.00625 0.059041949999999996
v -0.0612780875 -0.00625 0.05890065
v -0.061262712500000004 -0.00625 0.05875935
v -0.0612473375 -0.00625 0.058618050000000005
v -0.050824225 0.01875 0.059041949999999996
v -0.050870275 0.01875 0.058618050000000005
v -0.050824225 -0.01875 0.059041949999999996
v -0.050870275 -0.01875 0.058618050000000005
v -0.050824225 0.00625 0.059041949999999996
v -0.050839575000000005 0.00625 0.05890065
v -0.050854925 0.00625 0.05875935
v -0.050870275 0.00625 0.058618050000000005
v -0.050824225 -0.00625 0.059041949999999996
v -0.050839575000000005 -0.00625 0.05890065
v -0.050854925 -0.00625 0.05875935
v -0.050870275 -0.00625 0.058618050000000005
v 0.0575339625 0.01875 0.0546652875
v 0.057157237500000006 0.01875 0.0548650125
v 0.0575339625 -0.01875 0.0546652875
v 0.057157237500000006 -0.01875 0.0548650125
v 0.0575339625 -0.01875 0.0641283125
v 0.057157237500000006 -0.01875 0.06392858750000001
v 0.0575339625 0.01875 0.0641283125
v 0.057157237500000006 0.01875 0.06392858750000001
v 0.06206833750000001 0.01875 0.0641283125
v 0.062445062499999995 0.01875 0.06392858750000001
v 0.06206833750000001 -0.01875 0.0641283125
v 0.062445062499999995 -0.01875 0.06392858750000001
v 0.06206833750000001 -0.01875 0.0546652875
v 0.062445062499999995 -0.01875 0.0548650125
v 0.06206833750000001 0.01875 0.0546652875
v 0.062445062499999995 0.01875 0.0548650125
v -0.053414937499999995 -0.01875 0.06392858750000001
v -0.053791662500000004 -0.01875 0.0641283125
v -0.053414937499999995 0.01875 0.06392858750000001
v -0.053791662500000004 0.01875 0.0641283125
v -0.053414937499999995 0.01875 0.0548650125
v -0.053791662500000004 0.01875 0.0546652875
v -0.053414937499999995 -0.01875 0.0548650125
v -0.053791662500000004 -0.01875 0.0546652875
v 0.0575339625 0.00625 0.0546652875
v 0.0574083875 0.00625 0.054731862500000006
v 0.0572828125 0.00625 0.0547984375
v 0.057157237500000006 0.00625 0.0548650125
v 0.0575339625 -0.00625 0.0546652875
v 0.0574083875 -0.00625 0.054731862500000006
v 0.0572828125 -0.00625 0.0547984375
v 0.057157237500000006 -0.00625 0.0548650125
v 0.0575339625 -0.00625 0.0641283125
v 0.0574083875 -0.00625 0.0640617375
v 0.0572828125 -0.00625 0.0639951625
v 0.057157237500000006 -0.00625 0.06392858750000001
v 0.0575339625 0.00625 0.0641283125
v 0.0574083875 0.00625 0.0640617375
v 0.0572828125 0.00625 0.0639951625
v 0.057157237500000006 0.00625 0.06392858750000001
v 0.06206833750000001 0.00625 0.0641283125
v 0.062193912500000004 0.00625 0.0640617375
v 0.0623194875 0.00625 0.0639951625
v 0.062445062499999995 0.00625 0.06392858750000001
v 0.06206833750000001 -0.00625 0.0641283125
v 0.062193912500000004 -0.00625 0.0640617375
v 0.0623194875 -0.00625 0.0639951625
v 0.062445062499999995 -0.00625 0.06392858750000001
v 0.06206833750000001 -0.00625 0.0546652875
v 0.062193912500000004 -0.00625 0.054731862500000006
v 0.0623194875 -0.00625 0.0547984375
v 0.062445062499999995 -0.00625 0.0548650125
v 0.06206833750000001 0.00625 0.0546652875
v 0.062193912500000004 0.00625 0.054731862500000006
v 0.0623194875 0.00625 0.0547984375
v 0.062445062499999995 0.00625 0.0548650125
v -0.053414937499999995 -0.00625 0.06392858750000001
v -0.053540512500000005 -0.00625 0.0639951625
v -0.0536660875 -0.00625 0.0640617375
v -0.053791662500000004 -0.00625 0.0641283125
v -0.053414937499999995 0.00625 0.06392858750000001
v -0.053540512500000005 0.00625 0.0639951625
v -0.0536660875 0.00625 0.0640617375
v -0.053791662500000004 0.00625 0.0641283125
v -0.053414937499999995 0.00625 0.0548650125
v -0.053540512500000005 0.00625 0.0547984375
v -0.0536660875 0.00625 0.054731862500000006
v -0.053791662500000004 0.00625 0.0546652875
v -0.053414937499999995 -0.00625 0.0548650125
v -0.053540512500000005 -0.00625 0.0547984375
v -0.0536660875 -0.00625 0.054731862500000006
v -0.053791662500000004 -0.00625 0.0546652875
v -0.054861775 -0.01875 0.054288512500000004
v -0.054450925000000004 -0.01875 0.0544025875
v -0.054861775 0.01875 0.054288512500000004
v -0.054450925000000004 0.01875 0.0544025875
v -0.054861775 -0.00625 0.054288512500000004
v -0.054724825 -0.00625 0.0543265375
v -0.054587875 -0.00625 0.0543645625
v -0.054450925000000004 -0.00625 0.0544025875
v -0.054861775 0.00625 0.054288512500000004
v -0.054724825 0.00625 0.0543265375
v -0.054587875 0.00625 0.0543645625
v -0.054450925000000004 0.00625 0.0544025875
v 0.055848625 -0.01875 0.055946412499999994
v 0.056141875 -0.01875 0.0556368875
v 0.055848625 0.01875 0.055946412499999994
v 0.056141875 0.01875 0.0556368875
v 0.055848625 0.01875 0.0628471875
v 0.056141875 0.01875 0.0631567125
v 0.055848625 -0.01875 0.0628471875
v 0.056141875 -0.01875 0.0631567125
v -0.052106325 -0.01875 0.0628471875
v -0.052399575000000004 -0.01875 0.0631567125
v -0.052106325 0.01875 0.0628471875
v -0.052399575000000004 0.01875 0.0631567125
v -0.052106325 0.01875 0.055946412499999994
v -0.052399575000000004 0.01875 0.0556368875
v -0.052106325 -0.01875 0.055946412499999994
v -0.052399575000000004 -0.01875 0.0556368875
v 0.055848625 -0.00625 0.055946412499999994
v 0.055946375 -0.00625 0.055843237500000004
v 0.056044125 -0.00625 0.0557400625
v 0.056141875 -0.00625 0.0556368875
v 0.055848625 0.00625 0.055946412499999994
v 0.055946375 0.00625 0.055843237500000004
v 0.056044125 0.00625 0.0557400625
v 0.056141875 0.00625 0.0556368875
v 0.055848625 0.00625 0.0628471875
v 0.055946375 0.00625 0.0629503625
v 0.056044125 0.00625 0.0630535375
v 0.056141875 0.00625 0.0631567125
v 0.055848625 -0.00625 0.0628471875
v 0.055946375 -0.00625 0.0629503625
v 0.056044125 -0.00625 0.0630535375
v 0.056141875 -0.00625 0.0631567125
v -0.052106325 -0.00625 0.0628471875
v -0.052204075 -0.00625 0.0629503625
v -0.052301824999999996 -0.00625 0.0630535375
v -0.052399575000000004 -0.00625 0.0631567125
v -0.052106325 0.00625 0.0628471875
v -0.052204075 0.00625 0.0629503625
v -0.052301824999999996 0.00625 0.0630535375
v -0.052399575000000004 0.00625 0.0631567125
v -0.052106325 0.00625 0.055946412499999994
v -0.052204075 0.00625 0.055843237500000004
v -0.052301824999999996 0.00625 0.0557400625
v -0.052399575000000004 0.00625 0.0556368875
v -0.052106325 -0.00625 0.055946412499999994
v -0.052204075 -0.00625 0.055843237500000004
v -0.052301824999999996 -0.00625 0.0557400625
v -0.052399575000000004 -0.00625 0.0556368875
v -0.054861775 0.01875 0.064505
v -0.054450925000000004 0.01875 0.064391
v -0.054861775 -0.01875 0.064505
v -0.054450925000000004 -0.01875 0.064391
v -0.054861775 0.00625 0.064505
v -0.054724825 0.00625 0.064467
v -0.054587875 0.00625 0.064429
v -0.054450925000000004 0.00625 0.064391
v -0.054861775 -0.00625 0.064505
v -0.054724825 -0.00625 0.064467
v -0.054587875 -0.00625 0.064429
v -0.054450925000000004 -0.00625 0.064391
v -0.051211575 0.01875 0.0573891
v -0.051390525 0.01875 0.0570021
v -0.051211575 -0.01875 0.0573891
v -0.051390525 -0.01875 0.0570021
v -0.051211575 0.00625 0.0573891
v -0.051271225 0.00625 0.057260099999999994
v -0.051330875000000005 0.00625 0.057131100000000004
v -0.051390525 0.00625 0.0570021
v -0.051211575 -0.00625 0.0573891
v -0.051271225 -0.00625 0.057260099999999994
v -0.051330875000000005 -0.00625 0.057131100000000004
v -0.051390525 -0.00625 0.0570021
v -0.055421125 0.01875 0.0646045
v -0.055421125 -0.01875 0.0646045
v 0.058742675 -0.01875 0.0645355
v 0.058742675 0.01875 0.0645355
v 0.060438875 0.01875 0.0646045
v 0.060438875 -0.01875 0.0646045
v -0.057117325000000004 -0.01875 0.0645355
v -0.057117325000000004 0.01875 0.0645355
v 0.060438875 0.00625 0.0646045
v 0.060579125 0.00625 0.0645815
v 0.060719375 0.00625 0.0645585
v 0.060438875 -0.00625 0.0646045
v 0.060579125 -0.00625 0.0645815
v 0.060719375 -0.00625 0.0645585
v -0.055421125 0.00625 0.0646045
v -0.055280875 0.00625 0.0645815
v -0.055140625 0.00625 0.0645585
v -0.055421125 -0.00625 0.0646045
v -0.055280875 -0.00625 0.0645815
v -0.055140625 -0.00625 0.0645585
v 0.058742675 0.00625 0.0645355
v 0.058882925 0.00625 0.0645585
v 0.059023175 0.00625 0.0645815
v 0.058742675 -0.00625 0.0645355
v 0.058882925 -0.00625 0.0645585
v 0.059023175 -0.00625 0.0645815
v -0.057117325000000004 0.00625 0.0645355
v -0.056977075 0.00625 0.0645585
v -0.056836825 0.00625 0.0645815
v -0.057117325000000004 -0.00625 0.0645355
v -0.056977075 -0.00625 0.0645585
v -0.056836825 -0.00625 0.0645815
v -0.056696575 -0.00625 0.0646045
v -0.056696575 0.00625 0.0646045
v 0.059163425 -0.00625 0.0646045
v 0.059163425 0.00625 0.0646045
v -0.055000375000000004 -0.00625 0.0645355
v -0.055000375000000004 0.00625 0.0645355
v 0.060859625 -0.00625 0.0645355
v 0.060859625 0.00625 0.0645355
v -0.055000375000000004 0.01875 0.0645355
v -0.055000375000000004 -0.01875 0.0645355
v 0.059163425 -0.01875 0.0646045
v 0.059163425 0.01875 0.0646045
v 0.060859625 0.01875 0.0645355
v 0.060859625 -0.01875 0.0645355
v -0.056696575 -0.01875 0.0646045
v -0.056696575 0.01875 0.0646045
v 0.05575675000000001 -0.01875 0.056054575
v 0.05549875 -0.01875 0.056394025
v 0.05575675000000001 0.01875 0.056054575
v 0.05549875 0.01875 0.056394025
v 0.05575675000000001 0.01875 0.062739025
v 0.05549875 0.01875 0.062399575
v 0.05575675000000001 -0.01875 0.062739025
v 0.05549875 -0.01875 0.062399575
v -0.05201445 -0.01875 0.062739025
v -0.05175645 -0.01875 0.062399575
v -0.05201445 0.01875 0.062739025
v -0.05175645 0.01875 0.062399575
v -0.05201445 0.01875 0.056054575
v -0.05175645 0.01875 0.056394025
v -0.05201445 -0.01875 0.056054575
v -0.05175645 -0.01875 0.056394025
v -0.060361149999999995 0.01875 0.062399575
v -0.06010315 0.01875 0.062739025
v -0.060361149999999995 -0.01875 0.062399575
v -0.06010315 -0.01875 0.062739025
v -0.06010315 0.01875 0.056054575
v -0.060361149999999995 0.01875 0.056394025
v -0.06010315 -0.01875 0.056054575
v -0.060361149999999995 -0.01875 0.056394025
v 0.05575675000000001 -0.00625 0.056054575
v 0.05567075 -0.00625 0.056167725
v 0.055584749999999995 -0.00625 0.05628087500000001
v 0.05549875 -0.00625 0.056394025
v 0.05575675000000001 0.00625 0.056054575
v 0.05567075 0.00625 0.056167725
v 0.055584749999999995 0.00625 0.05628087500000001
v 0.05549875 0.00625 0.056394025
v 0.05575675000000001 0.00625 0.062739025
v 0.05567075 0.00625 0.06262587500000001
v 0.055584749999999995 0.00625 0.062512725
v 0.05549875 0.00625 0.062399575
v 0.05575675000000001 -0.00625 0.062739025
v 0.05567075 -0.00625 0.06262587500000001
v 0.055584749999999995 -0.00625 0.062512725
v 0.05549875 -0.00625 0.062399575
v -0.05201445 -0.00625 0.062739025
v -0.05192845 -0.00625 0.06262587500000001
v -0.05184245 -0.00625 0.062512725
v -0.05175645 -0.00625 0.062399575
v -0.05201445 0.00625 0.062739025
v -0.05192845 0.00625 0.06262587500000001
v -0.05184245 0.00625 0.062512725
v -0.05175645 0.00625 0.062399575
v -0.05201445 0.00625 0.056054575
v -0.05192845 0.00625 0.056167725
v -0.05184245 0.00625 0.05628087500000001
v -0.05175645 0.00625 0.056394025
v -0.05201445 -0.00625 0.056054575
v -0.05192845 -0.00625 0.056167725
v -0.05184245 -0.00625 0.05628087500000001
v -0.05175645 -0.00625 0.056394025
v -0.060361149999999995 0.00625 0.062399575
v -0.060275150000000007 0.00625 0.062512725
v -0.06018915 0.00625 0.06262587500000001
v -0.06010315 0.00625 0.062739025
v -0.060361149999999995 -0.00625 0.062399575
v -0.060275150000000007 -0.00625 0.062512725
v -0.06018915 -0.00625 0.06262587500000001
v -0.06010315 -0.00625 0.062739025
v -0.06010315 0.00625 0.056054575
v -0.06018915 0.00625 0.056167725
v -0.060275150000000007 0.00625 0.05628087500000001
v -0.060361149999999995 0.00625 0.056394025
v -0.06010315 -0.00625 0.056054575
v -0.06018915 -0.00625 0.056167725
v -0.060275150000000007 -0.00625 0.05628087500000001
v -0.060361149999999995 -0.00625 0.056394025
v -0.050984875 0.01875 0.060731900000000005
v -0.050893225 0.01875 0.0603155
v -0.050984875 -0.01875 0.060731900000000005
v -0.050893225 -0.01875 0.0603155
v 0.054727275000000006 -0.01875 0.060731900000000005
v 0.054635625 -0.01875 0.0603155
v 0.054727275000000006 0.01875 0.060731900000000005
v 0.054635625 0.01875 0.0603155
v 0.064875025 0.01875 0.060731900000000005
v 0.064966675 0.01875 0.0603155
v 0.064875025 -0.01875 0.060731900000000005
v 0.064966675 -0.01875 0.0603155
v -0.061132725 -0.01875 0.060731900000000005
v -0.061224375000000004 -0.01875 0.0603155
v -0.061132725 0.01875 0.060731900000000005
v -0.061224375000000004 0.01875 0.0603155
v -0.050984875 0.00625 0.060731900000000005
v -0.050954325 0.00625 0.060593100000000004
v -0.050923775 0.00625 0.060454299999999996
v -0.050893225 0.00625 0.0603155
v -0.050984875 -0.00625 0.060731900000000005
v -0.050954325 -0.00625 0.060593100000000004
v -0.050923775 -0.00625 0.060454299999999996
v -0.050893225 -0.00625 0.0603155
v 0.054727275000000006 -0.00625 0.060731900000000005
v 0.054696725 -0.00625 0.060593100000000004
v 0.054666175 -0.00625 0.060454299999999996
v 0.054635625 -0.00625 0.0603155
v 0.054727275000000006 0.00625 0.060731900000000005
v 0.054696725 0.00625 0.060593100000000004
v 0.054666175 0.00625 0.060454299999999996
v 0.054635625 0.00625 0.0603155
v 0.064875025 0.00625 0.060731900000000005
v 0.06490557500000001 0.00625 0.060593100000000004
v 0.064936125 0.00625 0.060454299999999996
v 0.064966675 0.00625 0.0603155
v 0.064875025 -0.00625 0.060731900000000005
v 0.06490557500000001 -0.00625 0.060593100000000004
v 0.064936125 -0.00625 0.060454299999999996
v 0.064966675 -0.00625 0.0603155
v -0.061132725 -0.00625 0.060731900000000005
v -0.061163274999999996 -0.00625 0.060593100000000004
v -0.06119382500000001 -0.00625 0.060454299999999996
v -0.061224375000000004 -0.00625 0.0603155
v -0.061132725 0.00625 0.060731900000000005
v -0.061163274999999996 0.00625 0.060593100000000004
v -0.06119382500000001 0.00625 0.060454299999999996
v -0.061224375000000004 0.00625 0.0603155
v -0.05115905 0.01875 0.0575209375
v -0.05102285 0.01875 0.0579249625
v -0.05115905 -0.01875 0.0575209375
v -0.05102285 -0.01875 0.0579249625
v -0.05102285 0.01875 0.0608686375
v -0.05115905 0.01875 0.0612726625
v -0.05102285 -0.01875 0.0608686375
v -0.05115905 -0.01875 0.0612726625
v -0.05102285 0.00625 0.0608686375
v -0.051068249999999996 0.00625 0.061003312500000004
v -0.051113650000000004 0.00625 0.0611379875
v -0.05115905 0.00625 0.0612726625
v -0.05102285 -0.00625 0.0608686375
v -0.051068249999999996 -0.00625 0.061003312500000004
v -0.051113650000000004 -0.00625 0.0611379875
v -0.05115905 -0.00625 0.0612726625
v -0.05115905 0.00625 0.0575209375
v -0.051113650000000004 0.00625 0.0576556125
v -0.051068249999999996 0.00625 0.0577902875
v -0.05102285 0.00625 0.0579249625
v -0.05115905 -0.00625 0.0575209375
v -0.051113650000000004 -0.00625 0.0576556125
v -0.051068249999999996 -0.00625 0.0577902875
v -0.05102285 -0.00625 0.0579249625
v -0.060440787499999996 0.01875 0.0622821125
v -0.060660612499999995 0.01875 0.06191678750000001
v -0.060440787499999996 -0.01875 0.0622821125
v -0.060660612499999995 -0.01875 0.06191678750000001
v -0.0516768125 -0.01875 0.0622821125
v -0.0514569875 -0.01875 0.06191678750000001
v -0.0516768125 0.01875 0.0622821125
v -0.0514569875 0.01875 0.06191678750000001
v -0.060440787499999996 0.00625 0.0622821125
v -0.06051406250000001 0.00625 0.0621603375
v -0.060587337500000005 0.00625 0.062038562500000005
v -0.060660612499999995 0.00625 0.06191678750000001
v -0.060440787499999996 -0.00625 0.0622821125
v -0.06051406250000001 -0.00625 0.0621603375
v -0.060587337500000005 -0.00625 0.062038562500000005
v -0.060660612499999995 -0.00625 0.06191678750000001
v -0.0516768125 -0.00625 0.0622821125
v -0.0516035375 -0.00625 0.0621603375
v -0.0515302625 -0.00625 0.062038562500000005
v -0.0514569875 -0.00625 0.06191678750000001
v -0.0516768125 0.00625 0.0622821125
v -0.0516035375 0.00625 0.0621603375
v -0.0515302625 0.00625 0.062038562500000005
v -0.0514569875 0.00625 0.06191678750000001
v -0.059290112500000006 0.01875 0.0552633
v -0.059615087500000004 0.01875 0.05553930000000001
v -0.059290112500000006 -0.01875 0.0552633
v -0.059615087500000004 -0.01875 0.05553930000000001
v -0.059290112500000006 -0.01875 0.06353030000000001
v -0.059615087500000004 -0.01875 0.0632543
v -0.059290112500000006 0.01875 0.06353030000000001
v -0.059615087500000004 0.01875 0.0632543
v -0.059290112500000006 0.00625 0.0552633
v -0.0593984375 0.00625 0.055355299999999996
v -0.0595067625 0.00625 0.055447300000000005
v -0.059615087500000004 0.00625 0.05553930000000001
v -0.059290112500000006 -0.00625 0.0552633
v -0.0593984375 -0.00625 0.055355299999999996
v -0.0595067625 -0.00625 0.055447300000000005
v -0.059615087500000004 -0.00625 0.05553930000000001
v -0.059290112500000006 -0.00625 0.06353030000000001
v -0.0593984375 -0.00625 0.0634383
v -0.0595067625 -0.00625 0.0633463
v -0.059615087500000004 -0.00625 0.0632543
v -0.059290112500000006 0.00625 0.06353030000000001
v -0.0593984375 0.00625 0.0634383
v -0.0595067625 0.00625 0.0633463
v -0.059615087500000004 0.00625 0.0632543
v -0.055421125 -0.01875 0.054189087500000004
v -0.055421125 0.01875 0.054189087500000004
v 0.058742675 0.01875 0.0542580125
v 0.058742675 -0.01875 0.0542580125
v 0.060438875 -0.01875 0.054189087500000004
v 0.060438875 0.01875 0.054189087500000004
v -0.057117325000000004 0.01875 0.0542580125
v -0.057117325000000004 -0.01875 0.0542580125
v 0.060438875 0.00625 0.054189087500000004
v 0.060579125 0.00625 0.0542120625
v 0.060719375 0.00625 0.0542350375
v 0.060438875 -0.00625 0.054189087500000004
v 0.060579125 -0.00625 0.0542120625
v 0.060719375 -0.00625 0.0542350375
v -0.055421125 0.00625 0.054189087500000004
v -0.055280875 0.00625 0.0542120625
v -0.055140625 0.00625 0.0542350375
v -0.055421125 -0.00625 0.054189087500000004
v -0.055280875 -0.00625 0.0542120625
v -0.055140625 -0.00625 0.0542350375
v 0.058742675 0.00625 0.0542580125
v 0.058882925 0.00625 0.0542350375
v 0.059023175 0.00625 0.0542120625
v 0.058742675 -0.00625 0.0542580125
v 0.058882925 -0.00625 0.0542350375
v 0.059023175 -0.00625 0.0542120625
v -0.057117325000000004 0.00625 0.0542580125
v -0.056977075 0.00625 0.0542350375
v -0.056836825 0.00625 0.0542120625
v -0.057117325000000004 -0.00625 0.0542580125
v -0.056977075 -0.00625 0.0542350375
v -0.056836825 -0.00625 0.0542120625
v -0.056696575 -0.00625 0.054189087500000004
v -0.056696575 0.00625 0.054189087500000004
v 0.059163425 -0.00625 0.054189087500000004
v 0.059163425 0.00625 0.054189087500000004
v -0.055000375000000004 -0.00625 0.0542580125
v -0.055000375000000004 0.00625 0.0542580125
v 0.060859625 -0.00625 0.0542580125
v 0.060859625 0.00625 0.0542580125
v -0.055000375000000004 -0.01875 0.0542580125
v -0.055000375000000004 0.01875 0.0542580125
v 0.059163425 0.01875 0.054189087500000004
v 0.059163425 -0.01875 0.054189087500000004
v 0.060859625 -0.01875 0.0542580125
v 0.060859625 0.01875 0.0542580125
v -0.056696575 0.01875 0.054189087500000004
v -0.056696575 -0.01875 0.054189087500000004
v 0.0576627625 0.01875 0.0546057
v 0.058058837499999995 0.01875 0.0544479
v 0.0576627625 -0.01875 0.0546057
v 0.058058837499999995 -0.01875 0.0544479
v 0.0576627625 -0.01875 0.0641879
v 0.058058837499999995 -0.01875 0.0643457
v 0.0576627625 0.01875 0.0641879
v 0.058058837499999995 0.01875 0.0643457
v 0.0619395375 0.01875 0.0641879
v 0.0615434625 0.01875 0.0643457
v 0.0619395375 -0.01875 0.0641879
v 0.0615434625 -0.01875 0.0643457
v 0.0619395375 -0.01875 0.0546057
v 0.0615434625 -0.01875 0.0544479
v 0.0619395375 0.01875 0.0546057
v 0.0615434625 0.01875 0.0544479
v -0.0581972375 -0.01875 0.0546057
v -0.0578011625 -0.01875 0.0544479
v -0.0581972375 0.01875 0.0546057
v -0.0578011625 0.01875 0.0544479
v -0.0581972375 0.01875 0.0641879
v -0.0578011625 0.01875 0.0643457
v -0.0581972375 -0.01875 0.0641879
v -0.0578011625 -0.01875 0.0643457
v 0.0576627625 0.00625 0.0546057
v 0.0577947875 0.00625 0.0545531
v 0.0579268125 0.00625 0.0545005
v 0.058058837499999995 0.00625 0.0544479
v 0.0576627625 -0.00625 0.0546057
v 0.0577947875 -0.00625 0.0545531
v 0.0579268125 -0.00625 0.0545005
v 0.058058837499999995 -0.00625 0.0544479
v 0.0576627625 -0.00625 0.0641879
v 0.0577947875 -0.00625 0.0642405
v 0.0579268125 -0.00625 0.0642931
v 0.058058837499999995 -0.00625 0.0643457
v 0.0576627625 0.00625 0.0641879
v 0.0577947875 0.00625 0.0642405
v 0.0579268125 0.00625 0.0642931
v 0.058058837499999995 0.00625 0.0643457
v 0.0619395375 0.00625 0.0641879
v 0.0618075125 0.00625 0.0642405
v 0.0616754875 0.00625 0.0642931
v 0.0615434625 0.00625 0.0643457
v 0.0619395375 -0.00625 0.0641879
v 0.0618075125 -0.00625 0.0642405
v 0.0616754875 -0.00625 0.0642931
v 0.0615434625 -0.00625 0.0643457
v 0.0619395375 -0.00625 0.0546057
v 0.0618075125 -0.00625 0.0545531
v 0.0616754875 -0.00625 0.0545005
v 0.0615434625 -0.00625 0.0544479
v 0.0619395375 0.00625 0.0546057
v 0.0618075125 0.00625 0.0545531
v 0.0616754875 0.00625 0.0545005
v 0.0615434625 0.00625 0.0544479
v -0.0581972375 0.00625 0.0546057
v -0.058065212500000005 0.00625 0.0545531
v -0.057933187500000004 0.00625 0.0545005
v -0.0578011625 0.00625 0.0544479
v -0.0581972375 -0.00625 0.0546057
v -0.058065212500000005 -0.00625 0.0545531
v -0.057933187500000004 -0.00625 0.0545005
v -0.0578011625 -0.00625 0.0544479
v -0.0581972375 0.00625 0.0641879
v -0.058065212500000005 0.00625 0.0642405
v -0.057933187500000004 0.00625 0.0642931
v -0.0578011625 0.00625 0.0643457
v -0.0581972375 -0.00625 0.0641879
v -0.058065212500000005 -0.00625 0.0642405
v -0.057933187500000004 -0.00625 0.0642931
v -0.0578011625 -0.00625 0.0643457
v 0.0549013625 -0.01875 0.0575209375
v 0.0547652375 -0.01875 0.0579249625
v 0.0549013625 0.01875 0.0575209375
v 0.0547652375 0.01875 0.0579249625
v 0.0547652375 -0.01875 0.0608686375
v 0.0549013625 -0.01875 0.0612726625
v 0.0547652375 0.01875 0.0608686375
v 0.0549013625 0.01875 0.0612726625
v 0.0648370625 0.01875 0.0608686375
v 0.0647009375 0.01875 0.0612726625
v 0.0648370625 -0.01875 0.0608686375
v 0.0647009375 -0.01875 0.0612726625
v 0.0647009375 0.01875 0.0575209375
v 0.0648370625 0.01875 0.0579249625
v 0.0647009375 -0.01875 0.0575209375
v 0.0648370625 -0.01875 0.0579249625
v -0.0609586375 -0.01875 0.0575209375
v -0.061094762500000004 -0.01875 0.0579249625
v -0.0609586375 0.01875 0.0575209375
v -0.061094762500000004 0.01875 0.0579249625
v -0.061094762500000004 -0.01875 0.0608686375
v -0.0609586375 -0.01875 0.0612726625
v -0.061094762500000004 0.01875 0.0608686375
v -0.0609586375 0.01875 0.0612726625
v 0.0549013625 -0.00625 0.0575209375
v 0.0548559875 -0.00625 0.0576556125
v 0.0548106125 -0.00625 0.0577902875
v 0.0547652375 -0.00625 0.0579249625
v 0.0549013625 0.00625 0.0575209375
v 0.0548559875 0.00625 0.0576556125
v 0.0548106125 0.00625 0.0577902875
v 0.0547652375 0.00625 0.0579249625
v 0.0547652375 -0.00625 0.0608686375
v 0.0548106125 -0.00625 0.061003312500000004
v 0.0548559875 -0.00625 0.0611379875
v 0.0549013625 -0.00625 0.0612726625
v 0.0547652375 0.00625 0.0608686375
v 0.0548106125 0.00625 0.061003312500000004
v 0.0548559875 0.00625 0.0611379875
v 0.0549013625 0.00625 0.0612726625
v 0.0648370625 0.00625 0.0608686375
v 0.0647916875 0.00625 0.061003312500000004
v 0.0647463125 0.00625 0.0611379875
v 0.0647009375 0.00625 0.0612726625
v 0.0648370625 -0.00625 0.0608686375
v 0.0647916875 -0.00625 0.061003312500000004
v 0.0647463125 -0.00625 0.0611379875
v 0.0647009375 -0.00625 0.0612726625
v 0.0647009375 0.00625 0.0575209375
v 0.0647463125 0.00625 0.0576556125
v 0.0647916875 0.00625 0.0577902875
v 0.0648370625 0.00625 0.0579249625
v 0.0647009375 -0.00625 0.0575209375
v 0.0647463125 -0.00625 0.0576556125
v 0.0647916875 -0.00625 0.0577902875
v 0.0648370625 -0.00625 0.0579249625
v -0.0609586375 -0.00625 0.0575209375
v -0.0610040125 -0.00625 0.0576556125
v -0.061049387499999996 -0.00625 0.0577902875
v -0.061094762500000004 -0.00625 0.0579249625
v -0.0609586375 0.00625 0.0575209375
v -0.0610040125 0.00625 0.0576556125
v -0.061049387499999996 0.00625 0.0577902875
v -0.061094762500000004 0.00625 0.0579249625
v -0.061094762500000004 -0.00625 0.0608686375
v -0.061049387499999996 -0.00625 0.061003312500000004
v -0.0610040125 -0.00625 0.0611379875
v -0.0609586375 -0.00625 0.0612726625
v -0.061094762500000004 0.00625 0.0608686375
v -0.061049387499999996 0.00625 0.061003312500000004
v -0.0610040125 0.00625 0.0611379875
v -0.0609586375 0.00625 0.0612726625
v 0.0566827625 -0.01875 0.055177425
v 0.0566827625 0.01875 0.055177425
v 0.0566827625 0.01875 0.06361617500000001
v 0.0566827625 -0.01875 0.06361617500000001
v 0.0629195375 -0.01875 0.06361617500000001
v 0.0629195375 0.01875 0.06361617500000001
v 0.0629195375 0.01875 0.055177425
v 0.0629195375 -0.01875 0.055177425
v -0.0591771375 0.01875 0.055177425
v -0.0591771375 -0.01875 0.055177425
v -0.0591771375 -0.01875 0.06361617500000001
v -0.0591771375 0.01875 0.06361617500000001
v -0.0529404625 -0.01875 0.06361617500000001
v -0.0529404625 0.01875 0.06361617500000001
v -0.0529404625 0.01875 0.055177425
v -0.0529404625 -0.01875 0.055177425
v -0.0591771375 0.00625 0.055177425
v -0.0590595125 0.00625 0.055097675
v -0.0589418875 0.00625 0.055017924999999995
v -0.0591771375 -0.00625 0.055177425
v -0.0590595125 -0.00625 0.055097675
v -0.0589418875 -0.00625 0.055017924999999995
v -0.0591771375 -0.00625 0.06361617500000001
v -0.0590595125 -0.00625 0.063695925
v -0.0589418875 -0.00625 0.063775675
v -0.0591771375 0.00625 0.06361617500000001
v -0.0590595125 0.00625 0.063695925
v -0.0589418875 0.00625 0.063775675
v 0.0566827625 0.00625 0.055177425
v 0.056800387499999994 0.00625 0.055097675
v 0.056918012500000004 0.00625 0.055017924999999995
v 0.0566827625 -0.00625 0.055177425
v 0.056800387499999994 -0.00625 0.055097675
v 0.056918012500000004 -0.00625 0.055017924999999995
v 0.0566827625 0.00625 0.06361617500000001
v 0.056800387499999994 0.00625 0.063695925
v 0.056918012500000004 0.00625 0.063775675
v 0.0566827625 -0.00625 0.06361617500000001
v 0.056800387499999994 -0.00625 0.063695925
v 0.056918012500000004 -0.00625 0.063775675
v 0.0629195375 0.00625 0.06361617500000001
v 0.0628019125 0.00625 0.063695925
v 0.0626842875 0.00625 0.063775675
v 0.0629195375 -0.00625 0.06361617500000001
v 0.0628019125 -0.00625 0.063695925
v 0.0626842875 -0.00625 0.063775675
v 0.0629195375 0.00625 0.055177425
v 0.0628019125 0.00625 0.055097675
v 0.0626842875 0.00625 0.055017924999999995
v 0.0629195375 -0.00625 0.055177425
v 0.0628019125 -0.00625 0.055097675
v 0.0626842875 -0.00625 0.055017924999999995
v -0.0529404625 0.00625 0.06361617500000001
v -0.0530580875 0.00625 0.063695925
v -0.05317571250000001 0.00625 0.063775675
v -0.0529404625 -0.00625 0.06361617500000001
v -0.0530580875 -0.00625 0.063695925
v -0.05317571250000001 -0.00625 0.063775675
v -0.0529404625 0.00625 0.055177425
v -0.0530580875 0.00625 0.055097675
v -0.05317571250000001 0.00625 0.055017924999999995
v -0.0529404625 -0.00625 0.055177425
v -0.0530580875 -0.00625 0.055097675
v -0.05317571250000001 -0.00625 0.055017924999999995
v -0.0532933375 -0.00625 0.054938175
v -0.0532933375 0.00625 0.054938175
v -0.0532933375 -0.00625 0.063855425
v -0.0532933375 0.00625 0.063855425
v 0.06256666250000001 -0.00625 0.054938175
v 0.06256666250000001 0.00625 0.054938175
v 0.06256666250000001 -0.00625 0.063855425
v 0.06256666250000001 0.00625 0.063855425
v 0.0570356375 -0.00625 0.063855425
v 0.0570356375 0.00625 0.063855425
v 0.0570356375 -0.00625 0.054938175
v 0.0570356375 0.00625 0.054938175
v -0.0588242625 0.00625 0.063855425
v -0.0588242625 -0.00625 0.063855425
v -0.0588242625 -0.00625 0.054938175
v -0.0588242625 0.00625 0.054938175
v 0.0570356375 -0.01875 0.054938175
v 0.0570356375 0.01875 0.054938175
v 0.0570356375 0.01875 0.063855425
v 0.0570356375 -0.01875 0.063855425
v 0.06256666250000001 -0.01875 0.063855425
v 0.06256666250000001 0.01875 0.063855425
v 0.06256666250000001 0.01875 0.054938175
v 0.06256666250000001 -0.01875 0.054938175
v -0.0588242625 0.01875 0.054938175
v -0.0588242625 -0.01875 0.054938175
v -0.0588242625 -0.01875 0.063855425
v -0.0588242625 0.01875 0.063855425
v -0.0532933375 -0.01875 0.063855425
v -0.0532933375 0.01875 0.063855425
v -0.0532933375 0.01875 0.054938175
v -0.0532933375 -0.01875 0.054938175
v 0.0549538875 -0.01875 0.0614044875
v 0.0551329125 -0.01875 0.0617914125
v 0.0549538875 0.01875 0.0614044875
v 0.0551329125 0.01875 0.0617914125
v 0.0646484125 0.01875 0.0614044875
v 0.0644693875 0.01875 0.0617914125
v 0.0646484125 -0.01875 0.0614044875
v 0.0644693875 -0.01875 0.0617914125
v -0.060727087500000006 0.01875 0.0617914125
v -0.060906112500000005 0.01875 0.0614044875
v -0.060727087500000006 -0.01875 0.0617914125
v -0.060906112500000005 -0.01875 0.0614044875
v 0.0549538875 -0.00625 0.0614044875
v 0.0550135625 -0.00625 0.061533462500000004
v 0.055073237500000004 -0.00625 0.0616624375
v 0.0551329125 -0.00625 0.0617914125
v 0.0549538875 0.00625 0.0614044875
v 0.0550135625 0.00625 0.061533462500000004
v 0.055073237500000004 0.00625 0.0616624375
v 0.0551329125 0.00625 0.0617914125
v 0.0646484125 0.00625 0.0614044875
v 0.0645887375 0.00625 0.061533462500000004
v 0.0645290625 0.00625 0.0616624375
v 0.0644693875 0.00625 0.0617914125
v 0.0646484125 -0.00625 0.0614044875
v 0.0645887375 -0.00625 0.061533462500000004
v 0.0645290625 -0.00625 0.0616624375
v 0.0644693875 -0.00625 0.0617914125
v -0.060727087500000006 0.00625 0.0617914125
v -0.0607867625 0.00625 0.0616624375
v -0.060846437499999996 0.00625 0.061533462500000004
v -0.060906112500000005 0.00625 0.0614044875
v -0.060727087500000006 -0.00625 0.0617914125
v -0.0607867625 -0.00625 0.0616624375
v -0.060846437499999996 -0.00625 0.061533462500000004
v -0.060906112500000005 -0.00625 0.0614044875
v -0.0600112875 0.01875 0.055946412499999994
v -0.059718112500000003 0.01875 0.0556368875
v -0.0600112875 -0.01875 0.055946412499999994
v -0.059718112500000003 -0.01875 0.0556368875
v -0.059718112500000003 0.01875 0.0631567125
v -0.0600112875 0.01875 0.0628471875
v -0.059718112500000003 -0.01875 0.0631567125
v -0.0600112875 -0.01875 0.0628471875
v 0.0637535875 0.01875 0.0628471875
v 0.0634604125 0.01875 0.0631567125
v 0.0637535875 -0.01875 0.0628471875
v 0.0634604125 -0.01875 0.0631567125
v 0.0637535875 -0.01875 0.055946412499999994
v 0.0634604125 -0.01875 0.0556368875
v 0.0637535875 0.01875 0.055946412499999994
v 0.0634604125 0.01875 0.0556368875
v 0.0637535875 0.00625 0.0628471875
v 0.0636558625 0.00625 0.0629503625
v 0.0635581375 0.00625 0.0630535375
v 0.0634604125 0.00625 0.0631567125
v 0.0637535875 -0.00625 0.0628471875
v 0.0636558625 -0.00625 0.0629503625
v 0.0635581375 -0.00625 0.0630535375
v 0.0634604125 -0.00625 0.0631567125
v 0.0637535875 -0.00625 0.055946412499999994
v 0.0636558625 -0.00625 0.055843237500000004
v 0.0635581375 -0.00625 0.0557400625
v 0.0634604125 -0.00625 0.0556368875
v 0.0637535875 0.00625 0.055946412499999994
v 0.0636558625 0.00625 0.055843237500000004
v 0.0635581375 0.00625 0.0557400625
v 0.0634604125 0.00625 0.0556368875
v -0.0600112875 0.00625 0.055946412499999994
v -0.0599135625 0.00625 0.055843237500000004
v -0.0598158375 0.00625 0.0557400625
v -0.059718112500000003 0.00625 0.0556368875
v -0.0600112875 -0.00625 0.055946412499999994
v -0.0599135625 -0.00625 0.055843237500000004
v -0.0598158375 -0.00625 0.0557400625
v -0.059718112500000003 -0.00625 0.0556368875
v -0.059718112500000003 0.00625 0.0631567125
v -0.0598158375 0.00625 0.0630535375
v -0.0599135625 0.00625 0.0629503625
v -0.0600112875 0.00625 0.0628471875
v -0.059718112500000003 -0.00625 0.0631567125
v -0.0598158375 -0.00625 0.0630535375
v -0.0599135625 -0.00625 0.0629503625
v -0.0600112875 -0.00625 0.0628471875
v -0.058702674999999996 0.01875 0.0548650125
v -0.058326025000000004 0.01875 0.0546652875
v -0.058702674999999996 -0.01875 0.0548650125
v -0.058326025000000004 -0.01875 0.0546652875
v -0.058326025000000004 0.01875 0.0641283125
v -0.058702674999999996 0.01875 0.06392858750000001
v -0.058326025000000004 -0.01875 0.0641283125
v -0.058702674999999996 -0.01875 0.06392858750000001
v -0.058702674999999996 0.00625 0.0548650125
v -0.058577125 0.00625 0.0547984375
v -0.058451575 0.00625 0.054731862500000006
v -0.058326025000000004 0.00625 0.0546652875
v -0.058702674999999996 -0.00625 0.0548650125
v -0.058577125 -0.00625 0.0547984375
v -0.058451575 -0.00625 0.054731862500000006
v -0.058326025000000004 -0.00625 0.0546652875
v -0.058326025000000004 0.00625 0.0641283125
v -0.058451575 0.00625 0.0640617375
v -0.058577125 0.00625 0.0639951625
v -0.058702674999999996 0.00625 0.06392858750000001
v -0.058326025000000004 -0.00625 0.0641283125
v -0.058451575 -0.00625 0.0640617375
v -0.058577125 -0.00625 0.0639951625
v -0.058702674999999996 -0.00625 0.06392858750000001
v 0.054612662500000006 0.01875 0.0601754625
v 0.054566537500000005 0.01875 0.0597516375
v 0.054612662500000006 -0.01875 0.0601754625
v 0.054566537500000005 -0.01875 0.0597516375
v 0.0649896375 -0.01875 0.0601754625
v 0.0650357625 -0.01875 0.0597516375
v 0.0649896375 0.01875 0.0601754625
v 0.0650357625 0.01875 0.0597516375
v -0.0612473375 0.01875 0.0601754625
v -0.06129346250000001 0.01875 0.0597516375
v -0.0612473375 -0.01875 0.0601754625
v -0.06129346250000001 -0.01875 0.0597516375
v 0.054612662500000006 0.00625 0.0601754625
v 0.0545972875 0.00625 0.0600341875
v 0.054581912499999996 0.00625 0.0598929125
v 0.054566537500000005 0.00625 0.0597516375
v 0.054612662500000006 -0.00625 0.0601754625
v 0.0545972875 -0.00625 0.0600341875
v 0.054581912499999996 -0.00625 0.0598929125
v 0.054566537500000005 -0.00625 0.0597516375
v 0.0649896375 -0.00625 0.0601754625
v 0.0650050125 -0.00625 0.0600341875
v 0.0650203875 -0.00625 0.0598929125
v 0.0650357625 -0.00625 0.0597516375
v 0.0649896375 0.00625 0.0601754625
v 0.0650050125 0.00625 0.0600341875
v 0.0650203875 0.00625 0.0598929125
v 0.0650357625 0.00625 0.0597516375
v -0.0612473375 0.00625 0.0601754625
v -0.061262712500000004 0.00625 0.0600341875
v -0.0612780875 0.00625 0.0598929125
v -0.06129346250000001 0.00625 0.0597516375
v -0.0612473375 -0.00625 0.0601754625
v -0.061262712500000004 -0.00625 0.0600341875
v -0.0612780875 -0.00625 0.0598929125
v -0.06129346250000001 -0.00625 0.0597516375
v 0.0593045 0.01875 0.05417375
v 0.059730200000000004 0.01875 0.05415065
v 0.0593045 -0.01875 0.05417375
v 0.059730200000000004 -0.01875 0.05415065
v 0.0593045 -0.01875 0.06461985
v 0.059730200000000004 -0.01875 0.06464295
v 0.0593045 0.01875 0.06461985
v 0.059730200000000004 0.01875 0.06464295
v 0.0602978 0.01875 0.06461985
v 0.059872100000000004 0.01875 0.06464295
v 0.0602978 -0.01875 0.06461985
v 0.059872100000000004 -0.01875 0.06464295
v 0.059872100000000004 0.01875 0.05415065
v 0.0602978 0.01875 0.05417375
v 0.059872100000000004 -0.01875 0.05415065
v 0.0602978 -0.01875 0.05417375
v -0.0565555 0.01875 0.05417375
v -0.05612980000000001 0.01875 0.05415065
v -0.0565555 -0.01875 0.05417375
v -0.05612980000000001 -0.01875 0.05415065
v -0.0565555 -0.01875 0.06461985
v -0.05612980000000001 -0.01875 0.06464295
v -0.0565555 0.01875 0.06461985
v -0.05612980000000001 0.01875 0.06464295
v -0.0555622 0.01875 0.06461985
v -0.0559879 0.01875 0.06464295
v -0.0555622 -0.01875 0.06461985
v -0.0559879 -0.01875 0.06464295
v -0.0559879 0.01875 0.05415065
v -0.0555622 0.01875 0.05417375
v -0.0559879 -0.01875 0.05415065
v -0.0555622 -0.01875 0.05417375
v 0.0593045 0.00625 0.05417375
v 0.059446399999999996 0.00625 0.05416605
v 0.0595883 0.00625 0.05415835000000001
v 0.059730200000000004 0.00625 0.05415065
v 0.0593045 -0.00625 0.05417375
v 0.059446399999999996 -0.00625 0.05416605
v 0.0595883 -0.00625 0.05415835000000001
v 0.059730200000000004 -0.00625 0.05415065
v 0.0593045 -0.00625 0.06461985
v 0.059446399999999996 -0.00625 0.06462754999999999
v 0.0595883 -0.00625 0.06463525
v 0.059730200000000004 -0.00625 0.06464295
v 0.0593045 0.00625 0.06461985
v 0.059446399999999996 0.00625 0.06462754999999999
v 0.0595883 0.00625 0.06463525
v 0.059730200000000004 0.00625 0.06464295
v 0.0602978 0.00625 0.06461985
v 0.060155900000000005 0.00625 0.06462754999999999
v 0.060014000000000005 0.00625 0.06463525
v 0.059872100000000004 0.00625 0.06464295
v 0.0602978 -0.00625 0.06461985
v 0.060155900000000005 -0.00625 0.06462754999999999
v 0.060014000000000005 -0.00625 0.06463525
v 0.059872100000000004 -0.00625 0.06464295
v 0.059872100000000004 0.00625 0.05415065
v 0.060014000000000005 0.00625 0.05415835000000001
v 0.060155900000000005 0.00625 0.05416605
v 0.0602978 0.00625 0.05417375
v 0.059872100000000004 -0.00625 0.05415065
v 0.060014000000000005 -0.00625 0.05415835000000001
v 0.060155900000000005 -0.00625 0.05416605
v 0.0602978 -0.00625 0.05417375
v -0.0565555 0.00625 0.05417375
v -0.0564136 0.00625 0.05416605
v -0.056271699999999994 0.00625 0.05415835000000001
v -0.05612980000000001 0.00625 0.05415065
v -0.0565555 -0.00625 0.05417375
v -0.0564136 -0.00625 0.05416605
v -0.056271699999999994 -0.00625 0.05415835000000001
v -0.05612980000000001 -0.00625 0.05415065
v -0.0565555 -0.00625 0.06461985
v -0.0564136 -0.00625 0.06462754999999999
v -0.056271699999999994 -0.00625 0.06463525
v -0.05612980000000001 -0.00625 0.06464295
v -0.0565555 0.00625 0.06461985
v -0.0564136 0.00625 0.06462754999999999
v -0.056271699999999994 0.00625 0.06463525
v -0.05612980000000001 0.00625 0.06464295
v -0.0555622 0.00625 0.06461985
v -0.0557041 0.00625 0.06462754999999999
v -0.055846 0.00625 0.06463525
v -0.0559879 0.00625 0.06464295
v -0.0555622 -0.00625 0.06461985
v -0.0557041 -0.00625 0.06462754999999999
v -0.055846 -0.00625 0.06463525
v -0.0559879 -0.00625 0.06464295
v -0.0559879 0.00625 0.05415065
v -0.055846 0.00625 0.05415835000000001
v -0.0557041 0.00625 0.05416605
v -0.0555622 0.00625 0.05417375
v -0.0559879 -0.00625 0.05415065
v -0.055846 -0.00625 0.05415835000000001
v -0.0557041 -0.00625 0.05416605
v -0.0555622 -0.00625 0.05417375
v 0.055419125 0.01875 0.0622821125
v 0.055199375 0.01875 0.06191678750000001
v 0.055419125 -0.01875 0.0622821125
v 0.055199375 -0.01875 0.06191678750000001
v 0.064402925 0.01875 0.06191678750000001
v 0.064183175 0.01875 0.0622821125
v 0.064402925 -0.01875 0.06191678750000001
v 0.064183175 -0.01875 0.0622821125
v 0.055419125 0.00625 0.0622821125
v 0.055345874999999996 0.00625 0.0621603375
v 0.055272625 0.00625 0.062038562500000005
v 0.055199375 0.00625 0.06191678750000001
v 0.055419125 -0.00625 0.0622821125
v 0.055345874999999996 -0.00625 0.0621603375
v 0.055272625 -0.00625 0.062038562500000005
v 0.055199375 -0.00625 0.06191678750000001
v 0.064402925 0.00625 0.06191678750000001
v 0.064329675 0.00625 0.062038562500000005
v 0.064256425 0.00625 0.0621603375
v 0.064183175 0.00625 0.0622821125
v 0.064402925 -0.00625 0.06191678750000001
v 0.064329675 -0.00625 0.062038562500000005
v 0.064256425 -0.00625 0.0621603375
v 0.064183175 -0.00625 0.0622821125
v 0.058193312500000004 0.01875 0.0544025875
v 0.058604087500000006 0.01875 0.054288512500000004
v 0.058193312500000004 -0.01875 0.0544025875
v 0.058604087500000006 -0.01875 0.054288512500000004
v 0.060998212499999996 0.01875 0.054288512500000004
v 0.0614089875 0.01875 0.0544025875
v 0.060998212499999996 -0.01875 0.054288512500000004
v 0.0614089875 -0.01875 0.0544025875
v -0.0576666875 0.01875 0.0544025875
v -0.0572559125 0.01875 0.054288512500000004
v -0.0576666875 -0.01875 0.0544025875
v -0.0572559125 -0.01875 0.054288512500000004
v 0.058193312500000004 0.00625 0.0544025875
v 0.0583302375 0.00625 0.0543645625
v 0.0584671625 0.00625 0.0543265375
v 0.058604087500000006 0.00625 0.054288512500000004
v 0.058193312500000004 -0.00625 0.0544025875
v 0.0583302375 -0.00625 0.0543645625
v 0.0584671625 -0.00625 0.0543265375
v 0.058604087500000006 -0.00625 0.054288512500000004
v 0.060998212499999996 0.00625 0.054288512500000004
v 0.0611351375 0.00625 0.0543265375
v 0.06127206250000001 0.00625 0.0543645625
v 0.0614089875 0.00625 0.0544025875
v 0.060998212499999996 -0.00625 0.054288512500000004
v 0.0611351375 -0.00625 0.0543265375
v 0.06127206250000001 -0.00625 0.0543645625
v 0.0614089875 -0.00625 0.0544025875
v -0.0576666875 0.00625 0.0544025875
v -0.0575297625 0.00625 0.0543645625
v -0.0573928375 0.00625 0.0543265375
v -0.0572559125 0.00625 0.054288512500000004
v -0.0576666875 -0.00625 0.0544025875
v -0.0575297625 -0.00625 0.0543645625
v -0.0573928375 -0.00625 0.0543265375
v -0.0572559125 -0.00625 0.054288512500000004
v -0.050870275 -0.01875 0.0601754625
v -0.050824225 -0.01875 0.0597516375
v -0.050870275 0.01875 0.0601754625
v -0.050824225 0.01875 0.0597516375
v -0.050870275 -0.00625 0.0601754625
v -0.050854925 -0.00625 0.0600341875
v -0.050839575000000005 -0.00625 0.0598929125
v -0.050824225 -0.00625 0.0597516375
v -0.050870275 0.00625 0.0601754625
v -0.050854925 0.00625 0.0600341875
v -0.050839575000000005 0.00625 0.0598929125
v -0.050824225 0.00625 0.0597516375
v 0.0565698 0.01875 0.06353030000000001
v 0.0562449 0.01875 0.0632543
v 0.0565698 -0.01875 0.06353030000000001
v 0.0562449 -0.01875 0.0632543
v 0.06335740000000001 0.01875 0.0632543
v 0.0630325 0.01875 0.06353030000000001
v 0.06335740000000001 -0.01875 0.0632543
v 0.0630325 -0.01875 0.06353030000000001
v 0.0630325 0.01875 0.0552633
v 0.06335740000000001 0.01875 0.05553930000000001
v 0.0630325 -0.01875 0.0552633
v 0.06335740000000001 -0.01875 0.05553930000000001
v -0.0525026 0.01875 0.0632543
v -0.0528275 0.01875 0.06353030000000001
v -0.0525026 -0.01875 0.0632543
v -0.0528275 -0.01875 0.06353030000000001
v 0.0562449 0.01875 0.05553930000000001
v 0.0565698 0.01875 0.0552633
v 0.0562449 -0.01875 0.05553930000000001
v 0.0565698 -0.01875 0.0552633
v -0.0528275 0.01875 0.0552633
v -0.0525026 0.01875 0.05553930000000001
v -0.0528275 -0.01875 0.0552633
v -0.0525026 -0.01875 0.05553930000000001
v 0.0562449 0.00625 0.05553930000000001
v 0.0563532 0.00625 0.055447300000000005
v 0.0564615 0.00625 0.055355299999999996
v 0.0565698 0.00625 0.0552633
v 0.0562449 -0.00625 0.05553930000000001
v 0.0563532 -0.00625 0.055447300000000005
v 0.0564615 -0.00625 0.055355299999999996
v 0.0565698 -0.00625 0.0552633
v 0.0565698 0.00625 0.06353030000000001
v 0.0564615 0.00625 0.0634383
v 0.0563532 0.00625 0.0633463
v 0.0562449 0.00625 0.0632543
v 0.0565698 -0.00625 0.06353030000000001
v 0.0564615 -0.00625 0.0634383
v 0.0563532 -0.00625 0.0633463
v 0.0562449 -0.00625 0.0632543
v 0.06335740000000001 0.00625 0.0632543
v 0.0632491 0.00625 0.0633463
v 0.0631408 0.00625 0.0634383
v 0.0630325 0.00625 0.06353030000000001
v 0.06335740000000001 -0.00625 0.0632543
v 0.0632491 -0.00625 0.0633463
v 0.0631408 -0.00625 0.0634383
v 0.0630325 -0.00625 0.06353030000000001
v 0.0630325 0.00625 0.0552633
v 0.0631408 0.00625 0.055355299999999996
v 0.0632491 0.00625 0.055447300000000005
v 0.06335740000000001 0.00625 0.05553930000000001
v 0.0630325 -0.00625 0.0552633
v 0.0631408 -0.00625 0.055355299999999996
v 0.0632491 -0.00625 0.055447300000000005
v 0.06335740000000001 -0.00625 0.05553930000000001
v -0.0525026 0.00625 0.0632543
v -0.0526109 0.00625 0.0633463
v -0.0527192 0.00625 0.0634383
v -0.0528275 0.00625 0.06353030000000001
v -0.0525026 -0.00625 0.0632543
v -0.0526109 -0.00625 0.0633463
v -0.0527192 -0.00625 0.0634383
v -0.0528275 -0.00625 0.06353030000000001
v -0.0528275 0.00625 0.0552633
v -0.0527192 0.00625 0.055355299999999996
v -0.0526109 0.00625 0.055447300000000005
v -0.0525026 0.00625 0.05553930000000001
v -0.0528275 -0.00625 0.0552633
v -0.0527192 -0.00625 0.055355299999999996
v -0.0526109 -0.00625 0.055447300000000005
v -0.0525026 -0.00625 0.05553930000000001
v -0.051211575 0.01875 0.0614044875
v -0.051390525 0.01875 0.0617914125
v -0.051211575 -0.01875 0.0614044875
v -0.051390525 -0.01875 0.0617914125
v -0.051211575 0.00625 0.0614044875
v -0.051271225 0.00625 0.061533462500000004
v -0.051330875000000005 0.00625 0.0616624375
v -0.051390525 0.00625 0.0617914125
v -0.051211575 -0.00625 0.0614044875
v -0.051271225 -0.00625 0.061533462500000004
v -0.051330875000000005 -0.00625 0.0616624375
v -0.051390525 -0.00625 0.0617914125
v 0.058604087500000006 0.01875 0.064505
v 0.058193312500000004 0.01875 0.064391
v 0.058604087500000006 -0.01875 0.064505
v 0.058193312500000004 -0.01875 0.064391
v 0.0614089875 0.01875 0.064391
v 0.060998212499999996 0.01875 0.064505
v 0.0614089875 -0.01875 0.064391
v 0.060998212499999996 -0.01875 0.064505
v -0.0572559125 0.01875 0.064505
v -0.0576666875 0.01875 0.064391
v -0.0572559125 -0.01875 0.064505
v -0.0576666875 -0.01875 0.064391
v 0.058604087500000006 0.00625 0.064505
v 0.0584671625 0.00625 0.064467
v 0.0583302375 0.00625 0.064429
v 0.058193312500000004 0.00625 0.064391
v 0.058604087500000006 -0.00625 0.064505
v 0.0584671625 -0.00625 0.064467
v 0.0583302375 -0.00625 0.064429
v 0.058193312500000004 -0.00625 0.064391
v 0.0614089875 0.00625 0.064391
v 0.06127206250000001 0.00625 0.064429
v 0.0611351375 0.00625 0.064467
v 0.060998212499999996 0.00625 0.064505
v 0.0614089875 -0.00625 0.064391
v 0.06127206250000001 -0.00625 0.064429
v 0.0611351375 -0.00625 0.064467
v 0.060998212499999996 -0.00625 0.064505
v -0.0572559125 0.00625 0.064505
v -0.0573928375 0.00625 0.064467
v -0.0575297625 0.00625 0.064429
v -0.0576666875 0.00625 0.064391
v -0.0572559125 -0.00625 0.064505
v -0.0573928375 -0.00625 0.064467
v -0.0575297625 -0.00625 0.064429
v -0.0576666875 -0.00625 0.064391
v 0.054558850000000006 0.01875 0.059609949999999995
v 0.054558850000000006 0.01875 0.05918365
v 0.054558850000000006 -0.01875 0.059609949999999995
v 0.054558850000000006 -0.01875 0.05918365
v 0.06504345 0.01875 0.05918365
v 0.06504345 0.01875 0.059609949999999995
v 0.06504345 -0.01875 0.05918365
v 0.06504345 -0.01875 0.059609949999999995
v -0.06130115 0.01875 0.059609949999999995
v -0.06130115 0.01875 0.05918365
v -0.06130115 -0.01875 0.059609949999999995
v -0.06130115 -0.01875 0.05918365
v -0.050816549999999995 0.01875 0.05918365
v -0.050816549999999995 0.01875 0.059609949999999995
v -0.050816549999999995 -0.01875 0.05918365
v -0.050816549999999995 -0.01875 0.059609949999999995
v 0.054558850000000006 0.00625 0.059609949999999995
v 0.054558850000000006 0.00625 0.05946785
v 0.054558850000000006 0.00625 0.059325750000000003
v 0.054558850000000006 0.00625 0.05918365
v 0.054558850000000006 -0.00625 0.059609949999999995
v 0.054558850000000006 -0.00625 0.05946785
v 0.054558850000000006 -0.00625 0.059325750000000003
v 0.054558850000000006 -0.00625 0.05918365
v 0.06504345 0.00625 0.05918365
v 0.06504345 0.00625 0.059325750000000003
v 0.06504345 0.00625 0.05946785
v 0.06504345 0.00625 0.059609949999999995
v 0.06504345 -0.00625 0.05918365
v 0.06504345 -0.00625 0.059325750000000003
v 0.06504345 -0.00625 0.05946785
v 0.06504345 -0.00625 0.059609949999999995
v -0.06130115 0.00625 0.059609949999999995
v -0.06130115 0.00625 0.05946785
v -0.06130115 0.00625 0.059325750000000003
v -0.06130115 0.00625 0.05918365
v -0.06130115 -0.00625 0.059609949999999995
v -0.06130115 -0.00625 0.05946785
v -0.06130115 -0.00625 0.059325750000000003
v -0.06130115 -0.00625 0.05918365
v -0.050816549999999995 0.00625 0.05918365
v -0.050816549999999995 0.00625 0.059325750000000003
v -0.050816549999999995 0.00625 0.05946785
v -0.050816549999999995 0.00625 0.059609949999999995
v -0.050816549999999995 -0.00625 0.05918365
v -0.050816549999999995 -0.00625 0.059325750000000003
v -0.050816549999999995 -0.00625 0.05946785
v -0.050816549999999995 -0.00625 0.059609949999999995
v -0.060660612499999995 0.01875 0.056876724999999996
v -0.060440787499999996 0.01875 0.056511475000000005
v -0.060660612499999995 -0.01875 0.056876724999999996
v -0.060440787499999996 -0.01875 0.056511475000000005
v -0.0516768125 0.01875 0.056511475000000005
v -0.0514569875 0.01875 0.056876724999999996
v -0.0516768125 -0.01875 0.056511475000000005
v -0.0514569875 -0.01875 0.056876724999999996
v -0.060660612499999995 0.00625 0.056876724999999996
v -0.060587337500000005 0.00625 0.056754975
v -0.06051406250000001 0.00625 0.056633224999999995
v -0.060440787499999996 0.00625 0.056511475000000005
v -0.060660612499999995 -0.00625 0.056876724999999996
v -0.060587337500000005 -0.00625 0.056754975
v -0.06051406250000001 -0.00625 0.056633224999999995
v -0.060440787499999996 -0.00625 0.056511475000000005
v -0.0516768125 0.00625 0.056511475000000005
v -0.0516035375 0.00625 0.056633224999999995
v -0.0515302625 0.00625 0.056754975
v -0.0514569875 0.00625 0.056876724999999996
v -0.0516768125 -0.00625 0.056511475000000005
v -0.0516035375 -0.00625 0.056633224999999995
v -0.0515302625 -0.00625 0.056754975
v -0.0514569875 -0.00625 0.056876724999999996
v 0.054635625 0.01875 0.0584780125
v 0.054727275000000006 0.01875 0.05806168750000001
v 0.054635625 -0.01875 0.0584780125
v 0.054727275000000006 -0.01875 0.05806168750000001
v 0.064875025 0.01875 0.05806168750000001
v 0.064966675 0.01875 0.0584780125
v 0.064875025 -0.01875 0.05806168750000001
v 0.064966675 -0.01875 0.0584780125
v -0.061224375000000004 0.01875 0.0584780125
v -0.061132725 0.01875 0.05806168750000001
v -0.061224375000000004 -0.01875 0.0584780125
v -0.061132725 -0.01875 0.05806168750000001
v -0.050984875 0.01875 0.05806168750000001
v -0.050893225 0.01875 0.0584780125
v -0.050984875 -0.01875 0.05806168750000001
v -0.050893225 -0.01875 0.0584780125
v 0.054635625 0.00625 0.0584780125
v 0.054666175 0.00625 0.0583392375
v 0.054696725 0.00625 0.0582004625
v 0.054727275000000006 0.00625 0.05806168750000001
v 0.054635625 -0.00625 0.0584780125
v 0.054666175 -0.00625 0.0583392375
v 0.054696725 -0.00625 0.0582004625
v 0.054727275000000006 -0.00625 0.05806168750000001
v 0.064875025 0.00625 0.05806168750000001
v 0.06490557500000001 0.00625 0.0582004625
v 0.064936125 0.00625 0.0583392375
v 0.064966675 0.00625 0.0584780125
v 0.064875025 -0.00625 0.05806168750000001
v 0.06490557500000001 -0.00625 0.0582004625
v 0.064936125 -0.00625 0.0583392375
v 0.064966675 -0.00625 0.0584780125
v -0.061224375000000004 0.00625 0.0584780125
v -0.06119382500000001 0.00625 0.0583392375
v -0.061163274999999996 0.00625 0.0582004625
v -0.061132725 0.00625 0.05806168750000001
v -0.061224375000000004 -0.00625 0.0584780125
v -0.06119382500000001 -0.00625 0.0583392375
v -0.061163274999999996 -0.00625 0.0582004625
v -0.061132725 -0.00625 0.05806168750000001
v -0.050984875 0.00625 0.05806168750000001
v -0.050954325 0.00625 0.0582004625
v -0.050923775 0.00625 0.0583392375
v -0.050893225 0.00625 0.0584780125
v -0.050984875 -0.00625 0.05806168750000001
v -0.050954325 -0.00625 0.0582004625
v -0.050923775 -0.00625 0.0583392375
v -0.050893225 -0.00625 0.0584780125
v -0.05392045000000001 0.01875 0.0641879
v -0.054316449999999995 0.01875 0.0643457
v -0.05392045000000001 -0.01875 0.0641879
v -0.054316449999999995 -0.01875 0.0643457
v -0.054316449999999995 0.01875 0.0544479
v -0.05392045000000001 0.01875 0.0546057
v -0.054316449999999995 -0.01875 0.0544479
v -0.05392045000000001 -0.01875 0.0546057
v -0.05392045000000001 0.00625 0.0641879
v -0.05405245 0.00625 0.0642405
v -0.05418445 0.00625 0.0642931
v -0.054316449999999995 0.00625 0.0643457
v -0.05392045000000001 -0.00625 0.0641879
v -0.05405245 -0.00625 0.0642405
v -0.05418445 -0.00625 0.0642931
v -0.054316449999999995 -0.00625 0.0643457
v -0.054316449999999995 0.00625 0.0544479
v -0.05418445 0.00625 0.0545005
v -0.05405245 0.00625 0.0545531
v -0.05392045000000001 0.00625 0.0546057
v -0.054316449999999995 -0.00625 0.0544479
v -0.05418445 -0.00625 0.0545005
v -0.05405245 -0.00625 0.0545531
v -0.05392045000000001 -0.00625 0.0546057
v 0.055199375 0.01875 0.056876724999999996
v 0.055419125 0.01875 0.056511475000000005
v 0.055199375 -0.01875 0.056876724999999996
v 0.055419125 -0.01875 0.056511475000000005
v 0.064183175 0.01875 0.056511475000000005
v 0.064402925 0.01875 0.056876724999999996
v 0.064183175 -0.01875 0.056511475000000005
v 0.064402925 -0.01875 0.056876724999999996
v 0.055199375 0.00625 0.056876724999999996
v 0.055272625 0.00625 0.056754975
v 0.055345874999999996 0.00625 0.056633224999999995
v 0.055419125 0.00625 0.056511475000000005
v 0.055199375 -0.00625 0.056876724999999996
v 0.055272625 -0.00625 0.056754975
v 0.055345874999999996 -0.00625 0.056633224999999995
v 0.055419125 -0.00625 0.056511475000000005
v 0.064183175 0.00625 0.056511475000000005
v 0.064256425 0.00625 0.056633224999999995
v 0.064329675 0.00625 0.056754975
v 0.064402925 0.00625 0.056876724999999996
v 0.064183175 -0.00625 0.056511475000000005
v 0.064256425 -0.00625 0.056633224999999995
v 0.064329675 -0.00625 0.056754975
v 0.064402925 -0.00625 0.056876724999999996
v -0.0799518625 0.01875 0.0831418375
v -0.0796111375 0.01875 0.0833076625
v -0.0799518625 -0.01875 0.0831418375
v -0.0796111375 -0.01875 0.0833076625
v -0.0799518625 0.00625 0.0831418375
v -0.0798382875 0.00625 0.08319711249999999
v -0.0797247125 0.00625 0.08325238750000001
v -0.0796111375 0.00625 0.0833076625
v -0.0799518625 -0.00625 0.0831418375
v -0.0798382875 -0.00625 0.08319711249999999
v -0.0797247125 -0.00625 0.08325238750000001
v -0.0796111375 -0.00625 0.0833076625
v 0.032032175 0.01875 0.0859169125
v 0.032025125 0.01875 0.0861287875
v 0.032032175 -0.01875 0.0859169125
v 0.032025125 -0.01875 0.0861287875
v 0.032032175 0.00625 0.0859169125
v 0.032029825 0.00625 0.0859875375
v 0.032027475 0.00625 0.08605816250000001
v 0.032025125 0.00625 0.0861287875
v 0.032032175 -0.00625 0.0859169125
v 0.032029825 -0.00625 0.0859875375
v 0.032027475 -0.00625 0.08605816250000001
v 0.032025125 -0.00625 0.0861287875
v -0.0377841375 0.01875 0.086320275
v -0.0376004625 0.01875 0.086287125
v -0.0377841375 -0.01875 0.086320275
v -0.0376004625 -0.01875 0.086287125
v -0.0377841375 0.00625 0.086320275
v -0.0377229125 0.00625 0.086309225
v -0.0376616875 0.00625 0.086298175
v -0.0376004625 0.00625 0.086287125
v -0.0377841375 -0.00625 0.086320275
v -0.0377229125 -0.00625 0.086309225
v -0.0376616875 -0.00625 0.086298175
v -0.0376004625 -0.00625 0.086287125
v -0.03756985 -0.00625 0.0862816
v -0.03781475 -0.00625 0.08632580000000001
v -0.03756985 0.00625 0.0862816
v -0.03781475 0.00625 0.08632580000000001
v -0.03756985 -0.01875 0.0862816
v -0.03781475 -0.01875 0.08632580000000001
v -0.03756985 0.01875 0.0862816
v -0.03781475 0.01875 0.08632580000000001
v 0.03202395 -0.00625 0.08616410000000001
v 0.03203335 -0.00625 0.0858816
v 0.03202395 0.00625 0.08616410000000001
v 0.03203335 0.00625 0.0858816
v 0.03202395 -0.01875 0.08616410000000001
v 0.03203335 -0.01875 0.0858816
v 0.03202395 0.01875 0.08616410000000001
v 0.03203335 0.01875 0.0858816
v -0.07955435 -0.00625 0.0833353
v -0.08000865 -0.00625 0.0831142
v -0.07955435 0.00625 0.0833353
v -0.08000865 0.00625 0.0831142
v -0.07955435 -0.01875 0.0833353
v -0.08000865 -0.01875 0.0831142
v -0.07955435 0.01875 0.0833353
v -0.08000865 0.01875 0.0831142
v 0.06443955 -0.00625 0.056937600000000005
v 0.06414655 -0.00625 0.056450600000000004
v 0.06443955 0.00625 0.056937600000000005
v 0.06414655 0.00625 0.056450600000000004
v 0.055455750000000005 -0.00625 0.056450600000000004
v 0.05516275 -0.00625 0.056937600000000005
v 0.055455750000000005 0.00625 0.056450600000000004
v 0.05516275 0.00625 0.056937600000000005
v 0.06443955 -0.01875 0.056937600000000005
v 0.06414655 -0.01875 0.056450600000000004
v 0.06443955 0.01875 0.056937600000000005
v 0.06414655 0.01875 0.056450600000000004
v 0.055455750000000005 -0.01875 0.056450600000000004
v 0.05516275 -0.01875 0.056937600000000005
v 0.055455750000000005 0.01875 0.056450600000000004
v 0.05516275 0.01875 0.056937600000000005
v -0.05385445 -0.00625 0.054632
v -0.054382450000000006 -0.00625 0.05442160000000001
v -0.05385445 0.00625 0.054632
v -0.054382450000000006 0.00625 0.05442160000000001
v -0.054382450000000006 -0.00625 0.064372
v -0.05385445 -0.00625 0.0641616
v -0.054382450000000006 0.00625 0.064372
v -0.05385445 0.00625 0.0641616
v -0.05385445 -0.01875 0.054632
v -0.054382450000000006 -0.01875 0.05442160000000001
v -0.05385445 0.01875 0.054632
v -0.054382450000000006 0.01875 0.05442160000000001
v -0.054382450000000006 -0.01875 0.064372
v -0.05385445 -0.01875 0.0641616
v -0.054382450000000006 0.01875 0.064372
v -0.05385445 0.01875 0.0641616
v -0.05087795 -0.00625 0.0585474
v -0.05100015 -0.00625 0.0579923
v -0.05087795 0.00625 0.0585474
v -0.05100015 0.00625 0.0579923
v -0.061117450000000004 -0.00625 0.0579923
v -0.06123965 -0.00625 0.0585474
v -0.061117450000000004 0.00625 0.0579923
v -0.06123965 0.00625 0.0585474
v 0.06498195 -0.00625 0.0585474
v 0.06485975 -0.00625 0.0579923
v 0.06498195 0.00625 0.0585474
v 0.06485975 0.00625 0.0579923
v 0.05474255 -0.00625 0.0579923
v 0.054620350000000005 -0.00625 0.0585474
v 0.05474255 0.00625 0.0579923
v 0.054620350000000005 0.00625 0.0585474
v -0.05087795 -0.01875 0.0585474
v -0.05100015 -0.01875 0.0579923
v -0.05087795 0.01875 0.0585474
v -0.05100015 0.01875 0.0579923
v -0.061117450000000004 -0.01875 0.0579923
v -0.06123965 -0.01875 0.0585474
v -0.061117450000000004 0.01875 0.0579923
v -0.06123965 0.01875 0.0585474
v 0.06498195 -0.01875 0.0585474
v 0.06485975 -0.01875 0.0579923
v 0.06498195 0.01875 0.0585474
v 0.06485975 0.01875 0.0579923
v 0.05474255 -0.01875 0.0579923
v 0.054620350000000005 -0.01875 0.0585474
v 0.05474255 0.01875 0.0579923
v 0.054620350000000005 0.01875 0.0585474
v -0.051420350000000004 -0.00625 0.056937600000000005
v -0.051713449999999994 -0.00625 0.056450600000000004
v -0.051420350000000004 0.00625 0.056937600000000005
v -0.051713449999999994 0.00625 0.056450600000000004
v -0.060404150000000004 -0.00625 0.056450600000000004
v -0.06069725 -0.00625 0.056937600000000005
v -0.060404150000000004 0.00625 0.056450600000000004
v -0.06069725 0.00625 0.056937600000000005
v -0.051420350000000004 -0.01875 0.056937600000000005
v -0.051713449999999994 -0.01875 0.056450600000000004
v -0.051420350000000004 0.01875 0.056937600000000005
v -0.051713449999999994 0.01875 0.056450600000000004
v -0.060404150000000004 -0.01875 0.056450600000000004
v -0.06069725 -0.01875 0.056937600000000005
v -0.060404150000000004 0.01875 0.056450600000000004
v -0.06069725 0.01875 0.056937600000000005
v -0.050816549999999995 -0.00625 0.059681
v -0.050816549999999995 -0.00625 0.05911260000000001
v -0.050816549999999995 0.00625 0.059681
v -0.050816549999999995 0.00625 0.05911260000000001
v -0.06130115 -0.00625 0.05911260000000001
v -0.06130115 -0.00625 0.059681
v -0.06130115 0.00625 0.05911260000000001
v -0.06130115 0.00625 0.059681
v 0.06504345 -0.00625 0.059681
v 0.06504345 -0.00625 0.05911260000000001
v 0.06504345 0.00625 0.059681
v 0.06504345 0.00625 0.05911260000000001
v 0.054558850000000006 -0.00625 0.05911260000000001
v 0.054558850000000006 -0.00625 0.059681
v 0.054558850000000006 0.00625 0.05911260000000001
v 0.054558850000000006 0.00625 0.059681
v -0.050816549999999995 -0.01875 0.059681
v -0.050816549999999995 -0.01875 0.05911260000000001
v -0.050816549999999995 0.01875 0.059681
v -0.050816549999999995 0.01875 0.05911260000000001
v -0.06130115 -0.01875 0.05911260000000001
v -0.06130115 -0.01875 0.059681
v -0.06130115 0.01875 0.05911260000000001
v -0.06130115 0.01875 0.059681
v 0.06504345 -0.01875 0.059681
v 0.06504345 -0.01875 0.05911260000000001
v 0.06504345 0.01875 0.059681
v 0.06504345 0.01875 0.05911260000000001
v 0.054558850000000006 -0.01875 0.05911260000000001
v 0.054558850000000006 -0.01875 0.059681
v 0.054558850000000006 0.01875 0.05911260000000001
v 0.054558850000000006 0.01875 0.059681
v -0.05773515 -0.00625 0.064372
v -0.05718745 -0.00625 0.064524
v -0.05773515 0.00625 0.064372
v -0.05718745 0.00625 0.064524
v 0.060929750000000005 -0.00625 0.064524
v 0.061477449999999996 -0.00625 0.064372
v 0.060929750000000005 0.00625 0.064524
v 0.061477449999999996 0.00625 0.064372
v 0.05812485 -0.00625 0.064372
v 0.058672550000000004 -0.00625 0.064524
v 0.05812485 0.00625 0.064372
v 0.058672550000000004 0.00625 0.064524
v -0.05773515 -0.01875 0.064372
v -0.05718745 -0.01875 0.064524
v -0.05773515 0.01875 0.064372
v -0.05718745 0.01875 0.064524
v 0.060929750000000005 -0.01875 0.064524
v 0.061477449999999996 -0.01875 0.064372
v 0.060929750000000005 0.01875 0.064524
v 0.061477449999999996 0.01875 0.064372
v 0.05812485 -0.01875 0.064372
v 0.058672550000000004 -0.01875 0.064524
v 0.05812485 0.01875 0.064372
v 0.058672550000000004 0.01875 0.064524
v -0.051420350000000004 -0.00625 0.061855900000000005
v -0.05118175 -0.00625 0.061340000000000006
v -0.051420350000000004 0.00625 0.061855900000000005
v -0.05118175 0.00625 0.061340000000000006
v -0.051420350000000004 -0.01875 0.061855900000000005
v -0.05118175 -0.01875 0.061340000000000006
v -0.051420350000000004 0.01875 0.061855900000000005
v -0.05118175 0.01875 0.061340000000000006
v -0.05244845 -0.00625 0.055585300000000004
v -0.05288165 -0.00625 0.0552173
v -0.05244845 0.00625 0.055585300000000004
v -0.05288165 0.00625 0.0552173
v -0.05288165 -0.00625 0.0635763
v -0.05244845 -0.00625 0.0632083
v -0.05288165 0.00625 0.0635763
v -0.05244845 0.00625 0.0632083
v 0.06341155 -0.00625 0.055585300000000004
v 0.06297835 -0.00625 0.0552173
v 0.06341155 0.00625 0.055585300000000004
v 0.06297835 0.00625 0.0552173
v 0.06297835 -0.00625 0.0635763
v 0.06341155 -0.00625 0.0632083
v 0.06297835 0.00625 0.0635763
v 0.06341155 0.00625 0.0632083
v 0.05619075 -0.00625 0.0632083
v 0.05662395 -0.00625 0.0635763
v 0.05619075 0.00625 0.0632083
v 0.05662395 0.00625 0.0635763
v 0.05662395 -0.00625 0.0552173
v 0.05619075 -0.00625 0.055585300000000004
v 0.05662395 0.00625 0.0552173
v 0.05619075 0.00625 0.055585300000000004
v -0.05244845 -0.01875 0.055585300000000004
v -0.05288165 -0.01875 0.0552173
v -0.05244845 0.01875 0.055585300000000004
v -0.05288165 0.01875 0.0552173
v 0.05662395 -0.01875 0.0552173
v 0.05619075 -0.01875 0.055585300000000004
v 0.05662395 0.01875 0.0552173
v 0.05619075 0.01875 0.055585300000000004
v -0.05288165 -0.01875 0.0635763
v -0.05244845 -0.01875 0.0632083
v -0.05288165 0.01875 0.0635763
v -0.05244845 0.01875 0.0632083
v 0.06341155 -0.01875 0.055585300000000004
v 0.06297835 -0.01875 0.0552173
v 0.06341155 0.01875 0.055585300000000004
v 0.06297835 0.01875 0.0552173
v 0.06297835 -0.01875 0.0635763
v 0.06341155 -0.01875 0.0632083
v 0.06297835 0.01875 0.0635763
v 0.06341155 0.01875 0.0632083
v 0.05619075 -0.01875 0.0632083
v 0.05662395 -0.01875 0.0635763
v 0.05619075 0.01875 0.0632083
v 0.05662395 0.01875 0.0635763
v -0.05087795 0.00625 0.060246100000000004
v -0.05087795 -0.00625 0.060246100000000004
v -0.05087795 0.01875 0.060246100000000004
v -0.05087795 -0.01875 0.060246100000000004
v -0.05718745 -0.00625 0.0542695
v -0.05773515 -0.00625 0.05442160000000001
v -0.05718745 0.00625 0.0542695
v -0.05773515 0.00625 0.05442160000000001
v 0.061477449999999996 -0.00625 0.05442160000000001
v 0.060929750000000005 -0.00625 0.0542695
v 0.061477449999999996 0.00625 0.05442160000000001
v 0.060929750000000005 0.00625 0.0542695
v 0.058672550000000004 -0.00625 0.0542695
v 0.05812485 -0.00625 0.05442160000000001
v 0.058672550000000004 0.00625 0.0542695
v 0.05812485 0.00625 0.05442160000000001
v -0.05718745 -0.01875 0.0542695
v -0.05773515 -0.01875 0.05442160000000001
v -0.05718745 0.01875 0.0542695
v -0.05773515 0.01875 0.05442160000000001
v 0.061477449999999996 -0.01875 0.05442160000000001
v 0.060929750000000005 -0.01875 0.0542695
v 0.061477449999999996 0.01875 0.05442160000000001
v 0.060929750000000005 0.01875 0.0542695
v 0.058672550000000004 -0.01875 0.0542695
v 0.05812485 -0.01875 0.05442160000000001
v 0.058672550000000004 0.01875 0.0542695
v 0.05812485 0.01875 0.05442160000000001
v 0.06414655 -0.00625 0.062343
v 0.06443955 -0.00625 0.061855900000000005
v 0.06414655 0.00625 0.062343
v 0.06443955 0.00625 0.061855900000000005
v 0.05516275 -0.00625 0.061855900000000005
v 0.055455750000000005 -0.00625 0.062343
v 0.05516275 0.00625 0.061855900000000005
v 0.055455750000000005 0.00625 0.062343
v 0.06414655 -0.01875 0.062343
v 0.06443955 -0.01875 0.061855900000000005
v 0.06414655 0.01875 0.062343
v 0.06443955 0.01875 0.061855900000000005
v 0.05516275 -0.01875 0.061855900000000005
v 0.055455750000000005 -0.01875 0.062343
v 0.05516275 0.01875 0.061855900000000005
v 0.055455750000000005 0.01875 0.062343
v -0.05549125 -0.00625 0.054177600000000006
v -0.05605885 -0.00625 0.054146799999999995
v -0.05549125 0.00625 0.054177600000000006
v -0.05605885 0.00625 0.054146799999999995
v -0.05605885 -0.00625 0.0646468
v -0.05549125 -0.00625 0.06461599999999999
v -0.05605885 0.00625 0.0646468
v -0.05549125 0.00625 0.06461599999999999
v -0.05662645 0.00625 0.06461599999999999
v -0.05662645 -0.00625 0.06461599999999999
v -0.05662645 -0.00625 0.054177600000000006
v -0.05662645 0.00625 0.054177600000000006
v 0.060368750000000006 -0.00625 0.054177600000000006
v 0.05980115 -0.00625 0.054146799999999995
v 0.060368750000000006 0.00625 0.054177600000000006
v 0.05980115 0.00625 0.054146799999999995
v 0.05980115 -0.00625 0.0646468
v 0.060368750000000006 -0.00625 0.06461599999999999
v 0.05980115 0.00625 0.0646468
v 0.060368750000000006 0.00625 0.06461599999999999
v 0.05923355 0.00625 0.06461599999999999
v 0.05923355 -0.00625 0.06461599999999999
v 0.05923355 -0.00625 0.054177600000000006
v 0.05923355 0.00625 0.054177600000000006
v -0.05549125 -0.01875 0.054177600000000006
v -0.05605885 -0.01875 0.054146799999999995
v -0.05549125 0.01875 0.054177600000000006
v -0.05605885 0.01875 0.054146799999999995
v -0.05605885 -0.01875 0.0646468
v -0.05549125 -0.01875 0.06461599999999999
v -0.05605885 0.01875 0.0646468
v -0.05549125 0.01875 0.06461599999999999
v -0.05662645 0.01875 0.06461599999999999
v -0.05662645 -0.01875 0.06461599999999999
v -0.05662645 -0.01875 0.054177600000000006
v -0.05662645 0.01875 0.054177600000000006
v 0.060368750000000006 -0.01875 0.054177600000000006
v 0.05980115 -0.01875 0.054146799999999995
v 0.060368750000000006 0.01875 0.054177600000000006
v 0.05980115 0.01875 0.054146799999999995
v 0.05980115 -0.01875 0.0646468
v 0.060368750000000006 -0.01875 0.06461599999999999
v 0.05980115 0.01875 0.0646468
v 0.060368750000000006 0.01875 0.06461599999999999
v 0.05923355 0.01875 0.06461599999999999
v 0.05923355 -0.01875 0.06461599999999999
v 0.05923355 -0.01875 0.054177600000000006
v 0.05923355 0.01875 0.054177600000000006
v -0.06123965 -0.00625 0.060246100000000004
v -0.06123965 0.00625 0.060246100000000004
v 0.06498195 0.00625 0.060246100000000004
v 0.06498195 -0.00625 0.060246100000000004
v 0.054620350000000005 -0.00625 0.060246100000000004
v 0.054620350000000005 0.00625 0.060246100000000004
v -0.06123965 -0.01875 0.060246100000000004
v -0.06123965 0.01875 0.060246100000000004
v 0.06498195 0.01875 0.060246100000000004
v 0.06498195 -0.01875 0.060246100000000004
v 0.054620350000000005 -0.01875 0.060246100000000004
v 0.054620350000000005 0.01875 0.060246100000000004
v -0.058765450000000004 -0.00625 0.0638953
v -0.058263249999999996 -0.00625 0.0641616
v -0.058765450000000004 0.00625 0.0638953
v -0.058263249999999996 0.00625 0.0641616
v -0.058263249999999996 -0.00625 0.054632
v -0.058765450000000004 -0.00625 0.054898300000000004
v -0.058263249999999996 0.00625 0.054632
v -0.058765450000000004 0.00625 0.054898300000000004
v -0.058765450000000004 -0.01875 0.0638953
v -0.058263249999999996 -0.01875 0.0641616
v -0.058765450000000004 0.01875 0.0638953
v -0.058263249999999996 0.01875 0.0641616
v -0.058263249999999996 -0.01875 0.054632
v -0.058765450000000004 -0.01875 0.054898300000000004
v -0.058263249999999996 0.01875 0.054632
v -0.058765450000000004 0.01875 0.054898300000000004
v -0.06006015 -0.00625 0.06279560000000001
v -0.05966925 -0.00625 0.0632083
v -0.06006015 0.00625 0.06279560000000001
v -0.05966925 0.00625 0.0632083
v -0.05966925 -0.00625 0.055585300000000004
v -0.06006015 -0.00625 0.055998
v -0.05966925 0.00625 0.055585300000000004
v -0.06006015 0.00625 0.055998
v 0.06380245000000001 0.00625 0.055998
v 0.06380245000000001 -0.00625 0.055998
v 0.06380245000000001 -0.00625 0.06279560000000001
v 0.06380245000000001 0.00625 0.06279560000000001
v 0.06380245000000001 0.01875 0.055998
v 0.06380245000000001 -0.01875 0.055998
v 0.06380245000000001 -0.01875 0.06279560000000001
v 0.06380245000000001 0.01875 0.06279560000000001
v -0.06006015 -0.01875 0.06279560000000001
v -0.05966925 -0.01875 0.0632083
v -0.06006015 0.01875 0.06279560000000001
v -0.05966925 0.01875 0.0632083
v -0.05966925 -0.01875 0.055585300000000004
v -0.06006015 -0.01875 0.055998
v -0.05966925 0.01875 0.055585300000000004
v -0.06006015 0.01875 0.055998
v -0.060935949999999996 -0.00625 0.061340000000000006
v -0.06069725 -0.00625 0.061855900000000005
v -0.060935949999999996 0.00625 0.061340000000000006
v -0.06069725 0.00625 0.061855900000000005
v 0.06467825 -0.00625 0.061340000000000006
v 0.06467825 0.00625 0.061340000000000006
v 0.05492405 0.00625 0.061340000000000006
v 0.05492405 -0.00625 0.061340000000000006
v -0.060935949999999996 -0.01875 0.061340000000000006
v -0.06069725 -0.01875 0.061855900000000005
v -0.060935949999999996 0.01875 0.061340000000000006
v -0.06069725 0.01875 0.061855900000000005
v 0.06467825 -0.01875 0.061340000000000006
v 0.06467825 0.01875 0.061340000000000006
v 0.05492405 0.01875 0.061340000000000006
v 0.05492405 -0.01875 0.061340000000000006
v -0.05335215 -0.01875 0.054898300000000004
v -0.05335215 0.01875 0.054898300000000004
v -0.05335215 0.01875 0.0638953
v -0.05335215 -0.01875 0.0638953
v 0.06250785 -0.01875 0.054898300000000004
v 0.06250785 0.01875 0.054898300000000004
v 0.06250785 0.01875 0.0638953
v 0.06250785 -0.01875 0.0638953
v 0.05709445 -0.01875 0.0638953
v 0.05709445 0.01875 0.0638953
v 0.05709445 0.01875 0.054898300000000004
v 0.05709445 -0.01875 0.054898300000000004
v 0.05709445 0.00625 0.054898300000000004
v 0.05709445 -0.00625 0.054898300000000004
v 0.05709445 0.00625 0.0638953
v 0.05709445 -0.00625 0.0638953
v 0.06250785 0.00625 0.0638953
v 0.06250785 -0.00625 0.0638953
v 0.06250785 0.00625 0.054898300000000004
v 0.06250785 -0.00625 0.054898300000000004
v -0.05335215 0.00625 0.0638953
v -0.05335215 -0.00625 0.0638953
v -0.05335215 0.00625 0.054898300000000004
v -0.05335215 -0.00625 0.054898300000000004
v -0.059235949999999996 0.00625 0.0635763
v -0.059235949999999996 -0.00625 0.0635763
v -0.059235949999999996 -0.00625 0.0552173
v -0.059235949999999996 0.00625 0.0552173
v -0.059235949999999996 0.01875 0.0635763
v -0.059235949999999996 -0.01875 0.0635763
v -0.059235949999999996 -0.01875 0.0552173
v -0.059235949999999996 0.01875 0.0552173
v -0.061117450000000004 0.00625 0.060801299999999996
v -0.061117450000000004 -0.00625 0.060801299999999996
v -0.060935949999999996 0.00625 0.0574536
v -0.060935949999999996 -0.00625 0.0574536
v 0.06467825 -0.00625 0.0574536
v 0.06467825 0.00625 0.0574536
v 0.06485975 -0.00625 0.060801299999999996
v 0.06485975 0.00625 0.060801299999999996
v 0.05474255 0.00625 0.060801299999999996
v 0.05474255 -0.00625 0.060801299999999996
v 0.05492405 0.00625 0.0574536
v 0.05492405 -0.00625 0.0574536
v -0.061117450000000004 0.01875 0.060801299999999996
v -0.061117450000000004 -0.01875 0.060801299999999996
v -0.060935949999999996 0.01875 0.0574536
v -0.060935949999999996 -0.01875 0.0574536
v 0.06467825 -0.01875 0.0574536
v 0.06467825 0.01875 0.0574536
v 0.06485975 -0.01875 0.060801299999999996
v 0.06485975 0.01875 0.060801299999999996
v 0.05474255 0.01875 0.060801299999999996
v 0.05474255 -0.01875 0.060801299999999996
v 0.05492405 0.01875 0.0574536
v 0.05492405 -0.01875 0.0574536
v 0.06200555 0.00625 0.054632
v 0.06200555 -0.00625 0.054632
v 0.06200555 -0.00625 0.0641616
v 0.06200555 0.00625 0.0641616
v 0.057596749999999995 0.00625 0.0641616
v 0.057596749999999995 -0.00625 0.0641616
v 0.057596749999999995 -0.00625 0.054632
v 0.057596749999999995 0.00625 0.054632
v 0.06200555 0.01875 0.054632
v 0.06200555 -0.01875 0.054632
v 0.06200555 -0.01875 0.0641616
v 0.06200555 0.01875 0.0641616
v 0.057596749999999995 0.01875 0.0641616
v 0.057596749999999995 -0.01875 0.0641616
v 0.057596749999999995 -0.01875 0.054632
v 0.057596749999999995 0.01875 0.054632
v -0.05493025000000001 0.01875 0.0542695
v -0.05493025000000001 -0.01875 0.0542695
v -0.05493025000000001 0.00625 0.0542695
v -0.05493025000000001 -0.00625 0.0542695
v -0.051713449999999994 0.00625 0.062343
v -0.051713449999999994 -0.00625 0.062343
v -0.060404150000000004 -0.00625 0.062343
v -0.060404150000000004 0.00625 0.062343
v -0.051713449999999994 0.01875 0.062343
v -0.051713449999999994 -0.01875 0.062343
v -0.060404150000000004 -0.01875 0.062343
v -0.060404150000000004 0.01875 0.062343
v -0.05118175 -0.00625 0.0574536
v -0.05118175 0.00625 0.0574536
v -0.05100015 -0.00625 0.060801299999999996
v -0.05100015 0.00625 0.060801299999999996
v -0.05100015 -0.01875 0.060801299999999996
v -0.05100015 0.01875 0.060801299999999996
v -0.05118175 -0.01875 0.0574536
v -0.05118175 0.01875 0.0574536
v -0.052057450000000005 -0.00625 0.055998
v -0.052057450000000005 0.00625 0.055998
v -0.052057450000000005 0.00625 0.06279560000000001
v -0.052057450000000005 -0.00625 0.06279560000000001
v 0.05579975 -0.00625 0.06279560000000001
v 0.05579975 0.00625 0.06279560000000001
v 0.05579975 0.00625 0.055998
v 0.05579975 -0.00625 0.055998
v -0.052057450000000005 -0.01875 0.055998
v -0.052057450000000005 0.01875 0.055998
v -0.052057450000000005 0.01875 0.06279560000000001
v -0.052057450000000005 -0.01875 0.06279560000000001
v 0.05579975 -0.01875 0.06279560000000001
v 0.05579975 0.01875 0.06279560000000001
v 0.05579975 0.01875 0.055998
v 0.05579975 -0.01875 0.055998
v -0.05493025000000001 -0.01875 0.064524
v -0.05493025000000001 0.01875 0.064524
v -0.05493025000000001 0.00625 0.064524
v -0.05493025000000001 -0.00625 0.064524
v 0.04119965 -0.00625 0.084848
v 0.04064095 -0.00625 0.085245
v 0.04119965 0.00625 0.084848
v 0.04064095 0.00625 0.085245
v 0.04119965 -0.01875 0.084848
v 0.04064095 -0.01875 0.085245
v 0.04119965 0.01875 0.084848
v 0.04064095 0.01875 0.085245
v 0.040111850000000004 -0.00625 0.0857103
v 0.03964435 -0.00625 0.0862144
v 0.040111850000000004 0.00625 0.0857103
v 0.03964435 0.00625 0.0862144
v 0.040111850000000004 -0.01875 0.0857103
v 0.03964435 -0.01875 0.0862144
v 0.040111850000000004 0.01875 0.0857103
v 0.03964435 0.01875 0.0862144
v 0.041803549999999995 0.00625 0.0845043
v 0.041803549999999995 -0.00625 0.0845043
v 0.041803549999999995 0.01875 0.0845043
v 0.041803549999999995 -0.01875 0.0845043
v 0.04247375 0.00625 0.0842049
v 0.04247375 -0.00625 0.0842049
v 0.04247375 0.01875 0.0842049
v 0.04247375 -0.01875 0.0842049
v 0.03916045 -0.00625 0.0868567
v 0.03916045 0.00625 0.0868567
v 0.03916045 -0.01875 0.0868567
v 0.03916045 0.01875 0.0868567
v 0.04324165 0.00625 0.0839448
v 0.04324165 -0.00625 0.0839448
v 0.04324165 0.01875 0.0839448
v 0.04324165 -0.01875 0.0839448
v -0.08391995 -0.00625 0.0798446
v -0.08438504999999999 -0.00625 0.079089
v -0.08391995 0.00625 0.0798446
v -0.08438504999999999 0.00625 0.079089
v -0.08391995 -0.01875 0.0798446
v -0.08438504999999999 -0.01875 0.079089
v -0.08391995 0.01875 0.0798446
v -0.08438504999999999 0.01875 0.079089
v -0.08337595 0.00625 0.0805505
v -0.08337595 -0.00625 0.0805505
v -0.08337595 0.01875 0.0805505
v -0.08337595 -0.01875 0.0805505
v -0.08477755000000001 -0.00625 0.0782646
v -0.08477755000000001 0.00625 0.0782646
v -0.08477755000000001 -0.01875 0.0782646
v -0.08477755000000001 0.01875 0.0782646
v -0.08508105 -0.00625 0.0774007
v -0.08508105 0.00625 0.0774007
v -0.08508105 -0.01875 0.0774007
v -0.08508105 0.01875 0.0774007
v -0.08529624999999999 -0.00625 0.07650850000000001
v -0.08529624999999999 0.00625 0.07650850000000001
v -0.08529624999999999 -0.01875 0.07650850000000001
v -0.08529624999999999 0.01875 0.07650850000000001
v -0.08273925 0.00625 0.08122159999999999
v -0.08273925 -0.00625 0.08122159999999999
v -0.08273925 0.01875 0.08122159999999999
v -0.08273925 -0.01875 0.08122159999999999
v 0.02568005 -0.00625 0.105793
v 0.026439249999999997 -0.00625 0.105257
v 0.02568005 0.00625 0.105793
v 0.026439249999999997 0.00625 0.105257
v 0.02568005 -0.01875 0.105793
v 0.026439249999999997 -0.01875 0.105257
v 0.02568005 0.01875 0.105793
v 0.026439249999999997 0.01875 0.105257
v 0.03867625 -0.00625 0.08765440000000001
v 0.03867625 0.00625 0.08765440000000001
v 0.03867625 -0.01875 0.08765440000000001
v 0.03867625 0.01875 0.08765440000000001
v 0.02717905 -0.00625 0.10461000000000001
v 0.02782565 -0.00625 0.10391299999999999
v 0.02717905 0.00625 0.10461000000000001
v 0.02782565 0.00625 0.10391299999999999
v 0.02717905 -0.01875 0.10461000000000001
v 0.02782565 -0.01875 0.10391299999999999
v 0.02717905 0.01875 0.10461000000000001
v 0.02782565 0.01875 0.10391299999999999
v -0.03879025 -0.00625 0.0864393
v -0.03879025 0.00625 0.0864393
v -0.03879025 -0.01875 0.0864393
v -0.03879025 0.01875 0.0864393
v -0.08198875 0.00625 0.0818683
v -0.08198875 -0.00625 0.0818683
v -0.08198875 0.01875 0.0818683
v -0.08198875 -0.01875 0.0818683
v -0.08543575 -0.00625 0.0755098
v -0.08543575 0.00625 0.0755098
v -0.08543575 -0.01875 0.0755098
v -0.08543575 0.01875 0.0755098
v 0.02844175 -0.00625 0.103105
v 0.02844175 0.00625 0.103105
v 0.02844175 -0.01875 0.103105
v 0.02844175 0.01875 0.103105
v 0.024788450000000004 0.00625 0.1063
v 0.024788450000000004 -0.00625 0.1063
v 0.024788450000000004 0.01875 0.1063
v 0.024788450000000004 -0.01875 0.1063
v 0.030505550000000003 -0.00625 0.10774900000000001
v 0.029709850000000003 -0.00625 0.108437
v 0.030505550000000003 0.00625 0.10774900000000001
v 0.029709850000000003 0.00625 0.108437
v 0.030505550000000003 -0.01875 0.10774900000000001
v 0.029709850000000003 -0.01875 0.108437
v 0.030505550000000003 0.01875 0.10774900000000001
v 0.029709850000000003 0.01875 0.108437
v -0.08109345 0.00625 0.082498
v -0.08109345 -0.00625 0.082498
v -0.08109345 0.01875 0.082498
v -0.08109345 -0.01875 0.082498
v 0.03127715 0.00625 0.10693
v 0.03127715 -0.00625 0.10693
v 0.03127715 0.01875 0.10693
v 0.03127715 -0.01875 0.10693
v 0.03196275 0.00625 0.106037
v 0.03196275 -0.00625 0.106037
v 0.03196275 0.01875 0.106037
v 0.03196275 -0.01875 0.106037
v 0.022642250000000003 -0.00625 0.107152
v 0.023707950000000002 -0.00625 0.106783
v 0.022642250000000003 0.00625 0.107152
v 0.023707950000000002 0.00625 0.106783
v 0.022642250000000003 -0.01875 0.107152
v 0.023707950000000002 -0.01875 0.106783
v 0.022642250000000003 0.01875 0.107152
v 0.023707950000000002 0.01875 0.106783
v 0.02878775 -0.00625 0.10908799999999999
v 0.02878775 0.00625 0.10908799999999999
v 0.02878775 -0.01875 0.10908799999999999
v 0.02878775 0.01875 0.10908799999999999
v -0.08548315000000001 -0.00625 0.0743688
v -0.08548315000000001 0.00625 0.0743688
v -0.08548315000000001 -0.01875 0.0743688
v -0.08548315000000001 0.01875 0.0743688
v 0.044361050000000006 0.00625 0.0836833
v 0.044361050000000006 -0.00625 0.0836833
v 0.044361050000000006 0.01875 0.0836833
v 0.044361050000000006 -0.01875 0.0836833
v 0.03649705 -0.00625 0.0936737
v 0.03618625 -0.00625 0.09481310000000001
v 0.03649705 0.00625 0.0936737
v 0.03618625 0.00625 0.09481310000000001
v 0.03649705 -0.01875 0.0936737
v 0.03618625 -0.01875 0.09481310000000001
v 0.03649705 0.01875 0.0936737
v 0.03618625 0.01875 0.09481310000000001
v 0.02908465 -0.00625 0.102061
v 0.02908465 0.00625 0.102061
v 0.02908465 -0.01875 0.102061
v 0.02908465 0.01875 0.102061
v 0.027705950000000003 -0.00625 0.109703
v 0.027705950000000003 0.00625 0.109703
v 0.027705950000000003 -0.01875 0.109703
v 0.027705950000000003 0.01875 0.109703
v 0.03812915 -0.00625 0.0887754
v 0.03812915 0.00625 0.0887754
v 0.03812915 -0.01875 0.0887754
v 0.03812915 0.01875 0.0887754
v -0.04005005 -0.00625 0.08646240000000001
v -0.04005005 0.00625 0.08646240000000001
v -0.04005005 -0.01875 0.08646240000000001
v -0.04005005 0.01875 0.08646240000000001
v 0.032644150000000004 0.00625 0.104957
v 0.032644150000000004 -0.00625 0.104957
v 0.032644150000000004 0.01875 0.104957
v 0.032644150000000004 -0.01875 0.104957
v 0.02965565 -0.01875 0.100895
v 0.02965565 0.01875 0.100895
v 0.02965565 -0.00625 0.100895
v 0.02965565 0.00625 0.100895
v -0.08540924999999999 -0.00625 0.0730362
v -0.08540924999999999 0.00625 0.0730362
v -0.08540924999999999 -0.01875 0.0730362
v -0.08540924999999999 0.01875 0.0730362
v -0.01917325 -0.00625 0.102127
v -0.01806775 -0.00625 0.103113
v -0.01917325 0.00625 0.102127
v -0.01806775 0.00625 0.103113
v -0.01917325 -0.01875 0.102127
v -0.01806775 -0.01875 0.103113
v -0.01917325 0.01875 0.102127
v -0.01806775 0.01875 0.103113
v 0.02628005 -0.00625 0.11033200000000001
v 0.02628005 0.00625 0.11033200000000001
v 0.02628005 -0.01875 0.11033200000000001
v 0.02628005 0.01875 0.11033200000000001
v 0.08548315000000001 -0.00625 0.05
v 0.08535985 -0.00625 0.0515551
v 0.08548315000000001 0.00625 0.05
v 0.08535985 0.00625 0.0515551
v 0.08548315000000001 -0.01875 0.05
v 0.08535985 -0.01875 0.0515551
v 0.08548315000000001 0.01875 0.05
v 0.08535985 0.01875 0.0515551
v -0.01677775 -0.00625 0.10404400000000001
v -0.015416250000000001 -0.00625 0.104826
v -0.01677775 0.00625 0.10404400000000001
v -0.015416250000000001 0.00625 0.104826
v -0.01677775 -0.01875 0.10404400000000001
v -0.015416250000000001 -0.01875 0.104826
v -0.01677775 0.01875 0.10404400000000001
v -0.015416250000000001 0.01875 0.104826
v -0.02023765 0.00625 0.100972
v -0.02023765 -0.00625 0.100972
v -0.02023765 0.01875 0.100972
v -0.02023765 -0.01875 0.100972
v -0.08516595 -0.00625 0.0714432
v -0.08516595 0.00625 0.0714432
v -0.08516595 -0.01875 0.0714432
v -0.08516595 0.01875 0.0714432
v 0.04599785 0.00625 0.0834718
v 0.04599785 -0.00625 0.0834718
v 0.04599785 0.01875 0.0834718
v 0.04599785 -0.01875 0.0834718
v 0.024643449999999997 -0.00625 0.11086499999999999
v 0.024643449999999997 0.00625 0.11086499999999999
v 0.024643449999999997 -0.01875 0.11086499999999999
v 0.024643449999999997 0.01875 0.11086499999999999
v -0.013846849999999999 -0.00625 0.105542
v -0.013846849999999999 0.00625 0.105542
v -0.013846849999999999 -0.01875 0.105542
v -0.013846849999999999 0.01875 0.105542
v -0.02128615 0.00625 0.09958310000000001
v -0.02128615 -0.00625 0.09958310000000001
v -0.02128615 0.01875 0.09958310000000001
v -0.02128615 -0.01875 0.09958310000000001
v 0.02089125 0.00625 0.107591
v 0.02089125 -0.00625 0.107591
v 0.02089125 0.01875 0.107591
v 0.02089125 -0.01875 0.107591
v 0.030308850000000002 -0.00625 0.09915260000000001
v 0.030308850000000002 0.00625 0.09915260000000001
v 0.030308850000000002 -0.01875 0.09915260000000001
v 0.030308850000000002 0.01875 0.09915260000000001
v 0.033497650000000004 0.00625 0.103259
v 0.033497650000000004 -0.00625 0.103259
v 0.033497650000000004 0.01875 0.103259
v 0.033497650000000004 -0.01875 0.103259
v -0.08467495 -0.00625 0.0694923
v -0.08467495 0.00625 0.0694923
v -0.08467495 -0.01875 0.0694923
v -0.08467495 0.01875 0.0694923
v -0.02236005 0.00625 0.0978336
v -0.02236005 -0.00625 0.0978336
v -0.02236005 0.01875 0.0978336
v -0.02236005 -0.01875 0.0978336
v -0.02244905 -0.00625 0.107508
v -0.02416315 -0.00625 0.10637100000000001
v -0.02244905 0.00625 0.107508
v -0.02416315 0.00625 0.10637100000000001
v -0.02244905 -0.01875 0.107508
v -0.02416315 -0.01875 0.10637100000000001
v -0.02244905 0.01875 0.107508
v -0.02416315 0.01875 0.10637100000000001
v -0.02331455 0.01875 0.0959285
v -0.02331455 -0.01875 0.0959285
v -0.02331455 0.00625 0.0959285
v -0.02331455 -0.00625 0.0959285
v 0.013163560000000001 -0.00625 0.108253
v 0.015293639999999999 -0.00625 0.108193
v 0.013163560000000001 0.00625 0.108253
v 0.015293639999999999 0.00625 0.108193
v 0.013163560000000001 -0.01875 0.108253
v 0.015293639999999999 -0.01875 0.108193
v 0.013163560000000001 0.01875 0.108253
v 0.015293639999999999 0.01875 0.108193
v 0.02253145 -0.00625 0.11133900000000001
v 0.02253145 0.00625 0.11133900000000001
v 0.02253145 -0.01875 0.11133900000000001
v 0.02253145 0.01875 0.11133900000000001
v -0.02586215 -0.00625 0.104987
v -0.02586215 0.00625 0.104987
v -0.02586215 -0.01875 0.104987
v -0.02586215 0.01875 0.104987
v -0.02050465 0.00625 0.108528
v -0.02050465 -0.00625 0.108528
v -0.02050465 0.01875 0.108528
v -0.02050465 -0.01875 0.108528
v -0.01844815 0.00625 0.109362
v -0.01844815 -0.00625 0.109362
v -0.01844815 0.01875 0.109362
v -0.01844815 -0.01875 0.109362
v 0.01866965 0.00625 0.10793900000000001
v 0.01866965 -0.00625 0.10793900000000001
v 0.01866965 0.01875 0.10793900000000001
v 0.01866965 -0.01875 0.10793900000000001
v 0.08498485 -0.00625 0.0537822
v 0.08498485 0.00625 0.0537822
v 0.08498485 -0.01875 0.0537822
v 0.08498485 0.01875 0.0537822
v -0.042315250000000006 -0.00625 0.0862946
v -0.042315250000000006 0.00625 0.0862946
v -0.042315250000000006 -0.01875 0.0862946
v -0.042315250000000006 0.01875 0.0862946
v 0.06755165 -0.01875 0.0801191
v 0.06755165 0.01875 0.0801191
v 0.06755165 0.00625 0.0801191
v 0.06755165 -0.00625 0.0801191
v 0.06955485 -0.00625 0.078973
v 0.06955485 0.00625 0.078973
v 0.06955485 -0.01875 0.078973
v 0.06955485 0.01875 0.078973
v 0.03715565 0.00625 0.0914289
v 0.03715565 -0.00625 0.0914289
v 0.03715565 0.01875 0.0914289
v 0.03715565 -0.01875 0.0914289
v 0.06534225 -0.00625 0.0811104
v 0.06534225 0.00625 0.0811104
v 0.06534225 -0.01875 0.0811104
v 0.06534225 0.01875 0.0811104
v -0.02759735 -0.00625 0.10326700000000001
v -0.02759735 0.00625 0.10326700000000001
v -0.02759735 -0.01875 0.10326700000000001
v -0.02759735 0.01875 0.10326700000000001
v 0.07160555 0.00625 0.0775007
v 0.07160555 -0.00625 0.0775007
v 0.07160555 0.01875 0.0775007
v 0.07160555 -0.01875 0.0775007
v -0.011450450000000001 -0.00625 0.106369
v -0.011450450000000001 0.00625 0.106369
v -0.011450450000000001 -0.01875 0.106369
v -0.011450450000000001 0.01875 0.106369
v 0.07350355 0.00625 0.0758065
v 0.07350355 -0.00625 0.0758065
v 0.07350355 0.01875 0.0758065
v 0.07350355 -0.01875 0.0758065
v 0.030963650000000002 -0.00625 0.096661
v 0.030963650000000002 0.00625 0.096661
v 0.030963650000000002 -0.01875 0.096661
v 0.030963650000000002 0.01875 0.096661
v -0.08381125 -0.00625 0.0670486
v -0.08381125 0.00625 0.0670486
v -0.08381125 -0.01875 0.0670486
v -0.08381125 0.01875 0.0670486
v 0.07529385000000001 0.00625 0.0738564
v 0.07529385000000001 -0.00625 0.0738564
v 0.07529385000000001 0.01875 0.0738564
v 0.07529385000000001 -0.01875 0.0738564
v 0.06283305 -0.01875 0.0819544
v 0.06283305 0.01875 0.0819544
v 0.06283305 0.00625 0.0819544
v 0.06283305 -0.00625 0.0819544
v 0.01978465 -0.00625 0.111706
v 0.01978465 0.00625 0.111706
v 0.01978465 -0.01875 0.111706
v 0.01978465 0.01875 0.111706
v 0.03453615 0.00625 0.100549
v 0.03453615 -0.00625 0.100549
v 0.03453615 0.01875 0.100549
v 0.03453615 -0.01875 0.100549
v -0.02947295 -0.00625 0.101014
v -0.02947295 0.00625 0.101014
v -0.02947295 -0.01875 0.101014
v -0.02947295 0.01875 0.101014
v 0.05988895 -0.00625 0.08263870000000001
v 0.05988895 0.00625 0.08263870000000001
v 0.05988895 -0.01875 0.08263870000000001
v 0.05988895 0.01875 0.08263870000000001
v -0.01542165 0.00625 0.110261
v -0.01542165 -0.00625 0.110261
v -0.01542165 0.01875 0.110261
v -0.01542165 -0.01875 0.110261
v -0.012323150000000001 0.00625 0.11088800000000001
v -0.012323150000000001 -0.00625 0.11088800000000001
v -0.012323150000000001 0.01875 0.11088800000000001
v -0.012323150000000001 -0.01875 0.11088800000000001
v -0.08239755000000001 -0.00625 0.0639645
v -0.08239755000000001 0.00625 0.0639645
v -0.08239755000000001 -0.01875 0.0639645
v -0.08239755000000001 0.01875 0.0639645
v -0.008055050000000001 -0.00625 0.107167
v -0.008055050000000001 0.00625 0.107167
v -0.008055050000000001 -0.01875 0.107167
v -0.008055050000000001 0.01875 0.107167
v 0.05642345 -0.00625 0.08311349999999999
v 0.05642345 0.00625 0.08311349999999999
v 0.05642345 -0.01875 0.08311349999999999
v 0.05642345 0.01875 0.08311349999999999
v 0.08406495 -0.00625 0.057286000000000004
v 0.08406495 0.00625 0.057286000000000004
v 0.08406495 -0.01875 0.057286000000000004
v 0.08406495 0.01875 0.057286000000000004
v -0.03157395 -0.00625 0.09796060000000001
v -0.03157395 0.00625 0.09796060000000001
v -0.03157395 -0.01875 0.09796060000000001
v -0.03157395 0.01875 0.09796060000000001
v 0.07758555 0.00625 0.0708146
v 0.07758555 -0.00625 0.0708146
v 0.07758555 0.01875 0.0708146
v 0.07758555 -0.01875 0.0708146
v -0.024730850000000002 0.00625 0.0923391
v -0.024730850000000002 -0.00625 0.0923391
v -0.024730850000000002 0.01875 0.0923391
v -0.024730850000000002 -0.01875 0.0923391
v 0.01555516 -0.00625 0.11193199999999999
v 0.01161235 -0.00625 0.11194100000000001
v 0.01555516 0.00625 0.11193199999999999
v 0.01161235 0.00625 0.11194100000000001
v 0.01555516 -0.01875 0.11193199999999999
v 0.01161235 -0.01875 0.11194100000000001
v 0.01555516 0.01875 0.11193199999999999
v 0.01161235 0.01875 0.11194100000000001
v 0.03158255 0.01875 0.09275779999999999
v 0.03158255 -0.01875 0.09275779999999999
v 0.03158255 0.00625 0.09275779999999999
v 0.03158255 -0.00625 0.09275779999999999
v -0.04688325 -0.00625 0.0858276
v -0.04688325 0.00625 0.0858276
v -0.04688325 0.01875 0.0858276
v -0.04688325 -0.01875 0.0858276
v 0.05060535 0.00625 0.0833471
v 0.05060535 -0.00625 0.0833471
v 0.05060535 0.01875 0.0833471
v 0.05060535 -0.01875 0.0833471
v 0.08010085 0.00625 0.066661
v 0.08010085 -0.00625 0.066661
v 0.08010085 0.01875 0.066661
v 0.08010085 -0.01875 0.066661
v -0.07998675000000001 -0.00625 0.059734999999999996
v -0.07998675000000001 0.00625 0.059734999999999996
v -0.07998675000000001 -0.01875 0.059734999999999996
v -0.07998675000000001 0.01875 0.059734999999999996
v 0.08223135 0.00625 0.0622441
v 0.08223135 -0.00625 0.0622441
v 0.08223135 0.01875 0.0622441
v 0.08223135 -0.01875 0.0622441
v -0.03407505 -0.00625 0.0935562
v -0.03407505 0.00625 0.0935562
v -0.03407505 -0.01875 0.0935562
v -0.03407505 0.01875 0.0935562
v -0.00279242 -0.00625 0.10786
v -0.00279242 0.00625 0.10786
v -0.00279242 0.01875 0.10786
v -0.00279242 -0.01875 0.10786
v -0.07691955 -0.01875 0.055206099999999994
v -0.07691955 0.01875 0.055206099999999994
v -0.07691955 -0.00625 0.055206099999999994
v -0.07691955 0.00625 0.055206099999999994
v -0.00633885 0.01875 0.111548
v -0.00633885 -0.01875 0.111548
v -0.00633885 0.00625 0.111548
v -0.00633885 -0.00625 0.111548
v -0.026600850000000002 0.01875 0.0861648
v -0.026600850000000002 -0.01875 0.0861648
v -0.026600850000000002 -0.00625 0.0861648
v -0.026600850000000002 0.00625 0.0861648
v -0.07292525000000001 -0.00625 0.05
v -0.07292525000000001 0.00625 0.05
v -0.07292525000000001 -0.01875 0.05
v -0.07292525000000001 0.01875 0.05
v 0.00480622 -0.00625 0.108213
v 0.00480622 0.00625 0.108213
v 0.00480622 -0.01875 0.108213
v 0.00480622 0.01875 0.108213
v 0.00238562 0.00625 0.11182800000000001
v 0.00238562 -0.00625 0.11182800000000001
v 0.00238562 0.01875 0.11182800000000001
v 0.00238562 -0.01875 0.11182800000000001
v -0.07007965000000001 0.00625 0.08443590000000001
v -0.07007965000000001 -0.00625 0.08443590000000001
v -0.07007965000000001 0.01875 0.08443590000000001
v -0.07007965000000001 -0.01875 0.08443590000000001
v -0.058171650000000005 -0.00625 0.0852131
v -0.058171650000000005 0.00625 0.0852131
v -0.058171650000000005 -0.01875 0.0852131
v -0.058171650000000005 0.01875 0.0852131
v 0.0173748 -0.01875 0.08595240000000001
v 0.0173748 -0.00625 0.08595240000000001
v 0.0173748 0.00625 0.08595240000000001
v 0.0173748 0.01875 0.08595240000000001
v -0.0119423 0.01875 0.086094
v -0.0119423 0.00625 0.086094
v -0.0119423 -0.00625 0.086094
v -0.0119423 -0.01875 0.086094
v 0.00271625 -0.01875 0.08602320000000001
v 0.00271625 -0.00625 0.08602320000000001
v 0.00271625 0.00625 0.08602320000000001
v 0.00271625 0.01875 0.08602320000000001
v -0.0555617 -0.0100625 0.05
v 0.0681196 -0.0024375 0.05
v -0.0555617 0.0149375 0.05
v -0.03819815 0.011125000000000001 0.05
v -0.03819815 -0.0013750000000000001 0.05
v 0.050756050000000004 0.0013750000000000001 0.05
v -0.0208346 0.0073124999999999996 0.05
v 0.0333925 -0.0073124999999999996 0.05
v 0.0681196 0.0100625 0.05
v -0.0555617 0.0024375 0.05
v 0.0681196 -0.0149375 0.05
v 0.050756050000000004 -0.011125000000000001 0.05
v 0.049833775 0.025 0.0785508
v -0.0435643125 0.025 0.08391615
v -0.0780616875 0.025 0.06945825
v -0.0550634375 0.025 0.07909685
v -0.0665625625 0.025 0.07427755000000001
v 0.0670681 -0.025 0.053202125
v 0.0670681 0.025 0.053202125
v 0.0793448 0.025 0.051067375000000005
v 0.0793448 -0.025 0.051067375000000005
v 0.06650545000000001 -0.025 0.0531255
v 0.06650545000000001 0.025 0.0531255
v -0.0435337 0.025 0.083910625
v -0.06653195 0.025 0.074272025
v -0.0549716 0.025 0.079080275
v -0.077667425 0.025 0.066180525
v -0.065379775 0.025 0.064444375
v -0.06490135000000001 0.025 0.0647502
v -0.0550022125 0.025 0.0790858
v 0.07031805 -0.025 0.0774834
v -0.043472475000000003 0.025 0.08389957499999999
v -0.055673125 0.025 0.0791677875
v -0.044417875 0.025 0.08401546250000001
v -0.06692837500000001 0.025 0.07432011250000001
v -0.078183625 0.025 0.0694724375
v -0.07777575 0.025 0.06608852500000001
v -0.06570475 0.025 0.064168375
v 0.079481725 -0.025 0.0511054
v 0.079481725 0.025 0.0511054
v 0.06747887500000001 0.025 0.0533162
v 0.06747887500000001 -0.025 0.0533162
v -0.06526214999999999 0.025 0.064524125
v 0.06692785 0.025 0.05317915
v 0.06692785 -0.025 0.05317915
v -0.0237724 0.025 0.09816565000000001
v -0.032970700000000006 0.025 0.09024295
v 0.0355402438 -0.025 0.0809505625
v 0.0595739937 -0.025 0.0713402625
v 0.0425540312 -0.025 0.0710884875
v 0.0255340688 -0.025 0.0708367125
v -0.0085058562 -0.025 0.0703331625
v -0.077873475 0.025 0.06598535
v -0.065997925 0.025 0.06385885
v 0.060888275 -0.025 0.079058775
v -0.04429593750000001 0.025 0.084001275
v -0.0668064375 0.025 0.07430592500000001
v -0.0553073125 0.025 0.079125225
v -0.065596425 0.025 0.064260375
v -0.07886295 -0.025 0.06794195
v -0.0455202 0.025 0.08403567499999999
v -0.0783411 0.025 0.069475325
v -0.0564605 0.025 0.079182225
v -0.0674008 0.025 0.074328775
v 0.07961375000000001 0.025 0.051158
v 0.07961375000000001 -0.025 0.051158
v 0.06787495 -0.025 0.05347400000000001
v 0.06787495 0.025 0.05347400000000001
v 0.06734195 -0.025 0.053278175000000004
v 0.06734195 0.025 0.053278175000000004
v -0.077959475 0.025 0.0658722
v -0.066255925 0.025 0.0635194
v -0.06412565 -0.025 0.0848245
v -0.06412565 0.025 0.0848245
v -0.062565025 -0.025 0.06820567500000001
v -0.067574775 -0.025 0.07902582500000001
v 0.055096937500000005 -0.008953125 0.05
v 0.055096937500000005 0.003546875 0.05
v -0.0685843625 0.020921875000000003 0.05
v -0.0685843625 0.008421875 0.05
v -0.0685843625 -0.004078125 0.05
v -0.0685843625 -0.016578125 0.05
v 0.0377333875 -0.005140625 0.05
v 0.0290516125 -0.009484375000000001 0.05
v -0.0251754875 0.005140625 0.05
v 0.046415162499999996 -0.013296875 0.05
v -0.0512208125 0.004609375 0.05
v -0.0599025875 0.000265625 0.05
v 0.0724604875 0.012234375 0.05
v -0.0164937125 0.009484375000000001 0.05
v 0.046415162499999996 -0.000796875 0.05
v -0.0425390375 -0.003546875 0.05
v -0.0338572625 0.000796875 0.05
v -0.0338572625 0.013296875 0.05
v -0.0425390375 0.008953125 0.05
v 0.0637787125 -0.004609375 0.05
v 0.0724604875 -0.000265625 0.05
v -0.0599025875 -0.012234375 0.05
v 0.08114226249999999 -0.020921875000000003 0.05
v 0.08114226249999999 0.004078125 0.05
v 0.08114226249999999 -0.008421875 0.05
v 0.0724604875 -0.012765625000000001 0.05
v 0.0637787125 -0.017109375 0.05
v 0.0637787125 0.007890625 0.05
v -0.0599025875 0.012765625000000001 0.05
v -0.0512208125 0.017109375 0.05
v -0.0512208125 -0.007890625 0.05
v 0.08114226249999999 0.016578125 0.05
v -0.0659002 0.025 0.063962025
v 0.053302525 -0.025 0.064766
v -0.06647575 0.025 0.063154075
v -0.07803275 0.025 0.065750425
v -0.055429250000000006 0.025 0.07913941249999999
v -0.062271850000000004 -0.025 0.0685152
v -0.06747705 -0.025 0.07912899999999999
v -0.066169925 0.025 0.06363255
v -0.04893775 -0.025 0.08028952500000001
v -0.066654775 -0.025 0.06276715000000001
v -0.066654775 0.025 0.06276715000000001
v -0.07809242500000001 0.025 0.06562145
v -0.07809242500000001 -0.025 0.06562145
v -0.07813780000000001 -0.025 0.065486775
v -0.07813780000000001 0.025 0.065486775
v -0.0667909 -0.025 0.062363125000000005
v -0.0667909 0.025 0.062363125000000005
v -0.05572395 -0.025 0.079865525
v -0.066402475 0.025 0.06327585
v -0.066745525 0.025 0.062497800000000006
v -0.066745525 -0.025 0.062497800000000006
v 0.079739325 -0.025 0.051224575
v 0.079739325 0.025 0.051224575
v 0.068251675 0.025 0.053673725000000005
v 0.068251675 -0.025 0.053673725000000005
v -0.0665951 0.025 0.062896125
v 0.067742925 0.025 0.0534214
v 0.067742925 -0.025 0.0534214
v -0.062369575000000003 -0.025 0.068412025
v -0.045362725 0.025 0.0840327875
v -0.067243325 0.025 0.0743258875
v -0.055988075000000005 0.025 0.0791735625
v 0.0536986 0.025 0.0784044
v 0.0598851 0.025 0.068519
v -0.0440520625 0.025 0.0839729
v -0.02377035 0.025 0.1020635
v 0.06860455 -0.025 0.053912975
v 0.06860455 0.025 0.053912975
v 0.07985695 0.025 0.051304325000000005
v 0.07985695 -0.025 0.051304325000000005
v 0.0757839 -0.025 0.07048435
v 0.06715 -0.025 0.07813105000000001
v 0.06812610000000001 -0.025 0.05360715
v 0.06812610000000001 0.025 0.05360715
v -0.00700075 -0.025 0.07653765
v -0.04045855 -0.025 0.06852855000000001
v 0.00415185 -0.025 0.07920735
v -0.029305949999999997 -0.025 0.07119825
v -0.051611149999999995 -0.025 0.06585885
v 0.02645705 -0.025 0.08454675
v 0.01530445 -0.025 0.08187704999999999
v -0.01815335 -0.025 0.07386795
v -0.04750225 0.025 0.08388885
v -0.057876250000000004 0.025 0.07907735
v -0.06825025 0.025 0.07426585000000001
v -0.07862425 0.025 0.06945435
v -0.08270894999999999 0.025 0.0780752
v 0.06407555000000001 -0.025 0.078762975
v -0.05614555 0.025 0.07917645000000001
v -0.023496025 0.025 0.09841215
v -0.0510852125 -0.025 0.06594509999999999
v 0.0154096375 -0.025 0.0818943
v 0.0264921125 -0.025 0.0845525
v -0.040002737499999996 -0.025 0.0686033
v -0.0289202625 -0.025 0.0712615
v -0.0178377875 -0.025 0.0739197
v 0.0043271625000000005 -0.025 0.0792361
v -0.0067553125 -0.025 0.0765779
v 0.07996525 -0.025 0.05139632500000001
v 0.07996525 0.025 0.05139632500000001
v 0.06892945 0.025 0.054188975
v 0.06892945 -0.025 0.054188975
v 0.0376375 -0.025 0.08491320000000001
v -0.06994345 -0.025 0.078750675
v -0.0332368 0.025 0.0899542
v -0.0245707 0.025 0.0972994
v 0.068486925 0.025 0.053833225000000005
v 0.068486925 -0.025 0.053833225000000005
v -0.06175945 0.025 0.08082560000000001
v 0.0165214125 -0.025 0.07444057500000001
v -0.0505530875 -0.025 0.06597397499999999
v 0.026527587499999998 -0.025 0.084554425
v -0.0065069875 -0.025 0.076591375
v -0.0285300375 -0.025 0.071282675
v 0.0055098875 -0.025 0.07178622500000001
v 0.0155160625 -0.025 0.081900075
v -0.0175185125 -0.025 0.073937025
v 0.0045045375 -0.025 0.079245725
v 0.0505613375 -0.025 0.074944125
v -0.0395415625 -0.025 0.068628325
v 0.015374575 -0.025 0.08188855
v -0.018083225 -0.025 0.07387945
v -0.0067903749999999995 -0.025 0.07657215
v 0.004221975 -0.025 0.07921885
v -0.040107925 -0.025 0.06858605
v -0.051120275 -0.025 0.06593935000000001
v -0.029095575000000002 -0.025 0.07123275
v 0.0446547 0.025 0.079616625
v -0.05252745 -0.025 0.08552035000000001
v -0.05252745 0.025 0.08552035000000001
v 0.0354464125 -0.016421875 0.05
v 0.0576849625 -0.020234375 0.05
v -0.0451270625 0.020234375 0.05
v 0.0799235125 -0.024046875000000002 0.05
v -0.0673656125 0.024046875000000002 0.05
v -0.011769237500000002 0.014515625 0.05
v 0.0465656875 -0.018328125 0.05
v -0.0562463375 0.022140624999999997 0.05
v 0.0688042375 -0.022140624999999997 0.05
v -0.0228885125 0.016421875 0.05
v 0.0132078625 -0.012609375 0.05
v -0.0006499625000000001 0.012609375 0.05
v 0.010469312500000001 0.010703125 0.05
v 0.0020885875 -0.010703125 0.05
v -0.034007787500000004 0.018328125 0.05
v 0.024327137500000002 -0.014515625 0.05
v 0.020537975 -0.025 0.051044400000000004
v 0.020537975 0.025 0.051044400000000004
v -0.038865175 0.025 0.051044400000000004
v -0.038865175 -0.025 0.051044400000000004
v -0.014705625 -0.025 0.0520888
v -0.014705625 0.025 0.0520888
v -0.019064125 -0.025 0.051044400000000004
v -0.019064125 0.025 0.051044400000000004
v -0.04994922500000001 0.025 0.0531332
v -0.04994922500000001 -0.025 0.0531332
v 0.0335764375 0.025 0.07128675000000001
v 0.0445177625 0.025 0.06858165
v 0.0007524625 0.025 0.07940205
v -0.0101888625 0.025 0.08210715
v -0.0211301875 0.025 0.08481225
v 0.011693787499999999 0.025 0.07669695
v 0.0554590875 0.025 0.06587655
v 0.022635112500000002 0.025 0.07399185
v 0.0154805875 -0.025 0.08189814999999999
v -0.0396479875 -0.025 0.06862255
v -0.0065424625 -0.025 0.07658945
v -0.050588562499999996 -0.025 0.06597205
v 0.0043981125 -0.025 0.07923995
v -0.0177668375 -0.025 0.07392355
v -0.0287074125 -0.025 0.07127305
v 0.0042570375 -0.025 0.0792246
v -0.0180481625 -0.025 0.0738852
v -0.0400728625 -0.025 0.06859180000000001
v -0.0289903875 -0.025 0.07125000000000001
v 0.08006297500000001 0.025 0.0514995
v 0.08006297500000001 -0.025 0.0514995
v 0.06922262500000001 -0.025 0.0544985
v 0.06922262500000001 0.025 0.0544985
v 0.06882115 -0.025 0.054096975
v 0.06882115 0.025 0.054096975
v 0.05493315 0.025 0.0659628
v -0.010294049999999999 0.025 0.08212440000000001
v 0.033190750000000005 0.025 0.07135
v 0.00057715 0.025 0.07943080000000001
v 0.011448350000000001 0.025 0.0767372
v -0.021165250000000004 0.025 0.084818
v 0.04406195 0.025 0.0686564
v 0.02231955 0.025 0.0740436
v -0.0177313625 -0.025 0.073925475
v -0.0286009875 -0.025 0.071278825
v 0.004433587500000001 -0.025 0.079241875
v -0.0396125125 -0.025 0.068624475
v -0.0403183 -0.025 0.06855155
v -0.029165700000000003 -0.025 0.07122125
v -0.0068605 -0.025 0.07656065
v -0.02902545 -0.025 0.07124425
v -0.051190400000000004 -0.025 0.06592785
v 0.053659625 -0.025 0.064435375
v -0.0013654250000000002 -0.025 0.061967875000000006
v 0.020216075 -0.025 0.063351625
v -0.012513274999999999 -0.025 0.061606625
v 0.031363925 -0.025 0.063712875
v -0.028877950000000003 -0.025 0.060734125
v 0.042511775 -0.025 0.06407412500000001
v -0.0279254875 0.025 0.08074801559999999
v -0.0305747625 0.025 0.0699144469
v -0.0392267375 0.025 0.07033960310000001
v 0.0126851125 0.025 0.0677886656
v -0.047878712500000004 0.025 0.0707647594
v -0.0565306875 0.025 0.0711899156
v -0.0219227875 0.025 0.0694892906
v 0.08014900000000001 -0.025 0.05161265
v 0.08014900000000001 0.025 0.05161265
v 0.0694807 0.025 0.054837949999999996
v 0.0694807 -0.025 0.054837949999999996
v 0.032800525000000004 0.025 0.071371175
v 0.000399775 0.025 0.07944042500000001
v 0.011200025 0.025 0.076750675
v 0.054401025 0.025 0.065991675
v 0.022000275 0.025 0.074060925
v -0.021200725 0.025 0.084819925
v 0.043600775 0.025 0.068681425
v -0.010400475000000001 0.025 0.082130175
v 0.0549682125 0.025 0.06595705
v 0.011483412500000002 0.025 0.07673145
v -0.0102589875 0.025 0.08211865
v 0.0225649875 0.025 0.07400335000000001
v 0.0006823374999999999 0.025 0.07941355
v 0.0333660625 0.025 0.07132125
v 0.0441671375 0.025 0.06863915000000001
v -0.07830835000000001 -0.025 0.066232375
v -0.045047775000000005 0.025 0.0840270125
v -0.0286364625 -0.025 0.0712769
v -0.050659512500000003 -0.025 0.0659682
v -0.0287783625 -0.025 0.0712692
v -0.0066134125 -0.025 0.0765856
v -0.0398608375 -0.025 0.068611
v 0.0691249 0.025 0.054395325
v 0.0691249 -0.025 0.054395325
v -0.0179780375 -0.025 0.0738967
v 0.06970045 -0.025 0.0552032
v 0.06970045 0.025 0.0552032
v 0.08022225000000001 0.025 0.05173440000000001
v 0.08022225000000001 -0.025 0.05173440000000001
v -0.08037835 0.025 0.071395425
v -0.07351255 0.025 0.080089075
v 0.053868900000000004 0.025 0.0659628
v 0.021681 0.025 0.0740436
v -0.0105069 0.025 0.08212440000000001
v 0.032410299999999996 0.025 0.07135
v 0.00022239999999999998 0.025 0.07943080000000001
v 0.0109517 0.025 0.0767372
v -0.0212362 0.025 0.084818
v 0.0431396 0.025 0.0686564
v 0.0437072 0.025 0.06867565
v -0.010365 0.025 0.08212825
v 0.0112355 0.025 0.07674875
v 0.0005061999999999999 0.025 0.07943465
v 0.0329779 0.025 0.07136155
v 0.0544365 0.025 0.06598975
v 0.0222486 0.025 0.07404745
v 0.000647275 0.025 0.0794193
v 0.022529925 0.025 0.0740091
v 0.033260875 0.025 0.0713385
v 0.04413207500000001 0.025 0.0686449
v 0.08028192499999999 -0.025 0.051863400000000004
v 0.08028192499999999 0.025 0.051863400000000004
v 0.069879475 -0.025 0.055590200000000006
v 0.069879475 0.025 0.055590200000000006
v 0.069394675 -0.025 0.054724800000000004
v 0.069394675 0.025 0.054724800000000004
v -0.0176604125 -0.025 0.073929325
v -0.040248175000000004 -0.025 0.06856305
v 0.0698198 0.025 0.0554612
v 0.0698198 -0.025 0.0554612
v -0.059294849999999996 -0.025 0.06870949999999999
v -0.05854605 -0.025 0.0797119
v 0.0696272 0.025 0.05508145
v 0.0696272 -0.025 0.05508145
v 0.046415162499999996 0.013984375 0.05
v -0.0338572625 -0.013984375 0.05
v 0.05334296250000001 0.025 0.06587655
v -0.0212712625 0.025 0.08481225
v 0.0213654375 0.025 0.07399185
v 0.010706262499999999 0.025 0.07669695
v 0.0426837875 0.025 0.06858165
v 0.0320246125 0.025 0.07128675000000001
v 4.7087500000000006e-05 0.025 0.07940205
v -0.0106120875 0.025 0.08210715
v 0.043246025 0.025 0.068662175
v 0.010987175 0.025 0.076739125
v 0.021929325 0.025 0.074057075
v -0.010471425000000001 0.025 0.082126325
v 0.00032882500000000004 0.025 0.079436575
v 0.032587674999999997 0.025 0.071359625
v 0.053904375000000004 0.025 0.065964725
v 0.043671724999999995 0.025 0.068677575
v 0.032871475000000004 0.025 0.071367325
v 0.000470725 0.025 0.079436575
v 0.022213124999999997 0.025 0.074049375
v 0.0550383375 0.025 0.06594554999999999
v 0.0334361875 0.025 0.07130975
v 0.0115535375 0.025 0.07671995
v 0.0332959375 0.025 0.07133275
v 0.0443775125 0.025 0.06860465
v -0.0397898875 -0.025 0.06861485
v -0.03208535 0.025 0.0862232
v -0.03208535 -0.025 0.0862232
v 0.01602895 -0.004875 0.0575
v 0.01602895 -0.004875 0.0525
v 0.01602895 0.004875 0.0575
v 0.01602895 0.004875 0.0525
v 0.00140395 -0.00975 0.0575
v 0.00140395 -0.00975 0.0525
v 0.01115395 -0.00975 0.0575
v 0.01115395 -0.00975 0.0525
v -0.00347105 0.004875 0.0575
v -0.00347105 0.004875 0.0525
v -0.00347105 -0.004875 0.0575
v -0.00347105 -0.004875 0.0525
v 0.01115395 0.00975 0.0575
v 0.01115395 0.00975 0.0525
v 0.00140395 0.00975 0.0575
v 0.00140395 0.00975 0.0525
v 0.042238781200000006 0.025 0.06845815
v -0.021305493800000002 0.025 0.08480275000000001
v 0.0316480688 0.025 0.07118225
v -0.0001240688 0.025 0.07935455000000001
v 0.0210573562 0.025 0.07390635
v 0.0104666437 0.025 0.07663045
v -0.0107147813 0.025 0.08207865
v 0.0528294937 0.025 0.06573405
v -0.010577025 0.025 0.0821129
v 0.053378024999999996 0.025 0.0658823
v 0.000152275 0.025 0.0794193
v 0.032199925000000004 0.025 0.0713155
v 0.010741325 0.025 0.0767027
v 0.021610874999999998 0.025 0.0740321
v 0.042788975 0.025 0.0685989
v 0.00029335 0.025 0.07943465
v 0.03248125 0.025 0.07135385000000001
v 0.021893850000000003 0.025 0.07405515
v 0.04321055000000001 0.025 0.06866024999999999
v 0.03290695 0.025 0.07136540000000001
v 0.054507450000000006 0.025 0.0659859
v 0.033048850000000005 0.025 0.0713577
v 0.01130645 0.025 0.07674489999999999
v 0.04392005 0.025 0.0686641
v 0.0224598 0.025 0.07402059999999999
v -0.012259675000000001 -0.025 0.08064840000000001
v -0.034564875 -0.025 0.075309
v -0.04721910000000001 0.025 0.083909825
v -0.0679671 0.025 0.074286825
v -0.0570268 0.025 0.07914027500000001
v -0.051330650000000005 -0.025 0.06590485
v 0.041809700000000005 0.025 0.06828719999999999
v -0.0213385 0.025 0.0847896
v 0.031285 0.025 0.0710376
v -0.00028910000000000003 0.025 0.0792888
v 0.010235600000000001 0.025 0.07653839999999999
v 0.0207603 0.025 0.073788
v -0.0108138 0.025 0.0820392
v 0.0523344 0.025 0.0655368
v 0.052863725 0.025 0.06574355
v -0.01068055 0.025 0.08208815
v 0.010500875000000002 0.025 0.07663995
v -2.1375e-05 0.025 0.07938305
v 0.031819225 0.025 0.07122975000000001
v 0.042341474999999996 0.025 0.06848665
v 0.021296975 0.025 0.07397285
v 0.00011721250000000001 0.025 0.07941355
v 0.0320947375 0.025 0.07129825000000001
v 0.0215758125 0.025 0.07402635
v 0.042753912500000005 0.025 0.06859314999999999
v 0.043458875 0.025 0.068673725
v 0.032658625 0.025 0.07136347500000001
v 0.011058125 0.025 0.076742975
v 0.032516725 0.025 0.071355775
v 0.053975325 0.025 0.065968575
v 0.022142175000000004 0.025 0.074053225
v 0.044307387499999996 0.025 0.06861615
v -0.0508014125 -0.025 0.0659605
v 0.0414015813 0.025 0.0680708312
v 0.030939668700000002 0.025 0.07085451870000001
v -0.010907981300000001 0.025 0.08198926869999999
v -0.0213698938 0.025 0.08477295630000001
v 0.0204777562 0.025 0.0736382062
v -0.00044606880000000004 0.025 0.0792055812
v 0.0100158437 0.025 0.0764218937
v 0.051863493700000006 0.025 0.06528714370000001
v 0.0523674062 0.025 0.06554995
v 0.020991343699999998 0.025 0.07388005
v -0.00019008130000000003 0.025 0.07932825
v 0.010268606199999999 0.025 0.07655155
v 0.0314500312 0.025 0.07110335
v -0.010780793799999999 0.025 0.08205235
v 0.0419087187 0.025 0.06832665
v 0.0423072437 0.025 0.06847715
v 0.0212627437 0.025 0.07396335
v -5.56063e-05 0.025 0.07937355
v 0.0317165312 0.025 0.07120125
v 0.04299935 0.025 0.0686334
v 0.0321298 0.025 0.071304
v 0.01081145 0.025 0.07671420000000001
v 0.03227005 0.025 0.071327
v 0.05344815 0.025 0.0658938
v 0.021822900000000003 0.025 0.0740513
v 0.043849099999999995 0.025 0.06866795
v 0.0410193 0.025 0.06781164370000001
v -0.0005931 0.025 0.07910589380000001
v 0.00981 0.025 0.0762823312
v -0.021399300000000003 0.025 0.08475301869999999
v 0.0306162 0.025 0.0706352063
v 0.0202131 0.025 0.0734587688
v 0.0514224 0.025 0.0649880813
v -0.010996200000000001 0.025 0.08192945630000001
v 0.0414957625 0.025 0.0681207625
v 0.010047237499999999 0.025 0.0764385375
v 0.0206975125 0.025 0.0737547125
v -0.0003518875 0.025 0.0792555125
v 0.0518948875 0.025 0.0653037875
v -0.0108765875 0.025 0.0820059125
v 0.031096637500000003 0.025 0.0709377375
v 0.0418757125 0.025 0.0683135
v -0.0002230875 0.025 0.0793151
v 0.020958337500000004 0.025 0.0738669
v 0.0313510125 0.025 0.0710639
v -0.066437475 0.025 0.0615921
v -0.066437475 -0.025 0.0615921
v -0.077077525 0.025 0.0631737
v -0.077077525 -0.025 0.0631737
v 0.06984865 0.025 0.055978975
v 0.06984865 -0.025 0.055978975
v 0.08018945000000001 0.025 0.053029725
v 0.08018945000000001 -0.025 0.053029725
v 0.0317507625 0.025 0.07121075
v 0.0425468625 0.025 0.06854365
v 0.0105693375 0.025 0.07665895
v 0.052932187500000005 0.025 0.06576255
v 0.0318876875 0.025 0.07124875
v 0.080234825 -0.025 0.0531644
v 0.080234825 0.025 0.0531644
v 0.069984775 -0.025 0.056383
v 0.069984775 0.025 0.056383
v 0.0699394 0.025 0.056248325
v 0.0699394 -0.025 0.056248325
v -0.077108075 -0.025 0.0630349
v -0.077108075 0.025 0.0630349
v -0.06652912500000001 -0.025 0.0611757
v -0.06652912500000001 0.025 0.0611757
v 0.030318375 0.025 0.0703822062
v 0.040667325 0.025 0.0675126437
v 0.019969425000000002 0.025 0.0732517688
v -0.000728475 0.025 0.0789908938
v 0.009620475000000002 0.025 0.0761213312
v -0.011077425 0.025 0.08186045630000001
v -0.021426375 0.025 0.08473001869999999
v 0.051016275 0.025 0.0646430813
v 0.021505687500000002 0.025 0.07401485000000001
v 0.020418943800000002 0.025 0.0735983312
v 0.0514518063 0.025 0.0650080188
v 0.0098394063 0.025 0.07630226870000001
v -0.0005048813 0.025 0.0791657062
v 0.030763231300000003 0.025 0.0707348937
v 0.0411075188 0.025 0.06787145630000001
v -0.010966793800000001 0.025 0.08194939379999999
v -0.066498575 0.025 0.0613145
v -0.066498575 -0.025 0.0613145
v 0.043387925 0.025 0.06866987499999999
v 0.041464368800000005 0.025 0.06810411870000001
v 0.0206661187 0.025 0.0737380687
v -0.0003832813 0.025 0.07923886869999999
v 0.0310024562 0.025 0.0708878062
v 0.031516043699999996 0.025 0.07112965
v 0.010334618700000001 0.025 0.07657785
v 0.052433418700000005 0.025 0.06557625
v 0.0313840187 0.025 0.07107705
v 0.0421067562 0.025 0.06840555000000001
v 0.0197494875 0.025 0.073019625
v -0.0111507375 0.025 0.08178307500000001
v 0.0403496375 0.025 0.06717732500000001
v 0.0300495625 0.025 0.07009847500000001
v -0.0008506625 0.025 0.078861925
v 0.0506497125 0.025 0.064256175
v 0.0094494125 0.025 0.075940775
v -0.0214508125 0.025 0.084704225
v 0.0551785875 0.025 0.06592255
v 0.05104335 0.025 0.0646660813
v 0.009647550000000001 0.025 0.0761443312
v -0.00064725 0.025 0.0790598938
v 0.03045375 0.025 0.07049720620000001
v -0.01105035 0.025 0.0818834563
v 0.020158950000000002 0.025 0.0734127688
v 0.04074855 0.025 0.0675816437
v 0.021194281199999998 0.025 0.07394434999999999
v 0.0410781125 0.025 0.0678515188
v 0.030675012499999998 0.025 0.0706750812
v -0.0005342875 0.025 0.07914576870000001
v 0.020389537500000002 0.025 0.0735783938
v -0.0214723125 0.025 0.0846759375
v 0.029813062499999998 0.025 0.0697873125
v 0.050327212499999996 0.025 0.0638318625
v 0.0400701375 0.025 0.0668095875
v 0.0195559875 0.025 0.0727650375
v -0.0009581625000000001 0.025 0.0787204875
v 0.0092989125 0.025 0.07574276249999999
v -0.0112152375 0.025 0.0816982125
v 0.00947385 0.025 0.0759665687
v 0.050674149999999994 0.025 0.0642819688
v -0.0111263 0.025 0.08180886870000001
v -0.00077735 0.025 0.0789393063
v 0.01992055 0.025 0.0732001812
v 0.03017175 0.025 0.0702274438
v 0.040422950000000006 0.025 0.0672547062
v 0.04292922500000001 0.025 0.0686219
v 0.031033849999999998 0.025 0.07090445
v 0.031159425 0.025 0.07097102500000001
v 0.051957674999999995 0.025 0.06533707500000001
v 0.010110025 0.025 0.07647182500000001
v 0.041684124999999995 0.025 0.06822062500000001
v -0.021490625 0.025 0.0846454937
v 0.050052525 0.025 0.0633752062
v 0.039832075 0.025 0.0664138188
v 0.019391175 0.025 0.07249104370000001
v -0.001049725 0.025 0.0785682687
v 0.009170725 0.025 0.0755296563
v 0.029611625 0.025 0.06945243129999999
v -0.011270175 0.025 0.0816068813
v 0.040721475 0.025 0.0675586437
v 0.020131875 0.025 0.0733897688
v -0.000674325 0.025 0.07903689380000001
v 0.030372525 0.025 0.0704282062
v -0.015521825000000001 0.025 0.0732861562
v -0.021524525 0.025 0.0845448812
v -0.001219225 0.025 0.0780652062
v 0.019086075 0.025 0.0715855312
v 0.008933425 0.025 0.07482536869999999
v -0.005369175 0.025 0.0700463187
v 0.029238725 0.025 0.0683456937
v -0.011371875 0.025 0.08130504370000001
v 0.049544025 0.025 0.0618660187
v 0.039391375 0.025 0.06510585619999999
v 0.0401346375 0.025 0.06689445000000001
v -0.0111937375 0.025 0.08172650000000001
v 0.0197064875 0.025 0.07296305
v 0.0093204125 0.025 0.07577105
v -0.0008936625 0.025 0.07880535
v 0.0299205625 0.025 0.06992875
v 0.050348712500000004 0.025 0.06386015
v 0.0294475187 0.025 0.06909775
v 0.0396381312 0.025 0.06599465
v -0.0011243188 0.025 0.07840705
v -0.011314931200000001 0.025 0.08151014999999999
v -0.0215055438 0.025 0.08461325
v 0.049828743700000004 0.025 0.06289155
v 0.0090662937 0.025 0.07530395000000001
v 0.0192569062 0.025 0.07220085
v 0.0497379938 0.025 0.0626222
v 0.0496585875 0.025 0.0623865188
v 0.029322737499999998 0.025 0.0687273938
v -0.0113489625 0.025 0.0814091437
v -0.021516887499999998 0.025 0.0845795812
v 0.0089868875 0.025 0.07506826870000001
v -0.0011810375 0.025 0.07823870620000001
v 0.0191548125 0.025 0.07189783120000001
v 0.0394906625 0.025 0.0655569563
v 0.020892325 0.025 0.0738406
v 0.008998231300000001 0.025 0.07510193750000001
v 0.0496699313 0.025 0.0624201875
v 0.0192342187 0.025 0.0721335125
v -0.011337618800000001 0.025 0.0814428125
v -0.0011470063 0.025 0.0783397125
v 0.029379456300000002 0.025 0.0688957375
v 0.0395246937 0.025 0.0656579625
v 0.0395700687 0.025 0.0657926375
v 0.019222875 0.025 0.0720998437
v -0.00115835 0.025 0.0783060438
v 0.029345425 0.025 0.06879473130000001
v 0.039513349999999996 0.025 0.0656242937
v 0.0192001875 0.025 0.0720325062
v 0.039592756300000004 0.025 0.065859975
v 0.029402143800000002 0.025 0.068963075
v 0.0293567688 0.025 0.0688284
v 0.049692618800000005 0.025 0.062487525
v 0.0090209187 0.025 0.07516927500000001
v 0.0398870125 0.025 0.06650515
v 0.019519362499999998 0.025 0.07270415
v 0.0091890375 0.025 0.0755601
v -0.0009947875 0.025 0.07865960000000001
v 0.029703187500000002 0.025 0.06960465
v -0.011251862500000001 0.025 0.081637325
v 0.0500708375 0.025 0.06340565
v 0.04965095 0.025 0.0623518188
v 0.00897925 0.025 0.0750335687
v -0.0113566 0.025 0.08137444370000001
v -0.00120395 0.025 0.0781346062
v 0.02928455 0.025 0.06855389370000001
v 0.03946775 0.025 0.06545285619999999
v 0.01910135 0.025 0.0716549312
v 0.0090812125 0.025 0.0753361937
v -0.0010795625 0.025 0.0785037812
v 0.0193613375 0.025 0.0724265563
v 0.0396828875 0.025 0.0660913813
v 0.0498436625 0.025 0.0629237938
v 0.0295221125 0.025 0.0692589688
v -0.011300012500000001 0.025 0.08154239370000001
v 0.05464935 0.025 0.0659782
v 0.0308220437 0.025 0.0707747688
v 0.051510618700000003 0.025 0.0650478937
v 0.009898218700000001 0.025 0.0763421437
v 0.0307044188 0.025 0.0706950188
v 0.0412839562 0.025 0.06799108129999999
v 0.0198961125 0.025 0.07317438750000001
v -0.0008017874999999999 0.025 0.07891351249999999
v 0.0403985125 0.025 0.0672289125
v 0.0300984375 0.025 0.0701500625
v 0.0191089875 0.025 0.0716896312
v 0.0394753875 0.025 0.0654875563
v -0.0011963125 0.025 0.0781693062
v 0.0293074625 0.025 0.0686579937
v 0.029299825 0.025 0.0686232937
v 0.039421925000000003 0.025 0.0652446562
v 0.008963974999999999 0.025 0.0749641687
v 0.049635675 0.025 0.062282418799999996
v 0.029269275 0.025 0.0684844937
v 0.0396679688 0.025 0.0660591375
v -0.0010944813000000001 0.025 0.07847153750000001
v 0.0193464188 0.025 0.0723943125
v 0.0294773562 0.025 0.0691622375
v 0.029856062500000002 0.025 0.06984388750000001
v -0.0009151624999999999 0.025 0.07877706250000001
v 0.0196849875 0.025 0.0729347625
v 0.0401131375 0.025 0.0668661625
v 0.0191242625 0.025 0.0717590312
v 0.0424784 0.025 0.06852464999999999
v -0.0010131 0.025 0.0786291562
v 0.0398687 0.025 0.0664747063
v 0.029648249999999998 0.025 0.0695133188
v 0.01950105 0.025 0.07267370620000001
v 0.0394372 0.025 0.0653140562
v 0.0498735 0.025 0.0629882812
v 0.00911105 0.025 0.0754006812
v 0.029492275000000002 0.025 0.0691944813
v 0.029551949999999997 0.025 0.06932345620000001
v 0.0397724 0.025 0.06628484379999999
v 0.030399600000000002 0.025 0.07045120619999999
v 0.051097500000000004 0.025 0.0647120813
v 0.0305079 0.025 0.0705432062
v 0.0097017 0.025 0.0761903312
v 0.040911 0.025 0.0677196437
v 0.049605125 0.025 0.06214361870000001
v 0.0206033312 0.025 0.0737047812
v 0.019316581200000002 0.025 0.072329825
v 0.0399968875 0.025 0.0666878125
v 0.0297398125 0.025 0.0696655375
v 0.0092256625 0.025 0.0756209875
v 0.029666562500000004 0.025 0.06954376250000001
v 0.050107462500000005 0.025 0.0634665375
v 0.039152275 0.025 0.0752382
v 0.017269625 0.025 0.08064840000000001
v 0.0397425625 0.025 0.0662203563
v 0.030122874999999997 0.025 0.0701758562
v 0.030220625 0.025 0.07027903120000001
v 0.009522725 0.025 0.0760181563
v 0.040569575000000004 0.025 0.0674094687
v 0.050723025000000005 0.025 0.0643335562
v 0.0402636375 0.025 0.067064175
v 0.0298775625 0.025 0.069872175
v 0.0503917125 0.025 0.06391672500000001
v 0.0299635625 0.025 0.069985325
v 0.0093634125 0.025 0.07582762500000001
v 0.020330724999999997 0.025 0.0735385188
v 0.049933174999999996 0.025 0.0631172563
v 0.019464425 0.025 0.07261281870000001
v 0.0420407437 0.025 0.06837925
v 0.054117225 0.025 0.065976275
v 0.020077725 0.025 0.0733437688
v 0.0196419875 0.025 0.0728781875
v -0.024304600000000003 0.025 0.09758815
v 0.0399602625 0.025 0.066626925
v 0.0198472375 0.025 0.0731228
v 0.03725355 -0.025 0.08504325
v 0.0416213375 0.025 0.0681873375
v 0.052546725 0.025 0.07843557500000001
v -0.0612869188 0.025 0.06538722500000001
v 0.0402206375 0.025 0.0670076
v 0.0412251437 0.025 0.06795120630000001
v 0.0501807125 0.025 0.0635883125
v 0.0405207 0.025 0.0673578813
v 0.04085685 0.025 0.06767364370000001
v 0.0535884 0.025 0.0659168
v 0.0434524812 0.025 0.05400855
v 0.0434524812 -0.025 0.05400855
v -0.0288382812 0.025 0.05657825
v -0.0288382812 -0.025 0.05657825
v -0.0012344562000000002 0.025 0.055759249999999996
v -0.0012344562000000002 -0.025 0.055759249999999996
v 0.0539731938 0.025 0.054121249999999996
v 0.0539731938 -0.025 0.054121249999999996
v -0.0117551687 0.025 0.05564655
v -0.0117551687 -0.025 0.05564655
v 0.0329317687 -0.025 0.05389585
v 0.0329317687 0.025 0.05389585
v 0.0224110563 0.025 0.05378315
v 0.0224110563 -0.025 0.05378315
v -0.025357075 0.025 0.096257725
v -0.033498925000000006 0.025 0.089606975
v 0.0504777125 0.025 0.064029875
v -0.030337950000000002 -0.025 0.08986050000000001
v 0.0530691125 0.025 0.06580055
v 0.08022027500000001 -0.025 0.052640950000000006
v 0.08022027500000001 0.025 0.052640950000000006
v 0.050820775 0.025 0.0644367313
v 0.064450375 -0.025 0.06512725
v 0.009425325 -0.025 0.06265975
v 0.042154675 -0.025 0.06440475
v 0.074884025 -0.025 0.06614975000000001
v 0.052565443700000006 0.025 0.06562885
v 0.0512058 0.025 0.0648040813
v 0.052083250000000005 0.025 0.06540365000000001
v 0.0516282437 0.025 0.0651276437
v -0.08325135 0.025 0.07776709999999999
v -0.05730995 0.025 0.0791193
v -0.0198052813 0.025 0.06352505
v 0.0044290813 0.025 0.06200365
v 0.0320835063 0.025 0.0607622
v -0.0508797687 0.025 0.06448655
v -0.040521606200000004 0.025 0.06416605
v 0.0147872438 0.025 0.06168315
v -0.030163443800000002 0.025 0.06384555
v -0.07919525000000001 0.025 0.069395975
v -0.06996325 0.025 0.074090725
v -0.051499249999999996 0.025 0.083480225
v -0.06073125 0.025 0.078785475
v 0.061339625 0.025 0.0684606
v 0.058062175 0.025 0.0782292
v 0.069921575 -0.025 0.057078550000000006
v 0.069921575 0.025 0.057078550000000006
v 0.069982675 0.025 0.05735610000000001
v 0.069982675 -0.025 0.05735610000000001
v 0.079984125 -0.025 0.0549735
v 0.079984125 0.025 0.0549735
v 0.079953575 0.025 0.05483472500000001
v 0.079953575 -0.025 0.05483472500000001
v 0.06989102500000001 0.025 0.056939775
v 0.06989102500000001 -0.025 0.056939775
v -0.0043062125 0.018328125 0.05
v 0.0168641125 -0.018328125 0.05
v -0.0314197625 -0.020234375 0.05
v 0.0439776625 0.020234375 0.05
v 0.066413975 -0.025 0.078302125
v 0.055096937500000005 0.014671875000000001 0.05
v 0.0377333875 0.005984375 0.05
v -0.0251754875 -0.005984375 0.05
v -0.0078119375 -0.007046875 0.05
v 0.0203698375 0.007046875 0.05
v 0.0290516125 0.001640625 0.05
v -0.0425390375 -0.014671875000000001 0.05
v -0.0164937125 -0.001640625 0.05
v 0.07502592500000001 -0.025 0.06615745
v 0.064876075 -0.025 0.06515035
v 0.05706385 -0.025 0.077463375
v 0.07549345 -0.025 0.06882147500000001
v 0.047849050000000004 -0.025 0.08178432499999999
v 0.06627865 -0.025 0.073142425
v 0.0297890594 -0.025 0.0708996563
v 0.0212790781 -0.025 0.0707737688
v 0.0382990406 -0.025 0.07102554380000001
v 0.0553190031 -0.025 0.0712773188
v 0.0312852531 -0.025 0.08088761870000001
v -0.012760846900000001 -0.025 0.0702702188
v -0.0419789 0.025 0.083862875
v -0.050797 0.025 0.079025425
v -0.06509960000000001 0.025 0.074246375
v -0.00347105 0.00975 0.055
v 0.01602895 0.00975 0.055
v -0.00347105 -0.00975 0.055
v 0.01602895 -0.00975 0.055
f 3313 10283 3599
f 8641 10346 3346
f 3345 10367 3570
f 8613 10158 3278
f 3277 10167 3624
f 3233 9994 3653
f 8609 10110 3270
f 3269 10143 3632
f 8679 10554 3410
f 3409 10563 3508
f 3207 3666 9959
f 8683 10586 3426
f 3425 10611 3492
f 8671 10514 3402
f 3401 10539 3516
f 3293 10211 3613
f 3211 3664 9967
f 8597 10082 3258
f 3257 10103 3640
f 3137 9747 3687
f 8607 10114 3274
f 3273 10151 3628
f 3235 3652 9997
f 8611 10162 3282
f 3281 10175 3620
f 8663 10478 3390
f 3389 10499 3528
f 3315 3598 10287
f 8623 10242 3322
f 3321 10299 3594
f 9562 9561 1081
f 8691 10626 3434
f 3433 10635 3484
f 10032 3239 10041
f 8653 10398 3370
f 3369 10443 3548
f 3095 3696 9631
f 3139 3686 9751
f 8661 10458 3378
f 3377 10463 3540
f 3129 9723 3691
f 3347 3568 10375
f 8669 10518 3406
f 3405 10547 3512
f 8681 10590 3430
f 3429 10619 3488
f 3133 9731 3689
f 8677 10558 3414
f 3413 10571 3504
f 3101 9643 3693
f 8649 10406 3374
f 3373 10451 3544
f 10038 10037 1121
f 8689 10630 3438
f 3437 10643 3480
f 9802 3151 9819
f 8621 10246 3326
f 3325 10307 3590
f 10303 10970 1241
f 9824 8555 3153
f 9820 1287 11157
f 10639 10750 1186
f 8582 109 10069
f 10034 3243 10035
f 10447 10878 1218
f 8522 103 9603
f 9639 11176 1292
f 10567 10798 1198
f 8540 97 9711
f 9727 11168 1290
f 10615 10766 1190
f 8670 91 10515
f 10543 10814 1202
f 10373 8647 3349
f 8538 85 9715
f 9719 11170 1291
f 10459 10870 1216
f 9741 8541 3141
f 9601 8523 3097
f 9635 1293 11177
f 10439 10882 1220
f 10068 8583 3241
f 10042 1270 11103
f 10631 10754 1188
f 8516 65 9583
f 9558 3071 9559
f 10295 10974 1243
f 10237 8625 3317
f 9570 3085 9571
f 10495 10846 1210
f 8612 53 10159
f 10171 11030 1256
f 9986 8585 3237
f 10000 1271 11107
f 10147 11046 1260
f 8544 43 9735
f 9743 11162 1289
f 10099 11070 1266
f 9925 8569 3213
f 9971 1277 11115
f 10207 11016 1252
f 10535 10818 1204
f 10538 1203 10817
f 10607 10770 1192
f 9921 8571 3209
f 9963 1278 11117
f 10559 10802 1200
f 8610 19 10107
f 10139 11050 1262
f 8588 15 9983
f 9991 11110 1272
f 10163 11034 1258
f 10166 1257 11033
f 10363 10930 1231
f 8628 5 10231
f 10279 10978 1245
f 117 118 119
f 120 121 118
f 5064 4738 123
f 125 119 126
f 118 117 120
f 5399 5402 127
f 4738 4366 130
f 119 125 117
f 120 131 132
f 5313 5064 124
f 4282 1505 1508
f 132 121 120
f 131 135 136
f 137 138 139
f 4366 4308 140
f 1877 5550 5513
f 142 143 144
f 145 146 143
f 147 148 149
f 136 132 131
f 135 150 151
f 139 150 137
f 4308 4254 152
f 1890 5594 5556
f 154 133 155
f 156 157 158
f 159 144 158
f 143 142 145
f 160 161 146
f 147 162 163
f 149 155 147
f 2168 6109 6279
f 6914 2393 6850
f 167 168 169
f 126 170 125
f 139 151 150
f 4199 171 4254
f 3979 11815 173
f 133 174 134
f 155 175 154
f 158 157 159
f 146 145 160
f 160 163 162
f 149 175 155
f 846 837 6280
f 6485 6382 93
f 93 6583 6485
f 178 179 180
f 167 181 168
f 151 136 135
f 182 183 138
f 12489 171 4199
f 133 184 174
f 133 185 186
f 154 187 133
f 144 159 142
f 163 148 147
f 6288 2208 2173
f 189 6522 6428
f 2407 6950 6949
f 180 190 178
f 11818 5522 191
f 192 193 194
f 195 196 197
f 138 137 182
f 198 199 183
f 11815 2492 12437
f 1899 6568 5653
f 187 185 133
f 162 161 160
f 6279 6109 93
f 6382 6279 93
f 178 203 179
f 5522 4301 204
f 197 194 195
f 195 205 206
f 205 170 207
f 183 182 198
f 208 209 199
f 1934 11687 7329
f 158 209 156
f 4432 223 210
f 5596 4824 97
f 5679 5636 97
f 189 6296 6118
f 6428 6296 189
f 217 218 179
f 4301 2502 219
f 206 196 195
f 126 207 170
f 199 198 208
f 186 184 133
f 5413 5412 220
f 5308 220 223
f 4429 226 4480
f 4429 4279 227
f 12491 228 12492
f 4202 4201 12495
f 11967 4021 12024
f 5603 4186 1916
f 97 5636 5596
f 2151 6201 6103
f 5755 5679 97
f 203 217 179
f 7409 2502 3952
f 167 238 193
f 207 206 205
f 129 122 5399
f 225 5414 5308
f 212 5373 4432
f 4276 227 4279
f 4202 4112 12197
f 4108 12022 12185
f 11931 3994 11991
f 11820 3977 11859
f 5786 5719 189
f 1721 4906 4822
f 1909 4824 5596
f 5976 5876 189
f 6201 2141 6244
f 4846 4761 1653
f 4715 4655 1617
f 4608 4519 1568
f 4328 4222 245
f 217 246 218
f 193 192 167
f 208 156 209
f 5414 220 5308
f 229 4201 4276
f 12022 4043 12027
f 3980 11933 11853
f 5627 5592 189
f 189 5719 5667
f 5611 754 745
f 6118 5976 189
f 4810 1670 4890
f 4604 1585 4657
f 245 4481 4328
f 5442 5420 245
f 248 249 218
f 194 197 192
f 5373 223 4432
f 4034 12031 11995
f 11742 3951 11809
f 5667 5627 189
f 189 5876 5786
f 4923 4897 1702
f 4709 1634 4763
f 1871 4216 1486
f 5420 5384 245
f 5501 5469 245
f 248 252 249
f 1602 4559 4547
f 5399 128 5411
f 4108 4055 12022
f 11715 3943 11744
f 7467 2495 11697
f 4548 5592 1907
f 2206 7481 7375
f 4859 1687 4911
f 245 5020 4481
f 245 5469 5442
f 12475 11839 257
f 11793 3970 11808
f 1903 6199 5708
f 128 5412 5411
f 2514 11718 11693
f 749 743 5587
f 4906 1712 4936
f 245 5384 5020
f 5553 5535 245
f 246 248 218
f 4106 11799 12181
f 11785 3960 11801
f 7410 2491 7617
f 1960 7311 6175
f 3958 11826 11806
f 4548 189 5592
f 245 5535 5501
f 25 5564 5401
f 5401 245 259
f 7453 5533 261
f 3972 11802 11799
f 2142 7428 7299
f 4195 1906 5589
f 245 5570 5553
f 259 5405 5401
f 4280 262 4669
f 4192 12459 265
f 5533 5173 266
f 4291 12203 35
f 11746 3954 11790
f 11702 2539 11717
f 169 238 167
f 5564 245 5401
f 5403 4298 31
f 4280 4192 265
f 5458 253 8060
f 11998 5421 253
f 253 5173 5018
f 7455 4536 11964
f 4106 3975 11799
f 3946 11733 11712
f 4471 1553 4527
f 259 267 4298
f 3995 11858 264
f 167 7408 4301
f 11689 8060 253
f 11839 7453 257
f 12336 12331 4162
f 12410 12391 4167
f 12415 12369 4137
f 3949 11783 11728
f 259 4298 5403
f 3952 12432 11858
f 4541 253 5458
f 253 12484 11838
f 7457 4322 1469
f 12383 4151 12421
f 2503 11703 7577
f 4534 1592 5447
f 11710 11689 253
f 253 11838 11736
f 122 4281 5472
f 12382 4173 12396
f 12269 12226 4104
f 12189 12154 4086
f 5552 4669 263
f 253 11736 11710
f 4324 1511 4365
f 1508 4318 4304
f 12097 12051 4052
f 12399 12285 4129
f 12180 4095 12230
f 4541 5458 1876
f 1510 4326 4316
f 12094 4063 12131
f 12250 4120 12364
f 11981 11911 4039
f 4324 4015 1512
f 4291 4114 12203
f 4539 4565 651
f 12125 4075 12156
f 6929 2399 6930
f 6849 2395 6916
f 86 6416 6307
f 2427 7000 6801
f 7174 6771 2277
f 2149 6031 2083
f 6520 6416 86
f 7189 7090 2386
f 6648 2246 7057
f 7000 2374 7067
f 7010 2320 7221
f 5875 5787 86
f 6117 5977 86
f 6082 2124 2105
f 7099 2345 7230
f 313 4383 4378
f 86 5977 5875
f 6307 6117 86
f 6087 5959 2022
f 316 317 318
f 319 320 321
f 320 322 323
f 5419 5385 6
f 4378 4223 313
f 4484 4435 313
f 2192 6345 6020
f 6362 6233 2094
f 5969 5861 1985
f 328 329 316
f 323 321 320
f 322 330 331
f 5510 1886 5520
f 7197 2000 7464
f 5561 1902 5559
f 11795 2600 11984
f 5443 10 5468
f 5019 4 5385
f 114 4327 4227
f 11891 1491 1427
f 11886 4361 313
f 4435 4414 313
f 86 5787 5710
f 6065 2059 6255
f 313 4828 4773
f 11929 11851 313
f 936 7399 1484
f 318 328 316
f 319 348 349
f 331 323 322
f 5559 1896 5576
f 1888 5536 5523
f 1904 6461 5799
f 7278 2490 7197
f 5502 14 5534
f 5443 5419 8
f 1489 4214 1524
f 4414 4383 313
f 4620 4566 313
f 6345 2145 6470
f 4672 4620 313
f 11713 11695 313
f 313 11804 11740
f 313 11851 11822
f 313 11997 11965
f 12194 4111 12188
f 12494 4200 4203
f 363 364 365
f 366 367 368
f 367 369 370
f 11855 7403 347
f 11705 5474 329
f 346 7406 5527
f 375 376 377
f 378 349 379
f 321 348 319
f 1884 1886 5498
f 1892 5551 5537
f 11795 3974 3973
f 5502 5468 12
f 4482 4327 2
f 313 4566 4484
f 5781 1958 5871
f 313 7373 6392
f 313 11695 7465
f 11822 11804 313
f 12188 4111 4109
f 4277 4200 362
f 362 4278 4277
f 364 387 365
f 363 388 389
f 390 366 391
f 370 368 367
f 369 392 393
f 394 395 393
f 396 387 364
f 4947 7396 2498
f 4306 3982 374
f 376 398 377
f 399 379 398
f 349 378 319
f 5498 5504 40
f 40 5505 5500
f 7197 2490 2477
f 11796 3974 11795
f 5400 5406 403
f 5554 18 5569
f 4482 1 5019
f 86 5710 5666
f 7465 7373 313
f 11965 11929 313
f 4430 4278 386
f 389 406 363
f 390 407 406
f 368 391 366
f 393 392 394
f 345 408 396
f 11855 371 12435
f 4983 4284 346
f 4306 329 5474
f 398 376 399
f 330 412 331
f 413 414 415
f 416 417 418
f 419 418 417
f 12462 12061 420
f 40 5500 5498
f 12184 4113 4107
f 759 751 5632
f 22 24 5400
f 5554 5534 16
f 6392 4828 313
f 4203 4200 12490
f 406 389 390
f 393 370 369
f 345 424 408
f 345 425 426
f 409 427 345
f 5527 4983 346
f 428 375 429
f 379 399 378
f 418 413 416
f 4212 420 12061
f 4329 4312 431
f 5559 1902 1901
f 12200 4113 12184
f 4297 4300 433
f 5277 5628 1924
f 5666 5628 86
f 5400 324 5565
f 11740 11713 313
f 391 407 390
f 426 424 345
f 4947 346 7396
f 346 4284 4231
f 438 428 439
f 377 429 375
f 440 441 442
f 443 442 441
f 414 444 445
f 417 421 419
f 1895 5518 5529
f 42 5542 5529
f 5425 1862 5451
f 4500 4479 386
f 5153 453 5307
f 4922 455 5048
f 4472 4329 432
f 4206 458 4213
f 4292 4113 433
f 5404 4297 403
f 5277 86 5628
f 4003 4361 11886
f 364 345 396
f 7396 346 12516
f 460 438 461
f 429 439 428
f 462 463 412
f 440 464 463
f 441 465 443
f 444 466 467
f 415 416 413
f 5349 5336 1851
f 5364 5332 1831
f 5529 5518 42
f 5557 5542 42
f 1865 5475 5454
f 452 469 4431
f 5153 5048 456
f 4290 470 4312
f 4255 4213 459
f 1848 5311 5279
f 28 30 4297
f 5400 24 5406
f 427 425 345
f 395 394 460
f 412 330 462
f 442 464 440
f 466 473 474
f 445 415 414
f 5341 1842 5359
f 5343 5257 1814
f 5202 5171 1786
f 5093 5067 1750
f 11788 4056 3971
f 5409 1861 1864
f 4431 346 5374
f 4255 471 4290
f 12467 476 4193
f 4030 1922 5620
f 461 395 460
f 463 462 440
f 473 443 465
f 467 445 444
f 5306 1822 5355
f 5198 1796 5243
f 5149 5117 1769
f 11866 4027 11943
f 2497 7385 11800
f 1873 5651 5525
f 4472 457 4922
f 5497 5476 381
f 439 461 438
f 474 467 466
f 5224 1804 5284
f 5092 1760 5119
f 11986 11943 4019
f 1893 11791 7385
f 12514 458 4206
f 44 5410 5415
f 465 474 473
f 5142 1776 5177
f 11949 11927 4002
f 386 4479 4430
f 365 388 363
f 4256 1495 4287
f 4982 1729 5017
f 4212 1485 1495
f 4294 1507 4307
f 46 4211 5423
f 1895 1891 5518
f 1500 4296 4286
f 7630 6070 420
f 5311 1846 5321
f 11656 1412 7473
f 7412 2507 2506
f 2510 7435 5456
f 2597 7801 7395
f 2721 8241 7581
f 2837 8833 7883
f 2917 9073 8031
f 3457 10697 9217
f 10703 3460 3457
f 9079 3743 2917
f 8839 3783 2837
f 8247 3849 2721
f 7806 3907 2597
f 7441 3935 2510
f 3934 7473 2515
f 3450 8781 10674
f 1404 11623 7735
f 2578 7729 7340
f 2623 7892 7445
f 2659 8035 7501
f 2705 8189 7571
f 2741 8303 7603
f 2757 8357 7637
f 11472 1366 8293
f 11476 1367 8279
f 11556 1387 7999
f 11560 1388 7987
f 7646 7645 2552
f 11652 1411 7507
f 7503 5567 322
f 2611 7845 7426
f 7846 7426 319
f 2673 8083 7531
f 2745 8315 7618
f 2789 8455 7725
f 2817 8771 7787
f 2849 8869 7889
f 2873 8941 7961
f 2893 9001 8007
f 11308 1325 8979
f 11312 1326 8967
f 11360 1338 8823
f 11432 1356 8397
f 11544 1384 8049
f 8045 7516 390
f 2861 8905 7919
f 11500 1373 8219
f 8215 7576 365
f 2845 8857 7887
f 2925 9097 8075
f 2961 9207 8213
f 2977 9257 8353
f 9258 8353 426
f 2981 9269 8367
f 11212 1301 9247
f 11216 1302 9223
f 11224 1304 9197
f 11332 1331 8919
f 11408 1350 8701
f 11608 1400 7793
f 7789 7393 437
f 2631 7923 7449
f 2655 8016 7499
f 2677 8114 7545
f 2709 8203 7573
f 2717 8238 7579
f 11512 1376 8179
f 11520 1378 8155
f 11532 1381 8119
f 11584 1394 7875
f 11612 1401 7769
f 11620 1403 7745
f 7741 7361 386
f 2627 7907 7447
f 2725 8253 7583
f 2813 8759 7785
f 8765 3798 2813
f 8259 3847 2725
f 7913 3893 2627
f 3916 7745 2580
f 3912 7769 2588
f 3898 7875 2617
f 3872 8119 2679
f 3866 8155 2691
f 3862 8179 2699
f 2718 7579 8228
f 989 8232 8231
f 8209 3857 2709
f 979 8110 8109
f 8018 3881 2655
f 7926 3891 2631
f 3910 7793 2592
f 3810 8701 2791
f 3772 8919 2863
f 3718 9197 2955
f 3714 9223 2963
f 3712 9247 2971
f 2982 8367 9270
f 9275 3704 2981
f 2978 8353 9258
f 9263 3708 2977
f 9213 3715 2961
f 9103 3737 2925
f 8863 3781 2845
f 3856 8219 2711
f 2862 7919 8906
f 8911 3774 2861
f 3878 8049 2661
f 3822 8397 2767
f 3786 8823 2831
f 3762 8967 2879
f 3760 8979 2883
f 2894 8007 9002
f 9007 3754 2893
f 8947 3767 2873
f 8875 3779 2849
f 8777 3795 2817
f 8461 3811 2789
f 8321 3837 2745
f 8089 3875 2673
f 2612 7426 7846
f 7851 3902 2611
f 3932 7507 2523
f 2552 7647 7646
f 3886 7987 2645
f 3884 7999 2649
f 3844 8279 2731
f 3842 8293 2735
f 2758 7637 8358
f 8363 3828 2757
f 8309 3839 2741
f 8195 3859 2705
f 8041 3879 2659
f 7896 3895 2623
f 7735 3917 2578
f 3458 9217 10698
f 2546 7607 6006
f 2566 7693 7126
f 2586 7755 7362
f 2639 7951 7460
f 2685 8129 7549
f 2765 8383 7641
f 2797 8711 7777
f 2825 8797 7829
f 2869 8929 7947
f 2905 9037 8013
f 2937 9133 8093
f 2941 9145 8095
f 2945 9157 8097
f 2953 9181 8101
f 11236 1307 9171
f 11252 1311 9123
f 11280 1318 9051
f 11304 1324 8991
f 8987 7982 447
f 3449 10673 8781
f 10679 3468 3449
f 3758 8991 2887
f 3746 9051 2907
f 3732 9123 2931
f 3724 9171 2947
f 2954 8101 9182
f 9187 3720 2953
f 9163 3725 2945
f 9151 3727 2941
f 9139 3729 2937
f 9043 3747 2905
f 8935 3769 2869
f 8803 3789 2825
f 8717 3807 2797
f 8389 3823 2765
f 8135 3869 2685
f 7954 3887 2639
f 7758 3913 2586
f 951 7684 7683
f 7613 3927 2546
f 3453 10685 9191
f 1398 11602 7839
f 1379 11523 8144
f 2689 8141 7551
f 2773 8407 7681
f 2829 8817 7855
f 2853 8881 7903
f 2901 9025 8011
f 2921 9085 8061
f 9086 8061 395
f 2929 9109 8077
f 11292 1321 9015
f 9011 8010 429
f 2877 8953 7975
f 11424 1354 8421
f 11480 1368 8267
f 8263 7586 349
f 2749 8327 7633
f 1410 11647 7563
f 2537 7557 5633
f 2569 7697 7285
f 2635 7935 7451
f 2697 8165 7567
f 2785 8443 7723
f 2809 8747 7783
f 8748 7783 443
f 2821 8785 7815
f 11400 1348 8737
f 11420 1353 8433
f 11440 1358 8373
f 8340 8339 2751
f 11588 1395 7861
f 7628 7627 2548
f 3900 7861 2613
f 2751 8341 8340
f 3826 8373 2759
f 3816 8433 2779
f 3806 8737 2803
f 2822 7815 8786
f 8791 3792 2821
f 2810 7783 8748
f 8753 3802 2809
f 8449 3813 2785
f 8171 3863 2697
f 7941 3889 2635
f 7702 3919 2569
f 7563 3929 2537
f 2750 7633 8328
f 8333 3834 2749
f 3846 8267 2727
f 3818 8421 2775
f 2878 7975 8954
f 8959 3764 2877
f 3752 9015 2895
f 2930 8077 9110
f 9115 3734 2929
f 2922 8061 9086
f 9091 3740 2921
f 9031 3749 2901
f 8887 3777 2853
f 1017 8807 8813
f 8413 3819 2773
f 8144 3867 2689
f 7837 7836 961
f 3454 9191 10686
f 10691 3464 3453
f 5480 4266 1504
f 2548 7629 7628
f 3297 10251 3611
f 8645 10338 3338
f 3337 10351 3578
f 3169 9859 3681
f 10008 3215 10049
f 8651 10402 3354
f 3353 10411 3564
f 3087 3700 9615
f 8695 10650 3442
f 3441 10659 3476
f 3191 3674 9927
f 8687 10578 3418
f 3417 10595 3500
f 8675 10506 3394
f 3393 10523 3524
f 3285 10195 3617
f 3195 3672 9935
f 3247 3646 10083
f 8639 10314 3330
f 3329 10323 3586
f 3093 9627 3697
f 8659 10386 3358
f 3357 10419 3560
f 10014 10013 1115
f 3171 3680 9863
f 8667 10470 3382
f 3381 10483 3536
f 3299 3610 10255
f 8631 10226 3306
f 3305 10267 3606
f 8665 10474 3386
f 3385 10491 3532
f 3177 9875 3677
f 10020 3223 10045
f 8657 10390 3362
f 3361 10427 3556
f 3261 10127 3637
f 8637 10318 3334
f 3333 10331 3582
f 3253 10095 3643
f 3201 9947 3669
f 3287 3616 10199
f 8673 10510 3398
f 3397 10531 3520
f 8685 10582 3422
f 3421 10603 3496
f 3205 9955 3667
f 8693 10654 3446
f 3445 10667 3472
f 3263 3636 10131
f 8655 10394 3366
f 3365 10435 3552
f 10026 10025 1117
f 3179 3676 9879
f 8643 10342 3342
f 3341 10359 3574
f 8629 10230 3310
f 3309 10275 3602
f 10271 10982 1247
f 10274 1246 10981
f 10355 10934 1233
f 9845 8561 3181
f 9883 1283 11139
f 10022 3227 10023
f 10431 10886 1222
f 10121 8603 3265
f 10135 1263 11051
f 10663 10734 1182
f 8574 240 9915
f 9951 11120 1279
f 10599 10774 1194
f 8674 227 10507
f 10527 10822 1206
f 10185 8617 3289
f 8576 212 9911
f 9943 11122 1280
f 10091 11072 1267
f 10327 10954 1237
f 8606 222 10115
f 10123 11054 1264
f 10423 10890 1224
f 10060 8591 3225
f 8564 293 9839
f 9871 11142 1284
f 10487 10850 1212
f 8632 294 10223
f 10263 10986 1249
f 10221 8633 3301
f 9564 3077 9565
f 10479 10854 1214
f 9837 8565 3173
f 9867 1285 11143
f 10010 3219 10011
f 10415 10894 1226
f 8526 281 9595
f 9623 11180 1294
f 10319 10958 1239
f 10073 8601 3249
f 9909 8577 3197
f 9939 1281 11123
f 10191 11020 1254
f 10519 10826 1208
f 10522 1207 10825
f 10591 10778 1196
f 9905 8579 3193
f 9931 1282 11125
f 10655 10738 1184
f 9593 8527 3089
f 9619 1295 11181
f 10407 10898 1228
f 10056 8595 3217
f 8568 214 9831
f 9855 11146 1286
f 10347 10938 1235
f 8636 236 10215
f 10247 10990 1251
f 11683 11778 4244
f 4012 1493 4220
f 4006 2494 7351
f 11675 11781 4252
f 616 4228 624
f 4247 12512 1499
f 4246 12510 1498
f 4007 2493 7348
f 4069 4237 12076
f 4069 12074 4237
f 12070 483 4238
f 12066 486 4240
f 4068 4238 12072
f 4068 12070 4238
f 4067 4240 12068
f 4067 12066 4240
f 4066 4241 12064
f 4066 12062 4241
f 11900 5429 1488
f 11890 1490 1428
f 5428 617 738
f 4370 1589 1528
f 638 4427 628
f 1621 1537 4393
f 4371 1550 4418
f 4379 1527 1867
f 4455 4396 1563
f 1551 4390 1538
f 4450 631 643
f 1638 1546 4402
f 4513 636 650
f 1657 1561 4437
f 4407 1584 4506
f 1545 1566 4409
f 4590 4444 1612
f 1581 4448 1562
f 4597 641 660
f 4486 1674 1578
f 667 4647 648
f 1707 1608 4578
f 4491 1631 4640
f 1577 1615 4493
f 1593 4537 1875
f 1592 4550 4549
f 4560 4553 1595
f 2009 1908 5593
f 4696 4573 1648
f 1632 4575 1609
f 4689 658 672
f 1716 1627 4622
f 4751 665 679
f 4682 1723 1644
f 4627 1667 4746
f 1626 1651 4629
f 4685 1688 4793
f 1668 4679 1645
f 684 4800 670
f 1724 1663 4729
f 4841 677 691
f 4786 1726 1680
f 4838 4732 1701
f 1685 4730 1662
f 4782 1714 4875
f 1681 1704 4776
f 1910 4823 1696
f 688 4818 693
f 530 1699 4825
f 313 4721 4672
f 4909 4875 1693
f 5609 2026 1912
f 4949 11725 12520
f 694 4950 5072
f 5035 4979 1749
f 1734 1743 4980
f 5008 1759 5059
f 1740 1748 5009
f 5083 5021 1767
f 1758 5026 1746
f 5052 1777 5112
f 1756 1768 5054
f 5139 5080 1787
f 1778 5075 1765
f 5099 1794 5166
f 1775 1785 5105
f 5131 1805 5194
f 1795 5126 1783
f 5216 5158 1813
f 1803 5160 1792
f 5185 1820 5238
f 1802 1812 5186
f 5265 5210 1829
f 1821 5211 1810
f 5233 1843 5291
f 1818 1830 5230
f 5317 5248 1849
f 1841 5253 1827
f 5273 1844 5296
f 1833 1850 5270
f 5309 5296 1839
f 2045 1925 5630
f 5674 744 761
f 2044 1921 5617
f 767 5705 748
f 2063 1928 5637
f 5607 1954 5699
f 5598 1911 4189
f 5739 750 773
f 5668 2089 1936
f 5728 752 772
f 5656 2088 1940
f 5771 5645 1987
f 1956 5640 1929
f 5773 755 778
f 2106 1951 5678
f 785 5807 758
f 2153 1967 5724
f 784 5800 760
f 5711 2154 1962
f 5855 765 791
f 5744 2164 1982
f 5847 5686 2020
f 1950 1989 5691
f 797 5904 769
f 2193 1997 5789
f 5896 771 796
f 5788 2194 1998
f 5750 2055 5947
f 1983 2018 5759
f 802 5953 776
f 2195 2015 5842
f 808 5998 783
f 2232 2033 5877
f 6005 782 809
f 5878 2231 2032
f 6044 789 815
f 5925 2229 2048
f 6050 5836 2090
f 2057 5827 2014
f 831 6160 795
f 2288 2068 5990
f 6159 794 830
f 2287 2069 5978
f 5933 2147 6195
f 2049 2092 5939
f 835 6197 800
f 6085 2082 6134
f 6324 807 845
f 6120 2337 2119
f 6325 806 844
f 2338 2120 6119
f 6136 2087 6272
f 97 5829 5755
f 6347 6195 2085
f 6083 2162 2103
f 6110 2115 2167
f 823 6111 832
f 6079 2139 6166
f 2102 2127 6073
f 6206 6166 2108
f 2450 2169 6276
f 6402 2110 6717
f 6185 304 6031
f 6447 827 856
f 6297 2463 2182
f 857 6441 826
f 2464 2178 6308
f 6286 2244 6507
f 2170 2211 6291
f 6503 838 862
f 2473 2204 6385
f 6544 841 869
f 6417 2479 2217
f 868 6545 843
f 2478 2218 6429
f 6597 849 875
f 6486 2481 2237
f 6595 6379 2273
f 2242 6386 2203
f 6636 855 880
f 6514 2487 2249
f 881 6643 854
f 2486 2253 6528
f 6492 2316 6705
f 2238 2275 6495
f 890 6711 860
f 6572 2482 2270
f 893 6735 865
f 2488 2284 6617
f 6727 867 892
f 6610 2489 2285
f 899 6786 873
f 2476 2303 6666
f 6580 2343 6780
f 2318 6585 2269
f 911 6881 879
f 2485 2312 6691
f 6869 878 910
f 6689 2484 2308
f 6889 6660 2382
f 2341 6669 2304
f 6891 884 912
f 6740 2452 2332
f 934 7046 887
f 2468 2348 6790
f 7053 889 935
f 6820 2467 2360
f 6956 6837 166
f 6837 6822 166
f 6749 2371 6860
f 2331 2384 6742
f 6835 299 6958
f 6852 2367 6901
f 6999 6860 2352
f 6919 914 6920
f 6911 6850 2365
f 93 6665 6583
f 6962 6823 89
f 918 6940 6939
f 6917 2396 6849
f 2389 6852 6904
f 2403 6936 6843
f 2404 6843 6937
f 6945 2406 6841
f 7013 2353 7138
f 6603 6522 189
f 2391 6823 6962
f 86 6609 6520
f 6824 299 6835
f 6930 2399 6931
f 6825 6960 2387
f 11876 11829 4000
f 11831 3985 4294
f 11921 11849 4018
f 3991 4001 11843
f 5545 5467 1424
f 1730 4952 2499
f 8760 7785 313
f 4320 5453 480
f 7605 6007 245
f 4321 5452 482
f 4013 11916 4319
f 10683 9192 133
f 12011 11937 4051
f 4025 4040 11934
f 11970 4061 12047
f 4037 4050 11972
f 12004 4076 12088
f 4062 12000 4048
f 12120 12041 4084
f 4074 12035 4058
f 12081 4094 12146
f 4072 4085 12085
f 12173 12112 4102
f 4093 12116 4083
f 12141 4121 12216
f 4091 4103 12143
f 12243 12163 4128
f 4119 12168 4100
f 12264 12207 4136
f 4116 4130 12211
f 12236 4150 12300
f 4126 4138 12237
f 12342 12258 4166
f 4149 12255 4134
f 12278 4171 12354
f 4141 4165 12275
f 12292 5463 4148
f 12313 4163 12331
f 12325 12305 4160
f 4172 12308 4153
f 4159 12330 12325
f 12289 7454 611
f 1871 11904 6240
f 4004 4337 11887
f 5430 1869 4367
f 4367 1869 1525
f 1753 4340 5040
f 4309 1522 4343
f 1487 4218 1752
f 4310 1523 4342
f 11680 3940 11765
f 2814 7785 8760
f 11679 3939 11767
f 3928 7609 2544
f 4260 5485 1502
f 3466 10687 3451
f 11678 4250 621
f 11897 621 4010
f 1493 1517 4364
f 4989 4342 1523
f 11686 4242 623
f 11889 623 4005
f 1531 4226 1492
f 4988 4343 1522
f 1531 4416 4397
f 490 4368 5429
f 4392 4419 1549
f 1540 4392 1549
f 4369 4532 627
f 1530 1553 4376
f 4373 2160 1529
f 1870 4217 5437
f 4452 1564 4411
f 4411 1564 1547
f 4400 1534 4461
f 4420 491 4391
f 1536 4386 1569
f 4424 1554 4375
f 632 4394 4615
f 4387 1535 1568
f 1541 4504 4445
f 4412 4451 494
f 4507 1583 4434
f 4434 1583 1560
f 4401 4666 635
f 1544 1585 4406
f 4403 1588 1543
f 1567 4388 4457
f 4670 4532 1551
f 627 4374 6240
f 631 638 4425
f 4389 4422 1552
f 4587 1613 4495
f 4495 1613 1579
f 4498 1556 4584
f 4508 495 4433
f 4440 1618 1558
f 1586 4405 4510
f 642 4438 4712
f 4441 1557 1617
f 643 4460 636
f 4453 1565 4410
f 1566 4754 4615
f 4471 632 4385
f 1573 4636 4576
f 4496 4586 498
f 4581 4641 1630
f 1611 4581 1630
f 4485 4772 647
f 1576 1634 4490
f 4487 1637 1575
f 1616 4442 4592
f 4829 4666 1581
f 4404 4519 635
f 650 4511 641
f 4502 1582 4447
f 4559 1601 4561
f 4535 1591 4147
f 4536 1594 5449
f 7458 4538 11960
f 5579 1596 12438
f 5578 1482 12481
f 4557 4556 1597
f 500 4545 5580
f 4583 4565 1599
f 651 4540 7454
f 4693 1649 4631
f 4631 1649 1628
f 4634 1605 4690
f 4642 501 4580
f 1607 4569 1654
f 4644 1635 4489
f 659 4579 4851
f 4570 1606 1653
f 660 4595 648
f 4588 1614 4494
f 1615 4901 4712
f 4604 642 4439
f 1622 4740 4680
f 4632 4692 504
f 4741 1666 4687
f 4687 1666 1647
f 4621 4889 664
f 1625 1670 4626
f 4623 1673 1624
f 1652 4571 4698
f 4945 4772 1632
f 4488 4655 647
f 658 667 4645
f 4574 4638 1633
f 4726 4802 1689
f 1664 4726 1689
f 1641 4789 4735
f 4742 505 4686
f 4675 1690 1643
f 1671 4625 4748
f 4683 4914 671
f 1642 1687 4676
f 672 4701 665
f 4694 1650 4630
f 1651 4964 4851
f 4709 659 4568
f 4777 1658 4834
f 4801 508 4727
f 4831 1700 4788
f 4788 1700 1683
f 676 4728 4932
f 4725 1661 1702
f 1660 4722 1709
f 4795 1686 4677
f 4967 4889 1668
f 4624 4761 664
f 679 4749 670
f 4744 1669 4678
f 12458 5515 511
f 4191 4819 1692
f 1677 4873 4814
f 4787 4832 509
f 4780 1718 1678
f 1703 4724 4840
f 4785 4934 683
f 1679 1712 4784
f 677 684 4798
f 4731 4791 1684
f 4974 4914 1685
f 4810 671 4674
f 236 1694 4814
f 12445 6395 1480
f 12455 747 4191
f 4773 4721 313
f 510 4868 4783
f 4868 1713 4783
f 4902 4872 1697
f 5604 512 6397
f 1704 4971 4932
f 4859 676 4723
f 691 4843 682
f 4836 1705 4775
f 4965 4934 1710
f 4779 4897 683
f 688 693 4869
f 5597 94 4823
f 5073 5037 1741
f 4948 1728 3999
f 3953 7403 11722
f 3953 2500 7403
f 5010 1732 5033
f 4981 5013 514
f 697 4976 5097
f 4978 1733 1750
f 1739 5063 5027
f 5003 5029 515
f 5007 5121 699
f 1737 1760 5005
f 1743 5124 5072
f 694 4953 5549
f 701 5022 5150
f 5024 1744 1769
f 5055 1747 5082
f 5058 516 5025
f 1748 5152 5097
f 4977 5037 697
f 1754 5107 5076
f 5056 5084 517
f 5050 5176 705
f 1755 1776 5053
f 5195 5121 1758
f 5004 5067 699
f 5100 1763 5138
f 5110 518 5081
f 708 5079 5201
f 5078 1764 1786
f 1768 5234 5150
f 5092 701 5023
f 1773 5162 5127
f 5104 5134 519
f 5101 5242 711
f 1774 1796 5103
f 5326 5176 1778
f 5051 5117 705
f 1781 5193 5154
f 5163 520 5132
f 5130 5288 714
f 1782 1804 5129
f 1785 5369 5201
f 5142 708 5077
f 5187 1790 5214
f 5192 521 5159
f 717 5155 5346
f 5157 1791 1814
f 5382 5242 1795
f 5102 5171 711
f 1800 5237 5206
f 5180 5219 522
f 5181 5354 720
f 1801 1822 5184
f 5386 5288 1803
f 5198 714 5128
f 5226 1808 5259
f 5235 523 5212
f 723 5207 5368
f 5209 1809 1831
f 1812 5389 5346
f 5224 717 5156
f 1816 5289 5254
f 5231 5260 524
f 5227 5363 726
f 1817 1842 5229
f 5390 5354 1821
f 5183 5257 720
f 5274 1825 5320
f 5295 525 5252
f 729 5249 5348
f 5251 1826 1851
f 1830 5387 5368
f 5306 723 5208
f 1832 5300 5278
f 5271 5314 526
f 5269 5325 732
f 1834 1846 5272
f 1836 5278 472
f 12469 1436 11957
f 5312 5298 1837
f 527 12468 5623
f 5383 5363 1841
f 5228 5332 726
f 5328 5325 1845
f 5268 5336 732
f 1850 5372 5348
f 5341 729 5250
f 738 5440 628
f 5435 1866 4380
f 1867 5427 614
f 614 4219 597
f 4533 5459 1874
f 4210 2665 8057
f 11674 4261 741
f 133 10722 10683
f 11671 742 4266
f 420 11640 7630
f 5672 1943 5626
f 5626 1943 1923
f 500 1905 5591
f 12477 5616 4196
f 5649 5694 1955
f 1932 5649 1955
f 1910 5695 5642
f 530 5602 12450
f 5608 5866 747
f 1914 1958 5605
f 5600 5516 1913
f 4190 12457 5516
f 5729 1969 5665
f 5665 1969 1942
f 5621 1975 1919
f 5580 528 5588
f 5730 1970 5664
f 5664 1970 1941
f 4877 1920 5619
f 5281 11953 4031
f 5689 1926 5767
f 5693 533 5650
f 5768 1986 5688
f 5688 1986 1953
f 1931 5644 1990
f 5702 1959 5604
f 756 5638 5962
f 5647 1930 1985
f 5723 5811 2005
f 1968 5723 2005
f 5659 2007 1938
f 1974 5622 5735
f 5717 5802 2001
f 1964 5717 2001
f 5658 2008 1939
f 1973 5623 5734
f 761 5676 750
f 5671 1944 5631
f 5846 2021 5752
f 5752 2021 1978
f 5757 1947 5853
f 5687 5769 538
f 764 5677 6096
f 5684 1949 2022
f 5681 2025 1948
f 1984 5648 5760
f 6115 5866 1956
f 747 5601 5515
f 755 767 5703
f 5639 5698 1957
f 5794 5901 2040
f 1999 5794 2040
f 1963 5714 2042
f 5804 2003 5662
f 5892 2037 5785
f 5785 2037 1993
f 1966 5720 2043
f 5809 2004 5661
f 772 5737 760
f 5738 1971 5669
f 773 5736 758
f 5727 1972 5654
f 1980 5943 5839
f 5753 5845 541
f 5838 5944 2054
f 2017 5838 2054
f 5747 2060 1977
f 2023 5683 5850
f 5745 6260 777
f 1976 2059 5748
f 778 5763 765
f 5764 1988 5692
f 1989 6329 5962
f 5781 756 5643
f 5888 5994 2072
f 2034 5888 2072
f 5999 2074 5886
f 5886 2074 2035
f 1996 5790 2079
f 5898 2039 5716
f 5782 2078 1992
f 2038 5721 5894
f 769 784 5805
f 5712 5806 2002
f 771 785 5810
f 5718 5813 2006
f 6049 2091 5936
f 5936 2091 2052
f 5929 2011 6042
f 5945 546 5837
f 788 5841 6371
f 5834 2013 2094
f 2012 5831 2097
f 5948 2058 5749
f 2018 6459 6096
f 5682 5861 764
f 791 5851 776
f 5844 2019 5758
f 5986 6157 2134
f 2070 5986 2134
f 6150 2130 5988
f 5988 2130 2071
f 2031 5880 2143
f 6002 2077 5783
f 5879 2144 2030
f 2076 5791 6001
f 796 5895 783
f 5891 2036 5795
f 782 797 5899
f 5793 5902 2041
f 2046 6194 6022
f 5937 6048 549
f 6024 6192 2148
f 2084 6024 2148
f 5931 2157 2050
f 2095 5833 6053
f 5924 6469 801
f 2051 2145 5935
f 789 802 5951
f 5828 5940 2056
f 6588 6260 2057
f 5746 5959 777
f 6317 2185 6126
f 6126 2185 2121
f 6314 2184 6132
f 6132 2184 2123
f 2067 5980 2189
f 6153 2133 5882
f 5979 2190 2066
f 2132 5883 6152
f 794 808 6003
f 5887 5995 2073
f 809 6004 795
f 5996 2075 5885
f 6267 6220 2129
f 5927 5829 97
f 2166 2081 6022
f 6146 811 828
f 550 6188 5934
f 6188 2146 5934
f 816 813 6016
f 555 554 6027
f 2092 6772 6371
f 6065 788 5832
f 815 6054 800
f 6047 2093 5938
f 558 6102 6406
f 6102 2109 2209
f 2099 6173 6114
f 6081 6136 556
f 6084 6246 818
f 2100 2141 6077
f 6075 2156 2101
f 6191 554 6025
f 2321 2112 6114
f 6412 820 851
f 6718 6559 2209
f 6071 6031 304
f 6203 6171 2114
f 562 557 6105
f 555 6167 6078
f 6167 2140 6078
f 6442 2225 6305
f 6305 2225 2179
f 6306 6436 2222
f 2180 6306 2222
f 6121 2227 2118
f 2183 5984 6312
f 6129 2228 2122
f 2188 5981 6322
f 828 6144 819
f 6137 2126 6074
f 2127 6361 6274
f 810 6029 799
f 830 6155 807
f 6148 2131 5987
f 806 831 6154
f 5985 6149 2135
f 823 832 6170
f 90 6110 6278
f 6327 6246 2137
f 6076 6220 818
f 7130 6469 2149
f 5930 6233 801
f 812 835 6189
f 6030 6186 2150
f 2167 6513 6388
f 6289 6402 561
f 6504 2243 6381
f 6381 2243 2200
f 6283 2261 2172
f 2210 6101 6407
f 6277 7062 839
f 2171 2246 6284
f 6537 2257 6425
f 6425 2257 2219
f 2176 6299 2264
f 6439 2224 6122
f 6426 6533 2255
f 2220 6426 2255
f 6300 2263 2177
f 2226 6130 6444
f 844 6323 827
f 6318 2186 6125
f 845 6313 826
f 6319 2187 6124
f 6592 2274 6496
f 6496 2274 2239
f 6499 2202 6589
f 6505 566 6380
f 848 6384 7181
f 6377 2198 2277
f 6374 2296 2197
f 2245 6285 6508
f 2211 7318 6713
f 821 6107 816
f 851 6408 838
f 6411 2212 6290
f 6633 2290 6519
f 6519 2290 2250
f 6527 6638 2292
f 2254 6527 2292
f 6418 2306 2215
f 2260 6301 6542
f 2216 6419 2305
f 6535 2256 6303
f 856 6445 843
f 6434 2221 6311
f 841 857 6440
f 6298 6437 2223
f 2233 6701 6573
f 6497 6591 569
f 6582 6702 2315
f 2272 6582 2315
f 6489 2339 2236
f 2278 6376 6600
f 6487 7228 861
f 2235 2320 6490
f 862 6511 849
f 6500 2241 6387
f 7333 7062 2242
f 6282 6559 839
f 6614 6731 2326
f 2286 6614 2326
f 6516 2363 2248
f 2289 6423 6630
f 6723 2324 6608
f 6608 2324 2280
f 2252 6524 2364
f 6641 2294 6420
f 855 868 6536
f 6414 6540 2258
f 869 6543 854
f 6538 2259 6424
f 6662 6779 2344
f 2299 6662 2344
f 2266 6774 6671
f 6703 574 6581
f 6571 7239 872
f 2268 2345 6578
f 2267 6575 2430
f 6706 2319 6491
f 2275 7334 7181
f 6648 848 6375
f 875 6601 860
f 6594 2276 6494
f 6697 6875 2378
f 2314 6697 2378
f 6870 2375 6688
f 6688 2375 2310
f 2283 6611 2454
f 6733 2328 6517
f 6605 2453 2279
f 2325 6525 6725
f 880 6631 865
f 6632 2291 6521
f 867 881 6642
f 6523 6639 2293
f 6750 2301 6883
f 6778 577 6663
f 6884 2381 6745
f 6745 2381 2336
f 2298 6657 2457
f 6783 2346 6577
f 885 6667 7194
f 6658 2297 2386
f 6793 7043 2444
f 2350 6793 2444
f 6685 2469 2309
f 2377 6612 6872
f 7050 2447 6817
f 6817 2447 2362
f 2313 6694 2470
f 6879 2380 6606
f 873 890 6709
f 6586 6698 2317
f 7331 7228 2318
f 6488 6771 861
f 892 6726 879
f 6722 2323 6615
f 878 893 6734
f 6604 6730 2327
f 585 6808 7015
f 6808 2351 2436
f 2330 6859 6806
f 6744 6885 582
f 6741 7074 896
f 2333 2374 6746
f 6738 2456 2334
f 2385 6659 6892
f 7316 7239 2341
f 7010 872 6576
f 884 899 6784
f 6668 6777 2342
f 6925 591 6984
f 6847 6925 2398
f 2349 6792 2471
f 7040 2443 6687
f 2466 2355 6806
f 6825 88 6960
f 7134 7107 2436
f 6736 6665 93
f 7003 6866 2357
f 592 584 6812
f 581 6862 6747
f 6862 2373 6747
f 590 6975 6946
f 2407 6951 6950
f 6816 2472 2361
f 2446 6696 7047
f 905 908 6865
f 166 6971 6956
f 7169 7074 2370
f 6739 7090 896
f 910 6873 887
f 6874 2376 6682
f 889 911 6880
f 6692 6877 2379
f 912 6895 897
f 6886 2383 6743
f 2384 7288 7194
f 7099 885 6656
f 6834 6825 2368
f 6853 6899 914
f 6896 6853 915
f 587 6917 6849
f 6929 6845 2400
f 2389 2367 6852
f 6845 6932 2401
f 6845 917 6932
f 2366 6836 6823
f 918 6851 6909
f 919 6906 6851
f 6937 6843 588
f 2408 6949 6839
f 6850 2393 2365
f 2409 6839 6952
f 6952 6839 921
f 922 6954 6953
f 905 6810 908
f 189 6690 6603
f 590 6946 6840
f 924 6908 6907
f 589 6945 6841
f 925 6941 6940
f 7029 2439 6818
f 6933 926 6934
f 2442 6794 7037
f 6904 927 6905
f 6846 592 6926
f 6683 6609 86
f 6847 591 6925
f 6920 929 6921
f 2435 6809 7014
f 930 7019 929
f 6960 88 6967
f 2432 7203 7140
f 903 6805 894
f 925 932 7030
f 89 6965 6962
f 933 7038 926
f 6958 299 6969
f 901 934 7041
f 6797 7042 2445
f 935 7048 907
f 7051 2448 6815
f 5471 12517 347
f 5471 4207 12517
f 7433 5457 285
f 3936 7437 2508
f 11660 1413 7437
f 3908 7803 2596
f 2517 7471 5531
f 7477 3933 2517
f 1411 11651 7511
f 3904 7847 2609
f 2525 7505 5566
f 7511 3931 2525
f 7555 5634 119
f 3930 7559 2535
f 7727 7341 219
f 3918 7731 2576
f 11648 1410 7559
f 3920 7699 2568
f 7842 7424 147
f 2608 7424 7842
f 11644 1409 7609
f 2564 7687 7686
f 2550 7631 6069
f 947 7625 7624
f 2554 7653 6390
f 948 7644 7643
f 7656 7655 2558
f 3776 8907 2859
f 1400 11607 7797
f 3892 7925 2629
f 7686 7685 2564
f 3914 7757 2584
f 11628 1405 7699
f 3890 7937 2633
f 1403 11619 7749
f 3894 7909 2625
f 11624 1404 7731
f 3896 7893 2621
f 2582 7743 7360
f 7749 3915 2582
f 11616 1402 7757
f 3888 7953 2637
f 2590 7767 7368
f 7773 3911 2590
f 2594 7791 7392
f 7797 3909 2594
f 11604 1399 7803
f 3850 8243 2719
f 1396 11593 7850
f 3876 8085 2671
f 8139 7552 162
f 3868 8143 2687
f 11594 1397 7847
f 7848 7847 962
f 2615 7859 7429
f 7865 3899 2615
f 2619 7873 7431
f 7876 3897 2619
f 11580 1393 7893
f 3880 8037 2657
f 11576 1392 7909
f 3848 8255 2723
f 11572 1391 7925
f 3882 8017 2653
f 11568 1390 7937
f 3864 8167 2695
f 11564 1389 7953
f 3870 8131 2683
f 1368 11479 8271
f 3836 8329 2747
f 2647 7985 7483
f 7991 3885 2647
f 2651 7997 7485
f 8003 3883 2651
f 11552 1386 8017
f 2675 8112 8107
f 11548 1385 8037
f 3860 8191 2703
f 2663 8047 7515
f 8053 3877 2663
f 11698 3945 11688
f 11688 3945 3941
f 1373 11499 8223
f 3782 8859 2843
f 11540 1383 8085
f 3838 8317 2743
f 8107 8106 2675
f 3858 8205 2707
f 2681 8117 7547
f 8123 3871 2681
f 11528 1380 8131
f 3824 8385 2763
f 11524 1379 8143
f 3820 8409 2771
f 2693 8153 7553
f 8159 3865 2693
f 11516 1377 8167
f 3814 8445 2783
f 2701 8177 7569
f 8183 3861 2701
f 11508 1375 8191
f 3840 8305 2739
f 11504 1374 8205
f 2715 8236 8235
f 2713 8217 7575
f 8223 3855 2713
f 8235 8234 2715
f 8229 2716 8234
f 11488 1370 8243
f 3784 8835 2835
f 11484 1369 8255
f 3800 8761 2811
f 2729 8265 7585
f 8271 3845 2729
f 2733 8277 7587
f 8283 3843 2733
f 2737 8291 7601
f 8297 3841 2737
f 11468 1365 8305
f 3830 8359 2755
f 11464 1364 8317
f 3812 8457 2787
f 11458 1363 8329
f 8330 8329 997
f 2753 8347 7635
f 998 8338 8337
f 11446 1360 8359
f 8360 8359 999
f 2761 8371 7639
f 8374 3825 2761
f 11436 1357 8385
f 3808 8713 2795
f 2769 8395 7679
f 8401 3821 2769
f 11428 1355 8409
f 2827 8809 8808
f 2777 8419 7695
f 8425 3817 2777
f 2781 8431 7721
f 8437 3815 2781
f 11416 1352 8445
f 3804 8749 2807
f 11412 1351 8457
f 3796 8773 2815
f 2793 8699 7739
f 8705 3809 2793
f 11404 1349 8713
f 3790 8799 2823
f 1346 11393 8752
f 3794 8787 2819
f 2805 8735 7781
f 8741 3805 2805
f 11394 1347 8749
f 8750 8749 1012
f 11386 1345 8761
f 8762 8761 1013
f 11380 1343 8773
f 3780 8871 2847
f 11374 1342 8787
f 8788 8787 1015
f 11368 1340 8799
f 3770 8931 2867
f 8808 2828 2827
f 3778 8883 2851
f 2833 8821 7869
f 8827 3785 2833
f 11356 1337 8835
f 3744 9075 2915
f 1324 11303 8995
f 3470 10675 3447
f 11352 1336 8859
f 3738 9099 2923
f 11348 1335 8871
f 3768 8943 2871
f 11344 1334 8883
f 3750 9027 2899
f 1321 11291 9019
f 3766 8955 2875
f 11338 1333 8907
f 8908 8907 1025
f 2865 8917 7945
f 8923 3771 2865
f 11328 1330 8931
f 3748 9039 2903
f 11324 1329 8943
f 3756 9003 2891
f 11318 1328 8955
f 8956 8955 1029
f 2881 8965 7977
f 8971 3761 2881
f 2885 8977 7979
f 8983 3759 2885
f 2889 8989 7981
f 8995 3757 2889
f 11298 1323 9003
f 9004 9003 1033
f 2897 9013 8009
f 9019 3751 2897
f 11288 1320 9027
f 3742 9087 2919
f 11284 1319 9039
f 3730 9135 2935
f 2909 9049 8027
f 9055 3745 2909
f 1315 11269 9090
f 3736 9111 2927
f 11276 1317 9075
f 3462 10699 3455
f 11270 1316 9087
f 9088 9087 1040
f 11264 1314 9099
f 3716 9209 2959
f 11258 1313 9111
f 9112 9111 1042
f 2933 9121 8079
f 9127 3731 2933
f 11248 1310 9135
f 3728 9147 2939
f 11244 1309 9147
f 3726 9159 2943
f 11240 1308 9159
f 3722 9183 2951
f 2949 9169 8099
f 9175 3723 2949
f 11230 1306 9183
f 9184 9183 1048
f 2957 9195 8199
f 9201 3717 2957
f 11220 1303 9209
f 3710 9259 2975
f 2965 9221 8287
f 9227 3713 2965
f 1299 11205 9262
f 3706 9271 2979
f 2973 9245 8351
f 9251 3711 2973
f 11206 1300 9259
f 9260 9259 1054
f 11198 1298 9271
f 9272 9271 1055
f 3259 3638 10123
f 10127 1264 11053
f 3443 3474 10663
f 8604 356 10119
f 3439 3478 10655
f 8580 308 9903
f 3203 3668 9951
f 9955 1279 11119
f 3407 3510 10559
f 8572 22 9919
f 3415 3502 10591
f 8675 298 10506
f 3395 3522 10527
f 10531 1206 10820
f 3423 3494 10607
f 8671 28 10514
f 3403 3514 10543
f 10547 1202 10812
f 3167 3682 9855
f 9859 1286 11145
f 10011 3219 10048
f 8566 434 9835
f 3175 3678 9871
f 9875 1284 11141
f 10023 3227 10044
f 8562 353 9843
f 3431 3486 10631
f 8584 68 10067
f 10035 3243 10040
f 10039 1269 11106
f 3435 3482 10639
f 8556 112 9823
f 3351 3566 10407
f 8528 305 9591
f 3091 3698 9623
f 9627 1294 11179
f 3367 3550 10439
f 8524 74 9599
f 3099 3694 9639
f 9643 1292 11175
f 9559 3071 9580
f 9579 1296 11194
f 3131 3690 9727
f 9731 1290 11167
f 3379 3538 10479
f 8634 472 10219
f 3303 3608 10263
f 10267 1249 10984
f 3387 3530 10495
f 8626 56 10235
f 3319 3596 10295
f 9584 8515 3073
f 3089 9619 3699
f 9615 11182 1295
f 3327 3588 10319
f 9597 8525 3093
f 3267 3634 10139
f 10143 1262 11048
f 3135 3688 9743
f 9747 1289 11161
f 3097 9635 3695
f 9631 11178 1293
f 3411 3506 10567
f 9605 8521 3101
f 3283 3618 10191
f 8578 301 9907
f 3199 3670 9943
f 9947 1280 11121
f 3291 3614 10207
f 8570 34 9923
f 3127 3692 9719
f 9723 1291 11169
f 3375 3542 10459
f 9717 8537 3129
f 3427 3490 10615
f 9713 8539 3133
f 3255 3642 10099
f 9737 8543 3137
f 3141 9755 3685
f 9751 11160 1288
f 3231 3654 9991
f 9994 1272 11109
f 3271 3630 10147
f 8586 46 9985
f 3295 3612 10247
f 9807 3157 9808
f 3339 3576 10355
f 8629 383 10230
f 3311 3600 10279
f 9813 3165 9814
f 9799 9798 1101
f 9801 3151 9802
f 3335 3580 10347
f 9833 8567 3169
f 3173 9867 3679
f 9863 11144 1285
f 3383 3534 10487
f 9841 8563 3177
f 3181 9883 3675
f 9879 11140 1283
f 3343 3572 10363
f 8613 8 10158
f 3279 3622 10171
f 10175 1256 11028
f 3193 9931 3673
f 9927 11126 1282
f 3197 9939 3671
f 9935 11124 1281
f 3251 3644 10091
f 9913 8575 3201
f 3419 3498 10599
f 9917 8573 3205
f 3209 9963 3665
f 9959 11118 1278
f 3213 9971 3663
f 9967 11116 1277
f 10005 10004 1114
f 10007 3215 10008
f 3355 3562 10415
f 10058 8593 3221
f 10017 10016 1116
f 10019 3223 10020
f 3363 3554 10431
f 10062 8589 3229
f 3275 3626 10163
f 9984 8587 3233
f 3237 10000 3651
f 9997 11108 1271
f 10029 10028 1120
f 10031 3239 10032
f 3371 3546 10447
f 10070 8581 3245
f 3249 10087 3645
f 10083 11074 1268
f 3331 3584 10327
f 10077 8599 3253
f 1124 10100 10099
f 10081 8597 3257
f 3359 3558 10423
f 10117 8605 3261
f 3265 10135 3635
f 10131 11052 1263
f 1127 10140 10139
f 10109 8609 3269
f 1128 10148 10147
f 10113 8607 3273
f 1129 10164 10163
f 10157 8613 3277
f 1130 10172 10171
f 10161 8611 3281
f 3391 3526 10519
f 10181 8619 3285
f 3289 10203 3615
f 10199 11018 1253
f 3399 3518 10535
f 10189 8615 3293
f 3307 3604 10271
f 10217 8635 3297
f 3301 10259 3609
f 10255 10988 1250
f 1136 10264 10263
f 10225 8631 3305
f 1137 10272 10271
f 10229 8629 3309
f 3323 3592 10303
f 10233 8627 3313
f 3317 10291 3597
f 10287 10976 1244
f 1140 10296 10295
f 10241 8623 3321
f 1141 10304 10303
f 10245 8621 3325
f 1142 10320 10319
f 10313 8639 3329
f 1143 10328 10327
f 10317 8637 3333
f 1144 10348 10347
f 10337 8645 3337
f 1145 10356 10355
f 10341 8643 3341
f 1146 10364 10363
f 10345 8641 3345
f 3349 10379 3567
f 10375 10924 1229
f 1148 10408 10407
f 10401 8651 3353
f 1149 10416 10415
f 10385 8659 3357
f 1150 10424 10423
f 10389 8657 3361
f 1151 10432 10431
f 10393 8655 3365
f 1152 10440 10439
f 10397 8653 3369
f 1153 10448 10447
f 10405 8649 3373
f 1154 10460 10459
f 10457 8661 3377
f 1155 10480 10479
f 10469 8667 3381
f 1156 10488 10487
f 10473 8665 3385
f 1157 10496 10495
f 10477 8663 3389
f 1158 10520 10519
f 10505 8675 3393
f 1159 10528 10527
f 10509 8673 3397
f 1160 10536 10535
f 10513 8671 3401
f 1161 10544 10543
f 10517 8669 3405
f 1162 10560 10559
f 10553 8679 3409
f 1163 10568 10567
f 10557 8677 3413
f 1164 10592 10591
f 10577 8687 3417
f 1165 10600 10599
f 10581 8685 3421
f 1166 10608 10607
f 10585 8683 3425
f 1167 10616 10615
f 10589 8681 3429
f 1168 10632 10631
f 10625 8691 3433
f 1169 10640 10639
f 10629 8689 3437
f 1170 10656 10655
f 10649 8695 3441
f 1171 10664 10663
f 10653 8693 3445
f 10726 1180 10675
f 10676 10675 1172
f 10718 1178 10687
f 10688 10687 1173
f 10710 1176 10699
f 10700 10699 1174
f 2532 5583 7534
f 7542 7541 943
f 2918 8031 9074
f 9076 9075 1039
f 2541 5975 7590
f 7594 7593 945
f 10716 3464 10691
f 1178 10716 10691
f 2518 5531 7472
f 7474 7473 939
f 2840 7886 8844
f 8852 8851 1020
f 8472 9308 2996
f 1059 9328 9327
f 8466 9284 2988
f 1057 9300 9299
f 8527 9594 3090
f 1082 9616 9615
f 8474 9304 2992
f 1058 9320 9319
f 8484 9408 3040
f 1070 9456 9455
f 8496 9460 3044
f 1071 9468 9467
f 8506 9520 3064
f 1076 9528 9527
f 8486 9404 3036
f 1069 9448 9447
f 8482 9376 3016
f 1064 9384 9383
f 8539 9714 3134
f 1093 9728 9727
f 8571 9922 3210
f 1112 9960 9959
f 8476 9348 3012
f 1063 9368 9367
f 8478 9344 3008
f 1062 9364 9363
f 8573 9918 3206
f 1111 9952 9951
f 8579 9906 3194
f 1108 9928 9927
f 8480 9340 3004
f 1061 9352 9351
f 8508 9532 3068
f 1077 9540 9539
f 8521 9606 3102
f 1087 9640 9639
f 8518 9612 3108
f 1084 9660 9659
f 8470 9312 3000
f 1060 9336 9335
f 8647 10374 3350
f 1147 10376 10375
f 10547 10812 3512
f 3015 9379 3514
f 10537 1203 10538
f 3011 9371 3515
f 8615 10190 3294
f 1133 10208 10207
f 8617 10186 3290
f 1132 10200 10199
f 10531 10820 3520
f 3007 9359 3522
f 10521 1207 10522
f 3003 9355 3523
f 8619 10182 3286
f 1131 10192 10191
f 8558 9852 3188
f 1107 9900 9899
f 8510 9549 3084
f 9570 9569 3086
f 8512 9587 3080
f 1079 9555 9554
f 8563 9842 3178
f 1104 9872 9871
f 8565 9838 3174
f 1103 9864 9863
f 8514 9545 3076
f 9564 9563 3078
f 8541 9742 3142
f 1095 9752 9751
f 8537 9718 3130
f 1092 9720 9719
f 8498 9484 3060
f 1075 9516 9515
f 8581 9990 3246
f 10034 10033 3244
f 8583 9988 3242
f 10031 10030 3240
f 8500 9480 3056
f 1074 9508 9507
f 8603 10122 3266
f 1126 10132 10131
f 8589 9982 3230
f 10022 10021 3228
f 8591 9980 3226
f 10019 10018 3224
f 8605 10118 3262
f 1125 10124 10123
f 8502 9476 3052
f 1073 9500 9499
f 8593 9978 3222
f 10010 10009 3220
f 8595 9976 3218
f 10007 10006 3216
f 8504 9472 3048
f 1072 9492 9491
f 8536 9664 3112
f 1091 9684 9683
f 8550 9789 3164
f 9813 9812 3166
f 8560 9848 3184
f 1106 9888 9887
f 8561 9846 3182
f 1105 9880 9879
f 8552 9827 3160
f 1099 9792 9791
f 8554 9785 3156
f 9807 9806 3158
f 8567 9834 3170
f 1102 9856 9855
f 8468 9280 2984
f 1056 9292 9291
f 8599 10078 3254
f 1123 10092 10091
f 8601 10074 3250
f 1122 10084 10083
f 8525 9598 3094
f 1083 9624 9623
f 8555 9784 3154
f 9801 9800 3152
f 8627 10234 3314
f 1138 10280 10279
f 8625 10238 3318
f 1139 10288 10287
f 8515 9544 3074
f 9558 9557 3072
f 10291 10975 3597
f 9574 9573 1080
f 10283 10977 3599
f 9811 9810 1100
f 10273 1246 10274
f 3159 9794 3601
f 8635 10218 3298
f 1134 10248 10247
f 8633 10222 3302
f 1135 10256 10255
f 10267 10984 3606
f 3079 9551 3608
f 10259 10987 3609
f 9568 9567 1078
f 10251 10989 3611
f 9805 9804 1098
f 8530 9676 3124
f 1090 9708 9707
f 8532 9672 3120
f 1089 9700 9699
f 8534 9668 3116
f 1088 9692 9691
f 8585 10066 3238
f 1119 9998 9997
f 10175 11028 3620
f 3187 9895 3622
f 10165 1257 10166
f 3183 9891 3623
f 8587 10064 3234
f 1118 9992 9991
f 8520 9608 3104
f 1085 9652 9651
f 8546 9764 3148
f 1097 9780 9779
f 8548 9760 3144
f 1096 9772 9771
f 10143 11048 3632
f 3107 9655 3634
f 10135 11051 3635
f 2987 9295 3636
f 10127 11053 3637
f 2983 9287 3638
f 8569 9926 3214
f 1113 9968 9967
f 8543 9738 3138
f 1094 9744 9743
f 8575 9914 3202
f 1110 9944 9943
f 8577 9910 3198
f 1109 9936 9935
f 10038 1269 10039
f 3039 9451 3648
f 10029 1270 10042
f 3035 9443 3650
f 10000 11107 3651
f 3147 9775 3652
f 9994 11109 3653
f 3143 9767 3654
f 8488 9400 3032
f 1068 9440 9439
f 8490 9396 3028
f 1067 9432 9431
f 8492 9392 3024
f 1066 9424 9423
f 8494 9388 3020
f 1065 9416 9415
f 9971 11115 3663
f 3123 9703 3664
f 9963 11117 3665
f 2999 9331 3666
f 9955 11119 3667
f 2995 9323 3668
f 9947 11121 3669
f 3119 9695 3670
f 9939 11123 3671
f 3115 9687 3672
f 9931 11125 3673
f 2991 9315 3674
f 9883 11139 3675
f 3031 9435 3676
f 9875 11141 3677
f 3027 9427 3678
f 9867 11143 3679
f 3023 9419 3680
f 9859 11145 3681
f 3019 9411 3682
f 9799 1287 9820
f 3043 9463 3684
f 8523 9602 3098
f 1086 9632 9631
f 9747 11161 3687
f 3103 9647 3688
f 9731 11167 3689
f 3067 9535 3690
f 9723 11169 3691
f 3111 9679 3692
f 9643 11175 3693
f 3059 9511 3694
f 9635 11177 3695
f 3055 9503 3696
f 9627 11179 3697
f 3051 9495 3698
f 9619 11181 3699
f 3047 9487 3700
f 9562 1296 9579
f 3063 9523 3702
f 2974 8351 9246
f 9248 9247 1053
f 2968 8350 9232
f 9236 9235 1052
f 1299 9262 9261
f 9239 3707 2967
f 2962 8213 9208
f 9210 9209 1050
f 2966 8287 9222
f 9224 9223 1051
f 2958 8199 9196
f 9198 9197 1049
f 2926 8075 9098
f 9100 9099 1041
f 2866 7945 8918
f 8920 8919 1026
f 2950 8099 9170
f 9172 9171 1047
f 2946 8097 9158
f 9160 9159 1046
f 2934 8079 9122
f 9124 9123 1043
f 2942 8095 9146
f 9148 9147 1045
f 2938 8093 9134
f 9136 9135 1044
f 2906 8013 9038
f 9040 9039 1036
f 2910 8027 9050
f 9052 9051 1037
f 2898 8009 9014
f 9016 9015 1034
f 2912 8030 9060
f 9064 9063 1038
f 2846 7887 8858
f 8860 8859 1021
f 1315 9090 9089
f 9067 3739 2911
f 2902 8011 9026
f 9028 9027 1035
f 2838 7883 8834
f 8836 8835 1019
f 2890 7981 8990
f 8992 8991 1032
f 2870 7947 8930
f 8932 8931 1027
f 2854 7903 8882
f 8884 8883 1023
f 11291 3751 9019
f 8893 3752 2855
f 2886 7979 8978
f 8980 8979 1031
f 2874 7961 8942
f 8944 8943 1028
f 11303 3757 8995
f 8847 3758 2839
f 2882 7977 8966
f 8968 8967 1030
f 2834 7869 8822
f 8824 8823 1018
f 2778 7695 8420
f 8422 8421 1004
f 2858 7917 8902
f 8895 8894 1024
f 2850 7889 8870
f 8872 8871 1022
f 2826 7829 8798
f 8800 8799 1016
f 2794 7739 8700
f 8702 8701 1008
f 2714 7575 8218
f 8220 8219 988
f 2557 6449 7664
f 7662 2559 7655
f 2830 7855 8818
f 8810 2828 8808
f 2818 7787 8772
f 8774 8773 1014
f 2670 7517 8074
f 8067 8066 977
f 2722 7581 8242
f 8244 8243 990
f 2770 7679 8396
f 8398 8397 1002
f 2774 7681 8408
f 8410 8409 1003
f 2798 7777 8712
f 8714 8713 1009
f 2806 7781 8736
f 8738 8737 1011
f 2800 7780 8722
f 8726 8725 1010
f 2790 7725 8456
f 8458 8457 1007
f 1344 8764 8763
f 1344 11385 8764
f 2726 7583 8254
f 8256 8255 991
f 1346 8752 8751
f 8729 3801 2799
f 2786 7723 8444
f 8446 8445 1006
f 2782 7721 8432
f 8434 8433 1005
f 2766 7641 8384
f 8386 8385 1001
f 2595 7392 7792
f 7794 7793 958
f 2746 7618 8316
f 8318 8317 996
f 2698 7567 8166
f 8168 8167 984
f 2762 7639 8372
f 8375 2760 8376
f 2730 7585 8266
f 8268 8267 992
f 2690 7551 8142
f 8145 2688 8149
f 2664 7515 8048
f 8050 8049 975
f 2686 7549 8130
f 8132 8131 981
f 2754 7635 8348
f 8342 2752 8339
f 2738 7601 8292
f 8294 8293 994
f 2742 7603 8304
f 8306 8305 995
f 2616 7429 7860
f 7862 7861 963
f 2528 5575 7520
f 7528 7527 942
f 2642 7463 7964
f 7972 7971 970
f 2674 7531 8084
f 8086 8085 978
f 2706 7571 8190
f 8192 8191 986
f 2734 7587 8278
f 8280 8279 993
f 2652 7485 7998
f 8000 7999 972
f 11479 3845 8271
f 7967 3846 2641
f 2628 7447 7908
f 7910 7909 966
f 2598 7395 7811
f 7804 7803 959
f 2702 7569 8178
f 8180 8179 985
f 2710 7573 8204
f 8206 8205 987
f 11499 3855 8223
f 8065 3856 2667
f 2678 7545 8104
f 8105 2676 8106
f 2660 7501 8036
f 8038 8037 974
f 2694 7553 8154
f 8156 8155 983
f 2636 7451 7936
f 7938 7937 968
f 2682 7547 8118
f 8120 8119 980
f 11523 3867 8144
f 7833 3868 2605
f 2640 7460 7952
f 7955 2638 7959
f 2620 7431 7874
f 7877 2618 7881
f 2656 7499 8026
f 8022 2654 8020
f 2602 7405 7818
f 7822 7821 960
f 11543 3877 8053
f 949 7658 7657
f 2624 7445 7902
f 7894 7893 965
f 2632 7449 7924
f 7927 2630 7928
f 2648 7483 7986
f 7988 7987 971
f 2555 6390 7654
f 7648 2553 7645
f 2587 7362 7756
f 7759 2585 7763
f 2570 7285 7707
f 7700 7699 952
f 2561 6551 7668
f 7676 7675 950
f 2573 7290 7710
f 7718 7717 953
f 2579 7340 7730
f 7732 7731 954
f 2591 7368 7768
f 7770 7769 957
f 2551 6069 7621
f 7622 2549 7627
f 1396 7850 7849
f 7825 3901 2601
f 2520 5541 7488
f 7496 7495 940
f 1398 7839 7838
f 7597 3905 2540
f 2511 5456 7436
f 7438 7437 938
f 11607 3909 7797
f 7671 3910 2560
f 2583 7360 7744
f 7746 7745 955
f 2567 7126 7694
f 7688 2565 7685
f 11619 3915 7749
f 7713 3916 2572
f 11623 3917 7735
f 7537 3918 2531
f 2538 5633 7558
f 7560 7559 944
f 2547 6006 7608
f 7610 7609 946
f 2526 5566 7506
f 7508 7507 941
f 1408 7626 7625
f 1408 11642 7626
f 11643 3927 7613
f 1409 11643 7613
f 11647 3929 7563
f 7523 3930 2527
f 11651 3931 7511
f 7491 3932 2519
f 2505 5445 7421
f 7418 2507 7412
f 11659 3935 7441
f 937 7413 7415
f 11730 3955 11708
f 11708 3955 3948
f 11735 11812 3978
f 3956 11735 3978
f 11835 12105 4079
f 3987 11835 4079
f 11679 11767 4249
f 11677 1520 11780
f 11680 11765 4248
f 11685 1521 11777
f 11844 3984 11873
f 593 11827 4295
f 4294 3985 1509
f 3986 11834 4330
f 11882 284 12486
f 5457 284 11882
f 11868 3989 11917
f 11850 11875 594
f 1423 11846 11990
f 11848 3990 4019
f 11722 7403 345
f 2499 7400 11867
f 3999 11945 11918
f 11869 5549 595
f 4001 12026 11946
f 1420 11830 4311
f 4229 615 4359
f 626 615 4229
f 4221 614 4360
f 11901 614 4221
f 4347 487 4987
f 5438 487 4216
f 4348 488 4990
f 4214 4348 1524
f 11935 4014 11979
f 598 11914 4325
f 12057 12017 4041
f 11915 4015 4324
f 4017 12059 11990
f 11847 11927 1423
f 11976 4023 12009
f 11938 11978 599
f 1435 11940 12101
f 11941 4024 4052
f 11955 752 1436
f 11784 4029 11951
f 4038 12046 12002
f 11971 12010 600
f 11975 12128 1438
f 4035 4063 11973
f 4040 12134 12058
f 1432 11909 4463
f 4046 12086 12042
f 12044 601 12005
f 12007 12155 1441
f 4047 4075 12001
f 4050 12161 12101
f 11936 12017 1435
f 12084 4057 12118
f 12090 602 12038
f 1444 12039 12190
f 12037 4060 4086
f 12222 12128 4062
f 11969 12051 1438
f 4071 12149 12115
f 12083 12119 603
f 12078 12231 1447
f 4070 4095 12082
f 12268 12155 4074
f 12094 1441 12003
f 12138 4082 12175
f 12147 604 12113
f 1450 12109 12273
f 12114 4080 4104
f 4085 12388 12190
f 12125 1444 12040
f 4090 12219 12169
f 12142 12171 605
f 12136 12365 1453
f 4089 4120 12140
f 12428 12231 4093
f 12080 12154 1447
f 12209 4099 12245
f 12215 606 12164
f 1456 12162 12403
f 12167 4101 4129
f 4103 12436 12273
f 12180 1450 12111
f 12233 4118 12263
f 12208 12242 607
f 1459 12205 12418
f 12206 4115 4137
f 12440 12365 4119
f 12137 12226 1453
f 4124 12297 12260
f 12238 12261 608
f 12234 12420 1462
f 4125 4151 12232
f 4130 12443 12403
f 12250 1456 12166
f 12281 4133 12344
f 12299 609 12259
f 1465 12256 12407
f 12257 4132 4167
f 4138 12442 12418
f 12204 12285 1459
f 4140 12359 12306
f 12279 12341 610
f 12276 12398 1468
f 4143 4173 12277
f 4145 2512 7459
f 4537 5464 1875
f 12295 4177 4147
f 1478 12351 1470
f 12439 12420 4149
f 12235 12369 1462
f 12314 4152 12324
f 12353 612 12309
f 12328 1473 12334
f 12310 4154 4162
f 4145 7459 12287
f 1469 12349 12288
f 4158 12332 12327
f 613 12318 611
f 12327 12328 4161
f 12382 1473 12303
f 4165 12433 12407
f 12383 1465 12254
f 1475 1478 12350
f 12312 12346 4168
f 12414 12398 4172
f 12280 12391 1468
f 1480 12456 748
f 12451 4188 5599
f 4189 12446 6394
f 687 4816 680
f 12483 744 1482
f 4194 5586 12480
f 285 11861 5422
f 5445 285 11748
f 4230 397 4275
f 4230 436 397
f 5423 4211 1864
f 420 4212 4233
f 5045 4352 597
f 11892 7348 597
f 1870 1487 4217
f 1752 4351 5041
f 1868 5431 4225
f 490 4215 487
f 1869 1489 4224
f 11883 7351 596
f 4011 11901 4221
f 11887 4337 245
f 626 5434 4381
f 4381 629 626
f 5046 4341 624
f 1492 1515 4341
f 1493 4227 1517
f 114 5435 4380
f 4283 436 4317
f 437 436 4283
f 4233 4212 1495
f 4232 48 50
f 4245 4332 1496
f 4252 4355 619
f 4253 4354 1497
f 4244 4333 618
f 4477 1572 4309
f 4246 4204 12510
f 4476 1571 4310
f 4247 4205 12512
f 4257 4233 1500
f 50 52 4256
f 11672 3937 4265
f 5482 1501 4264
f 4270 5494 1502
f 3938 4261 11674
f 4262 5484 3938
f 4262 1503 5484
f 4274 5490 1504
f 3937 4266 5480
f 4281 1505 1877
f 133 4282 4288
f 437 5470 4984
f 411 437 4984
f 4257 1507 4285
f 4286 52 54
f 4288 4282 1508
f 286 293 4289
f 4293 4285 1509
f 1420 11828 11946
f 4288 1510 4303
f 293 291 4304
f 4303 1511 4315
f 4316 291 292
f 4323 4315 1512
f 1432 11910 12058
f 11681 1513 11764
f 11678 621 11768
f 11682 1514 11758
f 11686 623 11760
f 4377 232 4226
f 1492 4341 5046
f 618 11680 4248
f 4251 4357 1418
f 4245 1517 4331
f 1493 4364 5044
f 619 11679 4249
f 4243 4335 1417
f 4007 7348 11892
f 4216 487 4347
f 245 11646 7605
f 4358 1417 4250
f 313 11387 8760
f 4336 1418 4242
f 1753 1522 4340
f 4309 1572 1522
f 1752 1523 4351
f 4310 1571 1523
f 4006 7351 11883
f 4214 488 4348
f 4372 1549 1525
f 5432 4224 615
f 4368 1526 1868
f 4371 4418 625
f 4369 1590 4532
f 116 4379 5436
f 4380 1866 1528
f 4389 112 4422
f 4375 1554 1529
f 5437 4217 488
f 6240 4374 2159
f 4376 4423 490
f 1531 4377 4226
f 625 630 4382
f 4398 629 4415
f 634 629 4398
f 634 4462 4399
f 639 634 4399
f 4377 1534 4384
f 4397 630 633
f 1570 4471 4385
f 491 4387 4458
f 1567 1536 4388
f 489 4424 4375
f 1537 4389 1552
f 110 4453 4410
f 4615 4394 1620
f 4421 115 4390
f 1550 4391 1539
f 630 4396 4455
f 1564 1540 4395
f 626 4417 4372
f 4413 4384 1541
f 633 640 4400
f 639 4503 4446
f 646 639 4446
f 1586 1543 4405
f 4457 4388 492
f 4404 1587 4519
f 4406 4509 494
f 4401 1639 4666
f 4409 4454 113
f 4410 1565 1546
f 108 4502 4447
f 1583 1547 4408
f 4456 4395 629
f 1548 1563 4412
f 4407 4506 633
f 4417 1549 4372
f 4392 492 4419
f 1550 4420 4391
f 1526 1550 4371
f 1551 4421 4390
f 627 4428 637
f 4671 4531 628
f 628 4531 4370
f 4376 1553 4423
f 4426 637 632
f 631 4528 4470
f 4386 631 4470
f 646 4585 4497
f 4497 656 646
f 4413 1556 4436
f 4445 640 645
f 1619 4604 4439
f 495 4441 4593
f 1616 1558 4442
f 4510 4405 493
f 1584 4433 1559
f 640 4444 4590
f 1613 1560 4443
f 4505 4408 634
f 4447 1582 1561
f 106 4588 4494
f 4712 4438 1656
f 4501 111 4448
f 4412 1563 4451
f 4396 1539 1563
f 1564 4395 4456
f 493 4452 4411
f 4616 631 4753
f 4616 4393 631
f 4409 1566 4454
f 644 632 4449
f 4607 4520 636
f 636 4520 4403
f 4458 4387 1568
f 635 4459 644
f 4386 4470 1569
f 4468 4424 489
f 4469 4423 1570
f 1570 4385 1535
f 1571 4475 4351
f 4249 4344 1499
f 1572 4474 4340
f 4248 4345 1498
f 4483 4436 1573
f 645 657 4498
f 4577 656 4635
f 663 656 4577
f 4489 1635 1575
f 4592 4442 496
f 4488 1636 4655
f 4490 4643 498
f 4485 1675 4772
f 4493 4589 109
f 4494 1614 1578
f 4574 104 4638
f 4492 1630 1579
f 4591 4443 639
f 1580 1612 4496
f 4491 4640 645
f 1581 4501 4448
f 635 4514 649
f 4665 636 4830
f 4665 4402 636
f 1583 4408 4505
f 496 4507 4434
f 1584 4508 4433
f 1548 1584 4407
f 4406 1585 4509
f 4512 649 642
f 4658 4603 641
f 641 4603 4440
f 1587 4515 4458
f 1544 1587 4404
f 4520 1588 4403
f 4457 492 4516
f 4531 1589 4370
f 4422 112 4523
f 1590 4524 4421
f 1527 1590 4369
f 4539 1603 4565
f 271 4535 12294
f 1592 4541 1876
f 652 653 4534
f 7454 4540 11961
f 4540 1593 5448
f 4538 1600 4553
f 499 4536 7455
f 1595 4542 4196
f 652 4544 653
f 4541 1596 4546
f 4549 653 61
f 1597 4548 1907
f 655 4543 654
f 4545 1598 528
f 4195 5589 12478
f 1599 4551 4548
f 651 4556 655
f 1600 4552 4542
f 1594 4538 7458
f 4537 1601 4554
f 4555 655 654
f 4558 4554 1602
f 1598 4547 4195
f 1603 4564 4551
f 1591 1603 4539
f 663 4691 4633
f 668 663 4633
f 4483 1605 4567
f 4576 657 662
f 1655 4709 4568
f 501 4570 4699
f 1652 1607 4571
f 497 4644 4489
f 1608 4574 1633
f 102 4694 4630
f 4851 4579 1706
f 4637 107 4575
f 1631 4580 1610
f 657 4573 4696
f 1649 1611 4572
f 646 4639 4492
f 4496 1612 4586
f 4444 1559 1612
f 1613 4443 4591
f 497 4587 4495
f 4713 641 4900
f 4713 4437 641
f 4493 1615 4589
f 661 642 4596
f 4714 4656 648
f 648 4656 4487
f 4593 4441 1617
f 647 4594 661
f 4603 1618 4440
f 4510 493 4601
f 4602 4509 1619
f 1619 4439 1557
f 4454 1620 4611
f 4394 1538 1620
f 1621 4393 4616
f 110 4612 4453
f 4619 4567 1622
f 662 669 4634
f 668 4739 4681
f 4681 675 668
f 1671 1624 4625
f 4698 4571 502
f 4624 1672 4761
f 4626 4747 504
f 4621 1717 4889
f 4629 4695 105
f 4630 1650 1627
f 100 4744 4678
f 1666 1628 4628
f 4697 4572 656
f 1629 1648 4632
f 4627 4746 662
f 4639 1630 4492
f 4581 502 4641
f 1631 4642 4580
f 1580 1631 4491
f 1632 4637 4575
f 647 4648 666
f 4946 4771 648
f 648 4771 4486
f 4490 1634 4643
f 4646 666 659
f 658 4764 4708
f 4569 658 4708
f 1636 4653 4593
f 1576 1636 4488
f 4656 1637 4487
f 4592 496 4654
f 1638 4402 4665
f 108 4663 4502
f 1639 4664 4501
f 1545 1639 4401
f 4734 675 4790
f 680 675 4734
f 4619 1641 4673
f 669 674 4680
f 1691 4810 4674
f 4676 4796 505
f 4677 1686 1643
f 4748 4625 503
f 4678 1669 1644
f 4731 98 4791
f 4683 1722 4914
f 4743 103 4679
f 1667 4686 1646
f 4685 4793 669
f 4684 1689 1647
f 4745 4628 663
f 4632 1648 4692
f 4573 1610 1648
f 1649 4572 4697
f 503 4693 4631
f 4852 658 4963
f 4852 4578 658
f 4629 1651 4695
f 673 659 4688
f 4845 4762 665
f 665 4762 4623
f 4699 4570 1653
f 664 4700 673
f 4569 4708 1654
f 4706 4644 497
f 4707 4643 1655
f 1655 4568 1606
f 4589 1656 4718
f 4438 1562 1656
f 1657 4437 4713
f 106 4719 4588
f 4673 1658 4720
f 4735 674 681
f 680 4833 4778
f 4778 687 680
f 1703 1660 4724
f 506 4795 4677
f 1708 4859 4723
f 508 4725 4839
f 4932 4728 1725
f 4792 101 4730
f 1663 4731 1684
f 96 4836 4775
f 1700 1664 4733
f 668 4794 4684
f 1688 4727 1665
f 674 4732 4838
f 1666 4628 4745
f 506 4741 4687
f 1667 4742 4686
f 1629 1667 4627
f 1668 4743 4679
f 664 4752 678
f 4888 665 4968
f 4888 4622 665
f 4626 1670 4747
f 4750 678 671
f 4891 4809 670
f 670 4809 4675
f 1672 4755 4699
f 1625 1672 4624
f 4762 1673 4623
f 4698 502 4756
f 4771 1674 4486
f 4638 104 4769
f 1675 4770 4637
f 1577 1675 4485
f 4813 687 4874
f 342 687 4813
f 4774 4720 1677
f 681 686 4777
f 4783 1713 1678
f 4840 4724 507
f 4779 1719 4897
f 4784 4867 509
f 4775 1705 1680
f 4823 94 4864
f 4785 1727 4934
f 4776 4835 99
f 1682 1701 4787
f 4782 4875 681
f 4781 1715 1683
f 4837 4733 675
f 4973 4915 670
f 670 4915 4682
f 1685 4792 4730
f 671 4799 685
f 677 4910 4860
f 4722 677 4860
f 4676 1687 4796
f 4797 685 676
f 1688 4801 4727
f 1646 1688 4685
f 4794 1689 4684
f 4726 507 4802
f 4809 1690 4675
f 4748 503 4805
f 4806 4747 1691
f 1691 4674 1642
f 4908 4876 680
f 680 4876 4781
f 4190 1693 4820
f 681 4815 686
f 4774 1694 4827
f 236 4814 686
f 342 4813 1695
f 6399 341 342
f 4903 4871 693
f 693 4871 682
f 1909 1697 4824
f 692 4817 689
f 529 4826 1698
f 12449 4186 5603
f 4187 12454 4821
f 5605 530 6396
f 1700 4733 4837
f 510 4831 4788
f 4787 1701 4832
f 4732 1665 1701
f 4839 4725 1702
f 683 4844 690
f 4924 4896 682
f 682 4896 4780
f 4776 1704 4835
f 690 676 4842
f 4931 677 4972
f 4931 4729 677
f 4695 1706 4849
f 4579 1609 1706
f 1707 4578 4852
f 102 4850 4694
f 4857 4796 1708
f 1708 4723 1661
f 4722 4860 1709
f 4858 4795 506
f 1710 4863 4824
f 683 4872 692
f 4966 4933 682
f 682 4933 4786
f 4784 1712 4867
f 4870 692 689
f 688 4935 4907
f 4821 688 4907
f 1714 4865 4820
f 1682 1714 4782
f 4876 1715 4781
f 4819 511 4866
f 1716 4622 4888
f 100 4884 4744
f 1717 4885 4743
f 1626 1717 4621
f 4896 1718 4780
f 4840 507 4892
f 1719 4893 4839
f 1679 1719 4779
f 12454 688 4821
f 4904 4868 510
f 4905 4867 1721
f 4186 1698 4822
f 1722 4918 4792
f 1645 1722 4683
f 4915 1723 4682
f 4791 98 4919
f 1724 4729 4931
f 96 4927 4836
f 4835 1725 4928
f 4728 1662 1725
f 4933 1726 4786
f 4864 94 4941
f 1727 4942 4863
f 1681 1727 4785
f 5072 4950 1762
f 58 4948 11863
f 1729 4947 2498
f 4954 695 696
f 11726 7402 595
f 595 7402 11865
f 5015 4951 1742
f 5467 513 5544
f 4975 4947 1732
f 4982 696 698
f 4977 1751 5037
f 514 4978 5031
f 5097 4976 1771
f 4980 5014 60
f 1735 1742 4981
f 696 4979 5035
f 411 11729 5528
f 5528 410 411
f 5004 1761 5067
f 5005 5060 515
f 1738 1749 5003
f 5008 5059 698
f 5006 4975 1739
f 698 702 5010
f 5007 1780 5121
f 5009 5034 62
f 5011 4952 1741
f 697 5012 700
f 4981 1742 5013
f 1731 4951 5547
f 4980 1743 5014
f 700 694 5016
f 1770 5092 5023
f 516 5024 5086
f 1759 5025 1745
f 702 5021 5083
f 5150 5022 1789
f 5057 64 5026
f 5006 1747 5028
f 5027 702 704
f 5009 1748 5034
f 703 697 5030
f 5003 1749 5029
f 4979 1735 1749
f 5031 4978 1750
f 699 5032 703
f 1751 5036 5011
f 1733 1751 4977
f 5042 4989 1752
f 4217 1487 4314
f 5431 616 4225
f 4215 1488 4313
f 5049 5028 1754
f 704 707 5055
f 5051 1779 5117
f 5053 5108 517
f 5050 1798 5176
f 5054 5085 66
f 1757 1767 5056
f 5052 5112 704
f 1758 5057 5026
f 699 5062 706
f 1759 5058 5025
f 1738 1759 5008
f 5005 1760 5060
f 5061 706 701
f 1761 5065 5031
f 1737 1761 5004
f 5014 1762 5069
f 4950 1728 1762
f 5049 1763 5074
f 5076 707 710
f 1788 5142 5077
f 518 5078 5135
f 5201 5079 1807
f 5111 68 5075
f 1777 5081 1766
f 707 5080 5139
f 5056 1767 5084
f 5021 1745 1767
f 5054 1768 5085
f 709 701 5088
f 5086 5024 1769
f 705 5087 709
f 5090 5060 1770
f 1770 5023 1744
f 5034 1771 5094
f 4976 1734 1771
f 1772 1787 5104
f 5099 5166 710
f 5106 5074 1773
f 710 713 5100
f 5102 1797 5171
f 5103 5165 519
f 5101 1823 5242
f 5105 5133 70
f 5053 1776 5108
f 5109 712 708
f 1777 5110 5081
f 1757 1777 5052
f 1778 5111 5075
f 705 5113 712
f 1779 5116 5086
f 1755 1779 5051
f 1780 5120 5057
f 1740 1780 5007
f 5106 1781 5125
f 713 716 5127
f 1806 5198 5128
f 5129 5189 520
f 5130 1840 5288
f 5164 72 5126
f 1794 5132 1784
f 5131 5194 713
f 5105 1785 5133
f 715 708 5137
f 5135 5078 1786
f 711 5136 715
f 5104 1787 5134
f 5080 1766 1787
f 5141 5108 1788
f 1788 5077 1764
f 5085 1789 5146
f 5022 1746 1789
f 5125 1790 5161
f 5154 716 719
f 1815 5224 5156
f 521 5157 5217
f 5346 5155 1856
f 5191 74 5160
f 1805 5159 1793
f 716 5158 5216
f 1794 5163 5132
f 1772 1794 5099
f 1795 5164 5126
f 711 5168 718
f 5103 1796 5165
f 5167 718 714
f 1797 5170 5135
f 1774 1797 5102
f 1798 5175 5111
f 1756 1798 5050
f 1799 1813 5180
f 5185 5238 719
f 5182 5161 1800
f 719 722 5187
f 5183 1828 5257
f 5184 5239 522
f 5181 1858 5354
f 5186 5215 76
f 1803 5191 5160
f 714 5188 721
f 5129 1804 5189
f 5190 721 717
f 1805 5192 5159
f 1784 1805 5131
f 5197 5165 1806
f 1806 5128 1782
f 5133 1807 5205
f 5079 1765 1807
f 5182 1808 5213
f 5206 722 725
f 1847 5306 5208
f 523 5209 5261
f 5368 5207 1860
f 5236 78 5211
f 1820 5212 1811
f 722 5210 5265
f 5186 1812 5215
f 724 717 5220
f 5180 1813 5219
f 5158 1793 1813
f 5217 5157 1814
f 720 5218 724
f 5222 5189 1815
f 1815 5156 1791
f 5232 5213 1816
f 725 728 5226
f 5228 1853 5332
f 5229 5292 524
f 5227 1859 5363
f 5230 5264 80
f 1819 1829 5231
f 5233 5291 725
f 1820 5235 5212
f 1799 1820 5185
f 1821 5236 5211
f 720 5241 727
f 5184 1822 5239
f 5240 727 723
f 1823 5245 5164
f 1775 1823 5101
f 1843 5252 1824
f 728 5248 5317
f 5232 1825 5247
f 5254 728 731
f 1855 5341 5250
f 525 5251 5316
f 5348 5249 1857
f 5290 82 5253
f 1828 5256 5217
f 1801 1828 5183
f 5231 1829 5260
f 5210 1811 1829
f 5230 1830 5264
f 730 723 5263
f 5261 5209 1831
f 726 5262 730
f 5267 5247 1832
f 731 733 5274
f 5269 1852 5325
f 5270 5315 84
f 5268 1854 5336
f 5272 5302 526
f 1835 1849 5271
f 5273 5296 731
f 5267 1836 5276
f 5278 11784 472
f 1837 5277 1924
f 736 5283 734
f 5280 1838 532
f 4030 5620 11952
f 1839 5281 4031
f 731 5282 733
f 1840 5285 5191
f 1783 1840 5130
f 1841 5290 5253
f 726 5294 735
f 5229 1842 5292
f 5293 735 729
f 1843 5295 5252
f 1819 1843 5233
f 1844 5299 5281
f 1835 1844 5273
f 1845 5301 5277
f 732 5298 736
f 5272 1846 5302
f 5297 736 734
f 5305 5239 1847
f 1847 5208 1809
f 5310 5302 1848
f 1838 5279 4030
f 5271 1849 5314
f 5248 1824 1849
f 5270 1850 5315
f 737 729 5319
f 5316 5251 1851
f 732 5318 737
f 1852 5322 5301
f 1833 1852 5269
f 1853 5331 5261
f 1817 1853 5228
f 1854 5335 5316
f 1834 1854 5268
f 5339 5292 1855
f 1855 5250 1826
f 5215 1856 5345
f 5155 1792 1856
f 5315 1857 5351
f 5249 1827 1857
f 1858 5357 5236
f 1802 1858 5181
f 1859 5360 5290
f 1818 1859 5227
f 5264 1860 5365
f 5207 1810 1860
f 5410 1861 1862
f 430 5409 5424
f 5415 5410 1862
f 5416 450 451
f 283 5422 1863
f 270 283 11999
f 5424 5409 1864
f 4211 1485 1864
f 5426 5415 1865
f 451 468 5425
f 1866 617 5428
f 11902 4220 617
f 5436 4379 1867
f 5427 739 614
f 5429 4368 1868
f 1868 4225 1488
f 1869 4224 5432
f 489 5430 4367
f 11903 6241 628
f 628 6241 4373
f 1871 5438 4216
f 739 627 5439
f 4032 1872 5450
f 1872 4533 1874
f 5426 1873 5455
f 468 478 5454
f 5450 1874 5461
f 4210 8057 12525
f 5448 1875 5462
f 1469 4322 5460
f 5447 1876 5465
f 1414 976 8059
f 5472 4281 1877
f 134 141 5473
f 4274 1878 5489
f 4266 742 5479
f 620 4262 11673
f 4272 5492 1503
f 4325 4016 741
f 11916 598 4319
f 4270 1881 5493
f 4259 741 5486
f 620 11672 4265
f 4268 5496 1501
f 4295 3983 742
f 11834 593 4330
f 5499 380 5476
f 1885 5476 1884
f 1885 5499 5476
f 401 400 5506
f 5498 1886 5504
f 5503 332 333
f 401 5521 5512
f 5512 5517 401
f 5509 5504 1888
f 333 351 5510
f 1889 1891 5512
f 5511 5505 40
f 5472 1890 5514
f 141 153 5513
f 5512 1891 5517
f 5530 446 447
f 5509 1892 5524
f 351 350 5523
f 5455 1893 5526
f 478 477 5525
f 7407 410 11840
f 373 410 7407
f 5543 446 5568
f 449 446 5543
f 5524 1896 5538
f 5537 350 336
f 449 5571 5558
f 5558 448 449
f 7400 513 5467
f 11868 7398 3996
f 5514 1899 5555
f 153 201 5556
f 11750 448 11856
f 448 11750 11789
f 5560 5538 1901
f 38 5562 5585
f 5562 1902 1904
f 336 5561 5559
f 5581 4546 1903
f 61 59 5579
f 5585 5562 1904
f 337 334 5584
f 5580 4545 528
f 500 5591 5616
f 1943 1906 5590
f 4547 654 12482
f 749 5670 5618
f 757 749 5618
f 4194 1908 5586
f 63 5671 5631
f 5641 754 5696
f 762 754 5641
f 1910 5597 4823
f 746 753 5610
f 5608 2027 5866
f 342 5598 12452
f 5599 4188 1912
f 5639 235 5698
f 5604 1959 1913
f 12457 512 5516
f 4191 747 5515
f 5605 5701 530
f 5602 1915 4187
f 5607 5699 746
f 5606 1955 1916
f 12453 4822 689
f 12062 485 4241
f 12074 484 4237
f 757 5726 5655
f 5655 770 757
f 1974 1919 5622
f 5675 5588 528
f 1973 1920 5623
f 5281 527 11953
f 5631 1944 1921
f 65 5727 5654
f 1970 1922 5624
f 5279 734 11954
f 1969 1923 5625
f 5673 5590 743
f 759 5731 5657
f 5657 768 759
f 4029 1925 5629
f 423 5738 5669
f 5597 1926 5635
f 5642 753 763
f 762 5766 5690
f 775 762 5690
f 1928 5639 1957
f 244 5764 5692
f 5962 5638 2062
f 5697 327 5640
f 1991 5781 5643
f 533 5647 5761
f 1984 1931 5648
f 529 5702 5604
f 1986 1932 5646
f 745 5700 5606
f 1954 5650 1933
f 753 5645 5771
f 5555 1934 5652
f 201 200 5653
f 5725 770 5808
f 780 770 5725
f 5654 1972 1936
f 5718 67 5813
f 5713 768 5801
f 5713 781 768
f 5661 2004 1938
f 5735 5622 531
f 5662 2003 1939
f 5734 5623 532
f 5669 1971 1940
f 5712 422 5806
f 5663 2001 1941
f 5733 5624 751
f 5660 2005 1942
f 5732 5625 749
f 1943 5590 5673
f 531 5672 5626
f 5825 744 6058
f 5825 5593 744
f 5823 5743 750
f 750 5743 5621
f 775 5854 5756
f 5756 786 775
f 5680 5635 1947
f 5689 763 774
f 2023 1948 5683
f 5760 5648 534
f 5682 2024 5861
f 538 5684 5849
f 6096 5677 2107
f 5691 5765 314
f 5692 1988 1951
f 214 5844 5758
f 1952 1987 5687
f 763 5686 5847
f 2021 1953 5685
f 5770 5646 754
f 1954 5693 5650
f 1915 1954 5607
f 5700 1955 5606
f 5649 534 5694
f 1956 5697 5640
f 747 5706 766
f 6116 5865 748
f 748 5865 5609
f 5605 1958 5701
f 5704 766 756
f 755 5872 5780
f 5644 755 5780
f 5581 1960 5709
f 59 57 5708
f 5796 781 5900
f 792 781 5796
f 1962 5712 2002
f 5793 434 5902
f 5716 2039 1963
f 536 5804 5662
f 5715 2040 1964
f 759 5803 5663
f 780 5897 5797
f 5797 793 780
f 2038 1966 5721
f 535 5809 5661
f 1967 5718 2006
f 69 5891 5795
f 2037 1968 5722
f 757 5812 5660
f 1969 5625 5732
f 535 5729 5665
f 1970 5624 5733
f 536 5730 5664
f 5918 752 6264
f 5918 5630 752
f 5920 750 6265
f 5920 5617 750
f 5914 5820 760
f 760 5820 5658
f 5919 5819 758
f 758 5819 5659
f 5743 1975 5621
f 5675 528 5742
f 5746 2061 5959
f 5748 5949 541
f 5749 2058 1977
f 5850 5683 537
f 5751 2054 1978
f 5848 5685 762
f 1979 2020 5753
f 5750 5947 774
f 5754 5680 1980
f 774 787 5757
f 5840 786 5942
f 799 786 5840
f 5758 2019 1982
f 5828 213 5940
f 5745 2163 6260
f 5759 5843 315
f 5968 5862 765
f 765 5862 5681
f 5761 5647 1985
f 764 5762 779
f 1986 5646 5770
f 537 5768 5688
f 5687 1987 5769
f 5645 1933 1987
f 5963 755 6328
f 5963 5637 755
f 5691 1989 5765
f 779 756 5772
f 5644 5780 1990
f 5778 5702 529
f 5779 5701 1991
f 1991 5643 1930
f 5783 2077 1992
f 5894 5721 540
f 5784 2072 1993
f 5893 5722 770
f 5889 793 5993
f 804 793 5889
f 792 5992 5890
f 5890 805 792
f 2076 1996 5791
f 539 5898 5716
f 1997 5793 2041
f 435 5996 5885
f 5795 2036 1998
f 5887 71 5995
f 2074 1999 5792
f 768 5903 5715
f 5585 2000 5798
f 5799 334 335
f 5803 2001 5663
f 5717 539 5802
f 6432 6035 760
f 760 6035 5656
f 769 6036 5908
f 5714 769 5908
f 771 6041 5910
f 5720 771 5910
f 5812 2005 5660
f 5723 540 5811
f 6433 6038 758
f 758 6038 5668
f 5819 2007 5659
f 5735 531 5817
f 5820 2008 5658
f 5734 532 5818
f 2009 5593 5825
f 63 5824 5671
f 799 6043 5928
f 5928 810 799
f 5754 2011 5830
f 5839 787 798
f 2095 2012 5833
f 542 5948 5749
f 2096 6065 5832
f 546 5834 6052
f 6371 5841 2196
f 5941 325 5827
f 2015 5828 2056
f 216 6047 5938
f 2055 5837 2016
f 787 5836 6050
f 2091 2017 5835
f 775 5946 5751
f 5759 2018 5843
f 790 764 5856
f 6095 765 6460
f 6095 5678 765
f 5753 2020 5845
f 5686 1952 2020
f 2021 5685 5848
f 542 5846 5752
f 5849 5684 2022
f 777 5852 790
f 6088 5958 776
f 776 5958 5747
f 2024 5859 5761
f 1949 2024 5682
f 5862 2025 5681
f 5760 534 5860
f 5865 2026 5609
f 5698 235 5873
f 2027 5874 5697
f 1911 2027 5608
f 5991 805 6156
f 824 805 5991
f 804 6147 5989
f 825 804 5989
f 5882 2133 2030
f 6001 5791 544
f 2132 2031 5883
f 543 6002 5783
f 5885 2075 2032
f 5985 404 6149
f 2033 5887 2073
f 73 6148 5987
f 2130 2034 5884
f 780 5997 5784
f 5881 2134 2035
f 6000 5792 781
f 6212 771 6569
f 6212 5724 771
f 2037 5722 5893
f 543 5892 5785
f 6208 6010 783
f 783 6010 5782
f 782 6215 6013
f 5790 782 6013
f 5903 2040 5715
f 5794 544 5901
f 6570 6217 769
f 769 6217 5711
f 5714 5908 2042
f 5906 5804 536
f 5720 5910 2043
f 5909 5809 535
f 2044 5617 5920
f 65 5913 5727
f 2045 5630 5918
f 423 5921 5738
f 5926 5830 2046
f 798 811 5929
f 6023 810 6193
f 810 6023 6274
f 5938 2093 2048
f 6030 215 6186
f 5924 2230 6469
f 5939 6046 326
f 5934 2146 2050
f 6053 5833 545
f 5930 2158 6233
f 5935 6187 549
f 5932 2148 2052
f 6051 5835 786
f 2053 2090 5937
f 5933 6195 798
f 5946 2054 5751
f 5838 545 5944
f 2055 5945 5837
f 1979 2055 5750
f 6587 6261 776
f 776 6261 5744
f 2057 5941 5827
f 777 5952 803
f 789 6254 6066
f 5831 789 6066
f 5748 2059 5949
f 5950 803 788
f 5958 2060 5747
f 5850 537 5956
f 2061 5957 5849
f 1976 2061 5746
f 5765 2062 5970
f 5638 1929 2062
f 2063 5637 5963
f 244 5971 5764
f 825 6316 6127
f 6127 840 825
f 824 6315 6128
f 842 824 6128
f 2183 2066 5984
f 6152 5883 548
f 2188 2067 5981
f 547 6153 5882
f 2068 5985 2135
f 340 6318 6125
f 5987 2131 2069
f 75 6319 6124
f 2184 2070 5983
f 792 6158 5881
f 2185 2071 5982
f 6151 5884 793
f 5997 2072 5784
f 5888 548 5994
f 6788 6357 783
f 783 6357 5788
f 2074 5792 6000
f 547 5999 5886
f 6351 782 6789
f 6351 5789 782
f 6353 6183 795
f 795 6183 5879
f 794 6349 6181
f 5880 794 6181
f 6010 2078 5782
f 5894 540 6009
f 5790 6013 2079
f 6012 5898 539
f 6274 6023 2165
f 97 6018 5927
f 5926 2081 6019
f 92 6137 6074
f 2082 6030 2150
f 6017 812 817
f 816 6133 6086
f 6086 821 816
f 6346 6196 799
f 799 6196 5932
f 2147 6025 2085
f 798 6028 811
f 555 6273 6135
f 6135 2124 6082
f 6141 6021 2125
f 6026 553 556
f 6035 2088 5656
f 5806 422 6032
f 6038 2089 5668
f 5813 67 6039
f 5937 2090 6048
f 5836 2016 2090
f 2091 5835 6051
f 550 6049 5936
f 5939 2092 6046
f 814 788 6045
f 6370 789 6773
f 6370 5842 789
f 6052 5834 2094
f 801 6055 814
f 6363 6232 800
f 800 6232 5931
f 6063 5949 2096
f 2096 5832 2013
f 5831 6066 2097
f 6064 5948 542
f 6113 821 6174
f 821 6113 6713
f 6072 6030 2099
f 817 820 6085
f 6076 2155 6220
f 6077 6168 556
f 6078 2140 2101
f 6139 6025 554
f 6084 2161 6246
f 6073 6138 95
f 6074 2126 2103
f 6110 90 6161
f 2104 2125 6081
f 6079 6166 817
f 6080 2138 2105
f 6142 6020 813
f 2106 5678 6095
f 214 6093 5844
f 5843 2107 6094
f 5677 1950 2107
f 2210 2108 6101
f 817 6108 820
f 6207 6165 816
f 816 6165 6080
f 6404 6104 2207
f 6106 558 561
f 562 6716 6403
f 6403 2208 6288
f 6072 2112 6099
f 188 6411 6290
f 6713 6113 2322
f 304 6100 6071
f 2168 2114 6109
f 833 6112 822
f 6202 6172 832
f 832 6172 819
f 842 6446 6309
f 6309 852 842
f 6310 840 6435
f 853 840 6310
f 6122 2224 2118
f 6312 5984 551
f 6124 2187 2119
f 6298 77 6437
f 6125 2186 2120
f 310 6434 6311
f 6123 2222 2121
f 6321 5982 804
f 2226 2122 6130
f 6322 5981 552
f 2225 2123 6131
f 6320 5983 805
f 6345 813 6020
f 555 6135 6082
f 6081 2125 6136
f 2087 6021 2191
f 6275 811 6360
f 6275 6022 811
f 6073 2127 6138
f 829 810 6145
f 6266 6221 819
f 819 6221 6075
f 6140 6024 2129
f 818 6143 829
f 2130 5884 6151
f 551 6150 5988
f 6479 794 7201
f 6479 5877 794
f 6480 6337 807
f 807 6337 5979
f 806 6481 6336
f 5980 806 6336
f 6158 2134 5881
f 5986 552 6157
f 7200 6483 795
f 795 6483 5878
f 6326 6247 819
f 819 6247 6083
f 2137 6162 6109
f 818 6171 833
f 6165 2138 6080
f 6102 558 6163
f 2139 6164 6101
f 2104 2139 6079
f 823 6245 6200
f 6104 823 6200
f 6077 2141 6168
f 6169 833 822
f 5709 2142 6176
f 57 55 6175
f 5880 6181 2143
f 6179 6002 543
f 6183 2144 5879
f 6001 544 6184
f 5935 2145 6187
f 6190 834 813
f 812 6471 6344
f 6021 812 6344
f 2147 6191 6025
f 2053 2147 5933
f 6196 2148 5932
f 6024 553 6192
f 2149 6185 6031
f 801 6198 834
f 7131 6468 800
f 800 6468 5925
f 6204 6168 2151
f 2208 2111 6103
f 823 6104 6404
f 6205 6167 555
f 2153 5724 6212
f 69 6211 5891
f 6217 2154 5711
f 5902 434 6213
f 2155 6222 6140
f 2100 2155 6076
f 6221 2156 6075
f 6139 554 6223
f 6232 2157 5931
f 6053 545 6230
f 2158 6231 6052
f 2051 2158 5930
f 5438 2159 6236
f 4374 1530 2159
f 6241 2160 4373
f 5437 488 6237
f 2161 6252 6162
f 2102 2161 6084
f 6247 2162 6083
f 6161 90 6253
f 2163 6258 5941
f 1983 2163 5745
f 6261 2164 5744
f 5940 213 6259
f 6138 2165 6270
f 6023 2080 2165
f 2166 6022 6275
f 92 6271 6137
f 6278 6110 2167
f 836 847 6281
f 846 6512 6389
f 859 846 6389
f 6290 2212 2169
f 176 6500 6387
f 6277 2449 7062
f 6291 6410 305
f 6282 2262 6559
f 6284 6509 561
f 2245 2172 6285
f 6407 6101 557
f 2243 2173 6287
f 6405 6103 822
f 2174 2207 6289
f 6286 6507 836
f 853 6539 6415
f 6415 866 853
f 2260 2176 6301
f 560 6439 6122
f 6303 2256 2177
f 6444 6130 559
f 2178 6298 2223
f 79 6538 6424
f 6304 2255 2179
f 6443 6131 824
f 2257 2180 6302
f 825 6438 6123
f 6427 852 6532
f 864 852 6427
f 6311 2221 2182
f 6414 309 6540
f 6623 6453 826
f 826 6453 6121
f 2184 5983 6320
f 559 6314 6132
f 2185 5982 6321
f 560 6317 6126
f 6621 806 7298
f 6621 5990 806
f 6622 807 7297
f 6622 5978 807
f 6627 6458 827
f 827 6458 6129
f 5980 6336 2189
f 6334 6153 547
f 6337 2190 5979
f 6152 548 6335
f 6021 6344 2191
f 6342 6188 550
f 6343 6187 2192
f 2192 6020 2086
f 2193 5789 6351
f 435 6356 5996
f 6357 2194 5788
f 5995 71 6348
f 2195 5842 6370
f 216 6368 6047
f 6046 2196 6369
f 5841 2014 2196
f 2278 2197 6376
f 6508 6285 562
f 2295 6648 6375
f 566 6377 6599
f 2244 6380 2199
f 847 6379 6595
f 2274 2200 6378
f 6506 6287 837
f 859 6590 6498
f 6498 870 859
f 6278 2202 6383
f 6388 847 858
f 7181 6384 2474
f 6501 302 6386
f 6387 2241 2204
f 165 6594 6494
f 7374 341 7482
f 383 341 7374
f 2206 6393 4827
f 236 255 6398
f 6289 2207 6402
f 6104 2110 2207
f 2208 6103 6405
f 562 6403 6288
f 6406 6102 2209
f 839 6409 850
f 6719 6558 838
f 838 6558 6283
f 6291 2211 6410
f 850 821 6413
f 6712 820 7319
f 6712 6114 820
f 864 6634 6515
f 6515 877 864
f 6529 866 6637
f 876 866 6529
f 6420 2294 2215
f 6542 6301 563
f 2289 2216 6423
f 564 6535 6303
f 6424 2259 2217
f 6523 81 6639
f 2218 6414 2258
f 312 6632 6521
f 6421 2292 2219
f 6541 6302 840
f 2290 2220 6422
f 842 6534 6304
f 6761 827 7323
f 6761 6119 827
f 6438 2222 6123
f 6306 563 6436
f 7322 6760 826
f 826 6760 6120
f 841 6755 6565
f 6299 841 6565
f 2225 6131 6443
f 564 6442 6305
f 6754 6564 843
f 843 6564 6300
f 6453 2227 6121
f 6312 551 6452
f 6458 2228 6129
f 6322 552 6456
f 6468 2229 5925
f 6186 215 6466
f 2230 6467 6185
f 2049 2230 5924
f 6483 2231 5878
f 6149 404 6474
f 2232 5877 6479
f 73 6478 6148
f 6484 6383 2233
f 858 871 6499
f 6574 870 6700
f 6574 883 870
f 6488 2340 6771
f 6490 6707 569
f 6491 2319 2236
f 6600 6376 565
f 6494 2276 2237
f 6586 164 6698
f 6487 2480 7228
f 6495 6593 303
f 6493 2315 2239
f 6596 6378 846
f 2240 2273 6497
f 6492 6705 858
f 7063 838 7332
f 7063 6276 838
f 2242 6501 6386
f 839 6502 863
f 2243 6287 6506
f 565 6504 6381
f 2244 6505 6380
f 2174 2244 6286
f 7056 6649 849
f 849 6649 6374
f 6284 2246 6509
f 6510 863 848
f 6616 877 6729
f 886 877 6616
f 6517 2328 2248
f 6630 6423 567
f 6521 2291 2249
f 6604 311 6730
f 6518 2326 2250
f 6635 6422 852
f 876 6728 6618
f 6618 888 876
f 2325 2252 6525
f 568 6641 6420
f 2253 6523 2293
f 83 6722 6615
f 2324 2254 6526
f 853 6640 6421
f 6534 2255 6304
f 6426 567 6533
f 855 7120 6675
f 6419 855 6675
f 2257 6302 6541
f 568 6537 6425
f 7336 7125 843
f 843 7125 6297
f 7119 841 7337
f 7119 6308 841
f 7123 6678 854
f 854 6678 6418
f 6558 2261 6283
f 6407 557 6556
f 2262 6557 6406
f 2171 2262 6282
f 6564 2263 6300
f 6444 559 6561
f 6299 6565 2264
f 6562 6439 560
f 6670 883 6775
f 894 883 6670
f 6484 2266 6584
f 871 882 6573
f 6577 2346 2267
f 570 6706 6491
f 2429 7010 6576
f 6578 6782 574
f 6571 2483 7239
f 6699 308 6585
f 2270 6586 2317
f 6668 202 6777
f 2316 6581 2271
f 6580 6780 871
f 6579 2344 2272
f 859 6704 6493
f 6497 2273 6591
f 6379 2199 2273
f 2274 6378 6596
f 570 6592 6496
f 6495 2275 6593
f 874 848 6598
f 7180 849 7335
f 7180 6385 849
f 6599 6377 2277
f 861 6602 874
f 7175 6770 860
f 860 6770 6489
f 6606 2380 2279
f 6725 6525 572
f 6607 2378 2280
f 6724 6526 866
f 6693 888 6876
f 906 888 6693
f 886 6868 6684
f 6684 900 886
f 2377 2283 6612
f 571 6733 6517
f 2284 6604 2327
f 301 6874 6682
f 6615 2323 2285
f 6692 85 6877
f 2375 2286 6613
f 864 6732 6518
f 2287 5978 6622
f 75 6620 6319
f 2288 5990 6621
f 340 6628 6318
f 7209 6828 865
f 865 6828 6516
f 2290 6422 6635
f 571 6633 6519
f 7212 855 7342
f 7212 6429 855
f 6640 2292 6421
f 6527 572 6638
f 7343 7215 854
f 854 7215 6417
f 867 7216 6831
f 6524 867 6831
f 6646 6509 2295
f 2295 6375 2198
f 6649 2296 6374
f 6508 562 6647
f 2458 7099 6656
f 577 6658 6893
f 2385 2298 6659
f 573 6783 6577
f 2381 2299 6661
f 870 6781 6579
f 2343 6663 2300
f 882 6660 6889
f 6584 2301 6664
f 6671 882 895
f 894 6882 6751
f 6751 903 894
f 2303 6668 2342
f 177 6886 6743
f 7194 6667 2475
f 6776 306 6669
f 6419 6675 2305
f 6674 6535 564
f 6678 2306 6418
f 6542 563 6677
f 6791 900 7044
f 928 900 6791
f 6682 2376 2308
f 6797 300 7042
f 6687 2443 2309
f 6872 6612 576
f 6686 2444 2310
f 6871 6613 877
f 906 7049 6821
f 6821 923 906
f 2312 6692 2379
f 87 7051 6815
f 2446 2313 6696
f 575 6879 6606
f 2447 2314 6695
f 876 6878 6607
f 6704 2315 6493
f 6582 573 6702
f 2316 6703 6581
f 2240 2316 6492
f 7330 7229 860
f 860 7229 6486
f 2318 6699 6585
f 861 6710 891
f 873 7220 7011
f 6575 873 7011
f 6490 2320 6707
f 6708 891 872
f 2321 6114 6712
f 188 6720 6411
f 6410 2322 6721
f 6113 2113 2322
f 7255 867 7338
f 7255 6528 867
f 2324 6526 6724
f 575 6723 6608
f 7254 7078 879
f 879 7078 6605
f 6732 2326 6518
f 6614 576 6731
f 7339 7259 865
f 865 7259 6514
f 878 7260 7082
f 6611 878 7082
f 6807 903 6858
f 903 6807 7140
f 6737 6664 2330
f 895 902 6750
f 6741 2451 7074
f 6742 6887 307
f 6743 2383 2332
f 6803 166 6854
f 6739 2455 7090
f 6746 6863 582
f 6747 2373 2334
f 6892 6659 578
f 2335 2382 6744
f 6749 6860 895
f 6748 2372 2336
f 6888 6661 883
f 6760 2337 6120
f 6437 77 6757
f 2338 6119 6761
f 310 6759 6434
f 6770 2339 6489
f 6600 565 6768
f 2340 6769 6599
f 2235 2340 6488
f 2341 6776 6669
f 872 6787 898
f 7317 7238 873
f 873 7238 6572
f 2343 6778 6663
f 2271 2343 6580
f 6781 2344 6579
f 6662 578 6779
f 6578 2345 6782
f 6785 898 885
f 884 7231 7098
f 6657 884 7098
f 928 7033 6995
f 6897 928 6898
f 2348 6797 2445
f 299 7034 6969
f 2442 2349 6794
f 579 7040 6687
f 2441 2350 6795
f 886 7045 6686
f 6998 6861 894
f 894 6861 6748
f 2435 2352 6809
f 895 6804 902
f 7017 6800 2434
f 6813 585 589
f 592 7139 7012
f 6926 592 6983
f 6737 2355 6798
f 88 7025 6967
f 7140 6807 2465
f 93 6799 6736
f 2424 2357 6802
f 909 6811 904
f 7002 6867 908
f 908 6867 897
f 6988 923 7031
f 923 6915 6914
f 6815 2448 2360
f 6965 89 7032
f 6818 2439 2361
f 7047 6696 580
f 6819 2438 2362
f 7052 6695 888
f 6828 2363 6516
f 6630 567 6827
f 6524 6831 2364
f 6830 6641 568
f 6963 189 6822
f 2393 6822 2365
f 6851 2366 2391
f 2391 2366 6823
f 298 6824 6961
f 6824 2367 2389
f 2368 2387 6853
f 2368 6825 2387
f 7168 7075 897
f 897 7075 6740
f 2370 6855 6802
f 896 6866 909
f 2371 6856 6809
f 2335 2371 6749
f 6861 2372 6748
f 6808 585 6857
f 905 7066 7001
f 6800 905 7001
f 6746 2374 6863
f 6864 909 904
f 2375 6613 6871
f 579 6870 6688
f 7271 878 7324
f 7271 6617 878
f 7272 7154 887
f 887 7154 6685
f 6878 2378 6607
f 6697 580 6875
f 7325 7276 879
f 879 7276 6610
f 889 7277 7158
f 6694 889 7158
f 2381 6661 6888
f 581 6884 6745
f 6744 2382 6885
f 6660 2300 2382
f 7195 884 7287
f 7195 6666 884
f 6742 2384 6887
f 913 885 6890
f 7188 7091 897
f 897 7091 6738
f 6893 6658 2386
f 896 6894 913
f 6853 2387 6899
f 6899 2387 6900
f 6959 6834 2388
f 6897 6896 915
f 6961 6824 2389
f 6904 6852 916
f 6901 2390 6902
f 6902 2390 6903
f 6909 6851 2391
f 2391 6910 6909
f 2392 6957 6836
f 919 6907 6906
f 2393 6963 6822
f 920 6914 6850
f 6912 6911 2394
f 2394 6913 6912
f 6848 914 6919
f 6849 2396 2395
f 915 6848 6922
f 6848 2396 2397
f 6922 6848 2397
f 2397 6847 2398
f 6922 2398 6923
f 6923 2398 6924
f 587 6846 6927
f 6846 2399 2400
f 6927 6846 2400
f 2400 6845 2401
f 6844 6935 591
f 2401 2402 6844
f 6844 2402 6935
f 6932 917 6933
f 6939 6842 918
f 2404 2403 6843
f 6942 919 6842
f 2405 6842 2404
f 2405 6942 6842
f 6841 2406 2405
f 2406 6943 6942
f 2406 6944 6943
f 6840 6947 588
f 2407 2408 6840
f 6840 2408 6947
f 2409 2408 6839
f 6955 589 6838
f 2410 6838 2409
f 2410 6955 6838
f 921 6953 6952
f 2411 6972 6955
f 922 6973 6954
f 2412 6974 6951
f 906 7028 6819
f 6977 2459 7107
f 589 6976 6945
f 2414 6979 6936
f 586 7029 6818
f 6935 2415 6980
f 7037 6794 583
f 6931 2416 6982
f 7016 6801 904
f 6924 2417 6985
f 7036 6795 900
f 6916 2418 6987
f 7014 6809 584
f 2419 6989 6913
f 6803 2358 2419
f 6814 6690 189
f 923 6988 6915
f 2421 6970 6957
f 924 6991 6908
f 2422 6990 6910
f 932 7026 907
f 6903 2423 6993
f 7039 901 933
f 6961 2424 6966
f 6905 927 6992
f 86 6796 6683
f 6898 928 6995
f 6900 2426 6994
f 7021 902 930
f 6996 6863 2427
f 2433 2354 6801
f 905 6800 7017
f 6997 6862 581
f 7006 6707 2429
f 2429 6576 2268
f 6575 7011 2430
f 7007 6706 570
f 7141 902 7202
f 7141 6806 902
f 6970 2432 7024
f 931 903 7020
f 2433 6801 7016
f 592 7012 6983
f 6972 2434 7013
f 6800 2353 2434
f 7135 7106 929
f 929 7106 6986
f 7015 6808 2436
f 924 7018 931
f 7204 7146 907
f 907 7146 6820
f 7028 2438 6819
f 6975 590 7027
f 925 7143 7111
f 6978 925 7111
f 7147 901 7205
f 7147 6790 901
f 2441 6795 7036
f 591 7035 6984
f 7149 7115 926
f 926 7115 6981
f 901 7243 7162
f 6792 901 7162
f 7045 2444 6686
f 6793 583 7043
f 7303 7242 887
f 887 7242 6689
f 7247 7165 907
f 907 7165 6816
f 2447 6695 7052
f 586 7050 6817
f 7246 889 7304
f 7246 6691 889
f 2449 7054 6501
f 2170 2449 6277
f 2450 6276 7063
f 176 7055 6500
f 2451 7072 6855
f 2331 2451 6741
f 7075 2452 6740
f 6854 166 7073
f 7078 2453 6605
f 6725 572 7077
f 6611 7082 2454
f 7080 6733 571
f 2455 7088 6893
f 2333 2455 6739
f 7091 2456 6738
f 6892 578 7089
f 6657 7098 2457
f 7094 6783 573
f 7095 6782 2458
f 2458 6656 2297
f 2459 7104 7015
f 2413 6977 6944
f 6921 929 6986
f 7014 584 7105
f 925 6978 6941
f 7108 7029 586
f 6934 926 6981
f 7037 583 7113
f 7125 2463 6297
f 6540 309 7116
f 2464 6308 7119
f 79 7124 6538
f 7024 2465 7133
f 6807 2356 2465
f 2466 6806 7141
f 88 7132 7025
f 7146 2467 6820
f 7032 89 7142
f 2468 6790 7147
f 299 7151 7034
f 7154 2469 6685
f 6872 576 7153
f 6694 7158 2470
f 7157 6879 575
f 6792 7162 2471
f 7161 7040 579
f 7165 2472 6816
f 7047 580 7164
f 2473 6385 7180
f 165 7172 6594
f 6593 2474 7173
f 6384 2203 2474
f 6887 2475 7186
f 6667 2304 2475
f 2476 6666 7195
f 177 7187 6886
f 7196 5798 2477
f 36 7279 7813
f 2478 6429 7212
f 312 7211 6632
f 7215 2479 6417
f 6639 81 7214
f 2480 7226 6699
f 2238 2480 6487
f 7229 2481 6486
f 6698 164 7227
f 7238 2482 6572
f 6777 202 7232
f 2483 7233 6776
f 2269 2483 6571
f 7242 2484 6689
f 7042 300 7241
f 2485 6691 7246
f 87 7248 7051
f 2486 6528 7255
f 83 7258 6722
f 7259 2487 6514
f 6730 311 7263
f 2488 6617 7271
f 301 7268 6874
f 7276 2489 6610
f 6877 85 7275
f 7279 2490 2600
f 335 7278 7197
f 6176 2491 7300
f 7299 55 53
f 5652 2492 7328
f 7329 200 172
f 2493 7346 4346
f 11888 1519 1429
f 2494 7347 4338
f 11898 1524 1430
f 6393 2495 7372
f 7375 255 256
f 383 11696 7468
f 7468 382 383
f 12029 4056 11788
f 7385 11881 475
f 7399 2498 1484
f 12518 1494 1484
f 7402 2499 3997
f 11867 7400 5467
f 695 5466 11724
f 5466 2500 3953
f 373 12504 11824
f 373 11824 4306
f 7408 2502 4301
f 237 7409 11721
f 7411 7300 2503
f 53 51 7410
f 7413 2504 2505
f 2505 2504 5445
f 7415 7413 2505
f 11655 3933 7477
f 7423 448 5444
f 2507 5444 2506
f 7469 5532 448
f 937 7418 7412
f 7434 284 5457
f 2509 5457 2508
f 7802 7394 284
f 938 7439 7438
f 7441 2510 7442
f 2511 2510 5456
f 7443 7442 2511
f 11603 3907 7806
f 7455 11964 2512
f 12286 7455 2512
f 11692 382 11719
f 384 382 11692
f 7466 7372 2514
f 256 254 7467
f 7470 449 5532
f 2516 5532 2515
f 10674 8781 449
f 939 7475 7474
f 7477 2517 7478
f 2518 2517 5531
f 7479 7478 2518
f 1179 10678 10677
f 7491 2519 7492
f 2520 2519 5541
f 7493 7492 2520
f 11592 3902 7851
f 7490 117 5540
f 2522 5540 2521
f 7843 7427 117
f 940 7497 7496
f 7504 330 5567
f 2524 5567 2523
f 7651 6391 330
f 941 7509 7508
f 7511 2525 7512
f 2526 2525 5566
f 7513 7512 2526
f 1407 7649 7644
f 7523 2527 7524
f 2528 2527 5575
f 7525 7524 2528
f 1362 8332 8331
f 7522 321 5574
f 2530 5574 2529
f 8328 7633 321
f 942 7529 7528
f 7537 2531 7538
f 2532 2531 5583
f 7539 7538 2532
f 1175 10702 10701
f 7536 430 5582
f 2534 5582 2533
f 10698 9217 430
f 943 7543 7542
f 7556 126 5634
f 2536 5634 2535
f 7698 7284 126
f 944 7561 7560
f 7563 2537 7564
f 2538 2537 5633
f 7565 7564 2538
f 11627 3919 7702
f 7411 2539 7578
f 7577 51 49
f 7597 2540 7598
f 2541 2540 5975
f 7599 7598 2541
f 1177 10690 10689
f 7592 364 5974
f 2543 5974 2542
f 10686 9191 364
f 945 7595 7594
f 7606 259 6007
f 2545 6007 2544
f 7691 7127 259
f 946 7611 7610
f 7613 2546 7614
f 2547 2546 6006
f 7615 7614 2547
f 1406 7689 7684
f 7620 419 6070
f 2549 6070 2548
f 7857 7430 419
f 7622 3900 2549
f 7624 7623 947
f 2551 2550 6069
f 1395 11587 7865
f 11587 3899 7865
f 7652 462 6391
f 2553 6391 2552
f 7983 7484 462
f 1388 7645 948
f 7643 1388 948
f 2555 2554 6390
f 7650 1388 7643
f 11559 3885 7991
f 7657 1333 949
f 2557 2556 6449
f 7660 1333 7657
f 11336 3774 8911
f 7666 163 6448
f 2559 6448 2558
f 8903 7920 163
f 1333 7655 949
f 7671 2560 7672
f 2561 2560 6551
f 7673 7672 2561
f 11571 3891 7926
f 7670 173 6550
f 2563 6550 2562
f 7921 7450 173
f 950 7677 7676
f 7692 267 7127
f 2565 7127 2564
f 7753 7363 267
f 1402 7685 951
f 7683 1402 951
f 2567 2566 7126
f 7690 1402 7683
f 11615 3913 7758
f 7708 207 7284
f 2571 7284 2568
f 7702 2569 7703
f 2570 2569 7285
f 7704 7703 2570
f 11567 3889 7941
f 7933 7452 207
f 952 7701 7700
f 7713 2572 7714
f 2573 2572 7290
f 7715 7714 2573
f 11575 3893 7913
f 7712 229 7289
f 2575 7289 2574
f 7905 7448 229
f 953 7719 7718
f 7728 204 7341
f 2577 7341 2576
f 7891 7446 204
f 954 7733 7732
f 7735 2578 7736
f 2579 2578 7340
f 7737 7736 2579
f 11579 3895 7896
f 7742 346 7361
f 2581 7361 2580
f 7765 7369 346
f 955 7747 7746
f 7749 2582 7750
f 2583 2582 7360
f 7751 7750 2583
f 11611 3911 7773
f 7754 258 7363
f 2585 7363 2584
f 7949 7461 258
f 7759 3888 2585
f 7761 7760 956
f 2587 2586 7362
f 1389 11563 7954
f 11563 3887 7954
f 7766 374 7369
f 2589 7369 2588
f 7871 7432 374
f 957 7771 7770
f 7773 2590 7774
f 2591 2590 7368
f 7775 7774 2591
f 11583 3897 7876
f 7790 436 7393
f 2593 7393 2592
f 8697 7740 436
f 958 7795 7794
f 7797 2594 7798
f 2595 2594 7392
f 7799 7798 2595
f 11407 3809 8705
f 7812 275 7394
f 2599 7394 2596
f 7806 2597 7807
f 2598 2597 7395
f 7808 7807 2598
f 11487 3849 8247
f 8239 7582 275
f 959 7805 7804
f 7813 7279 2600
f 7814 338 339
f 7825 2601 7826
f 2602 2601 7405
f 7827 7826 2602
f 11539 3875 8089
f 7820 131 7404
f 2604 7404 2603
f 8081 7532 131
f 960 7823 7822
f 7833 2605 7834
f 2608 2605 7424
f 7841 363 7425
f 2607 7425 2606
f 2607 7841 7425
f 961 7838 7837
f 7835 7834 2608
f 2608 7840 7835
f 7844 120 7427
f 2610 7427 2609
f 2610 7844 7427
f 962 7849 7848
f 7851 2611 7852
f 2612 2611 7426
f 7853 7852 2612
f 2612 7854 7853
f 7858 418 7430
f 2614 7430 2613
f 8345 7636 418
f 963 7863 7862
f 7865 2615 7866
f 2616 2615 7429
f 7867 7866 2616
f 1361 8343 8338
f 7872 329 7432
f 2618 7432 2617
f 8115 7548 329
f 7877 3872 2618
f 7879 7878 964
f 2620 2619 7431
f 1381 11531 8123
f 11531 3871 8123
f 7901 191 7446
f 2622 7446 2621
f 8033 7502 191
f 965 7895 7894
f 7896 2623 7897
f 2624 2623 7445
f 7898 7897 2624
f 11547 3879 8041
f 7906 231 7448
f 2626 7448 2625
f 8251 7584 231
f 966 7911 7910
f 7913 2627 7914
f 2628 2627 7447
f 7915 7914 2628
f 11483 3847 8259
f 7922 171 7450
f 2630 7450 2629
f 8015 7500 171
f 7927 3882 2630
f 7930 7929 967
f 2632 2631 7449
f 1386 11551 8018
f 11551 3881 8018
f 7934 206 7452
f 2634 7452 2633
f 8163 7568 206
f 968 7939 7938
f 7941 2635 7942
f 2636 2635 7451
f 7943 7942 2636
f 11515 3863 8171
f 7950 253 7461
f 2638 7461 2637
f 8127 7550 253
f 7955 3870 2638
f 7957 7956 969
f 2640 2639 7460
f 1380 11527 8135
f 11527 3869 8135
f 7967 2641 7968
f 2642 2641 7463
f 7969 7968 2642
f 11456 3834 8333
f 7966 121 7462
f 2644 7462 2643
f 8325 7634 121
f 970 7973 7972
f 7984 440 7484
f 2646 7484 2645
f 7995 7486 440
f 971 7989 7988
f 7991 2647 7992
f 2648 2647 7483
f 7993 7992 2648
f 11555 3883 8003
f 7996 441 7486
f 2650 7486 2649
f 8275 7588 441
f 972 8001 8000
f 8003 2651 8004
f 2652 2651 7485
f 8005 8004 2652
f 11475 3843 8283
f 8025 152 7500
f 2654 7500 2653
f 8113 7546 152
f 1382 8020 973
f 8019 1382 973
f 2656 2655 7499
f 8024 1382 8019
f 1382 8111 8110
f 8034 181 7502
f 2658 7502 2657
f 8187 7572 181
f 974 8039 8038
f 8041 2659 8042
f 2660 2659 7501
f 8043 8042 2660
f 11507 3859 8195
f 8046 366 7516
f 2662 7516 2661
f 8393 7680 366
f 975 8051 8050
f 8053 2663 8054
f 2664 2663 7515
f 8055 8054 2664
f 11431 3821 8401
f 3945 2665 8058
f 5459 740 12526
f 1414 11699 11691
f 1415 1414 11691
f 8065 2667 8070
f 2670 2667 7517
f 8073 175 7518
f 2669 7518 2668
f 8855 7888 175
f 977 8068 8067
f 8071 8070 2670
f 11351 3781 8863
f 8082 135 7532
f 2672 7532 2671
f 8313 7619 135
f 978 8087 8086
f 8089 2673 8090
f 2674 2673 7531
f 8091 8090 2674
f 11463 3837 8321
f 8103 140 7546
f 2676 7546 2675
f 8201 7574 140
f 8105 3858 2676
f 8109 8108 979
f 2678 2677 7545
f 1374 11503 8209
f 11503 3857 8209
f 8116 316 7548
f 2680 7548 2679
f 8151 7554 316
f 980 8121 8120
f 8123 2681 8124
f 2682 2681 7547
f 8125 8124 2682
f 11519 3865 8159
f 8128 266 7550
f 2684 7550 2683
f 8381 7642 266
f 981 8133 8132
f 8135 2685 8136
f 2686 2685 7549
f 8137 8136 2686
f 11435 3823 8389
f 8140 161 7552
f 2688 7552 2687
f 8405 7682 161
f 8145 3820 2688
f 8147 8146 982
f 2690 2689 7551
f 1355 11427 8413
f 11427 3819 8413
f 8152 317 7554
f 2692 7554 2691
f 8175 7570 317
f 983 8157 8156
f 8159 2693 8160
f 2694 2693 7553
f 8161 8160 2694
f 11511 3861 8183
f 8164 196 7568
f 2696 7568 2695
f 8441 7724 196
f 984 8169 8168
f 8171 2697 8172
f 2698 2697 7567
f 8173 8172 2698
f 11415 3813 8449
f 8176 318 7570
f 2700 7570 2699
f 8228 7579 318
f 985 8181 8180
f 8183 2701 8184
f 2702 2701 7569
f 8185 8184 2702
f 11496 3853 8229
f 8188 168 7572
f 2704 7572 2703
f 8301 7604 168
f 986 8193 8192
f 8195 2705 8196
f 2706 2705 7571
f 8197 8196 2706
f 11467 3839 8309
f 8202 130 7574
f 2708 7574 2707
f 8237 7580 130
f 987 8207 8206
f 8209 2709 8210
f 2710 2709 7573
f 8211 8210 2710
f 1372 8233 8232
f 8216 388 7576
f 2712 7576 2711
f 8906 7919 388
f 988 8221 8220
f 8223 2713 8224
f 2714 2713 7575
f 8225 8224 2714
f 1332 8910 8909
f 8227 123 7580
f 2716 7580 2715
f 2716 8227 7580
f 8229 3853 2716
f 8231 8230 989
f 2718 2717 7579
f 11495 1371 8230
f 3851 8230 2718
f 8240 268 7582
f 2720 7582 2719
f 8831 7884 268
f 990 8245 8244
f 8247 2721 8248
f 2722 2721 7581
f 8249 8248 2722
f 11355 3783 8839
f 8252 239 7584
f 2724 7584 2723
f 8757 7786 239
f 991 8257 8256
f 8259 2725 8260
f 2726 2725 7583
f 8261 8260 2726
f 11384 3798 8765
f 8264 379 7586
f 2728 7586 2727
f 8417 7696 379
f 992 8269 8268
f 8271 2729 8272
f 2730 2729 7585
f 8273 8272 2730
f 11423 3817 8425
f 8276 465 7588
f 2732 7588 2731
f 8289 7602 465
f 993 8281 8280
f 8283 2733 8284
f 2734 2733 7587
f 8285 8284 2734
f 11471 3841 8297
f 8290 474 7602
f 2736 7602 2735
f 8358 7637 474
f 994 8295 8294
f 8297 2737 8298
f 2738 2737 7601
f 8299 8298 2738
f 1359 8362 8361
f 8302 169 7604
f 2740 7604 2739
f 8355 7638 169
f 995 8307 8306
f 8309 2741 8310
f 2742 2741 7603
f 8311 8310 2742
f 11444 3828 8363
f 8314 150 7619
f 2744 7619 2743
f 8453 7726 150
f 996 8319 8318
f 8321 2745 8322
f 2746 2745 7618
f 8323 8322 2746
f 11411 3811 8461
f 8326 118 7634
f 2748 7634 2747
f 2748 8326 7634
f 997 8331 8330
f 8333 2749 8334
f 2750 2749 7633
f 8335 8334 2750
f 2750 8336 8335
f 8346 413 7636
f 2752 7636 2751
f 8369 7640 413
f 1358 8339 998
f 8337 1358 998
f 2754 2753 7635
f 8344 1358 8337
f 11439 3825 8374
f 8356 238 7638
f 2756 7638 2755
f 2756 8356 7638
f 999 8361 8360
f 8363 2757 8364
f 2758 2757 7637
f 8365 8364 2758
f 2758 8366 8365
f 8370 414 7640
f 2760 7640 2759
f 8429 7722 414
f 8375 3816 2760
f 8378 8377 1000
f 2762 2761 7639
f 1353 11419 8437
f 11419 3815 8437
f 8382 261 7642
f 2764 7642 2763
f 8709 7778 261
f 1001 8387 8386
f 8389 2765 8390
f 2766 2765 7641
f 8391 8390 2766
f 11403 3807 8717
f 8394 367 7680
f 2768 7680 2767
f 8819 7870 367
f 1002 8399 8398
f 8401 2769 8402
f 2770 2769 7679
f 8403 8402 2770
f 11359 3785 8827
f 8406 146 7682
f 2772 7682 2771
f 8815 7856 146
f 1003 8411 8410
f 8413 2773 8414
f 2774 2773 7681
f 8415 8414 2774
f 1339 8812 8807
f 8418 398 7696
f 2776 7696 2775
f 8954 7975 398
f 1004 8423 8422
f 8425 2777 8426
f 2778 2777 7695
f 8427 8426 2778
f 1327 8958 8957
f 8430 444 7722
f 2780 7722 2779
f 8733 7782 444
f 1005 8435 8434
f 8437 2781 8438
f 2782 2781 7721
f 8439 8438 2782
f 11399 3805 8741
f 8442 197 7724
f 2784 7724 2783
f 8745 7784 197
f 1006 8447 8446
f 8449 2785 8450
f 2786 2785 7723
f 8451 8450 2786
f 11392 3802 8753
f 8454 137 7726
f 2788 7726 2787
f 8769 7788 137
f 1007 8459 8458
f 8461 2789 8462
f 2790 2789 7725
f 8463 8462 2790
f 11379 3795 8777
f 8698 397 7740
f 2792 7740 2791
f 8915 7946 397
f 1008 8703 8702
f 8705 2793 8706
f 2794 2793 7739
f 8707 8706 2794
f 11331 3771 8923
f 8710 257 7778
f 2796 7778 2795
f 8795 7830 257
f 1009 8715 8714
f 8717 2797 8718
f 2798 2797 7777
f 8719 8718 2798
f 11367 3789 8803
f 8729 2799 8730
f 2800 2799 7780
f 8731 8730 2800
f 11372 3792 8791
f 8724 167 7779
f 2802 7779 2801
f 8783 7816 167
f 1010 8727 8726
f 8734 466 7782
f 2804 7782 2803
f 8786 7815 466
f 1011 8739 8738
f 8741 2805 8742
f 2806 2805 7781
f 8743 8742 2806
f 1341 8790 8789
f 8746 192 7784
f 2808 7784 2807
f 2808 8746 7784
f 1012 8751 8750
f 8753 2809 8754
f 2810 2809 7783
f 8755 8754 2810
f 2810 8756 8755
f 8758 232 7786
f 2812 7786 2811
f 2812 8758 7786
f 1013 8763 8762
f 8765 2813 8766
f 2814 2813 7785
f 8767 8766 2814
f 2814 8768 8767
f 8770 182 7788
f 2816 7788 2815
f 8867 7890 182
f 1014 8775 8774
f 8777 2817 8778
f 2818 2817 7787
f 8779 8778 2818
f 11347 3779 8875
f 8784 274 7816
f 2820 7816 2819
f 2820 8784 7816
f 1015 8789 8788
f 8791 2821 8792
f 2822 2821 7815
f 8793 8792 2822
f 2822 8794 8793
f 8796 252 7830
f 2824 7830 2823
f 8927 7948 252
f 1016 8801 8800
f 8803 2825 8804
f 2826 2825 7829
f 8805 8804 2826
f 11327 3769 8935
f 8816 143 7856
f 2828 7856 2827
f 8879 7904 143
f 1017 8810 8808
f 8807 2829 2830
f 2830 2829 7855
f 8813 8807 2830
f 11343 3777 8887
f 8820 369 7870
f 2832 7870 2831
f 8963 7978 369
f 1018 8825 8824
f 8827 2833 8828
f 2834 2833 7869
f 8829 8828 2834
f 11311 3761 8971
f 8832 269 7884
f 2836 7884 2835
f 9071 8032 269
f 1019 8837 8836
f 8839 2837 8840
f 2838 2837 7883
f 8841 8840 2838
f 11275 3743 9079
f 8847 2839 8848
f 2840 2839 7886
f 8849 8848 2840
f 10724 3468 10679
f 8846 260 7885
f 2842 7885 2841
f 10671 8782 260
f 1020 8853 8852
f 8856 154 7888
f 2844 7888 2843
f 9095 8076 154
f 1021 8861 8860
f 8863 2845 8864
f 2846 2845 7887
f 8865 8864 2846
f 11263 3737 9103
f 8868 198 7890
f 2848 7890 2847
f 8939 7962 198
f 1022 8873 8872
f 8875 2849 8876
f 2850 2849 7889
f 8877 8876 2850
f 11323 3767 8947
f 8880 144 7904
f 2852 7904 2851
f 9023 8012 144
f 1023 8885 8884
f 8887 2853 8888
f 2854 2853 7903
f 8889 8888 2854
f 11287 3749 9031
f 8893 2855 8898
f 2858 2855 7917
f 8901 139 7918
f 2857 7918 2856
f 8951 7976 139
f 1024 8896 8895
f 8899 8898 2858
f 11316 3764 8959
f 8904 148 7920
f 2860 7920 2859
f 2860 8904 7920
f 1025 8909 8908
f 8911 2861 8912
f 2862 2861 7919
f 8913 8912 2862
f 2862 8914 8913
f 8916 347 7946
f 2864 7946 2863
f 9193 8200 347
f 1026 8921 8920
f 8923 2865 8924
f 2866 2865 7945
f 8925 8924 2866
f 11223 3717 9201
f 8928 249 7948
f 2868 7948 2867
f 9035 8014 249
f 1027 8933 8932
f 8935 2869 8936
f 2870 2869 7947
f 8937 8936 2870
f 11283 3747 9043
f 8940 208 7962
f 2872 7962 2871
f 8999 8008 208
f 1028 8945 8944
f 8947 2873 8948
f 2874 2873 7961
f 8949 8948 2874
f 11296 3754 9007
f 8952 151 7976
f 2876 7976 2875
f 2876 8952 7976
f 1029 8957 8956
f 8959 2877 8960
f 2878 2877 7975
f 8961 8960 2878
f 2878 8962 8961
f 8964 392 7978
f 2880 7978 2879
f 8975 7980 392
f 1030 8969 8968
f 8971 2881 8972
f 2882 2881 7977
f 8973 8972 2882
f 11307 3759 8983
f 8976 394 7980
f 2884 7980 2883
f 9002 8007 394
f 1031 8981 8980
f 8983 2885 8984
f 2886 2885 7979
f 8985 8984 2886
f 1322 9006 9005
f 8988 401 7982
f 2888 7982 2887
f 9047 8028 401
f 1032 8993 8992
f 8995 2889 8996
f 2890 2889 7981
f 8997 8996 2890
f 11279 3745 9055
f 9000 156 8008
f 2892 8008 2891
f 2892 9000 8008
f 1033 9005 9004
f 9007 2893 9008
f 2894 2893 8007
f 9009 9008 2894
f 2894 9010 9009
f 9012 439 8010
f 2896 8010 2895
f 9110 8077 439
f 1034 9017 9016
f 9019 2897 9020
f 2898 2897 8009
f 9021 9020 2898
f 1312 9114 9113
f 9024 158 8012
f 2900 8012 2899
f 9083 8062 158
f 1035 9029 9028
f 9031 2901 9032
f 2902 2901 8011
f 9033 9032 2902
f 11268 3740 9091
f 9036 218 8014
f 2904 8014 2903
f 9131 8094 218
f 1036 9041 9040
f 9043 2905 9044
f 2906 2905 8013
f 9045 9044 2906
f 11247 3729 9139
f 9048 400 8028
f 2908 8028 2907
f 9119 8080 400
f 1037 9053 9052
f 9055 2909 9056
f 2910 2909 8027
f 9057 9056 2910
f 11251 3731 9127
f 9067 2911 9068
f 2912 2911 8030
f 9069 9068 2912
f 11256 3734 9115
f 9062 199 8029
f 2914 8029 2913
f 9107 8078 199
f 1038 9065 9064
f 9072 282 8032
f 2916 8032 2915
f 10695 9218 282
f 1039 9077 9076
f 9079 2917 9080
f 2918 2917 8031
f 9081 9080 2918
f 10708 3460 10703
f 9084 209 8062
f 2920 8062 2919
f 2920 9084 8062
f 1040 9089 9088
f 9091 2921 9092
f 2922 2921 8061
f 9093 9092 2922
f 2922 9094 9093
f 9096 187 8076
f 2924 8076 2923
f 9205 8214 187
f 1041 9101 9100
f 9103 2925 9104
f 2926 2925 8075
f 9105 9104 2926
f 11219 3715 9213
f 9108 183 8078
f 2928 8078 2927
f 2928 9108 8078
f 1042 9113 9112
f 9115 2929 9116
f 2930 2929 8077
f 9117 9116 2930
f 2930 9118 9117
f 9120 380 8080
f 2932 8080 2931
f 9167 8100 380
f 1043 9125 9124
f 9127 2933 9128
f 2934 2933 8079
f 9129 9128 2934
f 11235 3723 9175
f 9132 179 8094
f 2936 8094 2935
f 9143 8096 179
f 1044 9137 9136
f 9139 2937 9140
f 2938 2937 8093
f 9141 9140 2938
f 11243 3727 9151
f 9144 180 8096
f 2940 8096 2939
f 9155 8098 180
f 1045 9149 9148
f 9151 2941 9152
f 2942 2941 8095
f 9153 9152 2942
f 11239 3725 9163
f 9156 190 8098
f 2944 8098 2943
f 9179 8102 190
f 1046 9161 9160
f 9163 2945 9164
f 2946 2945 8097
f 9165 9164 2946
f 11228 3720 9187
f 9168 381 8100
f 2948 8100 2947
f 9182 8101 381
f 1047 9173 9172
f 9175 2949 9176
f 2950 2949 8099
f 9177 9176 2950
f 1305 9186 9185
f 9180 178 8102
f 2952 8102 2951
f 2952 9180 8102
f 1048 9185 9184
f 9187 2953 9188
f 2954 2953 8101
f 9189 9188 2954
f 2954 9190 9189
f 9194 371 8200
f 2956 8200 2955
f 9219 8288 371
f 1049 9199 9198
f 9201 2957 9202
f 2958 2957 8199
f 9203 9202 2958
f 11215 3713 9227
f 9206 185 8214
f 2960 8214 2959
f 9255 8354 185
f 1050 9211 9210
f 9213 2961 9214
f 2962 2961 8213
f 9215 9214 2962
f 11204 3708 9263
f 9220 409 8288
f 2964 8288 2963
f 9243 8352 409
f 1051 9225 9224
f 9227 2965 9228
f 2966 2965 8287
f 9229 9228 2966
f 11211 3711 9251
f 9239 2967 9240
f 2968 2967 8350
f 9241 9240 2968
f 11196 3704 9275
f 9234 184 8349
f 2970 8349 2969
f 9267 8368 184
f 1052 9237 9236
f 9244 427 8352
f 2972 8352 2971
f 9270 8367 427
f 1053 9249 9248
f 9251 2973 9252
f 2974 2973 8351
f 9253 9252 2974
f 1297 9274 9273
f 9256 186 8354
f 2976 8354 2975
f 2976 9256 8354
f 1054 9261 9260
f 9263 2977 9264
f 2978 2977 8353
f 9265 9264 2978
f 2978 9266 9265
f 9268 174 8368
f 2980 8368 2979
f 2980 9268 8368
f 1055 9273 9272
f 9275 2981 9276
f 2982 2981 8367
f 9277 9276 2982
f 2982 9278 9277
f 9288 9287 2983
f 2983 8468 2984
f 9288 2984 9289
f 10329 1236 10330
f 456 8467 9282
f 8467 2985 2986
f 8637 456 10318
f 9293 9292 1056
f 9296 9295 2987
f 2987 8466 2988
f 9296 2988 9297
f 10667 10732 3472
f 234 8465 9286
f 8465 2989 2990
f 8694 234 10651
f 9301 9300 1057
f 9316 9315 2991
f 2991 8474 2992
f 9316 2992 9317
f 10659 10736 3476
f 165 8473 9306
f 8473 2993 2994
f 8696 165 10647
f 9321 9320 1058
f 9324 9323 2995
f 2995 8472 2996
f 9324 2996 9325
f 10665 1181 10666
f 343 8471 9310
f 8471 2997 2998
f 8693 343 10654
f 9329 9328 1059
f 9332 9331 2999
f 2999 8470 3000
f 9332 3000 9333
f 10563 10800 3508
f 23 8469 9314
f 8469 3001 3002
f 8680 23 10551
f 9337 9336 1060
f 9356 9355 3003
f 3003 8480 3004
f 9356 3004 9357
f 10595 10776 3500
f 177 8479 9342
f 8479 3005 3006
f 8688 177 10575
f 9353 9352 1061
f 9360 9359 3007
f 3007 8478 3008
f 9360 3008 9361
f 10601 1193 10602
f 361 8477 9346
f 8477 3009 3010
f 8685 361 10582
f 9365 9364 1062
f 9372 9371 3011
f 3011 8476 3012
f 9372 3012 9373
f 10611 10768 3492
f 29 8475 9350
f 8475 3013 3014
f 8684 29 10583
f 9369 9368 1063
f 9380 9379 3015
f 3015 8482 3016
f 9380 3016 9381
f 10617 1189 10618
f 90 8481 9378
f 8481 3017 3018
f 8681 90 10590
f 9385 9384 1064
f 9412 9411 3019
f 3019 8494 3020
f 9412 3020 9413
f 10005 1276 10050
f 325 8493 9390
f 8493 3021 3022
f 8596 325 10055
f 9417 9416 1065
f 9420 9419 3023
f 3023 8492 3024
f 9420 3024 9421
f 10014 1275 10047
f 288 8491 9394
f 8491 3025 3026
f 8594 288 10057
f 9425 9424 1066
f 9428 9427 3027
f 3027 8490 3028
f 9428 3028 9429
f 10017 1274 10046
f 431 8489 9398
f 8489 3029 3030
f 8592 431 10059
f 9433 9432 1067
f 9436 9435 3031
f 3031 8488 3032
f 9436 3032 9437
f 10026 1273 10043
f 242 8487 9402
f 8487 3033 3034
f 8590 242 10061
f 9441 9440 1068
f 9444 9443 3035
f 3035 8486 3036
f 9444 3036 9445
f 10635 10752 3484
f 69 8485 9406
f 8485 3037 3038
f 8692 69 10623
f 9449 9448 1069
f 9452 9451 3039
f 3039 8484 3040
f 9452 3040 9453
f 10641 1185 10642
f 108 8483 9410
f 8483 3041 3042
f 8689 108 10630
f 9457 9456 1070
f 9464 9463 3043
f 3043 8496 3044
f 9464 3044 9465
f 10643 10748 3480
f 113 8495 9462
f 8495 3045 3046
f 8690 113 10627
f 9469 9468 1071
f 9488 9487 3047
f 3047 8504 3048
f 9488 3048 9489
f 10411 10896 3564
f 215 8503 9474
f 8503 3049 3050
f 8652 215 10399
f 9493 9492 1072
f 9496 9495 3051
f 3051 8502 3052
f 9496 3052 9497
f 10417 1225 10418
f 340 8501 9478
f 8501 3053 3054
f 8659 340 10386
f 9501 9500 1073
f 9504 9503 3055
f 3055 8500 3056
f 9504 3056 9505
f 10443 10880 3548
f 75 8499 9482
f 8499 3057 3058
f 8654 75 10395
f 9509 9508 1074
f 9512 9511 3059
f 3059 8498 3060
f 9512 3060 9513
f 10449 1217 10450
f 102 8497 9486
f 8497 3061 3062
f 8649 102 10406
f 9517 9516 1075
f 9524 9523 3063
f 3063 8506 3064
f 9524 3064 9525
f 10633 1187 10634
f 64 8505 9522
f 8505 3065 3066
f 8691 64 10626
f 9529 9528 1076
f 9536 9535 3067
f 3067 8508 3068
f 9536 3068 9537
f 10569 1197 10570
f 96 8507 9534
f 8507 3069 3070
f 8677 96 10558
f 9541 9540 1077
f 63 8516 9543
f 8516 3071 3072
f 8624 63 10239
f 3072 9557 3596
f 1081 9561 9560
f 3073 8515 3074
f 10299 1243 10972
f 10299 10972 3594
f 1078 9567 9566
f 3075 8514 3076
f 10483 1214 10852
f 10483 10852 3536
f 289 8513 9546
f 8513 3077 3078
f 8668 289 10467
f 3078 9563 3538
f 9552 9551 3079
f 3079 8512 3080
f 9552 3080 9553
f 10489 1211 10490
f 459 8511 9588
f 8511 3081 3082
f 8665 459 10474
f 9556 9555 1079
f 1080 9573 9572
f 3083 8510 3084
f 10499 1210 10844
f 10499 10844 3528
f 57 8509 9550
f 8509 3085 3086
f 8664 57 10475
f 3086 9569 3530
f 302 8528 9592
f 8528 3087 3088
f 8695 302 10650
f 9617 9616 1082
f 9620 9619 3089
f 3089 8527 3090
f 9620 3090 9621
f 10657 1183 10658
f 278 8526 9596
f 8526 3091 3092
f 8640 278 10311
f 9625 9624 1083
f 9628 9627 3093
f 3093 8525 3094
f 9628 3094 9629
f 10323 10956 3586
f 76 8524 9600
f 8524 3095 3096
f 8542 76 9739
f 9633 9632 1086
f 9636 9635 3097
f 3097 8523 3098
f 9636 3098 9637
f 9755 11159 3685
f 101 8522 9604
f 8522 3099 3100
f 8678 101 10555
f 9641 9640 1087
f 9644 9643 3101
f 3101 8521 3102
f 9644 3102 9645
f 10571 10796 3504
f 9648 9647 3103
f 3103 8520 3104
f 9648 3104 9649
f 10149 1259 10150
f 42 8519 9610
f 8519 3105 3106
f 8607 42 10114
f 9653 9652 1085
f 9656 9655 3107
f 3107 8518 3108
f 9656 3108 9657
f 10561 1199 10562
f 18 8517 9614
f 8517 3109 3110
f 8679 18 10554
f 9661 9660 1084
f 9680 9679 3111
f 3111 8536 3112
f 9680 3112 9681
f 10379 10923 3567
f 84 8535 9666
f 8535 3113 3114
f 8648 84 10371
f 9685 9684 1091
f 9688 9687 3115
f 3115 8534 3116
f 9688 3116 9689
f 10195 11019 3617
f 271 8533 9670
f 8533 3117 3118
f 8620 271 10179
f 9693 9692 1088
f 9696 9695 3119
f 3119 8532 3120
f 9696 3120 9697
f 10203 11017 3615
f 469 8531 9674
f 8531 3121 3122
f 8618 469 10183
f 9701 9700 1089
f 9704 9703 3123
f 3123 8530 3124
f 9704 3124 9705
f 10211 11015 3613
f 35 8529 9678
f 8529 3125 3126
f 8616 35 10187
f 9709 9708 1090
f 83 8538 9716
f 8538 3127 3128
f 8662 83 10455
f 9721 9720 1092
f 9724 9723 3129
f 3129 8537 3130
f 9724 3130 9725
f 10463 10868 3540
f 95 8540 9712
f 8540 3131 3132
f 8682 95 10587
f 9729 9728 1093
f 9732 9731 3133
f 3133 8539 3134
f 9732 3134 9733
f 10619 10764 3488
f 41 8544 9736
f 8544 3135 3136
f 8598 41 10079
f 9745 9744 1094
f 9748 9747 3137
f 3137 8543 3138
f 9748 3138 9749
f 10103 11068 3640
f 78 8542 9740
f 8542 3139 3140
f 8661 78 10458
f 9753 9752 1095
f 9756 9755 3141
f 3141 8541 3142
f 9756 3142 9757
f 10461 1215 10462
f 9768 9767 3143
f 3143 8548 3144
f 9768 3144 9769
f 10141 1261 10142
f 14 8547 9762
f 8547 3145 3146
f 8609 14 10110
f 9773 9772 1096
f 9776 9775 3147
f 3147 8546 3148
f 9776 3148 9777
f 10151 11044 3628
f 47 8545 9766
f 8545 3149 3150
f 8608 47 10111
f 9781 9780 1097
f 114 8556 9783
f 8556 3151 3152
f 8621 114 10246
f 3152 9800 3589
f 1101 9798 9797
f 3153 8555 3154
f 10306 1240 10969
f 10305 1240 10306
f 1098 9804 9803
f 3155 8554 3156
f 10350 1234 10937
f 10349 1234 10350
f 327 8553 9786
f 8553 3157 3158
f 8645 327 10338
f 3158 9806 3577
f 9795 9794 3159
f 3159 8552 3160
f 9795 3160 9796
f 10359 10932 3574
f 254 8551 9828
f 8551 3161 3162
f 8644 254 10339
f 9793 9792 1099
f 1100 9810 9809
f 3163 8550 3164
f 10366 1230 10929
f 10365 1230 10366
f 4 8549 9790
f 8549 3165 3166
f 8641 4 10346
f 3166 9812 3569
f 244 8568 9832
f 8568 3167 3168
f 8646 244 10335
f 9857 9856 1102
f 9860 9859 3169
f 3169 8567 3170
f 9860 3170 9861
f 10351 10936 3578
f 422 8566 9836
f 8566 3171 3172
f 8667 422 10470
f 9865 9864 1103
f 9868 9867 3173
f 3173 8565 3174
f 9868 3174 9869
f 10481 1213 10482
f 291 8564 9840
f 8564 3175 3176
f 8666 291 10471
f 9873 9872 1104
f 9876 9875 3177
f 3177 8563 3178
f 9876 3178 9877
f 10491 10848 3532
f 384 8562 9844
f 8562 3179 3180
f 8643 384 10342
f 9881 9880 1105
f 9884 9883 3181
f 3181 8561 3182
f 9884 3182 9885
f 10357 1232 10358
f 9892 9891 3183
f 3183 8560 3184
f 9892 3184 9893
f 10367 10928 3570
f 9 8559 9850
f 8559 3185 3186
f 8642 9 10343
f 9889 9888 1106
f 9896 9895 3187
f 3187 8558 3188
f 9896 3188 9897
f 10497 1209 10498
f 52 8557 9854
f 8557 3189 3190
f 8663 52 10478
f 9901 9900 1107
f 306 8580 9904
f 8580 3191 3192
f 8687 306 10578
f 9929 9928 1108
f 9932 9931 3193
f 3193 8579 3194
f 9932 3194 9933
f 10593 1195 10594
f 311 8578 9908
f 8578 3195 3196
f 8602 311 10071
f 9937 9936 1109
f 9940 9939 3197
f 3197 8577 3198
f 9940 3198 9941
f 10087 11073 3645
f 224 8576 9912
f 8576 3199 3200
f 8600 224 10075
f 9945 9944 1110
f 9948 9947 3201
f 3201 8575 3202
f 9948 3202 9949
f 10095 11071 3643
f 230 8574 9916
f 8574 3203 3204
f 8686 230 10579
f 9953 9952 1111
f 9956 9955 3205
f 3205 8573 3206
f 9956 3206 9957
f 10603 10772 3496
f 24 8572 9920
f 8572 3207 3208
f 8683 24 10586
f 9961 9960 1112
f 9964 9963 3209
f 3209 8571 3210
f 9964 3210 9965
f 10609 1191 10610
f 36 8570 9924
f 8570 3211 3212
f 8597 36 10082
f 9969 9968 1113
f 9972 9971 3213
f 3213 8569 3214
f 9972 3214 9973
f 10101 1265 10102
f 326 8596 9975
f 8596 3215 3216
f 8651 326 10402
f 3216 10006 3563
f 1114 10004 10003
f 3217 8595 3218
f 10410 1227 10897
f 10409 1227 10410
f 296 8594 9977
f 8594 3219 3220
f 8660 296 10383
f 3220 10009 3562
f 1115 10013 10012
f 3221 8593 3222
f 10419 1226 10892
f 10419 10892 3560
f 432 8592 9979
f 8592 3223 3224
f 8657 432 10390
f 3224 10018 3555
f 1116 10016 10015
f 3225 8591 3226
f 10426 1223 10889
f 10425 1223 10426
f 243 8590 9981
f 8590 3227 3228
f 8656 243 10391
f 3228 10021 3554
f 1117 10025 10024
f 3229 8589 3230
f 10435 1222 10884
f 10435 10884 3552
f 13 8588 10063
f 8588 3231 3232
f 8614 13 10155
f 9993 9992 1118
f 9995 9994 3233
f 3233 8587 3234
f 9995 3234 9996
f 10167 11032 3624
f 48 8586 10065
f 8586 3235 3236
f 8611 48 10162
f 9999 9998 1119
f 10001 10000 3237
f 3237 8585 3238
f 10001 3238 10002
f 10173 1255 10174
f 70 8584 9987
f 8584 3239 3240
f 8653 70 10398
f 3240 10030 3547
f 1120 10028 10027
f 3241 8583 3242
f 10442 1219 10881
f 10441 1219 10442
f 107 8582 9989
f 8582 3243 3244
f 8650 107 10403
f 3244 10033 3546
f 1121 10037 10036
f 3245 8581 3246
f 10451 1218 10876
f 10451 10876 3544
f 312 8602 10072
f 8602 3247 3248
f 8639 312 10314
f 10085 10084 1122
f 10088 10087 3249
f 3249 8601 3250
f 10088 3250 10089
f 10321 1238 10322
f 225 8600 10076
f 8600 3251 3252
f 8638 225 10315
f 10093 10092 1123
f 10096 10095 3253
f 3253 8599 3254
f 10096 3254 10097
f 10331 10952 3582
f 39 8598 10080
f 8598 3255 3256
f 10080 8598 3256
f 10101 10100 1124
f 10104 10103 3257
f 3257 8597 3258
f 10104 3258 10105
f 10105 3258 10106
f 129 8606 10116
f 8606 3259 3260
f 8658 129 10387
f 10125 10124 1125
f 10128 10127 3261
f 3261 8605 3262
f 10128 3262 10129
f 10427 10888 3556
f 354 8604 10120
f 8604 3263 3264
f 8655 354 10394
f 10133 10132 1126
f 10136 10135 3265
f 3265 8603 3266
f 10136 3266 10137
f 10433 1221 10434
f 17 8610 10108
f 8610 3267 3268
f 10108 8610 3268
f 10141 10140 1127
f 10144 10143 3269
f 3269 8609 3270
f 10144 3270 10145
f 10145 3270 10146
f 45 8608 10112
f 8608 3271 3272
f 10112 8608 3272
f 10149 10148 1128
f 10152 10151 3273
f 3273 8607 3274
f 10152 3274 10153
f 10153 3274 10154
f 11 8614 10156
f 8614 3275 3276
f 10156 8614 3276
f 10165 10164 1129
f 10168 10167 3277
f 3277 8613 3278
f 10168 3278 10169
f 10169 3278 10170
f 51 8612 10160
f 8612 3279 3280
f 10160 8612 3280
f 10173 10172 1130
f 10176 10175 3281
f 3281 8611 3282
f 10176 3282 10177
f 10177 3282 10178
f 189 8620 10180
f 8620 3283 3284
f 8676 189 10503
f 10193 10192 1131
f 10196 10195 3285
f 3285 8619 3286
f 10196 3286 10197
f 10523 10824 3524
f 405 8618 10184
f 8618 3287 3288
f 8673 405 10510
f 10201 10200 1132
f 10204 10203 3289
f 3289 8617 3290
f 10204 3290 10205
f 10529 1205 10530
f 33 8616 10188
f 8616 3291 3292
f 8672 33 10511
f 10209 10208 1133
f 10212 10211 3293
f 3293 8615 3294
f 10212 3294 10213
f 10539 10816 3516
f 255 8636 10216
f 8636 3295 3296
f 8630 255 10227
f 10249 10248 1134
f 10252 10251 3297
f 3297 8635 3298
f 10252 3298 10253
f 10275 10980 3602
f 476 8634 10220
f 8634 3299 3300
f 8631 476 10226
f 10257 10256 1135
f 10260 10259 3301
f 3301 8633 3302
f 10260 3302 10261
f 10265 1248 10266
f 295 8632 10224
f 8632 3303 3304
f 10224 8632 3304
f 10265 10264 1136
f 10268 10267 3305
f 3305 8631 3306
f 10268 3306 10269
f 10269 3306 10270
f 256 8630 10228
f 8630 3307 3308
f 10228 8630 3308
f 10273 10272 1137
f 10276 10275 3309
f 3309 8629 3310
f 10276 3310 10277
f 10277 3310 10278
f 3 8628 10232
f 8628 3311 3312
f 8622 3 10243
f 10281 10280 1138
f 10284 10283 3313
f 3313 8627 3314
f 10284 3314 10285
f 10307 10968 3590
f 58 8626 10236
f 8626 3315 3316
f 8623 58 10242
f 10289 10288 1139
f 10292 10291 3317
f 3317 8625 3318
f 10292 3318 10293
f 10297 1242 10298
f 61 8624 10240
f 8624 3319 3320
f 10240 8624 3320
f 10297 10296 1140
f 10300 10299 3321
f 3321 8623 3322
f 10300 3322 10301
f 10301 3322 10302
f 116 8622 10244
f 8622 3323 3324
f 10244 8622 3324
f 10305 10304 1141
f 10308 10307 3325
f 3325 8621 3326
f 10308 3326 10309
f 10309 3326 10310
f 279 8640 10312
f 8640 3327 3328
f 10312 8640 3328
f 10321 10320 1142
f 10324 10323 3329
f 3329 8639 3330
f 10324 3330 10325
f 10325 3330 10326
f 221 8638 10316
f 8638 3331 3332
f 10316 8638 3332
f 10329 10328 1143
f 10332 10331 3333
f 3333 8637 3334
f 10332 3334 10333
f 10333 3334 10334
f 235 8646 10336
f 8646 3335 3336
f 10336 8646 3336
f 10349 10348 1144
f 10352 10351 3337
f 3337 8645 3338
f 10352 3338 10353
f 10353 3338 10354
f 250 8644 10340
f 8644 3339 3340
f 10340 8644 3340
f 10357 10356 1145
f 10360 10359 3341
f 3341 8643 3342
f 10360 3342 10361
f 10361 3342 10362
f 7 8642 10344
f 8642 3343 3344
f 10344 8642 3344
f 10365 10364 1146
f 10368 10367 3345
f 3345 8641 3346
f 10368 3346 10369
f 10369 3346 10370
f 86 8648 10372
f 8648 3347 3348
f 8669 86 10518
f 10377 10376 1147
f 10380 10379 3349
f 3349 8647 3350
f 10380 3350 10381
f 10545 1201 10546
f 216 8652 10400
f 8652 3351 3352
f 10400 8652 3352
f 10409 10408 1148
f 10412 10411 3353
f 3353 8651 3354
f 10412 3354 10413
f 10413 3354 10414
f 280 8660 10384
f 8660 3355 3356
f 10384 8660 3356
f 10417 10416 1149
f 10420 10419 3357
f 3357 8659 3358
f 10420 3358 10421
f 10421 3358 10422
f 122 8658 10388
f 8658 3359 3360
f 10388 8658 3360
f 10425 10424 1150
f 10428 10427 3361
f 3361 8657 3362
f 10428 3362 10429
f 10429 3362 10430
f 241 8656 10392
f 8656 3363 3364
f 10392 8656 3364
f 10433 10432 1151
f 10436 10435 3365
f 3365 8655 3366
f 10436 3366 10437
f 10437 3366 10438
f 73 8654 10396
f 8654 3367 3368
f 10396 8654 3368
f 10441 10440 1152
f 10444 10443 3369
f 3369 8653 3370
f 10444 3370 10445
f 10445 3370 10446
f 105 8650 10404
f 8650 3371 3372
f 10404 8650 3372
f 10449 10448 1153
f 10452 10451 3373
f 3373 8649 3374
f 10452 3374 10453
f 10453 3374 10454
f 81 8662 10456
f 8662 3375 3376
f 10456 8662 3376
f 10461 10460 1154
f 10464 10463 3377
f 3377 8661 3378
f 10464 3378 10465
f 10465 3378 10466
f 290 8668 10468
f 8668 3379 3380
f 10468 8668 3380
f 10481 10480 1155
f 10484 10483 3381
f 3381 8667 3382
f 10484 3382 10485
f 10485 3382 10486
f 292 8666 10472
f 8666 3383 3384
f 10472 8666 3384
f 10489 10488 1156
f 10492 10491 3385
f 3385 8665 3386
f 10492 3386 10493
f 10493 3386 10494
f 55 8664 10476
f 8664 3387 3388
f 10476 8664 3388
f 10497 10496 1157
f 10500 10499 3389
f 3389 8663 3390
f 10500 3390 10501
f 10501 3390 10502
f 166 8676 10504
f 8676 3391 3392
f 10504 8676 3392
f 10521 10520 1158
f 10524 10523 3393
f 3393 8675 3394
f 10524 3394 10525
f 10525 3394 10526
f 226 8674 10508
f 8674 3395 3396
f 10508 8674 3396
f 10529 10528 1159
f 10532 10531 3397
f 3397 8673 3398
f 10532 3398 10533
f 10533 3398 10534
f 31 8672 10512
f 8672 3399 3400
f 10512 8672 3400
f 10537 10536 1160
f 10540 10539 3401
f 3401 8671 3402
f 10540 3402 10541
f 10541 3402 10542
f 89 8670 10516
f 8670 3403 3404
f 10516 8670 3404
f 10545 10544 1161
f 10548 10547 3405
f 3405 8669 3406
f 10548 3406 10549
f 10549 3406 10550
f 21 8680 10552
f 8680 3407 3408
f 10552 8680 3408
f 10561 10560 1162
f 10564 10563 3409
f 3409 8679 3410
f 10564 3410 10565
f 10565 3410 10566
f 99 8678 10556
f 8678 3411 3412
f 10556 8678 3412
f 10569 10568 1163
f 10572 10571 3413
f 3413 8677 3414
f 10572 3414 10573
f 10573 3414 10574
f 202 8688 10576
f 8688 3415 3416
f 10576 8688 3416
f 10593 10592 1164
f 10596 10595 3417
f 3417 8687 3418
f 10596 3418 10597
f 10597 3418 10598
f 228 8686 10580
f 8686 3419 3420
f 10580 8686 3420
f 10601 10600 1165
f 10604 10603 3421
f 3421 8685 3422
f 10604 3422 10605
f 10605 3422 10606
f 27 8684 10584
f 8684 3423 3424
f 10584 8684 3424
f 10609 10608 1166
f 10612 10611 3425
f 3425 8683 3426
f 10612 3426 10613
f 10613 3426 10614
f 93 8682 10588
f 8682 3427 3428
f 10588 8682 3428
f 10617 10616 1167
f 10620 10619 3429
f 3429 8681 3430
f 10620 3430 10621
f 10621 3430 10622
f 67 8692 10624
f 8692 3431 3432
f 10624 8692 3432
f 10633 10632 1168
f 10636 10635 3433
f 3433 8691 3434
f 10636 3434 10637
f 10637 3434 10638
f 111 8690 10628
f 8690 3435 3436
f 10628 8690 3436
f 10641 10640 1169
f 10644 10643 3437
f 3437 8689 3438
f 10644 3438 10645
f 10645 3438 10646
f 176 8696 10648
f 8696 3439 3440
f 10648 8696 3440
f 10657 10656 1170
f 10660 10659 3441
f 3441 8695 3442
f 10660 3442 10661
f 10661 3442 10662
f 247 8694 10652
f 8694 3443 3444
f 10652 8694 3444
f 10665 10664 1171
f 10668 10667 3445
f 3445 8693 3446
f 10668 3446 10669
f 10669 3446 10670
f 10672 270 8782
f 3448 8782 3447
f 3448 10672 8782
f 1172 10677 10676
f 10679 3449 10680
f 3450 3449 8781
f 10681 10680 3450
f 3450 10682 10681
f 10684 155 9192
f 3452 9192 3451
f 3452 10684 9192
f 1173 10689 10688
f 10691 3453 10692
f 3454 3453 9191
f 10693 10692 3454
f 3454 10694 10693
f 10696 237 9218
f 3456 9218 3455
f 3456 10696 9218
f 1174 10701 10700
f 10703 3457 10704
f 3458 3457 9217
f 10705 10704 3458
f 3458 10706 10705
f 1175 7544 7543
f 2534 7536 5582
f 9074 8031 450
f 2918 9082 9081
f 7534 5583 237
f 2532 7540 7539
f 1176 9078 9077
f 2916 9072 8032
f 1177 7596 7595
f 2543 7592 5974
f 3464 10720 10685
f 4274 3464 5490
f 7590 5975 155
f 2541 7600 7599
f 3466 10718 10687
f 4272 3466 5492
f 1179 7476 7475
f 2516 7470 5532
f 8844 7886 446
f 2840 8850 8849
f 7472 5531 270
f 2518 7480 7479
f 1180 8854 8853
f 2842 8846 7885
f 9329 1181 9330
f 9310 8471 2998
f 8466 344 9284
f 9297 2988 9298
f 8472 247 9308
f 9325 2996 9326
f 9301 1182 9302
f 9286 8465 2990
f 9617 1183 9618
f 9592 8528 3088
f 8474 303 9304
f 9317 2992 9318
f 8527 176 9594
f 9621 3090 9622
f 9321 1184 9322
f 9306 8473 2994
f 9457 1185 9458
f 9410 8483 3042
f 8496 110 9460
f 9465 3044 9466
f 8484 111 9408
f 9453 3040 9454
f 9469 1186 9470
f 9462 8495 3046
f 9529 1187 9530
f 9522 8505 3066
f 8486 66 9404
f 9445 3036 9446
f 8506 67 9520
f 9525 3064 9526
f 9449 1188 9450
f 9406 8485 3038
f 9385 1189 9386
f 9378 8481 3018
f 8539 92 9714
f 9733 3134 9734
f 8482 93 9376
f 9381 3016 9382
f 9729 1190 9730
f 9712 8540 3132
f 9961 1191 9962
f 9920 8572 3208
f 8476 26 9348
f 9373 3012 9374
f 8571 27 9922
f 9965 3210 9966
f 9369 1192 9370
f 9350 8475 3014
f 9365 1193 9366
f 9346 8477 3010
f 8573 359 9918
f 9957 3206 9958
f 8478 228 9344
f 9361 3008 9362
f 9953 1194 9954
f 9916 8574 3204
f 9929 1195 9930
f 9904 8580 3192
f 8480 307 9340
f 9357 3004 9358
f 8579 202 9906
f 9933 3194 9934
f 9353 1196 9354
f 9342 8479 3006
f 9541 1197 9542
f 9534 8507 3070
f 8521 98 9606
f 9645 3102 9646
f 8508 99 9532
f 9537 3068 9538
f 9641 1198 9642
f 9604 8522 3100
f 9661 1199 9662
f 9614 8517 3110
f 8470 20 9312
f 9333 3000 9334
f 8518 21 9612
f 9657 3108 9658
f 9337 1200 9338
f 9314 8469 3002
f 10377 1201 10378
f 10372 8648 3348
f 8481 88 9377
f 3017 3512 9383
f 8647 89 10374
f 10381 3350 10382
f 10543 3514 10814
f 9375 8482 3015
f 10542 3515 10815
f 9347 8476 3011
f 8615 30 10190
f 10213 3294 10214
f 8475 31 9349
f 3013 3517 9367
f 10209 1204 10210
f 10188 8616 3292
f 10201 1205 10202
f 10184 8618 3288
f 8477 385 9345
f 3009 3520 9363
f 8617 226 10186
f 10205 3290 10206
f 10527 3522 10822
f 9343 8478 3007
f 10526 3523 10823
f 9339 8480 3003
f 8619 299 10182
f 10197 3286 10198
f 8479 166 9341
f 3005 3525 9351
f 10193 1208 10194
f 10180 8620 3284
f 9901 1209 9902
f 9854 8557 3190
f 8510 54 9549
f 3084 3528 9572
f 8558 55 9852
f 9897 3188 9898
f 10495 3530 10846
f 9550 8509 3086
f 9556 1211 9581
f 9588 8511 3082
f 8563 471 9842
f 9877 3178 9878
f 8512 292 9587
f 9553 3080 9582
f 9873 1212 9874
f 9840 8564 3176
f 9865 1213 9866
f 9836 8566 3172
f 8514 423 9545
f 3076 3536 9566
f 8565 290 9838
f 9869 3174 9870
f 10479 3538 10854
f 9546 8513 3078
f 9753 1215 9754
f 9740 8542 3140
f 8537 80 9718
f 9725 3130 9726
f 8541 81 9742
f 9757 3142 9758
f 9721 1216 9722
f 9716 8538 3128
f 9517 1217 9518
f 9486 8497 3062
f 8581 104 9990
f 3246 3544 10036
f 8498 105 9484
f 9513 3060 9514
f 10447 3546 10878
f 9989 8582 3244
f 10446 3547 10879
f 9987 8584 3240
f 8500 72 9480
f 9505 3056 9506
f 8583 73 9988
f 3242 3549 10027
f 9509 1220 9510
f 9482 8499 3058
f 10133 1221 10134
f 10120 8604 3264
f 8589 355 9982
f 3230 3552 10024
f 8603 241 10122
f 10137 3266 10138
f 10431 3554 10886
f 9981 8590 3228
f 10430 3555 10887
f 9979 8592 3224
f 8605 457 10118
f 10129 3262 10130
f 8591 122 9980
f 3226 3557 10015
f 10125 1224 10126
f 10116 8606 3260
f 9501 1225 9502
f 9478 8501 3054
f 8593 404 9978
f 3222 3560 10012
f 8502 280 9476
f 9497 3052 9498
f 10415 3562 10894
f 9977 8594 3220
f 10414 3563 10895
f 9975 8596 3216
f 8504 304 9472
f 9489 3048 9490
f 8595 216 9976
f 3218 3565 10003
f 9493 1228 9494
f 9474 8503 3050
f 8536 87 9664
f 9681 3112 9682
f 9685 1229 9686
f 9666 8535 3114
f 10370 3569 10927
f 9790 8549 3166
f 8560 6 9848
f 9893 3184 9894
f 8550 7 9789
f 3164 3571 9809
f 9889 1231 9890
f 9850 8559 3186
f 9881 1232 9882
f 9844 8562 3180
f 8552 382 9827
f 9796 3160 9821
f 8561 250 9846
f 9885 3182 9886
f 9793 1233 9822
f 9828 8551 3162
f 10354 3577 10935
f 9786 8553 3158
f 8567 314 9834
f 9861 3170 9862
f 8554 235 9785
f 3156 3579 9803
f 9857 1235 9858
f 9832 8568 3168
f 9293 1236 9294
f 9282 8467 2986
f 8599 453 10078
f 10097 3254 10098
f 8468 221 9280
f 9289 2984 9290
f 10093 1237 10094
f 10076 8600 3252
f 10085 1238 10086
f 10072 8602 3248
f 8525 309 9598
f 9629 3094 9630
f 8601 279 10074
f 10089 3250 10090
f 9625 1239 9626
f 9596 8526 3092
f 10310 3589 10967
f 9783 8556 3152
f 8627 2 10234
f 10285 3314 10286
f 8555 116 9784
f 3154 3591 9797
f 10281 1241 10282
f 10232 8628 3312
f 10289 1242 10290
f 10236 8626 3316
f 8515 60 9544
f 3074 3594 9560
f 8625 61 10238
f 10293 3318 10294
f 10295 3596 10974
f 9543 8516 3072
f 8509 59 9590
f 9571 3085 9576
f 9574 1244 9575
f 9589 8510 3083
f 8549 1 9830
f 9814 3165 9815
f 9811 1245 9816
f 9829 8550 3163
f 10278 3601 10979
f 9787 8552 3159
f 8635 341 10218
f 10253 3298 10254
f 8551 256 9788
f 3161 3603 9791
f 10249 1247 10250
f 10216 8636 3296
f 10257 1248 10258
f 10220 8634 3300
f 8511 458 9548
f 3081 3606 9554
f 8633 295 10222
f 10261 3302 10262
f 10263 3608 10986
f 9547 8512 3079
f 8513 297 9586
f 9565 3077 9578
f 9568 1250 9577
f 9585 8514 3075
f 8553 342 9826
f 9808 3157 9817
f 9805 1251 9818
f 9825 8554 3155
f 8530 32 9676
f 9705 3124 9706
f 9709 1252 9710
f 9678 8529 3126
f 8532 211 9672
f 9697 3120 9698
f 9701 1253 9702
f 9674 8531 3122
f 8534 300 9668
f 9689 3116 9690
f 9693 1254 9694
f 9670 8533 3118
f 9999 1255 10052
f 10065 8586 3236
f 8557 50 9853
f 3189 3620 9899
f 8585 51 10066
f 10002 3238 10051
f 10171 3622 11030
f 9851 8558 3187
f 10170 3623 11031
f 9847 8560 3183
f 8587 10 10064
f 9996 3234 10053
f 8559 11 9849
f 3185 3625 9887
f 9993 1258 10054
f 10063 8588 3232
f 9653 1259 9654
f 9610 8519 3106
f 8546 44 9764
f 9777 3148 9778
f 8520 45 9608
f 9649 3104 9650
f 9781 1260 9782
f 9766 8545 3150
f 9773 1261 9774
f 9762 8547 3146
f 8517 16 9613
f 3109 3632 9659
f 8548 17 9760
f 9769 3144 9770
f 10139 3634 11050
f 9611 8518 3107
f 8465 233 9285
f 2989 3635 9299
f 10131 3636 11052
f 9283 8466 2987
f 8467 455 9281
f 2985 3637 9291
f 10123 3638 11054
f 9279 8468 2983
f 9969 1265 9970
f 9924 8570 3212
f 8543 38 9738
f 9749 3138 9750
f 8569 39 9926
f 9973 3214 9974
f 9745 1266 9746
f 9736 8544 3136
f 8575 454 9914
f 9949 3202 9950
f 9945 1267 9946
f 9912 8576 3200
f 8577 276 9910
f 9941 3198 9942
f 9937 1268 9938
f 9908 8578 3196
f 8483 106 9409
f 3041 3647 9455
f 10040 3648 11105
f 9407 8484 3039
f 8485 71 9405
f 3037 3649 9447
f 10041 3650 11104
f 9403 8486 3035
f 8545 49 9765
f 3149 3651 9779
f 9997 3652 11108
f 9763 8546 3147
f 8547 12 9761
f 3145 3653 9771
f 9991 3654 11110
f 9759 8548 3143
f 8488 352 9400
f 9437 3032 9438
f 9441 1273 9442
f 9402 8487 3034
f 8490 286 9396
f 9429 3028 9430
f 9433 1274 9434
f 9398 8489 3030
f 8492 435 9392
f 9421 3024 9422
f 9425 1275 9426
f 9394 8491 3026
f 8494 213 9388
f 9413 3020 9414
f 9417 1276 9418
f 9390 8493 3022
f 8529 37 9677
f 3125 3663 9707
f 9967 3664 11116
f 9675 8530 3123
f 8469 25 9313
f 3001 3665 9335
f 9959 3666 11118
f 9311 8470 2999
f 8471 357 9309
f 2997 3667 9327
f 9951 3668 11120
f 9307 8472 2995
f 8531 452 9673
f 3121 3669 9699
f 9943 3670 11122
f 9671 8532 3119
f 8533 277 9669
f 3117 3671 9691
f 9935 3672 11124
f 9667 8534 3115
f 8473 164 9305
f 2993 3673 9319
f 9927 3674 11126
f 9303 8474 2991
f 8487 251 9401
f 3033 3675 9439
f 9879 3676 11140
f 9399 8488 3031
f 8489 470 9397
f 3029 3677 9431
f 9871 3678 11142
f 9395 8490 3027
f 8491 287 9393
f 3025 3679 9423
f 9863 3680 11144
f 9391 8492 3023
f 8493 315 9389
f 3021 3681 9415
f 9855 3682 11146
f 9387 8494 3019
f 8495 115 9461
f 3045 3683 9467
f 9819 3684 11158
f 9459 8496 3043
f 8523 79 9602
f 9637 3098 9638
f 9633 1288 9634
f 9600 8524 3096
f 8519 40 9609
f 3105 3687 9651
f 9743 3688 11162
f 9607 8520 3103
f 8507 94 9533
f 3069 3689 9539
f 9727 3690 11168
f 9531 8508 3067
f 8535 82 9665
f 3113 3691 9683
f 9719 3692 11170
f 9663 8536 3111
f 8497 100 9485
f 3061 3693 9515
f 9639 3694 11176
f 9483 8498 3059
f 8499 77 9481
f 3057 3695 9507
f 9631 3696 11178
f 9479 8500 3055
f 8501 310 9477
f 3053 3697 9499
f 9623 3698 11180
f 9475 8502 3051
f 8503 188 9473
f 3049 3699 9491
f 9615 3700 11182
f 9471 8504 3047
f 8505 62 9521
f 3065 3701 9527
f 9580 3702 11193
f 9519 8506 3063
f 1297 9250 9249
f 2972 9244 8352
f 9232 8350 425
f 2968 9242 9241
f 9246 8351 174
f 2974 9254 9253
f 1298 9238 9237
f 2970 9234 8349
f 3707 11203 9266
f 2967 9231 8350
f 9208 8213 424
f 2962 9216 9215
f 9233 8349 186
f 3709 9235 2969
f 1300 9212 9211
f 2960 9206 8214
f 9222 8287 134
f 2966 9230 9229
f 1301 9226 9225
f 2964 9220 8288
f 9196 8199 141
f 2958 9204 9203
f 1302 9200 9199
f 2956 9194 8200
f 9098 8075 408
f 2926 9106 9105
f 1303 9102 9101
f 2924 9096 8076
f 8918 7945 153
f 2866 8926 8925
f 1304 8922 8921
f 2864 8916 7946
f 1305 9174 9173
f 2948 9168 8100
f 9158 8097 332
f 2946 9166 9165
f 9170 8099 178
f 2950 9178 9177
f 1306 9162 9161
f 2944 9156 8098
f 9122 8079 203
f 2934 9130 9129
f 1307 9126 9125
f 2932 9120 8080
f 9146 8095 333
f 2942 9154 9153
f 1308 9150 9149
f 2940 9144 8096
f 9134 8093 351
f 2938 9142 9141
f 1309 9138 9137
f 2936 9132 8094
f 9038 8013 350
f 2906 9046 9045
f 1310 9042 9041
f 2904 9036 8014
f 9050 8027 217
f 2910 9058 9057
f 1311 9054 9053
f 2908 9048 8028
f 1312 9018 9017
f 2896 9012 8010
f 9060 8030 461
f 2912 9070 9069
f 9014 8009 183
f 2898 9022 9021
f 1313 9066 9065
f 2914 9062 8029
f 8858 7887 396
f 2846 8866 8865
f 1314 8862 8861
f 2844 8856 7888
f 3739 11267 9094
f 2911 9059 8030
f 9026 8011 393
f 2902 9034 9033
f 9061 8029 209
f 3741 9063 2913
f 1316 9030 9029
f 2900 9024 8012
f 8834 7883 451
f 2838 8842 8841
f 1317 8838 8837
f 2836 8832 7884
f 8990 7981 246
f 2890 8998 8997
f 1318 8994 8993
f 2888 8988 7982
f 8930 7947 336
f 2870 8938 8937
f 1319 8934 8933
f 2868 8928 7948
f 8882 7903 370
f 2854 8890 8889
f 1320 8886 8885
f 2852 8880 7904
f 8891 7918 138
f 3751 8894 2856
f 3752 11292 9015
f 2855 8892 7917
f 1322 8982 8981
f 2884 8976 7980
f 8942 7961 460
f 2874 8950 8949
f 8978 7979 156
f 2886 8986 8985
f 1323 8946 8945
f 2872 8940 7962
f 8845 7885 248
f 3757 8851 2841
f 3758 11304 8991
f 2839 8843 7886
f 8966 7977 157
f 2882 8974 8973
f 1325 8970 8969
f 2880 8964 7978
f 8822 7869 159
f 2834 8830 8829
f 1326 8826 8825
f 2832 8820 7870
f 1327 8424 8423
f 2776 8418 7696
f 8902 7917 377
f 2858 8900 8899
f 8420 7695 151
f 2778 8428 8427
f 1328 8897 8896
f 2857 8901 7918
f 8870 7889 438
f 2850 8878 8877
f 1329 8874 8873
f 2848 8868 7890
f 8798 7829 337
f 2826 8806 8805
f 1330 8802 8801
f 2824 8796 7830
f 8700 7739 201
f 2794 8708 8707
f 1331 8704 8703
f 2792 8698 7740
f 1332 8222 8221
f 2712 8216 7576
f 7664 6449 389
f 2557 7660 7657
f 8218 7575 148
f 2714 8226 8225
f 1333 7662 7655
f 2559 7666 6448
f 8818 7855 368
f 2830 8814 8813
f 1334 8811 8810
f 2828 8816 7856
f 8772 7787 428
f 2818 8780 8779
f 1335 8776 8775
f 2816 8770 7788
f 8074 7517 387
f 2670 8072 8071
f 1336 8069 8068
f 2669 8073 7518
f 8242 7581 468
f 2722 8250 8249
f 1337 8246 8245
f 2720 8240 7582
f 8396 7679 142
f 2770 8404 8403
f 1338 8400 8399
f 2768 8394 7680
f 8408 7681 391
f 2774 8416 8415
f 1339 8412 8411
f 2772 8406 7682
f 8712 7777 334
f 2798 8720 8719
f 1340 8716 8715
f 2796 8710 7778
f 1341 8740 8739
f 2804 8734 7782
f 8722 7780 473
f 2800 8732 8731
f 8736 7781 274
f 2806 8744 8743
f 1342 8728 8727
f 2802 8724 7779
f 8456 7725 375
f 2790 8464 8463
f 1343 8460 8459
f 2788 8454 7726
f 3797 11383 8768
f 11383 3797 11775
f 8254 7583 358
f 2726 8262 8261
f 3799 11389 8758
f 11389 3799 11782
f 1345 8258 8257
f 2724 8252 7584
f 3801 11391 8756
f 2799 8721 7780
f 8444 7723 442
f 2786 8452 8451
f 8723 7779 192
f 3803 8725 2801
f 1347 8448 8447
f 2784 8442 7724
f 8432 7721 273
f 2782 8440 8439
f 1348 8436 8435
f 2780 8430 7722
f 8384 7641 335
f 2766 8392 8391
f 1349 8388 8387
f 2764 8382 7642
f 7792 7392 200
f 2595 7800 7799
f 1350 7796 7795
f 2593 7790 7393
f 8316 7618 376
f 2746 8324 8323
f 1351 8320 8319
f 2744 8314 7619
f 8166 7567 464
f 2698 8174 8173
f 1352 8170 8169
f 2696 8164 7568
f 8372 7639 264
f 3815 8377 2762
f 3816 11420 8433
f 2760 8370 7640
f 8266 7585 136
f 2730 8274 8273
f 1354 8270 8269
f 2728 8264 7586
f 8142 7551 407
f 3819 8146 2690
f 3820 11428 8409
f 2688 8140 7552
f 8048 7515 145
f 2664 8056 8055
f 1356 8052 8051
f 2662 8046 7516
f 8130 7549 338
f 2686 8138 8137
f 1357 8134 8133
f 2684 8128 7550
f 8348 7635 265
f 2754 8344 8337
f 1358 8342 8339
f 2752 8346 7636
f 1359 8296 8295
f 2736 8290 7602
f 8304 7603 467
f 2742 8312 8311
f 8292 7601 238
f 2738 8300 8299
f 1360 8308 8307
f 2740 8302 7604
f 7860 7429 262
f 2616 7868 7867
f 1361 7864 7863
f 2614 7858 7430
f 1362 7530 7529
f 2530 7522 5574
f 7964 7463 348
f 2642 7970 7969
f 7520 5575 118
f 2528 7526 7525
f 1363 7974 7973
f 2644 7966 7462
f 8084 7531 399
f 2674 8092 8091
f 1364 8088 8087
f 2672 8082 7532
f 8190 7571 445
f 2706 8198 8197
f 1365 8194 8193
f 2704 8188 7572
f 8278 7587 193
f 2734 8286 8285
f 1366 8282 8281
f 2732 8276 7588
f 7998 7485 194
f 2652 8006 8005
f 1367 8002 8001
f 2650 7996 7486
f 7965 7462 132
f 3845 7971 2643
f 3846 11480 8267
f 2641 7963 7463
f 7908 7447 360
f 2628 7916 7915
f 1369 7912 7911
f 2626 7906 7448
f 7811 7395 478
f 2598 7809 7808
f 1370 7810 7805
f 2599 7812 7394
f 1371 8182 8181
f 2700 8176 7570
f 8204 7573 328
f 2710 8212 8211
f 8178 7569 123
f 2702 8186 8185
f 1372 8208 8207
f 2708 8202 7574
f 8063 7518 149
f 3855 8066 2668
f 3856 11500 8219
f 2667 8064 7517
f 8104 7545 372
f 3857 8108 2678
f 3858 11504 8205
f 2676 8103 7546
f 8036 7501 415
f 2660 8044 8043
f 1375 8040 8039
f 2658 8034 7502
f 8154 7553 124
f 2694 8162 8161
f 1376 8158 8157
f 2692 8152 7554
f 7936 7451 463
f 2636 7944 7943
f 1377 7940 7939
f 2634 7934 7452
f 8118 7547 127
f 2682 8126 8125
f 1378 8122 8121
f 2680 8116 7548
f 7831 7425 406
f 3867 7836 2606
f 3868 11524 8143
f 2605 7832 7424
f 7952 7460 339
f 3869 7956 2640
f 3870 11528 8131
f 2638 7950 7461
f 7874 7431 128
f 3871 7878 2620
f 3872 11532 8119
f 2618 7872 7432
f 8026 7499 373
f 2656 8024 8019
f 1382 8022 8020
f 2654 8025 7500
f 7818 7405 378
f 2602 7828 7827
f 1383 7824 7823
f 2604 7820 7404
f 7665 6448 160
f 2558 7661 7656
f 1384 7659 7658
f 2556 7663 6449
f 7902 7445 416
f 2624 7899 7898
f 1385 7900 7895
f 2622 7901 7446
f 7924 7449 410
f 3881 7929 2632
f 3882 11552 8017
f 2630 7922 7450
f 7986 7483 195
f 2648 7994 7993
f 1387 7990 7989
f 2646 7984 7484
f 7654 6390 205
f 2555 7650 7643
f 1388 7648 7645
f 2553 7652 6391
f 7756 7362 402
f 3887 7760 2587
f 3888 11564 7953
f 2585 7754 7363
f 7707 7285 412
f 2570 7705 7704
f 1390 7706 7701
f 2571 7708 7284
f 7668 6551 411
f 2561 7674 7673
f 1391 7678 7677
f 2563 7670 6550
f 7710 7290 362
f 2573 7716 7715
f 1392 7720 7719
f 2575 7712 7289
f 7730 7340 417
f 2579 7738 7737
f 1393 7734 7733
f 2577 7728 7341
f 7768 7368 220
f 2591 7776 7775
f 1394 7772 7771
f 2589 7766 7369
f 7621 6069 263
f 3899 7623 2551
f 3900 11588 7861
f 2549 7620 6070
f 3901 11591 7854
f 2601 7817 7405
f 7488 5541 320
f 2520 7494 7493
f 7819 7404 120
f 3903 7821 2603
f 1397 7498 7497
f 2522 7490 5540
f 3905 11601 7840
f 2540 7589 5975
f 7591 5974 363
f 3906 7593 2542
f 7436 5456 477
f 2511 7444 7443
f 1399 7440 7439
f 2509 7434 5457
f 7669 6550 172
f 3909 7675 2562
f 3910 11608 7793
f 2560 7667 6551
f 7744 7360 223
f 2583 7752 7751
f 1401 7748 7747
f 2581 7742 7361
f 7694 7126 433
f 2567 7690 7683
f 1402 7688 7685
f 2565 7692 7127
f 7711 7289 210
f 3915 7717 2574
f 3916 11620 7745
f 2572 7709 7290
f 7535 5582 421
f 3917 7541 2533
f 3918 11624 7731
f 2531 7533 5583
f 7558 5633 331
f 2538 7566 7565
f 1405 7562 7561
f 2536 7556 5634
f 7608 6006 403
f 2547 7616 7615
f 1406 7612 7611
f 2545 7606 6007
f 7506 5566 170
f 2526 7514 7513
f 1407 7510 7509
f 2524 7504 5567
f 3925 11639 7631
f 4270 3925 5494
f 3926 11641 7629
f 4268 3926 5496
f 3927 11645 7607
f 11645 3927 11756
f 3928 11644 7609
f 11644 3928 11754
f 7521 5574 323
f 3929 7527 2529
f 3930 11648 7559
f 2527 7519 5575
f 7489 5540 125
f 3931 7495 2521
f 3932 11652 7507
f 2519 7487 5541
f 7421 5445 283
f 2505 7416 7415
f 1412 7419 7418
f 2507 7423 5444
f 7422 5444 475
f 2506 7417 7412
f 1413 7414 7413
f 2504 7420 5445
f 3937 11671 4266
f 3937 5482 4264
f 11673 4262 3938
f 4260 3938 5485
f 11769 4250 11678
f 3939 11769 11678
f 11751 4242 11686
f 3940 11751 11686
f 3955 3941 11690
f 11700 8058 976
f 1415 11731 11709
f 11709 1416 1415
f 7466 3943 11694
f 11693 254 250
f 384 11743 11716
f 353 384 11716
f 3945 8058 11700
f 282 11698 11688
f 11701 7578 3946
f 49 47 11702
f 11738 1416 11813
f 11738 1421 1416
f 11707 3978 3948
f 11732 11690 1414
f 11701 3949 11711
f 47 45 11712
f 353 11810 11741
f 11741 352 353
f 11714 11694 3951
f 11715 250 251
f 11721 7409 3952
f 274 273 11720
f 11724 5466 3953
f 12521 11724 3953
f 11711 3954 11727
f 11728 45 43
f 3955 11690 11732
f 269 11730 11708
f 11737 4079 3956
f 1415 11814 11707
f 11837 1421 12106
f 11837 1483 1421
f 11739 11714 3958
f 251 242 11742
f 11807 352 11825
f 355 352 11807
f 11745 11727 3960
f 11746 43 41
f 11750 3961 3971
f 42 11749 5557
f 4251 1418 11676
f 11683 1516 11778
f 1417 11677 4250
f 4004 1520 4337
f 1496 11675 4252
f 11762 11684 1518
f 1498 11682 4246
f 3965 4350 1514
f 4243 1417 11684
f 11675 1518 11781
f 1499 11681 4247
f 3967 4349 1513
f 1497 11683 4244
f 11771 11676 1516
f 1418 11685 4242
f 4003 1521 4361
f 11786 11745 3970
f 11785 41 39
f 12030 11800 475
f 4056 6629 3971
f 11794 11786 3972
f 39 37 11793
f 11792 7813 3973
f 34 11798 12182
f 11798 3974 4107
f 339 11796 11795
f 11794 3975 11797
f 12183 12201 258
f 355 11860 11819
f 11819 354 355
f 11739 3977 11805
f 11806 242 243
f 11814 3978 11707
f 11735 268 11812
f 11816 7328 3979
f 11815 172 173
f 11821 11805 3980
f 243 241 11820
f 11854 354 11932
f 356 354 11854
f 11824 3982 4306
f 11823 7406 346
f 11827 3983 4295
f 1419 11829 11876
f 3984 11832 5489
f 11833 1419 1422
f 11946 11828 4028
f 54 11831 4294
f 12104 1420 4311
f 3986 4330 5577
f 11836 4302 3987
f 1416 12107 11737
f 3988 1483 11837
f 1863 1483 12485
f 11845 11832 3989
f 11844 1422 1424
f 11847 4020 11927
f 594 11848 11922
f 11990 11846 4042
f 11843 11878 56
f 3992 4000 11850
f 1422 11849 11921
f 356 11992 11930
f 344 356 11930
f 11821 3994 11852
f 11853 241 233
f 11721 3995 11857
f 11858 273 264
f 12523 11722 345
f 7398 11862 1898
f 11865 7402 3997
f 11870 5545 1424
f 12524 11726 595
f 4950 694 7401
f 11863 4948 3999
f 1425 1433 11872
f 11850 4000 11875
f 11829 3983 4000
f 11843 4001 11878
f 1426 1420 11877
f 11874 11834 4002
f 1423 11879 1426
f 4003 1491 11891
f 4223 1491 4003
f 4004 1490 11890
f 4222 1490 4004
f 1427 7350 4339
f 596 623 11889
f 4006 1524 11898
f 4363 1524 4006
f 4007 1519 11888
f 4352 1519 4007
f 11893 4990 4008
f 12068 479 12069
f 11894 4987 4009
f 12076 481 12077
f 1428 7349 4362
f 597 621 11897
f 11907 5436 4011
f 4011 4221 1490
f 4012 4220 11902
f 114 11908 5435
f 12412 1432 4463
f 4463 4013 5595
f 4014 11913 5493
f 11912 1431 1434
f 12058 11910 4065
f 292 11915 4324
f 11914 4016 4325
f 1431 11911 11981
f 11863 4017 11920
f 1433 1423 11918
f 11865 4018 11919
f 11849 3992 4018
f 11922 11848 4019
f 1425 11923 1433
f 4020 11925 11874
f 3990 4020 11847
f 11928 11852 4021
f 11931 233 234
f 344 12023 11968
f 11968 343 344
f 11939 11913 4023
f 11935 1434 1437
f 11936 4053 12017
f 599 11941 12014
f 12101 11940 4078
f 11934 11977 294
f 4026 4039 11938
f 1434 11937 12011
f 4027 11942 11922
f 11866 7401 3998
f 11878 4028 11950
f 11828 3985 4028
f 733 11957 4029
f 5278 733 11784
f 5279 11954 4030
f 11952 5620 532
f 4031 752 11955
f 4877 752 4031
f 7459 4032 11958
f 7458 11960 1872
f 11994 343 12032
f 357 343 11994
f 11966 11928 4034
f 234 247 11967
f 11969 4064 12051
f 11973 12045 600
f 4036 4051 11971
f 11970 12047 1437
f 11975 4088 12128
f 11972 12013 295
f 11974 11939 4038
f 1437 1440 11976
f 11938 4039 11978
f 11911 4016 4039
f 11934 4040 11977
f 1439 1432 11983
f 11980 11916 4041
f 1435 11982 1439
f 11920 4042 11987
f 11846 3991 4042
f 11966 4043 11996
f 11995 247 240
f 357 12028 12021
f 357 12021 12186
f 270 11999 4045
f 270 4045 5018
f 11974 4046 12006
f 1440 1443 12002
f 4077 12094 12003
f 12001 12091 601
f 12007 4097 12155
f 12049 297 12000
f 4061 12005 4049
f 12004 12088 1440
f 11972 4050 12013
f 1442 1435 12008
f 11971 4051 12010
f 11937 4026 4051
f 12014 11941 4052
f 1438 12012 1442
f 4053 12016 11980
f 4024 4053 11936
f 12021 4054 4109
f 12019 11997 313
f 12020 11996 4055
f 12187 12195 239
f 11800 7385 475
f 5526 2497 7384
f 12006 4057 12036
f 12042 1443 1446
f 12190 12039 4110
f 12087 289 12035
f 4076 12038 4059
f 1443 12041 12120
f 4087 12125 12040
f 602 12037 12123
f 4061 12044 12005
f 4036 4061 11970
f 4062 12049 12000
f 1438 12043 1445
f 11973 4063 12045
f 12048 1445 1441
f 4064 12053 12014
f 4035 4064 11969
f 11977 4065 12054
f 11910 4015 4065
f 479 5145 4246
f 12064 4241 484
f 12067 12066 4067
f 12068 4240 485
f 481 5144 4247
f 12072 4238 486
f 12075 12074 4069
f 12076 4237 483
f 12080 4096 12154
f 12082 12145 603
f 12079 12036 4071
f 1446 1449 12084
f 12078 4123 12231
f 12085 12117 290
f 4073 4084 12083
f 12081 12146 1446
f 4074 12087 12035
f 1441 12092 1448
f 12001 4075 12091
f 12089 1448 1444
f 4076 12090 12038
f 4049 4076 12004
f 12095 12045 4077
f 4077 12003 4047
f 12013 4078 12098
f 11940 4025 4078
f 12107 4079 11737
f 11835 275 12105
f 4105 12180 12111
f 604 12114 12172
f 4094 12113 4081
f 1449 12112 12173
f 12079 4082 12110
f 12115 1449 1452
f 12273 12109 4139
f 12144 287 12116
f 12083 4084 12119
f 12041 4059 4084
f 12085 4085 12117
f 1451 1444 12122
f 12123 12037 4086
f 1447 12121 1451
f 12126 12091 4087
f 4087 12040 4060
f 4088 12132 12049
f 4037 4088 11975
f 12137 4122 12226
f 12140 12213 605
f 12139 12110 4090
f 1452 1455 12138
f 12136 4174 12365
f 12143 12174 288
f 4092 4102 12142
f 12141 12216 1452
f 4093 12144 12116
f 1447 12150 1454
f 4094 12147 12113
f 4073 4094 12081
f 12082 4095 12145
f 12148 1454 1450
f 4096 12152 12123
f 4070 4096 12080
f 4097 12159 12087
f 4048 4097 12007
f 4121 12164 4098
f 1455 12163 12243
f 12139 4099 12165
f 12169 1455 1458
f 12403 12162 4182
f 12214 296 12168
f 4131 12250 12166
f 606 12167 12246
f 12142 4102 12171
f 12112 4081 4102
f 12143 4103 12174
f 1457 1450 12170
f 12172 12114 4104
f 1453 12176 1457
f 12179 12145 4105
f 4105 12111 4080
f 4106 4114 12183
f 12181 11799 37
f 12182 11798 4107
f 32 12202 4292
f 4108 4112 12187
f 12185 12022 240
f 12186 12021 4109
f 12499 12490 359
f 12117 4110 12192
f 12039 4058 4110
f 4203 12490 12499
f 358 12194 12188
f 12187 4112 12195
f 4202 12495 12496
f 12202 4113 4292
f 402 12200 12184
f 12183 4114 12201
f 267 4114 4291
f 12204 4144 12285
f 607 12206 12265
f 12418 12205 4184
f 12211 12241 280
f 4117 4128 12208
f 1458 12207 12264
f 12210 12165 4118
f 12209 1458 1461
f 4119 12214 12168
f 1453 12218 1460
f 12140 4120 12213
f 12217 1460 1456
f 4121 12215 12164
f 4092 4121 12141
f 4122 12224 12172
f 4089 4122 12137
f 4123 12229 12144
f 4072 4123 12078
f 12239 12210 4124
f 1461 1464 12233
f 12235 4175 12369
f 12232 12298 608
f 12234 4185 12420
f 12237 12262 281
f 4127 4136 12238
f 12236 12300 1461
f 12208 4128 12242
f 12163 4098 4128
f 12246 12167 4129
f 1459 12244 1463
f 12211 4130 12241
f 1463 1456 12247
f 12252 12213 4131
f 4131 12166 4101
f 4179 12383 12254
f 609 12257 12340
f 12239 4133 12253
f 12260 1464 1467
f 12407 12256 4183
f 12302 278 12255
f 4150 12259 4135
f 1464 12258 12342
f 12238 4136 12261
f 12207 4117 4136
f 12265 12206 4137
f 1462 12266 1466
f 12237 4138 12262
f 1466 1459 12267
f 12174 4139 12271
f 12109 4083 4139
f 12274 12253 4140
f 1467 1472 12281
f 12276 4181 12398
f 12275 12345 279
f 4142 4166 12279
f 12278 12354 1467
f 12280 4180 12391
f 12277 12355 610
f 4144 12283 12246
f 4115 4144 12204
f 12293 5460 4145
f 4157 12314 4145
f 12290 5462 4146
f 12316 12347 4169
f 12294 4535 4147
f 12312 277 12346
f 7454 11961 611
f 4539 651 5463
f 4149 12302 12255
f 1462 12296 1471
f 4150 12299 12259
f 4127 4150 12236
f 12232 4151 12298
f 12301 1471 1465
f 12274 4152 12307
f 12306 1472 1474
f 12327 1473 12328
f 12357 276 12308
f 4178 12382 12303
f 612 12310 12323
f 4171 12309 4155
f 1472 12305 12325
f 12387 12370 611
f 611 12352 12289
f 12287 7459 272
f 12314 12348 4145
f 4158 12312 4168
f 1475 1476 12319
f 4159 12316 4169
f 1474 1472 12317
f 12316 4160 12321
f 12305 4155 4160
f 12312 4161 12322
f 1476 1473 12327
f 12323 12310 4162
f 1475 12326 1476
f 4163 12329 12323
f 4156 12313 4176
f 12311 12308 277
f 12304 4153 4164
f 12275 4165 12345
f 1477 1465 12339
f 12279 4166 12341
f 12258 4135 4166
f 12340 12257 4167
f 1468 12343 1477
f 12393 12375 1470
f 1470 12375 12295
f 12288 7457 1469
f 12316 613 12347
f 1475 12374 12373
f 12313 1475 12373
f 4171 12353 12309
f 4142 4171 12278
f 4172 12357 12308
f 1468 12356 1479
f 12277 4173 12355
f 12358 1479 1473
f 4174 12362 12214
f 4091 4174 12136
f 4175 12366 12265
f 4125 4175 12235
f 12313 12373 4176
f 12370 12352 611
f 12375 4177 12295
f 12346 277 12377
f 12381 12355 4178
f 4178 12303 4154
f 12385 12298 4179
f 4179 12254 4132
f 4180 12392 12340
f 4143 4180 12280
f 4181 12394 12357
f 4141 4181 12276
f 12241 4182 12400
f 12162 4100 4182
f 12345 4183 12411
f 12256 4134 4183
f 12262 4184 12419
f 12205 4116 4184
f 4185 12422 12302
f 4126 4185 12234
f 4186 4822 12453
f 529 12449 5603
f 12450 5602 4187
f 4187 4821 1699
f 1480 6395 4815
f 236 12451 5599
f 12452 5598 4189
f 6394 4816 687
f 12456 4190 748
f 4190 5516 748
f 4191 5515 12458
f 1481 747 12455
f 12460 11857 4192
f 12459 264 265
f 12470 5276 4193
f 472 476 12467
f 5578 4544 1482
f 12480 5586 61
f 4547 12482 4195
f 12478 5589 528
f 4196 744 12483
f 5616 5591 744
f 1863 12485 4197
f 1863 4197 5421
f 11861 4198 12487
f 4198 4302 1421
f 12488 11816 4199
f 173 171 12489
f 4200 12493 12490
f 360 12494 12497
f 230 12491 12498
f 12491 4201 4202
f 12498 12491 4202
f 12496 12495 231
f 12497 12494 4203
f 12196 4111 4203
f 4204 12509 4474
f 5145 4204 4246
f 4205 12508 4475
f 5144 4205 4247
f 12470 4206 12513
f 476 458 12514
f 12515 4275 4207
f 936 4207 5471
f 4208 1494 12518
f 4231 1494 4208
f 4949 1731 11725
f 1898 4209 5548
f 4533 740 5459
f 12525 8057 237
f 4232 1485 4258
f 4211 46 48
f 5424 1485 7632
f 4212 12061 430
f 346 4213 4255
f 4213 458 459
f 489 488 4214
f 489 11899 5430
f 487 4215 4321
f 4321 4215 5452
f 1486 4216 1519
f 4216 4347 1519
f 488 4217 4320
f 4320 4217 5453
f 738 617 4218
f 738 11905 5440
f 11906 5439 1486
f 739 4219 614
f 617 4220 622
f 5044 4364 622
f 1490 4221 1428
f 4221 4360 1428
f 116 1490 4222
f 116 4222 4328
f 1532 1491 4223
f 1532 4223 4378
f 615 4224 596
f 5047 4363 596
f 1488 4225 1753
f 5043 4988 1753
f 1492 4226 1515
f 4253 1515 4353
f 4327 324 4227
f 114 4227 1493
f 5433 4382 1492
f 625 4228 616
f 1491 4229 1427
f 4229 4359 1427
f 1494 4230 1484
f 4230 4275 1484
f 4231 1506 1494
f 4284 1506 4231
f 4232 4258 48
f 1495 1485 4232
f 420 4233 4257
f 4233 1495 1500
f 12072 480 12073
f 12071 12070 4068
f 12064 482 12065
f 12063 12062 4066
f 11895 4321 482
f 4236 481 4009
f 5615 4238 483
f 1917 5613 4241
f 4240 486 5614
f 1917 4238 5615
f 11896 4320 480
f 4239 479 4008
f 5612 4241 485
f 4240 5614 1917
f 5613 484 4241
f 1917 4241 5612
f 4242 4339 623
f 11685 11777 4242
f 1409 4243 4334
f 4243 11684 11762
f 1497 4473 4341
f 4244 12505 4473
f 4245 4331 324
f 1496 1517 4245
f 4246 4338 479
f 11682 11758 4246
f 4247 4346 481
f 11681 11764 4247
f 618 4477 4309
f 4248 12506 4477
f 619 4476 4310
f 4249 12507 4476
f 4250 4362 621
f 11677 11780 4250
f 1344 4251 4356
f 4251 11676 11771
f 1496 4478 4364
f 4252 12511 4478
f 4253 4353 232
f 1497 1515 4253
f 122 4254 4308
f 4254 171 152
f 4255 4290 346
f 459 471 4255
f 4256 4287 50
f 1500 1495 4256
f 4257 4285 420
f 1500 1507 4257
f 4258 4211 48
f 1485 4211 4258
f 1502 11667 4270
f 4259 5486 1881
f 5483 4263 620
f 11668 4269 1882
f 4325 741 5477
f 11666 4271 1880
f 4272 1503 11665
f 4265 1879 5481
f 4268 1501 11669
f 1882 4263 5483
f 4295 742 5478
f 11670 4267 1883
f 4265 5481 620
f 11664 4273 1879
f 1504 11663 4274
f 4266 5479 1878
f 1501 4267 11670
f 4330 1883 5487
f 4269 1408 5495
f 4268 11669 1882
f 1502 4269 11668
f 4269 5495 1882
f 4270 5493 272
f 11667 1881 4270
f 1503 4271 11666
f 4319 1880 5488
f 4273 1178 5491
f 4272 11665 1879
f 1504 4273 11664
f 4273 5491 1879
f 4274 5489 345
f 11663 1878 4274
f 1484 4275 12515
f 4275 397 4207
f 4276 4279 229
f 228 227 4276
f 4277 385 361
f 4278 385 4277
f 385 4278 4430
f 4278 362 386
f 210 229 4279
f 210 4279 4429
f 4280 4669 237
f 265 262 4280
f 4289 1505 4305
f 4281 122 286
f 5473 1505 11880
f 4282 133 134
f 1506 4283 1494
f 4283 4317 1494
f 1736 1506 4284
f 1736 4284 4983
f 420 4285 4293
f 4285 1507 1509
f 4296 52 4286
f 1500 4286 1507
f 4287 4232 50
f 1495 4232 4287
f 4288 4303 133
f 1508 1510 4288
f 4289 4305 286
f 1508 1505 4289
f 4290 4312 346
f 471 470 4290
f 267 4299 4298
f 35 33 4291
f 4292 30 32
f 4297 30 4300
f 4293 4311 420
f 4293 12104 4311
f 4294 4307 54
f 1509 1507 4294
f 593 12103 4330
f 4295 5478 1883
f 4256 52 4296
f 4256 4296 1500
f 28 4297 5404
f 4297 433 403
f 4298 33 31
f 4299 33 4298
f 4291 33 4299
f 4291 4299 267
f 433 4300 4292
f 4300 30 4292
f 167 4301 5522
f 4301 219 204
f 1421 4302 11836
f 4302 284 3987
f 4303 4315 133
f 1510 1511 4303
f 4318 293 4304
f 1508 4304 1510
f 4305 4281 286
f 1505 4281 4305
f 4306 5474 373
f 374 329 4306
f 4307 4286 54
f 1507 4286 4307
f 122 4308 4366
f 4308 152 140
f 12033 4343 624
f 4309 4343 12033
f 12034 4342 622
f 4310 4342 12034
f 5577 4330 420
f 11830 3986 4311
f 346 4312 4329
f 4312 470 431
f 5040 4340 482
f 1488 1753 4313
f 5041 4351 480
f 1487 1752 4314
f 133 4315 4323
f 4315 1511 1512
f 4326 291 4316
f 1510 4316 1511
f 1494 4317 4230
f 4317 436 4230
f 4289 293 4318
f 4289 4318 1508
f 4319 5488 133
f 12413 4325 1880
f 4990 488 6059
f 4008 4320 11896
f 4987 487 6060
f 4009 4321 11895
f 4537 499 5464
f 12291 4322 7457
f 4323 4463 133
f 4323 12412 4463
f 4324 4365 292
f 1512 1511 4324
f 598 4325 12413
f 4325 5477 1880
f 4304 291 4326
f 4304 4326 1510
f 324 4327 4482
f 4327 114 2
f 4328 3 116
f 4481 3 4328
f 346 4329 4472
f 4329 431 432
f 4330 5487 420
f 12103 1883 4330
f 4227 324 4331
f 4227 4331 1517
f 1496 11772 11675
f 3927 3964 4332
f 618 11752 11680
f 1516 3962 4333
f 11643 1409 11755
f 3964 4334 1518
f 1417 11779 11677
f 3928 3963 4335
f 11676 1418 11770
f 3962 4336 3940
f 11646 245 11753
f 3963 4337 1520
f 7347 479 4338
f 2494 4338 1514
f 7350 623 4339
f 1427 4339 1521
f 4474 482 4340
f 1572 4340 1522
f 4473 624 4341
f 1497 4341 1515
f 617 12502 4989
f 12502 4342 4989
f 616 12503 4988
f 12503 4343 4988
f 1499 11759 11681
f 3939 3967 4344
f 1498 11757 11682
f 3940 3965 4345
f 7346 481 4346
f 2493 4346 1513
f 12500 4987 1429
f 4347 4987 12500
f 12501 4990 1430
f 4348 4990 12501
f 597 1513 4349
f 597 4349 621
f 596 1514 4350
f 596 4350 623
f 4475 480 4351
f 1571 4351 1523
f 1486 1519 4352
f 1486 4352 5045
f 4226 232 4353
f 4226 4353 1515
f 1497 11763 11683
f 3799 3968 4354
f 619 11766 11679
f 1518 3966 4355
f 11385 1344 11774
f 3968 4356 1516
f 1418 11776 11685
f 3797 3969 4357
f 11684 1417 11761
f 3966 4358 3939
f 11884 7350 1427
f 4359 615 4005
f 11885 7349 1428
f 4360 614 4010
f 11387 313 11773
f 3969 4361 1521
f 7349 621 4362
f 1428 4362 1520
f 1489 1524 4363
f 1489 4363 5047
f 4478 622 4364
f 1496 4364 1517
f 4365 4316 292
f 1511 4316 4365
f 122 4366 4738
f 4366 140 130
f 4367 492 489
f 4419 492 4526
f 1526 4525 4420
f 490 491 4368
f 5427 1527 6235
f 4369 627 739
f 4370 738 628
f 5428 738 6234
f 5431 1526 6239
f 4371 625 616
f 4372 615 626
f 5432 615 6238
f 4373 638 628
f 4425 638 4530
f 1530 4529 4426
f 627 637 4374
f 4375 488 489
f 1529 488 4375
f 1530 4376 487
f 4376 490 487
f 4377 4384 232
f 1531 1534 4377
f 4378 1533 1532
f 4383 1533 4378
f 1527 4880 4524
f 116 115 4379
f 4380 112 114
f 4523 112 4881
f 4381 1491 1532
f 5434 1491 4381
f 625 4382 5433
f 4382 1531 1492
f 1542 1533 4383
f 1542 4383 4414
f 232 4384 4413
f 4384 1534 1541
f 4459 1535 4610
f 4385 632 644
f 643 631 4386
f 643 4609 4460
f 4617 4469 1535
f 490 4387 491
f 492 4388 489
f 4618 4468 489
f 110 112 4389
f 110 4955 4612
f 4611 1538 4956
f 4390 115 113
f 4451 1539 4614
f 4391 491 494
f 493 492 4392
f 493 4613 4452
f 631 4393 638
f 4467 4427 638
f 4466 4428 1538
f 637 4394 632
f 629 4395 626
f 4465 4417 626
f 4464 4418 1539
f 625 4396 630
f 4416 630 4397
f 1531 4397 1534
f 1533 4398 1532
f 4398 4415 1532
f 4399 1533 1542
f 4462 1533 4399
f 4400 4461 633
f 1541 1534 4400
f 1545 4518 4449
f 635 644 4401
f 4402 643 636
f 4450 643 4517
f 650 636 4403
f 650 4660 4511
f 1544 4659 4512
f 635 649 4404
f 4405 492 493
f 4516 492 4667
f 1544 4668 4515
f 494 491 4406
f 1548 4522 4455
f 633 630 4407
f 4408 629 634
f 4456 629 4521
f 1545 4969 4664
f 113 111 4409
f 108 110 4410
f 108 4970 4663
f 496 493 4411
f 496 4662 4507
f 1548 4661 4508
f 494 495 4412
f 4413 4436 232
f 1541 1556 4413
f 1555 1542 4414
f 1555 4414 4435
f 1532 4415 4381
f 4415 629 4381
f 4382 630 4416
f 4382 4416 1531
f 1540 1549 4417
f 1540 4417 4465
f 625 4418 4464
f 4418 1550 1539
f 1549 4419 1525
f 4419 4526 1525
f 4525 491 4420
f 1526 4420 1550
f 4524 115 4421
f 1590 4421 1551
f 1552 4422 1589
f 4422 4523 1589
f 490 4423 4469
f 4423 1553 1570
f 1569 1554 4424
f 1569 4424 4468
f 1554 4425 1529
f 4425 4530 1529
f 4529 637 4426
f 1530 4426 1553
f 1537 1552 4427
f 1537 4427 4467
f 637 4428 4466
f 4428 1551 1538
f 4429 4480 210
f 227 226 4429
f 4430 405 385
f 4479 405 4430
f 4431 5374 452
f 386 346 4431
f 4432 211 212
f 4499 4480 211
f 4586 1559 4711
f 4433 495 498
f 497 496 4434
f 497 4710 4587
f 1574 1555 4435
f 1574 4435 4484
f 232 4436 4483
f 4436 1556 1573
f 4437 650 641
f 4513 650 4600
f 4599 4514 1562
f 649 4438 642
f 4594 1557 4717
f 4439 642 661
f 660 641 4440
f 660 4716 4595
f 4736 4602 1557
f 494 4441 495
f 4442 493 496
f 4601 493 4737
f 4443 634 639
f 4505 634 4606
f 4605 4506 1559
f 633 4444 640
f 4504 640 4445
f 1541 4445 1556
f 4446 1542 1555
f 4503 1542 4446
f 106 108 4447
f 106 4985 4719
f 4718 1562 4986
f 4448 111 109
f 4518 644 4449
f 1545 4449 1566
f 1565 4450 1546
f 4450 4517 1546
f 4451 4614 494
f 1563 1539 4451
f 4452 1540 1564
f 4613 1540 4452
f 4453 1621 1565
f 4612 1621 4453
f 4454 4611 113
f 1566 1620 4454
f 4522 630 4455
f 1548 4455 1563
f 1564 4456 1547
f 4456 4521 1547
f 1567 4457 1588
f 4457 4516 1588
f 4515 491 4458
f 1587 4458 1568
f 4459 4610 644
f 1568 1535 4459
f 4460 1536 1567
f 4609 1536 4460
f 4461 4397 633
f 1534 4397 4461
f 4462 4398 1533
f 634 4398 4462
f 4463 5595 133
f 11909 4013 4463
f 625 4464 4396
f 4464 1539 4396
f 4395 1540 4465
f 4395 4465 626
f 637 4466 4394
f 4466 1538 4394
f 4393 1537 4467
f 4393 4467 638
f 1536 1569 4468
f 1536 4468 4618
f 490 4469 4617
f 4469 1570 1535
f 4470 1554 1569
f 4528 1554 4470
f 4471 4527 632
f 1570 1553 4471
f 4472 4922 346
f 432 457 4472
f 12505 624 4473
f 4244 4473 1497
f 12509 482 4474
f 4204 4474 1572
f 12508 480 4475
f 4205 4475 1571
f 12507 1571 4476
f 4249 4476 619
f 12506 1572 4477
f 4248 4477 618
f 12511 622 4478
f 4252 4478 1496
f 469 405 4479
f 469 4479 4500
f 210 4480 4499
f 4480 226 211
f 4481 5 3
f 5020 5 4481
f 4482 5019 324
f 2 1 4482
f 4483 4567 232
f 1573 1605 4483
f 4484 1604 1574
f 4566 1604 4484
f 1577 4652 4596
f 647 661 4485
f 4486 660 648
f 4597 660 4651
f 4487 667 648
f 4645 667 4766
f 1576 4765 4646
f 647 666 4488
f 4489 496 497
f 4654 496 4803
f 1576 4804 4653
f 498 495 4490
f 1580 4650 4590
f 645 640 4491
f 4492 639 646
f 4591 639 4649
f 1577 4993 4770
f 109 107 4493
f 4494 104 106
f 4769 104 4994
f 4495 502 497
f 4641 502 4768
f 1580 4767 4642
f 498 501 4496
f 4497 1555 1574
f 4585 1555 4497
f 4498 4584 645
f 1573 1556 4498
f 210 4499 4432
f 4499 211 4432
f 4431 469 4500
f 4431 4500 386
f 4664 111 4501
f 1639 4501 1581
f 4502 1638 1582
f 4663 1638 4502
f 4503 4399 1542
f 639 4399 4503
f 4400 640 4504
f 4400 4504 1541
f 1583 4505 1560
f 4505 4606 1560
f 633 4506 4605
f 4506 1584 1559
f 4507 1547 1583
f 4662 1547 4507
f 4661 495 4508
f 1548 4508 1584
f 494 4509 4602
f 4509 1585 1619
f 1586 4510 1618
f 4510 4601 1618
f 4511 1543 1586
f 4660 1543 4511
f 4659 649 4512
f 1544 4512 1585
f 1582 4513 1561
f 4513 4600 1561
f 649 4514 4599
f 4514 1581 1562
f 4668 491 4515
f 1544 4515 1587
f 1588 4516 1543
f 4516 4667 1543
f 1546 4517 4402
f 4517 643 4402
f 4401 644 4518
f 4401 4518 1545
f 635 4519 4608
f 4519 1587 1568
f 1567 1588 4520
f 1567 4520 4607
f 1547 4521 4408
f 4521 629 4408
f 4407 630 4522
f 4407 4522 1548
f 1589 4523 1528
f 4523 4881 1528
f 4880 115 4524
f 1527 4524 1590
f 4368 491 4525
f 4368 4525 1526
f 1525 4526 4367
f 4526 492 4367
f 4527 4426 632
f 1553 4426 4527
f 4528 4425 1554
f 631 4425 4528
f 4374 637 4529
f 4374 4529 1530
f 1529 4530 4373
f 4530 638 4373
f 1552 1589 4531
f 1552 4531 4671
f 627 4532 4670
f 4532 1590 1551
f 7456 11963 740
f 4538 652 5446
f 652 4534 7456
f 7456 4534 11963
f 1591 4598 4564
f 271 189 4535
f 1594 4563 4552
f 499 500 4536
f 4537 4554 499
f 1593 1601 4537
f 4538 4553 652
f 1594 1600 4538
f 1591 4539 1470
f 4539 5463 1470
f 1593 4562 4555
f 651 655 4540
f 4541 4546 253
f 1592 1596 4541
f 4552 500 4542
f 1600 4542 1595
f 654 4543 743
f 12479 5587 743
f 653 4544 5578
f 4544 1595 1482
f 4582 4558 1598
f 499 4545 500
f 253 4546 5581
f 4546 1596 1903
f 4559 654 4547
f 1602 4547 1598
f 4551 189 4548
f 1599 4548 1597
f 4550 653 4549
f 1592 4549 1596
f 4534 653 4550
f 4534 4550 1592
f 4564 189 4551
f 1603 4551 1599
f 4563 500 4552
f 1594 4552 1600
f 652 4553 4560
f 4553 1600 1595
f 499 4554 4558
f 4554 1601 1602
f 4562 655 4555
f 1593 4555 1601
f 655 4556 4557
f 4556 1599 1597
f 655 4557 4543
f 4557 1597 4543
f 499 4558 4582
f 4558 1602 1598
f 4559 4561 654
f 1602 1601 4559
f 652 4560 4544
f 4560 1595 4544
f 4561 4555 654
f 1601 4555 4561
f 4540 655 4562
f 4540 4562 1593
f 4536 500 4563
f 4536 4563 1594
f 4598 189 4564
f 1591 4564 1603
f 651 4565 4583
f 4565 1603 1599
f 1623 1604 4566
f 1623 4566 4620
f 232 4567 4619
f 4567 1605 1622
f 4700 1606 4848
f 4568 659 673
f 672 658 4569
f 672 4847 4701
f 4878 4707 1606
f 498 4570 501
f 502 4571 497
f 4879 4706 497
f 656 4572 646
f 4703 4639 646
f 4702 4640 1610
f 645 4573 657
f 102 104 4574
f 102 4997 4850
f 4849 1609 4998
f 4575 107 105
f 4636 657 4576
f 1573 4576 1605
f 1604 4577 1574
f 4577 4635 1574
f 658 4578 667
f 4705 4647 667
f 4704 4648 1609
f 666 4579 659
f 4692 1610 4854
f 4580 501 504
f 503 502 4581
f 503 4853 4693
f 499 4582 4545
f 4582 1598 4545
f 651 4583 4556
f 4583 1599 4556
f 4584 4445 645
f 1556 4445 4584
f 4585 4446 1555
f 646 4446 4585
f 4586 4711 498
f 1612 1559 4586
f 4587 1560 1613
f 4710 1560 4587
f 4588 1657 1614
f 4719 1657 4588
f 4589 4718 109
f 1615 1656 4589
f 4650 640 4590
f 1580 4590 1612
f 1613 4591 1579
f 4591 4649 1579
f 1616 4592 1637
f 4592 4654 1637
f 4653 495 4593
f 1636 4593 1617
f 4594 4717 661
f 1617 1557 4594
f 4595 1558 1616
f 4716 1558 4595
f 4652 661 4596
f 1577 4596 1615
f 1614 4597 1578
f 4597 4651 1578
f 4535 189 4598
f 4535 4598 1591
f 649 4599 4438
f 4599 1562 4438
f 1561 4600 4437
f 4600 650 4437
f 1618 4601 1558
f 4601 4737 1558
f 494 4602 4736
f 4602 1619 1557
f 1586 1618 4603
f 1586 4603 4658
f 4604 4657 642
f 1619 1585 4604
f 633 4605 4444
f 4605 1559 4444
f 1560 4606 4443
f 4606 634 4443
f 4460 1567 4607
f 4460 4607 636
f 635 4608 4459
f 4608 1568 4459
f 4609 4386 1536
f 643 4386 4609
f 4610 4385 644
f 1535 4385 4610
f 4611 4956 113
f 1620 1538 4611
f 4612 1537 1621
f 4955 1537 4612
f 4613 4392 1540
f 493 4392 4613
f 4614 4391 494
f 1539 4391 4614
f 4754 632 4615
f 1566 4615 1620
f 1621 4616 1565
f 4616 4753 1565
f 490 4617 4387
f 4617 1535 4387
f 4388 1536 4618
f 4388 4618 489
f 4619 4673 232
f 1622 1641 4619
f 1640 1623 4620
f 1640 4620 4672
f 1626 4760 4688
f 664 673 4621
f 4622 672 665
f 4689 672 4759
f 679 665 4623
f 679 4883 4749
f 1625 4882 4750
f 664 678 4624
f 4625 502 503
f 4756 502 4920
f 1625 4921 4755
f 504 501 4626
f 1629 4758 4696
f 662 657 4627
f 4628 656 663
f 4697 656 4757
f 1626 5001 4885
f 105 103 4629
f 100 102 4630
f 100 5002 4884
f 506 503 4631
f 506 4887 4741
f 1629 4886 4742
f 504 505 4632
f 4633 1604 1623
f 4691 1604 4633
f 4634 4690 662
f 1622 1605 4634
f 1574 4635 4497
f 4635 656 4497
f 4498 657 4636
f 4498 4636 1573
f 4770 107 4637
f 1675 4637 1632
f 1633 4638 1674
f 4638 4769 1674
f 1611 1630 4639
f 1611 4639 4703
f 645 4640 4702
f 4640 1631 1610
f 1630 4641 1579
f 4641 4768 1579
f 4767 501 4642
f 1580 4642 1631
f 498 4643 4707
f 4643 1634 1655
f 1654 1635 4644
f 1654 4644 4706
f 1635 4645 1575
f 4645 4766 1575
f 4765 666 4646
f 1576 4646 1634
f 1608 1633 4647
f 1608 4647 4705
f 666 4648 4704
f 4648 1632 1609
f 1579 4649 4492
f 4649 639 4492
f 4491 640 4650
f 4491 4650 1580
f 1578 4651 4486
f 4651 660 4486
f 4485 661 4652
f 4485 4652 1577
f 4804 495 4653
f 1576 4653 1636
f 1637 4654 1575
f 4654 4803 1575
f 647 4655 4715
f 4655 1636 1617
f 1616 1637 4656
f 1616 4656 4714
f 4657 4512 642
f 1585 4512 4657
f 4511 1586 4658
f 4511 4658 641
f 4404 649 4659
f 4404 4659 1544
f 4660 4403 1543
f 650 4403 4660
f 4412 495 4661
f 4412 4661 1548
f 4662 4411 1547
f 496 4411 4662
f 4663 1546 1638
f 4970 1546 4663
f 4969 111 4664
f 1545 4664 1639
f 1638 4665 1582
f 4665 4830 1582
f 635 4666 4829
f 4666 1639 1581
f 1543 4667 4405
f 4667 492 4405
f 4406 491 4668
f 4406 4668 1544
f 237 4669 5552
f 4669 262 263
f 627 4670 4428
f 4670 1551 4428
f 4427 1552 4671
f 4427 4671 628
f 4672 1659 1640
f 4721 1659 4672
f 4673 4720 232
f 1641 1658 4673
f 1642 4913 4797
f 671 685 4674
f 4675 684 670
f 4798 684 4912
f 4943 4806 1642
f 504 4676 505
f 4677 503 506
f 4805 503 4944
f 4678 98 100
f 4919 98 4999
f 1645 5000 4918
f 103 101 4679
f 4740 669 4680
f 1622 4680 1641
f 4681 1623 1640
f 4739 1623 4681
f 4682 679 670
f 4751 679 4812
f 4811 4752 1645
f 678 4683 671
f 4684 663 668
f 4745 663 4808
f 4807 4746 1646
f 662 4685 669
f 1646 4917 4801
f 505 508 4686
f 4687 507 506
f 4802 507 4916
f 4760 673 4688
f 1626 4688 1651
f 1650 4689 1627
f 4689 4759 1627
f 4690 4576 662
f 1605 4576 4690
f 4691 4577 1604
f 663 4577 4691
f 4692 4854 504
f 1648 1610 4692
f 4693 1611 1649
f 4853 1611 4693
f 4694 1707 1650
f 4850 1707 4694
f 4695 4849 105
f 1651 1706 4695
f 4758 657 4696
f 1629 4696 1648
f 1649 4697 1628
f 4697 4757 1628
f 1652 4698 1673
f 4698 4756 1673
f 4755 501 4699
f 1672 4699 1653
f 4700 4848 673
f 1653 1606 4700
f 4701 1607 1652
f 4847 1607 4701
f 645 4702 4573
f 4702 1610 4573
f 4572 1611 4703
f 4572 4703 646
f 666 4704 4579
f 4704 1609 4579
f 4578 1608 4705
f 4578 4705 667
f 1607 1654 4706
f 1607 4706 4879
f 498 4707 4878
f 4707 1655 1606
f 4708 1635 1654
f 4764 1635 4708
f 4709 4763 659
f 1655 1634 4709
f 4710 4434 1560
f 497 4434 4710
f 4711 4433 498
f 1559 4433 4711
f 4901 642 4712
f 1615 4712 1656
f 1657 4713 1614
f 4713 4900 1614
f 4595 1616 4714
f 4595 4714 648
f 647 4715 4594
f 4715 1617 4594
f 4716 4440 1558
f 660 4440 4716
f 4717 4439 661
f 1557 4439 4717
f 4718 4986 109
f 1656 1562 4718
f 4719 1561 1657
f 4985 1561 4719
f 232 4720 4774
f 4720 1658 1677
f 1676 1659 4721
f 1676 4721 4773
f 691 677 4722
f 691 4926 4843
f 4844 1661 4925
f 4723 676 690
f 507 4724 506
f 4957 4858 506
f 4958 4857 1661
f 505 4725 508
f 510 507 4726
f 510 4930 4831
f 4832 1665 4929
f 4727 508 509
f 4856 4799 1662
f 685 4728 676
f 677 4729 684
f 4855 4800 684
f 4928 1662 4995
f 4730 101 99
f 96 98 4731
f 96 4996 4927
f 4862 4793 1665
f 669 4732 674
f 675 4733 668
f 4861 4794 668
f 1659 4734 1640
f 4734 4790 1640
f 4789 674 4735
f 1641 4735 1658
f 494 4736 4441
f 4736 1557 4441
f 1558 4737 4442
f 4737 493 4442
f 122 4738 5064
f 4738 130 123
f 4739 4633 1623
f 668 4633 4739
f 4634 669 4740
f 4634 4740 1622
f 4741 1628 1666
f 4887 1628 4741
f 4886 505 4742
f 1629 4742 1667
f 4885 103 4743
f 1717 4743 1668
f 4744 1716 1669
f 4884 1716 4744
f 1666 4745 1647
f 4745 4808 1647
f 662 4746 4807
f 4746 1667 1646
f 504 4747 4806
f 4747 1670 1691
f 1671 4748 1690
f 4748 4805 1690
f 4749 1624 1671
f 4883 1624 4749
f 4882 678 4750
f 1625 4750 1670
f 1669 4751 1644
f 4751 4812 1644
f 678 4752 4811
f 4752 1668 1645
f 1565 4753 4450
f 4753 631 4450
f 4449 632 4754
f 4449 4754 1566
f 4921 501 4755
f 1625 4755 1672
f 1673 4756 1624
f 4756 4920 1624
f 1628 4757 4628
f 4757 656 4628
f 4627 657 4758
f 4627 4758 1629
f 1627 4759 4622
f 4759 672 4622
f 4621 673 4760
f 4621 4760 1626
f 664 4761 4846
f 4761 1672 1653
f 1652 1673 4762
f 1652 4762 4845
f 4763 4646 659
f 1634 4646 4763
f 4764 4645 1635
f 658 4645 4764
f 4488 666 4765
f 4488 4765 1576
f 1575 4766 4487
f 4766 667 4487
f 4496 501 4767
f 4496 4767 1580
f 1579 4768 4495
f 4768 502 4495
f 1674 4769 1578
f 4769 4994 1578
f 4993 107 4770
f 1577 4770 1675
f 1633 1674 4771
f 1633 4771 4946
f 647 4772 4945
f 4772 1675 1632
f 4773 1695 1676
f 4828 1695 4773
f 4774 4827 232
f 1677 1694 4774
f 4775 94 96
f 4941 94 4992
f 1681 4991 4942
f 99 97 4776
f 4777 4834 681
f 1677 1658 4777
f 4778 1659 1676
f 4833 1659 4778
f 1679 4937 4870
f 683 692 4779
f 4780 693 682
f 4869 693 4938
f 4781 675 680
f 4837 675 4895
f 1682 4894 4838
f 681 674 4782
f 4783 507 510
f 4892 507 4962
f 1679 4961 4893
f 509 508 4784
f 1681 4898 4842
f 683 690 4785
f 4786 691 682
f 4841 691 4899
f 1682 4940 4865
f 509 512 4787
f 4788 511 510
f 4866 511 4939
f 4680 674 4789
f 4680 4789 1641
f 1640 4790 4681
f 4790 675 4681
f 1684 4791 1723
f 4791 4919 1723
f 4918 101 4792
f 1722 4792 1685
f 669 4793 4862
f 4793 1688 1665
f 1664 1689 4794
f 1664 4794 4861
f 1709 1686 4795
f 1709 4795 4858
f 505 4796 4857
f 4796 1687 1708
f 4913 685 4797
f 1642 4797 1687
f 1686 4798 1643
f 4798 4912 1643
f 685 4799 4856
f 4799 1685 1662
f 1663 1684 4800
f 1663 4800 4855
f 4917 508 4801
f 1646 4801 1688
f 1689 4802 1647
f 4802 4916 1647
f 1575 4803 4489
f 4803 496 4489
f 4490 495 4804
f 4490 4804 1576
f 1690 4805 1643
f 4805 4944 1643
f 504 4806 4943
f 4806 1691 1642
f 662 4807 4685
f 4807 1646 4685
f 1647 4808 4684
f 4808 663 4684
f 1671 1690 4809
f 1671 4809 4891
f 4810 4890 671
f 1691 1670 4810
f 678 4811 4683
f 4811 1645 4683
f 1644 4812 4682
f 4812 679 4682
f 1695 4813 1676
f 4813 4874 1676
f 4873 686 4814
f 1677 4814 1694
f 6395 686 4815
f 1480 4815 1693
f 1481 1692 4816
f 1481 4816 6394
f 745 689 4817
f 745 12447 5611
f 12448 5610 1696
f 746 4818 688
f 1692 4819 1715
f 4819 4866 1715
f 4865 512 4820
f 1714 4820 1693
f 1699 4821 1720
f 4821 4907 1720
f 4906 689 4822
f 1721 4822 1698
f 1696 4823 1711
f 4823 4864 1711
f 4863 97 4824
f 1710 4824 1697
f 511 4825 510
f 4960 4904 510
f 4959 4905 1698
f 509 4826 512
f 6393 232 4827
f 2206 4827 1694
f 2205 1695 4828
f 2205 4828 6392
f 635 4829 4514
f 4829 1581 4514
f 1582 4830 4513
f 4830 636 4513
f 4831 1664 1700
f 4930 1664 4831
f 4832 4929 509
f 1701 1665 4832
f 4833 4734 1659
f 680 4734 4833
f 4834 4735 681
f 1658 4735 4834
f 4835 4928 99
f 1704 1725 4835
f 4836 1724 1705
f 4927 1724 4836
f 1700 4837 1683
f 4837 4895 1683
f 4894 674 4838
f 1682 4838 1701
f 4893 508 4839
f 1719 4839 1702
f 1703 4840 1718
f 4840 4892 1718
f 1705 4841 1680
f 4841 4899 1680
f 4898 690 4842
f 1681 4842 1704
f 4843 1660 1703
f 4926 1660 4843
f 4844 4925 690
f 1702 1661 4844
f 4701 1652 4845
f 4701 4845 665
f 664 4846 4700
f 4846 1653 4700
f 4847 4569 1607
f 672 4569 4847
f 4848 4568 673
f 1606 4568 4848
f 4849 4998 105
f 1706 1609 4849
f 4850 1608 1707
f 4997 1608 4850
f 4964 659 4851
f 1651 4851 1706
f 1707 4852 1650
f 4852 4963 1650
f 4853 4581 1611
f 503 4581 4853
f 4854 4580 504
f 1610 4580 4854
f 4729 1663 4855
f 4729 4855 684
f 685 4856 4728
f 4856 1662 4728
f 505 4857 4958
f 4857 1708 1661
f 1660 1709 4858
f 1660 4858 4957
f 4859 4911 676
f 1708 1687 4859
f 4860 1686 1709
f 4910 1686 4860
f 4733 1664 4861
f 4733 4861 668
f 669 4862 4732
f 4862 1665 4732
f 4942 97 4863
f 1727 4863 1710
f 1711 4864 1726
f 4864 4941 1726
f 4940 512 4865
f 1682 4865 1714
f 1715 4866 1683
f 4866 4939 1683
f 509 4867 4905
f 4867 1712 1721
f 1720 1713 4868
f 1720 4868 4904
f 1713 4869 1678
f 4869 4938 1678
f 4937 692 4870
f 1679 4870 1712
f 1696 1711 4871
f 1696 4871 4903
f 692 4872 4902
f 4872 1710 1697
f 4777 686 4873
f 4777 4873 1677
f 1676 4874 4778
f 4874 687 4778
f 681 4875 4909
f 4875 1714 1693
f 1692 1715 4876
f 1692 4876 4908
f 4877 5619 752
f 527 1920 4877
f 498 4878 4570
f 4878 1606 4570
f 4571 1607 4879
f 4571 4879 497
f 4379 115 4880
f 4379 4880 1527
f 1528 4881 4380
f 4881 112 4380
f 4624 678 4882
f 4624 4882 1625
f 4883 4623 1624
f 679 4623 4883
f 4884 1627 1716
f 5002 1627 4884
f 5001 103 4885
f 1626 4885 1717
f 4632 505 4886
f 4632 4886 1629
f 4887 4631 1628
f 506 4631 4887
f 1716 4888 1669
f 4888 4968 1669
f 664 4889 4967
f 4889 1717 1668
f 4890 4750 671
f 1670 4750 4890
f 4749 1671 4891
f 4749 4891 670
f 1718 4892 1678
f 4892 4962 1678
f 4961 508 4893
f 1679 4893 1719
f 4782 674 4894
f 4782 4894 1682
f 1683 4895 4781
f 4895 675 4781
f 1703 1718 4896
f 1703 4896 4924
f 683 4897 4923
f 4897 1719 1702
f 4785 690 4898
f 4785 4898 1681
f 1680 4899 4786
f 4899 691 4786
f 1614 4900 4597
f 4900 641 4597
f 4596 642 4901
f 4596 4901 1615
f 692 4902 4817
f 4902 1697 4817
f 4818 1696 4903
f 4818 4903 693
f 1699 1720 4904
f 1699 4904 4960
f 509 4905 4959
f 4905 1721 1698
f 4906 4936 689
f 1721 1712 4906
f 4907 1713 1720
f 4935 1713 4907
f 4816 1692 4908
f 4816 4908 680
f 681 4909 4815
f 4909 1693 4815
f 4910 4798 1686
f 677 4798 4910
f 4911 4797 676
f 1687 4797 4911
f 1643 4912 4675
f 4912 684 4675
f 4674 685 4913
f 4674 4913 1642
f 671 4914 4974
f 4914 1722 1685
f 1684 1723 4915
f 1684 4915 4973
f 1647 4916 4687
f 4916 507 4687
f 4686 508 4917
f 4686 4917 1646
f 5000 101 4918
f 1645 4918 1722
f 1723 4919 1644
f 4919 4999 1644
f 1624 4920 4625
f 4920 502 4625
f 4626 501 4921
f 4626 4921 1625
f 4922 5048 346
f 457 455 4922
f 683 4923 4844
f 4923 1702 4844
f 4843 1703 4924
f 4843 4924 682
f 4925 4723 690
f 1661 4723 4925
f 4926 4722 1660
f 691 4722 4926
f 4927 1663 1724
f 4996 1663 4927
f 4928 4995 99
f 1725 1662 4928
f 4929 4727 509
f 1665 4727 4929
f 4930 4726 1664
f 510 4726 4930
f 1724 4931 1705
f 4931 4972 1705
f 4971 676 4932
f 1704 4932 1725
f 1711 1726 4933
f 1711 4933 4966
f 683 4934 4965
f 4934 1727 1710
f 4935 4869 1713
f 688 4869 4935
f 4936 4870 689
f 1712 4870 4936
f 4779 692 4937
f 4779 4937 1679
f 1678 4938 4780
f 4938 693 4780
f 1683 4939 4788
f 4939 511 4788
f 4787 512 4940
f 4787 4940 1682
f 1726 4941 1680
f 4941 4992 1680
f 4991 97 4942
f 1681 4942 1727
f 504 4943 4676
f 4943 1642 4676
f 1643 4944 4677
f 4944 503 4677
f 647 4945 4648
f 4945 1632 4648
f 4647 1633 4946
f 4647 4946 648
f 346 4947 4975
f 4947 1729 1732
f 5069 1728 5200
f 4948 58 60
f 5013 1731 5070
f 4949 513 514
f 1728 4950 1425
f 4950 7401 1425
f 695 4951 5015
f 4951 1731 1742
f 513 4952 5011
f 4952 1730 1741
f 5012 1730 5071
f 4953 694 700
f 695 5546 5466
f 11723 7399 936
f 4955 4389 1537
f 110 4389 4955
f 4956 4390 113
f 1538 4390 4956
f 4724 1660 4957
f 4724 4957 506
f 505 4958 4725
f 4958 1661 4725
f 509 4959 4826
f 4959 1698 4826
f 4825 1699 4960
f 4825 4960 510
f 4784 508 4961
f 4784 4961 1679
f 1678 4962 4783
f 4962 507 4783
f 1650 4963 4689
f 4963 658 4689
f 4688 659 4964
f 4688 4964 1651
f 683 4965 4872
f 4965 1710 4872
f 4871 1711 4966
f 4871 4966 682
f 664 4967 4752
f 4967 1668 4752
f 1669 4968 4751
f 4968 665 4751
f 4409 111 4969
f 4409 4969 1545
f 4970 4410 1546
f 108 4410 4970
f 4842 676 4971
f 4842 4971 1704
f 1705 4972 4841
f 4972 677 4841
f 4800 1684 4973
f 4800 4973 670
f 671 4974 4799
f 4974 1685 4799
f 346 4975 5006
f 4975 1732 1739
f 1734 5038 5016
f 697 700 4976
f 5032 1733 5095
f 4977 697 703
f 1733 5098 5036
f 514 513 4978
f 1735 5039 5015
f 696 695 4979
f 5094 1734 5275
f 4980 60 62
f 5029 1735 5096
f 4981 514 515
f 4982 5017 696
f 1732 1729 4982
f 1894 1736 4983
f 1894 4983 5527
f 4984 1506 1736
f 5470 1506 4984
f 4985 4447 1561
f 106 4447 4985
f 4986 4448 109
f 1562 4448 4986
f 1429 4987 11894
f 4987 6060 4009
f 616 4988 5043
f 4988 1522 1753
f 617 4989 5042
f 4989 1523 1752
f 1430 4990 11893
f 4990 6059 4008
f 4776 97 4991
f 4776 4991 1681
f 1680 4992 4775
f 4992 94 4775
f 4493 107 4993
f 4493 4993 1577
f 1578 4994 4494
f 4994 104 4494
f 4995 4730 99
f 1662 4730 4995
f 4996 4731 1663
f 96 4731 4996
f 4997 4574 1608
f 102 4574 4997
f 4998 4575 105
f 1609 4575 4998
f 1644 4999 4678
f 4999 98 4678
f 4679 101 5000
f 4679 5000 1645
f 4629 103 5001
f 4629 5001 1626
f 5002 4630 1627
f 100 4630 5002
f 1738 5118 5058
f 515 516 5003
f 1737 5122 5061
f 699 706 5004
f 1737 5123 5065
f 515 514 5005
f 5006 5028 346
f 1739 1747 5006
f 1740 5066 5030
f 699 703 5007
f 1738 5068 5035
f 698 696 5008
f 1740 5371 5120
f 62 64 5009
f 5010 5033 698
f 1739 1732 5010
f 5036 513 5011
f 1751 5011 1741
f 5012 5071 700
f 1741 1730 5012
f 5013 5070 514
f 1742 1731 5013
f 5014 5069 60
f 1743 1762 5014
f 5039 695 5015
f 1735 5015 1742
f 5038 700 5016
f 1734 5016 1743
f 5017 4954 696
f 1729 4954 5017
f 5018 260 270
f 5173 260 5018
f 5019 5385 324
f 1 4 5019
f 5020 7 5
f 5384 7 5020
f 5091 5059 1745
f 698 5021 702
f 5089 5062 1746
f 706 5022 701
f 5087 1744 5148
f 5023 701 709
f 5151 5090 1744
f 515 5024 516
f 5084 1745 5147
f 5025 516 517
f 5146 1746 5388
f 5026 64 66
f 5063 702 5027
f 1739 5027 1747
f 346 5028 5049
f 5028 1747 1754
f 5029 5096 515
f 1749 1735 5029
f 5066 703 5030
f 1740 5030 1748
f 5065 514 5031
f 1761 5031 1750
f 5032 5095 703
f 1750 1733 5032
f 5033 4982 698
f 1732 4982 5033
f 5034 5094 62
f 1748 1771 5034
f 5068 696 5035
f 1738 5035 1749
f 5098 513 5036
f 1733 5036 1751
f 697 5037 5073
f 5037 1751 1741
f 4976 700 5038
f 4976 5038 1734
f 4979 695 5039
f 4979 5039 1735
f 4313 1753 5040
f 4313 5040 482
f 4314 1752 5041
f 4314 5041 480
f 4218 617 5042
f 4218 5042 1752
f 4225 616 5043
f 4225 5043 1753
f 4220 1493 5044
f 4220 5044 622
f 4219 1486 5045
f 4219 5045 597
f 4228 1492 5046
f 4228 5046 624
f 4224 1489 5047
f 4224 5047 596
f 346 5048 5153
f 5048 455 456
f 5049 5074 346
f 1754 1763 5049
f 1756 5115 5088
f 705 709 5050
f 1755 5174 5109
f 705 712 5051
f 1757 5114 5083
f 704 702 5052
f 1755 5179 5116
f 517 516 5053
f 1756 5392 5175
f 66 68 5054
f 5055 5082 704
f 1754 1747 5055
f 1757 5178 5110
f 517 518 5056
f 5120 64 5057
f 1780 5057 1758
f 5118 516 5058
f 1738 5058 1759
f 698 5059 5091
f 5059 1759 1745
f 515 5060 5090
f 5060 1760 1770
f 5122 706 5061
f 1737 5061 1760
f 706 5062 5089
f 5062 1758 1746
f 5010 702 5063
f 5010 5063 1739
f 122 5064 5313
f 5064 123 124
f 5123 514 5065
f 1737 5065 1761
f 5007 703 5066
f 5007 5066 1740
f 699 5067 5093
f 5067 1761 1750
f 5008 696 5068
f 5008 5068 1738
f 5069 5200 60
f 1762 1728 5069
f 5070 4949 514
f 1731 4949 5070
f 5071 4953 700
f 1730 4953 5071
f 5124 694 5072
f 1743 5072 1762
f 697 5073 5012
f 5073 1741 5012
f 346 5074 5106
f 5074 1763 1773
f 5205 1765 5394
f 5075 68 70
f 5107 707 5076
f 1754 5076 1763
f 5136 1764 5203
f 5077 708 715
f 5221 5141 1764
f 517 5078 518
f 5143 5113 1765
f 712 5079 708
f 5140 5112 1766
f 704 5080 707
f 5134 1766 5204
f 5081 518 519
f 5082 5027 704
f 1747 5027 5082
f 5114 702 5083
f 1757 5083 1767
f 5084 5147 517
f 1767 1745 5084
f 5085 5146 66
f 1768 1789 5085
f 5116 516 5086
f 1779 5086 1769
f 5087 5148 709
f 1769 1744 5087
f 5115 709 5088
f 1756 5088 1768
f 706 5089 5022
f 5089 1746 5022
f 515 5090 5151
f 5090 1770 1744
f 698 5091 5021
f 5091 1745 5021
f 5092 5119 701
f 1770 1760 5092
f 699 5093 5032
f 5093 1750 5032
f 5094 5275 62
f 1771 1734 5094
f 5095 4977 703
f 1733 4977 5095
f 5096 4981 515
f 1735 4981 5096
f 5152 697 5097
f 1748 5097 1771
f 4978 513 5098
f 4978 5098 1733
f 1772 5172 5139
f 710 707 5099
f 5100 5138 710
f 1773 1763 5100
f 1775 5169 5137
f 711 715 5101
f 1774 5244 5167
f 711 718 5102
f 1774 5266 5170
f 519 518 5103
f 1772 5246 5163
f 519 520 5104
f 1775 5396 5245
f 70 72 5105
f 5106 5125 346
f 1773 1781 5106
f 5055 707 5107
f 5055 5107 1754
f 517 5108 5141
f 5108 1776 1788
f 5174 712 5109
f 1755 5109 1776
f 5178 518 5110
f 1757 5110 1777
f 5175 68 5111
f 1798 5111 1778
f 704 5112 5140
f 5112 1777 1766
f 712 5113 5143
f 5113 1778 1765
f 5052 702 5114
f 5052 5114 1757
f 5050 709 5115
f 5050 5115 1756
f 5179 516 5116
f 1755 5116 1779
f 705 5117 5149
f 5117 1779 1769
f 5003 516 5118
f 5003 5118 1738
f 5119 5061 701
f 1760 5061 5119
f 5371 64 5120
f 1740 5120 1780
f 699 5121 5195
f 5121 1780 1758
f 5004 706 5122
f 5004 5122 1737
f 5005 514 5123
f 5005 5123 1737
f 5016 694 5124
f 5016 5124 1743
f 5125 5161 346
f 1781 1790 5125
f 1783 5398 5285
f 72 74 5126
f 5162 713 5127
f 1773 5127 1781
f 1782 5286 5190
f 714 721 5128
f 5342 5197 1782
f 519 5129 520
f 5199 5168 1783
f 718 5130 714
f 5196 5166 1784
f 710 5131 713
f 1784 5287 5192
f 520 521 5132
f 5133 5205 70
f 1785 1807 5133
f 5134 5204 519
f 1787 1766 5134
f 5170 518 5135
f 1797 5135 1786
f 5136 5203 715
f 1786 1764 5136
f 5169 715 5137
f 1775 5137 1785
f 5138 5076 710
f 1763 5076 5138
f 5172 707 5139
f 1772 5139 1787
f 704 5140 5080
f 5140 1766 5080
f 517 5141 5221
f 5141 1788 1764
f 5142 5177 708
f 1788 1776 5142
f 712 5143 5079
f 5143 1765 5079
f 5144 4234 4205
f 481 4234 5144
f 5145 4235 4204
f 479 4235 5145
f 5146 5388 66
f 1789 1746 5146
f 5147 5025 517
f 1745 5025 5147
f 5148 5023 709
f 1744 5023 5148
f 705 5149 5087
f 5149 1769 5087
f 5234 701 5150
f 1768 5150 1789
f 515 5151 5024
f 5151 1744 5024
f 5030 697 5152
f 5030 5152 1748
f 5153 5307 346
f 456 453 5153
f 5193 716 5154
f 1781 5154 1790
f 5223 5188 1792
f 721 5155 717
f 5218 1791 5344
f 5156 717 724
f 5370 5222 1791
f 520 5157 521
f 5225 5194 1793
f 713 5158 716
f 5219 1793 5347
f 5159 521 522
f 5345 1792 5397
f 5160 74 76
f 346 5161 5182
f 5161 1790 1800
f 5100 713 5162
f 5100 5162 1773
f 5246 520 5163
f 1772 5163 1794
f 5245 72 5164
f 1823 5164 1795
f 519 5165 5197
f 5165 1796 1806
f 710 5166 5196
f 5166 1794 1784
f 5244 718 5167
f 1774 5167 1796
f 718 5168 5199
f 5168 1795 1783
f 5101 715 5169
f 5101 5169 1775
f 5266 518 5170
f 1774 5170 1797
f 711 5171 5202
f 5171 1797 1786
f 5099 707 5172
f 5099 5172 1772
f 260 5173 5533
f 5173 253 266
f 5051 712 5174
f 5051 5174 1755
f 5392 68 5175
f 1756 5175 1798
f 705 5176 5326
f 5176 1798 1778
f 5177 5109 708
f 1776 5109 5177
f 5056 518 5178
f 5056 5178 1757
f 5053 516 5179
f 5053 5179 1755
f 1799 5353 5235
f 522 523 5180
f 1802 5255 5220
f 720 724 5181
f 5182 5213 346
f 1800 1808 5182
f 1801 5356 5240
f 720 727 5183
f 1801 5376 5256
f 522 521 5184
f 1799 5258 5216
f 719 716 5185
f 1802 5395 5357
f 76 78 5186
f 5187 5214 719
f 1800 1790 5187
f 721 5188 5223
f 5188 1803 1792
f 520 5189 5222
f 5189 1804 1815
f 5286 721 5190
f 1782 5190 1804
f 5285 74 5191
f 1840 5191 1803
f 5287 521 5192
f 1784 5192 1805
f 5127 716 5193
f 5127 5193 1781
f 713 5194 5225
f 5194 1805 1793
f 699 5195 5062
f 5195 1758 5062
f 710 5196 5131
f 5196 1784 5131
f 519 5197 5342
f 5197 1806 1782
f 5198 5243 714
f 1806 1796 5198
f 718 5199 5130
f 5199 1783 5130
f 5200 4948 60
f 1728 4948 5200
f 5369 708 5201
f 1785 5201 1807
f 711 5202 5136
f 5202 1786 5136
f 5203 5077 715
f 1764 5077 5203
f 5204 5081 519
f 1766 5081 5204
f 5205 5394 70
f 1807 1765 5205
f 5237 722 5206
f 1800 5206 1808
f 5304 5241 1810
f 727 5207 723
f 5262 1809 5366
f 5208 723 730
f 5379 5305 1809
f 522 5209 523
f 5303 5238 1811
f 719 5210 722
f 5365 1810 5393
f 5211 78 80
f 5260 1811 5367
f 5212 523 524
f 346 5213 5232
f 5213 1808 1816
f 5214 5154 719
f 1790 5154 5214
f 5215 5345 76
f 1812 1856 5215
f 5258 716 5216
f 1799 5216 1813
f 5256 521 5217
f 1828 5217 1814
f 5218 5344 724
f 1814 1791 5218
f 5219 5347 522
f 1813 1793 5219
f 5255 724 5220
f 1802 5220 1812
f 517 5221 5078
f 5221 1764 5078
f 520 5222 5370
f 5222 1815 1791
f 721 5223 5155
f 5223 1792 5155
f 5224 5284 717
f 1815 1804 5224
f 713 5225 5158
f 5225 1793 5158
f 5226 5259 725
f 1816 1808 5226
f 1818 5330 5263
f 726 730 5227
f 1817 5362 5293
f 726 735 5228
f 1817 5377 5331
f 524 523 5229
f 1818 5391 5360
f 80 82 5230
f 1819 5361 5295
f 524 525 5231
f 5232 5247 346
f 1816 1825 5232
f 1819 5329 5265
f 725 722 5233
f 5088 701 5234
f 5088 5234 1768
f 5353 523 5235
f 1799 5235 1820
f 5357 78 5236
f 1858 5236 1821
f 5187 722 5237
f 5187 5237 1800
f 719 5238 5303
f 5238 1820 1811
f 522 5239 5305
f 5239 1822 1847
f 5356 727 5240
f 1801 5240 1822
f 727 5241 5304
f 5241 1821 1810
f 711 5242 5382
f 5242 1823 1795
f 5243 5167 714
f 1796 5167 5243
f 5102 718 5244
f 5102 5244 1774
f 5396 72 5245
f 1775 5245 1823
f 5104 520 5246
f 5104 5246 1772
f 346 5247 5267
f 5247 1825 1832
f 5340 5291 1824
f 725 5248 728
f 5338 5294 1827
f 735 5249 729
f 5318 1826 5350
f 5250 729 737
f 5375 5339 1826
f 524 5251 525
f 5314 1824 5352
f 5252 525 526
f 5351 1827 5378
f 5253 82 84
f 5289 728 5254
f 1816 5254 1825
f 5181 724 5255
f 5181 5255 1802
f 5376 521 5256
f 1801 5256 1828
f 720 5257 5343
f 5257 1828 1814
f 5185 716 5258
f 5185 5258 1799
f 5259 5206 725
f 1808 5206 5259
f 5260 5367 524
f 1829 1811 5260
f 5331 523 5261
f 1853 5261 1831
f 5262 5366 730
f 1831 1809 5262
f 5330 730 5263
f 1818 5263 1830
f 5264 5365 80
f 1830 1860 5264
f 5329 722 5265
f 1819 5265 1829
f 5103 518 5266
f 5103 5266 1774
f 5267 5276 346
f 1832 1836 5267
f 1834 5324 5297
f 732 736 5268
f 1833 5334 5319
f 732 737 5269
f 1833 5337 5322
f 84 86 5270
f 1835 5323 5299
f 526 527 5271
f 1834 5358 5335
f 526 525 5272
f 1835 5333 5317
f 731 728 5273
f 5274 5320 731
f 1832 1825 5274
f 5275 4980 62
f 1734 4980 5275
f 346 5276 12470
f 5276 1836 4193
f 5301 86 5277
f 1845 5277 1837
f 5300 733 5278
f 1832 5278 1836
f 5311 734 5279
f 1848 5279 1838
f 5327 5310 1838
f 526 5280 527
f 5299 527 5281
f 1844 5281 1839
f 733 12469 11957
f 5282 1839 1436
f 734 5283 751
f 11956 5632 751
f 5284 5190 717
f 1804 5190 5284
f 5398 74 5285
f 1783 5285 1840
f 5128 721 5286
f 5128 5286 1782
f 5132 521 5287
f 5132 5287 1784
f 714 5288 5386
f 5288 1840 1803
f 5226 728 5289
f 5226 5289 1816
f 5360 82 5290
f 1859 5290 1841
f 725 5291 5340
f 5291 1843 1824
f 524 5292 5339
f 5292 1842 1855
f 5362 735 5293
f 1817 5293 1842
f 735 5294 5338
f 5294 1841 1827
f 5361 525 5295
f 1819 5295 1843
f 731 5296 5309
f 5296 1844 1839
f 5324 736 5297
f 1834 5297 1846
f 736 5298 5312
f 5298 1845 1837
f 5323 527 5299
f 1835 5299 1844
f 5274 733 5300
f 5274 5300 1832
f 5322 86 5301
f 1852 5301 1845
f 526 5302 5310
f 5302 1846 1848
f 719 5303 5210
f 5303 1811 5210
f 727 5304 5207
f 5304 1810 5207
f 522 5305 5379
f 5305 1847 1809
f 5306 5355 723
f 1847 1822 5306
f 5380 5374 346
f 5307 453 454
f 5308 224 225
f 5381 5373 224
f 731 5309 5282
f 5309 1839 5282
f 526 5310 5327
f 5310 1848 1838
f 5311 5321 734
f 1848 1846 5311
f 736 5312 5283
f 5312 1837 5283
f 5399 122 5402
f 124 127 5313
f 5314 5352 526
f 1849 1824 5314
f 5315 5351 84
f 1850 1857 5315
f 5335 525 5316
f 1854 5316 1851
f 5333 728 5317
f 1835 5317 1849
f 5318 5350 737
f 1851 1826 5318
f 5334 737 5319
f 1833 5319 1850
f 5320 5254 731
f 1825 5254 5320
f 5321 5297 734
f 1846 5297 5321
f 5337 86 5322
f 1833 5322 1852
f 5271 527 5323
f 5271 5323 1835
f 5268 736 5324
f 5268 5324 1834
f 732 5325 5328
f 5325 1852 1845
f 705 5326 5113
f 5326 1778 5113
f 526 5327 5280
f 5327 1838 5280
f 732 5328 5298
f 5328 1845 5298
f 5233 722 5329
f 5233 5329 1819
f 5227 730 5330
f 5227 5330 1818
f 5377 523 5331
f 1817 5331 1853
f 726 5332 5364
f 5332 1853 1831
f 5273 728 5333
f 5273 5333 1835
f 5269 737 5334
f 5269 5334 1833
f 5358 525 5335
f 1834 5335 1854
f 732 5336 5349
f 5336 1854 1851
f 5270 86 5337
f 5270 5337 1833
f 735 5338 5249
f 5338 1827 5249
f 524 5339 5375
f 5339 1855 1826
f 725 5340 5248
f 5340 1824 5248
f 5341 5359 729
f 1855 1842 5341
f 519 5342 5129
f 5342 1782 5129
f 720 5343 5218
f 5343 1814 5218
f 5344 5156 724
f 1791 5156 5344
f 5345 5397 76
f 1856 1792 5345
f 5389 717 5346
f 1812 5346 1856
f 5347 5159 522
f 1793 5159 5347
f 5372 729 5348
f 1850 5348 1857
f 732 5349 5318
f 5349 1851 5318
f 5350 5250 737
f 1826 5250 5350
f 5351 5378 84
f 1857 1827 5351
f 5352 5252 526
f 1824 5252 5352
f 5180 523 5353
f 5180 5353 1799
f 720 5354 5390
f 5354 1858 1821
f 5355 5240 723
f 1822 5240 5355
f 5183 727 5356
f 5183 5356 1801
f 5395 78 5357
f 1802 5357 1858
f 5272 525 5358
f 5272 5358 1834
f 5359 5293 729
f 1842 5293 5359
f 5391 82 5360
f 1818 5360 1859
f 5231 525 5361
f 5231 5361 1819
f 5228 735 5362
f 5228 5362 1817
f 726 5363 5383
f 5363 1859 1841
f 726 5364 5262
f 5364 1831 5262
f 5365 5393 80
f 1860 1810 5365
f 5366 5208 730
f 1809 5208 5366
f 5367 5212 524
f 1811 5212 5367
f 5387 723 5368
f 1830 5368 1860
f 5137 708 5369
f 5137 5369 1785
f 520 5370 5157
f 5370 1791 5157
f 5009 64 5371
f 5009 5371 1740
f 5319 729 5372
f 5319 5372 1850
f 223 5373 5381
f 5373 212 224
f 454 452 5374
f 454 5374 5380
f 524 5375 5251
f 5375 1826 5251
f 5184 521 5376
f 5184 5376 1801
f 5229 523 5377
f 5229 5377 1817
f 5378 5253 84
f 1827 5253 5378
f 522 5379 5209
f 5379 1809 5209
f 5380 5307 454
f 346 5307 5380
f 223 5381 5308
f 5381 224 5308
f 711 5382 5168
f 5382 1795 5168
f 726 5383 5294
f 5383 1841 5294
f 9 7 5384
f 9 5384 5420
f 324 5385 5419
f 5385 4 6
f 714 5386 5188
f 5386 1803 5188
f 5263 723 5387
f 5263 5387 1830
f 5388 5026 66
f 1746 5026 5388
f 5220 717 5389
f 5220 5389 1812
f 720 5390 5241
f 5390 1821 5241
f 5230 82 5391
f 5230 5391 1818
f 5054 68 5392
f 5054 5392 1756
f 5393 5211 80
f 1810 5211 5393
f 5394 5075 70
f 1765 5075 5394
f 5186 78 5395
f 5186 5395 1802
f 5105 72 5396
f 5105 5396 1775
f 5397 5160 76
f 1792 5160 5397
f 5126 74 5398
f 5126 5398 1783
f 5399 5411 129
f 127 128 5399
f 5400 5565 22
f 403 324 5400
f 5401 27 25
f 5405 27 5401
f 5313 127 5402
f 5313 5402 122
f 259 5408 5405
f 31 29 5403
f 5404 26 28
f 5406 26 5407
f 5405 29 27
f 5408 29 5405
f 5406 5407 403
f 24 26 5406
f 403 5407 5404
f 5407 26 5404
f 5403 29 5408
f 5403 5408 259
f 5416 1861 5418
f 5409 430 450
f 5423 1861 5441
f 5410 44 46
f 5411 222 129
f 5412 222 5411
f 222 5412 5413
f 5412 128 220
f 5413 221 222
f 5417 5414 221
f 220 5414 5417
f 5414 225 221
f 44 5415 5426
f 5415 1862 1865
f 5416 5418 450
f 1862 1861 5416
f 220 5417 5413
f 5417 221 5413
f 5418 5409 450
f 1861 5409 5418
f 324 5419 5443
f 5419 6 8
f 11 9 5420
f 11 5420 5442
f 4045 1863 5421
f 4045 5421 11998
f 5422 1483 1863
f 11861 1483 5422
f 5423 5441 46
f 1864 1861 5423
f 5424 7632 430
f 1864 1485 5424
f 5425 5451 451
f 1865 1862 5425
f 5426 5455 44
f 1865 1873 5426
f 5427 6235 739
f 1867 1527 5427
f 1866 5428 1528
f 5428 6234 1528
f 490 5429 11900
f 5429 1868 1488
f 5430 1489 1869
f 11899 1489 5430
f 5431 6239 616
f 1868 1526 5431
f 1869 5432 1525
f 5432 6238 1525
f 625 5433 4228
f 5433 1492 4228
f 5434 4229 1491
f 626 4229 5434
f 5435 4012 1866
f 11908 4012 5435
f 116 5436 11907
f 5436 1867 4011
f 1870 5437 2160
f 5437 6237 2160
f 5438 6236 487
f 1871 2159 5438
f 739 5439 11906
f 5439 1871 1486
f 5440 1487 1870
f 11905 1487 5440
f 5441 5410 46
f 1861 5410 5441
f 5442 13 11
f 5469 13 5442
f 5443 5468 324
f 8 10 5443
f 2506 5444 7422
f 6629 475 11747
f 5445 11748 283
f 7420 285 5445
f 5446 4533 1872
f 11962 7456 4533
f 5447 5465 740
f 1592 1876 5447
f 5448 5462 611
f 1593 1875 5448
f 2512 5449 4032
f 11959 7458 4032
f 5450 5461 272
f 1872 1874 5450
f 5451 5416 451
f 1862 5416 5451
f 5452 4313 482
f 4215 4313 5452
f 5453 4314 480
f 4217 4314 5453
f 5475 468 5454
f 1865 5454 1873
f 5455 5526 44
f 1873 1893 5455
f 7385 477 11881
f 7435 475 5456
f 2508 5457 7433
f 5457 11882 285
f 1876 5458 2666
f 5458 8060 2666
f 1874 5459 4210
f 5459 12526 4210
f 1469 5460 12293
f 5460 2512 4145
f 5552 272 12060
f 5461 1874 237
f 611 5462 12290
f 5462 1875 4146
f 1470 5463 12292
f 5463 651 4148
f 1875 12291 7457
f 5464 499 4322
f 740 5465 976
f 12527 8059 976
f 2500 7397 5471
f 5466 11871 7397
f 1424 5467 7398
f 7398 5467 11862
f 324 5468 5502
f 5468 10 12
f 15 13 5469
f 15 5469 5501
f 5470 4283 1506
f 437 4283 5470
f 7397 936 5471
f 2500 5471 347
f 5472 5514 122
f 1877 1890 5472
f 5473 11880 134
f 1877 1505 5473
f 372 373 5474
f 372 5474 11705
f 5425 468 5475
f 5425 5475 1865
f 1884 5476 5497
f 5476 380 381
f 4261 1880 5477
f 4261 5477 741
f 4264 1883 5478
f 4264 5478 742
f 1419 1878 5479
f 1419 5479 742
f 4265 3937 5480
f 4265 5480 1504
f 5481 4262 620
f 1879 4262 5481
f 4263 1501 5482
f 4263 5482 3937
f 4260 1882 5483
f 4260 5483 620
f 3938 5484 4261
f 5484 1503 4261
f 5485 4259 1502
f 3938 4259 5485
f 1431 1881 5486
f 1431 5486 741
f 4267 420 5487
f 4267 5487 1883
f 4271 133 5488
f 4271 5488 1880
f 11832 345 5489
f 3984 5489 1878
f 5490 4273 1504
f 3464 4273 5490
f 5491 4272 1879
f 1178 4272 5491
f 5492 4271 1503
f 3466 4271 5492
f 11913 272 5493
f 4014 5493 1881
f 5494 4269 1502
f 3925 4269 5494
f 5495 4268 1882
f 1408 4268 5495
f 5496 4267 1501
f 3926 4267 5496
f 1884 5507 5503
f 381 332 5497
f 5498 1885 1884
f 5500 1885 5498
f 5499 400 380
f 5506 400 5508
f 5500 1887 1885
f 5505 1887 5500
f 5501 17 15
f 5535 17 5501
f 5502 5534 324
f 12 14 5502
f 5507 332 5503
f 1884 5503 1886
f 40 5504 5509
f 5504 1886 1888
f 1889 1887 5505
f 1889 5505 5511
f 1887 5506 1885
f 5506 5508 1885
f 5497 332 5507
f 5497 5507 1884
f 1885 5508 5499
f 5508 400 5499
f 5509 5524 40
f 1888 1892 5509
f 5510 5520 333
f 1888 1886 5510
f 1889 5519 5518
f 40 42 5511
f 5512 1887 1889
f 5521 1887 5512
f 5550 141 5513
f 1877 5513 1890
f 5514 5555 122
f 1890 1899 5514
f 5515 1914 511
f 5601 1914 5515
f 748 5516 5600
f 5516 512 1913
f 447 401 5517
f 447 5539 5530
f 5519 42 5518
f 1889 5518 1891
f 5511 42 5519
f 5511 5519 1889
f 5520 5503 333
f 1886 5503 5520
f 5521 5506 1887
f 401 5506 5521
f 167 5522 11818
f 5522 204 191
f 5536 351 5523
f 1888 5523 1892
f 5524 5538 40
f 1892 1896 5524
f 5651 478 5525
f 1873 5525 1893
f 5526 7384 44
f 1893 2497 5526
f 5527 2501 1894
f 7406 2501 5527
f 5528 1736 1894
f 11729 1736 5528
f 5529 1897 1895
f 5542 1897 5529
f 5530 1891 1895
f 5539 1891 5530
f 5531 283 270
f 7471 283 5531
f 2515 5532 7469
f 5532 449 448
f 260 5533 7453
f 5533 266 261
f 324 5534 5554
f 5534 14 16
f 19 17 5535
f 19 5535 5553
f 5510 351 5536
f 5510 5536 1888
f 5551 350 5537
f 1892 5537 1896
f 40 5538 5560
f 5538 1896 1901
f 5539 5517 1891
f 447 5517 5539
f 2521 5540 7489
f 5540 117 125
f 5541 322 320
f 7487 322 5541
f 1900 1897 5542
f 1900 5542 5557
f 1897 5543 1895
f 5543 5568 1895
f 12520 11725 1898
f 513 4949 5544
f 3997 2499 5545
f 3997 5545 11870
f 12522 11723 936
f 695 4954 5546
f 11725 1731 12519
f 5547 3953 4209
f 3996 1898 5548
f 11864 11845 3996
f 3998 694 5549
f 3998 5549 11869
f 5473 141 5550
f 5473 5550 1877
f 5523 350 5551
f 5523 5551 1892
f 5552 12060 237
f 263 272 5552
f 5553 21 19
f 5570 21 5553
f 5554 5569 324
f 16 18 5554
f 5555 5652 122
f 1899 1934 5555
f 5594 153 5556
f 1890 5556 1899
f 5557 3961 1900
f 11749 3961 5557
f 5558 1897 1900
f 5571 1897 5558
f 5559 5576 336
f 1901 1896 5559
f 5560 38 40
f 5562 38 5563
f 5584 1902 5707
f 5561 336 337
f 1902 5562 1901
f 5562 5563 1901
f 1901 5563 5560
f 5563 38 5560
f 5572 5570 245
f 5564 25 23
f 20 22 5565
f 5573 5569 20
f 5566 125 170
f 7505 125 5566
f 2523 5567 7503
f 5567 330 322
f 1895 5568 5530
f 5568 446 5530
f 324 5569 5573
f 5569 18 20
f 23 21 5570
f 23 5570 5572
f 5571 5543 1897
f 449 5543 5571
f 5572 5564 23
f 245 5564 5572
f 5573 5565 324
f 20 5565 5573
f 2529 5574 7521
f 5574 321 323
f 5575 119 118
f 7519 119 5575
f 5576 5537 336
f 1896 5537 5576
f 4311 3986 5577
f 4311 5577 420
f 653 5578 4194
f 5578 12481 4194
f 5579 12438 61
f 1903 1596 5579
f 500 5580 1905
f 5580 5588 1905
f 5581 5709 253
f 1903 1960 5581
f 2533 5582 7535
f 5582 430 421
f 5583 219 237
f 7533 219 5583
f 5584 5707 337
f 1904 1902 5584
f 5585 5798 38
f 1904 2000 5585
f 63 61 5586
f 63 6450 5824
f 1597 1907 5587
f 1597 5587 12479
f 1945 1905 5588
f 1945 5588 5675
f 531 528 5589
f 531 5822 5672
f 654 743 5590
f 654 5590 1906
f 761 744 5591
f 761 5826 5676
f 1918 1907 5592
f 1918 5592 5627
f 1482 744 5593
f 1482 5593 1908
f 5513 153 5594
f 5513 5594 1890
f 5595 4319 133
f 4013 4319 5595
f 5596 1927 1909
f 5636 1927 5596
f 5597 5635 94
f 1910 1926 5597
f 1911 6530 5874
f 342 327 5598
f 5599 235 236
f 5873 235 6531
f 5600 767 748
f 5703 767 5868
f 1914 5867 5704
f 747 766 5601
f 1915 5870 5693
f 530 533 5602
f 5603 534 529
f 5694 534 5869
f 5604 6397 529
f 1913 512 5604
f 1914 5605 511
f 5605 6396 511
f 5606 689 745
f 1916 689 5606
f 1915 5607 688
f 5607 746 688
f 1911 5608 1481
f 5608 747 1481
f 5609 1480 748
f 1912 1480 5609
f 746 5610 12448
f 5610 1910 1696
f 5611 1697 1909
f 12447 1697 5611
f 5612 4240 1917
f 485 4240 5612
f 4237 484 5613
f 4237 5613 1917
f 1917 5614 4238
f 5614 486 4238
f 5615 4237 1917
f 483 4237 5615
f 500 5616 12477
f 5616 744 4196
f 5617 761 750
f 5674 761 5740
f 5618 1907 1918
f 5670 1907 5618
f 772 752 5619
f 772 5922 5737
f 536 532 5620
f 536 5916 5730
f 773 750 5621
f 773 5915 5736
f 5622 528 531
f 5742 528 5923
f 12468 532 5623
f 527 5623 1920
f 734 751 5624
f 734 5624 1922
f 5625 743 749
f 5673 743 5741
f 535 531 5626
f 535 5917 5729
f 1935 1918 5627
f 1935 5627 5667
f 1937 1924 5628
f 1937 5628 5666
f 423 472 5629
f 423 6652 5921
f 1436 752 5630
f 1436 5630 1925
f 65 63 5631
f 65 6653 5913
f 1837 1924 5632
f 1837 5632 11956
f 5633 323 331
f 7557 323 5633
f 2535 5634 7555
f 5634 126 119
f 94 5635 5680
f 5635 1926 1947
f 1946 1927 5636
f 1946 5636 5679
f 755 5637 767
f 5777 5705 767
f 5776 5706 1929
f 766 5638 756
f 244 235 5639
f 244 6752 5971
f 5970 1929 6753
f 5640 327 314
f 1927 5641 1909
f 5641 5696 1909
f 5695 753 5642
f 1910 5642 1926
f 5762 1930 5965
f 5643 756 779
f 778 755 5644
f 778 5964 5763
f 5775 5699 1933
f 746 5645 753
f 754 5646 745
f 5774 5700 745
f 5972 5779 1930
f 530 5647 533
f 534 5648 529
f 5973 5778 529
f 537 534 5649
f 537 5967 5768
f 5769 1933 5966
f 5650 533 538
f 5454 478 5651
f 5454 5651 1873
f 5652 7328 122
f 1934 2492 5652
f 6568 201 5653
f 1899 5653 1934
f 5654 67 65
f 6039 67 7171
f 5655 1918 1935
f 5726 1918 5655
f 5656 772 760
f 5728 772 5814
f 5657 1924 1937
f 5731 1924 5657
f 5658 784 760
f 5805 784 6033
f 5659 785 758
f 5810 785 6037
f 5660 749 757
f 5732 749 5816
f 5661 531 535
f 5817 531 6057
f 5662 532 536
f 5818 532 6056
f 5663 751 759
f 5733 751 5815
f 5664 539 536
f 5802 539 6034
f 5665 540 535
f 5811 540 6040
f 5666 1961 1937
f 5710 1961 5666
f 5667 1965 1935
f 5719 1965 5667
f 5668 773 758
f 5739 773 5821
f 5669 422 423
f 6032 422 7170
f 5670 5587 1907
f 749 5587 5670
f 5671 2009 1944
f 5824 2009 5671
f 5672 1906 1943
f 5822 1906 5672
f 1943 5673 1923
f 5673 5741 1923
f 1944 5674 1921
f 5674 5740 1921
f 1945 5675 1975
f 5675 5742 1975
f 5676 1905 1945
f 5826 1905 5676
f 1950 5858 5772
f 764 779 5677
f 5678 778 765
f 5773 778 5857
f 1981 1946 5679
f 1981 5679 5755
f 94 5680 5754
f 5680 1947 1980
f 791 765 5681
f 791 6090 5851
f 5852 1949 6089
f 5682 764 790
f 5683 534 537
f 5860 534 6097
f 1949 6098 5859
f 538 533 5684
f 5685 754 762
f 5770 754 5864
f 1952 5863 5771
f 763 753 5686
f 5845 1952 6092
f 5687 538 541
f 542 537 5688
f 542 6091 5846
f 5689 5767 763
f 1947 1926 5689
f 5690 1927 1946
f 5766 1927 5690
f 6094 1950 7218
f 5691 314 315
f 214 244 5692
f 214 7219 6093
f 5870 533 5693
f 1915 5693 1954
f 1955 5694 1916
f 5694 5869 1916
f 5610 753 5695
f 5610 5695 1910
f 1909 5696 5611
f 5696 754 5611
f 5874 327 5697
f 2027 5697 1956
f 1957 5698 2026
f 5698 5873 2026
f 746 5699 5775
f 5699 1954 1933
f 1932 1955 5700
f 1932 5700 5774
f 530 5701 5779
f 5701 1958 1991
f 1990 1959 5702
f 1990 5702 5778
f 1959 5703 1913
f 5703 5868 1913
f 5867 766 5704
f 1914 5704 1958
f 1928 1957 5705
f 1928 5705 5777
f 766 5706 5776
f 5706 1956 1929
f 5707 5561 337
f 1902 5561 5707
f 6199 59 5708
f 1903 5708 1960
f 5709 6176 253
f 1960 2142 5709
f 5710 1995 1961
f 5787 1995 5710
f 769 5711 784
f 5907 5800 784
f 5712 434 422
f 6213 434 7315
f 1961 5713 1937
f 5713 5801 1937
f 5714 797 769
f 5899 797 6214
f 768 5715 759
f 5905 5803 759
f 539 5716 536
f 6242 5906 536
f 5717 544 539
f 5901 544 6216
f 69 67 5718
f 69 7314 6211
f 1994 1965 5719
f 1994 5719 5786
f 796 771 5720
f 796 6209 5895
f 540 5721 535
f 6243 5909 535
f 770 5722 757
f 5911 5812 757
f 543 540 5723
f 543 6210 5892
f 771 5724 785
f 5912 5807 785
f 1965 5725 1935
f 5725 5808 1935
f 5726 5618 1918
f 757 5618 5726
f 5727 2044 1972
f 5913 2044 5727
f 1971 5728 1940
f 5728 5814 1940
f 5729 1923 1969
f 5917 1923 5729
f 5730 1922 1970
f 5916 1922 5730
f 5731 5632 1924
f 759 5632 5731
f 1969 5732 1942
f 5732 5816 1942
f 1970 5733 1941
f 5733 5815 1941
f 1973 5734 2008
f 5734 5818 2008
f 1974 5735 2007
f 5735 5817 2007
f 5736 1919 1974
f 5915 1919 5736
f 5737 1920 1973
f 5922 1920 5737
f 5738 2045 1971
f 5921 2045 5738
f 1972 5739 1936
f 5739 5821 1936
f 1921 5740 5617
f 5740 761 5617
f 1923 5741 5625
f 5741 743 5625
f 1975 5742 1919
f 5742 5923 1919
f 1945 1975 5743
f 1945 5743 5823
f 5744 791 776
f 5855 791 5955
f 1983 5954 5856
f 777 790 5745
f 1976 6263 5950
f 777 803 5746
f 5747 802 776
f 5951 802 6262
f 1976 6294 5957
f 541 538 5748
f 5749 537 542
f 5956 537 6295
f 1979 5961 5847
f 774 763 5750
f 5751 762 775
f 5848 762 5960
f 5752 545 542
f 5944 545 6257
f 1979 6256 5945
f 541 546 5753
f 5754 5830 94
f 1980 2011 5754
f 5755 2010 1981
f 5829 2010 5755
f 5756 1946 1981
f 5854 1946 5756
f 5757 5853 774
f 1980 1947 5757
f 5758 213 214
f 6259 213 7312
f 1983 7313 6258
f 315 325 5759
f 1984 5760 2025
f 5760 5860 2025
f 5859 533 5761
f 2024 5761 1985
f 5762 5965 779
f 1985 1930 5762
f 5763 1931 1984
f 5964 1931 5763
f 5764 2063 1988
f 5971 2063 5764
f 5765 5970 314
f 1989 2062 5765
f 5766 5641 1927
f 762 5641 5766
f 5767 5642 763
f 1926 5642 5767
f 5768 1932 1986
f 5967 1932 5768
f 5769 5966 538
f 1987 1933 5769
f 1986 5770 1953
f 5770 5864 1953
f 5863 753 5771
f 1952 5771 1987
f 5858 779 5772
f 1950 5772 1989
f 1988 5773 1951
f 5773 5857 1951
f 5646 1932 5774
f 5646 5774 745
f 746 5775 5645
f 5775 1933 5645
f 766 5776 5638
f 5776 1929 5638
f 5637 1928 5777
f 5637 5777 767
f 1931 1990 5778
f 1931 5778 5973
f 530 5779 5972
f 5779 1991 1930
f 5780 1959 1990
f 5872 1959 5780
f 5781 5871 756
f 1991 1958 5781
f 5782 808 783
f 6003 808 6355
f 5783 540 543
f 6009 540 6372
f 5784 770 780
f 5893 770 6011
f 5785 548 543
f 5994 548 6350
f 5786 2029 1994
f 5876 2029 5786
f 2028 1995 5787
f 2028 5787 5875
f 5788 796 783
f 5896 796 6008
f 782 5789 797
f 6014 5904 797
f 809 782 5790
f 809 6354 6004
f 544 5791 539
f 6373 6012 539
f 781 5792 768
f 6015 5903 768
f 435 434 5793
f 435 7352 6356
f 547 544 5794
f 547 6352 5999
f 5795 71 69
f 6348 71 7353
f 1995 5796 1961
f 5796 5900 1961
f 5797 1965 1994
f 5897 1965 5797
f 38 5798 7196
f 5798 2000 2477
f 6461 334 5799
f 1904 5799 2000
f 1962 2002 5800
f 1962 5800 5907
f 1937 5801 5657
f 5801 768 5657
f 2001 5802 1941
f 5802 6034 1941
f 1964 2001 5803
f 1964 5803 5905
f 2042 2003 5804
f 2042 5804 5906
f 2003 5805 1939
f 5805 6033 1939
f 2002 5806 2088
f 5806 6032 2088
f 1967 2006 5807
f 1967 5807 5912
f 1935 5808 5655
f 5808 770 5655
f 2043 2004 5809
f 2043 5809 5909
f 2004 5810 1938
f 5810 6037 1938
f 2005 5811 1942
f 5811 6040 1942
f 1968 2005 5812
f 1968 5812 5911
f 2006 5813 2089
f 5813 6039 2089
f 1940 5814 5656
f 5814 772 5656
f 1941 5815 5663
f 5815 751 5663
f 1942 5816 5660
f 5816 749 5660
f 2007 5817 1938
f 5817 6057 1938
f 2008 5818 1939
f 5818 6056 1939
f 1974 2007 5819
f 1974 5819 5919
f 1973 2008 5820
f 1973 5820 5914
f 1936 5821 5668
f 5821 773 5668
f 5822 5589 1906
f 531 5589 5822
f 5676 1945 5823
f 5676 5823 750
f 5824 1908 2009
f 6450 1908 5824
f 2009 5825 1944
f 5825 6058 1944
f 5826 5591 1905
f 761 5591 5826
f 6369 2014 7344
f 5827 325 326
f 216 213 5828
f 216 7345 6368
f 2047 2010 5829
f 2047 5829 5927
f 94 5830 5926
f 5830 2011 2046
f 815 789 5831
f 815 6365 6054
f 6055 2013 6364
f 5832 788 814
f 545 5833 542
f 6430 6064 542
f 6431 6063 2013
f 541 5834 546
f 786 5835 775
f 6062 5946 775
f 6061 5947 2016
f 774 5836 787
f 6048 2016 6367
f 5837 546 549
f 550 545 5838
f 550 6366 6049
f 5943 787 5839
f 1980 5839 2011
f 2010 5840 1981
f 5840 5942 1981
f 6068 5952 2014
f 803 5841 788
f 789 5842 802
f 6067 5953 802
f 5843 6094 315
f 2018 2107 5843
f 5844 2106 2019
f 6093 2106 5844
f 5845 6092 541
f 2020 1952 5845
f 5846 1953 2021
f 6091 1953 5846
f 5961 763 5847
f 1979 5847 2020
f 2021 5848 1978
f 5848 5960 1978
f 5957 538 5849
f 2061 5849 2022
f 2023 5850 2060
f 5850 5956 2060
f 5851 1948 2023
f 6090 1948 5851
f 5852 6089 790
f 2022 1949 5852
f 5853 5689 774
f 1947 5689 5853
f 5854 5690 1946
f 775 5690 5854
f 2019 5855 1982
f 5855 5955 1982
f 5954 790 5856
f 1983 5856 2018
f 1951 5857 5678
f 5857 778 5678
f 5677 779 5858
f 5677 5858 1950
f 6098 533 5859
f 1949 5859 2024
f 2025 5860 1948
f 5860 6097 1948
f 764 5861 5969
f 5861 2024 1985
f 1984 2025 5862
f 1984 5862 5968
f 5686 753 5863
f 5686 5863 1952
f 1953 5864 5685
f 5864 754 5685
f 1957 2026 5865
f 1957 5865 6116
f 747 5866 6115
f 5866 2027 1956
f 5601 766 5867
f 5601 5867 1914
f 1913 5868 5600
f 5868 767 5600
f 1916 5869 5603
f 5869 534 5603
f 5602 533 5870
f 5602 5870 1915
f 5871 5704 756
f 1958 5704 5871
f 5872 5703 1959
f 755 5703 5872
f 2026 5873 1912
f 5873 6531 1912
f 6530 327 5874
f 1911 5874 2027
f 5875 2065 2028
f 5977 2065 5875
f 2064 2029 5876
f 2064 5876 5976
f 794 5877 808
f 6177 5998 808
f 5878 809 795
f 6005 809 6182
f 5879 831 795
f 6154 831 6475
f 830 794 5880
f 830 6476 6155
f 5881 781 792
f 6000 781 6180
f 5882 544 547
f 6184 544 6547
f 548 5883 543
f 6546 6179 543
f 793 5884 780
f 6178 5997 780
f 5885 404 435
f 6474 404 7367
f 5886 552 547
f 6157 552 6482
f 73 71 5887
f 73 7366 6478
f 551 548 5888
f 551 6477 6150
f 2029 5889 1994
f 5889 5993 1994
f 5890 1995 2028
f 5992 1995 5890
f 5891 2153 2036
f 6211 2153 5891
f 5892 1968 2037
f 6210 1968 5892
f 2037 5893 1993
f 5893 6011 1993
f 2038 5894 2078
f 5894 6009 2078
f 5895 1966 2038
f 6209 1966 5895
f 2036 5896 1998
f 5896 6008 1998
f 5897 5725 1965
f 780 5725 5897
f 2079 2039 5898
f 2079 5898 6012
f 2039 5899 1963
f 5899 6214 1963
f 1961 5900 5713
f 5900 781 5713
f 2040 5901 1964
f 5901 6216 1964
f 2041 5902 2154
f 5902 6213 2154
f 1999 2040 5903
f 1999 5903 6015
f 1997 2041 5904
f 1997 5904 6014
f 5715 1964 5905
f 5715 5905 759
f 1963 2042 5906
f 1963 5906 6242
f 5711 1962 5907
f 5711 5907 784
f 5908 2003 2042
f 6036 2003 5908
f 1966 2043 5909
f 1966 5909 6243
f 5910 2004 2043
f 6041 2004 5910
f 5722 1968 5911
f 5722 5911 757
f 5724 1967 5912
f 5724 5912 785
f 5913 1921 2044
f 6653 1921 5913
f 5737 1973 5914
f 5737 5914 760
f 5915 5621 1919
f 773 5621 5915
f 5916 5620 1922
f 536 5620 5916
f 5917 5626 1923
f 535 5626 5917
f 2045 5918 1971
f 5918 6264 1971
f 5736 1974 5919
f 5736 5919 758
f 2044 5920 1972
f 5920 6265 1972
f 5921 1925 2045
f 6652 1925 5921
f 5922 5619 1920
f 772 5619 5922
f 1919 5923 5622
f 5923 528 5622
f 2049 6226 6045
f 801 814 5924
f 5925 815 800
f 6044 815 6227
f 5926 6019 94
f 2046 2081 5926
f 5927 2080 2047
f 6018 2080 5927
f 5928 2010 2047
f 6043 2010 5928
f 5929 6042 798
f 2046 2011 5929
f 2051 6464 6190
f 801 834 5930
f 5931 835 800
f 6189 835 6465
f 5932 786 799
f 6051 786 6228
f 2053 6229 6050
f 798 787 5933
f 5934 545 550
f 6230 545 6549
f 2051 6548 6231
f 549 546 5935
f 5936 553 550
f 6192 553 6472
f 2053 6473 6191
f 549 554 5937
f 5938 215 216
f 6466 215 7357
f 2049 7356 6467
f 326 304 5939
f 2056 5940 2164
f 5940 6259 2164
f 6258 325 5941
f 2163 5941 2057
f 1981 5942 5756
f 5942 786 5756
f 5757 787 5943
f 5757 5943 1980
f 2054 5944 1978
f 5944 6257 1978
f 6256 546 5945
f 1979 5945 2055
f 2017 2054 5946
f 2017 5946 6062
f 774 5947 6061
f 5947 2055 2016
f 2097 2058 5948
f 2097 5948 6064
f 541 5949 6063
f 5949 2059 2096
f 6263 803 5950
f 1976 5950 2059
f 2058 5951 1977
f 5951 6262 1977
f 803 5952 6068
f 5952 2057 2014
f 2015 2056 5953
f 2015 5953 6067
f 5745 790 5954
f 5745 5954 1983
f 1982 5955 5744
f 5955 791 5744
f 2060 5956 1977
f 5956 6295 1977
f 6294 538 5957
f 1976 5957 2061
f 2023 2060 5958
f 2023 5958 6088
f 777 5959 6087
f 5959 2061 2022
f 1978 5960 5751
f 5960 762 5751
f 5750 763 5961
f 5750 5961 1979
f 6329 756 5962
f 1989 5962 2062
f 2063 5963 1988
f 5963 6328 1988
f 5964 5644 1931
f 778 5644 5964
f 5965 5643 779
f 1930 5643 5965
f 5966 5650 538
f 1933 5650 5966
f 5967 5649 1932
f 537 5649 5967
f 5763 1984 5968
f 5763 5968 765
f 764 5969 5762
f 5969 1985 5762
f 5970 6753 314
f 2062 1929 5970
f 5971 1928 2063
f 6752 1928 5971
f 530 5972 5647
f 5972 1930 5647
f 5648 1931 5973
f 5648 5973 529
f 2542 5974 7591
f 5974 364 363
f 5975 147 155
f 7589 147 5975
f 2117 2064 5976
f 2117 5976 6118
f 2116 2065 5977
f 2116 5977 6117
f 5978 830 807
f 6159 830 6333
f 845 807 5979
f 845 6619 6313
f 844 806 5980
f 844 6624 6323
f 552 5981 547
f 6681 6334 547
f 5982 793 804
f 6151 793 6332
f 805 5983 792
f 6338 6158 792
f 5984 548 551
f 6335 548 6680
f 340 404 5985
f 340 7378 6628
f 559 552 5986
f 559 6626 6314
f 75 73 5987
f 75 7379 6620
f 560 551 5988
f 560 6625 6317
f 5989 2029 2064
f 6147 2029 5989
f 806 5990 831
f 6339 6160 831
f 2065 5991 2028
f 5991 6156 2028
f 5992 5796 1995
f 792 5796 5992
f 1994 5993 5797
f 5993 793 5797
f 2072 5994 1993
f 5994 6350 1993
f 2073 5995 2194
f 5995 6348 2194
f 5996 2193 2075
f 6356 2193 5996
f 2034 2072 5997
f 2034 5997 6178
f 2033 2073 5998
f 2033 5998 6177
f 5999 1999 2074
f 6352 1999 5999
f 2074 6000 2035
f 6000 6180 2035
f 2076 6001 2144
f 6001 6184 2144
f 2143 2077 6002
f 2143 6002 6179
f 2077 6003 1992
f 6003 6355 1992
f 6004 1996 2076
f 6354 1996 6004
f 2075 6005 2032
f 6005 6182 2032
f 6006 324 403
f 7607 324 6006
f 2544 6007 7605
f 6007 259 245
f 1998 6008 5788
f 6008 796 5788
f 2078 6009 1992
f 6009 6372 1992
f 2038 2078 6010
f 2038 6010 6208
f 1993 6011 5784
f 6011 770 5784
f 1996 2079 6012
f 1996 6012 6373
f 6013 2039 2079
f 6215 2039 6013
f 5789 1997 6014
f 5789 6014 797
f 5792 1999 6015
f 5792 6015 768
f 6340 6198 2083
f 834 6016 813
f 812 6017 835
f 6341 6197 835
f 6270 2080 6463
f 6018 97 95
f 92 94 6019
f 92 6462 6271
f 2124 2086 6020
f 2124 6020 6142
f 812 6021 6141
f 6021 2087 2125
f 6194 811 6022
f 2046 6022 2081
f 2080 6023 2047
f 6023 6193 2047
f 553 6024 6140
f 6024 2084 2129
f 2128 2085 6025
f 2128 6025 6139
f 553 6026 550
f 6655 6342 550
f 6654 6343 2086
f 549 6027 554
f 828 811 6028
f 828 6268 6144
f 6143 2084 6269
f 6029 810 829
f 215 6030 6072
f 6030 2082 2099
f 2098 2083 6031
f 2098 6031 6071
f 2088 6032 1940
f 6032 7170 1940
f 1939 6033 5658
f 6033 784 5658
f 1941 6034 5664
f 6034 539 5664
f 2002 2088 6035
f 2002 6035 6432
f 6036 5805 2003
f 769 5805 6036
f 1938 6037 5659
f 6037 785 5659
f 2006 2089 6038
f 2006 6038 6433
f 2089 6039 1936
f 6039 7171 1936
f 1942 6040 5665
f 6040 540 5665
f 6041 5810 2004
f 771 5810 6041
f 6042 5839 798
f 2011 5839 6042
f 6043 5840 2010
f 799 5840 6043
f 2093 6044 2048
f 6044 6227 2048
f 6226 814 6045
f 2049 6045 2092
f 6046 6369 326
f 2092 2196 6046
f 6047 2195 2093
f 6368 2195 6047
f 6048 6367 549
f 2090 2016 6048
f 6049 2017 2091
f 6366 2017 6049
f 6229 787 6050
f 2053 6050 2090
f 2091 6051 2052
f 6051 6228 2052
f 6231 546 6052
f 2158 6052 2094
f 2095 6053 2157
f 6053 6230 2157
f 6054 2012 2095
f 6365 2012 6054
f 6055 6364 814
f 2094 2013 6055
f 1939 6056 5662
f 6056 532 5662
f 1938 6057 5661
f 6057 531 5661
f 1944 6058 5674
f 6058 744 5674
f 4008 6059 4320
f 6059 488 4320
f 4009 6060 4321
f 6060 487 4321
f 774 6061 5836
f 6061 2016 5836
f 5835 2017 6062
f 5835 6062 775
f 541 6063 6431
f 6063 2096 2013
f 2012 2097 6064
f 2012 6064 6430
f 6065 6255 788
f 2096 2059 6065
f 6066 2058 2097
f 6254 2058 6066
f 5842 2015 6067
f 5842 6067 802
f 803 6068 5841
f 6068 2014 5841
f 6069 272 263
f 7631 272 6069
f 2548 6070 7630
f 6070 419 420
f 6071 2113 2098
f 6100 2113 6071
f 6072 6099 215
f 2099 2112 6072
f 2102 6359 6252
f 95 93 6073
f 6074 90 92
f 6253 90 6358
f 6075 832 819
f 6170 832 6248
f 2100 6249 6169
f 818 833 6076
f 2100 6331 6222
f 556 553 6077
f 6078 554 555
f 6223 554 6330
f 2104 6219 6141
f 817 812 6079
f 6080 813 816
f 6142 813 6218
f 2104 6250 6164
f 556 557 6081
f 6082 558 555
f 6163 558 6251
f 6083 828 819
f 6146 828 6224
f 2102 6225 6145
f 818 829 6084
f 6085 6134 817
f 2099 2082 6085
f 6086 2083 2098
f 6133 2083 6086
f 777 6087 5852
f 6087 2022 5852
f 5851 2023 6088
f 5851 6088 776
f 6089 5682 790
f 1949 5682 6089
f 6090 5681 1948
f 791 5681 6090
f 6091 5688 1953
f 542 5688 6091
f 6092 5687 541
f 1952 5687 6092
f 6093 1951 2106
f 7219 1951 6093
f 6094 7218 315
f 2107 1950 6094
f 2106 6095 2019
f 6095 6460 2019
f 6459 764 6096
f 2018 6096 2107
f 1948 6097 5683
f 6097 534 5683
f 5684 533 6098
f 5684 6098 1949
f 188 215 6099
f 188 7381 6720
f 6721 2113 7380
f 6100 304 305
f 6164 557 6101
f 2139 6101 2108
f 2109 6102 2138
f 6102 6163 2138
f 6201 822 6103
f 2151 6103 2111
f 2110 6104 2152
f 6104 6200 2152
f 6293 6204 2111
f 556 6105 557
f 558 6106 555
f 6292 6205 555
f 6409 2109 6714
f 6107 821 850
f 851 820 6108
f 851 6715 6408
f 6162 93 6109
f 2137 6109 2114
f 2115 6110 2136
f 6110 6161 2136
f 6281 2115 6400
f 6111 823 836
f 837 822 6112
f 837 6401 6280
f 2113 6113 2098
f 6113 6174 2098
f 6173 820 6114
f 2099 6114 2112
f 747 6115 5706
f 6115 1956 5706
f 5705 1957 6116
f 5705 6116 748
f 2181 2116 6117
f 2181 6117 6307
f 6118 2175 2117
f 6296 2175 6118
f 6119 844 827
f 6325 844 6454
f 6120 845 826
f 6324 845 6455
f 6121 857 826
f 6440 857 6756
f 6122 551 560
f 6452 551 7064
f 6123 804 825
f 6321 804 6457
f 6124 77 75
f 6757 77 7389
f 310 340 6125
f 310 7388 6759
f 6126 563 560
f 6436 563 6758
f 6127 2064 2117
f 6316 2064 6127
f 6128 2065 2116
f 6315 2065 6128
f 856 827 6129
f 856 6762 6445
f 6130 552 559
f 6456 552 7065
f 6131 805 824
f 6320 805 6451
f 564 559 6132
f 564 6763 6442
f 6133 6016 2083
f 816 6016 6133
f 6134 6017 817
f 2082 6017 6134
f 6135 2086 2124
f 6273 2086 6135
f 6136 6272 556
f 2125 2087 6136
f 6137 2166 2126
f 6271 2166 6137
f 6138 6270 95
f 2127 2165 6138
f 2128 6139 2156
f 6139 6223 2156
f 6222 553 6140
f 2155 6140 2129
f 6219 812 6141
f 2104 6141 2125
f 2124 6142 2105
f 6142 6218 2105
f 6143 6269 829
f 2129 2084 6143
f 6144 2085 2128
f 6268 2085 6144
f 6225 829 6145
f 2102 6145 2127
f 2126 6146 2103
f 6146 6224 2103
f 6147 5889 2029
f 804 5889 6147
f 6148 2232 2131
f 6478 2232 6148
f 2135 6149 2231
f 6149 6474 2231
f 6150 2034 2130
f 6477 2034 6150
f 2130 6151 2071
f 6151 6332 2071
f 2132 6152 2190
f 6152 6335 2190
f 2189 2133 6153
f 2189 6153 6334
f 2133 6154 2030
f 6154 6475 2030
f 6155 2031 2132
f 6476 2031 6155
f 2028 6156 5890
f 6156 805 5890
f 2134 6157 2035
f 6157 6482 2035
f 2070 2134 6158
f 2070 6158 6338
f 2131 6159 2069
f 6159 6333 2069
f 2068 2135 6160
f 2068 6160 6339
f 2136 6161 2162
f 6161 6253 2162
f 6252 93 6162
f 2161 6162 2137
f 2138 6163 2105
f 6163 6251 2105
f 6250 557 6164
f 2104 6164 2139
f 2109 2138 6165
f 2109 6165 6207
f 817 6166 6206
f 6166 2139 2108
f 2152 2140 6167
f 2152 6167 6205
f 556 6168 6204
f 6168 2141 2151
f 6249 833 6169
f 2100 6169 2141
f 2140 6170 2101
f 6170 6248 2101
f 833 6171 6203
f 6171 2137 2114
f 2115 2136 6172
f 2115 6172 6202
f 6085 820 6173
f 6085 6173 2099
f 2098 6174 6086
f 6174 821 6086
f 7311 57 6175
f 1960 6175 2142
f 6176 7300 253
f 2142 2491 6176
f 5877 2033 6177
f 5877 6177 808
f 5884 2034 6178
f 5884 6178 780
f 2031 2143 6179
f 2031 6179 6546
f 2035 6180 5881
f 6180 781 5881
f 6181 2077 2143
f 6349 2077 6181
f 2032 6182 5878
f 6182 809 5878
f 2076 2144 6183
f 2076 6183 6353
f 2144 6184 2030
f 6184 6547 2030
f 6467 304 6185
f 2230 6185 2149
f 2150 6186 2229
f 6186 6466 2229
f 549 6187 6343
f 6187 2145 2192
f 2191 2146 6188
f 2191 6188 6342
f 2146 6189 2050
f 6189 6465 2050
f 6464 834 6190
f 2051 6190 2145
f 6473 554 6191
f 2053 6191 2147
f 2148 6192 2052
f 6192 6472 2052
f 2047 6193 5928
f 6193 810 5928
f 5929 811 6194
f 5929 6194 2046
f 798 6195 6347
f 6195 2147 2085
f 2084 2148 6196
f 2084 6196 6346
f 2082 2150 6197
f 2082 6197 6341
f 834 6198 6340
f 6198 2149 2083
f 5579 59 6199
f 5579 6199 1903
f 6200 2140 2152
f 6245 2140 6200
f 6201 6244 822
f 2151 2141 6201
f 6111 2115 6202
f 6111 6202 832
f 833 6203 6112
f 6203 2114 6112
f 556 6204 6293
f 6204 2151 2111
f 2110 2152 6205
f 2110 6205 6292
f 817 6206 6108
f 6206 2108 6108
f 6107 2109 6207
f 6107 6207 816
f 5895 2038 6208
f 5895 6208 783
f 6209 5720 1966
f 796 5720 6209
f 6210 5723 1968
f 543 5723 6210
f 6211 1967 2153
f 7314 1967 6211
f 2153 6212 2036
f 6212 6569 2036
f 2154 6213 1962
f 6213 7315 1962
f 1963 6214 5714
f 6214 797 5714
f 6215 5899 2039
f 782 5899 6215
f 1964 6216 5717
f 6216 544 5717
f 2041 2154 6217
f 2041 6217 6570
f 2105 6218 6080
f 6218 813 6080
f 6079 812 6219
f 6079 6219 2104
f 818 6220 6267
f 6220 2155 2129
f 2128 2156 6221
f 2128 6221 6266
f 6331 553 6222
f 2100 6222 2155
f 2156 6223 2101
f 6223 6330 2101
f 2103 6224 6083
f 6224 828 6083
f 6084 829 6225
f 6084 6225 2102
f 5924 814 6226
f 5924 6226 2049
f 2048 6227 5925
f 6227 815 5925
f 2052 6228 5932
f 6228 786 5932
f 5933 787 6229
f 5933 6229 2053
f 2157 6230 2050
f 6230 6549 2050
f 6548 546 6231
f 2051 6231 2158
f 2095 2157 6232
f 2095 6232 6363
f 801 6233 6362
f 6233 2158 2094
f 1528 6234 4370
f 6234 738 4370
f 6235 4369 739
f 1527 4369 6235
f 6236 1530 487
f 2159 1530 6236
f 2160 6237 1529
f 6237 488 1529
f 1525 6238 4372
f 6238 615 4372
f 6239 4371 616
f 1526 4371 6239
f 11904 627 6240
f 1871 6240 2159
f 1870 2160 6241
f 1870 6241 11903
f 5716 1963 6242
f 5716 6242 536
f 5721 1966 6243
f 5721 6243 535
f 6244 6169 822
f 2141 6169 6244
f 6245 6170 2140
f 823 6170 6245
f 818 6246 6327
f 6246 2161 2137
f 2136 2162 6247
f 2136 6247 6326
f 2101 6248 6075
f 6248 832 6075
f 6076 833 6249
f 6076 6249 2100
f 6081 557 6250
f 6081 6250 2104
f 2105 6251 6082
f 6251 558 6082
f 6359 93 6252
f 2102 6252 2161
f 2162 6253 2103
f 6253 6358 2103
f 6254 5951 2058
f 789 5951 6254
f 6255 5950 788
f 2059 5950 6255
f 5753 546 6256
f 5753 6256 1979
f 1978 6257 5752
f 6257 545 5752
f 7313 325 6258
f 1983 6258 2163
f 2164 6259 1982
f 6259 7312 1982
f 777 6260 6588
f 6260 2163 2057
f 2056 2164 6261
f 2056 6261 6587
f 1977 6262 5747
f 6262 802 5747
f 5746 803 6263
f 5746 6263 1976
f 1971 6264 5728
f 6264 752 5728
f 1972 6265 5739
f 6265 750 5739
f 6144 2128 6266
f 6144 6266 819
f 818 6267 6143
f 6267 2129 6143
f 6268 6028 2085
f 828 6028 6268
f 6269 6029 829
f 2084 6029 6269
f 6270 6463 95
f 2165 2080 6270
f 6271 2081 2166
f 6462 2081 6271
f 6272 6026 556
f 2087 6026 6272
f 6273 6027 2086
f 555 6027 6273
f 6361 810 6274
f 2127 6274 2165
f 2166 6275 2126
f 6275 6360 2126
f 6276 851 838
f 6412 851 6555
f 2170 6554 6413
f 839 850 6277
f 6278 6383 90
f 2167 2202 6278
f 2201 2168 6279
f 2201 6279 6382
f 6280 2114 2168
f 6401 2114 6280
f 6281 6400 836
f 2167 2115 6281
f 2171 7059 6510
f 839 863 6282
f 862 838 6283
f 862 7058 6511
f 2171 7198 6557
f 561 558 6284
f 6285 557 562
f 6556 557 7199
f 2174 6553 6404
f 836 823 6286
f 6287 822 837
f 6405 822 6552
f 565 562 6288
f 565 7061 6504
f 2174 7060 6505
f 561 566 6289
f 176 188 6290
f 176 7386 7055
f 2170 7387 7054
f 305 302 6291
f 6106 2110 6292
f 6106 6292 555
f 556 6293 6105
f 6293 2111 6105
f 5748 538 6294
f 5748 6294 1976
f 1977 6295 5749
f 6295 537 5749
f 2214 2175 6296
f 2214 6296 6428
f 6297 856 843
f 6447 856 6560
f 79 77 6298
f 79 7390 7124
f 869 841 6299
f 869 7121 6543
f 6300 868 843
f 6536 868 7117
f 563 6301 560
f 7250 6562 560
f 840 6302 825
f 6563 6438 825
f 6303 559 564
f 6561 559 7251
f 6304 824 842
f 6443 824 6567
f 6305 567 564
f 6533 567 7118
f 568 563 6306
f 568 7122 6537
f 6307 2213 2181
f 6416 2213 6307
f 841 6308 857
f 6566 6441 857
f 6309 2116 2181
f 6446 2116 6309
f 2175 6310 2117
f 6310 6435 2117
f 6311 309 310
f 7116 309 7391
f 2183 6312 2227
f 6312 6452 2227
f 6313 2066 2183
f 6619 2066 6313
f 6314 2070 2184
f 6626 2070 6314
f 6315 5991 2065
f 824 5991 6315
f 6316 5989 2064
f 825 5989 6316
f 6317 2071 2185
f 6625 2071 6317
f 6318 2288 2186
f 6628 2288 6318
f 6319 2287 2187
f 6620 2287 6319
f 2184 6320 2123
f 6320 6451 2123
f 2185 6321 2121
f 6321 6457 2121
f 2188 6322 2228
f 6322 6456 2228
f 6323 2067 2188
f 6624 2067 6323
f 2187 6324 2119
f 6324 6455 2119
f 2186 6325 2120
f 6325 6454 2120
f 6172 2136 6326
f 6172 6326 819
f 818 6327 6171
f 6327 2137 6171
f 1988 6328 5773
f 6328 755 5773
f 5772 756 6329
f 5772 6329 1989
f 2101 6330 6078
f 6330 554 6078
f 6077 553 6331
f 6077 6331 2100
f 2071 6332 5982
f 6332 793 5982
f 2069 6333 5978
f 6333 830 5978
f 2067 2189 6334
f 2067 6334 6681
f 2190 6335 2066
f 6335 6680 2066
f 6336 2133 2189
f 6481 2133 6336
f 2132 2190 6337
f 2132 6337 6480
f 5983 2070 6338
f 5983 6338 792
f 5990 2068 6339
f 5990 6339 831
f 834 6340 6016
f 6340 2083 6016
f 6017 2082 6341
f 6017 6341 835
f 2087 2191 6342
f 2087 6342 6655
f 549 6343 6654
f 6343 2192 2086
f 6344 2146 2191
f 6471 2146 6344
f 6345 6470 813
f 2192 2145 6345
f 6029 2084 6346
f 6029 6346 799
f 798 6347 6028
f 6347 2085 6028
f 2194 6348 1998
f 6348 7353 1998
f 6349 6003 2077
f 794 6003 6349
f 1993 6350 5785
f 6350 548 5785
f 2193 6351 2075
f 6351 6789 2075
f 6352 5794 1999
f 547 5794 6352
f 6004 2076 6353
f 6004 6353 795
f 6354 5790 1996
f 809 5790 6354
f 1992 6355 5782
f 6355 808 5782
f 6356 1997 2193
f 7352 1997 6356
f 2073 2194 6357
f 2073 6357 6788
f 2103 6358 6074
f 6358 90 6074
f 6073 93 6359
f 6073 6359 2102
f 2126 6360 6146
f 6360 811 6146
f 6145 810 6361
f 6145 6361 2127
f 801 6362 6055
f 6362 2094 6055
f 6054 2095 6363
f 6054 6363 800
f 6364 5832 814
f 2013 5832 6364
f 6365 5831 2012
f 815 5831 6365
f 6366 5838 2017
f 550 5838 6366
f 6367 5837 549
f 2016 5837 6367
f 6368 2015 2195
f 7345 2015 6368
f 6369 7344 326
f 2196 2014 6369
f 2195 6370 2093
f 6370 6773 2093
f 6772 788 6371
f 2092 6371 2196
f 1992 6372 5783
f 6372 540 5783
f 5791 1996 6373
f 5791 6373 539
f 875 849 6374
f 875 7179 6601
f 6602 2198 7178
f 6375 848 874
f 6376 562 565
f 6647 562 7282
f 7283 6646 2198
f 561 6377 566
f 6378 837 846
f 6506 837 6651
f 6650 6507 2199
f 836 6379 847
f 6591 2199 7177
f 6380 566 569
f 570 565 6381
f 570 7176 6592
f 2234 2201 6382
f 2234 6382 6485
f 90 6383 6484
f 6383 2202 2233
f 6645 6502 2203
f 863 6384 848
f 6385 862 849
f 6503 862 6644
f 7173 2203 7376
f 6386 302 303
f 165 176 6387
f 165 7377 7172
f 6513 847 6388
f 2167 6388 2202
f 6389 2168 2201
f 6512 2168 6389
f 6390 170 205
f 7653 170 6390
f 2552 6391 7651
f 6391 462 330
f 6392 2496 2205
f 7373 2496 6392
f 6393 7372 232
f 2206 2495 6393
f 12446 1481 6394
f 4189 6394 687
f 4188 686 6395
f 4188 6395 12445
f 6396 4825 511
f 530 4825 6396
f 529 6397 4826
f 6397 512 4826
f 236 6398 1694
f 6398 2206 1694
f 6399 1695 2205
f 342 1695 6399
f 6400 6111 836
f 2115 6111 6400
f 6401 6112 2114
f 837 6112 6401
f 6402 6717 561
f 2207 2110 6402
f 6403 2111 2208
f 6716 2111 6403
f 6553 823 6404
f 2174 6404 2207
f 2208 6405 2173
f 6405 6552 2173
f 6557 558 6406
f 2262 6406 2209
f 2210 6407 2261
f 6407 6556 2261
f 6408 2108 2210
f 6715 2108 6408
f 6409 6714 850
f 2209 2109 6409
f 6410 6721 305
f 2211 2322 6410
f 6411 2321 2212
f 6720 2321 6411
f 2212 6412 2169
f 6412 6555 2169
f 6554 850 6413
f 2170 6413 2211
f 312 309 6414
f 312 7382 7211
f 6415 2175 2214
f 6539 2175 6415
f 2247 2213 6416
f 2247 6416 6520
f 6417 869 854
f 6544 869 6676
f 6418 881 854
f 6642 881 7213
f 880 855 6419
f 880 7208 6631
f 6420 563 568
f 6677 563 7294
f 6421 840 853
f 6541 840 6673
f 852 6422 842
f 6672 6534 842
f 567 6423 564
f 7293 6674 564
f 6424 81 79
f 7214 81 7383
f 6425 572 568
f 6638 572 7217
f 571 567 6426
f 571 7210 6633
f 2213 6427 2181
f 6427 6532 2181
f 6428 2251 2214
f 6522 2251 6428
f 855 6429 868
f 6679 6545 868
f 5833 2012 6430
f 5833 6430 542
f 541 6431 5834
f 6431 2013 5834
f 5800 2002 6432
f 5800 6432 760
f 5807 2006 6433
f 5807 6433 758
f 6434 2338 2221
f 6759 2338 6434
f 2117 6435 6127
f 6435 840 6127
f 2222 6436 2121
f 6436 6758 2121
f 2223 6437 2337
f 6437 6757 2337
f 2180 2222 6438
f 2180 6438 6563
f 2264 2224 6439
f 2264 6439 6562
f 2224 6440 2118
f 6440 6756 2118
f 2178 2223 6441
f 2178 6441 6566
f 6442 2123 2225
f 6763 2123 6442
f 2225 6443 2179
f 6443 6567 2179
f 2226 6444 2263
f 6444 6561 2263
f 6445 2122 2226
f 6762 2122 6445
f 6446 6128 2116
f 842 6128 6446
f 2221 6447 2182
f 6447 6560 2182
f 2558 6448 7665
f 6448 163 160
f 6449 390 389
f 7663 390 6449
f 6450 5586 1908
f 63 5586 6450
f 2123 6451 6131
f 6451 805 6131
f 2227 6452 2118
f 6452 7064 2118
f 2183 2227 6453
f 2183 6453 6623
f 2120 6454 6119
f 6454 844 6119
f 2119 6455 6120
f 6455 845 6120
f 2228 6456 2122
f 6456 7065 2122
f 2121 6457 6123
f 6457 804 6123
f 2188 2228 6458
f 2188 6458 6627
f 5856 764 6459
f 5856 6459 2018
f 2019 6460 5855
f 6460 765 5855
f 5584 334 6461
f 5584 6461 1904
f 6462 6019 2081
f 92 6019 6462
f 6463 6018 95
f 2080 6018 6463
f 5930 834 6464
f 5930 6464 2051
f 2050 6465 5931
f 6465 835 5931
f 2229 6466 2048
f 6466 7357 2048
f 7356 304 6467
f 2049 6467 2230
f 2150 2229 6468
f 2150 6468 7131
f 801 6469 7130
f 6469 2230 2149
f 6470 6190 813
f 2145 6190 6470
f 6471 6189 2146
f 812 6189 6471
f 2052 6472 5936
f 6472 553 5936
f 5937 554 6473
f 5937 6473 2053
f 2231 6474 2032
f 6474 7367 2032
f 2030 6475 5879
f 6475 831 5879
f 6476 5880 2031
f 830 5880 6476
f 6477 5888 2034
f 551 5888 6477
f 6478 2033 2232
f 7366 2033 6478
f 2232 6479 2131
f 6479 7201 2131
f 6155 2132 6480
f 6155 6480 807
f 6481 6154 2133
f 806 6154 6481
f 2035 6482 5886
f 6482 552 5886
f 2135 2231 6483
f 2135 6483 7200
f 6484 6584 90
f 2233 2266 6484
f 6485 2265 2234
f 6583 2265 6485
f 6486 875 860
f 6597 875 6765
f 2238 6764 6598
f 861 874 6487
f 2235 7223 6708
f 861 891 6488
f 6489 890 860
f 6709 890 7222
f 2235 7295 6769
f 569 566 6490
f 6491 565 570
f 6768 565 7296
f 2240 6767 6595
f 858 847 6492
f 6493 846 859
f 6596 846 6766
f 6494 164 165
f 7227 164 7364
f 2238 7365 7226
f 303 308 6495
f 6496 573 570
f 6702 573 7225
f 2240 7224 6703
f 569 574 6497
f 6498 2201 2234
f 6590 2201 6498
f 6499 6589 858
f 2233 2202 6499
f 6500 2450 2241
f 7055 2450 6500
f 7054 302 6501
f 2449 6501 2242
f 863 6502 6645
f 6502 2242 2203
f 2241 6503 2204
f 6503 6644 2204
f 6504 2173 2243
f 7061 2173 6504
f 7060 566 6505
f 2174 6505 2244
f 2243 6506 2200
f 6506 6651 2200
f 836 6507 6650
f 6507 2244 2199
f 2245 6508 2296
f 6508 6647 2296
f 561 6509 6646
f 6509 2246 2295
f 7059 863 6510
f 2171 6510 2246
f 6511 2172 2245
f 7058 2172 6511
f 6512 6280 2168
f 846 6280 6512
f 6281 847 6513
f 6281 6513 2167
f 6514 880 865
f 6636 880 6826
f 6515 2213 2247
f 6634 2213 6515
f 6516 893 865
f 6734 893 7261
f 6517 567 571
f 6827 567 7307
f 6518 852 864
f 6635 852 6829
f 6519 576 571
f 6731 576 7262
f 6520 2282 2247
f 6609 2282 6520
f 6521 311 312
f 7263 311 7371
f 2281 2251 6522
f 2281 6522 6603
f 83 81 6523
f 83 7370 7258
f 892 867 6524
f 892 7256 6726
f 572 6525 568
f 7308 6830 568
f 866 6526 853
f 6832 6640 853
f 575 572 6527
f 575 7257 6723
f 867 6528 881
f 6833 6643 881
f 2251 6529 2214
f 6529 6637 2214
f 5598 327 6530
f 5598 6530 1911
f 1912 6531 5599
f 6531 235 5599
f 2181 6532 6309
f 6532 852 6309
f 2255 6533 2179
f 6533 7118 2179
f 2220 2255 6534
f 2220 6534 6672
f 2305 2256 6535
f 2305 6535 6674
f 2256 6536 2177
f 6536 7117 2177
f 6537 2180 2257
f 7122 2180 6537
f 6538 2464 2259
f 7124 2464 6538
f 6539 6310 2175
f 853 6310 6539
f 2258 6540 2463
f 6540 7116 2463
f 2257 6541 2219
f 6541 6673 2219
f 2260 6542 2306
f 6542 6677 2306
f 6543 2176 2260
f 7121 2176 6543
f 2259 6544 2217
f 6544 6676 2217
f 2218 2258 6545
f 2218 6545 6679
f 5883 2031 6546
f 5883 6546 543
f 2030 6547 5882
f 6547 544 5882
f 5935 546 6548
f 5935 6548 2051
f 2050 6549 5934
f 6549 545 5934
f 2562 6550 7669
f 6550 173 172
f 6551 437 411
f 7667 437 6551
f 2173 6552 6287
f 6552 822 6287
f 6286 823 6553
f 6286 6553 2174
f 6277 850 6554
f 6277 6554 2170
f 2169 6555 6276
f 6555 851 6276
f 2261 6556 2172
f 6556 7199 2172
f 7198 558 6557
f 2171 6557 2262
f 2210 2261 6558
f 2210 6558 6719
f 839 6559 6718
f 6559 2262 2209
f 2182 6560 6297
f 6560 856 6297
f 2263 6561 2177
f 6561 7251 2177
f 2176 2264 6562
f 2176 6562 7250
f 6302 2180 6563
f 6302 6563 825
f 2226 2263 6564
f 2226 6564 6754
f 6565 2224 2264
f 6755 2224 6565
f 6308 2178 6566
f 6308 6566 857
f 2179 6567 6304
f 6567 824 6304
f 5556 201 6568
f 5556 6568 1899
f 2036 6569 5896
f 6569 771 5896
f 5904 2041 6570
f 5904 6570 769
f 7005 6710 2269
f 891 6571 872
f 873 6572 890
f 7004 6711 890
f 6701 871 6573
f 2233 6573 2266
f 2265 6574 2234
f 6574 6700 2234
f 6575 899 873
f 6784 899 7235
f 2268 7234 6785
f 872 898 6576
f 573 6577 570
f 7301 7007 570
f 7302 7006 2268
f 569 6578 574
f 870 6579 859
f 7009 6704 859
f 7008 6705 2271
f 858 6580 871
f 2271 7237 6778
f 574 577 6581
f 6582 578 573
f 6779 578 7236
f 6583 2302 2265
f 6665 2302 6583
f 6584 6664 90
f 2266 2301 6584
f 2269 7354 7233
f 308 306 6585
f 6586 202 164
f 7232 202 7355
f 5953 2056 6587
f 5953 6587 776
f 777 6588 5952
f 6588 2057 5952
f 6589 6388 858
f 2202 6388 6589
f 6590 6389 2201
f 859 6389 6590
f 6591 7177 569
f 2273 2199 6591
f 6592 2200 2274
f 7176 2200 6592
f 6593 7173 303
f 2275 2474 6593
f 6594 2473 2276
f 7172 2473 6594
f 6767 847 6595
f 2240 6595 2273
f 2274 6596 2239
f 6596 6766 2239
f 2276 6597 2237
f 6597 6765 2237
f 6764 874 6598
f 2238 6598 2275
f 6769 566 6599
f 2340 6599 2277
f 2278 6600 2339
f 6600 6768 2339
f 6601 2197 2278
f 7179 2197 6601
f 6602 7178 874
f 2277 2198 6602
f 6603 2311 2281
f 6690 2311 6603
f 301 311 6604
f 301 7358 7268
f 6605 911 879
f 6880 911 7273
f 6606 572 575
f 7077 572 7309
f 6607 866 876
f 6724 866 7079
f 6608 580 575
f 6875 580 7274
f 2307 2282 6609
f 2307 6609 6683
f 6610 892 879
f 6727 892 7076
f 910 878 6611
f 910 7269 6873
f 576 6612 571
f 7310 7080 571
f 877 6613 864
f 7081 6732 864
f 579 576 6614
f 579 7270 6870
f 6615 85 83
f 7275 85 7359
f 2282 6616 2247
f 6616 6729 2247
f 878 6617 893
f 7083 6735 893
f 6618 2251 2281
f 6728 2251 6618
f 6619 5979 2066
f 845 5979 6619
f 6620 2069 2287
f 7379 2069 6620
f 2288 6621 2186
f 6621 7298 2186
f 2287 6622 2187
f 6622 7297 2187
f 6313 2183 6623
f 6313 6623 826
f 6624 5980 2067
f 844 5980 6624
f 6625 5988 2071
f 560 5988 6625
f 6626 5986 2070
f 559 5986 6626
f 6323 2188 6627
f 6323 6627 827
f 6628 2068 2288
f 7378 2068 6628
f 11789 11750 3971
f 6629 11747 448
f 2289 6630 2363
f 6630 6827 2363
f 6631 2216 2289
f 7208 2216 6631
f 6632 2478 2291
f 7211 2478 6632
f 6633 2220 2290
f 7210 2220 6633
f 6634 6427 2213
f 864 6427 6634
f 2290 6635 2250
f 6635 6829 2250
f 2291 6636 2249
f 6636 6826 2249
f 2214 6637 6415
f 6637 866 6415
f 2292 6638 2219
f 6638 7217 2219
f 2293 6639 2479
f 6639 7214 2479
f 2254 2292 6640
f 2254 6640 6832
f 2364 2294 6641
f 2364 6641 6830
f 2294 6642 2215
f 6642 7213 2215
f 2253 2293 6643
f 2253 6643 6833
f 2204 6644 6385
f 6644 862 6385
f 863 6645 6384
f 6645 2203 6384
f 561 6646 7283
f 6646 2295 2198
f 2296 6647 2197
f 6647 7282 2197
f 6648 7057 848
f 2295 2246 6648
f 2245 2296 6649
f 2245 6649 7056
f 836 6650 6379
f 6650 2199 6379
f 2200 6651 6378
f 6651 837 6378
f 6652 5629 1925
f 423 5629 6652
f 6653 5631 1921
f 65 5631 6653
f 549 6654 6027
f 6654 2086 6027
f 6026 2087 6655
f 6026 6655 550
f 6894 2297 7193
f 6656 885 913
f 912 884 6657
f 912 7192 6895
f 7291 7095 2297
f 574 6658 577
f 578 6659 573
f 7292 7094 573
f 7097 6780 2300
f 871 6660 882
f 883 6661 870
f 7096 6781 870
f 581 578 6662
f 581 7191 6884
f 6885 2300 7190
f 6663 577 582
f 90 6664 6737
f 6664 2301 2330
f 2329 2302 6665
f 2329 6665 6736
f 884 6666 899
f 7093 6786 899
f 7092 6787 2304
f 898 6667 885
f 177 202 6668
f 177 7320 7187
f 7186 2304 7321
f 6669 306 307
f 2302 6670 2265
f 6670 6775 2265
f 6774 882 6671
f 2266 6671 2301
f 6422 2220 6672
f 6422 6672 842
f 2219 6673 6421
f 6673 840 6421
f 2216 2305 6674
f 2216 6674 7293
f 6675 2256 2305
f 7120 2256 6675
f 2217 6676 6417
f 6676 869 6417
f 2306 6677 2215
f 6677 7294 2215
f 2260 2306 6678
f 2260 6678 7123
f 6429 2218 6679
f 6429 6679 868
f 2066 6680 5984
f 6680 548 5984
f 5981 2067 6681
f 5981 6681 547
f 6682 300 301
f 7241 300 7326
f 6683 2347 2307
f 6796 2347 6683
f 6684 2282 2307
f 6868 2282 6684
f 6685 934 887
f 7041 934 7240
f 6686 877 886
f 6871 877 7152
f 6687 576 579
f 7153 576 7305
f 6688 583 579
f 7043 583 7244
f 6689 910 887
f 6869 910 7155
f 2359 2311 6690
f 2359 6690 6814
f 889 6691 911
f 7159 6881 911
f 87 85 6692
f 87 7327 7248
f 2311 6693 2281
f 6693 6876 2281
f 935 889 6694
f 935 7245 7048
f 888 6695 876
f 7156 6878 876
f 580 6696 575
f 7306 7157 575
f 586 580 6697
f 586 7249 7050
f 2317 6698 2481
f 6698 7227 2481
f 7226 308 6699
f 2480 6699 2318
f 2234 6700 6498
f 6700 870 6498
f 6499 871 6701
f 6499 6701 2233
f 2315 6702 2239
f 6702 7225 2239
f 7224 574 6703
f 2240 6703 2316
f 2272 2315 6704
f 2272 6704 7009
f 858 6705 7008
f 6705 2316 2271
f 2430 2319 6706
f 2430 6706 7007
f 569 6707 7006
f 6707 2320 2429
f 7223 891 6708
f 2235 6708 2320
f 2319 6709 2236
f 6709 7222 2236
f 891 6710 7005
f 6710 2318 2269
f 2270 2317 6711
f 2270 6711 7004
f 2321 6712 2212
f 6712 7319 2212
f 7318 821 6713
f 2211 6713 2322
f 6714 6107 850
f 2109 6107 6714
f 6715 6108 2108
f 851 6108 6715
f 6716 6105 2111
f 562 6105 6716
f 6717 6106 561
f 2110 6106 6717
f 839 6718 6409
f 6718 2209 6409
f 6408 2210 6719
f 6408 6719 838
f 6720 2112 2321
f 7381 2112 6720
f 6721 7380 305
f 2322 2113 6721
f 6722 2486 2323
f 7258 2486 6722
f 6723 2254 2324
f 7257 2254 6723
f 2324 6724 2280
f 6724 7079 2280
f 2325 6725 2453
f 6725 7077 2453
f 6726 2252 2325
f 7256 2252 6726
f 2323 6727 2285
f 6727 7076 2285
f 6728 6529 2251
f 876 6529 6728
f 2247 6729 6515
f 6729 877 6515
f 2327 6730 2487
f 6730 7263 2487
f 2326 6731 2250
f 6731 7262 2250
f 2286 2326 6732
f 2286 6732 7081
f 2454 2328 6733
f 2454 6733 7080
f 2328 6734 2248
f 6734 7261 2248
f 2284 2327 6735
f 2284 6735 7083
f 6736 2356 2329
f 6799 2356 6736
f 6737 6798 90
f 2330 2355 6737
f 6738 908 897
f 6865 908 7068
f 2333 7069 6864
f 896 909 6739
f 6740 912 897
f 6891 912 7084
f 2331 7085 6890
f 896 913 6741
f 2331 7207 7072
f 307 298 6742
f 6743 166 177
f 7073 166 7206
f 2335 7071 6856
f 582 584 6744
f 6745 585 581
f 6857 585 7070
f 2333 7253 7088
f 582 577 6746
f 6747 578 581
f 7089 578 7252
f 6748 883 894
f 6888 883 7087
f 2335 7086 6889
f 895 882 6749
f 6750 6883 895
f 2330 2301 6750
f 6751 2302 2329
f 6882 2302 6751
f 6752 5639 1928
f 244 5639 6752
f 6753 5640 314
f 1929 5640 6753
f 6445 2226 6754
f 6445 6754 843
f 6755 6440 2224
f 841 6440 6755
f 2118 6756 6121
f 6756 857 6121
f 2337 6757 2119
f 6757 7389 2119
f 2121 6758 6126
f 6758 563 6126
f 6759 2120 2338
f 7388 2120 6759
f 2223 2337 6760
f 2223 6760 7322
f 2338 6761 2221
f 6761 7323 2221
f 6762 6129 2122
f 856 6129 6762
f 6763 6132 2123
f 564 6132 6763
f 6487 874 6764
f 6487 6764 2238
f 2237 6765 6486
f 6765 875 6486
f 2239 6766 6493
f 6766 846 6493
f 6492 847 6767
f 6492 6767 2240
f 2339 6768 2236
f 6768 7296 2236
f 7295 566 6769
f 2235 6769 2340
f 2278 2339 6770
f 2278 6770 7175
f 861 6771 7174
f 6771 2340 2277
f 6045 788 6772
f 6045 6772 2092
f 2093 6773 6044
f 6773 789 6044
f 6573 882 6774
f 6573 6774 2266
f 2265 6775 6574
f 6775 883 6574
f 7233 306 6776
f 2483 6776 2341
f 2342 6777 2482
f 6777 7232 2482
f 7237 577 6778
f 2271 6778 2343
f 2344 6779 2272
f 6779 7236 2272
f 871 6780 7097
f 6780 2343 2300
f 2299 2344 6781
f 2299 6781 7096
f 574 6782 7095
f 6782 2345 2458
f 2457 2346 6783
f 2457 6783 7094
f 2346 6784 2267
f 6784 7235 2267
f 7234 898 6785
f 2268 6785 2345
f 2303 2342 6786
f 2303 6786 7093
f 898 6787 7092
f 6787 2341 2304
f 5998 2073 6788
f 5998 6788 783
f 2075 6789 6005
f 6789 782 6005
f 901 6790 934
f 7160 7046 934
f 2347 6791 2307
f 6791 7044 2307
f 933 901 6792
f 933 7148 7038
f 591 583 6793
f 591 7150 7035
f 583 6794 579
f 7280 7161 579
f 900 6795 886
f 7163 7045 886
f 2425 2347 6796
f 6959 2425 6968
f 299 300 6797
f 299 7267 7151
f 88 90 6798
f 88 7265 7132
f 7133 2356 7264
f 6799 93 91
f 2353 6800 2428
f 6800 7001 2428
f 7000 904 6801
f 2427 6801 2354
f 6855 298 6802
f 2370 6802 2357
f 2358 6803 2369
f 6803 6854 2369
f 930 902 6804
f 930 7136 7019
f 7018 2351 7137
f 6805 903 931
f 6859 902 6806
f 2330 6806 2355
f 2356 6807 2329
f 6807 6858 2329
f 2351 6808 2372
f 6808 6857 2372
f 6856 584 6809
f 2371 6809 2352
f 6989 2358 7023
f 6810 905 922
f 927 904 6811
f 927 7022 6992
f 7129 6996 2354
f 582 6812 584
f 585 6813 581
f 7128 6997 581
f 6814 2420 2359
f 2420 6964 6963
f 6815 89 87
f 7142 89 7266
f 6816 932 907
f 7030 932 7144
f 6817 590 586
f 7027 590 7145
f 6818 580 586
f 7164 580 7281
f 6819 888 906
f 7052 888 7166
f 6820 935 907
f 7053 935 7167
f 6821 2311 2359
f 7049 2311 6821
f 2365 6822 6837
f 6822 189 166
f 6823 91 89
f 6836 91 6823
f 6824 6835 2367
f 298 299 6824
f 86 88 6825
f 86 6825 6834
f 2249 6826 6514
f 6826 880 6514
f 2363 6827 2248
f 6827 7307 2248
f 2289 2363 6828
f 2289 6828 7209
f 2250 6829 6518
f 6829 852 6518
f 2252 2364 6830
f 2252 6830 7308
f 6831 2294 2364
f 7216 2294 6831
f 6526 2254 6832
f 6526 6832 853
f 6528 2253 6833
f 6528 6833 881
f 86 6834 6959
f 6834 2368 2388
f 2367 6835 2390
f 6835 6958 2390
f 6957 91 6836
f 2392 6836 2366
f 2394 2365 6837
f 2394 6837 6956
f 6948 6947 2409
f 6838 589 588
f 6839 920 921
f 6949 920 6839
f 6946 2407 6840
f 590 6840 588
f 589 6841 588
f 588 6938 6937
f 2404 6842 6939
f 6842 919 918
f 6843 590 588
f 6936 590 6843
f 6927 2401 6928
f 587 6844 591
f 916 917 6845
f 916 6845 6929
f 6846 6926 2399
f 587 592 6846
f 587 591 6847
f 6918 6917 587
f 6848 6919 2396
f 915 914 6848
f 587 6849 592
f 6849 6916 592
f 921 920 6850
f 921 6850 6911
f 6906 2366 6851
f 919 6851 918
f 916 6852 917
f 6852 6901 917
f 2368 6853 6896
f 6853 914 915
f 2369 6854 2452
f 6854 7073 2452
f 7072 298 6855
f 2451 6855 2370
f 7071 584 6856
f 2335 6856 2371
f 2372 6857 2336
f 6857 7070 2336
f 2329 6858 6751
f 6858 903 6751
f 6750 902 6859
f 6750 6859 2330
f 895 6860 6999
f 6860 2371 2352
f 2351 2372 6861
f 2351 6861 6998
f 2428 2373 6862
f 2428 6862 6997
f 582 6863 6996
f 6863 2374 2427
f 7069 909 6864
f 2333 6864 2374
f 2373 6865 2334
f 6865 7068 2334
f 909 6866 7003
f 6866 2370 2357
f 2358 2369 6867
f 2358 6867 7002
f 6868 6616 2282
f 886 6616 6868
f 2376 6869 2308
f 6869 7155 2308
f 6870 2286 2375
f 7270 2286 6870
f 2375 6871 2310
f 6871 7152 2310
f 2377 6872 2469
f 6872 7153 2469
f 6873 2283 2377
f 7269 2283 6873
f 6874 2488 2376
f 7268 2488 6874
f 2378 6875 2280
f 6875 7274 2280
f 2281 6876 6618
f 6876 888 6618
f 2379 6877 2489
f 6877 7275 2489
f 2314 2378 6878
f 2314 6878 7156
f 2470 2380 6879
f 2470 6879 7157
f 2380 6880 2279
f 6880 7273 2279
f 2312 2379 6881
f 2312 6881 7159
f 6882 6670 2302
f 894 6670 6882
f 6883 6671 895
f 2301 6671 6883
f 6884 2299 2381
f 7191 2299 6884
f 6885 7190 582
f 2382 2300 6885
f 6886 2476 2383
f 7187 2476 6886
f 6887 7186 307
f 2384 2475 6887
f 2381 6888 2336
f 6888 7087 2336
f 7086 882 6889
f 2335 6889 2382
f 7085 913 6890
f 2331 6890 2384
f 2383 6891 2332
f 6891 7084 2332
f 2385 6892 2456
f 6892 7089 2456
f 7088 577 6893
f 2455 6893 2386
f 6894 7193 913
f 2386 2297 6894
f 6895 2298 2385
f 7192 2298 6895
f 2388 2368 6896
f 2388 6896 6897
f 6897 6898 2388
f 915 928 6897
f 2388 6898 2425
f 6898 6995 2425
f 914 6899 929
f 6899 6900 929
f 6900 6994 929
f 2387 2426 6900
f 6901 6902 917
f 2367 2390 6901
f 917 6902 926
f 6902 6903 926
f 6903 6993 926
f 2390 2423 6903
f 6904 6905 2389
f 916 927 6904
f 2389 6905 2424
f 6905 6992 2424
f 6906 2392 2366
f 6907 2392 6906
f 6908 2392 6907
f 924 6907 919
f 6908 2421 2392
f 6991 2421 6908
f 6909 925 918
f 6910 925 6909
f 6990 925 6910
f 2422 6910 2391
f 921 6911 6912
f 6911 2365 2394
f 6912 922 921
f 6913 922 6912
f 6989 922 6913
f 2419 6913 2394
f 6915 2393 6914
f 923 6914 920
f 6915 2420 2393
f 6988 2420 6915
f 6916 6987 592
f 2395 2418 6916
f 2397 2396 6917
f 2397 6917 6918
f 6918 6847 2397
f 587 6847 6918
f 2396 6919 2395
f 6919 6920 2395
f 6920 6921 2395
f 914 929 6920
f 2395 6921 2418
f 6921 6986 2418
f 6922 6923 915
f 2397 2398 6922
f 915 6923 928
f 6923 6924 928
f 6924 6985 928
f 2398 2417 6924
f 2398 6925 2417
f 6925 6984 2417
f 2399 6926 2416
f 6926 6983 2416
f 6927 6928 587
f 2400 2401 6927
f 587 6928 6844
f 6928 2401 6844
f 6929 6930 916
f 2400 2399 6929
f 916 6930 927
f 6930 6931 927
f 6931 6982 927
f 2399 2416 6931
f 2401 6932 2402
f 6932 6933 2402
f 6933 6934 2402
f 917 926 6933
f 2402 6934 2415
f 6934 6981 2415
f 6935 6980 591
f 2402 2415 6935
f 6979 590 6936
f 2414 6936 2403
f 6937 2405 2404
f 6938 2405 6937
f 6841 2405 6938
f 6841 6938 588
f 6939 2403 2404
f 6940 2403 6939
f 6941 2403 6940
f 925 6940 918
f 6941 2414 2403
f 6978 2414 6941
f 6943 919 6942
f 2406 6942 2405
f 6943 924 919
f 6944 924 6943
f 6977 924 6944
f 2413 6944 2406
f 6945 2413 2406
f 6976 2413 6945
f 6946 2412 2407
f 6975 2412 6946
f 588 6947 6948
f 6947 2408 2409
f 6948 6838 588
f 2409 6838 6948
f 6950 920 6949
f 2407 6949 2408
f 6950 923 920
f 6951 923 6950
f 6974 923 6951
f 2412 6951 2407
f 6952 2410 2409
f 6953 2410 6952
f 6954 2410 6953
f 922 6953 921
f 6954 2411 2410
f 6973 2411 6954
f 6972 589 6955
f 2411 6955 2410
f 6956 2419 2394
f 6971 2419 6956
f 6970 91 6957
f 2421 6957 2392
f 2390 6958 2423
f 6958 6969 2423
f 6959 6968 86
f 2388 2425 6959
f 2387 6960 2426
f 6960 6967 2426
f 6961 6966 298
f 2389 2424 6961
f 6962 2422 2391
f 6965 2422 6962
f 6964 189 6963
f 2420 6963 2393
f 189 6964 6814
f 6964 2420 6814
f 2422 6965 2437
f 6965 7032 2437
f 6966 6802 298
f 2424 6802 6966
f 6967 2431 2426
f 7025 2431 6967
f 6968 6796 86
f 2425 6796 6968
f 6969 2440 2423
f 7034 2440 6969
f 6970 7024 91
f 2421 2432 6970
f 6971 6803 2419
f 166 6803 6971
f 6972 7013 589
f 2411 2434 6972
f 2411 7102 7017
f 922 905 6973
f 923 6974 906
f 7109 7028 906
f 2412 6975 2438
f 6975 7027 2438
f 2413 7183 7104
f 589 585 6976
f 6977 7107 924
f 2413 2459 6977
f 2414 6978 2461
f 6978 7111 2461
f 590 6979 586
f 7184 7108 586
f 6980 583 591
f 7113 583 7185
f 6981 2462 2415
f 7115 2462 6981
f 6982 904 927
f 7016 904 7103
f 6983 2433 2416
f 7012 2433 6983
f 6984 2441 2417
f 7035 2441 6984
f 6985 900 928
f 7036 900 7114
f 6986 2460 2418
f 7106 2460 6986
f 6987 584 592
f 7105 584 7182
f 2420 6988 2359
f 6988 7031 2359
f 6989 7023 922
f 2419 2358 6989
f 925 6990 932
f 7110 7026 932
f 2421 7101 7020
f 924 931 6991
f 6992 2357 2424
f 7022 2357 6992
f 6993 933 926
f 7039 933 7112
f 6994 930 929
f 7021 930 7100
f 6995 2347 2425
f 7033 2347 6995
f 582 6996 7129
f 6996 2427 2354
f 2353 2428 6997
f 2353 6997 7128
f 6805 2351 6998
f 6805 6998 894
f 895 6999 6804
f 6999 2352 6804
f 7000 7067 904
f 2427 2374 7000
f 7001 2373 2428
f 7066 2373 7001
f 6810 2358 7002
f 6810 7002 908
f 909 7003 6811
f 7003 2357 6811
f 6572 2270 7004
f 6572 7004 890
f 891 7005 6571
f 7005 2269 6571
f 569 7006 7302
f 7006 2429 2268
f 2267 2430 7007
f 2267 7007 7301
f 858 7008 6580
f 7008 2271 6580
f 6579 2272 7009
f 6579 7009 859
f 7010 7221 872
f 2429 2320 7010
f 7011 2319 2430
f 7220 2319 7011
f 7012 2354 2433
f 7139 2354 7012
f 7013 7138 589
f 2434 2353 7013
f 2435 7014 2460
f 7014 7105 2460
f 7104 585 7015
f 2459 7015 2436
f 2433 7016 2416
f 7016 7103 2416
f 7102 905 7017
f 2411 7017 2434
f 7018 7137 931
f 2436 2351 7018
f 7019 2352 2435
f 7136 2352 7019
f 7101 931 7020
f 2421 7020 2432
f 2431 7021 2426
f 7021 7100 2426
f 7022 6811 2357
f 927 6811 7022
f 7023 6810 922
f 2358 6810 7023
f 7024 7133 91
f 2432 2465 7024
f 7025 2466 2431
f 7132 2466 7025
f 2422 2437 7026
f 2422 7026 7110
f 2438 7027 2362
f 7027 7145 2362
f 2412 2438 7028
f 2412 7028 7109
f 2461 2439 7029
f 2461 7029 7108
f 2439 7030 2361
f 7030 7144 2361
f 2359 7031 6821
f 7031 923 6821
f 2437 7032 2467
f 7032 7142 2467
f 7033 6791 2347
f 928 6791 7033
f 7034 2468 2440
f 7151 2468 7034
f 7035 2350 2441
f 7150 2350 7035
f 2441 7036 2417
f 7036 7114 2417
f 2442 7037 2462
f 7037 7113 2462
f 7038 2349 2442
f 7148 2349 7038
f 2440 7039 2423
f 7039 7112 2423
f 2471 2443 7040
f 2471 7040 7161
f 2443 7041 2309
f 7041 7240 2309
f 2445 7042 2484
f 7042 7241 2484
f 2444 7043 2310
f 7043 7244 2310
f 2307 7044 6684
f 7044 900 6684
f 2350 2444 7045
f 2350 7045 7163
f 2348 2445 7046
f 2348 7046 7160
f 2446 7047 2472
f 7047 7164 2472
f 7048 2313 2446
f 7245 2313 7048
f 7049 6693 2311
f 906 6693 7049
f 7050 2314 2447
f 7249 2314 7050
f 7051 2485 2448
f 7248 2485 7051
f 2447 7052 2362
f 7052 7166 2362
f 2448 7053 2360
f 7053 7167 2360
f 7387 302 7054
f 2170 7054 2449
f 7055 2169 2450
f 7386 2169 7055
f 6511 2245 7056
f 6511 7056 849
f 7057 6510 848
f 2246 6510 7057
f 7058 6283 2172
f 862 6283 7058
f 6282 863 7059
f 6282 7059 2171
f 6289 566 7060
f 6289 7060 2174
f 7061 6288 2173
f 565 6288 7061
f 839 7062 7333
f 7062 2449 2242
f 2450 7063 2241
f 7063 7332 2241
f 2118 7064 6122
f 7064 551 6122
f 2122 7065 6130
f 7065 552 6130
f 7066 6865 2373
f 905 6865 7066
f 7067 6864 904
f 2374 6864 7067
f 2334 7068 6738
f 7068 908 6738
f 6739 909 7069
f 6739 7069 2333
f 2336 7070 6745
f 7070 585 6745
f 6744 584 7071
f 6744 7071 2335
f 7207 298 7072
f 2331 7072 2451
f 2452 7073 2332
f 7073 7206 2332
f 896 7074 7169
f 7074 2451 2370
f 2369 2452 7075
f 2369 7075 7168
f 2285 7076 6610
f 7076 892 6610
f 2453 7077 2279
f 7077 7309 2279
f 2325 2453 7078
f 2325 7078 7254
f 2280 7079 6607
f 7079 866 6607
f 2283 2454 7080
f 2283 7080 7310
f 6613 2286 7081
f 6613 7081 864
f 7082 2328 2454
f 7260 2328 7082
f 6617 2284 7083
f 6617 7083 893
f 2332 7084 6740
f 7084 912 6740
f 6741 913 7085
f 6741 7085 2331
f 6749 882 7086
f 6749 7086 2335
f 2336 7087 6748
f 7087 883 6748
f 7253 577 7088
f 2333 7088 2455
f 2456 7089 2334
f 7089 7252 2334
f 896 7090 7189
f 7090 2455 2386
f 2385 2456 7091
f 2385 7091 7188
f 898 7092 6667
f 7092 2304 6667
f 6666 2303 7093
f 6666 7093 899
f 2298 2457 7094
f 2298 7094 7292
f 574 7095 7291
f 7095 2458 2297
f 6661 2299 7096
f 6661 7096 870
f 871 7097 6660
f 7097 2300 6660
f 7098 2346 2457
f 7231 2346 7098
f 7099 7230 885
f 2458 2345 7099
f 2426 7100 6994
f 7100 930 6994
f 6991 931 7101
f 6991 7101 2421
f 6973 905 7102
f 6973 7102 2411
f 2416 7103 6982
f 7103 904 6982
f 7183 585 7104
f 2413 7104 2459
f 2460 7105 2418
f 7105 7182 2418
f 2435 2460 7106
f 2435 7106 7135
f 924 7107 7134
f 7107 2459 2436
f 2414 2461 7108
f 2414 7108 7184
f 6974 2412 7109
f 6974 7109 906
f 6990 2422 7110
f 6990 7110 932
f 7111 2439 2461
f 7143 2439 7111
f 2423 7112 6993
f 7112 933 6993
f 2462 7113 2415
f 7113 7185 2415
f 2417 7114 6985
f 7114 900 6985
f 2442 2462 7115
f 2442 7115 7149
f 2463 7116 2182
f 7116 7391 2182
f 2177 7117 6300
f 7117 868 6300
f 2179 7118 6305
f 7118 567 6305
f 2464 7119 2259
f 7119 7337 2259
f 7120 6536 2256
f 855 6536 7120
f 7121 6299 2176
f 869 6299 7121
f 7122 6306 2180
f 568 6306 7122
f 6543 2260 7123
f 6543 7123 854
f 7124 2178 2464
f 7390 2178 7124
f 2258 2463 7125
f 2258 7125 7336
f 7126 403 433
f 7693 403 7126
f 2564 7127 7691
f 7127 267 259
f 6813 2353 7128
f 6813 7128 581
f 582 7129 6812
f 7129 2354 6812
f 801 7130 6198
f 7130 2149 6198
f 6197 2150 7131
f 6197 7131 800
f 7132 2355 2466
f 7265 2355 7132
f 7133 7264 91
f 2465 2356 7133
f 924 7134 7018
f 7134 2436 7018
f 7019 2435 7135
f 7019 7135 929
f 7136 6804 2352
f 930 6804 7136
f 7137 6805 931
f 2351 6805 7137
f 7138 6813 589
f 2353 6813 7138
f 7139 6812 2354
f 592 6812 7139
f 7203 903 7140
f 2432 7140 2465
f 2466 7141 2431
f 7141 7202 2431
f 2467 7142 2360
f 7142 7266 2360
f 7143 7030 2439
f 925 7030 7143
f 2361 7144 6816
f 7144 932 6816
f 2362 7145 6817
f 7145 590 6817
f 2437 2467 7146
f 2437 7146 7204
f 2468 7147 2440
f 7147 7205 2440
f 7148 6792 2349
f 933 6792 7148
f 7038 2442 7149
f 7038 7149 926
f 7150 6793 2350
f 591 6793 7150
f 7151 2348 2468
f 7267 2348 7151
f 2310 7152 6686
f 7152 877 6686
f 2469 7153 2309
f 7153 7305 2309
f 2377 2469 7154
f 2377 7154 7272
f 2308 7155 6689
f 7155 910 6689
f 6695 2314 7156
f 6695 7156 876
f 2313 2470 7157
f 2313 7157 7306
f 7158 2380 2470
f 7277 2380 7158
f 6691 2312 7159
f 6691 7159 911
f 6790 2348 7160
f 6790 7160 934
f 2349 2471 7161
f 2349 7161 7280
f 7162 2443 2471
f 7243 2443 7162
f 6795 2350 7163
f 6795 7163 886
f 2472 7164 2361
f 7164 7281 2361
f 2446 2472 7165
f 2446 7165 7247
f 2362 7166 6819
f 7166 888 6819
f 2360 7167 6820
f 7167 935 6820
f 6867 2369 7168
f 6867 7168 897
f 896 7169 6866
f 7169 2370 6866
f 1940 7170 5669
f 7170 422 5669
f 1936 7171 5654
f 7171 67 5654
f 7172 2204 2473
f 7377 2204 7172
f 7173 7376 303
f 2474 2203 7173
f 861 7174 6602
f 7174 2277 6602
f 6601 2278 7175
f 6601 7175 860
f 7176 6381 2200
f 570 6381 7176
f 7177 6380 569
f 2199 6380 7177
f 7178 6375 874
f 2198 6375 7178
f 7179 6374 2197
f 875 6374 7179
f 2473 7180 2276
f 7180 7335 2276
f 7334 848 7181
f 2275 7181 2474
f 2418 7182 6987
f 7182 584 6987
f 6976 585 7183
f 6976 7183 2413
f 6979 2414 7184
f 6979 7184 586
f 2415 7185 6980
f 7185 583 6980
f 7186 7321 307
f 2475 2304 7186
f 7187 2303 2476
f 7320 2303 7187
f 6895 2385 7188
f 6895 7188 897
f 896 7189 6894
f 7189 2386 6894
f 7190 6663 582
f 2300 6663 7190
f 7191 6662 2299
f 581 6662 7191
f 7192 6657 2298
f 912 6657 7192
f 7193 6656 913
f 2297 6656 7193
f 7288 885 7194
f 2384 7194 2475
f 2476 7195 2383
f 7195 7287 2383
f 7196 36 38
f 7279 36 7286
f 7197 7464 335
f 2477 2000 7197
f 6284 558 7198
f 6284 7198 2171
f 2172 7199 6285
f 7199 557 6285
f 6160 2135 7200
f 6160 7200 795
f 2131 7201 6159
f 7201 794 6159
f 2431 7202 7021
f 7202 902 7021
f 7020 903 7203
f 7020 7203 2432
f 7026 2437 7204
f 7026 7204 907
f 2440 7205 7039
f 7205 901 7039
f 2332 7206 6743
f 7206 166 6743
f 6742 298 7207
f 6742 7207 2331
f 7208 6419 2216
f 880 6419 7208
f 6631 2289 7209
f 6631 7209 865
f 7210 6426 2220
f 571 6426 7210
f 7211 2218 2478
f 7382 2218 7211
f 2478 7212 2291
f 7212 7342 2291
f 2215 7213 6418
f 7213 881 6418
f 2479 7214 2217
f 7214 7383 2217
f 2293 2479 7215
f 2293 7215 7343
f 7216 6642 2294
f 867 6642 7216
f 2219 7217 6425
f 7217 572 6425
f 7218 5691 315
f 1950 5691 7218
f 7219 5692 1951
f 214 5692 7219
f 7220 6709 2319
f 873 6709 7220
f 7221 6708 872
f 2320 6708 7221
f 2236 7222 6489
f 7222 890 6489
f 6488 891 7223
f 6488 7223 2235
f 6497 574 7224
f 6497 7224 2240
f 2239 7225 6496
f 7225 573 6496
f 7365 308 7226
f 2238 7226 2480
f 2481 7227 2237
f 7227 7364 2237
f 861 7228 7331
f 7228 2480 2318
f 2317 2481 7229
f 2317 7229 7330
f 7230 6785 885
f 2345 6785 7230
f 7231 6784 2346
f 884 6784 7231
f 2482 7232 2270
f 7232 7355 2270
f 7354 306 7233
f 2269 7233 2483
f 6576 898 7234
f 6576 7234 2268
f 2267 7235 6575
f 7235 899 6575
f 2272 7236 6582
f 7236 578 6582
f 6581 577 7237
f 6581 7237 2271
f 2342 2482 7238
f 2342 7238 7317
f 872 7239 7316
f 7239 2483 2341
f 2309 7240 6685
f 7240 934 6685
f 2484 7241 2308
f 7241 7326 2308
f 2445 2484 7242
f 2445 7242 7303
f 7243 7041 2443
f 901 7041 7243
f 2310 7244 6688
f 7244 583 6688
f 7245 6694 2313
f 935 6694 7245
f 2485 7246 2448
f 7246 7304 2448
f 7048 2446 7247
f 7048 7247 907
f 7248 2312 2485
f 7327 2312 7248
f 7249 6697 2314
f 586 6697 7249
f 6301 2176 7250
f 6301 7250 560
f 2177 7251 6303
f 7251 559 6303
f 2334 7252 6747
f 7252 578 6747
f 6746 577 7253
f 6746 7253 2333
f 6726 2325 7254
f 6726 7254 879
f 2486 7255 2323
f 7255 7338 2323
f 7256 6524 2252
f 892 6524 7256
f 7257 6527 2254
f 575 6527 7257
f 7258 2253 2486
f 7370 2253 7258
f 2327 2487 7259
f 2327 7259 7339
f 7260 6734 2328
f 878 6734 7260
f 2248 7261 6516
f 7261 893 6516
f 2250 7262 6519
f 7262 576 6519
f 2487 7263 2249
f 7263 7371 2249
f 7264 6799 91
f 2356 6799 7264
f 7265 6798 2355
f 88 6798 7265
f 2360 7266 6815
f 7266 89 6815
f 7267 6797 2348
f 299 6797 7267
f 7268 2284 2488
f 7358 2284 7268
f 7269 6611 2283
f 910 6611 7269
f 7270 6614 2286
f 579 6614 7270
f 2488 7271 2376
f 7271 7324 2376
f 6873 2377 7272
f 6873 7272 887
f 2279 7273 6605
f 7273 911 6605
f 2280 7274 6608
f 7274 580 6608
f 2489 7275 2285
f 7275 7359 2285
f 2379 2489 7276
f 2379 7276 7325
f 7277 6880 2380
f 889 6880 7277
f 7814 2490 11734
f 7278 335 338
f 2490 7279 2477
f 7279 7286 2477
f 6794 2349 7280
f 6794 7280 579
f 2361 7281 6818
f 7281 580 6818
f 2197 7282 6376
f 7282 562 6376
f 561 7283 6377
f 7283 2198 6377
f 2568 7284 7698
f 7284 207 126
f 7285 331 412
f 7697 331 7285
f 2477 7286 7196
f 7286 36 7196
f 2383 7287 6891
f 7287 884 6891
f 6890 885 7288
f 6890 7288 2384
f 2574 7289 7711
f 7289 229 210
f 7290 386 362
f 7709 386 7290
f 574 7291 6658
f 7291 2297 6658
f 6659 2298 7292
f 6659 7292 573
f 6423 2216 7293
f 6423 7293 564
f 2215 7294 6420
f 7294 563 6420
f 6490 566 7295
f 6490 7295 2235
f 2236 7296 6491
f 7296 565 6491
f 2187 7297 6324
f 7297 807 6324
f 2186 7298 6325
f 7298 806 6325
f 7428 55 7299
f 2142 7299 2491
f 253 7300 7411
f 7300 2491 2503
f 6577 2267 7301
f 6577 7301 570
f 569 7302 6578
f 7302 2268 6578
f 7046 2445 7303
f 7046 7303 887
f 2448 7304 7053
f 7304 889 7053
f 2309 7305 6687
f 7305 576 6687
f 6696 2313 7306
f 6696 7306 575
f 2248 7307 6517
f 7307 567 6517
f 6525 2252 7308
f 6525 7308 568
f 2279 7309 6606
f 7309 572 6606
f 6612 2283 7310
f 6612 7310 571
f 5708 57 7311
f 5708 7311 1960
f 1982 7312 5758
f 7312 213 5758
f 5759 325 7313
f 5759 7313 1983
f 7314 5718 1967
f 69 5718 7314
f 1962 7315 5712
f 7315 434 5712
f 872 7316 6787
f 7316 2341 6787
f 6786 2342 7317
f 6786 7317 873
f 6413 821 7318
f 6413 7318 2211
f 2212 7319 6412
f 7319 820 6412
f 7320 6668 2303
f 177 6668 7320
f 7321 6669 307
f 2304 6669 7321
f 6441 2223 7322
f 6441 7322 826
f 2221 7323 6447
f 7323 827 6447
f 2376 7324 6869
f 7324 878 6869
f 6881 2379 7325
f 6881 7325 879
f 2308 7326 6682
f 7326 300 6682
f 7327 6692 2312
f 87 6692 7327
f 122 7328 11816
f 7328 2492 3979
f 11687 200 7329
f 1934 7329 2492
f 6711 2317 7330
f 6711 7330 860
f 861 7331 6710
f 7331 2318 6710
f 2241 7332 6503
f 7332 838 6503
f 839 7333 6502
f 7333 2242 6502
f 6598 848 7334
f 6598 7334 2275
f 2276 7335 6597
f 7335 849 6597
f 6545 2258 7336
f 6545 7336 843
f 2259 7337 6544
f 7337 841 6544
f 2323 7338 6727
f 7338 867 6727
f 6735 2327 7339
f 6735 7339 865
f 7340 421 417
f 7729 421 7340
f 2576 7341 7727
f 7341 204 219
f 2291 7342 6636
f 7342 855 6636
f 6643 2293 7343
f 6643 7343 854
f 7344 5827 326
f 2014 5827 7344
f 7345 5828 2015
f 216 5828 7345
f 1429 481 7346
f 1429 7346 2493
f 1430 479 7347
f 1430 7347 2494
f 597 7348 1513
f 7348 2493 1513
f 4010 621 7349
f 4010 7349 11885
f 4005 623 7350
f 4005 7350 11884
f 596 7351 1514
f 7351 2494 1514
f 7352 5793 1997
f 435 5793 7352
f 1998 7353 5795
f 7353 71 5795
f 6585 306 7354
f 6585 7354 2269
f 2270 7355 6586
f 7355 202 6586
f 5939 304 7356
f 5939 7356 2049
f 2048 7357 5938
f 7357 215 5938
f 7358 6604 2284
f 301 6604 7358
f 2285 7359 6615
f 7359 85 6615
f 7360 210 223
f 7743 210 7360
f 2580 7361 7741
f 7361 346 386
f 7362 433 402
f 7755 433 7362
f 2584 7363 7753
f 7363 258 267
f 2237 7364 6494
f 7364 164 6494
f 6495 308 7365
f 6495 7365 2238
f 7366 5887 2033
f 73 5887 7366
f 2032 7367 5885
f 7367 404 5885
f 7368 223 220
f 7767 223 7368
f 2588 7369 7765
f 7369 374 346
f 7370 6523 2253
f 83 6523 7370
f 2249 7371 6521
f 7371 311 6521
f 232 7372 7466
f 7372 2495 2514
f 2513 2496 7373
f 2513 7373 7465
f 2496 7374 2205
f 7374 7482 2205
f 7481 255 7375
f 2206 7375 2495
f 7376 6386 303
f 2203 6386 7376
f 7377 6387 2204
f 165 6387 7377
f 7378 5985 2068
f 340 5985 7378
f 7379 5987 2069
f 75 5987 7379
f 7380 6100 305
f 2113 6100 7380
f 7381 6099 2112
f 188 6099 7381
f 7382 6414 2218
f 312 6414 7382
f 2217 7383 6424
f 7383 81 6424
f 44 12029 11788
f 7384 2497 4056
f 11791 477 7385
f 1893 7385 2497
f 7386 6290 2169
f 176 6290 7386
f 6291 302 7387
f 6291 7387 2170
f 7388 6125 2120
f 310 6125 7388
f 2119 7389 6124
f 7389 77 6124
f 7390 6298 2178
f 79 6298 7390
f 2182 7391 6311
f 7391 309 6311
f 7392 172 200
f 7791 172 7392
f 2592 7393 7789
f 7393 436 437
f 2596 7394 7802
f 7394 275 284
f 7395 477 478
f 7801 477 7395
f 2498 7396 4208
f 7396 12516 4208
f 11871 936 7397
f 5466 7397 2500
f 1424 7398 11868
f 7398 1898 3996
f 1729 2498 7399
f 1729 7399 11723
f 4952 513 7400
f 4952 7400 2499
f 1425 7401 11866
f 7401 694 3998
f 1730 2499 7402
f 1730 7402 11726
f 345 7403 11855
f 7403 2500 347
f 2603 7404 7819
f 7404 131 120
f 7405 319 378
f 7817 319 7405
f 3982 2501 7406
f 3982 7406 11823
f 2501 7407 1894
f 7407 11840 1894
f 11720 2502 11842
f 7408 167 274
f 2502 7409 219
f 7409 237 219
f 7410 7617 53
f 2503 2491 7410
f 7411 7578 253
f 2503 2539 7411
f 7412 1413 937
f 7417 1413 7412
f 7414 2504 7413
f 1413 7413 937
f 7414 3936 2504
f 3936 11660 7437
f 7415 1412 937
f 7416 1412 7415
f 1412 11655 7477
f 3933 7416 2505
f 1413 11659 7441
f 3935 7417 2506
f 7419 2507 7418
f 1412 7418 937
f 7419 3934 2507
f 3934 11656 7473
f 285 11662 7433
f 3936 7420 2504
f 7421 3933 2505
f 3933 11657 7471
f 7422 3935 2506
f 3935 11661 7435
f 448 11658 7469
f 3934 7423 2507
f 7424 162 147
f 7832 162 7424
f 2606 7425 7831
f 7425 363 406
f 7426 320 319
f 7845 320 7426
f 2609 7427 7843
f 7427 120 117
f 6175 55 7428
f 6175 7428 2142
f 7429 263 262
f 7859 263 7429
f 2613 7430 7857
f 7430 418 419
f 7431 220 128
f 7873 220 7431
f 2617 7432 7871
f 7432 329 374
f 7433 3936 2508
f 11662 3936 7433
f 284 11605 7802
f 3908 7434 2509
f 11661 475 7435
f 3935 7435 2510
f 7436 3907 2511
f 3907 11606 7801
f 2508 7437 7438
f 7437 1413 938
f 7438 2509 2508
f 7439 2509 7438
f 7440 2509 7439
f 1399 7439 938
f 7440 3908 2509
f 3908 11604 7803
f 1413 7441 938
f 7441 7442 938
f 938 7442 7443
f 7442 2510 2511
f 7443 1399 938
f 7444 1399 7443
f 1399 11603 7806
f 3907 7444 2511
f 7445 417 416
f 7892 417 7445
f 2621 7446 7891
f 7446 191 204
f 7447 362 360
f 7907 362 7447
f 2625 7448 7905
f 7448 231 229
f 7449 411 410
f 7923 411 7449
f 2629 7450 7921
f 7450 171 173
f 7451 412 463
f 7935 412 7451
f 2633 7452 7933
f 7452 206 207
f 260 7453 11839
f 7453 261 257
f 4148 651 7454
f 4148 7454 12289
f 4322 499 7455
f 4322 7455 12286
f 652 7456 11962
f 7456 740 4533
f 4146 1875 7457
f 4146 7457 12288
f 1594 7458 11959
f 7458 1872 4032
f 7459 11958 272
f 2512 4032 7459
f 7460 402 339
f 7951 402 7460
f 2637 7461 7949
f 7461 253 258
f 2643 7462 7965
f 7462 121 132
f 7463 349 348
f 7963 349 7463
f 7464 5799 335
f 2000 5799 7464
f 7465 3944 2513
f 11695 3944 7465
f 7466 11694 232
f 2514 3943 7466
f 7467 11697 256
f 2514 2495 7467
f 7468 2496 2513
f 11696 2496 7468
f 7469 3934 2515
f 11658 3934 7469
f 449 10727 10674
f 3467 7470 2516
f 11657 283 7471
f 3933 7471 2517
f 7472 3469 2518
f 3469 10729 10672
f 2515 7473 7474
f 7473 1412 939
f 7474 2516 2515
f 7475 2516 7474
f 7476 2516 7475
f 1179 7475 939
f 7476 3467 2516
f 3467 10723 10682
f 1412 7477 939
f 7477 7478 939
f 939 7478 7479
f 7478 2517 2518
f 7479 1179 939
f 7480 1179 7479
f 1179 10725 10678
f 3469 7480 2518
f 6398 255 7481
f 6398 7481 2206
f 2205 7482 6399
f 7482 341 6399
f 7483 205 195
f 7985 205 7483
f 2645 7484 7983
f 7484 440 462
f 7485 195 194
f 7997 195 7485
f 2649 7486 7995
f 7486 441 440
f 322 11654 7503
f 3932 7487 2519
f 7488 3902 2520
f 3902 11596 7845
f 7489 3931 2521
f 3931 11653 7505
f 117 11598 7843
f 3904 7490 2522
f 1411 7491 940
f 7491 7492 940
f 940 7492 7493
f 7492 2519 2520
f 7493 1397 940
f 7494 1397 7493
f 1397 11592 7851
f 3902 7494 2520
f 2521 7495 7496
f 7495 1411 940
f 7496 2522 2521
f 7497 2522 7496
f 7498 2522 7497
f 1397 7497 940
f 7498 3904 2522
f 3904 11594 7847
f 7499 410 373
f 8016 410 7499
f 2653 7500 8015
f 7500 152 171
f 7501 416 415
f 8035 416 7501
f 2657 7502 8033
f 7502 181 191
f 7503 3932 2523
f 11654 3932 7503
f 330 11636 7651
f 3924 7504 2524
f 11653 125 7505
f 3931 7505 2525
f 7506 3923 2526
f 3923 11635 7653
f 2523 7507 7508
f 7507 1411 941
f 7508 2524 2523
f 7509 2524 7508
f 7510 2524 7509
f 1407 7509 941
f 7510 3924 2524
f 3924 11638 7647
f 1411 7511 941
f 7511 7512 941
f 941 7512 7513
f 7512 2525 2526
f 7513 1407 941
f 7514 1407 7513
f 1407 11637 7649
f 3923 7514 2526
f 7515 160 145
f 8047 160 7515
f 2661 7516 8045
f 7516 366 390
f 7517 365 387
f 8064 365 7517
f 2668 7518 8063
f 7518 175 149
f 119 11650 7555
f 3930 7519 2527
f 7520 3835 2528
f 3835 11461 8326
f 7521 3929 2529
f 3929 11649 7557
f 321 11459 8328
f 3833 7522 2530
f 1410 7523 942
f 7523 7524 942
f 942 7524 7525
f 7524 2527 2528
f 7525 1362 942
f 7526 1362 7525
f 1362 11457 8332
f 3835 7526 2528
f 2529 7527 7528
f 7527 1410 942
f 7528 2530 2529
f 7529 2530 7528
f 7530 2530 7529
f 1362 7529 942
f 7530 3833 2530
f 3833 11455 8336
f 7531 378 399
f 8083 378 7531
f 2671 7532 8081
f 7532 135 131
f 219 11626 7727
f 3918 7533 2531
f 7534 3461 2532
f 3461 10713 10696
f 7535 3917 2533
f 3917 11625 7729
f 430 10711 10698
f 3459 7536 2534
f 1404 7537 943
f 7537 7538 943
f 943 7538 7539
f 7538 2531 2532
f 7539 1175 943
f 7540 1175 7539
f 1175 10709 10702
f 3461 7540 2532
f 2533 7541 7542
f 7541 1404 943
f 7542 2534 2533
f 7543 2534 7542
f 7544 2534 7543
f 1175 7543 943
f 7544 3459 2534
f 3459 10707 10706
f 7545 373 372
f 8114 373 7545
f 2675 7546 8113
f 7546 140 152
f 7547 128 127
f 8117 128 7547
f 2679 7548 8115
f 7548 316 329
f 7549 339 338
f 8129 339 7549
f 2683 7550 8127
f 7550 266 253
f 7551 406 407
f 8141 406 7551
f 2687 7552 8139
f 7552 161 162
f 7553 127 124
f 8153 127 7553
f 2691 7554 8151
f 7554 317 316
f 7555 3930 2535
f 11650 3930 7555
f 126 11629 7698
f 3920 7556 2536
f 11649 323 7557
f 3929 7557 2537
f 7558 3919 2538
f 3919 11630 7697
f 2535 7559 7560
f 7559 1410 944
f 7560 2536 2535
f 7561 2536 7560
f 7562 2536 7561
f 1405 7561 944
f 7562 3920 2536
f 3920 11628 7699
f 1410 7563 944
f 7563 7564 944
f 944 7564 7565
f 7564 2537 2538
f 7565 1405 944
f 7566 1405 7565
f 1405 11627 7702
f 3919 7566 2538
f 7567 463 464
f 8165 463 7567
f 2695 7568 8163
f 7568 196 206
f 7569 124 123
f 8177 124 7569
f 2699 7570 8175
f 7570 318 317
f 7571 415 445
f 8189 415 7571
f 2703 7572 8187
f 7572 168 181
f 7573 372 328
f 8203 372 7573
f 2707 7574 8201
f 7574 130 140
f 7575 149 148
f 8217 149 7575
f 2711 7576 8215
f 7576 388 365
f 11703 51 7577
f 2503 7577 2539
f 253 7578 11701
f 7578 2539 3946
f 7579 328 318
f 8238 328 7579
f 2715 7580 8237
f 7580 123 130
f 7581 478 468
f 8241 478 7581
f 2719 7582 8239
f 7582 268 275
f 7583 360 358
f 8253 360 7583
f 2723 7584 8251
f 7584 239 231
f 7585 132 136
f 8265 132 7585
f 2727 7586 8263
f 7586 379 349
f 7587 194 193
f 8277 194 7587
f 2731 7588 8275
f 7588 465 441
f 147 11599 7842
f 3905 7589 2540
f 7590 3465 2541
f 3465 10721 10684
f 7591 3906 2542
f 3906 11600 7841
f 364 10719 10686
f 3463 7592 2543
f 2542 7593 7594
f 7593 1398 945
f 7594 2543 2542
f 7595 2543 7594
f 7596 2543 7595
f 1177 7595 945
f 7596 3463 2543
f 3463 10715 10694
f 1398 7597 945
f 7597 7598 945
f 945 7598 7599
f 7598 2540 2541
f 7599 1177 945
f 7600 1177 7599
f 1177 10717 10690
f 3465 7600 2541
f 7601 193 238
f 8291 193 7601
f 2735 7602 8289
f 7602 474 465
f 7603 445 467
f 8303 445 7603
f 2739 7604 8301
f 7604 169 168
f 7605 3928 2544
f 11646 3928 7605
f 259 11632 7691
f 3922 7606 2545
f 11645 324 7607
f 3927 7607 2546
f 7608 3921 2547
f 3921 11631 7693
f 2544 7609 7610
f 7609 1409 946
f 7610 2545 2544
f 7611 2545 7610
f 7612 2545 7611
f 1406 7611 946
f 7612 3922 2545
f 3922 11634 7687
f 1409 7613 946
f 7613 7614 946
f 946 7614 7615
f 7614 2546 2547
f 7615 1406 946
f 7616 1406 7615
f 1406 11633 7689
f 3921 7616 2547
f 7617 7299 53
f 2491 7299 7617
f 7618 399 376
f 8315 399 7618
f 2743 7619 8313
f 7619 150 135
f 419 11590 7857
f 3900 7620 2549
f 7621 3899 2551
f 3899 11589 7859
f 1395 7622 947
f 7622 7627 947
f 2551 7623 7624
f 7623 1395 947
f 7624 2550 2551
f 7625 2550 7624
f 7626 2550 7625
f 1408 7625 947
f 7626 3925 2550
f 11642 3925 7626
f 947 7627 7628
f 7627 2549 2548
f 7628 1408 947
f 7629 1408 7628
f 11641 1408 7629
f 3926 7629 2548
f 7630 3926 2548
f 11640 3926 7630
f 11639 272 7631
f 3925 7631 2550
f 7632 4212 430
f 1485 4212 7632
f 7633 348 321
f 8327 348 7633
f 2747 7634 8325
f 7634 118 121
f 7635 262 265
f 8347 262 7635
f 2751 7636 8345
f 7636 413 418
f 7637 467 474
f 8357 467 7637
f 2755 7638 8355
f 7638 238 169
f 7639 265 264
f 8371 265 7639
f 2759 7640 8369
f 7640 414 413
f 7641 338 335
f 8383 338 7641
f 2763 7642 8381
f 7642 261 266
f 7643 2554 2555
f 7644 2554 7643
f 7649 2554 7644
f 1407 7644 948
f 948 7645 7646
f 7645 2553 2552
f 7646 1407 948
f 7647 1407 7646
f 11638 1407 7647
f 3924 7647 2552
f 7648 3886 2553
f 3886 11560 7987
f 7649 3923 2554
f 11637 3923 7649
f 1388 11559 7991
f 3885 7650 2555
f 7651 3924 2552
f 11636 3924 7651
f 462 11562 7983
f 3886 7652 2553
f 11635 170 7653
f 3923 7653 2554
f 7654 3885 2555
f 3885 11561 7985
f 949 7655 7656
f 7655 2559 2558
f 7656 1384 949
f 7661 1384 7656
f 7657 2556 2557
f 7658 2556 7657
f 7659 2556 7658
f 1384 7658 949
f 7659 3878 2556
f 3878 11544 8049
f 1333 11336 8911
f 3774 7660 2557
f 1384 11543 8053
f 3877 7661 2558
f 7662 3776 2559
f 3776 11338 8907
f 390 11546 8045
f 3878 7663 2556
f 7664 3774 2557
f 3774 11340 8905
f 7665 3877 2558
f 3877 11545 8047
f 163 11342 8903
f 3776 7666 2559
f 437 11610 7789
f 3910 7667 2560
f 7668 3891 2561
f 3891 11573 7923
f 7669 3909 2562
f 3909 11609 7791
f 173 11574 7921
f 3892 7670 2563
f 1400 7671 950
f 7671 7672 950
f 950 7672 7673
f 7672 2560 2561
f 7673 1391 950
f 7674 1391 7673
f 1391 11571 7926
f 3891 7674 2561
f 2562 7675 7676
f 7675 1400 950
f 7676 2563 2562
f 7677 2563 7676
f 7678 2563 7677
f 1391 7677 950
f 7678 3892 2563
f 3892 11572 7925
f 7679 145 142
f 8395 145 7679
f 2767 7680 8393
f 7680 367 366
f 7681 407 391
f 8407 407 7681
f 2771 7682 8405
f 7682 146 161
f 7683 2566 2567
f 7684 2566 7683
f 7689 2566 7684
f 1406 7684 951
f 951 7685 7686
f 7685 2565 2564
f 7686 1406 951
f 7687 1406 7686
f 11634 1406 7687
f 3922 7687 2564
f 7688 3914 2565
f 3914 11616 7757
f 7689 3921 2566
f 11633 3921 7689
f 1402 11615 7758
f 3913 7690 2567
f 7691 3922 2564
f 11632 3922 7691
f 267 11618 7753
f 3914 7692 2565
f 11631 403 7693
f 3921 7693 2566
f 7694 3913 2567
f 3913 11617 7755
f 7695 136 151
f 8419 136 7695
f 2775 7696 8417
f 7696 398 379
f 11630 331 7697
f 3919 7697 2569
f 7698 3920 2568
f 11629 3920 7698
f 2568 7699 7700
f 7699 1405 952
f 7700 2571 2568
f 7701 2571 7700
f 7706 2571 7701
f 1390 7701 952
f 1405 7702 952
f 7702 7703 952
f 952 7703 7704
f 7703 2569 2570
f 7704 1390 952
f 7705 1390 7704
f 1390 11567 7941
f 3889 7705 2570
f 7706 3890 2571
f 3890 11568 7937
f 7707 3889 2570
f 3889 11569 7935
f 207 11570 7933
f 3890 7708 2571
f 386 11622 7741
f 3916 7709 2572
f 7710 3893 2573
f 3893 11577 7907
f 7711 3915 2574
f 3915 11621 7743
f 229 11578 7905
f 3894 7712 2575
f 1403 7713 953
f 7713 7714 953
f 953 7714 7715
f 7714 2572 2573
f 7715 1392 953
f 7716 1392 7715
f 1392 11575 7913
f 3893 7716 2573
f 2574 7717 7718
f 7717 1403 953
f 7718 2575 2574
f 7719 2575 7718
f 7720 2575 7719
f 1392 7719 953
f 7720 3894 2575
f 3894 11576 7909
f 7721 264 273
f 8431 264 7721
f 2779 7722 8429
f 7722 444 414
f 7723 464 442
f 8443 464 7723
f 2783 7724 8441
f 7724 197 196
f 7725 376 375
f 8455 376 7725
f 2787 7726 8453
f 7726 137 150
f 7727 3918 2576
f 11626 3918 7727
f 204 11582 7891
f 3896 7728 2577
f 11625 421 7729
f 3917 7729 2578
f 7730 3895 2579
f 3895 11581 7892
f 2576 7731 7732
f 7731 1404 954
f 7732 2577 2576
f 7733 2577 7732
f 7734 2577 7733
f 1393 7733 954
f 7734 3896 2577
f 3896 11580 7893
f 1404 7735 954
f 7735 7736 954
f 954 7736 7737
f 7736 2578 2579
f 7737 1393 954
f 7738 1393 7737
f 1393 11579 7896
f 3895 7738 2579
f 7739 200 201
f 8699 200 7739
f 2791 7740 8697
f 7740 397 436
f 7741 3916 2580
f 11622 3916 7741
f 346 11614 7765
f 3912 7742 2581
f 11621 210 7743
f 3915 7743 2582
f 7744 3911 2583
f 3911 11613 7767
f 2580 7745 7746
f 7745 1403 955
f 7746 2581 2580
f 7747 2581 7746
f 7748 2581 7747
f 1401 7747 955
f 7748 3912 2581
f 3912 11612 7769
f 1403 7749 955
f 7749 7750 955
f 955 7750 7751
f 7750 2582 2583
f 7751 1401 955
f 7752 1401 7751
f 1401 11611 7773
f 3911 7752 2583
f 7753 3914 2584
f 11618 3914 7753
f 258 11566 7949
f 3888 7754 2585
f 11617 433 7755
f 3913 7755 2586
f 7756 3887 2587
f 3887 11565 7951
f 7764 7763 2584
f 7757 1402 956
f 1402 7758 956
f 956 7762 7761
f 1389 7759 956
f 7759 7763 956
f 2587 7760 7761
f 7760 1389 956
f 7761 2586 2587
f 7762 2586 7761
f 7758 2586 7762
f 7758 7762 956
f 956 7763 7764
f 7763 2585 2584
f 7764 7757 956
f 2584 7757 7764
f 7765 3912 2588
f 11614 3912 7765
f 374 11586 7871
f 3898 7766 2589
f 11613 223 7767
f 3911 7767 2590
f 7768 3897 2591
f 3897 11585 7873
f 2588 7769 7770
f 7769 1401 957
f 7770 2589 2588
f 7771 2589 7770
f 7772 2589 7771
f 1394 7771 957
f 7772 3898 2589
f 3898 11584 7875
f 1401 7773 957
f 7773 7774 957
f 957 7774 7775
f 7774 2590 2591
f 7775 1394 957
f 7776 1394 7775
f 1394 11583 7876
f 3897 7776 2591
f 7777 335 334
f 8711 335 7777
f 2795 7778 8709
f 7778 257 261
f 2801 7779 8723
f 7779 167 192
f 7780 443 473
f 8721 443 7780
f 7781 273 274
f 8735 273 7781
f 2803 7782 8733
f 7782 466 444
f 7783 442 443
f 8747 442 7783
f 2807 7784 8745
f 7784 192 197
f 7785 358 313
f 8759 358 7785
f 2811 7786 8757
f 7786 232 239
f 7787 375 428
f 8771 375 7787
f 2815 7788 8769
f 7788 182 137
f 7789 3910 2592
f 11610 3910 7789
f 436 11410 8697
f 3810 7790 2593
f 11609 172 7791
f 3909 7791 2594
f 7792 3809 2595
f 3809 11409 8699
f 2592 7793 7794
f 7793 1400 958
f 7794 2593 2592
f 7795 2593 7794
f 7796 2593 7795
f 1350 7795 958
f 7796 3810 2593
f 3810 11408 8701
f 1400 7797 958
f 7797 7798 958
f 958 7798 7799
f 7798 2594 2595
f 7799 1350 958
f 7800 1350 7799
f 1350 11407 8705
f 3809 7800 2595
f 11606 477 7801
f 3907 7801 2597
f 7802 3908 2596
f 11605 3908 7802
f 2596 7803 7804
f 7803 1399 959
f 7804 2599 2596
f 7805 2599 7804
f 7810 2599 7805
f 1370 7805 959
f 1399 7806 959
f 7806 7807 959
f 959 7807 7808
f 7807 2597 2598
f 7808 1370 959
f 7809 1370 7808
f 1370 11487 8247
f 3849 7809 2598
f 7810 3850 2599
f 3850 11488 8243
f 7811 3849 2598
f 3849 11489 8241
f 275 11490 8239
f 3850 7812 2599
f 36 7813 11792
f 7813 2600 3973
f 7814 11734 338
f 2600 2490 7814
f 7815 473 466
f 8785 473 7815
f 2819 7816 8783
f 7816 274 167
f 319 11595 7846
f 3901 7817 2601
f 7818 3875 2602
f 3875 11541 8083
f 7819 3903 2603
f 3903 11597 7844
f 131 11542 8081
f 3876 7820 2604
f 2603 7821 7822
f 7821 1396 960
f 7822 2604 2603
f 7823 2604 7822
f 7824 2604 7823
f 1383 7823 960
f 7824 3876 2604
f 3876 11540 8085
f 1396 7825 960
f 7825 7826 960
f 960 7826 7827
f 7826 2601 2602
f 7827 1383 960
f 7828 1383 7827
f 1383 11539 8089
f 3875 7828 2602
f 7829 334 337
f 8797 334 7829
f 2823 7830 8795
f 7830 252 257
f 7831 3867 2606
f 3867 11525 8141
f 162 11526 8139
f 3868 7832 2605
f 1379 7833 961
f 7833 7834 961
f 961 7834 7835
f 7834 2605 2608
f 7835 1398 961
f 7840 1398 7835
f 2606 7836 7837
f 7836 1379 961
f 7837 2607 2606
f 7838 2607 7837
f 7839 2607 7838
f 1398 7838 961
f 7839 3906 2607
f 11602 3906 7839
f 11601 1398 7840
f 3905 7840 2608
f 11600 363 7841
f 3906 7841 2607
f 7842 3905 2608
f 11599 3905 7842
f 7843 3904 2609
f 11598 3904 7843
f 11597 120 7844
f 3903 7844 2610
f 11596 320 7845
f 3902 7845 2611
f 7846 3901 2612
f 11595 3901 7846
f 2609 7847 7848
f 7847 1397 962
f 7848 2610 2609
f 7849 2610 7848
f 7850 2610 7849
f 1396 7849 962
f 7850 3903 2610
f 11593 3903 7850
f 1397 7851 962
f 7851 7852 962
f 962 7852 7853
f 7852 2611 2612
f 7853 1396 962
f 7854 1396 7853
f 11591 1396 7854
f 3901 7854 2612
f 7855 391 368
f 8817 391 7855
f 2827 7856 8815
f 7856 143 146
f 7857 3900 2613
f 11590 3900 7857
f 418 11452 8345
f 3832 7858 2614
f 11589 263 7859
f 3899 7859 2615
f 7860 3831 2616
f 3831 11451 8347
f 2613 7861 7862
f 7861 1395 963
f 7862 2614 2613
f 7863 2614 7862
f 7864 2614 7863
f 1361 7863 963
f 7864 3832 2614
f 3832 11454 8341
f 1395 7865 963
f 7865 7866 963
f 963 7866 7867
f 7866 2615 2616
f 7867 1361 963
f 7868 1361 7867
f 1361 11453 8343
f 3831 7868 2616
f 7869 142 159
f 8821 142 7869
f 2831 7870 8819
f 7870 369 367
f 7871 3898 2617
f 11586 3898 7871
f 329 11534 8115
f 3872 7872 2618
f 11585 220 7873
f 3897 7873 2619
f 7874 3871 2620
f 3871 11533 8117
f 7882 7881 2617
f 7875 1394 964
f 1394 7876 964
f 964 7880 7879
f 1381 7877 964
f 7877 7881 964
f 2620 7878 7879
f 7878 1381 964
f 7879 2619 2620
f 7880 2619 7879
f 7876 2619 7880
f 7876 7880 964
f 964 7881 7882
f 7881 2618 2617
f 7882 7875 964
f 2617 7875 7882
f 7883 468 451
f 8833 468 7883
f 2835 7884 8831
f 7884 269 268
f 2841 7885 8845
f 7885 260 248
f 7886 447 446
f 8843 447 7886
f 7887 387 396
f 8857 387 7887
f 2843 7888 8855
f 7888 154 175
f 7889 428 438
f 8869 428 7889
f 2847 7890 8867
f 7890 198 182
f 7891 3896 2621
f 11582 3896 7891
f 11581 417 7892
f 3895 7892 2623
f 2621 7893 7894
f 7893 1393 965
f 7894 2622 2621
f 7895 2622 7894
f 7900 2622 7895
f 1385 7895 965
f 1393 7896 965
f 7896 7897 965
f 965 7897 7898
f 7897 2623 2624
f 7898 1385 965
f 7899 1385 7898
f 1385 11547 8041
f 3879 7899 2624
f 7900 3880 2622
f 3880 11548 8037
f 191 11550 8033
f 3880 7901 2622
f 7902 3879 2624
f 3879 11549 8035
f 7903 368 370
f 8881 368 7903
f 2851 7904 8879
f 7904 144 143
f 7905 3894 2625
f 11578 3894 7905
f 231 11486 8251
f 3848 7906 2626
f 11577 362 7907
f 3893 7907 2627
f 7908 3847 2628
f 3847 11485 8253
f 2625 7909 7910
f 7909 1392 966
f 7910 2626 2625
f 7911 2626 7910
f 7912 2626 7911
f 1369 7911 966
f 7912 3848 2626
f 3848 11484 8255
f 1392 7913 966
f 7913 7914 966
f 966 7914 7915
f 7914 2627 2628
f 7915 1369 966
f 7916 1369 7915
f 1369 11483 8259
f 3847 7916 2628
f 7917 429 377
f 8892 429 7917
f 2856 7918 8891
f 7918 139 138
f 7919 389 388
f 8905 389 7919
f 2859 7920 8903
f 7920 148 163
f 7921 3892 2629
f 11574 3892 7921
f 171 11554 8015
f 3882 7922 2630
f 11573 411 7923
f 3891 7923 2631
f 7924 3881 2632
f 3881 11553 8016
f 7932 7928 2629
f 7925 1391 967
f 1391 7926 967
f 967 7931 7930
f 1386 7927 967
f 7927 7928 967
f 967 7928 7932
f 7928 2630 2629
f 2632 7929 7930
f 7929 1386 967
f 7930 2631 2632
f 7931 2631 7930
f 7926 2631 7931
f 7926 7931 967
f 7932 7925 967
f 2629 7925 7932
f 7933 3890 2633
f 11570 3890 7933
f 206 11518 8163
f 3864 7934 2634
f 11569 412 7935
f 3889 7935 2635
f 7936 3863 2636
f 3863 11517 8165
f 2633 7937 7938
f 7937 1390 968
f 7938 2634 2633
f 7939 2634 7938
f 7940 2634 7939
f 1377 7939 968
f 7940 3864 2634
f 3864 11516 8167
f 1390 7941 968
f 7941 7942 968
f 968 7942 7943
f 7942 2635 2636
f 7943 1377 968
f 7944 1377 7943
f 1377 11515 8171
f 3863 7944 2636
f 7945 201 153
f 8917 201 7945
f 2863 7946 8915
f 7946 347 397
f 7947 337 336
f 8929 337 7947
f 2867 7948 8927
f 7948 249 252
f 7949 3888 2637
f 11566 3888 7949
f 253 11530 8127
f 3870 7950 2638
f 11565 402 7951
f 3887 7951 2639
f 7952 3869 2640
f 3869 11529 8129
f 7960 7959 2637
f 7953 1389 969
f 1389 7954 969
f 969 7958 7957
f 1380 7955 969
f 7955 7959 969
f 2640 7956 7957
f 7956 1380 969
f 7957 2639 2640
f 7958 2639 7957
f 7954 2639 7958
f 7954 7958 969
f 969 7959 7960
f 7959 2638 2637
f 7960 7953 969
f 2637 7953 7960
f 7961 438 460
f 8941 438 7961
f 2871 7962 8939
f 7962 208 198
f 349 11482 8263
f 3846 7963 2641
f 7964 3834 2642
f 3834 11460 8327
f 7965 3845 2643
f 3845 11481 8265
f 121 11462 8325
f 3836 7966 2644
f 1368 7967 970
f 7967 7968 970
f 970 7968 7969
f 7968 2641 2642
f 7969 1363 970
f 7970 1363 7969
f 1363 11456 8333
f 3834 7970 2642
f 2643 7971 7972
f 7971 1368 970
f 7972 2644 2643
f 7973 2644 7972
f 7974 2644 7973
f 1363 7973 970
f 7974 3836 2644
f 3836 11458 8329
f 7975 377 398
f 8953 377 7975
f 2875 7976 8951
f 7976 151 139
f 7977 159 157
f 8965 159 7977
f 2879 7978 8963
f 7978 392 369
f 7979 157 156
f 8977 157 7979
f 2883 7980 8975
f 7980 394 392
f 7981 248 246
f 8989 248 7981
f 2887 7982 8987
f 7982 401 447
f 7983 3886 2645
f 11562 3886 7983
f 440 11558 7995
f 3884 7984 2646
f 11561 205 7985
f 3885 7985 2647
f 7986 3883 2648
f 3883 11557 7997
f 2645 7987 7988
f 7987 1388 971
f 7988 2646 2645
f 7989 2646 7988
f 7990 2646 7989
f 1387 7989 971
f 7990 3884 2646
f 3884 11556 7999
f 1388 7991 971
f 7991 7992 971
f 971 7992 7993
f 7992 2647 2648
f 7993 1387 971
f 7994 1387 7993
f 1387 11555 8003
f 3883 7994 2648
f 7995 3884 2649
f 11558 3884 7995
f 441 11478 8275
f 3844 7996 2650
f 11557 195 7997
f 3883 7997 2651
f 7998 3843 2652
f 3843 11477 8277
f 2649 7999 8000
f 7999 1387 972
f 8000 2650 2649
f 8001 2650 8000
f 8002 2650 8001
f 1367 8001 972
f 8002 3844 2650
f 3844 11476 8279
f 1387 8003 972
f 8003 8004 972
f 972 8004 8005
f 8004 2651 2652
f 8005 1367 972
f 8006 1367 8005
f 1367 11475 8283
f 3843 8006 2652
f 8007 460 394
f 9001 460 8007
f 2891 8008 8999
f 8008 156 208
f 8009 138 183
f 9013 138 8009
f 2895 8010 9011
f 8010 439 429
f 8011 370 393
f 9025 370 8011
f 2899 8012 9023
f 8012 158 144
f 8013 336 350
f 9037 336 8013
f 2903 8014 9035
f 8014 218 249
f 8015 3882 2653
f 11554 3882 8015
f 11553 410 8016
f 3881 8016 2655
f 8021 8020 2653
f 8017 1386 973
f 1386 8018 973
f 973 8023 8019
f 8019 2655 2656
f 8023 2655 8019
f 973 8020 8021
f 8020 2654 2653
f 8021 8017 973
f 2653 8017 8021
f 8022 3874 2654
f 3874 11537 8112
f 8018 2655 8023
f 8018 8023 973
f 1382 11538 8111
f 3873 8024 2656
f 152 11536 8113
f 3874 8025 2654
f 8026 3873 2656
f 3873 11535 8114
f 8027 246 217
f 9049 246 8027
f 2907 8028 9047
f 8028 400 401
f 2913 8029 9061
f 8029 199 209
f 8030 395 461
f 9059 395 8030
f 8031 451 450
f 9073 451 8031
f 2915 8032 9071
f 8032 282 269
f 8033 3880 2657
f 11550 3880 8033
f 181 11510 8187
f 3860 8034 2658
f 11549 416 8035
f 3879 8035 2659
f 8036 3859 2660
f 3859 11509 8189
f 2657 8037 8038
f 8037 1385 974
f 8038 2658 2657
f 8039 2658 8038
f 8040 2658 8039
f 1375 8039 974
f 8040 3860 2658
f 3860 11508 8191
f 1385 8041 974
f 8041 8042 974
f 974 8042 8043
f 8042 2659 2660
f 8043 1375 974
f 8044 1375 8043
f 1375 11507 8195
f 3859 8044 2660
f 8045 3878 2661
f 11546 3878 8045
f 366 11434 8393
f 3822 8046 2662
f 11545 160 8047
f 3877 8047 2663
f 8048 3821 2664
f 3821 11433 8395
f 2661 8049 8050
f 8049 1384 975
f 8050 2662 2661
f 8051 2662 8050
f 8052 2662 8051
f 1356 8051 975
f 8052 3822 2662
f 3822 11432 8397
f 1384 8053 975
f 8053 8054 975
f 975 8054 8055
f 8054 2663 2664
f 8055 1356 975
f 8056 1356 8055
f 1356 11431 8401
f 3821 8056 2664
f 282 237 8057
f 282 11706 11698
f 740 976 8058
f 740 8058 2665
f 1876 2666 8059
f 1876 8059 12527
f 3942 2666 8060
f 3942 8060 11689
f 8061 393 395
f 9085 393 8061
f 2919 8062 9083
f 8062 209 158
f 8063 3855 2668
f 3855 11501 8217
f 365 11502 8215
f 3856 8064 2667
f 1373 8065 977
f 8065 8070 977
f 2668 8066 8067
f 8066 1373 977
f 8067 2669 2668
f 8068 2669 8067
f 8069 2669 8068
f 1336 8068 977
f 8069 3782 2669
f 3782 11352 8859
f 977 8070 8071
f 8070 2667 2670
f 8071 1336 977
f 8072 1336 8071
f 1336 11351 8863
f 3781 8072 2670
f 175 11354 8855
f 3782 8073 2669
f 8074 3781 2670
f 3781 11353 8857
f 8075 396 408
f 9097 396 8075
f 2923 8076 9095
f 8076 187 154
f 8077 461 439
f 9109 461 8077
f 2927 8078 9107
f 8078 183 199
f 8079 217 203
f 9121 217 8079
f 2931 8080 9119
f 8080 380 400
f 8081 3876 2671
f 11542 3876 8081
f 135 11466 8313
f 3838 8082 2672
f 11541 378 8083
f 3875 8083 2673
f 8084 3837 2674
f 3837 11465 8315
f 2671 8085 8086
f 8085 1383 978
f 8086 2672 2671
f 8087 2672 8086
f 8088 2672 8087
f 1364 8087 978
f 8088 3838 2672
f 3838 11464 8317
f 1383 8089 978
f 8089 8090 978
f 978 8090 8091
f 8090 2673 2674
f 8091 1364 978
f 8092 1364 8091
f 1364 11463 8321
f 3837 8092 2674
f 8093 350 351
f 9133 350 8093
f 2935 8094 9131
f 8094 179 218
f 8095 351 333
f 9145 351 8095
f 2939 8096 9143
f 8096 180 179
f 8097 333 332
f 9157 333 8097
f 2943 8098 9155
f 8098 190 180
f 8099 203 178
f 9169 203 8099
f 2947 8100 9167
f 8100 381 380
f 8101 332 381
f 9181 332 8101
f 2951 8102 9179
f 8102 178 190
f 140 11506 8201
f 3858 8103 2676
f 8104 3857 2678
f 3857 11505 8203
f 1374 8105 979
f 8105 8106 979
f 979 8106 8107
f 8106 2676 2675
f 8107 1382 979
f 8112 1382 8107
f 2678 8108 8109
f 8108 1374 979
f 8109 2677 2678
f 8110 2677 8109
f 8111 2677 8110
f 1382 8110 979
f 8111 3873 2677
f 11538 3873 8111
f 11537 1382 8112
f 3874 8112 2675
f 8113 3874 2675
f 11536 3874 8113
f 11535 373 8114
f 3873 8114 2677
f 8115 3872 2679
f 11534 3872 8115
f 316 11522 8151
f 3866 8116 2680
f 11533 128 8117
f 3871 8117 2681
f 8118 3865 2682
f 3865 11521 8153
f 2679 8119 8120
f 8119 1381 980
f 8120 2680 2679
f 8121 2680 8120
f 8122 2680 8121
f 1378 8121 980
f 8122 3866 2680
f 3866 11520 8155
f 1381 8123 980
f 8123 8124 980
f 980 8124 8125
f 8124 2681 2682
f 8125 1378 980
f 8126 1378 8125
f 1378 11519 8159
f 3865 8126 2682
f 8127 3870 2683
f 11530 3870 8127
f 266 11438 8381
f 3824 8128 2684
f 11529 339 8129
f 3869 8129 2685
f 8130 3823 2686
f 3823 11437 8383
f 2683 8131 8132
f 8131 1380 981
f 8132 2684 2683
f 8133 2684 8132
f 8134 2684 8133
f 1357 8133 981
f 8134 3824 2684
f 3824 11436 8385
f 1380 8135 981
f 8135 8136 981
f 981 8136 8137
f 8136 2685 2686
f 8137 1357 981
f 8138 1357 8137
f 1357 11435 8389
f 3823 8138 2686
f 8139 3868 2687
f 11526 3868 8139
f 161 11430 8405
f 3820 8140 2688
f 11525 406 8141
f 3867 8141 2689
f 8142 3819 2690
f 3819 11429 8407
f 8150 8149 2687
f 8143 1379 982
f 1379 8144 982
f 982 8148 8147
f 1355 8145 982
f 8145 8149 982
f 2690 8146 8147
f 8146 1355 982
f 8147 2689 2690
f 8148 2689 8147
f 8144 2689 8148
f 8144 8148 982
f 982 8149 8150
f 8149 2688 2687
f 8150 8143 982
f 2687 8143 8150
f 8151 3866 2691
f 11522 3866 8151
f 317 11514 8175
f 3862 8152 2692
f 11521 127 8153
f 3865 8153 2693
f 8154 3861 2694
f 3861 11513 8177
f 2691 8155 8156
f 8155 1378 983
f 8156 2692 2691
f 8157 2692 8156
f 8158 2692 8157
f 1376 8157 983
f 8158 3862 2692
f 3862 11512 8179
f 1378 8159 983
f 8159 8160 983
f 983 8160 8161
f 8160 2693 2694
f 8161 1376 983
f 8162 1376 8161
f 1376 11511 8183
f 3861 8162 2694
f 8163 3864 2695
f 11518 3864 8163
f 196 11418 8441
f 3814 8164 2696
f 11517 463 8165
f 3863 8165 2697
f 8166 3813 2698
f 3813 11417 8443
f 2695 8167 8168
f 8167 1377 984
f 8168 2696 2695
f 8169 2696 8168
f 8170 2696 8169
f 1352 8169 984
f 8170 3814 2696
f 3814 11416 8445
f 1377 8171 984
f 8171 8172 984
f 984 8172 8173
f 8172 2697 2698
f 8173 1352 984
f 8174 1352 8173
f 1352 11415 8449
f 3813 8174 2698
f 8175 3862 2699
f 11514 3862 8175
f 318 11497 8228
f 3851 8176 2700
f 11513 124 8177
f 3861 8177 2701
f 8178 3853 2702
f 3853 11498 8227
f 2699 8179 8180
f 8179 1376 985
f 8180 2700 2699
f 8181 2700 8180
f 8182 2700 8181
f 1371 8181 985
f 8182 3851 2700
f 3851 11495 8230
f 1376 8183 985
f 8183 8184 985
f 985 8184 8185
f 8184 2701 2702
f 8185 1371 985
f 8186 1371 8185
f 1371 11496 8229
f 3853 8186 2702
f 8187 3860 2703
f 11510 3860 8187
f 168 11470 8301
f 3840 8188 2704
f 11509 415 8189
f 3859 8189 2705
f 8190 3839 2706
f 3839 11469 8303
f 2703 8191 8192
f 8191 1375 986
f 8192 2704 2703
f 8193 2704 8192
f 8194 2704 8193
f 1365 8193 986
f 8194 3840 2704
f 3840 11468 8305
f 1375 8195 986
f 8195 8196 986
f 986 8196 8197
f 8196 2705 2706
f 8197 1365 986
f 8198 1365 8197
f 1365 11467 8309
f 3839 8198 2706
f 8199 153 141
f 9195 153 8199
f 2955 8200 9193
f 8200 371 347
f 8201 3858 2707
f 11506 3858 8201
f 130 11492 8237
f 3854 8202 2708
f 11505 372 8203
f 3857 8203 2709
f 8204 3852 2710
f 3852 11491 8238
f 2707 8205 8206
f 8205 1374 987
f 8206 2708 2707
f 8207 2708 8206
f 8208 2708 8207
f 1372 8207 987
f 8208 3854 2708
f 3854 11493 8236
f 1374 8209 987
f 8209 8210 987
f 987 8210 8211
f 8210 2709 2710
f 8211 1372 987
f 8212 1372 8211
f 1372 11494 8233
f 3852 8212 2710
f 8213 408 424
f 9207 408 8213
f 2959 8214 9205
f 8214 185 187
f 8215 3856 2711
f 11502 3856 8215
f 388 11339 8906
f 3773 8216 2712
f 11501 149 8217
f 3855 8217 2713
f 8218 3775 2714
f 3775 11341 8904
f 2711 8219 8220
f 8219 1373 988
f 8220 2712 2711
f 8221 2712 8220
f 8222 2712 8221
f 1332 8221 988
f 8222 3773 2712
f 3773 11335 8914
f 1373 8223 988
f 8223 8224 988
f 988 8224 8225
f 8224 2713 2714
f 8225 1332 988
f 8226 1332 8225
f 1332 11337 8910
f 3775 8226 2714
f 11498 123 8227
f 3853 8227 2716
f 8228 3851 2718
f 11497 3851 8228
f 1371 8229 989
f 8229 8234 989
f 2718 8230 8231
f 8230 1371 989
f 8231 2717 2718
f 8232 2717 8231
f 8233 2717 8232
f 1372 8232 989
f 8233 3852 2717
f 11494 3852 8233
f 989 8234 8235
f 8234 2716 2715
f 8235 1372 989
f 8236 1372 8235
f 11493 1372 8236
f 3854 8236 2715
f 8237 3854 2715
f 11492 3854 8237
f 11491 328 8238
f 3852 8238 2717
f 8239 3850 2719
f 11490 3850 8239
f 268 11358 8831
f 3784 8240 2720
f 11489 478 8241
f 3849 8241 2721
f 8242 3783 2722
f 3783 11357 8833
f 2719 8243 8244
f 8243 1370 990
f 8244 2720 2719
f 8245 2720 8244
f 8246 2720 8245
f 1337 8245 990
f 8246 3784 2720
f 3784 11356 8835
f 1370 8247 990
f 8247 8248 990
f 990 8248 8249
f 8248 2721 2722
f 8249 1337 990
f 8250 1337 8249
f 1337 11355 8839
f 3783 8250 2722
f 8251 3848 2723
f 11486 3848 8251
f 239 11390 8757
f 3800 8252 2724
f 11485 360 8253
f 3847 8253 2725
f 8254 3798 2726
f 3798 11388 8759
f 2723 8255 8256
f 8255 1369 991
f 8256 2724 2723
f 8257 2724 8256
f 8258 2724 8257
f 1345 8257 991
f 8258 3800 2724
f 3800 11386 8761
f 1369 8259 991
f 8259 8260 991
f 991 8260 8261
f 8260 2725 2726
f 8261 1345 991
f 8262 1345 8261
f 1345 11384 8765
f 3798 8262 2726
f 8263 3846 2727
f 11482 3846 8263
f 379 11426 8417
f 3818 8264 2728
f 11481 132 8265
f 3845 8265 2729
f 8266 3817 2730
f 3817 11425 8419
f 2727 8267 8268
f 8267 1368 992
f 8268 2728 2727
f 8269 2728 8268
f 8270 2728 8269
f 1354 8269 992
f 8270 3818 2728
f 3818 11424 8421
f 1368 8271 992
f 8271 8272 992
f 992 8272 8273
f 8272 2729 2730
f 8273 1354 992
f 8274 1354 8273
f 1354 11423 8425
f 3817 8274 2730
f 8275 3844 2731
f 11478 3844 8275
f 465 11474 8289
f 3842 8276 2732
f 11477 194 8277
f 3843 8277 2733
f 8278 3841 2734
f 3841 11473 8291
f 2731 8279 8280
f 8279 1367 993
f 8280 2732 2731
f 8281 2732 8280
f 8282 2732 8281
f 1366 8281 993
f 8282 3842 2732
f 3842 11472 8293
f 1367 8283 993
f 8283 8284 993
f 993 8284 8285
f 8284 2733 2734
f 8285 1366 993
f 8286 1366 8285
f 1366 11471 8297
f 3841 8286 2734
f 8287 141 134
f 9221 141 8287
f 2963 8288 9219
f 8288 409 371
f 8289 3842 2735
f 11474 3842 8289
f 474 11447 8358
f 3827 8290 2736
f 11473 193 8291
f 3841 8291 2737
f 8292 3829 2738
f 3829 11449 8356
f 2735 8293 8294
f 8293 1366 994
f 8294 2736 2735
f 8295 2736 8294
f 8296 2736 8295
f 1359 8295 994
f 8296 3827 2736
f 3827 11443 8366
f 1366 8297 994
f 8297 8298 994
f 994 8298 8299
f 8298 2737 2738
f 8299 1359 994
f 8300 1359 8299
f 1359 11445 8362
f 3829 8300 2738
f 8301 3840 2739
f 11470 3840 8301
f 169 11450 8355
f 3830 8302 2740
f 11469 445 8303
f 3839 8303 2741
f 8304 3828 2742
f 3828 11448 8357
f 2739 8305 8306
f 8305 1365 995
f 8306 2740 2739
f 8307 2740 8306
f 8308 2740 8307
f 1360 8307 995
f 8308 3830 2740
f 3830 11446 8359
f 1365 8309 995
f 8309 8310 995
f 995 8310 8311
f 8310 2741 2742
f 8311 1360 995
f 8312 1360 8311
f 1360 11444 8363
f 3828 8312 2742
f 8313 3838 2743
f 11466 3838 8313
f 150 11414 8453
f 3812 8314 2744
f 11465 399 8315
f 3837 8315 2745
f 8316 3811 2746
f 3811 11413 8455
f 2743 8317 8318
f 8317 1364 996
f 8318 2744 2743
f 8319 2744 8318
f 8320 2744 8319
f 1351 8319 996
f 8320 3812 2744
f 3812 11412 8457
f 1364 8321 996
f 8321 8322 996
f 996 8322 8323
f 8322 2745 2746
f 8323 1351 996
f 8324 1351 8323
f 1351 11411 8461
f 3811 8324 2746
f 8325 3836 2747
f 11462 3836 8325
f 11461 118 8326
f 3835 8326 2748
f 11460 348 8327
f 3834 8327 2749
f 8328 3833 2750
f 11459 3833 8328
f 2747 8329 8330
f 8329 1363 997
f 8330 2748 2747
f 8331 2748 8330
f 8332 2748 8331
f 1362 8331 997
f 8332 3835 2748
f 11457 3835 8332
f 1363 8333 997
f 8333 8334 997
f 997 8334 8335
f 8334 2749 2750
f 8335 1362 997
f 8336 1362 8335
f 11455 1362 8336
f 3833 8336 2750
f 8337 2753 2754
f 8338 2753 8337
f 8343 2753 8338
f 1361 8338 998
f 998 8339 8340
f 8339 2752 2751
f 8340 1361 998
f 8341 1361 8340
f 11454 1361 8341
f 3832 8341 2751
f 8342 3826 2752
f 3826 11440 8373
f 8343 3831 2753
f 11453 3831 8343
f 1358 11439 8374
f 3825 8344 2754
f 8345 3832 2751
f 11452 3832 8345
f 413 11442 8369
f 3826 8346 2752
f 11451 262 8347
f 3831 8347 2753
f 8348 3825 2754
f 3825 11441 8371
f 2969 8349 9233
f 8349 184 186
f 8350 426 425
f 9231 426 8350
f 8351 134 174
f 9245 134 8351
f 2971 8352 9243
f 8352 427 409
f 8353 424 426
f 9257 424 8353
f 2975 8354 9255
f 8354 186 185
f 8355 3830 2755
f 11450 3830 8355
f 11449 238 8356
f 3829 8356 2756
f 11448 467 8357
f 3828 8357 2757
f 8358 3827 2758
f 11447 3827 8358
f 2755 8359 8360
f 8359 1360 999
f 8360 2756 2755
f 8361 2756 8360
f 8362 2756 8361
f 1359 8361 999
f 8362 3829 2756
f 11445 3829 8362
f 1360 8363 999
f 8363 8364 999
f 999 8364 8365
f 8364 2757 2758
f 8365 1359 999
f 8366 1359 8365
f 11443 1359 8366
f 3827 8366 2758
f 8367 425 427
f 9269 425 8367
f 2979 8368 9267
f 8368 174 184
f 8369 3826 2759
f 11442 3826 8369
f 414 11422 8429
f 3816 8370 2760
f 11441 265 8371
f 3825 8371 2761
f 8372 3815 2762
f 3815 11421 8431
f 8380 8376 2759
f 8373 1358 1000
f 1358 8374 1000
f 1000 8379 8378
f 1353 8375 1000
f 8375 8376 1000
f 1000 8376 8380
f 8376 2760 2759
f 2762 8377 8378
f 8377 1353 1000
f 8378 2761 2762
f 8379 2761 8378
f 8374 2761 8379
f 8374 8379 1000
f 8380 8373 1000
f 2759 8373 8380
f 8381 3824 2763
f 11438 3824 8381
f 261 11406 8709
f 3808 8382 2764
f 11437 338 8383
f 3823 8383 2765
f 8384 3807 2766
f 3807 11405 8711
f 2763 8385 8386
f 8385 1357 1001
f 8386 2764 2763
f 8387 2764 8386
f 8388 2764 8387
f 1349 8387 1001
f 8388 3808 2764
f 3808 11404 8713
f 1357 8389 1001
f 8389 8390 1001
f 1001 8390 8391
f 8390 2765 2766
f 8391 1349 1001
f 8392 1349 8391
f 1349 11403 8717
f 3807 8392 2766
f 8393 3822 2767
f 11434 3822 8393
f 367 11362 8819
f 3786 8394 2768
f 11433 145 8395
f 3821 8395 2769
f 8396 3785 2770
f 3785 11361 8821
f 2767 8397 8398
f 8397 1356 1002
f 8398 2768 2767
f 8399 2768 8398
f 8400 2768 8399
f 1338 8399 1002
f 8400 3786 2768
f 3786 11360 8823
f 1356 8401 1002
f 8401 8402 1002
f 1002 8402 8403
f 8402 2769 2770
f 8403 1338 1002
f 8404 1338 8403
f 1338 11359 8827
f 3785 8404 2770
f 8405 3820 2771
f 11430 3820 8405
f 146 11364 8815
f 3788 8406 2772
f 11429 407 8407
f 3819 8407 2773
f 8408 3787 2774
f 3787 11363 8817
f 2771 8409 8410
f 8409 1355 1003
f 8410 2772 2771
f 8411 2772 8410
f 8412 2772 8411
f 1339 8411 1003
f 8412 3788 2772
f 3788 11366 8809
f 1355 8413 1003
f 8413 8414 1003
f 1003 8414 8415
f 8414 2773 2774
f 8415 1339 1003
f 8416 1339 8415
f 1339 11365 8812
f 3787 8416 2774
f 8417 3818 2775
f 11426 3818 8417
f 398 11319 8954
f 3763 8418 2776
f 11425 136 8419
f 3817 8419 2777
f 8420 3765 2778
f 3765 11321 8952
f 2775 8421 8422
f 8421 1354 1004
f 8422 2776 2775
f 8423 2776 8422
f 8424 2776 8423
f 1327 8423 1004
f 8424 3763 2776
f 3763 11315 8962
f 1354 8425 1004
f 8425 8426 1004
f 1004 8426 8427
f 8426 2777 2778
f 8427 1327 1004
f 8428 1327 8427
f 1327 11317 8958
f 3765 8428 2778
f 8429 3816 2779
f 11422 3816 8429
f 444 11402 8733
f 3806 8430 2780
f 11421 264 8431
f 3815 8431 2781
f 8432 3805 2782
f 3805 11401 8735
f 2779 8433 8434
f 8433 1353 1005
f 8434 2780 2779
f 8435 2780 8434
f 8436 2780 8435
f 1348 8435 1005
f 8436 3806 2780
f 3806 11400 8737
f 1353 8437 1005
f 8437 8438 1005
f 1005 8438 8439
f 8438 2781 2782
f 8439 1348 1005
f 8440 1348 8439
f 1348 11399 8741
f 3805 8440 2782
f 8441 3814 2783
f 11418 3814 8441
f 197 11398 8745
f 3804 8442 2784
f 11417 464 8443
f 3813 8443 2785
f 8444 3802 2786
f 3802 11396 8747
f 2783 8445 8446
f 8445 1352 1006
f 8446 2784 2783
f 8447 2784 8446
f 8448 2784 8447
f 1347 8447 1006
f 8448 3804 2784
f 3804 11394 8749
f 1352 8449 1006
f 8449 8450 1006
f 1006 8450 8451
f 8450 2785 2786
f 8451 1347 1006
f 8452 1347 8451
f 1347 11392 8753
f 3802 8452 2786
f 8453 3812 2787
f 11414 3812 8453
f 137 11382 8769
f 3796 8454 2788
f 11413 376 8455
f 3811 8455 2789
f 8456 3795 2790
f 3795 11381 8771
f 2787 8457 8458
f 8457 1351 1007
f 8458 2788 2787
f 8459 2788 8458
f 8460 2788 8459
f 1343 8459 1007
f 8460 3796 2788
f 3796 11380 8773
f 1351 8461 1007
f 8461 8462 1007
f 1007 8462 8463
f 8462 2789 2790
f 8463 1343 1007
f 8464 1343 8463
f 1343 11379 8777
f 3795 8464 2790
f 8465 9285 2989
f 234 233 8465
f 356 344 8466
f 356 8466 9283
f 8467 9281 2985
f 456 455 8467
f 222 221 8468
f 222 8468 9279
f 8469 9313 3001
f 23 25 8469
f 22 20 8470
f 22 8470 9311
f 8471 9309 2997
f 343 357 8471
f 240 247 8472
f 240 8472 9307
f 8473 9305 2993
f 165 164 8473
f 308 303 8474
f 308 8474 9303
f 8475 9349 3013
f 29 31 8475
f 28 26 8476
f 28 8476 9347
f 8477 9345 3009
f 361 385 8477
f 227 228 8478
f 227 8478 9343
f 8479 9341 3005
f 177 166 8479
f 298 307 8480
f 298 8480 9339
f 8481 9377 3017
f 90 88 8481
f 91 93 8482
f 91 8482 9375
f 8483 9409 3041
f 108 106 8483
f 109 111 8484
f 109 8484 9407
f 8485 9405 3037
f 69 71 8485
f 68 66 8486
f 68 8486 9403
f 8487 9401 3033
f 242 251 8487
f 353 352 8488
f 353 8488 9399
f 8489 9397 3029
f 431 470 8489
f 293 286 8490
f 293 8490 9395
f 8491 9393 3025
f 288 287 8491
f 434 435 8492
f 434 8492 9391
f 8493 9389 3021
f 325 315 8493
f 214 213 8494
f 214 8494 9387
f 8495 9461 3045
f 113 115 8495
f 112 110 8496
f 112 8496 9459
f 8497 9485 3061
f 102 100 8497
f 103 105 8498
f 103 8498 9483
f 8499 9481 3057
f 75 77 8499
f 74 72 8500
f 74 8500 9479
f 8501 9477 3053
f 340 310 8501
f 281 280 8502
f 281 8502 9475
f 8503 9473 3049
f 215 188 8503
f 305 304 8504
f 305 8504 9471
f 8505 9521 3065
f 64 62 8505
f 65 67 8506
f 65 8506 9519
f 8507 9533 3069
f 96 94 8507
f 97 99 8508
f 97 8508 9531
f 8509 9590 3085
f 57 59 8509
f 56 54 8510
f 56 8510 9589
f 8511 9548 3081
f 459 458 8511
f 294 292 8512
f 294 8512 9547
f 8513 9586 3077
f 289 297 8513
f 472 423 8514
f 472 8514 9585
f 62 60 8515
f 62 8515 9584
f 8516 9583 3071
f 63 65 8516
f 8517 9613 3109
f 18 16 8517
f 19 21 8518
f 19 8518 9611
f 8519 9609 3105
f 42 40 8519
f 43 45 8520
f 43 8520 9607
f 100 98 8521
f 100 8521 9605
f 8522 9603 3099
f 101 103 8522
f 77 79 8523
f 77 8523 9601
f 8524 9599 3095
f 76 74 8524
f 310 309 8525
f 310 8525 9597
f 8526 9595 3091
f 278 281 8526
f 188 176 8527
f 188 8527 9593
f 8528 9591 3087
f 302 305 8528
f 8529 9677 3125
f 35 37 8529
f 34 32 8530
f 34 8530 9675
f 8531 9673 3121
f 469 452 8531
f 212 211 8532
f 212 8532 9671
f 8533 9669 3117
f 271 277 8533
f 301 300 8534
f 301 8534 9667
f 8535 9665 3113
f 84 82 8535
f 85 87 8536
f 85 8536 9663
f 82 80 8537
f 82 8537 9717
f 8538 9715 3127
f 83 85 8538
f 94 92 8539
f 94 8539 9713
f 8540 9711 3131
f 95 97 8540
f 79 81 8541
f 79 8541 9741
f 8542 9739 3139
f 78 76 8542
f 40 38 8543
f 40 8543 9737
f 8544 9735 3135
f 41 43 8544
f 8545 9765 3149
f 47 49 8545
f 46 44 8546
f 46 8546 9763
f 8547 9761 3145
f 14 12 8547
f 15 17 8548
f 15 8548 9759
f 8549 9830 3165
f 4 1 8549
f 5 7 8550
f 5 8550 9829
f 8551 9788 3161
f 254 256 8551
f 383 382 8552
f 383 8552 9787
f 8553 9826 3157
f 327 342 8553
f 236 235 8554
f 236 8554 9825
f 115 116 8555
f 115 8555 9824
f 8556 9823 3151
f 114 112 8556
f 8557 9853 3189
f 52 50 8557
f 53 55 8558
f 53 8558 9851
f 8559 9849 3185
f 9 11 8559
f 8 6 8560
f 8 8560 9847
f 251 250 8561
f 251 8561 9845
f 8562 9843 3179
f 384 353 8562
f 470 471 8563
f 470 8563 9841
f 8564 9839 3175
f 291 293 8564
f 287 290 8565
f 287 8565 9837
f 8566 9835 3171
f 422 434 8566
f 315 314 8567
f 315 8567 9833
f 8568 9831 3167
f 244 214 8568
f 37 39 8569
f 37 8569 9925
f 8570 9923 3211
f 36 34 8570
f 25 27 8571
f 25 8571 9921
f 8572 9919 3207
f 24 22 8572
f 357 359 8573
f 357 8573 9917
f 8574 9915 3203
f 230 240 8574
f 452 454 8575
f 452 8575 9913
f 8576 9911 3199
f 224 212 8576
f 277 276 8577
f 277 8577 9909
f 8578 9907 3195
f 311 301 8578
f 164 202 8579
f 164 8579 9905
f 8580 9903 3191
f 306 308 8580
f 106 104 8581
f 106 8581 10070
f 8582 10069 3243
f 107 109 8582
f 71 73 8583
f 71 8583 10068
f 8584 10067 3239
f 70 68 8584
f 49 51 8585
f 49 8585 9986
f 8586 9985 3235
f 48 46 8586
f 12 10 8587
f 12 8587 9984
f 8588 9983 3231
f 13 15 8588
f 352 355 8589
f 352 8589 10062
f 8590 10061 3227
f 243 242 8590
f 286 122 8591
f 286 8591 10060
f 8592 10059 3223
f 432 431 8592
f 435 404 8593
f 435 8593 10058
f 8594 10057 3219
f 296 288 8594
f 213 216 8595
f 213 8595 10056
f 8596 10055 3215
f 326 325 8596
f 38 36 8597
f 38 8597 10081
f 8598 10079 3255
f 39 41 8598
f 454 453 8599
f 454 8599 10077
f 8600 10075 3251
f 225 224 8600
f 276 279 8601
f 276 8601 10073
f 8602 10071 3247
f 312 311 8602
f 233 241 8603
f 233 8603 10121
f 8604 10119 3263
f 354 356 8604
f 455 457 8605
f 455 8605 10117
f 8606 10115 3259
f 129 222 8606
f 44 42 8607
f 44 8607 10113
f 8608 10111 3271
f 45 47 8608
f 16 14 8609
f 16 8609 10109
f 8610 10107 3267
f 17 19 8610
f 50 48 8611
f 50 8611 10161
f 8612 10159 3279
f 51 53 8612
f 10 8 8613
f 10 8613 10157
f 8614 10155 3275
f 11 13 8614
f 32 30 8615
f 32 8615 10189
f 8616 10187 3291
f 33 35 8616
f 211 226 8617
f 211 8617 10185
f 8618 10183 3287
f 405 469 8618
f 300 299 8619
f 300 8619 10181
f 8620 10179 3283
f 189 271 8620
f 2 114 8621
f 2 8621 10245
f 8622 10243 3323
f 116 3 8622
f 60 58 8623
f 60 8623 10241
f 8624 10239 3319
f 61 63 8624
f 59 61 8625
f 59 8625 10237
f 8626 10235 3315
f 58 56 8626
f 1 2 8627
f 1 8627 10233
f 8628 10231 3311
f 3 5 8628
f 341 383 8629
f 341 8629 10229
f 8630 10227 3307
f 256 255 8630
f 458 476 8631
f 458 8631 10225
f 8632 10223 3303
f 295 294 8632
f 297 295 8633
f 297 8633 10221
f 8634 10219 3299
f 476 472 8634
f 342 341 8635
f 342 8635 10217
f 8636 10215 3295
f 255 236 8636
f 453 456 8637
f 453 8637 10317
f 8638 10315 3331
f 221 225 8638
f 309 312 8639
f 309 8639 10313
f 8640 10311 3327
f 279 278 8640
f 6 4 8641
f 6 8641 10345
f 8642 10343 3343
f 7 9 8642
f 382 384 8643
f 382 8643 10341
f 8644 10339 3339
f 250 254 8644
f 314 327 8645
f 314 8645 10337
f 8646 10335 3335
f 235 244 8646
f 87 89 8647
f 87 8647 10373
f 8648 10371 3347
f 86 84 8648
f 104 102 8649
f 104 8649 10405
f 8650 10403 3371
f 105 107 8650
f 304 326 8651
f 304 8651 10401
f 8652 10399 3351
f 216 215 8652
f 72 70 8653
f 72 8653 10397
f 8654 10395 3367
f 73 75 8654
f 355 354 8655
f 355 8655 10393
f 8656 10391 3363
f 241 243 8656
f 457 432 8657
f 457 8657 10389
f 8658 10387 3359
f 122 129 8658
f 404 340 8659
f 404 8659 10385
f 8660 10383 3355
f 280 296 8660
f 80 78 8661
f 80 8661 10457
f 8662 10455 3375
f 81 83 8662
f 54 52 8663
f 54 8663 10477
f 8664 10475 3387
f 55 57 8664
f 471 459 8665
f 471 8665 10473
f 8666 10471 3383
f 292 291 8666
f 423 422 8667
f 423 8667 10469
f 8668 10467 3379
f 290 289 8668
f 88 86 8669
f 88 8669 10517
f 8670 10515 3403
f 89 91 8670
f 30 28 8671
f 30 8671 10513
f 8672 10511 3399
f 31 33 8672
f 385 405 8673
f 385 8673 10509
f 8674 10507 3395
f 226 227 8674
f 299 298 8675
f 299 8675 10505
f 8676 10503 3391
f 166 189 8676
f 98 96 8677
f 98 8677 10557
f 8678 10555 3411
f 99 101 8678
f 20 18 8679
f 20 8679 10553
f 8680 10551 3407
f 21 23 8680
f 92 90 8681
f 92 8681 10589
f 8682 10587 3427
f 93 95 8682
f 26 24 8683
f 26 8683 10585
f 8684 10583 3423
f 27 29 8684
f 359 361 8685
f 359 8685 10581
f 8686 10579 3419
f 228 230 8686
f 307 306 8687
f 307 8687 10577
f 8688 10575 3415
f 202 177 8688
f 110 108 8689
f 110 8689 10629
f 8690 10627 3435
f 111 113 8690
f 66 64 8691
f 66 8691 10625
f 8692 10623 3431
f 67 69 8692
f 344 343 8693
f 344 8693 10653
f 8694 10651 3443
f 247 234 8694
f 303 302 8695
f 303 8695 10649
f 8696 10647 3439
f 176 165 8696
f 8697 3810 2791
f 11410 3810 8697
f 397 11334 8915
f 3772 8698 2792
f 11409 200 8699
f 3809 8699 2793
f 8700 3771 2794
f 3771 11333 8917
f 2791 8701 8702
f 8701 1350 1008
f 8702 2792 2791
f 8703 2792 8702
f 8704 2792 8703
f 1331 8703 1008
f 8704 3772 2792
f 3772 11332 8919
f 1350 8705 1008
f 8705 8706 1008
f 1008 8706 8707
f 8706 2793 2794
f 8707 1331 1008
f 8708 1331 8707
f 1331 11331 8923
f 3771 8708 2794
f 8709 3808 2795
f 11406 3808 8709
f 257 11370 8795
f 3790 8710 2796
f 11405 335 8711
f 3807 8711 2797
f 8712 3789 2798
f 3789 11369 8797
f 2795 8713 8714
f 8713 1349 1009
f 8714 2796 2795
f 8715 2796 8714
f 8716 2796 8715
f 1340 8715 1009
f 8716 3790 2796
f 3790 11368 8799
f 1349 8717 1009
f 8717 8718 1009
f 1009 8718 8719
f 8718 2797 2798
f 8719 1340 1009
f 8720 1340 8719
f 1340 11367 8803
f 3789 8720 2798
f 443 11395 8748
f 3801 8721 2799
f 8722 3792 2800
f 3792 11376 8785
f 8723 3803 2801
f 3803 11397 8746
f 167 11378 8783
f 3794 8724 2802
f 2801 8725 8726
f 8725 1346 1010
f 8726 2802 2801
f 8727 2802 8726
f 8728 2802 8727
f 1342 8727 1010
f 8728 3794 2802
f 3794 11374 8787
f 1346 8729 1010
f 8729 8730 1010
f 1010 8730 8731
f 8730 2799 2800
f 8731 1342 1010
f 8732 1342 8731
f 1342 11372 8791
f 3792 8732 2800
f 8733 3806 2803
f 11402 3806 8733
f 466 11375 8786
f 3791 8734 2804
f 11401 273 8735
f 3805 8735 2805
f 8736 3793 2806
f 3793 11377 8784
f 2803 8737 8738
f 8737 1348 1011
f 8738 2804 2803
f 8739 2804 8738
f 8740 2804 8739
f 1341 8739 1011
f 8740 3791 2804
f 3791 11371 8794
f 1348 8741 1011
f 8741 8742 1011
f 1011 8742 8743
f 8742 2805 2806
f 8743 1341 1011
f 8744 1341 8743
f 1341 11373 8790
f 3793 8744 2806
f 8745 3804 2807
f 11398 3804 8745
f 11397 192 8746
f 3803 8746 2808
f 11396 442 8747
f 3802 8747 2809
f 8748 3801 2810
f 11395 3801 8748
f 2807 8749 8750
f 8749 1347 1012
f 8750 2808 2807
f 8751 2808 8750
f 8752 2808 8751
f 1346 8751 1012
f 8752 3803 2808
f 11393 3803 8752
f 1347 8753 1012
f 8753 8754 1012
f 1012 8754 8755
f 8754 2809 2810
f 8755 1346 1012
f 8756 1346 8755
f 11391 1346 8756
f 3801 8756 2810
f 8757 3800 2811
f 11390 3800 8757
f 11389 232 8758
f 3799 8758 2812
f 11388 358 8759
f 3798 8759 2813
f 8760 3797 2814
f 11387 3797 8760
f 2811 8761 8762
f 8761 1345 1013
f 8762 2812 2811
f 8763 2812 8762
f 8764 2812 8763
f 1344 8763 1013
f 8764 3799 2812
f 11385 3799 8764
f 1345 8765 1013
f 8765 8766 1013
f 1013 8766 8767
f 8766 2813 2814
f 8767 1344 1013
f 8768 1344 8767
f 11383 1344 8768
f 3797 8768 2814
f 8769 3796 2815
f 11382 3796 8769
f 182 11350 8867
f 3780 8770 2816
f 11381 375 8771
f 3795 8771 2817
f 8772 3779 2818
f 3779 11349 8869
f 2815 8773 8774
f 8773 1343 1014
f 8774 2816 2815
f 8775 2816 8774
f 8776 2816 8775
f 1335 8775 1014
f 8776 3780 2816
f 3780 11348 8871
f 1343 8777 1014
f 8777 8778 1014
f 1014 8778 8779
f 8778 2817 2818
f 8779 1335 1014
f 8780 1335 8779
f 1335 11347 8875
f 3779 8780 2818
f 8781 446 449
f 10673 446 8781
f 3447 8782 10671
f 8782 270 260
f 8783 3794 2819
f 11378 3794 8783
f 11377 274 8784
f 3793 8784 2820
f 11376 473 8785
f 3792 8785 2821
f 8786 3791 2822
f 11375 3791 8786
f 2819 8787 8788
f 8787 1342 1015
f 8788 2820 2819
f 8789 2820 8788
f 8790 2820 8789
f 1341 8789 1015
f 8790 3793 2820
f 11373 3793 8790
f 1342 8791 1015
f 8791 8792 1015
f 1015 8792 8793
f 8792 2821 2822
f 8793 1341 1015
f 8794 1341 8793
f 11371 1341 8794
f 3791 8794 2822
f 8795 3790 2823
f 11370 3790 8795
f 252 11330 8927
f 3770 8796 2824
f 11369 334 8797
f 3789 8797 2825
f 8798 3769 2826
f 3769 11329 8929
f 2823 8799 8800
f 8799 1340 1016
f 8800 2824 2823
f 8801 2824 8800
f 8802 2824 8801
f 1330 8801 1016
f 8802 3770 2824
f 3770 11328 8931
f 1340 8803 1016
f 8803 8804 1016
f 1016 8804 8805
f 8804 2825 2826
f 8805 1330 1016
f 8806 1330 8805
f 1330 11327 8935
f 3769 8806 2826
f 8812 2829 8807
f 1339 8807 1017
f 8808 1339 1017
f 8809 1339 8808
f 11366 1339 8809
f 3788 8809 2827
f 8811 2828 8810
f 1334 8810 1017
f 8811 3778 2828
f 3778 11344 8883
f 8812 3787 2829
f 11365 3787 8812
f 8813 1334 1017
f 8814 1334 8813
f 1334 11343 8887
f 3777 8814 2830
f 8815 3788 2827
f 11364 3788 8815
f 143 11346 8879
f 3778 8816 2828
f 11363 391 8817
f 3787 8817 2829
f 8818 3777 2830
f 3777 11345 8881
f 8819 3786 2831
f 11362 3786 8819
f 369 11314 8963
f 3762 8820 2832
f 11361 142 8821
f 3785 8821 2833
f 8822 3761 2834
f 3761 11313 8965
f 2831 8823 8824
f 8823 1338 1018
f 8824 2832 2831
f 8825 2832 8824
f 8826 2832 8825
f 1326 8825 1018
f 8826 3762 2832
f 3762 11312 8967
f 1338 8827 1018
f 8827 8828 1018
f 1018 8828 8829
f 8828 2833 2834
f 8829 1326 1018
f 8830 1326 8829
f 1326 11311 8971
f 3761 8830 2834
f 8831 3784 2835
f 11358 3784 8831
f 269 11278 9071
f 3744 8832 2836
f 11357 468 8833
f 3783 8833 2837
f 8834 3743 2838
f 3743 11277 9073
f 2835 8835 8836
f 8835 1337 1019
f 8836 2836 2835
f 8837 2836 8836
f 8838 2836 8837
f 1317 8837 1019
f 8838 3744 2836
f 3744 11276 9075
f 1337 8839 1019
f 8839 8840 1019
f 1019 8840 8841
f 8840 2837 2838
f 8841 1317 1019
f 8842 1317 8841
f 1317 11275 9079
f 3743 8842 2838
f 447 11306 8987
f 3758 8843 2839
f 8844 3468 2840
f 3468 10728 10673
f 8845 3757 2841
f 3757 11305 8989
f 260 10730 10671
f 3470 8846 2842
f 1324 8847 1020
f 8847 8848 1020
f 1020 8848 8849
f 8848 2839 2840
f 8849 1180 1020
f 8850 1180 8849
f 1180 10724 10679
f 3468 8850 2840
f 2841 8851 8852
f 8851 1324 1020
f 8852 2842 2841
f 8853 2842 8852
f 8854 2842 8853
f 1180 8853 1020
f 8854 3470 2842
f 3470 10726 10675
f 8855 3782 2843
f 11354 3782 8855
f 154 11266 9095
f 3738 8856 2844
f 11353 387 8857
f 3781 8857 2845
f 8858 3737 2846
f 3737 11265 9097
f 2843 8859 8860
f 8859 1336 1021
f 8860 2844 2843
f 8861 2844 8860
f 8862 2844 8861
f 1314 8861 1021
f 8862 3738 2844
f 3738 11264 9099
f 1336 8863 1021
f 8863 8864 1021
f 1021 8864 8865
f 8864 2845 2846
f 8865 1314 1021
f 8866 1314 8865
f 1314 11263 9103
f 3737 8866 2846
f 8867 3780 2847
f 11350 3780 8867
f 198 11326 8939
f 3768 8868 2848
f 11349 428 8869
f 3779 8869 2849
f 8870 3767 2850
f 3767 11325 8941
f 2847 8871 8872
f 8871 1335 1022
f 8872 2848 2847
f 8873 2848 8872
f 8874 2848 8873
f 1329 8873 1022
f 8874 3768 2848
f 3768 11324 8943
f 1335 8875 1022
f 8875 8876 1022
f 1022 8876 8877
f 8876 2849 2850
f 8877 1329 1022
f 8878 1329 8877
f 1329 11323 8947
f 3767 8878 2850
f 8879 3778 2851
f 11346 3778 8879
f 144 11290 9023
f 3750 8880 2852
f 11345 368 8881
f 3777 8881 2853
f 8882 3749 2854
f 3749 11289 9025
f 2851 8883 8884
f 8883 1334 1023
f 8884 2852 2851
f 8885 2852 8884
f 8886 2852 8885
f 1320 8885 1023
f 8886 3750 2852
f 3750 11288 9027
f 1334 8887 1023
f 8887 8888 1023
f 1023 8888 8889
f 8888 2853 2854
f 8889 1320 1023
f 8890 1320 8889
f 1320 11287 9031
f 3749 8890 2854
f 8891 3751 2856
f 3751 11293 9013
f 429 11294 9011
f 3752 8892 2855
f 1321 8893 1024
f 8893 8898 1024
f 2856 8894 8895
f 8894 1321 1024
f 8895 2857 2856
f 8896 2857 8895
f 8897 2857 8896
f 1328 8896 1024
f 8897 3766 2857
f 3766 11318 8955
f 1024 8898 8899
f 8898 2855 2858
f 8899 1328 1024
f 8900 1328 8899
f 1328 11316 8959
f 3764 8900 2858
f 139 11322 8951
f 3766 8901 2857
f 8902 3764 2858
f 3764 11320 8953
f 8903 3776 2859
f 11342 3776 8903
f 11341 148 8904
f 3775 8904 2860
f 11340 389 8905
f 3774 8905 2861
f 8906 3773 2862
f 11339 3773 8906
f 2859 8907 8908
f 8907 1333 1025
f 8908 2860 2859
f 8909 2860 8908
f 8910 2860 8909
f 1332 8909 1025
f 8910 3775 2860
f 11337 3775 8910
f 1333 8911 1025
f 8911 8912 1025
f 1025 8912 8913
f 8912 2861 2862
f 8913 1332 1025
f 8914 1332 8913
f 11335 1332 8914
f 3773 8914 2862
f 8915 3772 2863
f 11334 3772 8915
f 347 11226 9193
f 3718 8916 2864
f 11333 201 8917
f 3771 8917 2865
f 8918 3717 2866
f 3717 11225 9195
f 2863 8919 8920
f 8919 1331 1026
f 8920 2864 2863
f 8921 2864 8920
f 8922 2864 8921
f 1304 8921 1026
f 8922 3718 2864
f 3718 11224 9197
f 1331 8923 1026
f 8923 8924 1026
f 1026 8924 8925
f 8924 2865 2866
f 8925 1304 1026
f 8926 1304 8925
f 1304 11223 9201
f 3717 8926 2866
f 8927 3770 2867
f 11330 3770 8927
f 249 11286 9035
f 3748 8928 2868
f 11329 337 8929
f 3769 8929 2869
f 8930 3747 2870
f 3747 11285 9037
f 2867 8931 8932
f 8931 1330 1027
f 8932 2868 2867
f 8933 2868 8932
f 8934 2868 8933
f 1319 8933 1027
f 8934 3748 2868
f 3748 11284 9039
f 1330 8935 1027
f 8935 8936 1027
f 1027 8936 8937
f 8936 2869 2870
f 8937 1319 1027
f 8938 1319 8937
f 1319 11283 9043
f 3747 8938 2870
f 8939 3768 2871
f 11326 3768 8939
f 208 11302 8999
f 3756 8940 2872
f 11325 438 8941
f 3767 8941 2873
f 8942 3754 2874
f 3754 11300 9001
f 2871 8943 8944
f 8943 1329 1028
f 8944 2872 2871
f 8945 2872 8944
f 8946 2872 8945
f 1323 8945 1028
f 8946 3756 2872
f 3756 11298 9003
f 1329 8947 1028
f 8947 8948 1028
f 1028 8948 8949
f 8948 2873 2874
f 8949 1323 1028
f 8950 1323 8949
f 1323 11296 9007
f 3754 8950 2874
f 8951 3766 2875
f 11322 3766 8951
f 11321 151 8952
f 3765 8952 2876
f 11320 377 8953
f 3764 8953 2877
f 8954 3763 2878
f 11319 3763 8954
f 2875 8955 8956
f 8955 1328 1029
f 8956 2876 2875
f 8957 2876 8956
f 8958 2876 8957
f 1327 8957 1029
f 8958 3765 2876
f 11317 3765 8958
f 1328 8959 1029
f 8959 8960 1029
f 1029 8960 8961
f 8960 2877 2878
f 8961 1327 1029
f 8962 1327 8961
f 11315 1327 8962
f 3763 8962 2878
f 8963 3762 2879
f 11314 3762 8963
f 392 11310 8975
f 3760 8964 2880
f 11313 159 8965
f 3761 8965 2881
f 8966 3759 2882
f 3759 11309 8977
f 2879 8967 8968
f 8967 1326 1030
f 8968 2880 2879
f 8969 2880 8968
f 8970 2880 8969
f 1325 8969 1030
f 8970 3760 2880
f 3760 11308 8979
f 1326 8971 1030
f 8971 8972 1030
f 1030 8972 8973
f 8972 2881 2882
f 8973 1325 1030
f 8974 1325 8973
f 1325 11307 8983
f 3759 8974 2882
f 8975 3760 2883
f 11310 3760 8975
f 394 11299 9002
f 3753 8976 2884
f 11309 157 8977
f 3759 8977 2885
f 8978 3755 2886
f 3755 11301 9000
f 2883 8979 8980
f 8979 1325 1031
f 8980 2884 2883
f 8981 2884 8980
f 8982 2884 8981
f 1322 8981 1031
f 8982 3753 2884
f 3753 11295 9010
f 1325 8983 1031
f 8983 8984 1031
f 1031 8984 8985
f 8984 2885 2886
f 8985 1322 1031
f 8986 1322 8985
f 1322 11297 9006
f 3755 8986 2886
f 8987 3758 2887
f 11306 3758 8987
f 401 11282 9047
f 3746 8988 2888
f 11305 248 8989
f 3757 8989 2889
f 8990 3745 2890
f 3745 11281 9049
f 2887 8991 8992
f 8991 1324 1032
f 8992 2888 2887
f 8993 2888 8992
f 8994 2888 8993
f 1318 8993 1032
f 8994 3746 2888
f 3746 11280 9051
f 1324 8995 1032
f 8995 8996 1032
f 1032 8996 8997
f 8996 2889 2890
f 8997 1318 1032
f 8998 1318 8997
f 1318 11279 9055
f 3745 8998 2890
f 8999 3756 2891
f 11302 3756 8999
f 11301 156 9000
f 3755 9000 2892
f 11300 460 9001
f 3754 9001 2893
f 9002 3753 2894
f 11299 3753 9002
f 2891 9003 9004
f 9003 1323 1033
f 9004 2892 2891
f 9005 2892 9004
f 9006 2892 9005
f 1322 9005 1033
f 9006 3755 2892
f 11297 3755 9006
f 1323 9007 1033
f 9007 9008 1033
f 1033 9008 9009
f 9008 2893 2894
f 9009 1322 1033
f 9010 1322 9009
f 11295 1322 9010
f 3753 9010 2894
f 9011 3752 2895
f 11294 3752 9011
f 439 11259 9110
f 3733 9012 2896
f 11293 138 9013
f 3751 9013 2897
f 9014 3735 2898
f 3735 11261 9108
f 2895 9015 9016
f 9015 1321 1034
f 9016 2896 2895
f 9017 2896 9016
f 9018 2896 9017
f 1312 9017 1034
f 9018 3733 2896
f 3733 11255 9118
f 1321 9019 1034
f 9019 9020 1034
f 1034 9020 9021
f 9020 2897 2898
f 9021 1312 1034
f 9022 1312 9021
f 1312 11257 9114
f 3735 9022 2898
f 9023 3750 2899
f 11290 3750 9023
f 158 11274 9083
f 3742 9024 2900
f 11289 370 9025
f 3749 9025 2901
f 9026 3740 2902
f 3740 11272 9085
f 2899 9027 9028
f 9027 1320 1035
f 9028 2900 2899
f 9029 2900 9028
f 9030 2900 9029
f 1316 9029 1035
f 9030 3742 2900
f 3742 11270 9087
f 1320 9031 1035
f 9031 9032 1035
f 1035 9032 9033
f 9032 2901 2902
f 9033 1316 1035
f 9034 1316 9033
f 1316 11268 9091
f 3740 9034 2902
f 9035 3748 2903
f 11286 3748 9035
f 218 11250 9131
f 3730 9036 2904
f 11285 336 9037
f 3747 9037 2905
f 9038 3729 2906
f 3729 11249 9133
f 2903 9039 9040
f 9039 1319 1036
f 9040 2904 2903
f 9041 2904 9040
f 9042 2904 9041
f 1310 9041 1036
f 9042 3730 2904
f 3730 11248 9135
f 1319 9043 1036
f 9043 9044 1036
f 1036 9044 9045
f 9044 2905 2906
f 9045 1310 1036
f 9046 1310 9045
f 1310 11247 9139
f 3729 9046 2906
f 9047 3746 2907
f 11282 3746 9047
f 400 11254 9119
f 3732 9048 2908
f 11281 246 9049
f 3745 9049 2909
f 9050 3731 2910
f 3731 11253 9121
f 2907 9051 9052
f 9051 1318 1037
f 9052 2908 2907
f 9053 2908 9052
f 9054 2908 9053
f 1311 9053 1037
f 9054 3732 2908
f 3732 11252 9123
f 1318 9055 1037
f 9055 9056 1037
f 1037 9056 9057
f 9056 2909 2910
f 9057 1311 1037
f 9058 1311 9057
f 1311 11251 9127
f 3731 9058 2910
f 395 11271 9086
f 3739 9059 2911
f 9060 3734 2912
f 3734 11260 9109
f 9061 3741 2913
f 3741 11273 9084
f 199 11262 9107
f 3736 9062 2914
f 2913 9063 9064
f 9063 1315 1038
f 9064 2914 2913
f 9065 2914 9064
f 9066 2914 9065
f 1313 9065 1038
f 9066 3736 2914
f 3736 11258 9111
f 1315 9067 1038
f 9067 9068 1038
f 1038 9068 9069
f 9068 2911 2912
f 9069 1313 1038
f 9070 1313 9069
f 1313 11256 9115
f 3734 9070 2912
f 9071 3744 2915
f 11278 3744 9071
f 282 10714 10695
f 3462 9072 2916
f 11277 451 9073
f 3743 9073 2917
f 9074 3460 2918
f 3460 10712 10697
f 2915 9075 9076
f 9075 1317 1039
f 9076 2916 2915
f 9077 2916 9076
f 9078 2916 9077
f 1176 9077 1039
f 9078 3462 2916
f 3462 10710 10699
f 1317 9079 1039
f 9079 9080 1039
f 1039 9080 9081
f 9080 2917 2918
f 9081 1176 1039
f 9082 1176 9081
f 1176 10708 10703
f 3460 9082 2918
f 9083 3742 2919
f 11274 3742 9083
f 11273 209 9084
f 3741 9084 2920
f 11272 393 9085
f 3740 9085 2921
f 9086 3739 2922
f 11271 3739 9086
f 2919 9087 9088
f 9087 1316 1040
f 9088 2920 2919
f 9089 2920 9088
f 9090 2920 9089
f 1315 9089 1040
f 9090 3741 2920
f 11269 3741 9090
f 1316 9091 1040
f 9091 9092 1040
f 1040 9092 9093
f 9092 2921 2922
f 9093 1315 1040
f 9094 1315 9093
f 11267 1315 9094
f 3739 9094 2922
f 9095 3738 2923
f 11266 3738 9095
f 187 11222 9205
f 3716 9096 2924
f 11265 396 9097
f 3737 9097 2925
f 9098 3715 2926
f 3715 11221 9207
f 2923 9099 9100
f 9099 1314 1041
f 9100 2924 2923
f 9101 2924 9100
f 9102 2924 9101
f 1303 9101 1041
f 9102 3716 2924
f 3716 11220 9209
f 1314 9103 1041
f 9103 9104 1041
f 1041 9104 9105
f 9104 2925 2926
f 9105 1303 1041
f 9106 1303 9105
f 1303 11219 9213
f 3715 9106 2926
f 9107 3736 2927
f 11262 3736 9107
f 11261 183 9108
f 3735 9108 2928
f 11260 461 9109
f 3734 9109 2929
f 9110 3733 2930
f 11259 3733 9110
f 2927 9111 9112
f 9111 1313 1042
f 9112 2928 2927
f 9113 2928 9112
f 9114 2928 9113
f 1312 9113 1042
f 9114 3735 2928
f 11257 3735 9114
f 1313 9115 1042
f 9115 9116 1042
f 1042 9116 9117
f 9116 2929 2930
f 9117 1312 1042
f 9118 1312 9117
f 11255 1312 9118
f 3733 9118 2930
f 9119 3732 2931
f 11254 3732 9119
f 380 11238 9167
f 3724 9120 2932
f 11253 217 9121
f 3731 9121 2933
f 9122 3723 2934
f 3723 11237 9169
f 2931 9123 9124
f 9123 1311 1043
f 9124 2932 2931
f 9125 2932 9124
f 9126 2932 9125
f 1307 9125 1043
f 9126 3724 2932
f 3724 11236 9171
f 1311 9127 1043
f 9127 9128 1043
f 1043 9128 9129
f 9128 2933 2934
f 9129 1307 1043
f 9130 1307 9129
f 1307 11235 9175
f 3723 9130 2934
f 9131 3730 2935
f 11250 3730 9131
f 179 11246 9143
f 3728 9132 2936
f 11249 350 9133
f 3729 9133 2937
f 9134 3727 2938
f 3727 11245 9145
f 2935 9135 9136
f 9135 1310 1044
f 9136 2936 2935
f 9137 2936 9136
f 9138 2936 9137
f 1309 9137 1044
f 9138 3728 2936
f 3728 11244 9147
f 1310 9139 1044
f 9139 9140 1044
f 1044 9140 9141
f 9140 2937 2938
f 9141 1309 1044
f 9142 1309 9141
f 1309 11243 9151
f 3727 9142 2938
f 9143 3728 2939
f 11246 3728 9143
f 180 11242 9155
f 3726 9144 2940
f 11245 351 9145
f 3727 9145 2941
f 9146 3725 2942
f 3725 11241 9157
f 2939 9147 9148
f 9147 1309 1045
f 9148 2940 2939
f 9149 2940 9148
f 9150 2940 9149
f 1308 9149 1045
f 9150 3726 2940
f 3726 11240 9159
f 1309 9151 1045
f 9151 9152 1045
f 1045 9152 9153
f 9152 2941 2942
f 9153 1308 1045
f 9154 1308 9153
f 1308 11239 9163
f 3725 9154 2942
f 9155 3726 2943
f 11242 3726 9155
f 190 11234 9179
f 3722 9156 2944
f 11241 333 9157
f 3725 9157 2945
f 9158 3720 2946
f 3720 11232 9181
f 2943 9159 9160
f 9159 1308 1046
f 9160 2944 2943
f 9161 2944 9160
f 9162 2944 9161
f 1306 9161 1046
f 9162 3722 2944
f 3722 11230 9183
f 1308 9163 1046
f 9163 9164 1046
f 1046 9164 9165
f 9164 2945 2946
f 9165 1306 1046
f 9166 1306 9165
f 1306 11228 9187
f 3720 9166 2946
f 9167 3724 2947
f 11238 3724 9167
f 381 11231 9182
f 3719 9168 2948
f 11237 203 9169
f 3723 9169 2949
f 9170 3721 2950
f 3721 11233 9180
f 2947 9171 9172
f 9171 1307 1047
f 9172 2948 2947
f 9173 2948 9172
f 9174 2948 9173
f 1305 9173 1047
f 9174 3719 2948
f 3719 11227 9190
f 1307 9175 1047
f 9175 9176 1047
f 1047 9176 9177
f 9176 2949 2950
f 9177 1305 1047
f 9178 1305 9177
f 1305 11229 9186
f 3721 9178 2950
f 9179 3722 2951
f 11234 3722 9179
f 11233 178 9180
f 3721 9180 2952
f 11232 332 9181
f 3720 9181 2953
f 9182 3719 2954
f 11231 3719 9182
f 2951 9183 9184
f 9183 1306 1048
f 9184 2952 2951
f 9185 2952 9184
f 9186 2952 9185
f 1305 9185 1048
f 9186 3721 2952
f 11229 3721 9186
f 1306 9187 1048
f 9187 9188 1048
f 1048 9188 9189
f 9188 2953 2954
f 9189 1305 1048
f 9190 1305 9189
f 11227 1305 9190
f 3719 9190 2954
f 9191 345 364
f 10685 345 9191
f 3451 9192 10683
f 9192 155 133
f 9193 3718 2955
f 11226 3718 9193
f 371 11218 9219
f 3714 9194 2956
f 11225 153 9195
f 3717 9195 2957
f 9196 3713 2958
f 3713 11217 9221
f 2955 9197 9198
f 9197 1304 1049
f 9198 2956 2955
f 9199 2956 9198
f 9200 2956 9199
f 1302 9199 1049
f 9200 3714 2956
f 3714 11216 9223
f 1304 9201 1049
f 9201 9202 1049
f 1049 9202 9203
f 9202 2957 2958
f 9203 1302 1049
f 9204 1302 9203
f 1302 11215 9227
f 3713 9204 2958
f 9205 3716 2959
f 11222 3716 9205
f 185 11210 9255
f 3710 9206 2960
f 11221 408 9207
f 3715 9207 2961
f 9208 3708 2962
f 3708 11208 9257
f 2959 9209 9210
f 9209 1303 1050
f 9210 2960 2959
f 9211 2960 9210
f 9212 2960 9211
f 1300 9211 1050
f 9212 3710 2960
f 3710 11206 9259
f 1303 9213 1050
f 9213 9214 1050
f 1050 9214 9215
f 9214 2961 2962
f 9215 1300 1050
f 9216 1300 9215
f 1300 11204 9263
f 3708 9216 2962
f 9217 450 430
f 10697 450 9217
f 3455 9218 10695
f 9218 237 282
f 9219 3714 2963
f 11218 3714 9219
f 409 11214 9243
f 3712 9220 2964
f 11217 141 9221
f 3713 9221 2965
f 9222 3711 2966
f 3711 11213 9245
f 2963 9223 9224
f 9223 1302 1051
f 9224 2964 2963
f 9225 2964 9224
f 9226 2964 9225
f 1301 9225 1051
f 9226 3712 2964
f 3712 11212 9247
f 1302 9227 1051
f 9227 9228 1051
f 1051 9228 9229
f 9228 2965 2966
f 9229 1301 1051
f 9230 1301 9229
f 1301 11211 9251
f 3711 9230 2966
f 426 11207 9258
f 3707 9231 2967
f 9232 3704 2968
f 3704 11200 9269
f 9233 3709 2969
f 3709 11209 9256
f 184 11202 9267
f 3706 9234 2970
f 2969 9235 9236
f 9235 1299 1052
f 9236 2970 2969
f 9237 2970 9236
f 9238 2970 9237
f 1298 9237 1052
f 9238 3706 2970
f 3706 11198 9271
f 1299 9239 1052
f 9239 9240 1052
f 1052 9240 9241
f 9240 2967 2968
f 9241 1298 1052
f 9242 1298 9241
f 1298 11196 9275
f 3704 9242 2968
f 9243 3712 2971
f 11214 3712 9243
f 427 11199 9270
f 3703 9244 2972
f 11213 134 9245
f 3711 9245 2973
f 9246 3705 2974
f 3705 11201 9268
f 2971 9247 9248
f 9247 1301 1053
f 9248 2972 2971
f 9249 2972 9248
f 9250 2972 9249
f 1297 9249 1053
f 9250 3703 2972
f 3703 11195 9278
f 1301 9251 1053
f 9251 9252 1053
f 1053 9252 9253
f 9252 2973 2974
f 9253 1297 1053
f 9254 1297 9253
f 1297 11197 9274
f 3705 9254 2974
f 9255 3710 2975
f 11210 3710 9255
f 11209 186 9256
f 3709 9256 2976
f 11208 424 9257
f 3708 9257 2977
f 9258 3707 2978
f 11207 3707 9258
f 2975 9259 9260
f 9259 1300 1054
f 9260 2976 2975
f 9261 2976 9260
f 9262 2976 9261
f 1299 9261 1054
f 9262 3709 2976
f 11205 3709 9262
f 1300 9263 1054
f 9263 9264 1054
f 1054 9264 9265
f 9264 2977 2978
f 9265 1299 1054
f 9266 1299 9265
f 11203 1299 9266
f 3707 9266 2978
f 9267 3706 2979
f 11202 3706 9267
f 11201 174 9268
f 3705 9268 2980
f 11200 425 9269
f 3704 9269 2981
f 9270 3703 2982
f 11199 3703 9270
f 2979 9271 9272
f 9271 1298 1055
f 9272 2980 2979
f 9273 2980 9272
f 9274 2980 9273
f 1297 9273 1055
f 9274 3705 2980
f 11197 3705 9274
f 1298 9275 1055
f 9275 9276 1055
f 1055 9276 9277
f 9276 2981 2982
f 9277 1297 1055
f 9278 1297 9277
f 11195 1297 9278
f 3703 9278 2982
f 10115 222 11058
f 2983 3638 9279
f 2984 9280 3583
f 10316 3583 10961
f 2985 9281 3637
f 10117 3637 11057
f 10318 456 10959
f 2986 3581 9282
f 10119 356 11056
f 2987 3636 9283
f 2988 9284 3472
f 10653 3472 10740
f 2989 9285 3635
f 10121 3635 11055
f 10651 234 10742
f 2990 3474 9286
f 1056 1264 9287
f 1056 9287 9288
f 9288 9289 1056
f 2983 2984 9288
f 1056 9289 1236
f 9289 9290 1236
f 10330 1236 10953
f 2984 3583 9290
f 9292 2985 9291
f 1056 9291 1264
f 2986 2985 9292
f 2986 9292 9293
f 9293 9294 2986
f 1056 1236 9293
f 2986 9294 3581
f 10334 3581 10951
f 1057 1263 9295
f 1057 9295 9296
f 9296 9297 1057
f 2987 2988 9296
f 1057 9297 1182
f 9297 9298 1182
f 10667 1182 10732
f 2988 3472 9298
f 9300 2989 9299
f 1057 9299 1263
f 2990 2989 9300
f 2990 9300 9301
f 9301 9302 2990
f 1057 1182 9301
f 2990 9302 3474
f 10663 3474 10734
f 9903 308 11138
f 2991 3674 9303
f 2992 9304 3476
f 10649 3476 10744
f 2993 9305 3673
f 9905 3673 11137
f 10647 165 10746
f 2994 3478 9306
f 9915 240 11132
f 2995 3668 9307
f 2996 9308 3473
f 10652 3473 10741
f 2997 9309 3667
f 9917 3667 11131
f 10654 343 10739
f 2998 3471 9310
f 9919 22 11130
f 2999 3666 9311
f 3000 9312 3508
f 10553 3508 10808
f 3001 9313 3665
f 9921 3665 11129
f 10551 23 10810
f 3002 3510 9314
f 1058 1282 9315
f 1058 9315 9316
f 9316 9317 1058
f 2991 2992 9316
f 1058 9317 1184
f 9317 9318 1184
f 10659 1184 10736
f 2992 3476 9318
f 9320 2993 9319
f 1058 9319 1282
f 2994 2993 9320
f 2994 9320 9321
f 9321 9322 2994
f 1058 1184 9321
f 2994 9322 3478
f 10655 3478 10738
f 1059 1279 9323
f 1059 9323 9324
f 9324 9325 1059
f 2995 2996 9324
f 1059 9325 1181
f 9325 9326 1181
f 10666 1181 10733
f 2996 3473 9326
f 9328 2997 9327
f 1059 9327 1279
f 2998 2997 9328
f 2998 9328 9329
f 9329 9330 2998
f 1059 1181 9329
f 2998 9330 3471
f 10670 3471 10731
f 1060 1278 9331
f 1060 9331 9332
f 9332 9333 1060
f 2999 3000 9332
f 1060 9333 1200
f 9333 9334 1200
f 10563 1200 10800
f 3000 3508 9334
f 9336 3001 9335
f 1060 9335 1278
f 3002 3001 9336
f 3002 9336 9337
f 9337 9338 3002
f 1060 1200 9337
f 3002 9338 3510
f 10559 3510 10802
f 10506 298 10839
f 3003 3523 9339
f 3004 9340 3500
f 10577 3500 10792
f 3005 9341 3525
f 10504 3525 10841
f 10575 177 10794
f 3006 3502 9342
f 10507 227 10838
f 3007 3522 9343
f 3008 9344 3497
f 10580 3497 10789
f 3009 9345 3520
f 10509 3520 10836
f 10582 361 10787
f 3010 3495 9346
f 10514 28 10831
f 3011 3515 9347
f 3012 9348 3492
f 10585 3492 10784
f 3013 9349 3517
f 10512 3517 10833
f 10583 29 10786
f 3014 3494 9350
f 9352 3005 9351
f 1061 9351 1207
f 3006 3005 9352
f 3006 9352 9353
f 9353 9354 3006
f 1061 1196 9353
f 3006 9354 3502
f 10591 3502 10778
f 1061 1207 9355
f 1061 9355 9356
f 9356 9357 1061
f 3003 3004 9356
f 1061 9357 1196
f 9357 9358 1196
f 10595 1196 10776
f 3004 3500 9358
f 1062 1206 9359
f 1062 9359 9360
f 9360 9361 1062
f 3007 3008 9360
f 1062 9361 1193
f 9361 9362 1193
f 10602 1193 10773
f 3008 3497 9362
f 9364 3009 9363
f 1062 9363 1206
f 3010 3009 9364
f 3010 9364 9365
f 9365 9366 3010
f 1062 1193 9365
f 3010 9366 3495
f 10606 3495 10771
f 9368 3013 9367
f 1063 9367 1203
f 3014 3013 9368
f 3014 9368 9369
f 9369 9370 3014
f 1063 1192 9369
f 3014 9370 3494
f 10607 3494 10770
f 1063 1203 9371
f 1063 9371 9372
f 9372 9373 1063
f 3011 3012 9372
f 1063 9373 1192
f 9373 9374 1192
f 10611 1192 10768
f 3012 3492 9374
f 10515 91 10830
f 3015 3514 9375
f 3016 9376 3489
f 10588 3489 10781
f 3017 9377 3512
f 10517 3512 10828
f 10590 90 10779
f 3018 3487 9378
f 1064 1202 9379
f 1064 9379 9380
f 9380 9381 1064
f 3015 3016 9380
f 1064 9381 1189
f 9381 9382 1189
f 10618 1189 10765
f 3016 3489 9382
f 9384 3017 9383
f 1064 9383 1202
f 3018 3017 9384
f 3018 9384 9385
f 9385 9386 3018
f 1064 1189 9385
f 3018 9386 3487
f 10622 3487 10763
f 9831 214 11154
f 3019 3682 9387
f 3020 9388 3661
f 10056 3661 11093
f 3021 9389 3681
f 9833 3681 11153
f 10055 325 11094
f 3022 3662 9390
f 9835 434 11152
f 3023 3680 9391
f 3024 9392 3659
f 10058 3659 11091
f 3025 9393 3679
f 9837 3679 11151
f 10057 288 11092
f 3026 3660 9394
f 9839 293 11150
f 3027 3678 9395
f 3028 9396 3657
f 10060 3657 11089
f 3029 9397 3677
f 9841 3677 11149
f 10059 431 11090
f 3030 3658 9398
f 9843 353 11148
f 3031 3676 9399
f 3032 9400 3655
f 10062 3655 11087
f 3033 9401 3675
f 9845 3675 11147
f 10061 242 11088
f 3034 3656 9402
f 10067 68 11086
f 3035 3650 9403
f 3036 9404 3484
f 10625 3484 10760
f 3037 9405 3649
f 10068 3649 11085
f 10623 69 10762
f 3038 3486 9406
f 10069 109 11084
f 3039 3648 9407
f 3040 9408 3481
f 10628 3481 10757
f 3041 9409 3647
f 10070 3647 11083
f 10630 108 10755
f 3042 3479 9410
f 1065 1286 9411
f 1065 9411 9412
f 9412 9413 1065
f 3019 3020 9412
f 1065 9413 1276
f 9413 9414 1276
f 10050 1276 11095
f 3020 3661 9414
f 9416 3021 9415
f 1065 9415 1286
f 3022 3021 9416
f 3022 9416 9417
f 9417 9418 3022
f 1065 1276 9417
f 3022 9418 3662
f 10049 3662 11096
f 1066 1285 9419
f 1066 9419 9420
f 9420 9421 1066
f 3023 3024 9420
f 1066 9421 1275
f 9421 9422 1275
f 10047 1275 11098
f 3024 3659 9422
f 9424 3025 9423
f 1066 9423 1285
f 3026 3025 9424
f 3026 9424 9425
f 9425 9426 3026
f 1066 1275 9425
f 3026 9426 3660
f 10048 3660 11097
f 1067 1284 9427
f 1067 9427 9428
f 9428 9429 1067
f 3027 3028 9428
f 1067 9429 1274
f 9429 9430 1274
f 10046 1274 11099
f 3028 3657 9430
f 9432 3029 9431
f 1067 9431 1284
f 3030 3029 9432
f 3030 9432 9433
f 9433 9434 3030
f 1067 1274 9433
f 3030 9434 3658
f 10045 3658 11100
f 1068 1283 9435
f 1068 9435 9436
f 9436 9437 1068
f 3031 3032 9436
f 1068 9437 1273
f 9437 9438 1273
f 10043 1273 11102
f 3032 3655 9438
f 9440 3033 9439
f 1068 9439 1283
f 3034 3033 9440
f 3034 9440 9441
f 9441 9442 3034
f 1068 1273 9441
f 3034 9442 3656
f 10044 3656 11101
f 1069 1270 9443
f 1069 9443 9444
f 9444 9445 1069
f 3035 3036 9444
f 1069 9445 1188
f 9445 9446 1188
f 10635 1188 10752
f 3036 3484 9446
f 9448 3037 9447
f 1069 9447 1270
f 3038 3037 9448
f 3038 9448 9449
f 9449 9450 3038
f 1069 1188 9449
f 3038 9450 3486
f 10631 3486 10754
f 1070 1269 9451
f 1070 9451 9452
f 9452 9453 1070
f 3039 3040 9452
f 1070 9453 1185
f 9453 9454 1185
f 10642 1185 10749
f 3040 3481 9454
f 9456 3041 9455
f 1070 9455 1269
f 3042 3041 9456
f 3042 9456 9457
f 9457 9458 3042
f 1070 1185 9457
f 3042 9458 3479
f 10646 3479 10747
f 9823 112 11156
f 3043 3684 9459
f 3044 9460 3480
f 10629 3480 10756
f 3045 9461 3683
f 9824 3683 11155
f 10627 113 10758
f 3046 3482 9462
f 1071 1287 9463
f 1071 9463 9464
f 9464 9465 1071
f 3043 3044 9464
f 1071 9465 1186
f 9465 9466 1186
f 10643 1186 10748
f 3044 3480 9466
f 9468 3045 9467
f 1071 9467 1287
f 3046 3045 9468
f 3046 9468 9469
f 9469 9470 3046
f 1071 1186 9469
f 3046 9470 3482
f 10639 3482 10750
f 9591 305 11190
f 3047 3700 9471
f 3048 9472 3564
f 10401 3564 10904
f 3049 9473 3699
f 9593 3699 11189
f 10399 215 10906
f 3050 3566 9474
f 9595 281 11188
f 3051 3698 9475
f 3052 9476 3561
f 10384 3561 10921
f 3053 9477 3697
f 9597 3697 11187
f 10386 340 10919
f 3054 3559 9478
f 9599 74 11186
f 3055 3696 9479
f 3056 9480 3548
f 10397 3548 10908
f 3057 9481 3695
f 9601 3695 11185
f 10395 75 10910
f 3058 3550 9482
f 9603 103 11184
f 3059 3694 9483
f 3060 9484 3545
f 10404 3545 10901
f 3061 9485 3693
f 9605 3693 11183
f 10406 102 10899
f 3062 3543 9486
f 1072 1295 9487
f 1072 9487 9488
f 9488 9489 1072
f 3047 3048 9488
f 1072 9489 1228
f 9489 9490 1228
f 10411 1228 10896
f 3048 3564 9490
f 9492 3049 9491
f 1072 9491 1295
f 3050 3049 9492
f 3050 9492 9493
f 9493 9494 3050
f 1072 1228 9493
f 3050 9494 3566
f 10407 3566 10898
f 1073 1294 9495
f 1073 9495 9496
f 9496 9497 1073
f 3051 3052 9496
f 1073 9497 1225
f 9497 9498 1225
f 10418 1225 10893
f 3052 3561 9498
f 9500 3053 9499
f 1073 9499 1294
f 3054 3053 9500
f 3054 9500 9501
f 9501 9502 3054
f 1073 1225 9501
f 3054 9502 3559
f 10422 3559 10891
f 1074 1293 9503
f 1074 9503 9504
f 9504 9505 1074
f 3055 3056 9504
f 1074 9505 1220
f 9505 9506 1220
f 10443 1220 10880
f 3056 3548 9506
f 9508 3057 9507
f 1074 9507 1293
f 3058 3057 9508
f 3058 9508 9509
f 9509 9510 3058
f 1074 1220 9509
f 3058 9510 3550
f 10439 3550 10882
f 1075 1292 9511
f 1075 9511 9512
f 9512 9513 1075
f 3059 3060 9512
f 1075 9513 1217
f 9513 9514 1217
f 10450 1217 10877
f 3060 3545 9514
f 9516 3061 9515
f 1075 9515 1292
f 3062 3061 9516
f 3062 9516 9517
f 9517 9518 3062
f 1075 1217 9517
f 3062 9518 3543
f 10454 3543 10875
f 9583 65 11192
f 3063 3702 9519
f 3064 9520 3485
f 10624 3485 10761
f 3065 9521 3701
f 9584 3701 11191
f 10626 64 10759
f 3066 3483 9522
f 1076 1296 9523
f 1076 9523 9524
f 9524 9525 1076
f 3063 3064 9524
f 1076 9525 1187
f 9525 9526 1187
f 10634 1187 10753
f 3064 3485 9526
f 9528 3065 9527
f 1076 9527 1296
f 3066 3065 9528
f 3066 9528 9529
f 9529 9530 3066
f 1076 1187 9529
f 3066 9530 3483
f 10638 3483 10751
f 9711 97 11174
f 3067 3690 9531
f 3068 9532 3505
f 10556 3505 10805
f 3069 9533 3689
f 9713 3689 11173
f 10558 96 10803
f 3070 3503 9534
f 1077 1290 9535
f 1077 9535 9536
f 9536 9537 1077
f 3067 3068 9536
f 1077 9537 1197
f 9537 9538 1197
f 10570 1197 10797
f 3068 3505 9538
f 9540 3069 9539
f 1077 9539 1290
f 3070 3069 9540
f 3070 9540 9541
f 9541 9542 3070
f 1077 1197 9541
f 3070 9542 3503
f 10574 3503 10795
f 10239 63 10998
f 3072 3596 9543
f 3074 9544 3594
f 10241 3594 10996
f 3076 9545 3536
f 10469 3536 10864
f 10467 289 10866
f 3078 3538 9546
f 10223 294 11010
f 3079 3608 9547
f 3081 9548 3606
f 10225 3606 11008
f 3084 9549 3528
f 10477 3528 10856
f 10475 57 10858
f 3086 3530 9550
f 1079 1249 9551
f 1079 9551 9552
f 9552 9553 1079
f 3079 3080 9552
f 1079 9553 1211
f 9553 9582 1211
f 9555 3081 9554
f 1079 9554 1249
f 3082 3081 9555
f 3082 9555 9556
f 9556 9581 3082
f 1079 1211 9556
f 1081 1243 9557
f 1081 9557 9558
f 9558 9559 1081
f 3072 3071 9558
f 1081 9559 1296
f 9559 9580 1296
f 9561 3074 9560
f 1081 9560 1243
f 3073 3074 9561
f 3073 9561 9562
f 9562 9579 3073
f 1081 1296 9562
f 1078 1214 9563
f 1078 9563 9564
f 9564 9565 1078
f 3078 3077 9564
f 1078 9565 1250
f 9565 9578 1250
f 9567 3076 9566
f 1078 9566 1214
f 3075 3076 9567
f 3075 9567 9568
f 9568 9577 3075
f 1078 1250 9568
f 1080 1210 9569
f 1080 9569 9570
f 9570 9571 1080
f 3086 3085 9570
f 1080 9571 1244
f 9571 9576 1244
f 9573 3084 9572
f 1080 9572 1210
f 3083 3084 9573
f 3083 9573 9574
f 9574 9575 3083
f 1080 1244 9574
f 3083 9575 3598
f 10287 3598 10976
f 10291 1244 10975
f 3085 3597 9576
f 3075 9577 3610
f 10255 3610 10988
f 10259 1250 10987
f 3077 3609 9578
f 3073 9579 3701
f 9579 11194 3701
f 9580 11193 1296
f 3071 3702 9580
f 3082 9581 3531
f 10494 3531 10847
f 10490 1211 10849
f 3080 3533 9582
f 3071 9583 3702
f 9583 11192 3702
f 9584 11191 62
f 3073 3701 9584
f 10219 472 11012
f 3075 3610 9585
f 3077 9586 3609
f 10221 3609 11011
f 3080 9587 3533
f 10472 3533 10861
f 10474 459 10859
f 3082 3531 9588
f 10235 56 11000
f 3083 3598 9589
f 3085 9590 3597
f 10237 3597 10999
f 3087 9591 3700
f 9591 11190 3700
f 10650 302 10743
f 3088 3475 9592
f 9593 11189 188
f 3089 3699 9593
f 3090 9594 3477
f 10648 3477 10745
f 3091 9595 3698
f 9595 11188 3698
f 10311 278 10966
f 3092 3588 9596
f 9597 11187 310
f 3093 3697 9597
f 3094 9598 3586
f 10313 3586 10964
f 3095 9599 3696
f 9599 11186 3696
f 9739 76 11164
f 3096 3686 9600
f 9601 11185 77
f 3097 3695 9601
f 3098 9602 3685
f 9741 3685 11163
f 3099 9603 3694
f 9603 11184 3694
f 10555 101 10806
f 3100 3506 9604
f 9605 11183 100
f 3101 3693 9605
f 3102 9606 3504
f 10557 3504 10804
f 9735 43 11166
f 3103 3688 9607
f 3104 9608 3629
f 10112 3629 11061
f 3105 9609 3687
f 9737 3687 11165
f 10114 42 11059
f 3106 3627 9610
f 10107 19 11066
f 3107 3634 9611
f 3108 9612 3509
f 10552 3509 10809
f 3109 9613 3632
f 10109 3632 11064
f 10554 18 10807
f 3110 3507 9614
f 9616 3087 9615
f 1082 9615 1295
f 3088 3087 9616
f 3088 9616 9617
f 9617 9618 3088
f 1082 1183 9617
f 3088 9618 3475
f 10662 3475 10735
f 1082 1295 9619
f 1082 9619 9620
f 9620 9621 1082
f 3089 3090 9620
f 1082 9621 1183
f 9621 9622 1183
f 10658 1183 10737
f 3090 3477 9622
f 9624 3091 9623
f 1083 9623 1294
f 3092 3091 9624
f 3092 9624 9625
f 9625 9626 3092
f 1083 1239 9625
f 3092 9626 3588
f 10319 3588 10958
f 1083 1294 9627
f 1083 9627 9628
f 9628 9629 1083
f 3093 3094 9628
f 1083 9629 1239
f 9629 9630 1239
f 10323 1239 10956
f 3094 3586 9630
f 9632 3095 9631
f 1086 9631 1293
f 3096 3095 9632
f 3096 9632 9633
f 9633 9634 3096
f 1086 1288 9633
f 3096 9634 3686
f 9751 3686 11160
f 1086 1293 9635
f 1086 9635 9636
f 9636 9637 1086
f 3097 3098 9636
f 1086 9637 1288
f 9637 9638 1288
f 9755 1288 11159
f 3098 3685 9638
f 9640 3099 9639
f 1087 9639 1292
f 3100 3099 9640
f 3100 9640 9641
f 9641 9642 3100
f 1087 1198 9641
f 3100 9642 3506
f 10567 3506 10798
f 1087 1292 9643
f 1087 9643 9644
f 9644 9645 1087
f 3101 3102 9644
f 1087 9645 1198
f 9645 9646 1198
f 10571 1198 10796
f 3102 3504 9646
f 1085 1289 9647
f 1085 9647 9648
f 9648 9649 1085
f 3103 3104 9648
f 1085 9649 1259
f 9649 9650 1259
f 10150 1259 11045
f 3104 3629 9650
f 9652 3105 9651
f 1085 9651 1289
f 3106 3105 9652
f 3106 9652 9653
f 9653 9654 3106
f 1085 1259 9653
f 3106 9654 3627
f 10154 3627 11043
f 1084 1262 9655
f 1084 9655 9656
f 9656 9657 1084
f 3107 3108 9656
f 1084 9657 1199
f 9657 9658 1199
f 10562 1199 10801
f 3108 3509 9658
f 9660 3109 9659
f 1084 9659 1262
f 3110 3109 9660
f 3110 9660 9661
f 9661 9662 3110
f 1084 1199 9661
f 3110 9662 3507
f 10566 3507 10799
f 9715 85 11172
f 3111 3692 9663
f 3112 9664 3567
f 10373 3567 10925
f 3113 9665 3691
f 9717 3691 11171
f 10371 84 10926
f 3114 3568 9666
f 9907 301 11136
f 3115 3672 9667
f 3116 9668 3617
f 10181 3617 11025
f 3117 9669 3671
f 9909 3671 11135
f 10179 271 11026
f 3118 3618 9670
f 9911 212 11134
f 3119 3670 9671
f 3120 9672 3615
f 10185 3615 11023
f 3121 9673 3669
f 9913 3669 11133
f 10183 469 11024
f 3122 3616 9674
f 9923 34 11128
f 3123 3664 9675
f 3124 9676 3613
f 10189 3613 11021
f 3125 9677 3663
f 9925 3663 11127
f 10187 35 11022
f 3126 3614 9678
f 1091 1291 9679
f 1091 9679 9680
f 9680 9681 1091
f 3111 3112 9680
f 1091 9681 1229
f 9681 9682 1229
f 10379 1229 10923
f 3112 3567 9682
f 9684 3113 9683
f 1091 9683 1291
f 3114 3113 9684
f 3114 9684 9685
f 9685 9686 3114
f 1091 1229 9685
f 3114 9686 3568
f 10375 3568 10924
f 1088 1281 9687
f 1088 9687 9688
f 9688 9689 1088
f 3115 3116 9688
f 1088 9689 1254
f 9689 9690 1254
f 10195 1254 11019
f 3116 3617 9690
f 9692 3117 9691
f 1088 9691 1281
f 3118 3117 9692
f 3118 9692 9693
f 9693 9694 3118
f 1088 1254 9693
f 3118 9694 3618
f 10191 3618 11020
f 1089 1280 9695
f 1089 9695 9696
f 9696 9697 1089
f 3119 3120 9696
f 1089 9697 1253
f 9697 9698 1253
f 10203 1253 11017
f 3120 3615 9698
f 9700 3121 9699
f 1089 9699 1280
f 3122 3121 9700
f 3122 9700 9701
f 9701 9702 3122
f 1089 1253 9701
f 3122 9702 3616
f 10199 3616 11018
f 1090 1277 9703
f 1090 9703 9704
f 9704 9705 1090
f 3123 3124 9704
f 1090 9705 1252
f 9705 9706 1252
f 10211 1252 11015
f 3124 3613 9706
f 9708 3125 9707
f 1090 9707 1277
f 3126 3125 9708
f 3126 9708 9709
f 9709 9710 3126
f 1090 1252 9709
f 3126 9710 3614
f 10207 3614 11016
f 3131 9711 3690
f 9711 11174 3690
f 10587 95 10782
f 3132 3490 9712
f 9713 11173 94
f 3133 3689 9713
f 3134 9714 3488
f 10589 3488 10780
f 3127 9715 3692
f 9715 11172 3692
f 10455 83 10874
f 3128 3542 9716
f 9717 11171 82
f 3129 3691 9717
f 3130 9718 3540
f 10457 3540 10872
f 9720 3127 9719
f 1092 9719 1291
f 3128 3127 9720
f 3128 9720 9721
f 9721 9722 3128
f 1092 1216 9721
f 3128 9722 3542
f 10459 3542 10870
f 1092 1291 9723
f 1092 9723 9724
f 9724 9725 1092
f 3129 3130 9724
f 1092 9725 1216
f 9725 9726 1216
f 10463 1216 10868
f 3130 3540 9726
f 9728 3131 9727
f 1093 9727 1290
f 3132 3131 9728
f 3132 9728 9729
f 9729 9730 3132
f 1093 1190 9729
f 3132 9730 3490
f 10615 3490 10766
f 1093 1290 9731
f 1093 9731 9732
f 9732 9733 1093
f 3133 3134 9732
f 1093 9733 1190
f 9733 9734 1190
f 10619 1190 10764
f 3134 3488 9734
f 3135 9735 3688
f 9735 11166 3688
f 10079 41 11078
f 3136 3642 9736
f 9737 11165 40
f 3137 3687 9737
f 3138 9738 3640
f 10081 3640 11076
f 3139 9739 3686
f 9739 11164 3686
f 10458 78 10871
f 3140 3539 9740
f 9741 11163 79
f 3141 3685 9741
f 3142 9742 3541
f 10456 3541 10873
f 9744 3135 9743
f 1094 9743 1289
f 3136 3135 9744
f 3136 9744 9745
f 9745 9746 3136
f 1094 1266 9745
f 3136 9746 3642
f 10099 3642 11070
f 1094 1289 9747
f 1094 9747 9748
f 9748 9749 1094
f 3137 3138 9748
f 1094 9749 1266
f 9749 9750 1266
f 10103 1266 11068
f 3138 3640 9750
f 9752 3139 9751
f 1095 9751 1288
f 3140 3139 9752
f 3140 9752 9753
f 9753 9754 3140
f 1095 1215 9753
f 3140 9754 3539
f 10466 3539 10867
f 1095 1288 9755
f 1095 9755 9756
f 9756 9757 1095
f 3141 3142 9756
f 1095 9757 1215
f 9757 9758 1215
f 10462 1215 10869
f 3142 3541 9758
f 9983 15 11114
f 3143 3654 9759
f 3144 9760 3633
f 10108 3633 11065
f 3145 9761 3653
f 9984 3653 11113
f 10110 14 11063
f 3146 3631 9762
f 9985 46 11112
f 3147 3652 9763
f 3148 9764 3628
f 10113 3628 11060
f 3149 9765 3651
f 9986 3651 11111
f 10111 47 11062
f 3150 3630 9766
f 1096 1272 9767
f 1096 9767 9768
f 9768 9769 1096
f 3143 3144 9768
f 1096 9769 1261
f 9769 9770 1261
f 10142 1261 11049
f 3144 3633 9770
f 9772 3145 9771
f 1096 9771 1272
f 3146 3145 9772
f 3146 9772 9773
f 9773 9774 3146
f 1096 1261 9773
f 3146 9774 3631
f 10146 3631 11047
f 1097 1271 9775
f 1097 9775 9776
f 9776 9777 1097
f 3147 3148 9776
f 1097 9777 1260
f 9777 9778 1260
f 10151 1260 11044
f 3148 3628 9778
f 9780 3149 9779
f 1097 9779 1271
f 3150 3149 9780
f 3150 9780 9781
f 9781 9782 3150
f 1097 1260 9781
f 3150 9782 3630
f 10147 3630 11046
f 10246 114 10991
f 3152 3589 9783
f 3154 9784 3591
f 10244 3591 10993
f 3156 9785 3579
f 10336 3579 10949
f 10338 327 10947
f 3158 3577 9786
f 10230 383 11003
f 3159 3601 9787
f 3161 9788 3603
f 10228 3603 11005
f 3164 9789 3571
f 10344 3571 10941
f 10346 4 10939
f 3166 3569 9790
f 9792 3161 9791
f 1099 9791 1246
f 3162 3161 9792
f 3162 9792 9793
f 9793 9822 3162
f 1099 1233 9793
f 1099 1246 9794
f 1099 9794 9795
f 9795 9796 1099
f 3159 3160 9795
f 1099 9796 1233
f 9796 9821 1233
f 9798 3154 9797
f 1101 9797 1240
f 3153 3154 9798
f 3153 9798 9799
f 9799 9820 3153
f 1101 1287 9799
f 1101 1240 9800
f 1101 9800 9801
f 9801 9802 1101
f 3152 3151 9801
f 1101 9802 1287
f 9802 9819 1287
f 9804 3156 9803
f 1098 9803 1234
f 3155 3156 9804
f 3155 9804 9805
f 9805 9818 3155
f 1098 1251 9805
f 1098 1234 9806
f 1098 9806 9807
f 9807 9808 1098
f 3158 3157 9807
f 1098 9808 1251
f 9808 9817 1251
f 9810 3164 9809
f 1100 9809 1230
f 3163 3164 9810
f 3163 9810 9811
f 9811 9816 3163
f 1100 1245 9811
f 1100 1230 9812
f 1100 9812 9813
f 9813 9814 1100
f 3166 3165 9813
f 1100 9814 1245
f 9814 9815 1245
f 10283 1245 10977
f 3165 3599 9815
f 3163 9816 3600
f 10279 3600 10978
f 10251 1251 10989
f 3157 3611 9817
f 3155 9818 3612
f 10247 3612 10990
f 9819 11158 1287
f 3151 3684 9819
f 3153 9820 3683
f 9820 11157 3683
f 10359 1233 10932
f 3160 3574 9821
f 3162 9822 3576
f 10355 3576 10934
f 3151 9823 3684
f 9823 11156 3684
f 9824 11155 115
f 3153 3683 9824
f 10215 236 11014
f 3155 3612 9825
f 3157 9826 3611
f 10217 3611 11013
f 3160 9827 3574
f 10341 3574 10944
f 10339 254 10946
f 3162 3576 9828
f 10231 5 11002
f 3163 3600 9829
f 3165 9830 3599
f 10233 3599 11001
f 3167 9831 3682
f 9831 11154 3682
f 10335 244 10950
f 3168 3580 9832
f 9833 11153 315
f 3169 3681 9833
f 3170 9834 3578
f 10337 3578 10948
f 3171 9835 3680
f 9835 11152 3680
f 10470 422 10863
f 3172 3535 9836
f 9837 11151 287
f 3173 3679 9837
f 3174 9838 3537
f 10468 3537 10865
f 3175 9839 3678
f 9839 11150 3678
f 10471 291 10862
f 3176 3534 9840
f 9841 11149 470
f 3177 3677 9841
f 3178 9842 3532
f 10473 3532 10860
f 3179 9843 3676
f 9843 11148 3676
f 10342 384 10943
f 3180 3573 9844
f 9845 11147 251
f 3181 3675 9845
f 3182 9846 3575
f 10340 3575 10945
f 10158 8 11039
f 3183 3623 9847
f 3184 9848 3570
f 10345 3570 10940
f 3185 9849 3625
f 10156 3625 11041
f 10343 9 10942
f 3186 3572 9850
f 10159 53 11038
f 3187 3622 9851
f 3188 9852 3529
f 10476 3529 10857
f 3189 9853 3620
f 10161 3620 11036
f 10478 52 10855
f 3190 3527 9854
f 9856 3167 9855
f 1102 9855 1286
f 3168 3167 9856
f 3168 9856 9857
f 9857 9858 3168
f 1102 1235 9857
f 3168 9858 3580
f 10347 3580 10938
f 1102 1286 9859
f 1102 9859 9860
f 9860 9861 1102
f 3169 3170 9860
f 1102 9861 1235
f 9861 9862 1235
f 10351 1235 10936
f 3170 3578 9862
f 9864 3171 9863
f 1103 9863 1285
f 3172 3171 9864
f 3172 9864 9865
f 9865 9866 3172
f 1103 1213 9865
f 3172 9866 3535
f 10486 3535 10851
f 1103 1285 9867
f 1103 9867 9868
f 9868 9869 1103
f 3173 3174 9868
f 1103 9869 1213
f 9869 9870 1213
f 10482 1213 10853
f 3174 3537 9870
f 9872 3175 9871
f 1104 9871 1284
f 3176 3175 9872
f 3176 9872 9873
f 9873 9874 3176
f 1104 1212 9873
f 3176 9874 3534
f 10487 3534 10850
f 1104 1284 9875
f 1104 9875 9876
f 9876 9877 1104
f 3177 3178 9876
f 1104 9877 1212
f 9877 9878 1212
f 10491 1212 10848
f 3178 3532 9878
f 9880 3179 9879
f 1105 9879 1283
f 3180 3179 9880
f 3180 9880 9881
f 9881 9882 3180
f 1105 1232 9881
f 3180 9882 3573
f 10362 3573 10931
f 1105 1283 9883
f 1105 9883 9884
f 9884 9885 1105
f 3181 3182 9884
f 1105 9885 1232
f 9885 9886 1232
f 10358 1232 10933
f 3182 3575 9886
f 9888 3185 9887
f 1106 9887 1257
f 3186 3185 9888
f 3186 9888 9889
f 9889 9890 3186
f 1106 1231 9889
f 3186 9890 3572
f 10363 3572 10930
f 1106 1257 9891
f 1106 9891 9892
f 9892 9893 1106
f 3183 3184 9892
f 1106 9893 1231
f 9893 9894 1231
f 10367 1231 10928
f 3184 3570 9894
f 1107 1256 9895
f 1107 9895 9896
f 9896 9897 1107
f 3187 3188 9896
f 1107 9897 1209
f 9897 9898 1209
f 10498 1209 10845
f 3188 3529 9898
f 9900 3189 9899
f 1107 9899 1256
f 3190 3189 9900
f 3190 9900 9901
f 9901 9902 3190
f 1107 1209 9901
f 3190 9902 3527
f 10502 3527 10843
f 3191 9903 3674
f 9903 11138 3674
f 10578 306 10791
f 3192 3499 9904
f 9905 11137 164
f 3193 3673 9905
f 3194 9906 3501
f 10576 3501 10793
f 3195 9907 3672
f 9907 11136 3672
f 10071 311 11082
f 3196 3646 9908
f 9909 11135 277
f 3197 3671 9909
f 3198 9910 3645
f 10073 3645 11081
f 3199 9911 3670
f 9911 11134 3670
f 10075 224 11080
f 3200 3644 9912
f 9913 11133 452
f 3201 3669 9913
f 3202 9914 3643
f 10077 3643 11079
f 3203 9915 3668
f 9915 11132 3668
f 10579 230 10790
f 3204 3498 9916
f 9917 11131 357
f 3205 3667 9917
f 3206 9918 3496
f 10581 3496 10788
f 3207 9919 3666
f 9919 11130 3666
f 10586 24 10783
f 3208 3491 9920
f 9921 11129 25
f 3209 3665 9921
f 3210 9922 3493
f 10584 3493 10785
f 3211 9923 3664
f 9923 11128 3664
f 10082 36 11075
f 3212 3639 9924
f 9925 11127 37
f 3213 3663 9925
f 3214 9926 3641
f 10080 3641 11077
f 9928 3191 9927
f 1108 9927 1282
f 3192 3191 9928
f 3192 9928 9929
f 9929 9930 3192
f 1108 1195 9929
f 3192 9930 3499
f 10598 3499 10775
f 1108 1282 9931
f 1108 9931 9932
f 9932 9933 1108
f 3193 3194 9932
f 1108 9933 1195
f 9933 9934 1195
f 10594 1195 10777
f 3194 3501 9934
f 9936 3195 9935
f 1109 9935 1281
f 3196 3195 9936
f 3196 9936 9937
f 9937 9938 3196
f 1109 1268 9937
f 3196 9938 3646
f 10083 3646 11074
f 1109 1281 9939
f 1109 9939 9940
f 9940 9941 1109
f 3197 3198 9940
f 1109 9941 1268
f 9941 9942 1268
f 10087 1268 11073
f 3198 3645 9942
f 9944 3199 9943
f 1110 9943 1280
f 3200 3199 9944
f 3200 9944 9945
f 9945 9946 3200
f 1110 1267 9945
f 3200 9946 3644
f 10091 3644 11072
f 1110 1280 9947
f 1110 9947 9948
f 9948 9949 1110
f 3201 3202 9948
f 1110 9949 1267
f 9949 9950 1267
f 10095 1267 11071
f 3202 3643 9950
f 9952 3203 9951
f 1111 9951 1279
f 3204 3203 9952
f 3204 9952 9953
f 9953 9954 3204
f 1111 1194 9953
f 3204 9954 3498
f 10599 3498 10774
f 1111 1279 9955
f 1111 9955 9956
f 9956 9957 1111
f 3205 3206 9956
f 1111 9957 1194
f 9957 9958 1194
f 10603 1194 10772
f 3206 3496 9958
f 9960 3207 9959
f 1112 9959 1278
f 3208 3207 9960
f 3208 9960 9961
f 9961 9962 3208
f 1112 1191 9961
f 3208 9962 3491
f 10614 3491 10767
f 1112 1278 9963
f 1112 9963 9964
f 9964 9965 1112
f 3209 3210 9964
f 1112 9965 1191
f 9965 9966 1191
f 10610 1191 10769
f 3210 3493 9966
f 9968 3211 9967
f 1113 9967 1277
f 3212 3211 9968
f 3212 9968 9969
f 9969 9970 3212
f 1113 1265 9969
f 3212 9970 3639
f 10106 3639 11067
f 1113 1277 9971
f 1113 9971 9972
f 9972 9973 1113
f 3213 3214 9972
f 1113 9973 1265
f 9973 9974 1265
f 10102 1265 11069
f 3214 3641 9974
f 10402 326 10903
f 3216 3563 9975
f 3218 9976 3565
f 10400 3565 10905
f 10383 296 10922
f 3220 3562 9977
f 3222 9978 3560
f 10385 3560 10920
f 10390 432 10915
f 3224 3555 9979
f 3226 9980 3557
f 10388 3557 10917
f 10391 243 10914
f 3228 3554 9981
f 3230 9982 3552
f 10393 3552 10912
f 3231 9983 3654
f 9983 11114 3654
f 9984 11113 12
f 3233 3653 9984
f 3235 9985 3652
f 9985 11112 3652
f 9986 11111 49
f 3237 3651 9986
f 10398 70 10907
f 3240 3547 9987
f 3242 9988 3549
f 10396 3549 10909
f 10403 107 10902
f 3244 3546 9989
f 3246 9990 3544
f 10405 3544 10900
f 9992 3231 9991
f 1118 9991 1272
f 3232 3231 9992
f 3232 9992 9993
f 9993 10054 3232
f 1118 1258 9993
f 1118 1272 9994
f 1118 9994 9995
f 9995 9996 1118
f 3233 3234 9995
f 1118 9996 1258
f 9996 10053 1258
f 9998 3235 9997
f 1119 9997 1271
f 3236 3235 9998
f 3236 9998 9999
f 9999 10052 3236
f 1119 1255 9999
f 1119 1271 10000
f 1119 10000 10001
f 10001 10002 1119
f 3237 3238 10001
f 1119 10002 1255
f 10002 10051 1255
f 10004 3218 10003
f 1114 10003 1227
f 3217 3218 10004
f 3217 10004 10005
f 10005 10050 3217
f 1114 1276 10005
f 1114 1227 10006
f 1114 10006 10007
f 10007 10008 1114
f 3216 3215 10007
f 1114 10008 1276
f 10008 10049 1276
f 1115 1226 10009
f 1115 10009 10010
f 10010 10011 1115
f 3220 3219 10010
f 1115 10011 1275
f 10011 10048 1275
f 10013 3222 10012
f 1115 10012 1226
f 3221 3222 10013
f 3221 10013 10014
f 10014 10047 3221
f 1115 1275 10014
f 10016 3226 10015
f 1116 10015 1223
f 3225 3226 10016
f 3225 10016 10017
f 10017 10046 3225
f 1116 1274 10017
f 1116 1223 10018
f 1116 10018 10019
f 10019 10020 1116
f 3224 3223 10019
f 1116 10020 1274
f 10020 10045 1274
f 1117 1222 10021
f 1117 10021 10022
f 10022 10023 1117
f 3228 3227 10022
f 1117 10023 1273
f 10023 10044 1273
f 10025 3230 10024
f 1117 10024 1222
f 3229 3230 10025
f 3229 10025 10026
f 10026 10043 3229
f 1117 1273 10026
f 10028 3242 10027
f 1120 10027 1219
f 3241 3242 10028
f 3241 10028 10029
f 10029 10042 3241
f 1120 1270 10029
f 1120 1219 10030
f 1120 10030 10031
f 10031 10032 1120
f 3240 3239 10031
f 1120 10032 1270
f 10032 10041 1270
f 1121 1218 10033
f 1121 10033 10034
f 10034 10035 1121
f 3244 3243 10034
f 1121 10035 1269
f 10035 10040 1269
f 10037 3246 10036
f 1121 10036 1218
f 3245 3246 10037
f 3245 10037 10038
f 10038 10039 3245
f 1121 1269 10038
f 3245 10039 3647
f 10039 11106 3647
f 10040 11105 1269
f 3243 3648 10040
f 10041 11104 1270
f 3239 3650 10041
f 3241 10042 3649
f 10042 11103 3649
f 3229 10043 3655
f 10043 11102 3655
f 10044 11101 1273
f 3227 3656 10044
f 10045 11100 1274
f 3223 3658 10045
f 3225 10046 3657
f 10046 11099 3657
f 3221 10047 3659
f 10047 11098 3659
f 10048 11097 1275
f 3219 3660 10048
f 10049 11096 1276
f 3215 3662 10049
f 3217 10050 3661
f 10050 11095 3661
f 10174 1255 11029
f 3238 3621 10051
f 3236 10052 3619
f 10178 3619 11027
f 10167 1258 11032
f 3234 3624 10053
f 3232 10054 3626
f 10163 3626 11034
f 3215 10055 3662
f 10055 11094 3662
f 10056 11093 213
f 3217 3661 10056
f 3219 10057 3660
f 10057 11092 3660
f 10058 11091 435
f 3221 3659 10058
f 3223 10059 3658
f 10059 11090 3658
f 10060 11089 286
f 3225 3657 10060
f 3227 10061 3656
f 10061 11088 3656
f 10062 11087 352
f 3229 3655 10062
f 10155 13 11042
f 3232 3626 10063
f 3234 10064 3624
f 10157 3624 11040
f 10162 48 11035
f 3236 3619 10065
f 3238 10066 3621
f 10160 3621 11037
f 3239 10067 3650
f 10067 11086 3650
f 10068 11085 71
f 3241 3649 10068
f 3243 10069 3648
f 10069 11084 3648
f 10070 11083 106
f 3245 3647 10070
f 3247 10071 3646
f 10071 11082 3646
f 10314 312 10963
f 3248 3585 10072
f 10073 11081 276
f 3249 3645 10073
f 3250 10074 3587
f 10312 3587 10965
f 3251 10075 3644
f 10075 11080 3644
f 10315 225 10962
f 3252 3584 10076
f 10077 11079 454
f 3253 3643 10077
f 3254 10078 3582
f 10317 3582 10960
f 3255 10079 3642
f 10079 11078 3642
f 10080 11077 39
f 3256 3641 10080
f 10081 11076 38
f 3257 3640 10081
f 3258 10082 3639
f 10082 11075 3639
f 10084 3247 10083
f 1122 10083 1268
f 3248 3247 10084
f 3248 10084 10085
f 10085 10086 3248
f 1122 1238 10085
f 3248 10086 3585
f 10326 3585 10955
f 1122 1268 10087
f 1122 10087 10088
f 10088 10089 1122
f 3249 3250 10088
f 1122 10089 1238
f 10089 10090 1238
f 10322 1238 10957
f 3250 3587 10090
f 10092 3251 10091
f 1123 10091 1267
f 3252 3251 10092
f 3252 10092 10093
f 10093 10094 3252
f 1123 1237 10093
f 3252 10094 3584
f 10327 3584 10954
f 1123 1267 10095
f 1123 10095 10096
f 10096 10097 1123
f 3253 3254 10096
f 1123 10097 1237
f 10097 10098 1237
f 10331 1237 10952
f 3254 3582 10098
f 10100 3255 10099
f 1124 10099 1266
f 3256 3255 10100
f 3256 10100 10101
f 10101 10102 3256
f 1124 1265 10101
f 3256 10102 3641
f 10102 11069 3641
f 1124 1266 10103
f 1124 10103 10104
f 10104 10105 1124
f 3257 3258 10104
f 1124 10105 1265
f 10105 10106 1265
f 10106 11067 1265
f 3258 3639 10106
f 3267 10107 3634
f 10107 11066 3634
f 10108 11065 17
f 3268 3633 10108
f 10109 11064 16
f 3269 3632 10109
f 3270 10110 3631
f 10110 11063 3631
f 3271 10111 3630
f 10111 11062 3630
f 10112 11061 45
f 3272 3629 10112
f 10113 11060 44
f 3273 3628 10113
f 3274 10114 3627
f 10114 11059 3627
f 3259 10115 3638
f 10115 11058 3638
f 10387 129 10918
f 3260 3558 10116
f 10117 11057 455
f 3261 3637 10117
f 3262 10118 3556
f 10389 3556 10916
f 3263 10119 3636
f 10119 11056 3636
f 10394 354 10911
f 3264 3551 10120
f 10121 11055 233
f 3265 3635 10121
f 3266 10122 3553
f 10392 3553 10913
f 10124 3259 10123
f 1125 10123 1264
f 3260 3259 10124
f 3260 10124 10125
f 10125 10126 3260
f 1125 1224 10125
f 3260 10126 3558
f 10423 3558 10890
f 1125 1264 10127
f 1125 10127 10128
f 10128 10129 1125
f 3261 3262 10128
f 1125 10129 1224
f 10129 10130 1224
f 10427 1224 10888
f 3262 3556 10130
f 10132 3263 10131
f 1126 10131 1263
f 3264 3263 10132
f 3264 10132 10133
f 10133 10134 3264
f 1126 1221 10133
f 3264 10134 3551
f 10438 3551 10883
f 1126 1263 10135
f 1126 10135 10136
f 10136 10137 1126
f 3265 3266 10136
f 1126 10137 1221
f 10137 10138 1221
f 10434 1221 10885
f 3266 3553 10138
f 10140 3267 10139
f 1127 10139 1262
f 3268 3267 10140
f 3268 10140 10141
f 10141 10142 3268
f 1127 1261 10141
f 3268 10142 3633
f 10142 11049 3633
f 1127 1262 10143
f 1127 10143 10144
f 10144 10145 1127
f 3269 3270 10144
f 1127 10145 1261
f 10145 10146 1261
f 10146 11047 1261
f 3270 3631 10146
f 10148 3271 10147
f 1128 10147 1260
f 3272 3271 10148
f 3272 10148 10149
f 10149 10150 3272
f 1128 1259 10149
f 3272 10150 3629
f 10150 11045 3629
f 1128 1260 10151
f 1128 10151 10152
f 10152 10153 1128
f 3273 3274 10152
f 1128 10153 1259
f 10153 10154 1259
f 10154 11043 1259
f 3274 3627 10154
f 3275 10155 3626
f 10155 11042 3626
f 10156 11041 11
f 3276 3625 10156
f 10157 11040 10
f 3277 3624 10157
f 3278 10158 3623
f 10158 11039 3623
f 3279 10159 3622
f 10159 11038 3622
f 10160 11037 51
f 3280 3621 10160
f 10161 11036 50
f 3281 3620 10161
f 3282 10162 3619
f 10162 11035 3619
f 10164 3275 10163
f 1129 10163 1258
f 3276 3275 10164
f 3276 10164 10165
f 10165 10166 3276
f 1129 1257 10165
f 3276 10166 3625
f 10166 11033 3625
f 1129 1258 10167
f 1129 10167 10168
f 10168 10169 1129
f 3277 3278 10168
f 1129 10169 1257
f 10169 10170 1257
f 10170 11031 1257
f 3278 3623 10170
f 10172 3279 10171
f 1130 10171 1256
f 3280 3279 10172
f 3280 10172 10173
f 10173 10174 3280
f 1130 1255 10173
f 3280 10174 3621
f 10174 11029 3621
f 1130 1256 10175
f 1130 10175 10176
f 10176 10177 1130
f 3281 3282 10176
f 1130 10177 1255
f 10177 10178 1255
f 10178 11027 1255
f 3282 3619 10178
f 3283 10179 3618
f 10179 11026 3618
f 10503 189 10842
f 3284 3526 10180
f 10181 11025 300
f 3285 3617 10181
f 3286 10182 3524
f 10505 3524 10840
f 3287 10183 3616
f 10183 11024 3616
f 10510 405 10835
f 3288 3519 10184
f 10185 11023 211
f 3289 3615 10185
f 3290 10186 3521
f 10508 3521 10837
f 3291 10187 3614
f 10187 11022 3614
f 10511 33 10834
f 3292 3518 10188
f 10189 11021 32
f 3293 3613 10189
f 3294 10190 3516
f 10513 3516 10832
f 10192 3283 10191
f 1131 10191 1254
f 3284 3283 10192
f 3284 10192 10193
f 10193 10194 3284
f 1131 1208 10193
f 3284 10194 3526
f 10519 3526 10826
f 1131 1254 10195
f 1131 10195 10196
f 10196 10197 1131
f 3285 3286 10196
f 1131 10197 1208
f 10197 10198 1208
f 10523 1208 10824
f 3286 3524 10198
f 10200 3287 10199
f 1132 10199 1253
f 3288 3287 10200
f 3288 10200 10201
f 10201 10202 3288
f 1132 1205 10201
f 3288 10202 3519
f 10534 3519 10819
f 1132 1253 10203
f 1132 10203 10204
f 10204 10205 1132
f 3289 3290 10204
f 1132 10205 1205
f 10205 10206 1205
f 10530 1205 10821
f 3290 3521 10206
f 10208 3291 10207
f 1133 10207 1252
f 3292 3291 10208
f 3292 10208 10209
f 10209 10210 3292
f 1133 1204 10209
f 3292 10210 3518
f 10535 3518 10818
f 1133 1252 10211
f 1133 10211 10212
f 10212 10213 1133
f 3293 3294 10212
f 1133 10213 1204
f 10213 10214 1204
f 10539 1204 10816
f 3294 3516 10214
f 3295 10215 3612
f 10215 11014 3612
f 10227 255 11006
f 3296 3604 10216
f 10217 11013 342
f 3297 3611 10217
f 3298 10218 3602
f 10229 3602 11004
f 3299 10219 3610
f 10219 11012 3610
f 10226 476 11007
f 3300 3605 10220
f 10221 11011 297
f 3301 3609 10221
f 3302 10222 3607
f 10224 3607 11009
f 3303 10223 3608
f 10223 11010 3608
f 10224 11009 295
f 3304 3607 10224
f 10225 11008 458
f 3305 3606 10225
f 3306 10226 3605
f 10226 11007 3605
f 3307 10227 3604
f 10227 11006 3604
f 10228 11005 256
f 3308 3603 10228
f 10229 11004 341
f 3309 3602 10229
f 3310 10230 3601
f 10230 11003 3601
f 3311 10231 3600
f 10231 11002 3600
f 10243 3 10994
f 3312 3592 10232
f 10233 11001 1
f 3313 3599 10233
f 3314 10234 3590
f 10245 3590 10992
f 3315 10235 3598
f 10235 11000 3598
f 10242 58 10995
f 3316 3593 10236
f 10237 10999 59
f 3317 3597 10237
f 3318 10238 3595
f 10240 3595 10997
f 3319 10239 3596
f 10239 10998 3596
f 10240 10997 61
f 3320 3595 10240
f 10241 10996 60
f 3321 3594 10241
f 3322 10242 3593
f 10242 10995 3593
f 3323 10243 3592
f 10243 10994 3592
f 10244 10993 116
f 3324 3591 10244
f 10245 10992 2
f 3325 3590 10245
f 3326 10246 3589
f 10246 10991 3589
f 10248 3295 10247
f 1134 10247 1251
f 3296 3295 10248
f 3296 10248 10249
f 10249 10250 3296
f 1134 1247 10249
f 3296 10250 3604
f 10271 3604 10982
f 1134 1251 10251
f 1134 10251 10252
f 10252 10253 1134
f 3297 3298 10252
f 1134 10253 1247
f 10253 10254 1247
f 10275 1247 10980
f 3298 3602 10254
f 10256 3299 10255
f 1135 10255 1250
f 3300 3299 10256
f 3300 10256 10257
f 10257 10258 3300
f 1135 1248 10257
f 3300 10258 3605
f 10270 3605 10983
f 1135 1250 10259
f 1135 10259 10260
f 10260 10261 1135
f 3301 3302 10260
f 1135 10261 1248
f 10261 10262 1248
f 10266 1248 10985
f 3302 3607 10262
f 10264 3303 10263
f 1136 10263 1249
f 3304 3303 10264
f 3304 10264 10265
f 10265 10266 3304
f 1136 1248 10265
f 3304 10266 3607
f 10266 10985 3607
f 1136 1249 10267
f 1136 10267 10268
f 10268 10269 1136
f 3305 3306 10268
f 1136 10269 1248
f 10269 10270 1248
f 10270 10983 1248
f 3306 3605 10270
f 10272 3307 10271
f 1137 10271 1247
f 3308 3307 10272
f 3308 10272 10273
f 10273 10274 3308
f 1137 1246 10273
f 3308 10274 3603
f 10274 10981 3603
f 1137 1247 10275
f 1137 10275 10276
f 10276 10277 1137
f 3309 3310 10276
f 1137 10277 1246
f 10277 10278 1246
f 10278 10979 1246
f 3310 3601 10278
f 10280 3311 10279
f 1138 10279 1245
f 3312 3311 10280
f 3312 10280 10281
f 10281 10282 3312
f 1138 1241 10281
f 3312 10282 3592
f 10303 3592 10970
f 1138 1245 10283
f 1138 10283 10284
f 10284 10285 1138
f 3313 3314 10284
f 1138 10285 1241
f 10285 10286 1241
f 10307 1241 10968
f 3314 3590 10286
f 10288 3315 10287
f 1139 10287 1244
f 3316 3315 10288
f 3316 10288 10289
f 10289 10290 3316
f 1139 1242 10289
f 3316 10290 3593
f 10302 3593 10971
f 1139 1244 10291
f 1139 10291 10292
f 10292 10293 1139
f 3317 3318 10292
f 1139 10293 1242
f 10293 10294 1242
f 10298 1242 10973
f 3318 3595 10294
f 10296 3319 10295
f 1140 10295 1243
f 3320 3319 10296
f 3320 10296 10297
f 10297 10298 3320
f 1140 1242 10297
f 3320 10298 3595
f 10298 10973 3595
f 1140 1243 10299
f 1140 10299 10300
f 10300 10301 1140
f 3321 3322 10300
f 1140 10301 1242
f 10301 10302 1242
f 10302 10971 1242
f 3322 3593 10302
f 10304 3323 10303
f 1141 10303 1241
f 3324 3323 10304
f 3324 10304 10305
f 10305 10306 3324
f 1141 1240 10305
f 3324 10306 3591
f 10306 10969 3591
f 1141 1241 10307
f 1141 10307 10308
f 10308 10309 1141
f 3325 3326 10308
f 1141 10309 1240
f 10309 10310 1240
f 10310 10967 1240
f 3326 3589 10310
f 3327 10311 3588
f 10311 10966 3588
f 10312 10965 279
f 3328 3587 10312
f 10313 10964 309
f 3329 3586 10313
f 3330 10314 3585
f 10314 10963 3585
f 3331 10315 3584
f 10315 10962 3584
f 10316 10961 221
f 3332 3583 10316
f 10317 10960 453
f 3333 3582 10317
f 3334 10318 3581
f 10318 10959 3581
f 10320 3327 10319
f 1142 10319 1239
f 3328 3327 10320
f 3328 10320 10321
f 10321 10322 3328
f 1142 1238 10321
f 3328 10322 3587
f 10322 10957 3587
f 1142 1239 10323
f 1142 10323 10324
f 10324 10325 1142
f 3329 3330 10324
f 1142 10325 1238
f 10325 10326 1238
f 10326 10955 1238
f 3330 3585 10326
f 10328 3331 10327
f 1143 10327 1237
f 3332 3331 10328
f 3332 10328 10329
f 10329 10330 3332
f 1143 1236 10329
f 3332 10330 3583
f 10330 10953 3583
f 1143 1237 10331
f 1143 10331 10332
f 10332 10333 1143
f 3333 3334 10332
f 1143 10333 1236
f 10333 10334 1236
f 10334 10951 1236
f 3334 3581 10334
f 3335 10335 3580
f 10335 10950 3580
f 10336 10949 235
f 3336 3579 10336
f 10337 10948 314
f 3337 3578 10337
f 3338 10338 3577
f 10338 10947 3577
f 3339 10339 3576
f 10339 10946 3576
f 10340 10945 250
f 3340 3575 10340
f 10341 10944 382
f 3341 3574 10341
f 3342 10342 3573
f 10342 10943 3573
f 3343 10343 3572
f 10343 10942 3572
f 10344 10941 7
f 3344 3571 10344
f 10345 10940 6
f 3345 3570 10345
f 3346 10346 3569
f 10346 10939 3569
f 10348 3335 10347
f 1144 10347 1235
f 3336 3335 10348
f 3336 10348 10349
f 10349 10350 3336
f 1144 1234 10349
f 3336 10350 3579
f 10350 10937 3579
f 1144 1235 10351
f 1144 10351 10352
f 10352 10353 1144
f 3337 3338 10352
f 1144 10353 1234
f 10353 10354 1234
f 10354 10935 1234
f 3338 3577 10354
f 10356 3339 10355
f 1145 10355 1233
f 3340 3339 10356
f 3340 10356 10357
f 10357 10358 3340
f 1145 1232 10357
f 3340 10358 3575
f 10358 10933 3575
f 1145 1233 10359
f 1145 10359 10360
f 10360 10361 1145
f 3341 3342 10360
f 1145 10361 1232
f 10361 10362 1232
f 10362 10931 1232
f 3342 3573 10362
f 10364 3343 10363
f 1146 10363 1231
f 3344 3343 10364
f 3344 10364 10365
f 10365 10366 3344
f 1146 1230 10365
f 3344 10366 3571
f 10366 10929 3571
f 1146 1231 10367
f 1146 10367 10368
f 10368 10369 1146
f 3345 3346 10368
f 1146 10369 1230
f 10369 10370 1230
f 10370 10927 1230
f 3346 3569 10370
f 3347 10371 3568
f 10371 10926 3568
f 10518 86 10827
f 3348 3511 10372
f 10373 10925 87
f 3349 3567 10373
f 3350 10374 3513
f 10516 3513 10829
f 10376 3347 10375
f 1147 10375 1229
f 3348 3347 10376
f 3348 10376 10377
f 10377 10378 3348
f 1147 1201 10377
f 3348 10378 3511
f 10550 3511 10811
f 1147 1229 10379
f 1147 10379 10380
f 10380 10381 1147
f 3349 3350 10380
f 1147 10381 1201
f 10381 10382 1201
f 10546 1201 10813
f 3350 3513 10382
f 3355 10383 3562
f 10383 10922 3562
f 10384 10921 280
f 3356 3561 10384
f 10385 10920 404
f 3357 3560 10385
f 3358 10386 3559
f 10386 10919 3559
f 3359 10387 3558
f 10387 10918 3558
f 10388 10917 122
f 3360 3557 10388
f 10389 10916 457
f 3361 3556 10389
f 3362 10390 3555
f 10390 10915 3555
f 3363 10391 3554
f 10391 10914 3554
f 10392 10913 241
f 3364 3553 10392
f 10393 10912 355
f 3365 3552 10393
f 3366 10394 3551
f 10394 10911 3551
f 3367 10395 3550
f 10395 10910 3550
f 10396 10909 73
f 3368 3549 10396
f 10397 10908 72
f 3369 3548 10397
f 3370 10398 3547
f 10398 10907 3547
f 3351 10399 3566
f 10399 10906 3566
f 10400 10905 216
f 3352 3565 10400
f 10401 10904 304
f 3353 3564 10401
f 3354 10402 3563
f 10402 10903 3563
f 3371 10403 3546
f 10403 10902 3546
f 10404 10901 105
f 3372 3545 10404
f 10405 10900 104
f 3373 3544 10405
f 3374 10406 3543
f 10406 10899 3543
f 10408 3351 10407
f 1148 10407 1228
f 3352 3351 10408
f 3352 10408 10409
f 10409 10410 3352
f 1148 1227 10409
f 3352 10410 3565
f 10410 10897 3565
f 1148 1228 10411
f 1148 10411 10412
f 10412 10413 1148
f 3353 3354 10412
f 1148 10413 1227
f 10413 10414 1227
f 10414 10895 1227
f 3354 3563 10414
f 10416 3355 10415
f 1149 10415 1226
f 3356 3355 10416
f 3356 10416 10417
f 10417 10418 3356
f 1149 1225 10417
f 3356 10418 3561
f 10418 10893 3561
f 1149 1226 10419
f 1149 10419 10420
f 10420 10421 1149
f 3357 3358 10420
f 1149 10421 1225
f 10421 10422 1225
f 10422 10891 1225
f 3358 3559 10422
f 10424 3359 10423
f 1150 10423 1224
f 3360 3359 10424
f 3360 10424 10425
f 10425 10426 3360
f 1150 1223 10425
f 3360 10426 3557
f 10426 10889 3557
f 1150 1224 10427
f 1150 10427 10428
f 10428 10429 1150
f 3361 3362 10428
f 1150 10429 1223
f 10429 10430 1223
f 10430 10887 1223
f 3362 3555 10430
f 10432 3363 10431
f 1151 10431 1222
f 3364 3363 10432
f 3364 10432 10433
f 10433 10434 3364
f 1151 1221 10433
f 3364 10434 3553
f 10434 10885 3553
f 1151 1222 10435
f 1151 10435 10436
f 10436 10437 1151
f 3365 3366 10436
f 1151 10437 1221
f 10437 10438 1221
f 10438 10883 1221
f 3366 3551 10438
f 10440 3367 10439
f 1152 10439 1220
f 3368 3367 10440
f 3368 10440 10441
f 10441 10442 3368
f 1152 1219 10441
f 3368 10442 3549
f 10442 10881 3549
f 1152 1220 10443
f 1152 10443 10444
f 10444 10445 1152
f 3369 3370 10444
f 1152 10445 1219
f 10445 10446 1219
f 10446 10879 1219
f 3370 3547 10446
f 10448 3371 10447
f 1153 10447 1218
f 3372 3371 10448
f 3372 10448 10449
f 10449 10450 3372
f 1153 1217 10449
f 3372 10450 3545
f 10450 10877 3545
f 1153 1218 10451
f 1153 10451 10452
f 10452 10453 1153
f 3373 3374 10452
f 1153 10453 1217
f 10453 10454 1217
f 10454 10875 1217
f 3374 3543 10454
f 3375 10455 3542
f 10455 10874 3542
f 10456 10873 81
f 3376 3541 10456
f 10457 10872 80
f 3377 3540 10457
f 3378 10458 3539
f 10458 10871 3539
f 10460 3375 10459
f 1154 10459 1216
f 3376 3375 10460
f 3376 10460 10461
f 10461 10462 3376
f 1154 1215 10461
f 3376 10462 3541
f 10462 10869 3541
f 1154 1216 10463
f 1154 10463 10464
f 10464 10465 1154
f 3377 3378 10464
f 1154 10465 1215
f 10465 10466 1215
f 10466 10867 1215
f 3378 3539 10466
f 3379 10467 3538
f 10467 10866 3538
f 10468 10865 290
f 3380 3537 10468
f 10469 10864 423
f 3381 3536 10469
f 3382 10470 3535
f 10470 10863 3535
f 3383 10471 3534
f 10471 10862 3534
f 10472 10861 292
f 3384 3533 10472
f 10473 10860 471
f 3385 3532 10473
f 3386 10474 3531
f 10474 10859 3531
f 3387 10475 3530
f 10475 10858 3530
f 10476 10857 55
f 3388 3529 10476
f 10477 10856 54
f 3389 3528 10477
f 3390 10478 3527
f 10478 10855 3527
f 10480 3379 10479
f 1155 10479 1214
f 3380 3379 10480
f 3380 10480 10481
f 10481 10482 3380
f 1155 1213 10481
f 3380 10482 3537
f 10482 10853 3537
f 1155 1214 10483
f 1155 10483 10484
f 10484 10485 1155
f 3381 3382 10484
f 1155 10485 1213
f 10485 10486 1213
f 10486 10851 1213
f 3382 3535 10486
f 10488 3383 10487
f 1156 10487 1212
f 3384 3383 10488
f 3384 10488 10489
f 10489 10490 3384
f 1156 1211 10489
f 3384 10490 3533
f 10490 10849 3533
f 1156 1212 10491
f 1156 10491 10492
f 10492 10493 1156
f 3385 3386 10492
f 1156 10493 1211
f 10493 10494 1211
f 10494 10847 1211
f 3386 3531 10494
f 10496 3387 10495
f 1157 10495 1210
f 3388 3387 10496
f 3388 10496 10497
f 10497 10498 3388
f 1157 1209 10497
f 3388 10498 3529
f 10498 10845 3529
f 1157 1210 10499
f 1157 10499 10500
f 10500 10501 1157
f 3389 3390 10500
f 1157 10501 1209
f 10501 10502 1209
f 10502 10843 1209
f 3390 3527 10502
f 3391 10503 3526
f 10503 10842 3526
f 10504 10841 166
f 3392 3525 10504
f 10505 10840 299
f 3393 3524 10505
f 3394 10506 3523
f 10506 10839 3523
f 3395 10507 3522
f 10507 10838 3522
f 10508 10837 226
f 3396 3521 10508
f 10509 10836 385
f 3397 3520 10509
f 3398 10510 3519
f 10510 10835 3519
f 3399 10511 3518
f 10511 10834 3518
f 10512 10833 31
f 3400 3517 10512
f 10513 10832 30
f 3401 3516 10513
f 3402 10514 3515
f 10514 10831 3515
f 3403 10515 3514
f 10515 10830 3514
f 10516 10829 89
f 3404 3513 10516
f 10517 10828 88
f 3405 3512 10517
f 3406 10518 3511
f 10518 10827 3511
f 10520 3391 10519
f 1158 10519 1208
f 3392 3391 10520
f 3392 10520 10521
f 10521 10522 3392
f 1158 1207 10521
f 3392 10522 3525
f 10522 10825 3525
f 1158 1208 10523
f 1158 10523 10524
f 10524 10525 1158
f 3393 3394 10524
f 1158 10525 1207
f 10525 10526 1207
f 10526 10823 1207
f 3394 3523 10526
f 10528 3395 10527
f 1159 10527 1206
f 3396 3395 10528
f 3396 10528 10529
f 10529 10530 3396
f 1159 1205 10529
f 3396 10530 3521
f 10530 10821 3521
f 1159 1206 10531
f 1159 10531 10532
f 10532 10533 1159
f 3397 3398 10532
f 1159 10533 1205
f 10533 10534 1205
f 10534 10819 1205
f 3398 3519 10534
f 10536 3399 10535
f 1160 10535 1204
f 3400 3399 10536
f 3400 10536 10537
f 10537 10538 3400
f 1160 1203 10537
f 3400 10538 3517
f 10538 10817 3517
f 1160 1204 10539
f 1160 10539 10540
f 10540 10541 1160
f 3401 3402 10540
f 1160 10541 1203
f 10541 10542 1203
f 10542 10815 1203
f 3402 3515 10542
f 10544 3403 10543
f 1161 10543 1202
f 3404 3403 10544
f 3404 10544 10545
f 10545 10546 3404
f 1161 1201 10545
f 3404 10546 3513
f 10546 10813 3513
f 1161 1202 10547
f 1161 10547 10548
f 10548 10549 1161
f 3405 3406 10548
f 1161 10549 1201
f 10549 10550 1201
f 10550 10811 1201
f 3406 3511 10550
f 3407 10551 3510
f 10551 10810 3510
f 10552 10809 21
f 3408 3509 10552
f 10553 10808 20
f 3409 3508 10553
f 3410 10554 3507
f 10554 10807 3507
f 3411 10555 3506
f 10555 10806 3506
f 10556 10805 99
f 3412 3505 10556
f 10557 10804 98
f 3413 3504 10557
f 3414 10558 3503
f 10558 10803 3503
f 10560 3407 10559
f 1162 10559 1200
f 3408 3407 10560
f 3408 10560 10561
f 10561 10562 3408
f 1162 1199 10561
f 3408 10562 3509
f 10562 10801 3509
f 1162 1200 10563
f 1162 10563 10564
f 10564 10565 1162
f 3409 3410 10564
f 1162 10565 1199
f 10565 10566 1199
f 10566 10799 1199
f 3410 3507 10566
f 10568 3411 10567
f 1163 10567 1198
f 3412 3411 10568
f 3412 10568 10569
f 10569 10570 3412
f 1163 1197 10569
f 3412 10570 3505
f 10570 10797 3505
f 1163 1198 10571
f 1163 10571 10572
f 10572 10573 1163
f 3413 3414 10572
f 1163 10573 1197
f 10573 10574 1197
f 10574 10795 1197
f 3414 3503 10574
f 3415 10575 3502
f 10575 10794 3502
f 10576 10793 202
f 3416 3501 10576
f 10577 10792 307
f 3417 3500 10577
f 3418 10578 3499
f 10578 10791 3499
f 3419 10579 3498
f 10579 10790 3498
f 10580 10789 228
f 3420 3497 10580
f 10581 10788 359
f 3421 3496 10581
f 3422 10582 3495
f 10582 10787 3495
f 3423 10583 3494
f 10583 10786 3494
f 10584 10785 27
f 3424 3493 10584
f 10585 10784 26
f 3425 3492 10585
f 3426 10586 3491
f 10586 10783 3491
f 3427 10587 3490
f 10587 10782 3490
f 10588 10781 93
f 3428 3489 10588
f 10589 10780 92
f 3429 3488 10589
f 3430 10590 3487
f 10590 10779 3487
f 10592 3415 10591
f 1164 10591 1196
f 3416 3415 10592
f 3416 10592 10593
f 10593 10594 3416
f 1164 1195 10593
f 3416 10594 3501
f 10594 10777 3501
f 1164 1196 10595
f 1164 10595 10596
f 10596 10597 1164
f 3417 3418 10596
f 1164 10597 1195
f 10597 10598 1195
f 10598 10775 1195
f 3418 3499 10598
f 10600 3419 10599
f 1165 10599 1194
f 3420 3419 10600
f 3420 10600 10601
f 10601 10602 3420
f 1165 1193 10601
f 3420 10602 3497
f 10602 10773 3497
f 1165 1194 10603
f 1165 10603 10604
f 10604 10605 1165
f 3421 3422 10604
f 1165 10605 1193
f 10605 10606 1193
f 10606 10771 1193
f 3422 3495 10606
f 10608 3423 10607
f 1166 10607 1192
f 3424 3423 10608
f 3424 10608 10609
f 10609 10610 3424
f 1166 1191 10609
f 3424 10610 3493
f 10610 10769 3493
f 1166 1192 10611
f 1166 10611 10612
f 10612 10613 1166
f 3425 3426 10612
f 1166 10613 1191
f 10613 10614 1191
f 10614 10767 1191
f 3426 3491 10614
f 10616 3427 10615
f 1167 10615 1190
f 3428 3427 10616
f 3428 10616 10617
f 10617 10618 3428
f 1167 1189 10617
f 3428 10618 3489
f 10618 10765 3489
f 1167 1190 10619
f 1167 10619 10620
f 10620 10621 1167
f 3429 3430 10620
f 1167 10621 1189
f 10621 10622 1189
f 10622 10763 1189
f 3430 3487 10622
f 3431 10623 3486
f 10623 10762 3486
f 10624 10761 67
f 3432 3485 10624
f 10625 10760 66
f 3433 3484 10625
f 3434 10626 3483
f 10626 10759 3483
f 3435 10627 3482
f 10627 10758 3482
f 10628 10757 111
f 3436 3481 10628
f 10629 10756 110
f 3437 3480 10629
f 3438 10630 3479
f 10630 10755 3479
f 10632 3431 10631
f 1168 10631 1188
f 3432 3431 10632
f 3432 10632 10633
f 10633 10634 3432
f 1168 1187 10633
f 3432 10634 3485
f 10634 10753 3485
f 1168 1188 10635
f 1168 10635 10636
f 10636 10637 1168
f 3433 3434 10636
f 1168 10637 1187
f 10637 10638 1187
f 10638 10751 1187
f 3434 3483 10638
f 10640 3435 10639
f 1169 10639 1186
f 3436 3435 10640
f 3436 10640 10641
f 10641 10642 3436
f 1169 1185 10641
f 3436 10642 3481
f 10642 10749 3481
f 1169 1186 10643
f 1169 10643 10644
f 10644 10645 1169
f 3437 3438 10644
f 1169 10645 1185
f 10645 10646 1185
f 10646 10747 1185
f 3438 3479 10646
f 3439 10647 3478
f 10647 10746 3478
f 10648 10745 176
f 3440 3477 10648
f 10649 10744 303
f 3441 3476 10649
f 3442 10650 3475
f 10650 10743 3475
f 3443 10651 3474
f 10651 10742 3474
f 10652 10741 247
f 3444 3473 10652
f 10653 10740 344
f 3445 3472 10653
f 3446 10654 3471
f 10654 10739 3471
f 10656 3439 10655
f 1170 10655 1184
f 3440 3439 10656
f 3440 10656 10657
f 10657 10658 3440
f 1170 1183 10657
f 3440 10658 3477
f 10658 10737 3477
f 1170 1184 10659
f 1170 10659 10660
f 10660 10661 1170
f 3441 3442 10660
f 1170 10661 1183
f 10661 10662 1183
f 10662 10735 1183
f 3442 3475 10662
f 10664 3443 10663
f 1171 10663 1182
f 3444 3443 10664
f 3444 10664 10665
f 10665 10666 3444
f 1171 1181 10665
f 3444 10666 3473
f 10666 10733 3473
f 1171 1182 10667
f 1171 10667 10668
f 10668 10669 1171
f 3445 3446 10668
f 1171 10669 1181
f 10669 10670 1181
f 10670 10731 1181
f 3446 3471 10670
f 10671 3470 3447
f 10730 3470 10671
f 10729 270 10672
f 3469 10672 3448
f 10728 446 10673
f 3468 10673 3449
f 10674 3467 3450
f 10727 3467 10674
f 3447 10675 10676
f 10675 1180 1172
f 10676 3448 3447
f 10677 3448 10676
f 10678 3448 10677
f 1179 10677 1172
f 10678 3469 3448
f 10725 3469 10678
f 1180 10679 1172
f 10679 10680 1172
f 1172 10680 10681
f 10680 3449 3450
f 10681 1179 1172
f 10682 1179 10681
f 10723 1179 10682
f 3467 10682 3450
f 10683 3466 3451
f 10722 3466 10683
f 10721 155 10684
f 3465 10684 3452
f 10720 345 10685
f 3464 10685 3453
f 10686 3463 3454
f 10719 3463 10686
f 3451 10687 10688
f 10687 1178 1173
f 10688 3452 3451
f 10689 3452 10688
f 10690 3452 10689
f 1177 10689 1173
f 10690 3465 3452
f 10717 3465 10690
f 1178 10691 1173
f 10691 10692 1173
f 1173 10692 10693
f 10692 3453 3454
f 10693 1177 1173
f 10694 1177 10693
f 10715 1177 10694
f 3463 10694 3454
f 10695 3462 3455
f 10714 3462 10695
f 10713 237 10696
f 3461 10696 3456
f 10712 450 10697
f 3460 10697 3457
f 10698 3459 3458
f 10711 3459 10698
f 3455 10699 10700
f 10699 1176 1174
f 10700 3456 3455
f 10701 3456 10700
f 10702 3456 10701
f 1175 10701 1174
f 10702 3461 3456
f 10709 3461 10702
f 1176 10703 1174
f 10703 10704 1174
f 1174 10704 10705
f 10704 3457 3458
f 10705 1175 1174
f 10706 1175 10705
f 10707 1175 10706
f 3459 10706 3458
f 1175 10707 7544
f 10707 3459 7544
f 3460 10708 9082
f 10708 1176 9082
f 3461 10709 7540
f 10709 1175 7540
f 1176 10710 9078
f 10710 3462 9078
f 3459 10711 7536
f 10711 430 7536
f 450 10712 9074
f 10712 3460 9074
f 237 10713 7534
f 10713 3461 7534
f 3462 10714 9072
f 10714 282 9072
f 1177 10715 7596
f 10715 3463 7596
f 3464 10716 4273
f 10716 1178 4273
f 3465 10717 7600
f 10717 1177 7600
f 1178 10718 4272
f 10718 3466 4272
f 3463 10719 7592
f 10719 364 7592
f 345 10720 4274
f 10720 3464 4274
f 155 10721 7590
f 10721 3465 7590
f 3466 10722 4271
f 10722 133 4271
f 1179 10723 7476
f 10723 3467 7476
f 3468 10724 8850
f 10724 1180 8850
f 3469 10725 7480
f 10725 1179 7480
f 1180 10726 8854
f 10726 3470 8854
f 3467 10727 7470
f 10727 449 7470
f 446 10728 8844
f 10728 3468 8844
f 270 10729 7472
f 10729 3469 7472
f 3470 10730 8846
f 10730 260 8846
f 9330 1181 10731
f 9330 10731 3471
f 9298 3472 10732
f 9298 10732 1182
f 9326 3473 10733
f 9326 10733 1181
f 9302 1182 10734
f 9302 10734 3474
f 9618 1183 10735
f 9618 10735 3475
f 9318 3476 10736
f 9318 10736 1184
f 9622 3477 10737
f 9622 10737 1183
f 9322 1184 10738
f 9322 10738 3478
f 9310 3471 10739
f 9310 10739 343
f 9284 344 10740
f 9284 10740 3472
f 9308 247 10741
f 9308 10741 3473
f 9286 3474 10742
f 9286 10742 234
f 9592 3475 10743
f 9592 10743 302
f 9304 303 10744
f 9304 10744 3476
f 9594 176 10745
f 9594 10745 3477
f 9306 3478 10746
f 9306 10746 165
f 9458 1185 10747
f 9458 10747 3479
f 9466 3480 10748
f 9466 10748 1186
f 9454 3481 10749
f 9454 10749 1185
f 9470 1186 10750
f 9470 10750 3482
f 9530 1187 10751
f 9530 10751 3483
f 9446 3484 10752
f 9446 10752 1188
f 9526 3485 10753
f 9526 10753 1187
f 9450 1188 10754
f 9450 10754 3486
f 9410 3479 10755
f 9410 10755 108
f 9460 110 10756
f 9460 10756 3480
f 9408 111 10757
f 9408 10757 3481
f 9462 3482 10758
f 9462 10758 113
f 9522 3483 10759
f 9522 10759 64
f 9404 66 10760
f 9404 10760 3484
f 9520 67 10761
f 9520 10761 3485
f 9406 3486 10762
f 9406 10762 69
f 9386 1189 10763
f 9386 10763 3487
f 9734 3488 10764
f 9734 10764 1190
f 9382 3489 10765
f 9382 10765 1189
f 9730 1190 10766
f 9730 10766 3490
f 9962 1191 10767
f 9962 10767 3491
f 9374 3492 10768
f 9374 10768 1192
f 9966 3493 10769
f 9966 10769 1191
f 9370 1192 10770
f 9370 10770 3494
f 9366 1193 10771
f 9366 10771 3495
f 9958 3496 10772
f 9958 10772 1194
f 9362 3497 10773
f 9362 10773 1193
f 9954 1194 10774
f 9954 10774 3498
f 9930 1195 10775
f 9930 10775 3499
f 9358 3500 10776
f 9358 10776 1196
f 9934 3501 10777
f 9934 10777 1195
f 9354 1196 10778
f 9354 10778 3502
f 9378 3487 10779
f 9378 10779 90
f 9714 92 10780
f 9714 10780 3488
f 9376 93 10781
f 9376 10781 3489
f 9712 3490 10782
f 9712 10782 95
f 9920 3491 10783
f 9920 10783 24
f 9348 26 10784
f 9348 10784 3492
f 9922 27 10785
f 9922 10785 3493
f 9350 3494 10786
f 9350 10786 29
f 9346 3495 10787
f 9346 10787 361
f 9918 359 10788
f 9918 10788 3496
f 9344 228 10789
f 9344 10789 3497
f 9916 3498 10790
f 9916 10790 230
f 9904 3499 10791
f 9904 10791 306
f 9340 307 10792
f 9340 10792 3500
f 9906 202 10793
f 9906 10793 3501
f 9342 3502 10794
f 9342 10794 177
f 9542 1197 10795
f 9542 10795 3503
f 9646 3504 10796
f 9646 10796 1198
f 9538 3505 10797
f 9538 10797 1197
f 9642 1198 10798
f 9642 10798 3506
f 9662 1199 10799
f 9662 10799 3507
f 9334 3508 10800
f 9334 10800 1200
f 9658 3509 10801
f 9658 10801 1199
f 9338 1200 10802
f 9338 10802 3510
f 9534 3503 10803
f 9534 10803 96
f 9606 98 10804
f 9606 10804 3504
f 9532 99 10805
f 9532 10805 3505
f 9604 3506 10806
f 9604 10806 101
f 9614 3507 10807
f 9614 10807 18
f 9312 20 10808
f 9312 10808 3508
f 9612 21 10809
f 9612 10809 3509
f 9314 3510 10810
f 9314 10810 23
f 10378 1201 10811
f 10378 10811 3511
f 9383 3512 10812
f 9383 10812 1202
f 10382 3513 10813
f 10382 10813 1201
f 9379 1202 10814
f 9379 10814 3514
f 9371 1203 10815
f 9371 10815 3515
f 10214 3516 10816
f 10214 10816 1204
f 9367 3517 10817
f 9367 10817 1203
f 10210 1204 10818
f 10210 10818 3518
f 10202 1205 10819
f 10202 10819 3519
f 9363 3520 10820
f 9363 10820 1206
f 10206 3521 10821
f 10206 10821 1205
f 9359 1206 10822
f 9359 10822 3522
f 9355 1207 10823
f 9355 10823 3523
f 10198 3524 10824
f 10198 10824 1208
f 9351 3525 10825
f 9351 10825 1207
f 10194 1208 10826
f 10194 10826 3526
f 10372 3511 10827
f 10372 10827 86
f 9377 88 10828
f 9377 10828 3512
f 10374 89 10829
f 10374 10829 3513
f 9375 3514 10830
f 9375 10830 91
f 9347 3515 10831
f 9347 10831 28
f 10190 30 10832
f 10190 10832 3516
f 9349 31 10833
f 9349 10833 3517
f 10188 3518 10834
f 10188 10834 33
f 10184 3519 10835
f 10184 10835 405
f 9345 385 10836
f 9345 10836 3520
f 10186 226 10837
f 10186 10837 3521
f 9343 3522 10838
f 9343 10838 227
f 9339 3523 10839
f 9339 10839 298
f 10182 299 10840
f 10182 10840 3524
f 9341 166 10841
f 9341 10841 3525
f 10180 3526 10842
f 10180 10842 189
f 9902 1209 10843
f 9902 10843 3527
f 9572 3528 10844
f 9572 10844 1210
f 9898 3529 10845
f 9898 10845 1209
f 9569 1210 10846
f 9569 10846 3530
f 9581 1211 10847
f 9581 10847 3531
f 9878 3532 10848
f 9878 10848 1212
f 9582 3533 10849
f 9582 10849 1211
f 9874 1212 10850
f 9874 10850 3534
f 9866 1213 10851
f 9866 10851 3535
f 9566 3536 10852
f 9566 10852 1214
f 9870 3537 10853
f 9870 10853 1213
f 9563 1214 10854
f 9563 10854 3538
f 9854 3527 10855
f 9854 10855 52
f 9549 54 10856
f 9549 10856 3528
f 9852 55 10857
f 9852 10857 3529
f 9550 3530 10858
f 9550 10858 57
f 9588 3531 10859
f 9588 10859 459
f 9842 471 10860
f 9842 10860 3532
f 9587 292 10861
f 9587 10861 3533
f 9840 3534 10862
f 9840 10862 291
f 9836 3535 10863
f 9836 10863 422
f 9545 423 10864
f 9545 10864 3536
f 9838 290 10865
f 9838 10865 3537
f 9546 3538 10866
f 9546 10866 289
f 9754 1215 10867
f 9754 10867 3539
f 9726 3540 10868
f 9726 10868 1216
f 9758 3541 10869
f 9758 10869 1215
f 9722 1216 10870
f 9722 10870 3542
f 9740 3539 10871
f 9740 10871 78
f 9718 80 10872
f 9718 10872 3540
f 9742 81 10873
f 9742 10873 3541
f 9716 3542 10874
f 9716 10874 83
f 9518 1217 10875
f 9518 10875 3543
f 10036 3544 10876
f 10036 10876 1218
f 9514 3545 10877
f 9514 10877 1217
f 10033 1218 10878
f 10033 10878 3546
f 10030 1219 10879
f 10030 10879 3547
f 9506 3548 10880
f 9506 10880 1220
f 10027 3549 10881
f 10027 10881 1219
f 9510 1220 10882
f 9510 10882 3550
f 10134 1221 10883
f 10134 10883 3551
f 10024 3552 10884
f 10024 10884 1222
f 10138 3553 10885
f 10138 10885 1221
f 10021 1222 10886
f 10021 10886 3554
f 10018 1223 10887
f 10018 10887 3555
f 10130 3556 10888
f 10130 10888 1224
f 10015 3557 10889
f 10015 10889 1223
f 10126 1224 10890
f 10126 10890 3558
f 9502 1225 10891
f 9502 10891 3559
f 10012 3560 10892
f 10012 10892 1226
f 9498 3561 10893
f 9498 10893 1225
f 10009 1226 10894
f 10009 10894 3562
f 10006 1227 10895
f 10006 10895 3563
f 9490 3564 10896
f 9490 10896 1228
f 10003 3565 10897
f 10003 10897 1227
f 9494 1228 10898
f 9494 10898 3566
f 9486 3543 10899
f 9486 10899 102
f 9990 104 10900
f 9990 10900 3544
f 9484 105 10901
f 9484 10901 3545
f 9989 3546 10902
f 9989 10902 107
f 9975 3563 10903
f 9975 10903 326
f 9472 304 10904
f 9472 10904 3564
f 9976 216 10905
f 9976 10905 3565
f 9474 3566 10906
f 9474 10906 215
f 9987 3547 10907
f 9987 10907 70
f 9480 72 10908
f 9480 10908 3548
f 9988 73 10909
f 9988 10909 3549
f 9482 3550 10910
f 9482 10910 75
f 10120 3551 10911
f 10120 10911 354
f 9982 355 10912
f 9982 10912 3552
f 10122 241 10913
f 10122 10913 3553
f 9981 3554 10914
f 9981 10914 243
f 9979 3555 10915
f 9979 10915 432
f 10118 457 10916
f 10118 10916 3556
f 9980 122 10917
f 9980 10917 3557
f 10116 3558 10918
f 10116 10918 129
f 9478 3559 10919
f 9478 10919 340
f 9978 404 10920
f 9978 10920 3560
f 9476 280 10921
f 9476 10921 3561
f 9977 3562 10922
f 9977 10922 296
f 9682 3567 10923
f 9682 10923 1229
f 9686 1229 10924
f 9686 10924 3568
f 9664 87 10925
f 9664 10925 3567
f 9666 3568 10926
f 9666 10926 84
f 9812 1230 10927
f 9812 10927 3569
f 9894 3570 10928
f 9894 10928 1231
f 9809 3571 10929
f 9809 10929 1230
f 9890 1231 10930
f 9890 10930 3572
f 9882 1232 10931
f 9882 10931 3573
f 9821 3574 10932
f 9821 10932 1233
f 9886 3575 10933
f 9886 10933 1232
f 9822 1233 10934
f 9822 10934 3576
f 9806 1234 10935
f 9806 10935 3577
f 9862 3578 10936
f 9862 10936 1235
f 9803 3579 10937
f 9803 10937 1234
f 9858 1235 10938
f 9858 10938 3580
f 9790 3569 10939
f 9790 10939 4
f 9848 6 10940
f 9848 10940 3570
f 9789 7 10941
f 9789 10941 3571
f 9850 3572 10942
f 9850 10942 9
f 9844 3573 10943
f 9844 10943 384
f 9827 382 10944
f 9827 10944 3574
f 9846 250 10945
f 9846 10945 3575
f 9828 3576 10946
f 9828 10946 254
f 9786 3577 10947
f 9786 10947 327
f 9834 314 10948
f 9834 10948 3578
f 9785 235 10949
f 9785 10949 3579
f 9832 3580 10950
f 9832 10950 244
f 9294 1236 10951
f 9294 10951 3581
f 10098 3582 10952
f 10098 10952 1237
f 9290 3583 10953
f 9290 10953 1236
f 10094 1237 10954
f 10094 10954 3584
f 10086 1238 10955
f 10086 10955 3585
f 9630 3586 10956
f 9630 10956 1239
f 10090 3587 10957
f 10090 10957 1238
f 9626 1239 10958
f 9626 10958 3588
f 9282 3581 10959
f 9282 10959 456
f 10078 453 10960
f 10078 10960 3582
f 9280 221 10961
f 9280 10961 3583
f 10076 3584 10962
f 10076 10962 225
f 10072 3585 10963
f 10072 10963 312
f 9598 309 10964
f 9598 10964 3586
f 10074 279 10965
f 10074 10965 3587
f 9596 3588 10966
f 9596 10966 278
f 9800 1240 10967
f 9800 10967 3589
f 10286 3590 10968
f 10286 10968 1241
f 9797 3591 10969
f 9797 10969 1240
f 10282 1241 10970
f 10282 10970 3592
f 10290 1242 10971
f 10290 10971 3593
f 9560 3594 10972
f 9560 10972 1243
f 10294 3595 10973
f 10294 10973 1242
f 9557 1243 10974
f 9557 10974 3596
f 9576 3597 10975
f 9576 10975 1244
f 9575 1244 10976
f 9575 10976 3598
f 9815 3599 10977
f 9815 10977 1245
f 9816 1245 10978
f 9816 10978 3600
f 9794 1246 10979
f 9794 10979 3601
f 10254 3602 10980
f 10254 10980 1247
f 9791 3603 10981
f 9791 10981 1246
f 10250 1247 10982
f 10250 10982 3604
f 10258 1248 10983
f 10258 10983 3605
f 9554 3606 10984
f 9554 10984 1249
f 10262 3607 10985
f 10262 10985 1248
f 9551 1249 10986
f 9551 10986 3608
f 9578 3609 10987
f 9578 10987 1250
f 9577 1250 10988
f 9577 10988 3610
f 9817 3611 10989
f 9817 10989 1251
f 9818 1251 10990
f 9818 10990 3612
f 9783 3589 10991
f 9783 10991 114
f 10234 2 10992
f 10234 10992 3590
f 9784 116 10993
f 9784 10993 3591
f 10232 3592 10994
f 10232 10994 3
f 10236 3593 10995
f 10236 10995 58
f 9544 60 10996
f 9544 10996 3594
f 10238 61 10997
f 10238 10997 3595
f 9543 3596 10998
f 9543 10998 63
f 9590 59 10999
f 9590 10999 3597
f 9589 3598 11000
f 9589 11000 56
f 9830 1 11001
f 9830 11001 3599
f 9829 3600 11002
f 9829 11002 5
f 9787 3601 11003
f 9787 11003 383
f 10218 341 11004
f 10218 11004 3602
f 9788 256 11005
f 9788 11005 3603
f 10216 3604 11006
f 10216 11006 255
f 10220 3605 11007
f 10220 11007 476
f 9548 458 11008
f 9548 11008 3606
f 10222 295 11009
f 10222 11009 3607
f 9547 3608 11010
f 9547 11010 294
f 9586 297 11011
f 9586 11011 3609
f 9585 3610 11012
f 9585 11012 472
f 9826 342 11013
f 9826 11013 3611
f 9825 3612 11014
f 9825 11014 236
f 9706 3613 11015
f 9706 11015 1252
f 9710 1252 11016
f 9710 11016 3614
f 9698 3615 11017
f 9698 11017 1253
f 9702 1253 11018
f 9702 11018 3616
f 9690 3617 11019
f 9690 11019 1254
f 9694 1254 11020
f 9694 11020 3618
f 9676 32 11021
f 9676 11021 3613
f 9678 3614 11022
f 9678 11022 35
f 9672 211 11023
f 9672 11023 3615
f 9674 3616 11024
f 9674 11024 469
f 9668 300 11025
f 9668 11025 3617
f 9670 3618 11026
f 9670 11026 271
f 10052 1255 11027
f 10052 11027 3619
f 9899 3620 11028
f 9899 11028 1256
f 10051 3621 11029
f 10051 11029 1255
f 9895 1256 11030
f 9895 11030 3622
f 9891 1257 11031
f 9891 11031 3623
f 10053 3624 11032
f 10053 11032 1258
f 9887 3625 11033
f 9887 11033 1257
f 10054 1258 11034
f 10054 11034 3626
f 10065 3619 11035
f 10065 11035 48
f 9853 50 11036
f 9853 11036 3620
f 10066 51 11037
f 10066 11037 3621
f 9851 3622 11038
f 9851 11038 53
f 9847 3623 11039
f 9847 11039 8
f 10064 10 11040
f 10064 11040 3624
f 9849 11 11041
f 9849 11041 3625
f 10063 3626 11042
f 10063 11042 13
f 9654 1259 11043
f 9654 11043 3627
f 9778 3628 11044
f 9778 11044 1260
f 9650 3629 11045
f 9650 11045 1259
f 9782 1260 11046
f 9782 11046 3630
f 9774 1261 11047
f 9774 11047 3631
f 9659 3632 11048
f 9659 11048 1262
f 9770 3633 11049
f 9770 11049 1261
f 9655 1262 11050
f 9655 11050 3634
f 9299 3635 11051
f 9299 11051 1263
f 9295 1263 11052
f 9295 11052 3636
f 9291 3637 11053
f 9291 11053 1264
f 9287 1264 11054
f 9287 11054 3638
f 9285 233 11055
f 9285 11055 3635
f 9283 3636 11056
f 9283 11056 356
f 9281 455 11057
f 9281 11057 3637
f 9279 3638 11058
f 9279 11058 222
f 9610 3627 11059
f 9610 11059 42
f 9764 44 11060
f 9764 11060 3628
f 9608 45 11061
f 9608 11061 3629
f 9766 3630 11062
f 9766 11062 47
f 9762 3631 11063
f 9762 11063 14
f 9613 16 11064
f 9613 11064 3632
f 9760 17 11065
f 9760 11065 3633
f 9611 3634 11066
f 9611 11066 19
f 9970 1265 11067
f 9970 11067 3639
f 9750 3640 11068
f 9750 11068 1266
f 9974 3641 11069
f 9974 11069 1265
f 9746 1266 11070
f 9746 11070 3642
f 9950 3643 11071
f 9950 11071 1267
f 9946 1267 11072
f 9946 11072 3644
f 9942 3645 11073
f 9942 11073 1268
f 9938 1268 11074
f 9938 11074 3646
f 9924 3639 11075
f 9924 11075 36
f 9738 38 11076
f 9738 11076 3640
f 9926 39 11077
f 9926 11077 3641
f 9736 3642 11078
f 9736 11078 41
f 9914 454 11079
f 9914 11079 3643
f 9912 3644 11080
f 9912 11080 224
f 9910 276 11081
f 9910 11081 3645
f 9908 3646 11082
f 9908 11082 311
f 9409 106 11083
f 9409 11083 3647
f 9407 3648 11084
f 9407 11084 109
f 9405 71 11085
f 9405 11085 3649
f 9403 3650 11086
f 9403 11086 68
f 9400 352 11087
f 9400 11087 3655
f 9402 3656 11088
f 9402 11088 242
f 9396 286 11089
f 9396 11089 3657
f 9398 3658 11090
f 9398 11090 431
f 9392 435 11091
f 9392 11091 3659
f 9394 3660 11092
f 9394 11092 288
f 9388 213 11093
f 9388 11093 3661
f 9390 3662 11094
f 9390 11094 325
f 9414 3661 11095
f 9414 11095 1276
f 9418 1276 11096
f 9418 11096 3662
f 9426 1275 11097
f 9426 11097 3660
f 9422 3659 11098
f 9422 11098 1275
f 9430 3657 11099
f 9430 11099 1274
f 9434 1274 11100
f 9434 11100 3658
f 9442 1273 11101
f 9442 11101 3656
f 9438 3655 11102
f 9438 11102 1273
f 9447 3649 11103
f 9447 11103 1270
f 9443 1270 11104
f 9443 11104 3650
f 9451 1269 11105
f 9451 11105 3648
f 9455 3647 11106
f 9455 11106 1269
f 9779 3651 11107
f 9779 11107 1271
f 9775 1271 11108
f 9775 11108 3652
f 9771 3653 11109
f 9771 11109 1272
f 9767 1272 11110
f 9767 11110 3654
f 9765 49 11111
f 9765 11111 3651
f 9763 3652 11112
f 9763 11112 46
f 9761 12 11113
f 9761 11113 3653
f 9759 3654 11114
f 9759 11114 15
f 9707 3663 11115
f 9707 11115 1277
f 9703 1277 11116
f 9703 11116 3664
f 9335 3665 11117
f 9335 11117 1278
f 9331 1278 11118
f 9331 11118 3666
f 9327 3667 11119
f 9327 11119 1279
f 9323 1279 11120
f 9323 11120 3668
f 9699 3669 11121
f 9699 11121 1280
f 9695 1280 11122
f 9695 11122 3670
f 9691 3671 11123
f 9691 11123 1281
f 9687 1281 11124
f 9687 11124 3672
f 9319 3673 11125
f 9319 11125 1282
f 9315 1282 11126
f 9315 11126 3674
f 9677 37 11127
f 9677 11127 3663
f 9675 3664 11128
f 9675 11128 34
f 9313 25 11129
f 9313 11129 3665
f 9311 3666 11130
f 9311 11130 22
f 9309 357 11131
f 9309 11131 3667
f 9307 3668 11132
f 9307 11132 240
f 9673 452 11133
f 9673 11133 3669
f 9671 3670 11134
f 9671 11134 212
f 9669 277 11135
f 9669 11135 3671
f 9667 3672 11136
f 9667 11136 301
f 9305 164 11137
f 9305 11137 3673
f 9303 3674 11138
f 9303 11138 308
f 9439 3675 11139
f 9439 11139 1283
f 9435 1283 11140
f 9435 11140 3676
f 9431 3677 11141
f 9431 11141 1284
f 9427 1284 11142
f 9427 11142 3678
f 9423 3679 11143
f 9423 11143 1285
f 9419 1285 11144
f 9419 11144 3680
f 9415 3681 11145
f 9415 11145 1286
f 9411 1286 11146
f 9411 11146 3682
f 9401 251 11147
f 9401 11147 3675
f 9399 3676 11148
f 9399 11148 353
f 9397 470 11149
f 9397 11149 3677
f 9395 3678 11150
f 9395 11150 293
f 9393 287 11151
f 9393 11151 3679
f 9391 3680 11152
f 9391 11152 434
f 9389 315 11153
f 9389 11153 3681
f 9387 3682 11154
f 9387 11154 214
f 9461 115 11155
f 9461 11155 3683
f 9459 3684 11156
f 9459 11156 112
f 9467 3683 11157
f 9467 11157 1287
f 9463 1287 11158
f 9463 11158 3684
f 9638 3685 11159
f 9638 11159 1288
f 9634 1288 11160
f 9634 11160 3686
f 9651 3687 11161
f 9651 11161 1289
f 9647 1289 11162
f 9647 11162 3688
f 9602 79 11163
f 9602 11163 3685
f 9600 3686 11164
f 9600 11164 76
f 9609 40 11165
f 9609 11165 3687
f 9607 3688 11166
f 9607 11166 43
f 9539 3689 11167
f 9539 11167 1290
f 9535 1290 11168
f 9535 11168 3690
f 9683 3691 11169
f 9683 11169 1291
f 9679 1291 11170
f 9679 11170 3692
f 9665 82 11171
f 9665 11171 3691
f 9663 3692 11172
f 9663 11172 85
f 9533 94 11173
f 9533 11173 3689
f 9531 3690 11174
f 9531 11174 97
f 9515 3693 11175
f 9515 11175 1292
f 9511 1292 11176
f 9511 11176 3694
f 9507 3695 11177
f 9507 11177 1293
f 9503 1293 11178
f 9503 11178 3696
f 9499 3697 11179
f 9499 11179 1294
f 9495 1294 11180
f 9495 11180 3698
f 9491 3699 11181
f 9491 11181 1295
f 9487 1295 11182
f 9487 11182 3700
f 9485 100 11183
f 9485 11183 3693
f 9483 3694 11184
f 9483 11184 103
f 9481 77 11185
f 9481 11185 3695
f 9479 3696 11186
f 9479 11186 74
f 9477 310 11187
f 9477 11187 3697
f 9475 3698 11188
f 9475 11188 281
f 9473 188 11189
f 9473 11189 3699
f 9471 3700 11190
f 9471 11190 305
f 9521 62 11191
f 9521 11191 3701
f 9519 3702 11192
f 9519 11192 65
f 9523 1296 11193
f 9523 11193 3702
f 9527 3701 11194
f 9527 11194 1296
f 1297 11195 9250
f 11195 3703 9250
f 3704 11196 9242
f 11196 1298 9242
f 3705 11197 9254
f 11197 1297 9254
f 1298 11198 9238
f 11198 3706 9238
f 3703 11199 9244
f 11199 427 9244
f 425 11200 9232
f 11200 3704 9232
f 174 11201 9246
f 11201 3705 9246
f 3706 11202 9234
f 11202 184 9234
f 1299 11203 9239
f 11203 3707 9239
f 3708 11204 9216
f 11204 1300 9216
f 3709 11205 9235
f 11205 1299 9235
f 1300 11206 9212
f 11206 3710 9212
f 3707 11207 9231
f 11207 426 9231
f 424 11208 9208
f 11208 3708 9208
f 186 11209 9233
f 11209 3709 9233
f 3710 11210 9206
f 11210 185 9206
f 3711 11211 9230
f 11211 1301 9230
f 1301 11212 9226
f 11212 3712 9226
f 134 11213 9222
f 11213 3711 9222
f 3712 11214 9220
f 11214 409 9220
f 3713 11215 9204
f 11215 1302 9204
f 1302 11216 9200
f 11216 3714 9200
f 141 11217 9196
f 11217 3713 9196
f 3714 11218 9194
f 11218 371 9194
f 3715 11219 9106
f 11219 1303 9106
f 1303 11220 9102
f 11220 3716 9102
f 408 11221 9098
f 11221 3715 9098
f 3716 11222 9096
f 11222 187 9096
f 3717 11223 8926
f 11223 1304 8926
f 1304 11224 8922
f 11224 3718 8922
f 153 11225 8918
f 11225 3717 8918
f 3718 11226 8916
f 11226 347 8916
f 1305 11227 9174
f 11227 3719 9174
f 3720 11228 9166
f 11228 1306 9166
f 3721 11229 9178
f 11229 1305 9178
f 1306 11230 9162
f 11230 3722 9162
f 3719 11231 9168
f 11231 381 9168
f 332 11232 9158
f 11232 3720 9158
f 178 11233 9170
f 11233 3721 9170
f 3722 11234 9156
f 11234 190 9156
f 3723 11235 9130
f 11235 1307 9130
f 1307 11236 9126
f 11236 3724 9126
f 203 11237 9122
f 11237 3723 9122
f 3724 11238 9120
f 11238 380 9120
f 3725 11239 9154
f 11239 1308 9154
f 1308 11240 9150
f 11240 3726 9150
f 333 11241 9146
f 11241 3725 9146
f 3726 11242 9144
f 11242 180 9144
f 3727 11243 9142
f 11243 1309 9142
f 1309 11244 9138
f 11244 3728 9138
f 351 11245 9134
f 11245 3727 9134
f 3728 11246 9132
f 11246 179 9132
f 3729 11247 9046
f 11247 1310 9046
f 1310 11248 9042
f 11248 3730 9042
f 350 11249 9038
f 11249 3729 9038
f 3730 11250 9036
f 11250 218 9036
f 3731 11251 9058
f 11251 1311 9058
f 1311 11252 9054
f 11252 3732 9054
f 217 11253 9050
f 11253 3731 9050
f 3732 11254 9048
f 11254 400 9048
f 1312 11255 9018
f 11255 3733 9018
f 3734 11256 9070
f 11256 1313 9070
f 3735 11257 9022
f 11257 1312 9022
f 1313 11258 9066
f 11258 3736 9066
f 3733 11259 9012
f 11259 439 9012
f 461 11260 9060
f 11260 3734 9060
f 183 11261 9014
f 11261 3735 9014
f 3736 11262 9062
f 11262 199 9062
f 3737 11263 8866
f 11263 1314 8866
f 1314 11264 8862
f 11264 3738 8862
f 396 11265 8858
f 11265 3737 8858
f 3738 11266 8856
f 11266 154 8856
f 1315 11267 9067
f 11267 3739 9067
f 3740 11268 9034
f 11268 1316 9034
f 3741 11269 9063
f 11269 1315 9063
f 1316 11270 9030
f 11270 3742 9030
f 3739 11271 9059
f 11271 395 9059
f 393 11272 9026
f 11272 3740 9026
f 209 11273 9061
f 11273 3741 9061
f 3742 11274 9024
f 11274 158 9024
f 3743 11275 8842
f 11275 1317 8842
f 1317 11276 8838
f 11276 3744 8838
f 451 11277 8834
f 11277 3743 8834
f 3744 11278 8832
f 11278 269 8832
f 3745 11279 8998
f 11279 1318 8998
f 1318 11280 8994
f 11280 3746 8994
f 246 11281 8990
f 11281 3745 8990
f 3746 11282 8988
f 11282 401 8988
f 3747 11283 8938
f 11283 1319 8938
f 1319 11284 8934
f 11284 3748 8934
f 336 11285 8930
f 11285 3747 8930
f 3748 11286 8928
f 11286 249 8928
f 3749 11287 8890
f 11287 1320 8890
f 1320 11288 8886
f 11288 3750 8886
f 370 11289 8882
f 11289 3749 8882
f 3750 11290 8880
f 11290 144 8880
f 3751 11291 8894
f 11291 1321 8894
f 1321 11292 8893
f 11292 3752 8893
f 138 11293 8891
f 11293 3751 8891
f 3752 11294 8892
f 11294 429 8892
f 1322 11295 8982
f 11295 3753 8982
f 3754 11296 8950
f 11296 1323 8950
f 3755 11297 8986
f 11297 1322 8986
f 1323 11298 8946
f 11298 3756 8946
f 3753 11299 8976
f 11299 394 8976
f 460 11300 8942
f 11300 3754 8942
f 156 11301 8978
f 11301 3755 8978
f 3756 11302 8940
f 11302 208 8940
f 3757 11303 8851
f 11303 1324 8851
f 1324 11304 8847
f 11304 3758 8847
f 248 11305 8845
f 11305 3757 8845
f 3758 11306 8843
f 11306 447 8843
f 3759 11307 8974
f 11307 1325 8974
f 1325 11308 8970
f 11308 3760 8970
f 157 11309 8966
f 11309 3759 8966
f 3760 11310 8964
f 11310 392 8964
f 3761 11311 8830
f 11311 1326 8830
f 1326 11312 8826
f 11312 3762 8826
f 159 11313 8822
f 11313 3761 8822
f 3762 11314 8820
f 11314 369 8820
f 1327 11315 8424
f 11315 3763 8424
f 3764 11316 8900
f 11316 1328 8900
f 3765 11317 8428
f 11317 1327 8428
f 1328 11318 8897
f 11318 3766 8897
f 3763 11319 8418
f 11319 398 8418
f 377 11320 8902
f 11320 3764 8902
f 151 11321 8420
f 11321 3765 8420
f 3766 11322 8901
f 11322 139 8901
f 3767 11323 8878
f 11323 1329 8878
f 1329 11324 8874
f 11324 3768 8874
f 438 11325 8870
f 11325 3767 8870
f 3768 11326 8868
f 11326 198 8868
f 3769 11327 8806
f 11327 1330 8806
f 1330 11328 8802
f 11328 3770 8802
f 337 11329 8798
f 11329 3769 8798
f 3770 11330 8796
f 11330 252 8796
f 3771 11331 8708
f 11331 1331 8708
f 1331 11332 8704
f 11332 3772 8704
f 201 11333 8700
f 11333 3771 8700
f 3772 11334 8698
f 11334 397 8698
f 1332 11335 8222
f 11335 3773 8222
f 3774 11336 7660
f 11336 1333 7660
f 3775 11337 8226
f 11337 1332 8226
f 1333 11338 7662
f 11338 3776 7662
f 3773 11339 8216
f 11339 388 8216
f 389 11340 7664
f 11340 3774 7664
f 148 11341 8218
f 11341 3775 8218
f 3776 11342 7666
f 11342 163 7666
f 3777 11343 8814
f 11343 1334 8814
f 1334 11344 8811
f 11344 3778 8811
f 368 11345 8818
f 11345 3777 8818
f 3778 11346 8816
f 11346 143 8816
f 3779 11347 8780
f 11347 1335 8780
f 1335 11348 8776
f 11348 3780 8776
f 428 11349 8772
f 11349 3779 8772
f 3780 11350 8770
f 11350 182 8770
f 3781 11351 8072
f 11351 1336 8072
f 1336 11352 8069
f 11352 3782 8069
f 387 11353 8074
f 11353 3781 8074
f 3782 11354 8073
f 11354 175 8073
f 3783 11355 8250
f 11355 1337 8250
f 1337 11356 8246
f 11356 3784 8246
f 468 11357 8242
f 11357 3783 8242
f 3784 11358 8240
f 11358 268 8240
f 3785 11359 8404
f 11359 1338 8404
f 1338 11360 8400
f 11360 3786 8400
f 142 11361 8396
f 11361 3785 8396
f 3786 11362 8394
f 11362 367 8394
f 391 11363 8408
f 11363 3787 8408
f 3788 11364 8406
f 11364 146 8406
f 3787 11365 8416
f 11365 1339 8416
f 1339 11366 8412
f 11366 3788 8412
f 3789 11367 8720
f 11367 1340 8720
f 1340 11368 8716
f 11368 3790 8716
f 334 11369 8712
f 11369 3789 8712
f 3790 11370 8710
f 11370 257 8710
f 1341 11371 8740
f 11371 3791 8740
f 3792 11372 8732
f 11372 1342 8732
f 3793 11373 8744
f 11373 1341 8744
f 1342 11374 8728
f 11374 3794 8728
f 3791 11375 8734
f 11375 466 8734
f 473 11376 8722
f 11376 3792 8722
f 274 11377 8736
f 11377 3793 8736
f 3794 11378 8724
f 11378 167 8724
f 3795 11379 8464
f 11379 1343 8464
f 1343 11380 8460
f 11380 3796 8460
f 375 11381 8456
f 11381 3795 8456
f 3796 11382 8454
f 11382 137 8454
f 1344 11383 4251
f 11383 11775 4251
f 3798 11384 8262
f 11384 1345 8262
f 3799 11385 3968
f 11385 11774 3968
f 1345 11386 8258
f 11386 3800 8258
f 3797 11387 3969
f 11387 11773 3969
f 358 11388 8254
f 11388 3798 8254
f 232 11389 4253
f 11389 11782 4253
f 3800 11390 8252
f 11390 239 8252
f 1346 11391 8729
f 11391 3801 8729
f 3802 11392 8452
f 11392 1347 8452
f 3803 11393 8725
f 11393 1346 8725
f 1347 11394 8448
f 11394 3804 8448
f 3801 11395 8721
f 11395 443 8721
f 442 11396 8444
f 11396 3802 8444
f 192 11397 8723
f 11397 3803 8723
f 3804 11398 8442
f 11398 197 8442
f 3805 11399 8440
f 11399 1348 8440
f 1348 11400 8436
f 11400 3806 8436
f 273 11401 8432
f 11401 3805 8432
f 3806 11402 8430
f 11402 444 8430
f 3807 11403 8392
f 11403 1349 8392
f 1349 11404 8388
f 11404 3808 8388
f 335 11405 8384
f 11405 3807 8384
f 3808 11406 8382
f 11406 261 8382
f 3809 11407 7800
f 11407 1350 7800
f 1350 11408 7796
f 11408 3810 7796
f 200 11409 7792
f 11409 3809 7792
f 3810 11410 7790
f 11410 436 7790
f 3811 11411 8324
f 11411 1351 8324
f 1351 11412 8320
f 11412 3812 8320
f 376 11413 8316
f 11413 3811 8316
f 3812 11414 8314
f 11414 150 8314
f 3813 11415 8174
f 11415 1352 8174
f 1352 11416 8170
f 11416 3814 8170
f 464 11417 8166
f 11417 3813 8166
f 3814 11418 8164
f 11418 196 8164
f 3815 11419 8377
f 11419 1353 8377
f 1353 11420 8375
f 11420 3816 8375
f 264 11421 8372
f 11421 3815 8372
f 3816 11422 8370
f 11422 414 8370
f 3817 11423 8274
f 11423 1354 8274
f 1354 11424 8270
f 11424 3818 8270
f 136 11425 8266
f 11425 3817 8266
f 3818 11426 8264
f 11426 379 8264
f 3819 11427 8146
f 11427 1355 8146
f 1355 11428 8145
f 11428 3820 8145
f 407 11429 8142
f 11429 3819 8142
f 3820 11430 8140
f 11430 161 8140
f 3821 11431 8056
f 11431 1356 8056
f 1356 11432 8052
f 11432 3822 8052
f 145 11433 8048
f 11433 3821 8048
f 3822 11434 8046
f 11434 366 8046
f 3823 11435 8138
f 11435 1357 8138
f 1357 11436 8134
f 11436 3824 8134
f 338 11437 8130
f 11437 3823 8130
f 3824 11438 8128
f 11438 266 8128
f 3825 11439 8344
f 11439 1358 8344
f 1358 11440 8342
f 11440 3826 8342
f 265 11441 8348
f 11441 3825 8348
f 3826 11442 8346
f 11442 413 8346
f 1359 11443 8296
f 11443 3827 8296
f 3828 11444 8312
f 11444 1360 8312
f 3829 11445 8300
f 11445 1359 8300
f 1360 11446 8308
f 11446 3830 8308
f 3827 11447 8290
f 11447 474 8290
f 467 11448 8304
f 11448 3828 8304
f 238 11449 8292
f 11449 3829 8292
f 3830 11450 8302
f 11450 169 8302
f 262 11451 7860
f 11451 3831 7860
f 3832 11452 7858
f 11452 418 7858
f 3831 11453 7868
f 11453 1361 7868
f 1361 11454 7864
f 11454 3832 7864
f 1362 11455 7530
f 11455 3833 7530
f 3834 11456 7970
f 11456 1363 7970
f 3835 11457 7526
f 11457 1362 7526
f 1363 11458 7974
f 11458 3836 7974
f 3833 11459 7522
f 11459 321 7522
f 348 11460 7964
f 11460 3834 7964
f 118 11461 7520
f 11461 3835 7520
f 3836 11462 7966
f 11462 121 7966
f 3837 11463 8092
f 11463 1364 8092
f 1364 11464 8088
f 11464 3838 8088
f 399 11465 8084
f 11465 3837 8084
f 3838 11466 8082
f 11466 135 8082
f 3839 11467 8198
f 11467 1365 8198
f 1365 11468 8194
f 11468 3840 8194
f 445 11469 8190
f 11469 3839 8190
f 3840 11470 8188
f 11470 168 8188
f 3841 11471 8286
f 11471 1366 8286
f 1366 11472 8282
f 11472 3842 8282
f 193 11473 8278
f 11473 3841 8278
f 3842 11474 8276
f 11474 465 8276
f 3843 11475 8006
f 11475 1367 8006
f 1367 11476 8002
f 11476 3844 8002
f 194 11477 7998
f 11477 3843 7998
f 3844 11478 7996
f 11478 441 7996
f 3845 11479 7971
f 11479 1368 7971
f 1368 11480 7967
f 11480 3846 7967
f 132 11481 7965
f 11481 3845 7965
f 3846 11482 7963
f 11482 349 7963
f 3847 11483 7916
f 11483 1369 7916
f 1369 11484 7912
f 11484 3848 7912
f 360 11485 7908
f 11485 3847 7908
f 3848 11486 7906
f 11486 231 7906
f 3849 11487 7809
f 11487 1370 7809
f 1370 11488 7810
f 11488 3850 7810
f 478 11489 7811
f 11489 3849 7811
f 3850 11490 7812
f 11490 275 7812
f 328 11491 8204
f 11491 3852 8204
f 3854 11492 8202
f 11492 130 8202
f 1372 11493 8208
f 11493 3854 8208
f 3852 11494 8212
f 11494 1372 8212
f 1371 11495 8182
f 11495 3851 8182
f 3853 11496 8186
f 11496 1371 8186
f 3851 11497 8176
f 11497 318 8176
f 123 11498 8178
f 11498 3853 8178
f 3855 11499 8066
f 11499 1373 8066
f 1373 11500 8065
f 11500 3856 8065
f 149 11501 8063
f 11501 3855 8063
f 3856 11502 8064
f 11502 365 8064
f 3857 11503 8108
f 11503 1374 8108
f 1374 11504 8105
f 11504 3858 8105
f 372 11505 8104
f 11505 3857 8104
f 3858 11506 8103
f 11506 140 8103
f 3859 11507 8044
f 11507 1375 8044
f 1375 11508 8040
f 11508 3860 8040
f 415 11509 8036
f 11509 3859 8036
f 3860 11510 8034
f 11510 181 8034
f 3861 11511 8162
f 11511 1376 8162
f 1376 11512 8158
f 11512 3862 8158
f 124 11513 8154
f 11513 3861 8154
f 3862 11514 8152
f 11514 317 8152
f 3863 11515 7944
f 11515 1377 7944
f 1377 11516 7940
f 11516 3864 7940
f 463 11517 7936
f 11517 3863 7936
f 3864 11518 7934
f 11518 206 7934
f 3865 11519 8126
f 11519 1378 8126
f 1378 11520 8122
f 11520 3866 8122
f 127 11521 8118
f 11521 3865 8118
f 3866 11522 8116
f 11522 316 8116
f 3867 11523 7836
f 11523 1379 7836
f 1379 11524 7833
f 11524 3868 7833
f 406 11525 7831
f 11525 3867 7831
f 3868 11526 7832
f 11526 162 7832
f 3869 11527 7956
f 11527 1380 7956
f 1380 11528 7955
f 11528 3870 7955
f 339 11529 7952
f 11529 3869 7952
f 3870 11530 7950
f 11530 253 7950
f 3871 11531 7878
f 11531 1381 7878
f 1381 11532 7877
f 11532 3872 7877
f 128 11533 7874
f 11533 3871 7874
f 3872 11534 7872
f 11534 329 7872
f 373 11535 8026
f 11535 3873 8026
f 3874 11536 8025
f 11536 152 8025
f 1382 11537 8022
f 11537 3874 8022
f 3873 11538 8024
f 11538 1382 8024
f 3875 11539 7828
f 11539 1383 7828
f 1383 11540 7824
f 11540 3876 7824
f 378 11541 7818
f 11541 3875 7818
f 3876 11542 7820
f 11542 131 7820
f 3877 11543 7661
f 11543 1384 7661
f 1384 11544 7659
f 11544 3878 7659
f 160 11545 7665
f 11545 3877 7665
f 3878 11546 7663
f 11546 390 7663
f 3879 11547 7899
f 11547 1385 7899
f 1385 11548 7900
f 11548 3880 7900
f 416 11549 7902
f 11549 3879 7902
f 3880 11550 7901
f 11550 191 7901
f 3881 11551 7929
f 11551 1386 7929
f 1386 11552 7927
f 11552 3882 7927
f 410 11553 7924
f 11553 3881 7924
f 3882 11554 7922
f 11554 171 7922
f 3883 11555 7994
f 11555 1387 7994
f 1387 11556 7990
f 11556 3884 7990
f 195 11557 7986
f 11557 3883 7986
f 3884 11558 7984
f 11558 440 7984
f 3885 11559 7650
f 11559 1388 7650
f 1388 11560 7648
f 11560 3886 7648
f 205 11561 7654
f 11561 3885 7654
f 3886 11562 7652
f 11562 462 7652
f 3887 11563 7760
f 11563 1389 7760
f 1389 11564 7759
f 11564 3888 7759
f 402 11565 7756
f 11565 3887 7756
f 3888 11566 7754
f 11566 258 7754
f 3889 11567 7705
f 11567 1390 7705
f 1390 11568 7706
f 11568 3890 7706
f 412 11569 7707
f 11569 3889 7707
f 3890 11570 7708
f 11570 207 7708
f 3891 11571 7674
f 11571 1391 7674
f 1391 11572 7678
f 11572 3892 7678
f 411 11573 7668
f 11573 3891 7668
f 3892 11574 7670
f 11574 173 7670
f 3893 11575 7716
f 11575 1392 7716
f 1392 11576 7720
f 11576 3894 7720
f 362 11577 7710
f 11577 3893 7710
f 3894 11578 7712
f 11578 229 7712
f 3895 11579 7738
f 11579 1393 7738
f 1393 11580 7734
f 11580 3896 7734
f 417 11581 7730
f 11581 3895 7730
f 3896 11582 7728
f 11582 204 7728
f 3897 11583 7776
f 11583 1394 7776
f 1394 11584 7772
f 11584 3898 7772
f 220 11585 7768
f 11585 3897 7768
f 3898 11586 7766
f 11586 374 7766
f 3899 11587 7623
f 11587 1395 7623
f 1395 11588 7622
f 11588 3900 7622
f 263 11589 7621
f 11589 3899 7621
f 3900 11590 7620
f 11590 419 7620
f 1396 11591 7825
f 11591 3901 7825
f 3902 11592 7494
f 11592 1397 7494
f 3903 11593 7821
f 11593 1396 7821
f 1397 11594 7498
f 11594 3904 7498
f 3901 11595 7817
f 11595 319 7817
f 320 11596 7488
f 11596 3902 7488
f 120 11597 7819
f 11597 3903 7819
f 3904 11598 7490
f 11598 117 7490
f 3905 11599 7589
f 11599 147 7589
f 363 11600 7591
f 11600 3906 7591
f 1398 11601 7597
f 11601 3905 7597
f 3906 11602 7593
f 11602 1398 7593
f 3907 11603 7444
f 11603 1399 7444
f 1399 11604 7440
f 11604 3908 7440
f 3908 11605 7434
f 11605 284 7434
f 477 11606 7436
f 11606 3907 7436
f 3909 11607 7675
f 11607 1400 7675
f 1400 11608 7671
f 11608 3910 7671
f 172 11609 7669
f 11609 3909 7669
f 3910 11610 7667
f 11610 437 7667
f 3911 11611 7752
f 11611 1401 7752
f 1401 11612 7748
f 11612 3912 7748
f 223 11613 7744
f 11613 3911 7744
f 3912 11614 7742
f 11614 346 7742
f 3913 11615 7690
f 11615 1402 7690
f 1402 11616 7688
f 11616 3914 7688
f 433 11617 7694
f 11617 3913 7694
f 3914 11618 7692
f 11618 267 7692
f 3915 11619 7717
f 11619 1403 7717
f 1403 11620 7713
f 11620 3916 7713
f 210 11621 7711
f 11621 3915 7711
f 3916 11622 7709
f 11622 386 7709
f 3917 11623 7541
f 11623 1404 7541
f 1404 11624 7537
f 11624 3918 7537
f 421 11625 7535
f 11625 3917 7535
f 3918 11626 7533
f 11626 219 7533
f 3919 11627 7566
f 11627 1405 7566
f 1405 11628 7562
f 11628 3920 7562
f 3920 11629 7556
f 11629 126 7556
f 331 11630 7558
f 11630 3919 7558
f 403 11631 7608
f 11631 3921 7608
f 3922 11632 7606
f 11632 259 7606
f 3921 11633 7616
f 11633 1406 7616
f 1406 11634 7612
f 11634 3922 7612
f 170 11635 7506
f 11635 3923 7506
f 3924 11636 7504
f 11636 330 7504
f 3923 11637 7514
f 11637 1407 7514
f 1407 11638 7510
f 11638 3924 7510
f 272 11639 4270
f 11639 3925 4270
f 3926 11640 4267
f 11640 420 4267
f 1408 11641 4268
f 11641 3926 4268
f 3925 11642 4269
f 11642 1408 4269
f 3927 11643 3964
f 11643 11755 3964
f 1409 11644 4243
f 11644 11754 4243
f 324 11645 4245
f 11645 11756 4245
f 3928 11646 3963
f 11646 11753 3963
f 3929 11647 7527
f 11647 1410 7527
f 1410 11648 7523
f 11648 3930 7523
f 323 11649 7521
f 11649 3929 7521
f 3930 11650 7519
f 11650 119 7519
f 3931 11651 7495
f 11651 1411 7495
f 1411 11652 7491
f 11652 3932 7491
f 125 11653 7489
f 11653 3931 7489
f 3932 11654 7487
f 11654 322 7487
f 3933 11655 7416
f 11655 1412 7416
f 1412 11656 7419
f 11656 3934 7419
f 283 11657 7421
f 11657 3933 7421
f 3934 11658 7423
f 11658 448 7423
f 3935 11659 7417
f 11659 1413 7417
f 1413 11660 7414
f 11660 3936 7414
f 475 11661 7422
f 11661 3935 7422
f 3936 11662 7420
f 11662 285 7420
f 11663 4266 1878
f 1504 4266 11663
f 1504 11664 4265
f 11664 1879 4265
f 1879 11665 4262
f 11665 1503 4262
f 1503 11666 4261
f 11666 1880 4261
f 11667 4259 1881
f 1502 4259 11667
f 1502 11668 4260
f 11668 1882 4260
f 1882 11669 4263
f 11669 1501 4263
f 1501 11670 4264
f 11670 1883 4264
f 11671 4264 742
f 3937 4264 11671
f 11672 4263 3937
f 620 4263 11672
f 620 11673 4260
f 11673 3938 4260
f 3938 11674 4259
f 11674 741 4259
f 11675 3964 1518
f 11772 3964 11675
f 1516 11676 3962
f 11676 11770 3962
f 11677 3963 1520
f 11779 3963 11677
f 3939 11678 3967
f 11678 11768 3967
f 11679 3966 3939
f 11766 3966 11679
f 11680 3962 3940
f 11752 3962 11680
f 11681 3967 1513
f 11759 3967 11681
f 11682 3965 1514
f 11757 3965 11682
f 11683 3968 1516
f 11763 3968 11683
f 1518 11684 3966
f 11684 11761 3966
f 11685 3969 1521
f 11776 3969 11685
f 3940 11686 3965
f 11686 11760 3965
f 5653 200 11687
f 5653 11687 1934
f 269 282 11688
f 269 11817 11730
f 3947 3942 11689
f 3947 11689 11710
f 11690 976 1414
f 11700 976 11704
f 11691 2666 3942
f 11699 2666 11691
f 3944 11692 2513
f 11692 11719 2513
f 11718 254 11693
f 2514 11693 3943
f 232 11694 11714
f 11694 3943 3951
f 3950 3944 11695
f 3950 11695 11713
f 11696 7374 2496
f 383 7374 11696
f 11697 7375 256
f 2495 7375 11697
f 11698 2665 3945
f 11706 2665 11698
f 11699 8059 2666
f 1414 8059 11699
f 3945 11700 3941
f 11700 11704 3941
f 11701 11711 253
f 3946 3949 11701
f 11702 11717 49
f 3946 2539 11702
f 7410 51 11703
f 7410 11703 2503
f 3941 11704 11690
f 11704 976 11690
f 328 372 11705
f 328 11705 329
f 11706 8057 2665
f 282 8057 11706
f 11707 1414 1415
f 11732 1414 11787
f 11708 268 269
f 11812 268 11985
f 11709 3942 3947
f 11731 3942 11709
f 11710 3957 3947
f 11736 3957 11710
f 11711 11727 253
f 3949 3954 11711
f 11733 47 11712
f 3946 11712 3949
f 3959 3950 11713
f 3959 11713 11740
f 232 11714 11739
f 11714 3951 3958
f 11715 11744 250
f 3951 3943 11715
f 11716 3944 3950
f 11743 3944 11716
f 11717 7577 49
f 2539 7577 11717
f 7467 254 11718
f 7467 11718 2514
f 2513 11719 7468
f 11719 382 7468
f 11720 11842 274
f 3952 2502 11720
f 11721 11857 237
f 3952 3995 11721
f 4209 3953 11722
f 4209 11722 12523
f 4954 1729 11723
f 4954 11723 12522
f 4951 695 11724
f 4951 11724 12521
f 1898 11725 4209
f 11725 12519 4209
f 4953 1730 11726
f 4953 11726 12524
f 253 11727 11745
f 11727 3954 3960
f 11783 45 11728
f 3949 11728 3954
f 11729 4984 1736
f 411 4984 11729
f 11730 3941 3955
f 11817 3941 11730
f 11731 11691 3942
f 1415 11691 11731
f 3955 11732 3948
f 11732 11787 3948
f 11702 47 11733
f 11702 11733 3946
f 11734 7278 338
f 2490 7278 11734
f 11735 275 268
f 3956 275 11735
f 11736 3988 3957
f 11838 3988 11736
f 1416 11737 1415
f 11841 11814 1415
f 3957 11738 3947
f 11738 11813 3947
f 11739 11805 232
f 3958 3977 11739
f 11740 3976 3959
f 11804 3976 11740
f 11741 3950 3959
f 11810 3950 11741
f 11742 11809 251
f 3958 3951 11742
f 11743 11692 3944
f 384 11692 11743
f 11744 11693 250
f 3943 11693 11744
f 253 11745 11786
f 11745 3960 3970
f 11746 11790 43
f 3960 3954 11746
f 5444 448 11747
f 5444 11747 475
f 283 11748 5422
f 11748 285 5422
f 11788 3961 11811
f 11749 42 44
f 3961 11750 1900
f 11750 11856 1900
f 11751 4336 4242
f 3940 4336 11751
f 4333 3962 11752
f 4333 11752 618
f 3963 11753 4337
f 11753 245 4337
f 4243 11754 4335
f 11754 3928 4335
f 3964 11755 4334
f 11755 1409 4334
f 4245 11756 4332
f 11756 3927 4332
f 4345 3965 11757
f 4345 11757 1498
f 4246 11758 4338
f 11758 1514 4338
f 4344 3967 11759
f 4344 11759 1499
f 3965 11760 4350
f 11760 623 4350
f 3966 11761 4358
f 11761 1417 4358
f 4334 4243 11762
f 4334 11762 1518
f 4354 3968 11763
f 4354 11763 1497
f 4247 11764 4346
f 11764 1513 4346
f 4248 11765 4345
f 11765 3940 4345
f 4355 3966 11766
f 4355 11766 619
f 4249 11767 4344
f 11767 3939 4344
f 3967 11768 4349
f 11768 621 4349
f 11769 4358 4250
f 3939 4358 11769
f 3962 11770 4336
f 11770 1418 4336
f 4356 4251 11771
f 4356 11771 1516
f 4332 3964 11772
f 4332 11772 1496
f 3969 11773 4361
f 11773 313 4361
f 3968 11774 4356
f 11774 1344 4356
f 4251 11775 4357
f 11775 3797 4357
f 4357 3969 11776
f 4357 11776 1418
f 4242 11777 4339
f 11777 1521 4339
f 4244 11778 4333
f 11778 1516 4333
f 4335 3963 11779
f 4335 11779 1417
f 4250 11780 4362
f 11780 1520 4362
f 4252 11781 4355
f 11781 1518 4355
f 4253 11782 4354
f 11782 3799 4354
f 11712 45 11783
f 11712 11783 3949
f 11784 11951 472
f 733 4029 11784
f 11785 11801 41
f 3970 3960 11785
f 253 11786 11794
f 11786 3970 3972
f 3948 11787 11707
f 11787 1414 11707
f 11788 11811 44
f 3971 3961 11788
f 11789 6629 448
f 3971 6629 11789
f 11790 11728 43
f 3954 11728 11790
f 5525 477 11791
f 5525 11791 1893
f 11792 34 36
f 11798 34 11803
f 11793 11808 39
f 3972 3970 11793
f 11794 11797 253
f 3972 3975 11794
f 11795 11984 339
f 3973 2600 11795
f 3974 11796 402
f 11796 339 402
f 258 253 11797
f 258 11797 3975
f 3974 11798 3973
f 11798 11803 3973
f 11802 37 11799
f 3972 11799 3975
f 4056 2497 11800
f 4056 11800 12030
f 11801 11746 41
f 3960 11746 11801
f 11793 37 11802
f 11793 11802 3972
f 3973 11803 11792
f 11803 34 11792
f 3981 3976 11804
f 3981 11804 11822
f 232 11805 11821
f 11805 3977 3980
f 11826 242 11806
f 3958 11806 3977
f 3976 11807 3959
f 11807 11825 3959
f 11808 11785 39
f 3970 11785 11808
f 11809 11715 251
f 3951 11715 11809
f 11810 11716 3950
f 353 11716 11810
f 11811 11749 44
f 3961 11749 11811
f 3978 11812 3948
f 11812 11985 3948
f 3947 11813 11709
f 11813 1416 11709
f 3956 3978 11814
f 3956 11814 11841
f 11815 12437 172
f 3979 2492 11815
f 122 11816 12488
f 11816 3979 4199
f 11817 11688 3941
f 269 11688 11817
f 167 11818 181
f 11818 191 181
f 11819 3976 3981
f 11860 3976 11819
f 11820 11859 243
f 3980 3977 11820
f 11821 11852 232
f 3980 3994 11821
f 11822 3993 3981
f 11851 3993 11822
f 3982 11823 374
f 11823 346 374
f 11824 2501 3982
f 12504 2501 11824
f 3959 11825 11741
f 11825 352 11741
f 11742 242 11826
f 11742 11826 3958
f 11875 3983 11948
f 11827 593 594
f 3985 11828 1509
f 11828 1420 1509
f 3983 11829 742
f 11829 1419 742
f 11879 3986 11947
f 11830 1420 1426
f 11950 3985 12108
f 11831 54 56
f 345 11832 11845
f 11832 3984 3989
f 1419 11833 1878
f 11833 3984 1878
f 593 11834 11874
f 11834 3986 4002
f 11835 284 275
f 3987 284 11835
f 1421 11836 1416
f 12476 12107 1416
f 3988 11837 3957
f 11837 12106 3957
f 11838 4197 3988
f 12484 4197 11838
f 248 260 11839
f 248 11839 12475
f 1894 11840 5528
f 11840 410 5528
f 11737 3956 11841
f 11737 11841 1415
f 11842 7408 274
f 2502 7408 11842
f 11987 3991 12135
f 11843 56 58
f 11844 11873 1422
f 3989 3984 11844
f 345 11845 11864
f 11845 3989 3996
f 3991 11926 11877
f 1423 1426 11846
f 11923 3990 11988
f 11847 1423 1433
f 3990 11993 11925
f 594 593 11848
f 3992 11924 11876
f 1422 1419 11849
f 11919 3992 11989
f 11850 594 595
f 4022 3993 11851
f 4022 11851 11929
f 232 11852 11928
f 11852 3994 4021
f 11933 241 11853
f 3980 11853 3994
f 3993 11854 3981
f 11854 11932 3981
f 11855 12435 345
f 347 371 11855
f 1900 11856 5558
f 11856 448 5558
f 237 11857 12460
f 11857 3995 4192
f 12432 273 11858
f 3952 11858 3995
f 11859 11806 243
f 3977 11806 11859
f 11860 11807 3976
f 355 11807 11860
f 11861 12487 1483
f 285 4198 11861
f 11862 5544 1898
f 5467 5544 11862
f 11863 11920 58
f 3999 4017 11863
f 11864 5548 345
f 3996 5548 11864
f 11865 11919 595
f 3997 4018 11865
f 11866 11943 1425
f 3998 4027 11866
f 2499 11867 5545
f 11867 5467 5545
f 11868 11917 1424
f 3996 3989 11868
f 3998 12025 11942
f 595 594 11869
f 3997 11944 11921
f 1424 1422 11870
f 5546 936 11871
f 5546 11871 5466
f 11872 1728 1425
f 3999 1728 11872
f 11873 11833 1422
f 3984 11833 11873
f 11925 593 11874
f 4020 11874 4002
f 11875 11948 594
f 4000 3983 11875
f 11924 1419 11876
f 3992 11876 4000
f 11926 1426 11877
f 3991 11877 4001
f 11878 11950 56
f 4001 4028 11878
f 11879 11947 1426
f 4002 3986 11879
f 11880 4282 134
f 1505 4282 11880
f 5456 475 11881
f 5456 11881 477
f 285 11882 4198
f 11882 12486 4198
f 11883 4363 4006
f 596 4363 11883
f 11884 4359 4005
f 1427 4359 11884
f 11885 4360 4010
f 1428 4360 11885
f 11886 4223 4003
f 313 4223 11886
f 11887 4222 4004
f 245 4222 11887
f 11888 2493 4007
f 1429 2493 11888
f 11889 615 596
f 4005 615 11889
f 11890 1520 4004
f 1428 1520 11890
f 11891 1521 4003
f 1427 1521 11891
f 11892 4352 4007
f 597 4352 11892
f 11893 479 1430
f 4008 479 11893
f 11894 481 1429
f 4009 481 11894
f 11895 4236 4009
f 482 4236 11895
f 11896 4239 4008
f 480 4239 11896
f 11897 614 597
f 4010 614 11897
f 11898 2494 4006
f 1430 2494 11898
f 11899 4214 1489
f 489 4214 11899
f 490 11900 4215
f 11900 1488 4215
f 11901 1867 614
f 4011 1867 11901
f 4012 11902 1866
f 11902 617 1866
f 5440 1870 11903
f 5440 11903 628
f 5439 627 11904
f 5439 11904 1871
f 11905 4218 1487
f 738 4218 11905
f 739 11906 4219
f 11906 1486 4219
f 116 11907 1490
f 11907 4011 1490
f 11908 1493 4012
f 114 1493 11908
f 11982 4013 12055
f 11909 1432 1439
f 4015 11910 1512
f 11910 1432 1512
f 4016 11911 741
f 11911 1431 741
f 1431 11912 1881
f 11912 4014 1881
f 272 11913 11939
f 11913 4014 4023
f 11978 4016 12056
f 11914 598 599
f 12054 4015 12240
f 11915 292 294
f 598 11916 11980
f 11916 4013 4041
f 11917 11844 1424
f 3989 11844 11917
f 11945 1433 11918
f 3999 11918 4017
f 11919 11989 595
f 4018 3992 11919
f 11920 11987 58
f 4017 4042 11920
f 11944 1422 11921
f 3997 11921 4018
f 11942 594 11922
f 4027 11922 4019
f 11923 11988 1433
f 4019 3990 11923
f 11849 1419 11924
f 11849 11924 3992
f 11993 593 11925
f 3990 11925 4020
f 11846 1426 11926
f 11846 11926 3991
f 1423 11927 11949
f 11927 4020 4002
f 232 11928 11966
f 11928 4021 4034
f 4033 4022 11929
f 4033 11929 11965
f 11930 3993 4022
f 11992 3993 11930
f 11931 11991 233
f 4021 3994 11931
f 3981 11932 11819
f 11932 354 11819
f 11820 241 11933
f 11820 11933 3980
f 12098 4025 12360
f 11934 294 295
f 11935 11979 1434
f 4023 4014 11935
f 12012 4024 12099
f 11936 1435 1442
f 4026 12015 11981
f 1434 1431 11937
f 12010 4026 12100
f 11938 599 600
f 272 11939 11974
f 11939 4023 4038
f 4025 12018 11983
f 1435 1439 11940
f 4024 12102 12016
f 599 598 11941
f 12025 594 11942
f 3998 11942 4027
f 1425 11943 11986
f 11943 4027 4019
f 11870 1422 11944
f 11870 11944 3997
f 11872 1433 11945
f 11872 11945 3999
f 12026 1420 11946
f 4001 11946 4028
f 11947 11830 1426
f 3986 11830 11947
f 11948 11827 594
f 3983 11827 11948
f 1423 11949 11879
f 11949 4002 11879
f 11950 12108 56
f 4028 3985 11950
f 11951 5629 472
f 4029 5629 11951
f 1838 4030 11952
f 1838 11952 532
f 11953 4877 4031
f 527 4877 11953
f 11954 1922 4030
f 734 1922 11954
f 1839 4031 11955
f 1839 11955 1436
f 5283 1837 11956
f 5283 11956 751
f 11957 1925 4029
f 1436 1925 11957
f 11958 5450 272
f 4032 5450 11958
f 5449 1594 11959
f 5449 11959 4032
f 11960 5446 1872
f 4538 5446 11960
f 11961 5448 611
f 4540 5448 11961
f 652 11962 5446
f 11962 4533 5446
f 11963 5447 740
f 4534 5447 11963
f 11964 5449 2512
f 4536 5449 11964
f 11965 4044 4033
f 11997 4044 11965
f 11966 11996 232
f 4034 4043 11966
f 11967 12024 234
f 4034 4021 11967
f 11968 4022 4033
f 12023 4022 11968
f 4035 12129 12048
f 1438 1445 11969
f 4036 12052 12011
f 1437 1434 11970
f 4036 12130 12044
f 600 601 11971
f 4037 12429 12132
f 295 297 11972
f 4035 12133 12053
f 600 599 11973
f 11974 12006 272
f 4038 4046 11974
f 4037 12050 12008
f 1438 1442 11975
f 11976 12009 1437
f 4038 4023 11976
f 11977 12054 294
f 4040 4065 11977
f 11978 12056 599
f 4039 4016 11978
f 11979 11912 1434
f 4014 11912 11979
f 12016 598 11980
f 4053 11980 4041
f 12015 1431 11981
f 4026 11981 4039
f 11982 12055 1439
f 4041 4013 11982
f 12018 1439 11983
f 4025 11983 4040
f 11984 7814 339
f 2600 7814 11984
f 3948 11985 11708
f 11985 268 11708
f 1425 11986 11923
f 11986 4019 11923
f 11987 12135 58
f 4042 3991 11987
f 11988 11847 1433
f 3990 11847 11988
f 11989 11850 595
f 3992 11850 11989
f 12059 1423 11990
f 4017 11990 4042
f 11991 11853 233
f 3994 11853 11991
f 11992 11854 3993
f 356 11854 11992
f 11848 593 11993
f 11848 11993 3990
f 4044 11994 4033
f 11994 12032 4033
f 12031 247 11995
f 4034 11995 4043
f 232 11996 12020
f 11996 4043 4055
f 4054 4044 11997
f 4054 11997 12019
f 5018 4045 11998
f 5018 11998 253
f 11999 1863 4045
f 283 1863 11999
f 4048 12444 12159
f 297 289 12000
f 12160 12095 4047
f 600 12001 601
f 12046 1440 12002
f 4038 12002 4046
f 4047 12158 12089
f 1441 1448 12003
f 12093 12047 4049
f 1437 12004 1440
f 4049 12157 12090
f 601 602 12005
f 12006 12036 272
f 4046 4057 12006
f 12096 12043 4048
f 1445 12007 1441
f 12050 1442 12008
f 4037 12008 4050
f 12009 11935 1437
f 4023 11935 12009
f 12010 12100 600
f 4051 4026 12010
f 12052 1434 12011
f 4036 12011 4051
f 12012 12099 1442
f 4052 4024 12012
f 12013 12098 295
f 4050 4078 12013
f 12053 599 12014
f 4064 12014 4052
f 11937 1431 12015
f 11937 12015 4026
f 12102 598 12016
f 4024 12016 4053
f 1435 12017 12057
f 12017 4053 4041
f 11940 1439 12018
f 11940 12018 4025
f 12188 4054 12464
f 12019 313 358
f 239 232 12020
f 239 12465 12187
f 12021 4044 4054
f 12028 4044 12021
f 12022 12027 240
f 4055 4043 12022
f 12023 11930 4022
f 344 11930 12023
f 12024 11931 234
f 4021 11931 12024
f 11869 594 12025
f 11869 12025 3998
f 11877 1420 12026
f 11877 12026 4001
f 12027 11995 240
f 4043 11995 12027
f 12028 11994 4044
f 357 11994 12028
f 12029 7384 4056
f 44 7384 12029
f 4056 12030 6629
f 12030 475 6629
f 11967 247 12031
f 11967 12031 4034
f 4033 12032 11968
f 12032 343 11968
f 618 4309 12033
f 618 12033 624
f 619 4310 12034
f 619 12034 622
f 12192 4058 12463
f 12035 289 290
f 272 12036 12079
f 12036 4057 4071
f 12212 12126 4060
f 601 12037 602
f 12119 4059 12191
f 12038 602 603
f 12127 12092 4058
f 1448 12039 1444
f 12121 4060 12193
f 12040 1444 1451
f 12124 12088 4059
f 1440 12041 1443
f 12086 1443 12042
f 4046 12042 4057
f 1445 12043 12096
f 12043 4062 4048
f 12130 601 12044
f 4036 12044 4061
f 600 12045 12095
f 12045 4063 4077
f 11976 1440 12046
f 11976 12046 4038
f 1437 12047 12093
f 12047 4061 4049
f 12129 1445 12048
f 4035 12048 4063
f 12132 297 12049
f 4088 12049 4062
f 11975 1442 12050
f 11975 12050 4037
f 1438 12051 12097
f 12051 4064 4052
f 11970 1434 12052
f 11970 12052 4036
f 12133 599 12053
f 4035 12053 4064
f 12054 12240 294
f 4065 4015 12054
f 12055 11909 1439
f 4013 11909 12055
f 12056 11914 599
f 4016 11914 12056
f 1435 12057 11982
f 12057 4041 11982
f 12134 1432 12058
f 4040 12058 4065
f 11918 1423 12059
f 11918 12059 4017
f 12060 5461 237
f 272 5461 12060
f 421 430 12061
f 421 12061 12462
f 485 12531 12068
f 479 12062 12063
f 12063 4235 479
f 4066 4235 12063
f 12064 12065 4066
f 482 12529 12074
f 4066 12065 4235
f 12065 482 4235
f 486 12530 12072
f 480 12066 12067
f 12067 4239 480
f 4067 4239 12067
f 12068 12069 4067
f 12531 479 12068
f 4067 12069 4239
f 12069 479 4239
f 483 12528 12076
f 481 12070 12071
f 12071 4234 481
f 4068 4234 12071
f 12072 12073 4068
f 12530 480 12072
f 4068 12073 4234
f 12073 480 4234
f 12529 484 12074
f 482 12074 12075
f 12075 4236 482
f 4069 4236 12075
f 12076 12077 4069
f 12528 481 12076
f 4069 12077 4236
f 12077 481 4236
f 4072 12151 12122
f 1447 1451 12078
f 12079 12110 272
f 4071 4082 12079
f 4070 12227 12148
f 1447 1454 12080
f 4073 12153 12120
f 1446 1443 12081
f 4070 12248 12152
f 603 602 12082
f 4073 12228 12147
f 603 604 12083
f 12084 12118 1446
f 4071 4057 12084
f 4072 12471 12229
f 290 287 12085
f 12002 1443 12086
f 12002 12086 4046
f 12159 289 12087
f 4097 12087 4074
f 1440 12088 12124
f 12088 4076 4059
f 12158 1448 12089
f 4047 12089 4075
f 12157 602 12090
f 4049 12090 4076
f 601 12091 12126
f 12091 4075 4087
f 1448 12092 12127
f 12092 4074 4058
f 1437 12093 12004
f 12093 4049 12004
f 12094 12131 1441
f 4077 4063 12094
f 600 12095 12160
f 12095 4077 4047
f 1445 12096 12007
f 12096 4048 12007
f 1438 12097 12012
f 12097 4052 12012
f 12098 12360 295
f 4078 4025 12098
f 12099 11936 1442
f 4024 11936 12099
f 12100 11938 600
f 4026 11938 12100
f 12161 1435 12101
f 4050 12101 4078
f 11941 598 12102
f 11941 12102 4024
f 12103 4295 1883
f 593 4295 12103
f 1509 1420 12104
f 1509 12104 4293
f 4079 12105 3956
f 12105 275 3956
f 3957 12106 11738
f 12106 1421 11738
f 3987 4079 12107
f 3987 12107 12476
f 12108 11831 56
f 3985 11831 12108
f 12177 12150 4083
f 1454 12109 1450
f 272 12110 12139
f 12110 4082 4090
f 12176 4080 12270
f 12111 1450 1457
f 12178 12146 4081
f 1446 12112 1449
f 12171 4081 12272
f 12113 604 605
f 12320 12179 4080
f 603 12114 604
f 12149 1449 12115
f 4071 12115 4082
f 12271 4083 12473
f 12116 287 288
f 12117 12192 290
f 4085 4110 12117
f 12118 12042 1446
f 4057 12042 12118
f 12119 12191 603
f 4084 4059 12119
f 12153 1443 12120
f 4073 12120 4084
f 12121 12193 1451
f 4086 4060 12121
f 12151 1451 12122
f 4072 12122 4085
f 12152 602 12123
f 4096 12123 4086
f 1440 12124 12041
f 12124 4059 12041
f 12125 12156 1444
f 4087 4075 12125
f 601 12126 12212
f 12126 4087 4060
f 1448 12127 12039
f 12127 4058 12039
f 1438 12128 12222
f 12128 4088 4062
f 11969 1445 12129
f 11969 12129 4035
f 11971 601 12130
f 11971 12130 4036
f 12131 12048 1441
f 4063 12048 12131
f 12429 297 12132
f 4037 12132 4088
f 11973 599 12133
f 11973 12133 4035
f 11983 1432 12134
f 11983 12134 4040
f 12135 11843 58
f 3991 11843 12135
f 4091 12223 12170
f 1453 1457 12136
f 4089 12361 12217
f 1453 1460 12137
f 12138 12175 1452
f 4090 4082 12138
f 12139 12165 272
f 4090 4099 12139
f 4089 12405 12224
f 605 604 12140
f 4092 12225 12173
f 1452 1449 12141
f 4092 12363 12215
f 605 606 12142
f 4091 12474 12362
f 288 296 12143
f 12229 287 12144
f 4123 12144 4093
f 603 12145 12179
f 12145 4095 4105
f 1446 12146 12178
f 12146 4094 4081
f 12228 604 12147
f 4073 12147 4094
f 12227 1454 12148
f 4070 12148 4095
f 12084 1449 12149
f 12084 12149 4071
f 1454 12150 12177
f 12150 4093 4083
f 12078 1451 12151
f 12078 12151 4072
f 12248 602 12152
f 4070 12152 4096
f 12081 1443 12153
f 12081 12153 4073
f 1447 12154 12189
f 12154 4096 4086
f 1441 12155 12268
f 12155 4097 4074
f 12156 12089 1444
f 4075 12089 12156
f 12005 602 12157
f 12005 12157 4049
f 12003 1448 12158
f 12003 12158 4047
f 12444 289 12159
f 4048 12159 4097
f 600 12160 12001
f 12160 4047 12001
f 12008 1435 12161
f 12008 12161 4050
f 12249 12218 4100
f 1460 12162 1456
f 12251 12216 4098
f 1452 12163 1455
f 12242 4098 12402
f 12164 606 607
f 272 12165 12210
f 12165 4099 4118
f 12244 4101 12401
f 12166 1456 1463
f 12425 12252 4101
f 605 12167 606
f 12400 4100 12472
f 12168 296 280
f 12219 1455 12169
f 4090 12169 4099
f 12223 1457 12170
f 4091 12170 4103
f 12171 12272 605
f 4102 4081 12171
f 12224 604 12172
f 4122 12172 4104
f 12225 1449 12173
f 4092 12173 4102
f 12174 12271 288
f 4103 4139 12174
f 12175 12115 1452
f 4082 12115 12175
f 12176 12270 1457
f 4104 4080 12176
f 1454 12177 12109
f 12177 4083 12109
f 1446 12178 12112
f 12178 4081 12112
f 603 12179 12320
f 12179 4105 4080
f 12180 12230 1450
f 4105 4095 12180
f 4106 12220 12203
f 37 35 12181
f 12182 32 34
f 12202 32 12221
f 12183 3975 4106
f 258 3975 12183
f 12184 3974 402
f 4107 3974 12184
f 4108 12198 12197
f 240 230 12185
f 12186 359 357
f 12196 359 12199
f 12187 4055 4108
f 12465 4055 12187
f 12188 12464 358
f 4109 4054 12188
f 1447 12189 12121
f 12189 4086 12121
f 12388 1444 12190
f 4085 12190 4110
f 12191 12038 603
f 4059 12038 12191
f 12192 12463 290
f 4110 4058 12192
f 12193 12040 1451
f 4060 12040 12193
f 4111 12194 360
f 12194 358 360
f 231 239 12195
f 231 12195 4112
f 4111 12196 4109
f 12196 12199 4109
f 12198 230 12197
f 4108 12197 4112
f 12185 230 12198
f 12185 12198 4108
f 4109 12199 12186
f 12199 359 12186
f 4113 12200 433
f 12200 402 433
f 267 258 12201
f 267 12201 4114
f 4113 12202 4107
f 12202 12221 4107
f 12220 35 12203
f 4106 12203 4114
f 12266 4115 12416
f 12204 1459 1466
f 4116 12282 12247
f 1459 1463 12205
f 4115 12430 12283
f 607 606 12206
f 4117 12284 12243
f 1458 1455 12207
f 12261 4117 12417
f 12208 607 608
f 12209 12245 1458
f 4118 4099 12209
f 272 12210 12239
f 12210 4118 4124
f 12419 4116 12466
f 12211 280 281
f 601 12212 12037
f 12212 4060 12037
f 605 12213 12252
f 12213 4120 4131
f 12362 296 12214
f 4174 12214 4119
f 12363 606 12215
f 4092 12215 4121
f 1452 12216 12251
f 12216 4121 4098
f 12361 1460 12217
f 4089 12217 4120
f 1460 12218 12249
f 12218 4119 4100
f 12138 1455 12219
f 12138 12219 4090
f 12181 35 12220
f 12181 12220 4106
f 4107 12221 12182
f 12221 32 12182
f 1438 12222 12043
f 12222 4062 12043
f 12136 1457 12223
f 12136 12223 4091
f 12405 604 12224
f 4089 12224 4122
f 12141 1449 12225
f 12141 12225 4092
f 1453 12226 12269
f 12226 4122 4104
f 12080 1454 12227
f 12080 12227 4070
f 12083 604 12228
f 12083 12228 4073
f 12471 287 12229
f 4072 12229 4123
f 12230 12148 1450
f 4095 12148 12230
f 1447 12231 12428
f 12231 4123 4093
f 4125 12434 12366
f 608 607 12232
f 12233 12263 1461
f 4124 4118 12233
f 4126 12368 12267
f 1462 1466 12234
f 4125 12423 12301
f 1462 1471 12235
f 4127 12367 12264
f 1461 1458 12236
f 4126 12461 12422
f 281 278 12237
f 4127 12424 12299
f 608 609 12238
f 12239 12253 272
f 4124 4133 12239
f 12240 11915 294
f 4015 11915 12240
f 12241 12400 280
f 4130 4182 12241
f 12242 12402 607
f 4128 4098 12242
f 12284 1455 12243
f 4117 12243 4128
f 12244 12401 1463
f 4129 4101 12244
f 12245 12169 1458
f 4099 12169 12245
f 12283 606 12246
f 4144 12246 4129
f 12282 1463 12247
f 4116 12247 4130
f 12082 602 12248
f 12082 12248 4070
f 1460 12249 12162
f 12249 4100 12162
f 12250 12364 1456
f 4131 4120 12250
f 1452 12251 12163
f 12251 4098 12163
f 605 12252 12425
f 12252 4131 4101
f 272 12253 12274
f 12253 4133 4140
f 12343 4132 12408
f 12254 1465 1477
f 12411 4134 12441
f 12255 278 279
f 12386 12296 4134
f 1471 12256 1465
f 12431 12385 4132
f 608 12257 609
f 12384 12300 4135
f 1461 12258 1464
f 12341 4135 12409
f 12259 609 610
f 12297 1464 12260
f 4124 12260 4133
f 12261 12417 608
f 4136 4117 12261
f 12262 12419 281
f 4138 4184 12262
f 12263 12209 1461
f 4118 12209 12263
f 12367 1458 12264
f 4127 12264 4136
f 12366 607 12265
f 4175 12265 4137
f 12266 12416 1466
f 4137 4115 12266
f 12368 1466 12267
f 4126 12267 4138
f 1441 12268 12092
f 12268 4074 12092
f 1453 12269 12176
f 12269 4104 12176
f 12270 12111 1457
f 4080 12111 12270
f 12271 12473 288
f 4139 4083 12271
f 12272 12113 605
f 4081 12113 12272
f 12436 1450 12273
f 4103 12273 4139
f 12274 12307 272
f 4140 4152 12274
f 4141 12426 12394
f 279 276 12275
f 4141 12390 12339
f 1468 1477 12276
f 4143 12427 12392
f 610 609 12277
f 4142 12389 12342
f 1467 1464 12278
f 4142 12395 12353
f 610 612 12279
f 4143 12397 12358
f 1468 1479 12280
f 12281 12344 1467
f 4140 4133 12281
f 12205 1463 12282
f 12205 12282 4116
f 12430 606 12283
f 4115 12283 4144
f 12207 1455 12284
f 12207 12284 4117
f 1459 12285 12399
f 12285 4144 4129
f 5460 4322 12286
f 5460 12286 2512
f 12287 4157 4145
f 12315 12307 4157
f 12288 4169 4146
f 12349 4169 12288
f 12289 4170 4148
f 12352 4170 12289
f 12290 613 611
f 12347 613 12376
f 12291 5464 4322
f 1875 5464 12291
f 12292 1478 1470
f 12350 1478 12378
f 12293 1474 1469
f 12314 1474 12348
f 12294 277 271
f 12377 277 12404
f 12295 1591 1470
f 4147 1591 12295
f 1471 12296 12386
f 12296 4149 4134
f 12233 1464 12297
f 12233 12297 4124
f 608 12298 12385
f 12298 4151 4179
f 12424 609 12299
f 4127 12299 4150
f 1461 12300 12384
f 12300 4150 4135
f 12423 1471 12301
f 4125 12301 4151
f 12422 278 12302
f 4185 12302 4149
f 12326 4154 12335
f 12303 1473 1476
f 12379 12356 4153
f 1479 12304 1473
f 12380 12354 4155
f 1467 12305 1472
f 12359 1472 12306
f 4140 12306 4152
f 272 12307 12315
f 12307 4152 4157
f 4153 12308 12311
f 12308 276 277
f 12321 4155 12338
f 12309 612 613
f 12406 12381 4154
f 610 12310 612
f 4164 4153 12311
f 12322 4164 12337
f 12312 12322 277
f 4158 4161 12312
f 12313 12331 1475
f 4156 4163 12313
f 12314 12324 1474
f 4157 4152 12314
f 272 12315 12287
f 12315 4157 12287
f 12316 12321 613
f 4159 4160 12316
f 1474 12317 1469
f 12372 12349 1469
f 4156 12333 12329
f 613 612 12318
f 1475 12319 1478
f 12371 12351 1478
f 603 12320 12114
f 12320 4080 12114
f 12321 12338 613
f 4160 4155 12321
f 12322 12337 277
f 4161 4164 12322
f 12329 612 12323
f 4163 12323 4162
f 12324 12306 1474
f 4152 12306 12324
f 12330 1472 12325
f 4159 12325 4160
f 12326 12335 1476
f 4162 4154 12326
f 12332 1476 12327
f 4158 12327 4161
f 4161 12328 4164
f 12328 12334 4164
f 12333 612 12329
f 4156 12329 4163
f 12317 1472 12330
f 12317 12330 4159
f 1475 12331 12336
f 12331 4163 4162
f 12319 1476 12332
f 12319 12332 4158
f 12318 612 12333
f 12318 12333 4156
f 12334 12304 4164
f 1473 12304 12334
f 12335 12303 1476
f 4154 12303 12335
f 1475 12336 12326
f 12336 4162 12326
f 12337 12311 277
f 4164 12311 12337
f 12338 12309 613
f 4155 12309 12338
f 12390 1477 12339
f 4141 12339 4165
f 12392 609 12340
f 4180 12340 4167
f 12341 12409 610
f 4166 4135 12341
f 12389 1464 12342
f 4142 12342 4166
f 12343 12408 1477
f 4167 4132 12343
f 12344 12260 1467
f 4133 12260 12344
f 12345 12411 279
f 4165 4183 12345
f 4168 12346 4177
f 12346 12377 4177
f 4169 12347 4146
f 12347 12376 4146
f 4145 12348 12293
f 12348 1474 12293
f 4159 4169 12349
f 4159 12349 12372
f 4170 12350 4148
f 12350 12378 4148
f 4158 4168 12351
f 4158 12351 12371
f 4176 4170 12352
f 4176 12352 12370
f 12395 612 12353
f 4142 12353 4171
f 1467 12354 12380
f 12354 4171 4155
f 610 12355 12381
f 12355 4173 4178
f 1479 12356 12379
f 12356 4172 4153
f 12394 276 12357
f 4181 12357 4172
f 12397 1479 12358
f 4143 12358 4173
f 12281 1472 12359
f 12281 12359 4140
f 12360 11934 295
f 4025 11934 12360
f 12137 1460 12361
f 12137 12361 4089
f 12474 296 12362
f 4091 12362 4174
f 12142 606 12363
f 12142 12363 4092
f 12364 12217 1456
f 4120 12217 12364
f 1453 12365 12440
f 12365 4174 4119
f 12434 607 12366
f 4125 12366 4175
f 12236 1458 12367
f 12236 12367 4127
f 12234 1466 12368
f 12234 12368 4126
f 1462 12369 12415
f 12369 4175 4137
f 4156 4176 12370
f 4156 12370 12387
f 12319 4158 12371
f 12319 12371 1478
f 12317 4159 12372
f 12317 12372 1469
f 12373 4170 4176
f 12374 4170 12373
f 12374 12350 4170
f 1475 12350 12374
f 4168 4177 12375
f 4168 12375 12393
f 4146 12376 12290
f 12376 613 12290
f 4177 12377 4147
f 12377 12404 4147
f 4148 12378 12292
f 12378 1478 12292
f 1479 12379 12304
f 12379 4153 12304
f 1467 12380 12305
f 12380 4155 12305
f 610 12381 12406
f 12381 4178 4154
f 12382 12396 1473
f 4178 4173 12382
f 12383 12421 1465
f 4179 4151 12383
f 1461 12384 12258
f 12384 4135 12258
f 608 12385 12431
f 12385 4179 4132
f 1471 12386 12256
f 12386 4134 12256
f 12318 4156 12387
f 12318 12387 611
f 12122 1444 12388
f 12122 12388 4085
f 12278 1464 12389
f 12278 12389 4142
f 12276 1477 12390
f 12276 12390 4141
f 1468 12391 12410
f 12391 4180 4167
f 12427 609 12392
f 4143 12392 4180
f 12351 4168 12393
f 12351 12393 1470
f 12426 276 12394
f 4141 12394 4181
f 12279 612 12395
f 12279 12395 4142
f 12396 12358 1473
f 4173 12358 12396
f 12280 1479 12397
f 12280 12397 4143
f 1468 12398 12414
f 12398 4181 4172
f 1459 12399 12244
f 12399 4129 12244
f 12400 12472 280
f 4182 4100 12400
f 12401 12166 1463
f 4101 12166 12401
f 12402 12164 607
f 4098 12164 12402
f 12443 1456 12403
f 4130 12403 4182
f 4147 12404 12294
f 12404 277 12294
f 12140 604 12405
f 12140 12405 4089
f 610 12406 12310
f 12406 4154 12310
f 12433 1465 12407
f 4165 12407 4183
f 12408 12254 1477
f 4132 12254 12408
f 12409 12259 610
f 4135 12259 12409
f 1468 12410 12343
f 12410 4167 12343
f 12411 12441 279
f 4183 4134 12411
f 1512 1432 12412
f 1512 12412 4323
f 598 12413 4319
f 12413 1880 4319
f 1468 12414 12356
f 12414 4172 12356
f 1462 12415 12266
f 12415 4137 12266
f 12416 12204 1466
f 4115 12204 12416
f 12417 12208 608
f 4117 12208 12417
f 12442 1459 12418
f 4138 12418 4184
f 12419 12466 281
f 4184 4116 12419
f 1462 12420 12439
f 12420 4185 4149
f 12421 12301 1465
f 4151 12301 12421
f 12461 278 12422
f 4126 12422 4185
f 12235 1471 12423
f 12235 12423 4125
f 12238 609 12424
f 12238 12424 4127
f 605 12425 12167
f 12425 4101 12167
f 12275 276 12426
f 12275 12426 4141
f 12277 609 12427
f 12277 12427 4143
f 1447 12428 12150
f 12428 4093 12150
f 11972 297 12429
f 11972 12429 4037
f 12206 606 12430
f 12206 12430 4115
f 608 12431 12257
f 12431 4132 12257
f 11720 273 12432
f 11720 12432 3952
f 12339 1465 12433
f 12339 12433 4165
f 12232 607 12434
f 12232 12434 4125
f 12435 409 345
f 371 409 12435
f 12170 1450 12436
f 12170 12436 4103
f 12437 7329 172
f 2492 7329 12437
f 12438 4549 61
f 1596 4549 12438
f 1462 12439 12296
f 12439 4149 12296
f 1453 12440 12218
f 12440 4119 12218
f 12441 12255 279
f 4134 12255 12441
f 12267 1459 12442
f 12267 12442 4138
f 12247 1456 12443
f 12247 12443 4130
f 12000 289 12444
f 12000 12444 4048
f 4188 12445 1912
f 12445 1480 1912
f 12446 1911 1481
f 4189 1911 12446
f 12447 4817 1697
f 745 4817 12447
f 746 12448 4818
f 12448 1696 4818
f 12449 1698 4186
f 529 1698 12449
f 530 12450 1699
f 12450 4187 1699
f 12451 686 4188
f 236 686 12451
f 342 12452 687
f 12452 4189 687
f 4186 12453 1916
f 12453 689 1916
f 12454 1915 688
f 4187 1915 12454
f 1481 12455 1692
f 12455 4191 1692
f 12456 1693 4190
f 1480 1693 12456
f 12457 4820 512
f 4190 4820 12457
f 4191 12458 4819
f 12458 511 4819
f 12459 3995 264
f 4192 3995 12459
f 237 12460 4280
f 12460 4192 4280
f 12237 278 12461
f 12237 12461 4126
f 12462 419 421
f 420 419 12462
f 12463 12035 290
f 4058 12035 12463
f 12464 12019 358
f 4054 12019 12464
f 12465 12020 4055
f 239 12020 12465
f 12466 12211 281
f 4116 12211 12466
f 12467 1836 472
f 4193 1836 12467
f 12468 5280 532
f 527 5280 12468
f 12469 5282 1436
f 733 5282 12469
f 12470 12513 346
f 4193 4206 12470
f 12085 287 12471
f 12085 12471 4072
f 12472 12168 280
f 4100 12168 12472
f 12473 12116 288
f 4083 12116 12473
f 12143 296 12474
f 12143 12474 4091
f 248 12475 252
f 12475 257 252
f 11836 3987 12476
f 11836 12476 1416
f 4542 500 12477
f 4542 12477 4196
f 1598 4195 12478
f 1598 12478 528
f 4543 1597 12479
f 4543 12479 743
f 653 4194 12480
f 653 12480 61
f 12481 1908 4194
f 1482 1908 12481
f 12482 1906 4195
f 654 1906 12482
f 1595 4196 12483
f 1595 12483 1482
f 5421 4197 12484
f 5421 12484 253
f 4197 12485 3988
f 12485 1483 3988
f 4198 12486 4302
f 12486 284 4302
f 1483 12487 1421
f 12487 4198 1421
f 12488 4254 122
f 4199 4254 12488
f 12489 3979 173
f 4199 3979 12489
f 12490 361 359
f 12493 361 12490
f 12491 12492 4201
f 230 228 12491
f 4276 4201 12492
f 4276 12492 228
f 361 12493 4277
f 12493 4200 4277
f 4200 12494 362
f 12494 360 362
f 229 231 12495
f 229 12495 4201
f 12496 4112 4202
f 231 4112 12496
f 12497 4111 360
f 4203 4111 12497
f 12498 12197 230
f 4202 12197 12498
f 12499 12196 4203
f 359 12196 12499
f 1519 4347 12500
f 1519 12500 1429
f 1524 4348 12501
f 1524 12501 1430
f 12502 622 4342
f 617 622 12502
f 12503 624 4343
f 616 624 12503
f 12504 7407 2501
f 373 7407 12504
f 618 624 12505
f 618 12505 4244
f 1498 1572 12506
f 1498 12506 4248
f 1499 1571 12507
f 1499 12507 4249
f 4234 480 12508
f 4234 12508 4205
f 4235 482 12509
f 4235 12509 4204
f 1498 12510 1572
f 12510 4204 1572
f 619 622 12511
f 619 12511 4252
f 1499 12512 1571
f 12512 4205 1571
f 12513 4213 346
f 4206 4213 12513
f 4193 476 12514
f 4193 12514 4206
f 936 1484 12515
f 936 12515 4207
f 12516 4231 4208
f 346 4231 12516
f 12517 397 347
f 4207 397 12517
f 2498 4208 12518
f 2498 12518 1484
f 12519 5547 4209
f 1731 5547 12519
f 5544 4949 12520
f 5544 12520 1898
f 5547 4951 12521
f 5547 12521 3953
f 5546 4954 12522
f 5546 12522 936
f 5548 4209 12523
f 5548 12523 345
f 5549 4953 12524
f 5549 12524 595
f 1874 4210 12525
f 1874 12525 237
f 12526 2665 4210
f 740 2665 12526
f 5465 1876 12527
f 5465 12527 976
f 481 12528 12070
f 12528 483 12070
f 484 12529 12064
f 12529 482 12064
f 480 12530 12066
f 12530 486 12066
f 479 12531 12062
f 12531 485 12062

