# WaveFront *.obj file
# Vertices: 391
# Triangles : 786

v -3.1749999999999995e-01 -2.7509580827642882e-01 -7.8384046258704376e-01
v -3.6635640790425822e-01 -2.7347506240960351e-01 -7.9361399565878044e-01
v -4.0755005534743827e-01 -2.6890319377582739e-01 -8.2128623045031324e-01
v -4.3492954636438635e-01 -2.6214489003560676e-01 -8.6247419810196124e-01
v -4.4449999696591941e-01 -2.5428417473980242e-01 -9.1081350579158782e-01
v -4.3494687183338365e-01 -2.4649819600768116e-01 -9.5916462874192376e-01
v -4.0756538511907664e-01 -2.3992188899679470e-01 -1.0003792747586806e+00
v -3.6636127023303217e-01 -2.3553554125415996e-01 -1.0280649024715440e+00
v -3.1750000000000000e-01 -2.3399275356960914e-01 -1.0378404625870443e+00
v -2.6863872976696790e-01 -2.3553554125415993e-01 -1.0280649024715438e+00
v -2.2743461488092337e-01 -2.3992188899679470e-01 -1.0003792747586808e+00
v -2.0005312816661627e-01 -2.4649819600768119e-01 -9.5916462874192365e-01
v -1.9050000303408063e-01 -2.5428417473980242e-01 -9.1081350579158793e-01
v -2.0007045363561354e-01 -2.6214489003560665e-01 -8.6247419810196124e-01
v -2.2744994465256180e-01 -2.6890319377582728e-01 -8.2128623045031290e-01
v -2.6864359209574168e-01 -2.7347506240960356e-01 -7.9361399565878044e-01
v -3.1749999999999995e-01 -2.3603997720683376e-01 -7.8384046258704398e-01
v -2.6864145601418216e-01 -2.3441111227423525e-01 -7.9361488643145661e-01
v -2.2744801964527880e-01 -2.2981699748783277e-01 -8.2128816865499610e-01
v -2.0006984772187725e-01 -2.2302727010697637e-01 -8.6247567015956150e-01
v -1.9050000323918995e-01 -2.1513202970681267e-01 -9.1081260942154629e-01
v -2.0005194611747643e-01 -2.0731366889110797e-01 -9.5916175437043216e-01
v -2.2743217797483670e-01 -2.0071117003852981e-01 -1.0003768208400172e+00
v -2.6863643079546523e-01 -1.9630794056200110e-01 -1.0280639436762877e+00
v -3.1750000000000012e-01 -1.9475929798113256e-01 -1.0378404625870443e+00
v -3.6636356920453511e-01 -1.9630794056200113e-01 -1.0280639436762877e+00
v -4.0756782202516340e-01 -2.0071117003852978e-01 -1.0003768208400170e+00
v -4.3494805388252356e-01 -2.0731366889110805e-01 -9.5916175437043216e-01
v -4.4449999676081003e-01 -2.1513202970681267e-01 -9.1081260942154640e-01
v -4.3493015227812271e-01 -2.2302727010697643e-01 -8.6247567015956150e-01
v -4.0755198035472118e-01 -2.2981699748783277e-01 -8.2128816865499621e-01
v -3.6635854398581785e-01 -2.3441111227423528e-01 -7.9361488643145661e-01
v -2.0963423984141474e-01 1.9742544753315321e-02 -3.0733953880151956e+00
v -2.6356063525502615e-01 2.1029239596951688e-02 -3.0874254824017955e+00
v -3.1750000000000012e-01 2.1442163134576472e-02 -3.0919478627714412e+00
v -3.1750000000000012e-01 2.2118736086019854e-02 -3.0919478627714412e+00
v -3.0588019943471617e-01 2.4220452080455424e-02 -3.0917639864479769e+00
v -2.9427485233517459e-01 3.1168329303646214e-02 -3.0911561259553775e+00
v -2.7116933949101696e-01 5.9559087036680412e-02 -3.0886722565048257e+00
v -2.6967735516594210e-01 5.9555680329776352e-02 -3.0884529188866803e+00
v -2.6818642657883673e-01 5.9552163890067074e-02 -3.0882265162251352e+00
v -2.6669658718484601e-01 5.9548537796457239e-02 -3.0879930536004689e+00
v -2.0963423984141472e-01 5.8229344183921221e-02 -3.0733953880151956e+00
v -3.8795450987560975e-01 2.3139066276028783e-02 -3.0838915168918963e+00
v -4.2533976838393578e-01 2.4759952622689346e-02 -3.0728475691888910e+00
v -4.2533976837916843e-01 5.8179701426369620e-02 -3.0728475692161514e+00
v -3.8795450987560975e-01 5.9178588269045207e-02 -3.0838915168918963e+00
v -3.3347578682021722e-01 2.1403688235529829e-02 -3.0915265516436961e+00
v -3.5610494365521606e-01 2.1986637282100915e-02 -3.0895170251384485e+00
v -3.5610494365521606e-01 4.9903337370642536e-02 -3.0895170251384485e+00
v -3.3959876503166403e-01 3.1296566852484171e-02 -3.0911449066236170e+00
v -3.2926390076684048e-01 2.4737865824203020e-02 -3.0917187186110464e+00
v -3.6684581547924161e-01 5.9548537796457246e-02 -3.0879930536004689e+00
v -3.6535814224455448e-01 5.9552163899161278e-02 -3.0882265168106575e+00
v -3.6386937814094306e-01 5.9555680338951492e-02 -3.0884529194774135e+00
v -3.6237955667777300e-01 5.9559087036680412e-02 -3.0886722565048257e+00
v -2.0952982513571633e-01 1.9687807375760254e-02 -3.0727998809336698e+00
v -1.8578011030426006e-01 6.5432125594130502e-03 -2.9331979046905317e+00
v -1.4284130424744854e-01 -2.1456684015997984e-02 -2.6555680819987302e+00
v -1.0549112653342374e-01 -5.2001031187292712e-02 -2.3773307723319999e+00
v -7.3728862850239260e-02 -8.5084064836972270e-02 -2.0986591471108156e+00
v -4.7553798885948406e-02 -1.2070002084753612e-01 -1.8197263777556443e+00
v -2.6965220328604423e-02 -1.5884313510148385e-01 -1.5407056356869537e+00
v -1.1962264280053840e-02 -1.9950753027532875e-01 -1.2617700739424937e+00
v -2.5267229873335564e-03 -2.4267394508292395e-01 -9.8309116226291215e-01
v 1.3738752956709011e-03 -2.8831172042337821e-01 -7.0484005588857279e-01
v -2.5208542417154223e-01 -2.8831172042496483e-01 -7.0484005587767973e-01
v -3.8016683187598044e-01 -2.8831172046674242e-01 -7.0484005559021445e-01
v -6.3362612470432922e-01 -2.8831172042337821e-01 -7.0484005588857357e-01
v -6.3362612470432900e-01 -2.7973400606760018e-01 -7.5597480893771629e-01
v -6.3362612470432900e-01 -2.7123994301590054e-01 -8.0712352393467379e-01
v -6.3362612470432900e-01 -2.6282955399358848e-01 -8.5828606403443342e-01
v -6.2690224972764375e-01 -2.1881872143974188e-01 -1.1350663972085187e+00
v -6.1468846407638511e-01 -1.7726450270476710e-01 -1.4121789530818563e+00
v -5.9695554609402746e-01 -1.3819475313426119e-01 -1.6894557806903008e+00
v -5.7369897227383582e-01 -1.0161811461983861e-01 -1.9667270476550913e+00
v -5.4491812956380470e-01 -6.7540218859412138e-02 -2.2438225398278040e+00
v -5.1061240491192950e-01 -3.5966697550894697e-02 -2.5205720430600165e+00
v -4.7078118526620488e-01 -6.9031823921992816e-03 -2.7968053432033062e+00
v -4.2542334845900170e-01 1.9648250506287983e-02 -3.0723696046209512e+00
v -3.8785063413301379e-01 2.0685684993156879e-02 -3.0836735279609240e+00
v -3.5608543692454259e-01 2.1212793669076649e-02 -3.0894359255785702e+00
v -3.1749999999999762e-01 -1.9692162017918239e-02 -2.6723188997626317e+00
v -2.7731804958713246e-01 -1.8854449477390171e-02 -2.6803262325609447e+00
v -2.4332487945147560e-01 -1.6485494361574392e-02 -2.7030778859271845e+00
v -2.2068665187259268e-01 -1.2981099770997033e-02 -2.7370324760221889e+00
v -2.1274696463800941e-01 -8.9038089474361096e-03 -2.7769950144934610e+00
v -2.2068901937384955e-01 -4.8763125263134068e-03 -2.8169710906036496e+00
v -2.4336486660168427e-01 -1.4995340164873161e-03 -2.8508813285322896e+00
v -2.7734673865267390e-01 7.4703709668299265e-04 -2.8736520532436653e+00
v -3.1748794807085545e-01 1.5302155215196078e-03 -2.8816245789331800e+00
v -3.5766590670281551e-01 7.4457349330744643e-04 -2.8736220672732307e+00
v -3.9162705925761365e-01 -1.4977705428525726e-03 -2.8509047615076923e+00
v -4.1421982884161673e-01 -4.8823122710272707e-03 -2.8169180689856432e+00
v -4.2225198352620535e-01 -8.9026825645219416e-03 -2.7770057596835533e+00
v -4.1407961186623643e-01 -1.2973659480443404e-02 -2.7371276531726609e+00
v -3.9161801430960758e-01 -1.6483387076202838e-02 -2.7031035035180802e+00
v -3.5766679786184513e-01 -1.8850314887267662e-02 -2.6803630984139706e+00
v -1.8578011030425939e-01 4.5203075397875436e-02 -2.9331979046905339e+00
v -1.4283521771346383e-01 1.7489233610473772e-02 -2.6555276720293732e+00
v -1.0548137862898109e-01 -1.2838226634797459e-02 -2.3772590587242637e+00
v -7.3717731918909984e-02 -4.5774135513946893e-02 -2.0985664780788462e+00
v -4.7543416451349477e-02 -8.1313323202982818e-02 -1.8196243433967609e+00
v -2.6957571094398683e-02 -1.1945061987791349e-01 -1.5406070679816486e+00
v -1.1958764755548371e-02 -1.6018041479660700e-01 -1.2616889911568008e+00
v -2.5256458016236212e-03 -2.0348146571522407e-01 -9.8304248123089610e-01
v 1.3738752956708542e-03 -2.4932366855090859e-01 -7.0484005588857301e-01
v -2.0952982513571633e-01 5.8175379498415218e-02 -3.0727998809336698e+00
v -3.1749999999999773e-01 2.1595901598288947e-02 -2.6950728627714415e+00
v -3.4793736147455773e-01 2.2220633918008437e-02 -2.7011405831376041e+00
v -3.7368666237555082e-01 2.3989124449613097e-02 -2.7183814025852127e+00
v -3.9085653735753889e-01 2.6612004853575538e-02 -2.7441294082447234e+00
v -3.9687499970453205e-01 2.9671789917764285e-02 -2.7744412134457597e+00
v -3.9086081013226870e-01 3.2701601018244549e-02 -2.8047559759450746e+00
v -3.7369040677027110e-01 3.5251867046532770e-02 -2.8305105700518234e+00
v -3.4793854038699168e-01 3.6947200259727336e-02 -2.8477546528652447e+00
v -3.1749999999999778e-01 3.7541461168075330e-02 -2.8538228627714410e+00
v -2.8706145961300389e-01 3.6947200259727336e-02 -2.8477546528652451e+00
v -2.6130959322972447e-01 3.5251867046532784e-02 -2.8305105700518234e+00
v -2.4413918986772676e-01 3.2701601018244555e-02 -2.8047559759450746e+00
v -2.3812500029546338e-01 2.9671789917764296e-02 -2.7744412134457597e+00
v -2.4414346264245637e-01 2.6612004853575510e-02 -2.7441294082447238e+00
v -2.6131333762444470e-01 2.3989124449613101e-02 -2.7183814025852127e+00
v -2.8706263852543767e-01 2.2220633918008433e-02 -2.7011405831376050e+00
v -4.7072034312057004e-01 3.1945805521346370e-02 -2.7971929488336613e+00
v -5.1057107643992583e-01 3.1303322349029508e-03 -2.5208702057507759e+00
v -5.4489270638712206e-01 -2.8264050993155251e-02 -2.2440405013420293e+00
v -5.7368560844595617e-01 -6.2232602145384300e-02 -1.9668753374648076e+00
v -5.9695015810022656e-01 -9.8770579204341971e-02 -1.6895462159764827e+00
v -6.1468673083373160e-01 -1.3787324015258631e-01 -1.4122246387344264e+00
v -6.2690168842674199e-01 -1.7953115829439581e-01 -1.1350815292364560e+00
v -6.3362612470432889e-01 -2.2371530520671978e-01 -8.5828606403472241e-01
v -6.3362612470432889e-01 -2.3245999066437037e-01 -8.0534869444470669e-01
v -6.3362612470432889e-01 -2.4129683327705087e-01 -7.5242663065745607e-01
v -6.3362612470432922e-01 -2.5022580625580831e-01 -6.9952003310660460e-01
v -5.6668798374863638e-01 -2.4842986319553645e-01 -7.1011652367675548e-01
v -4.4180582534455348e-01 -2.4593078369004179e-01 -7.2489676278815973e-01
v -3.1612612258738204e-01 -2.4509648697890113e-01 -7.2984398056529654e-01
v -1.9044642194707578e-01 -2.4593078370408156e-01 -7.2489676270490699e-01
v -6.5564265659865950e-02 -2.4842986319552879e-01 -7.1011652367674560e-01
v 1.3738752956760081e-03 -2.5022580625580965e-01 -6.9952003310661892e-01
v -6.3362612470432922e-01 -2.8713481481908182e-01 -6.8231583993426748e-01
v -6.3362612470432922e-01 -2.7742074140801276e-01 -6.6195995162346155e-01
v -6.3362612470432922e-01 -2.6065097760999661e-01 -6.4687683413017205e-01
v -6.3362612470433255e-01 -7.1618883790981525e-02 -5.3459785569515927e-01
v -6.3362612470433255e-01 -1.7912842421003994e-02 -5.2989918591243179e-01
v -6.3362612470432922e-01 -1.7679295969018904e-02 -5.3256863407374622e-01
v -6.3362612470430169e-01 -2.3205107657775503e-01 -6.5985328285026201e-01
v -6.3362612470433444e-01 -2.4097700597840249e-01 -6.6720364808921206e-01
v -6.3362612470432245e-01 -2.4728772922764158e-01 -6.7687671501655033e-01
v -6.3362612470432300e-01 -2.5045418645149647e-01 -6.8798072054887915e-01
v 1.3738752956617621e-03 -2.5045049447966133e-01 -6.8795227038711171e-01
v 1.3738752956622808e-03 -2.4727208282445340e-01 -6.7684241369775888e-01
v 1.3738752956479854e-03 -2.4095599996275446e-01 -6.6718016538667890e-01
v 1.3738752956483635e-03 -2.3205107657775537e-01 -6.5985328285026035e-01
v 1.3738752956709011e-03 -1.7679295969018904e-02 -5.3256863407374622e-01
v 1.3738752956742317e-03 -1.7912842421003994e-02 -5.2989918591243090e-01
v 1.3738752956709011e-03 -7.1618883790981969e-02 -5.3459785569515927e-01
v 1.3738752956709011e-03 -2.6065097760999661e-01 -6.4687683413017216e-01
v 1.3738752956709047e-03 -2.7742074140801276e-01 -6.6195995162346166e-01
v 1.3738752956709021e-03 -2.8713481481908182e-01 -6.8231583993426759e-01
v -3.1749999999999762e-01 -1.5491285096783538e-02 -2.6838713683823889e+00
v -3.1749999999999762e-01 -6.3575998716622470e-03 -2.6920983175329183e+00
v -3.1749999999999767e-01 5.5696369726773538e-03 -2.6950728627714415e+00
v -2.8705912847509968e-01 6.4080207623502571e-03 -2.7011438847254730e+00
v -2.6130672685717804e-01 8.7788740938652583e-03 -2.7183937968442837e+00
v -2.4415655444893344e-01 1.2286076714355474e-02 -2.7441375828338406e+00
v -2.3814163987727935e-01 1.6366634622800837e-02 -2.7744364919099125e+00
v -2.4415834801049149e-01 2.0397358229142674e-02 -2.8047456649908833e+00
v -2.6133702015279064e-01 2.3776842511626414e-02 -2.8304558239310222e+00
v -2.8708086261566190e-01 2.6025213775642854e-02 -2.8477201956155738e+00
v -3.1749086975064772e-01 2.6809019752082767e-02 -2.8537648274186029e+00
v -3.4792871719910201e-01 2.6022748198210918e-02 -2.8476974607687264e+00
v -3.7365686307394896e-01 2.3778607398311596e-02 -2.8304735904097860e+00
v -3.9077259760728467e-01 2.0391353676904363e-02 -2.8047054649123973e+00
v -3.9685756327742783e-01 1.6367761908272365e-02 -2.7744446387281592e+00
v -3.9066637262593640e-01 1.2293522966725933e-02 -2.7442097445117164e+00
v -3.7365001084061150e-01 8.7809830677796994e-03 -2.7184132196609259e+00
v -3.4792939231957920e-01 6.4121586654709625e-03 -2.7011718357809258e+00
v -2.2442072376348826e-01 -1.1001224129899099e-02 -2.7467381282007577e+00
v -2.9257818780522177e-01 8.4541072495582757e-04 -2.6984924259833525e+00
v -2.9169230625009618e-01 -5.4413450016003824e-03 -2.6964303220863570e+00
v -2.9035528978595748e-01 -1.0931201518375330e-02 -2.6929000194357884e+00
v -2.8902423151333706e-01 -1.4448033289634586e-02 -2.6891817031376846e+00
v -2.8710661643243507e-01 -1.7610217582554603e-02 -2.6836257002506154e+00
v -2.7016716039165106e-01 2.3570057979091256e-03 -2.7100151253522893e+00
v -2.6851063480354515e-01 -3.9780537491531775e-03 -2.7084001571013099e+00
v -2.6597452034181329e-01 -9.4930687199056528e-03 -2.7054923081472775e+00
v -2.6343413455499803e-01 -1.3006039070004569e-02 -2.7023702573663186e+00
v -2.5976293977908022e-01 -1.6130116099990294e-02 -2.6976552639526301e+00
v -2.5248325051688597e-01 4.6900979218033600e-03 -2.7278814284914779e+00
v -2.5026410819575240e-01 -1.7212006945538337e-03 -2.7269356671650518e+00
v -2.4678764122561708e-01 -7.2757993262754801e-03 -2.7249900990119365e+00
v -2.4327148701566156e-01 -1.0782489799259526e-02 -2.7228041156697631e+00
v -2.3816565423283137e-01 -1.3846301621386965e-02 -2.7194202070713205e+00
v -2.4125097736927550e-01 7.5977672539317585e-03 -2.7502892904964513e+00
v -2.3873405833670422e-01 1.0884602789343906e-03 -2.7501396494650447e+00
v -2.3466828042791232e-01 -4.5168051219659795e-03 -2.7493956035053548e+00
v -2.3050437345955679e-01 -8.0150961061563678e-03 -2.7484041622818833e+00
v -2.1978974575477525e-01 -7.8884773445241901e-03 -2.7768895005251970e+00
v -2.2628663515921643e-01 -4.9908101348231327e-03 -2.7765962528708825e+00
v -2.3070322781648145e-01 -1.5024823332893816e-03 -2.7762431127904414e+00
v -2.3495536350496529e-01 4.1600103934154517e-03 -2.7756698531590214e+00
v -2.3749455199929276e-01 1.0780574306504101e-02 -2.7749996296020494e+00
v -2.4155058790100589e-01 1.3927962636997193e-02 -2.7996278664632963e+00
v -2.3924003246086833e-01 7.1930375189746907e-03 -2.8010510943867728e+00
v -2.3521771050647106e-01 1.4720305181553373e-03 -2.8029283102282045e+00
v -2.3097868265246585e-01 -2.0055969417750305e-03 -2.8046513971721843e+00
v -2.2469992166580774e-01 -4.8120404343412887e-03 -2.8069688685857219e+00
v -2.5294082228245657e-01 1.6741140853058608e-02 -2.8218010230421551e+00
v -2.5105604966231421e-01 9.9002751537742590e-03 -2.8238465536928503e+00
v -2.4764863310126412e-01 4.1253235505032196e-03 -2.8268895304234802e+00
v -2.4400880816558043e-01 6.5799514183397705e-04 -2.8298716085473878e+00
v -2.3858358570502403e-01 -2.0636933647433710e-03 -2.8340733169451253e+00
v -2.7066885841143884e-01 1.8949371135231364e-02 -2.8393187499496020e+00
v -2.6934606211187812e-01 1.2022638807465760e-02 -2.8418149575158327e+00
v -2.6688104790935641e-01 6.2041513081326563e-03 -2.8457725835415202e+00
v -2.6422037175247270e-01 2.7454470126145611e-03 -2.8497679761343546e+00
v -2.6023564145745470e-01 9.2631014467353667e-05 -2.8555036764951658e+00
v -2.9286910284462142e-01 2.0371523415722965e-02 -2.8506550091455094e+00
v -2.9219055751705530e-01 1.3388167305138723e-02 -2.8534228137385744e+00
v -2.9089674707155683e-01 7.5410598530642851e-03 -2.8579691741930331e+00
v -2.8948953166889385e-01 4.0881745518167442e-03 -2.8626294094981160e+00
v -2.8737472478460852e-01 1.4808602112455780e-03 -2.8693799800139743e+00
v -3.4212242150821848e-01 2.0364141620979125e-02 -2.8505912358046230e+00
v -3.4280148918879677e-01 1.3381202465199551e-02 -2.8533593966526545e+00
v -3.4409498547182327e-01 7.5342975136169360e-03 -2.8579027529327208e+00
v -3.4550138108208223e-01 4.0813571977964579e-03 -2.8625584001492648e+00
v -3.4761462914253377e-01 1.4737000224177774e-03 -2.8693011821394276e+00
v -3.1747834264216396e-01 1.9509184418661221e-03 -2.8740866827586204e+00
v -3.1748055606494308e-01 4.5427026843895841e-03 -2.8669895606447415e+00
v -3.1748184421438669e-01 7.9935891233035815e-03 -2.8621028893429146e+00
v -3.1748265452137547e-01 1.3850449761812229e-02 -2.8573572285153515e+00
v -3.1748249197018497e-01 2.0853120967294126e-02 -2.8544994746223384e+00
v -3.6437998749128975e-01 1.8957448160141468e-02 -2.8393844071335197e+00
v -3.6570141172195481e-01 1.2030371668205527e-02 -2.8418819262608652e+00
v -3.6816855395237630e-01 6.2117113307780976e-03 -2.8458429492595219e+00
v -3.7083324898024189e-01 2.7530440907620260e-03 -2.8498423294427528e+00
v -3.7482517664467618e-01 1.0050576207806198e-04 -2.8555842097528168e+00
v -3.8197461877596067e-01 1.6734220864967363e-02 -2.8217520902439501e+00
v -3.8385951521044120e-01 9.8934688563795496e-03 -2.8237939202211022e+00
v -3.8726282490950337e-01 4.1185858165212266e-03 -2.8268339239634122e+00
v -3.9089667110128734e-01 6.5126207705839319e-04 -2.8298142581493479e+00
v -3.9631189479145157e-01 -2.0705073507672964e-03 -2.8340143676192193e+00
v -3.9342026265321528e-01 1.3924640738666777e-02 -2.7996027810454711e+00
v -3.9573138521190626e-01 7.1898063408034323e-03 -2.8010247136366888e+00
v -3.9975237840828587e-01 1.4688482592130347e-03 -2.8029004922507497e+00
v -4.0398910984435527e-01 -2.0087840283212815e-03 -2.8046224069234897e+00
v -4.1026384556367279e-01 -4.8152975670484486e-03 -2.8069383893328910e+00
v -3.9357755101314640e-01 7.6037761090412418e-03 -2.7503487599768284e+00
v -3.9608471270450274e-01 1.0940008955950611e-03 -2.7501975402702676e+00
v -4.0014073987628512e-01 -4.5114882850198386e-03 -2.7494562746213020e+00
v -4.0429716854524933e-01 -8.0097118949895418e-03 -2.7484697904114084e+00
v -4.1037168891351389e-01 -1.0995451168512912e-02 -2.7468124770612765e+00
v -4.1520856880107310e-01 -7.8863883318593293e-03 -2.7769095896916594e+00
v -4.0871117953139602e-01 -4.9887747778722758e-03 -2.7766151748456283e+00
v -4.0429440942512823e-01 -1.5004521280618938e-03 -2.7762611891673790e+00
v -4.0004243143569412e-01 4.1620763775239867e-03 -2.7756870169704762e+00
v -3.9750385562088325e-01 1.0782708565702548e-02 -2.7750161149602826e+00
v -3.8237709425607852e-01 4.6963106714453294e-03 -2.7279390014416864e+00
v -3.8458793282518722e-01 -1.7153889340744029e-03 -2.7269926605728365e+00
v -3.8805642550318814e-01 -7.2701818795098024e-03 -2.7250499055379276e+00
v -3.9156666621399128e-01 -1.0776818617335692e-02 -2.7228682724965485e+00
v -3.9666546915979267e-01 -1.3840300068122983e-02 -2.7194917443443334e+00
v -3.6483509963594218e-01 2.3565844099985309e-03 -2.7100118990321667e+00
v -3.6649181107783896e-01 -3.9784617970428163e-03 -2.7083968002652865e+00
v -3.6902805922948040e-01 -9.4934697909311496e-03 -2.7054887748078444e+00
v -3.7156851509911754e-01 -1.3006441166546326e-02 -2.7023665586022259e+00
v -3.7523976510374424e-01 -1.6130528695719511e-02 -2.6976513349721327e+00
v -3.4240853024102647e-01 8.4998505368377719e-04 -2.6985253864852550e+00
v -3.4329342253392897e-01 -5.4368769993639104e-03 -2.6964651347506496e+00
v -3.4462967152126356e-01 -1.0926791859061952e-02 -2.6929366818755822e+00
v -3.4596027241107080e-01 -1.4443619539530585e-02 -2.6892197975446446e+00
v -3.4787744982991375e-01 -1.7605722795158714e-02 -2.6836655568733812e+00
v -6.2310602285173411e-01 -7.5892994203655362e-02 -5.3713653968875053e-01
v -6.1652342584275643e-01 -7.7221582278097500e-02 -5.3856869949770558e-01
v -4.6703724237104921e-01 -7.5308254275089193e-02 -5.6043813863173564e-01
v -3.1612612470432921e-01 -7.4668464598674211e-02 -5.6775096809592540e-01
v -1.6521500703760925e-01 -7.5308254275089220e-02 -5.6043813863173531e-01
v -1.5728823565902217e-02 -7.7221582278097056e-02 -5.3856869949770569e-01
v -9.1462265569245416e-03 -7.5892994203655029e-02 -5.3713653968875064e-01
v 8.3911534774101879e-04 -1.7903129105878070e-02 -5.3001020961235457e-01
v -1.2354565404806284e-03 -1.7865608485817253e-02 -5.3043907226208020e-01
v -7.1435379271725039e-02 -1.6746082977143896e-02 -5.4323530738048720e-01
v -1.9339785089517755e-01 -1.5480319272045073e-02 -5.5770305273270326e-01
v -3.1612612470432927e-01 -1.5057518637234091e-02 -5.6253568610223337e-01
v -4.3885439851348085e-01 -1.5480319272045070e-02 -5.5770305273270315e-01
v -5.6081687013693338e-01 -1.6746082977143875e-02 -5.4323530738048720e-01
v -6.3101679229093965e-01 -1.7865608475413075e-02 -5.3043907238100052e-01
v -6.3309136475639971e-01 -1.7903129105878067e-02 -5.3001020961235457e-01
v -5.6701444266742895e-01 -2.6065097760999684e-01 -6.4687683413017205e-01
v -5.9592617800967163e-01 -1.7290897070103120e-01 -5.9476090660408376e-01
v -5.6548410503125934e-01 -2.6022569104467796e-01 -6.4666941696274538e-01
v -5.6395736870051039e-01 -2.5976172305056061e-01 -6.4652929665205905e-01
v -5.6243782650574026e-01 -2.5926016547196212e-01 -6.4645680293974861e-01
v -5.9032887435697146e-01 -1.7275702446113078e-01 -5.9518637617752912e-01
v -6.0063163199638381e-01 -1.5036087799932832e-01 -5.8143434334309241e-01
v -5.9981157929115381e-01 -1.5015276258962737e-01 -5.8138125403659668e-01
v -5.9794237424362173e-01 -1.4963647055532392e-01 -5.8133081949462373e-01
v -5.6155232687346823e-01 -2.6071346824311964e-01 -6.4737745395435198e-01
v -5.6018362196340932e-01 -2.6184847081965146e-01 -6.4820264436108532e-01
v -5.5681814640083394e-01 -2.6349449808597480e-01 -6.4961200345790526e-01
v -5.4964043356054071e-01 -2.6566827615800154e-01 -6.5187327581130416e-01
v -5.3456137972778961e-01 -2.6814954630685112e-01 -6.5539224743652058e-01
v -5.0373843097239002e-01 -2.7039674279052844e-01 -6.6060413303465237e-01
v -4.4140739191115369e-01 -2.7139848781973480e-01 -6.6736332430330259e-01
v -3.1612633381640798e-01 -2.7093787921577789e-01 -6.7210926911153468e-01
v -1.9084125423108769e-01 -2.7138626955260309e-01 -6.6735670890093224e-01
v -1.2855469867181887e-01 -2.7037135655301703e-01 -6.6059580196155743e-01
v -9.7706779365309429e-02 -2.6810996974549478e-01 -6.5537357285568498e-01
v -8.2635378382458824e-02 -2.6564383319937440e-01 -6.5186391077137718e-01
v -7.5428997967551800e-02 -2.6349175582195095e-01 -6.4960974255461568e-01
v -7.2125564312164686e-02 -2.6182484069785295e-01 -6.4819921962292060e-01
v -7.0745449040623923e-02 -2.6069949328798492e-01 -6.4737731841594770e-01
v -6.9814422902918283e-02 -2.5926016547196179e-01 -6.4645680293974783e-01
v -4.1923232081885371e-02 -1.7275781795651649e-01 -5.9518685127161164e-01
v -6.8294880708148070e-02 -2.5976172305056022e-01 -6.4652929665205761e-01
v -6.6768144377399058e-02 -2.6022569104467758e-01 -6.4666941696274383e-01
v -6.5237806741229476e-02 -2.6065097760999617e-01 -6.4687683413017127e-01
v -3.6326071398986415e-02 -1.7290897070103048e-01 -5.9476090660408332e-01
v -4.3243814601985869e-02 -1.8002434525461497e-01 -5.9935171150035804e-01
v -4.1448913058493922e-02 -1.8053741632329154e-01 -5.9941882322773543e-01
v -4.0661621420469529e-02 -1.8074541545511374e-01 -5.9947696130191186e-01
v -6.7932250870222574e-02 -2.4788918064861640e-01 -6.9508631329295711e-01
v -6.9922093640003707e-02 -2.4143603670393554e-01 -6.8144064091176881e-01
v -7.1216036916491254e-02 -2.3010093087219563e-01 -6.7135857751509809e-01
v -5.6431999853830861e-01 -2.4788918064862075e-01 -6.9508631329296500e-01
v -5.6233015576855150e-01 -2.4143603670394015e-01 -6.8144064091177625e-01
v -5.6103621249208080e-01 -2.3010093087219768e-01 -6.7135857751511385e-01
v -4.3897094487898458e-01 -2.2776000870548352e-01 -6.8588551928422858e-01
v -3.1612612263513268e-01 -2.2697863997394707e-01 -6.9074797550752498e-01
v -1.9328130246039713e-01 -2.2776000871863242e-01 -6.8588551920240248e-01
v -1.9542265805610595e-01 -2.4638202709802234e-01 -7.1780002754792926e-01
v -1.9625380343100560e-01 -2.4431223856126341e-01 -7.0652776072519397e-01
v -1.9695738556024814e-01 -2.3896637835211751e-01 -6.9637893477325108e-01
v -1.9714706332635973e-01 -2.3659916516346935e-01 -6.9348661323858218e-01
v -3.2491905594584247e-01 -2.4561211794442803e-01 -7.2236738131211331e-01
v -3.2485853259244013e-01 -2.4355160261532810e-01 -7.1107397441111786e-01
v -3.2480728027532269e-01 -2.3822001593199260e-01 -7.0090564352389428e-01
v -3.2479345700162826e-01 -2.3585816812639263e-01 -6.9800733992027297e-01
v -4.4559451924330495e-01 -2.4649871236144580e-01 -7.1710853163866273e-01
v -4.4470296819393612e-01 -2.4442751828774142e-01 -7.0583946904295214e-01
v -4.4394829123770518e-01 -2.3907949665424319e-01 -6.9569359664697461e-01
v -4.4374485265680635e-01 -2.3671147140631829e-01 -6.9280218007186112e-01
v -5.6103621249216384e-01 -1.6626118344054586e-02 -5.4460650941118516e-01
v -3.9803159216764056e-01 -1.5055980737345069e-02 -5.6255326437840392e-01
v -2.3422065724101754e-01 -1.5055980737345072e-02 -5.6255326437840392e-01
v -7.1216036916494474e-02 -1.6626118344054586e-02 -5.4460650941118516e-01
v -1.5664114969217829e-01 -2.8846357423946778e-01 -6.8934873485185999e-01
v -1.0925523086088360e-01 -2.8456138825421251e-01 -6.7454084788545288e-01
v -8.5905933981062124e-02 -2.7886946209638624e-01 -6.6398814902511627e-01
v -7.4564917669165259e-02 -2.7333268635275271e-01 -6.5707594071209274e-01
v -6.9220555657468347e-02 -2.6875729415193372e-01 -6.5269401567776153e-01
v -5.6304339005746085e-01 -2.6878670526497545e-01 -6.5270520673890320e-01
v -5.5770479264352946e-01 -2.7338473578642630e-01 -6.5709728833869574e-01
v -5.4635541692085321e-01 -2.7886960323928300e-01 -6.6398511927980031e-01
v -5.2303407830607496e-01 -2.8475605695677725e-01 -6.7463177030434263e-01
v -4.7562053657966907e-01 -2.8849634098920413e-01 -6.8936361007075231e-01
v -1.4865446866802060e-01 -2.8472819035273644e-01 -6.7702598301927930e-01
v -2.0853547453474544e-01 -2.8692369616068020e-01 -6.8667658364641393e-01
v -1.5015095255961991e-01 -2.7488365879822640e-01 -6.6580320989110731e-01
v -3.2703316293264212e-01 -2.8738561387766220e-01 -6.9290645319316213e-01
v -3.2699902575505357e-01 -2.8523935780308041e-01 -6.8700065697465584e-01
v -3.2693873289050185e-01 -2.7618553221621128e-01 -6.7555281286468161e-01
v -4.4436704511906999e-01 -2.7584964278212459e-01 -6.6998339613915303e-01
v -4.4512191672858697e-01 -2.8409839987270369e-01 -6.7906484244073162e-01
v -4.4551051193488750e-01 -2.8647815862466330e-01 -6.8376564052757838e-01
v -2.0886258821634898e-01 -2.8459308941361605e-01 -6.8159304290283818e-01
v -2.0948084824580893e-01 -2.7606019996302533e-01 -6.7177006018372853e-01
v -1.4914514159923334e-01 -2.8234153583115029e-01 -6.7320467503919068e-01
v -1.7590070987643489e-01 -2.7562691369496484e-01 -6.6880283489336367e-01
v -1.7506791650069808e-01 -2.8366530108992366e-01 -6.7740307539322764e-01
v -1.7464611339294905e-01 -2.8605879078281909e-01 -6.8185372621337048e-01
v -8.6400510868068450e-02 -2.7502629109155069e-01 -6.5931248450865754e-01
v -8.7042649945276024e-02 -2.7333297604985429e-01 -6.5774508227099227e-01
v -8.8492921059446714e-02 -2.6894290622508132e-01 -6.5460077057615362e-01
v -1.1521366468487292e-01 -2.7271464619881236e-01 -6.6040922526741308e-01
v -1.1396119631001045e-01 -2.7889900799740253e-01 -6.6572774984942285e-01
v -1.1338244988429491e-01 -2.8109247737570436e-01 -6.6844386110108645e-01
v -7.5642858415518280e-02 -2.7031316505327196e-01 -6.5424652601986921e-01
v -7.6309495273188740e-02 -2.6906827073851491e-01 -6.5329769977461372e-01
v -7.7841049435907625e-02 -2.6595827191384702e-01 -6.5135566559145908e-01
v -5.1105851237362554e-01 -2.7330199909011144e-01 -6.6150515536494670e-01
v -5.1226778924058869e-01 -2.7978914058851001e-01 -6.6724078681659982e-01
v -5.1283187231580285e-01 -2.8205143908535840e-01 -6.7017727850857622e-01
v -5.4882355832491703e-01 -2.6775503941248563e-01 -6.5319152831954352e-01
v -5.5031226093595143e-01 -2.7162499524310862e-01 -6.5581398241924083e-01
v -5.5096607896820393e-01 -2.7314389979507719e-01 -6.5710999144175442e-01
v -5.5680308005549406e-01 -2.6497075581739216e-01 -6.5044584052800125e-01
v -5.5835314672433645e-01 -2.6767179161349991e-01 -6.5205012138738294e-01
v -5.5902525811444592e-01 -2.6876276353752560e-01 -6.5282934907744250e-01

vn -3.8469620701869528e-01 0.0000000000000000e+00 -9.2304324292279460e-01
vn -5.0532154980743029e-16 0.0000000000000000e+00 -1.0000000000000000e+00
vn 3.8469620701869450e-01 0.0000000000000000e+00 -9.2304324292279483e-01
vn 3.8471302794991852e-01 0.0000000000000000e+00 -9.2303623229297194e-01
vn 7.0905614824065744e-01 0.0000000000000000e+00 -7.0515202519890918e-01
vn 7.0907131562495151e-01 0.0000000000000000e+00 -7.0513677351128157e-01
vn 9.2464227221944439e-01 0.0000000000000000e+00 -3.8083680025026828e-01
vn 9.2464704574489553e-01 0.0000000000000000e+00 -3.8082521029369498e-01
vn 9.9999997747322122e-01 0.0000000000000000e+00 -2.1225823222671922e-04
vn 9.9999997595018786e-01 0.0000000000000000e+00 -2.1931626407899481e-04
vn 9.2477872656124094e-01 -0.0000000000000000e+00 3.8050533097417899e-01
vn 9.2478803798178422e-01 -0.0000000000000000e+00 3.8048269974573368e-01
vn 9.2478803798178411e-01 -0.0000000000000000e+00 3.8048269974573390e-01
vn 9.2477872656124083e-01 -0.0000000000000000e+00 3.8050533097417921e-01
vn 7.0919606430257065e-01 -0.0000000000000000e+00 7.0501130656021682e-01
vn 7.0917686575597894e-01 -0.0000000000000000e+00 7.0503061853832028e-01
vn 3.8475259793774474e-01 -0.0000000000000000e+00 9.2301973888977906e-01
vn 3.8473449435360058e-01 -0.0000000000000000e+00 9.2302728500000431e-01
vn -6.1232339957367660e-17 0.0000000000000000e+00 1.0000000000000000e+00
vn -3.8473449435360074e-01 0.0000000000000000e+00 9.2302728500000442e-01
vn -3.8475259793774241e-01 0.0000000000000000e+00 9.2301973888978028e-01
vn 8.2694607974275756e-16 -0.0000000000000000e+00 1.0000000000000000e+00
vn -7.0917686575597805e-01 0.0000000000000000e+00 7.0503061853832116e-01
vn -7.0919606430256943e-01 0.0000000000000000e+00 7.0501130656021815e-01
vn -9.2477872656124127e-01 0.0000000000000000e+00 3.8050533097417816e-01
vn -9.2478803798178422e-01 0.0000000000000000e+00 3.8048269974573362e-01
vn -9.9999997747322122e-01 0.0000000000000000e+00 -2.1225823222602031e-04
vn -9.9999997595018786e-01 0.0000000000000000e+00 -2.1931626407973106e-04
vn -9.2464704574489565e-01 0.0000000000000000e+00 -3.8082521029369459e-01
vn -9.2464227221944462e-01 0.0000000000000000e+00 -3.8083680025026800e-01
vn -7.0907131562495129e-01 0.0000000000000000e+00 -7.0513677351128190e-01
vn -7.0905614824065599e-01 0.0000000000000000e+00 -7.0515202519891063e-01
vn -3.8471302794991863e-01 0.0000000000000000e+00 -9.2303623229297183e-01
vn 3.3639776879854710e-01 -0.0000000000000000e+00 -9.4171999083982449e-01
vn 1.6703126054022771e-01 -0.0000000000000000e+00 -9.8595160023316686e-01
vn 3.3639776879854716e-01 -0.0000000000000000e+00 -9.4171999083982449e-01
vn 1.5715345471991518e-01 -0.0000000000000000e+00 -9.8757419552638959e-01
vn 1.5247356942434567e-01 -0.0000000000000000e+00 -9.8830754860367187e-01
vn 1.4779026275405532e-01 -0.0000000000000000e+00 -9.8901872491631171e-01
vn 1.4310363979838575e-01 -0.0000000000000000e+00 -9.8970770850612955e-01
vn 7.0524575073618506e-02 -0.0000000000000000e+00 -9.9751004221044592e-01
vn 3.4069844811961333e-02 -0.0000000000000000e+00 -9.9941945432060153e-01
vn -2.4302866936623448e-03 0.0000000000000000e+00 -9.9999704684893276e-01
vn -2.2338137594908219e-01 0.0000000000000000e+00 -9.7473112235072024e-01
vn -3.4323845401982556e-01 0.0000000000000000e+00 -9.3924829714089986e-01
vn -3.4323845401982628e-01 0.0000000000000000e+00 -9.3924829714089964e-01
vn -0.0000000000000000e+00 -0.0000000000000000e+00 -1.0000000000000000e+00
vn -3.8754591547412405e-02 0.0000000000000000e+00 -9.9924875863520257e-01
vn -5.2379846594656686e-02 0.0000000000000000e+00 -9.9862723359155403e-01
vn -7.1998074322102534e-02 0.0000000000000000e+00 -9.9740477104027792e-01
vn -1.2406573084408647e-01 0.0000000000000000e+00 -9.9227400169011915e-01
vn -2.2388031097348318e-01 0.0000000000000000e+00 -9.7461664584513252e-01
vn -1.5737735341459858e-01 0.0000000000000000e+00 -9.8753854032752397e-01
vn -1.2353822866131685e-01 0.0000000000000000e+00 -9.9233981380332825e-01
vn -1.5269043777073832e-01 0.0000000000000000e+00 -9.8827406634666914e-01
vn -1.4800008534351233e-01 0.0000000000000000e+00 -9.8898734811842426e-01
vn -1.4330640170420234e-01 0.0000000000000000e+00 -9.8967836958811717e-01
vn -3.0469651303021431e-17 -9.8655298251618950e-01 -1.6344177155308556e-01
vn -3.0806316723182362e-17 -9.8608493375604123e-01 -1.6624230333866230e-01
vn -3.0506720627161418e-17 -9.8650185320493955e-01 -1.6375009503270471e-01
vn -3.0806316724268248e-17 -9.8608493375451822e-01 -1.6624230334769630e-01
vn -3.0612404439318028e-17 -9.8635553300810352e-01 -1.6462916662699806e-01
vn -3.0806316723141206e-17 -9.8608493375609896e-01 -1.6624230333831988e-01
vn -3.0364689561448417e-17 -9.8669721024904400e-01 -1.6256880170178420e-01
vn -3.0806316723141212e-17 -9.8608493375609896e-01 -1.6624230333831994e-01
vn -3.0208446498527070e-17 -9.8691041295514770e-01 -1.6126945402245185e-01
vn -2.9750788659663097e-17 -9.8752466773487790e-01 -1.5746437887699929e-01
vn -3.0025051522734546e-17 -9.8715839319155430e-01 -1.5974450460491196e-01
vn -2.9841585909429333e-17 -9.8740401574178582e-01 -1.5821918245584232e-01
vn -2.9685178889621312e-17 -9.8761147704216046e-01 -1.5691899316080885e-01
vn -2.8692781432595047e-17 -9.8888642029929508e-01 -1.4867295566997363e-01
vn -2.9580103135158068e-17 -9.8774985217403799e-01 -1.5604560080363047e-01
vn -2.9542999759896616e-17 -9.8779852215396757e-01 -1.5573721337701407e-01
vn -2.9173919111205127e-17 -9.8827721627974408e-01 -1.5267004874028137e-01
vn -2.9685178889621312e-17 -9.8761147704216046e-01 -1.5691899316080893e-01
vn -3.0224334686286914e-17 -9.8688881400780182e-01 -1.6140157615796200e-01
vn -3.0418410254027047e-17 -9.8662349333097454e-01 -1.6301558946120565e-01
vn -2.1723437529622860e-17 -9.9585667080862039e-01 -9.0936742881912516e-02
vn -2.1740703369402472e-17 -9.9584363299224588e-01 -9.1079408368769238e-02
vn -2.1725046059879165e-17 -9.9585545704951506e-01 -9.0950033890600884e-02
vn -2.1733027827406215e-17 -9.9584943152822070e-01 -9.1015986095408452e-02
vn -2.1755027825911631e-17 -9.9583280051099332e-01 -9.1197770951006396e-02
vn -2.1794267500259037e-17 -9.9580305332458607e-01 -9.1522013687591108e-02
vn -2.1796540976540546e-17 -9.9580132653666220e-01 -9.1540800017390359e-02
vn -2.1798183646473847e-17 -9.9580007864488429e-01 -9.1554373848781137e-02
vn -2.2329396214653061e-17 -9.9538665691983008e-01 -9.5944792594306869e-02
vn -2.2526196232261434e-17 -9.9522849190806384e-01 -9.7571762792320882e-02
vn -2.2556616484477566e-17 -9.9520380197573100e-01 -9.7823271940014556e-02
vn -2.2643496940216859e-17 -9.9513293087220667e-01 -9.8541615034927921e-02
vn -2.2772869396701236e-17 -9.9502641870811137e-01 -9.9611375218447679e-02
vn -2.2925367749028257e-17 -9.9489936198368589e-01 -1.0087249141591906e-01
vn -2.3388476383231362e-17 -9.9450352091238514e-01 -1.0470313697721373e-01
vn -2.3077797225434863e-17 -9.9477073410874406e-01 -1.0213318050834605e-01
vn -2.3207296935361352e-17 -9.9466017546815377e-01 -1.0320433778510260e-01
vn -2.3294062748758918e-17 -9.9458544201976640e-01 -1.0392207908979643e-01
vn -2.3324598230251822e-17 -9.9455901537777924e-01 -1.0417468469250203e-01
vn -2.3903148997136934e-17 -9.9404593271845398e-01 -1.0896184490865984e-01
vn -2.3293922050095950e-17 -9.9458556363458639e-01 -1.0392091516952764e-01
vn -2.3207199452447739e-17 -9.9466025913536715e-01 -1.0320353141614962e-01
vn -2.2849799256725801e-17 -9.9496252683720887e-01 -1.0024754455704434e-01
vn -2.3077435114170409e-17 -9.9477104160723040e-01 -1.0213018544811252e-01
vn -2.2925326747087330e-17 -9.9489939636415214e-01 -1.0087215232285691e-01
vn -2.2773071933426776e-17 -9.9502625104124687e-01 -9.9613050042660842e-02
vn -2.2643407744233194e-17 -9.9513300390300041e-01 -9.8540877522939829e-02
vn -2.2556730718226362e-17 -9.9520370913841261e-01 -9.7824216414678117e-02
vn -2.4449040395283093e-17 -9.9354020555236133e-01 -1.1348065892905085e-01
vn -2.4957639337267611e-17 -9.9305009568161051e-01 -1.1769242739762022e-01
vn -2.5510417646025909e-17 -9.9249664505543767e-01 -1.2227186738453258e-01
vn -2.6012612712672047e-17 -9.9197503437039058e-01 -1.2643390046131825e-01
vn -2.6571941065281281e-17 -9.9137294607290760e-01 -1.3107128516469105e-01
vn -2.7067415462885295e-17 -9.9082093590800346e-01 -1.3518088979729384e-01
vn -2.7632948055725271e-17 -9.9016938758848116e-01 -1.3987345667656956e-01
vn -2.8121398741510706e-17 -9.8958815555612312e-01 -1.4392804585288549e-01
vn 9.8972603347197041e-01 -0.0000000000000000e+00 -1.4297684661454835e-01
vn 9.8666838931299705e-01 -0.0000000000000000e+00 -1.6274363130548689e-01
vn 9.8666838931299694e-01 -0.0000000000000000e+00 -1.6274363130548702e-01
vn 9.8497768909716499e-01 -0.0000000000000000e+00 -1.7268164923004559e-01
vn 9.8497025599881916e-01 -0.0000000000000000e+00 -1.7272404232654112e-01
vn 9.8972561753228749e-01 -0.0000000000000000e+00 -1.4297972583668012e-01
vn 9.9238589932854793e-01 -0.0000000000000000e+00 -1.2316747465897450e-01
vn 9.9238526478481015e-01 -0.0000000000000000e+00 -1.2317258720178870e-01
vn 9.9464735280304795e-01 -0.0000000000000000e+00 -1.0332784504618724e-01
vn 9.9464666632050480e-01 -0.0000000000000000e+00 -1.0333445300337274e-01
vn 9.9650964888559190e-01 -0.0000000000000000e+00 -8.3477659753459332e-02
vn 9.9651025824591888e-01 -0.0000000000000000e+00 -8.3470385231242894e-02
vn 9.9797498814863805e-01 -0.0000000000000000e+00 -6.3607570537835792e-02
vn 9.9904242861402826e-01 -0.0000000000000000e+00 -4.3751866577145561e-02
vn 9.9904217582039201e-01 -0.0000000000000000e+00 -4.3757638556677102e-02
vn 9.9797454049895029e-01 -0.0000000000000000e+00 -6.3614593576544420e-02
vn 9.9971398317697446e-01 -0.0000000000000000e+00 -2.3915514638574203e-02
vn 9.9971390027119877e-01 -0.0000000000000000e+00 -2.3918980006419649e-02
vn 9.9999155072891599e-01 -0.0000000000000000e+00 -4.1107749607495426e-03
vn 9.9999155072891599e-01 -0.0000000000000000e+00 -4.1107749607495270e-03
vn -1.2060416625018952e-16 8.7155742747671100e-02 -9.9619469809174443e-01
vn 3.0563238413179529e-17 9.8642370544903157e-01 1.6422019768652785e-01
vn 3.0517461069441752e-17 9.8648702025772006e-01 1.6383943012304616e-01
vn 3.0601370340700249e-17 9.8637084801841435e-01 1.6453738231609893e-01
vn 3.0723914228010624e-17 9.8620026057789145e-01 1.6555677586888118e-01
vn 3.0812000944498348e-17 9.8607696003642453e-01 1.6628959343664193e-01
vn 3.0831297187430125e-17 9.8604987396729016e-01 1.6645013081728455e-01
vn 3.0888945697148393e-17 9.8596879041764474e-01 1.6692975864826090e-01
vn 3.0930274246802329e-17 9.8591051122455209e-01 1.6727361972810445e-01
vn 3.0455273492796013e-17 9.8657278663240888e-01 1.6332218672416621e-01
vn 3.0310915396960010e-17 9.8677078939472374e-01 1.6212158769674589e-01
vn 3.0294567415569134e-17 9.8679311646155532e-01 1.6198563301753457e-01
vn 3.0105940236116997e-17 9.8704932070307549e-01 1.6041707670817704e-01
vn 2.9917238107765071e-17 9.8730303017859145e-01 1.5884812432059559e-01
vn 2.9230409743000299e-17 9.8820458920931387e-01 1.5313944581867650e-01
vn 2.9756358054885856e-17 9.8751728435942199e-01 1.5751067611877129e-01
vn 2.9648272225180781e-17 9.8766017120944105e-01 1.5661221601949760e-01
vn 2.9610104217592780e-17 9.8771042538520859e-01 1.5629496340372112e-01
vn 2.8735883989020005e-17 9.8883252816122491e-01 1.4903097413048166e-01
vn 2.8147653255286864e-17 9.8955642764033858e-01 1.4414602497360560e-01
vn 2.7645781523172324e-17 9.9015433586268564e-01 1.3997996703930204e-01
vn 2.7063311523182631e-17 9.9082558025562650e-01 1.3514684425135862e-01
vn 2.6554392432556034e-17 9.9139217536253055e-01 1.3092575999378220e-01
vn 2.5978051031401514e-17 9.9201150696602602e-01 1.2614741395285942e-01
vn 2.5462397213953062e-17 9.9254558338046661e-01 1.2187397142921501e-01
vn 2.4892543881901044e-17 9.9311384553280868e-01 1.1715327486262039e-01
vn 2.4370482189822867e-17 9.9361427843894456e-01 1.1283025162719211e-01
vn 2.3807467373271852e-17 9.9413241181921841e-01 1.0816999477906986e-01
vn 2.3279338462297465e-17 9.9459816162201464e-01 1.0380027407530745e-01
vn 2.3100395621468592e-17 9.9475152575649073e-01 1.0232009580299363e-01
vn 2.3124200820956638e-17 9.9473125290018760e-01 1.0251699616952775e-01
vn 2.3100395621468589e-17 9.9475152575649073e-01 1.0232009580299360e-01
vn 2.3032753238155930e-17 9.9480891410262950e-01 1.0176062314052089e-01
vn 2.2931727564573276e-17 9.9489402779949077e-01 1.0092508830269208e-01
vn 2.2812785528384873e-17 9.9499331925695644e-01 9.9941456033141224e-02
vn 2.2189660891600577e-17 9.9549731674189434e-01 9.4789727078879407e-02
vn 2.2693821402739927e-17 9.9509163804599765e-01 9.8957727797950090e-02
vn 2.2592744495348555e-17 9.9517439537266095e-01 9.8121979161952921e-02
vn 2.2525063853856627e-17 9.9522940972865404e-01 9.7562400601639940e-02
vn 2.2501246162238937e-17 9.9524869377328395e-01 9.7365484349291653e-02
vn 2.1641294494312118e-17 9.9591841433164285e-01 9.0258030086780308e-02
vn 2.2723503009603239e-17 9.9506720023132456e-01 9.9203160351840805e-02
vn 2.2931727564573276e-17 9.9489402779949077e-01 1.0092508830269209e-01
vn 2.9824024050643815e-17 9.8742739886972852e-01 1.5807318545965382e-01
vn 3.0888945697148417e-17 9.8596879041764474e-01 1.6692975864826123e-01
vn 3.0909525199739235e-17 9.8593978601541976e-01 1.6710098249821315e-01
vn 3.0930274246802274e-17 9.8591051122455209e-01 1.6727361972810401e-01
vn 3.0831297187754840e-17 9.8604987396683419e-01 1.6645013081998605e-01
vn 2.1581808937616951e-17 9.9596283371268512e-01 8.9766552028014895e-02
vn 2.1597918432100602e-17 9.9595082867732554e-01 8.9899648814379257e-02
vn 2.1639142921184195e-17 9.9592002526236600e-01 9.0240253110285051e-02
vn 2.1641481791167894e-17 9.9591827408305744e-01 9.0259577593872528e-02
vn 1.2566842681355119e-17 9.9987940349201054e-01 1.5529921843374999e-02
vn -9.9989602179102388e-01 0.0000000000000000e+00 -1.4420319222688844e-02
vn -9.9989602179102366e-01 0.0000000000000000e+00 -1.4420319222709452e-02
vn -9.9941676357482101e-01 0.0000000000000000e+00 -3.4148684976588926e-02
vn -9.9941672671692150e-01 0.0000000000000000e+00 -3.4149763665862538e-02
vn -9.9854629866421674e-01 0.0000000000000000e+00 -5.3900736766698570e-02
vn -9.9854612303359813e-01 0.0000000000000000e+00 -5.3903990339956930e-02
vn -9.9728307628394064e-01 0.0000000000000000e+00 -7.3664548852481443e-02
vn -9.9728260062338991e-01 0.0000000000000000e+00 -7.3670988142199773e-02
vn -9.9562604003260857e-01 0.0000000000000000e+00 -9.3427985148917897e-02
vn -9.9562504846378075e-01 0.0000000000000000e+00 -9.3438551313117083e-02
vn -9.9357463141383828e-01 0.0000000000000000e+00 -1.1317884877862744e-01
vn -9.9357286104286235e-01 0.0000000000000000e+00 -1.1319438943296191e-01
vn -9.9112878558839390e-01 0.0000000000000000e+00 -1.3290496746952460e-01
vn -9.9112593382317515e-01 0.0000000000000000e+00 -1.3292623256204589e-01
vn -9.8828892401994572e-01 0.0000000000000000e+00 -1.5259424189496129e-01
vn -9.8828465618432582e-01 0.0000000000000000e+00 -1.5262188031415719e-01
vn -9.8505573156276371e-01 0.0000000000000000e+00 -1.7223590135435862e-01
vn -9.8504977413553141e-01 0.0000000000000000e+00 -1.7226996974382452e-01
vn -9.8504977413587136e-01 0.0000000000000000e+00 -1.7226996974188141e-01
vn -1.0000000000000000e+00 1.0673500138322977e-17 1.2199866483456202e-16
vn 1.0000000000000000e+00 -1.0673500138322977e-17 -1.2199866483456202e-16
vn -3.6873585161161941e-05 -9.9457656848772158e-01 -1.0400696157242081e-01
vn 0.0000000000000000e+00 -9.9455901537777747e-01 -1.0417468469251912e-01
vn -8.1829721043524623e-02 -9.3363054586878236e-01 -3.4876625492541341e-01
vn 0.0000000000000000e+00 -8.3050420807490166e-01 -5.5701235208016719e-01
vn -1.5578845872771502e-01 -8.1166326832721114e-01 -5.6296775660390397e-01
vn 0.0000000000000000e+00 -4.6746414242608653e-01 -8.8401203359787106e-01
vn -2.0902339994175009e-01 -6.7087409464670544e-01 -7.1150345565482276e-01
vn -2.6227202372932251e-01 -4.5291336987634079e-01 -8.5210496123199664e-01
vn -4.0018411977970358e-01 -6.7560341919003208e-01 -6.1920327054601532e-01
vn -5.0124310022321450e-01 -4.5660604271938221e-01 -7.3502807853221930e-01
vn -5.5624607316193408e-01 -6.8308496837560984e-01 -4.7327078091851399e-01
vn -6.9480614916067740e-01 -4.6246637808255170e-01 -5.5078967331615492e-01
vn -6.6218745490294129e-01 -6.9251486838992393e-01 -2.8623579725123666e-01
vn -8.2424657186036876e-01 -4.6976985677174876e-01 -3.1612318871775358e-01
vn -8.7681595267700874e-01 -4.7856393764372529e-01 -4.6586937203923498e-02
vn -9.7434292008495593e-01 -2.2411297948269429e-01 -2.0718265074818994e-02
vn -9.3322455707287133e-01 -2.2827569171118969e-01 2.7745654551644822e-01
vn -9.9999749038577435e-01 -2.9436032628565623e-04 2.2209399252119252e-03
vn -9.2514221865522117e-01 1.5452856945851872e-04 3.7962066774955250e-01
vn -2.9639378736353650e-01 -2.1048321237346690e-01 -9.3158335114000668e-01
vn -5.6503771934836222e-01 -2.1242396088212959e-01 -7.9725054816961327e-01
vn -7.8020002685079604e-01 -2.1552412747013508e-01 -5.8722846370067427e-01
vn -9.2098188779409296e-01 -2.1926502291245900e-01 -3.2204846231961326e-01
vn -3.8336681561280372e-01 3.2112537203963774e-05 -9.2359616914303155e-01
vn -7.0766927029474846e-01 8.1579684267000578e-05 -7.0654383956358535e-01
vn -9.2417943941126179e-01 9.5892653846524296e-05 -3.8195857703955938e-01
vn -7.9682837971091636e-01 -2.3306232486956410e-01 5.5744639743536728e-01
vn -7.0552803353830218e-01 -9.5556369570594520e-04 7.0868136760436951e-01
vn -5.8300314201475367e-01 -2.3654945695450233e-01 7.7727195421902040e-01
vn -3.8715202363507933e-01 -3.1114237479177729e-04 9.2201584248085755e-01
vn -3.1081159765315824e-01 -2.3852448854467667e-01 9.2005555219714408e-01
vn 4.1780975711237615e-03 -8.2563709846476786e-04 9.9999093087090940e-01
vn 3.9996504883987932e-03 -2.3961177681724435e-01 9.7086054570491931e-01
vn 3.0487350755670789e-01 -2.3901251101668469e-01 9.2191385929899605e-01
vn 2.7920660176810880e-01 -5.0615552684542620e-01 8.1599648049053097e-01
vn 5.3346074670033861e-01 -5.0182755232887111e-01 6.8087351208101143e-01
vn 4.3466263273657979e-01 -7.3333915179008580e-01 5.2276388948960761e-01
vn 5.9163502675825086e-01 -7.2435665352736733e-01 3.5394269819194962e-01
vn 4.4547914768377705e-01 -8.6397748004967545e-01 2.3471523799265398e-01
vn 5.1291907668328462e-01 -8.5440205790492585e-01 8.3133291900384029e-02
vn 2.7199390370820270e-01 -9.6227372574983838e-01 -6.9708734816892031e-03
vn 2.8049922915446951e-01 -9.5480564901713594e-01 -9.8317623286540978e-02
vn 9.5881905932613404e-04 -9.9489330465793302e-01 -1.0092766227763569e-01
vn 2.6170698484368665e-01 -9.4759059596576867e-01 -1.8325260304090096e-01
vn 1.0463264878032365e-02 -9.9426559235017242e-01 -1.0642580493777329e-01
vn 2.2022907190476079e-01 -9.4162640279814025e-01 -2.5463478442939097e-01
vn 1.9390529079695649e-03 -9.9446964807906268e-01 -1.0500647181638505e-01
vn 1.5679164898023640e-01 -9.3672708787948067e-01 -3.1298361241906231e-01
vn 6.7696845181961179e-04 -9.9441750089030934e-01 -1.0551481240464203e-01
vn 8.1836963082809855e-02 -9.3360223454006908e-01 -3.4884033473090909e-01
vn 1.5579802998384640e-01 -8.1157027965790351e-01 -5.6309915204086813e-01
vn 2.0902867013708351e-01 -6.7071099750941932e-01 -7.1165565611512005e-01
vn 3.9970988821516273e-01 -6.7558638275573335e-01 -6.1952808225135836e-01
vn 5.0065361844054346e-01 -4.5658821221225859e-01 -7.3544079218602243e-01
vn 6.9835592465819807e-01 -4.6207235753401432e-01 -5.4661516526506226e-01
vn 7.8387772341663431e-01 -2.1527744994407269e-01 -5.8240135154095563e-01
vn 9.2018215390822944e-01 -2.1786317154976703e-01 -3.2526979895325087e-01
vn 9.2373546707209409e-01 1.4157330512329436e-03 -3.8302843572380846e-01
vn 9.9998808067242406e-01 5.9455256044821749e-04 -4.8461345765866597e-03
vn 9.7435897443489994e-01 -2.2328153078166618e-01 -2.7747917939295923e-02
vn 9.3118877969060876e-01 -2.2904101834969642e-01 2.8359772300152336e-01
vn 8.7683537222118191e-01 -4.7785886732438859e-01 -5.3015402867408135e-02
vn 8.4274111969241661e-01 -4.8735013530575189e-01 2.2864218945119735e-01
vn 7.0717664669735847e-01 -7.0305023579012338e-01 -7.4977038627378215e-02
vn 6.8251239816670928e-01 -7.1466292813170296e-01 1.5308078097183730e-01
vn 5.3027586973418095e-01 -8.4320934431847039e-01 -8.8348761347701407e-02
vn 3.7965553097481541e-01 -9.7226978247605335e-04 9.2512741419314837e-01
vn 5.8424398559243362e-01 -2.3623086557283560e-01 7.7643669635700319e-01
vn 7.2786504539658869e-01 -4.9469821920582013e-01 4.7485381708944097e-01
vn 7.1157374502940940e-01 3.6927681825106292e-06 7.0261141847481001e-01
vn 8.0019620946505898e-01 -2.3256054072166288e-01 5.5281246481695678e-01
vn 9.2290430290290160e-01 -1.0935771109083497e-03 3.8502785843677839e-01
vn 7.1266881596280762e-01 -2.0039931183803673e-04 -7.0150061909757833e-01
vn 5.6438932967597044e-01 -2.1240487029301983e-01 -7.9771477084463849e-01
vn 2.6226216336981312e-01 -4.5266432319742339e-01 -8.5224032301270747e-01
vn 3.8240932764310670e-01 5.2500853710732204e-04 -9.2399287361839688e-01
vn 2.9636151320376108e-01 -2.1018044530046512e-01 -9.3166197405758444e-01
vn 5.1314609791780390e-03 -9.9522586989079131e-01 -9.7463511163598956e-02
vn 2.3675766356282815e-01 -9.6874172925798163e-01 7.4062613635530655e-02
vn 3.2762971581690165e-01 -8.7255346037064929e-01 3.6236615199124522e-01
vn 2.2800783984105422e-01 -7.3861894204379430e-01 6.3439300392195541e-01
vn 3.5628515463501835e-03 -5.0761279516246616e-01 8.6157794556047373e-01
vn 1.9965579232381287e-03 -9.9531739247701911e-01 -9.6640064099764333e-02
vn 1.7433529920258872e-01 -9.7432274418784415e-01 1.4248646816527025e-01
vn 1.7206974123586774e-01 -8.7770850786742205e-01 4.4723570895911835e-01
vn 2.8936242300203158e-03 -7.4055964049503609e-01 6.7198440890297328e-01
vn -2.8449268514431308e-01 -5.0608888888969028e-01 8.1421001507091351e-01
vn 1.2217908896671435e-03 -9.9547928528652108e-01 -9.4971047127317076e-02
vn 9.1674324212138364e-02 -9.7784100733513246e-01 1.8820941170425357e-01
vn 2.2007840788137003e-03 -8.7958741093739645e-01 4.7573221781784553e-01
vn -2.3223440739530213e-01 -7.3875423107336968e-01 6.3270006013351010e-01
vn -5.3241182332181136e-01 -5.0171134745925339e-01 6.8177956424181918e-01
vn -2.3473950566863823e-05 -9.9553542688198660e-01 -9.4388628933119972e-02
vn 1.1844961112809763e-03 -9.7906807114628336e-01 2.0352962691180532e-01
vn -1.7522932088487475e-01 -8.7782116424269363e-01 4.4578547386588036e-01
vn -4.3396827227489743e-01 -7.3304995699687781e-01 5.2374545268251849e-01
vn -7.2469988228052606e-01 -4.9546764102360935e-01 4.7887565956215755e-01
vn -9.3351258130846035e-02 -9.7784600168088587e-01 1.8735725126637928e-01
vn -8.3496491501786410e-04 -9.9539735193743550e-01 -9.5830134036909778e-02
vn -1.7417219151023666e-01 -9.7426991285666253e-01 1.4304609259533377e-01
vn -2.2705841277379205e-03 -9.9535050465844221e-01 -9.6292353403077846e-02
vn -2.3544911993911588e-01 -9.6897019912704196e-01 7.5236062653466704e-02
vn -1.1194420033385846e-03 -9.9506804232327251e-01 -9.9188396481296778e-02
vn -2.7243412850012927e-01 -9.6213335790093490e-01 -8.8908516266078264e-03
vn -9.1701822665445412e-04 -9.9490221269763057e-01 -1.0084020154150100e-01
vn -2.8051698987595736e-01 -9.5501377569326684e-01 -9.6223212516640733e-02
vn -2.6154164034079258e-01 -9.4784500394265558e-01 -1.8216975289217127e-01
vn -5.3029200714972213e-01 -8.4360094398206864e-01 -8.4426503336817893e-02
vn -4.9556203367146728e-01 -8.3285399842892449e-01 -2.4652076603067830e-01
vn -7.0717706306033845e-01 -7.0358703345732332e-01 -6.9755916108081906e-02
vn -7.7235156472039328e-04 -9.9473796145119142e-01 -1.0244897032663867e-01
vn -2.1885384387221599e-01 -9.4163163551818752e-01 -2.5579847148428986e-01
vn -4.1553500782082642e-01 -8.2360336222162434e-01 -3.8601574969498514e-01
vn -2.9853268949031347e-01 -8.1629400637440075e-01 -4.9451221265294343e-01
vn -1.5825672820044971e-04 -9.9464393179168908e-01 -1.0336064969212246e-01
vn -1.5697338596784782e-01 -9.3673706091311837e-01 -3.1286264527687202e-01
vn -5.1381537997554894e-01 -8.5419701617478649e-01 7.9631732736855629e-02
vn -6.8381532887375318e-01 -7.1438132856361403e-01 1.4851233415769333e-01
vn -4.4321215286323118e-01 -8.6452861585362761e-01 2.3696679076307400e-01
vn -5.8884323475388356e-01 -7.2511032521774554e-01 3.5704153980622194e-01
vn -3.2721918095573033e-01 -8.7233164914736394e-01 3.6327001185137953e-01
vn -8.4450479624801211e-01 -4.8687192907781668e-01 2.2308602329628105e-01
vn 8.2385234498010118e-01 -4.6839791357312199e-01 -3.1917191015365765e-01
vn 6.6216661529906662e-01 -6.9146693039752927e-01 -2.8880591709657988e-01
vn 5.5933887099268143e-01 -6.8276146994775566e-01 -4.7008169774137387e-01
vn 4.9570795344897689e-01 -8.3217774441542869e-01 -2.4850317218715007e-01
vn 4.1798523130530824e-01 -8.2343284568752129e-01 -3.8372737073813057e-01
vn 2.9818070529349661e-01 -8.1627871722839607e-01 -4.9474975774692120e-01
vn 3.8346283402580278e-01 0.0000000000000000e+00 -9.2355630847333803e-01
vn -6.1232339957367660e-17 0.0000000000000000e+00 -1.0000000000000000e+00
vn -7.2736615473246160e-16 0.0000000000000000e+00 -1.0000000000000000e+00
vn -3.8346283402580728e-01 0.0000000000000000e+00 -9.2355630847333614e-01
vn -3.8351528398517237e-01 0.0000000000000000e+00 -9.2353452937601244e-01
vn -7.0786355503147824e-01 0.0000000000000000e+00 -7.0634919654388895e-01
vn -7.0798317837394953e-01 0.0000000000000000e+00 -7.0622929643248333e-01
vn -9.2417687551745009e-01 0.0000000000000000e+00 -3.8196479256445010e-01
vn -9.2418916839605658e-01 0.0000000000000000e+00 -3.8193504816840984e-01
vn -9.9999998973470650e-01 0.0000000000000000e+00 -1.4328498465056936e-04
vn -9.9999999649120708e-01 0.0000000000000000e+00 -8.3771032227255161e-05
vn -9.2424136616581187e-01 0.0000000000000000e+00 3.8180871790459886e-01
vn -9.2423071092779874e-01 0.0000000000000000e+00 3.8183450993577789e-01
vn -7.0791072998090954e-01 0.0000000000000000e+00 7.0630191729733827e-01
vn -3.8347768665199944e-01 0.0000000000000000e+00 9.2355014148666081e-01
vn -3.8342290256937789e-01 0.0000000000000000e+00 9.2357288709948249e-01
vn -7.0808331679048087e-01 0.0000000000000000e+00 7.0612889509139309e-01
vn -1.1511092652281016e-04 0.0000000000000000e+00 9.9999999337473722e-01
vn 6.0490147481772625e-16 -0.0000000000000000e+00 1.0000000000000000e+00
vn 3.8347768665200277e-01 -0.0000000000000000e+00 9.2355014148665926e-01
vn 3.8362741437712045e-01 -0.0000000000000000e+00 9.2348795711602272e-01
vn 7.0791072998091009e-01 -0.0000000000000000e+00 7.0630191729733771e-01
vn 7.0793286744094919e-01 -0.0000000000000000e+00 7.0627972871719580e-01
vn 9.2423071092779885e-01 -0.0000000000000000e+00 3.8183450993577783e-01
vn 9.2429332078076676e-01 -0.0000000000000000e+00 3.8168292751977084e-01
vn 9.9999999649120708e-01 0.0000000000000000e+00 -8.3771032227051954e-05
vn 9.9999999917473181e-01 0.0000000000000000e+00 -4.0626792787960273e-05
vn 9.9999999917473181e-01 0.0000000000000000e+00 -4.0626792788205201e-05
vn 9.9999999649120708e-01 0.0000000000000000e+00 -8.3771032227296876e-05
vn 9.2417687551744787e-01 0.0000000000000000e+00 -3.8196479256445592e-01
vn 9.2418463676774731e-01 0.0000000000000000e+00 -3.8194601341350187e-01
vn 7.0786355503147858e-01 0.0000000000000000e+00 -7.0634919654388861e-01
vn 7.0783357680731596e-01 0.0000000000000000e+00 -7.0637923776407918e-01
vn 3.8351665997325080e-01 0.0000000000000000e+00 -9.2353395796958215e-01
vn -5.4644605089411477e-02 -8.7025520506881962e-02 -9.9470625106869037e-01
vn -1.2586232346394136e-01 -8.6462655736058311e-02 -9.8827267729879398e-01
vn -1.2591754000279332e-01 -8.6462045039942592e-02 -9.8826569701025024e-01
vn -2.2592298748130513e-01 -8.4902345454846248e-02 -9.7043824917600396e-01
vn -2.2623113439773429e-01 -8.4896112376358884e-02 -9.7036700476288607e-01
vn -3.4424322441500671e-01 -8.1828827754142242e-02 -9.3530778110349444e-01
vn -3.4397998009324920e-01 -8.1837236315581957e-02 -9.3540389140054125e-01
vn 1.9742961350156810e-01 -8.5440261918608928e-02 9.7658666249130244e-01
vn 2.0251730869694667e-01 -8.5349761004962665e-02 9.7555223231487787e-01
vn 2.0419546252064066e-01 -8.5319383186485229e-02 9.7520501226083711e-01
vn 2.0385153951306570e-01 -8.5325630162469496e-02 9.7527641552307143e-01
vn 1.9319611290051242e-01 -8.5513742605315815e-02 9.7742655058360484e-01
vn 1.5736925964765511e-01 -8.6069767388971180e-02 9.8378194294241716e-01
vn 9.7056269201456088e-02 -8.6744271412569143e-02 9.9149155921056475e-01
vn 7.8930887038801009e-02 -8.6883824728198153e-02 9.9308666090722797e-01
vn -4.6740555336734620e-16 -8.7155742747660456e-02 9.9619469809174532e-01
vn -7.8930887038801967e-02 -8.6883824728198167e-02 9.9308666090722797e-01
vn -9.7056269201457018e-02 -8.6744271412569157e-02 9.9149155921056475e-01
vn -1.5736925964765591e-01 -8.6069767388971166e-02 9.8378194294241694e-01
vn -1.9319611290051311e-01 -8.5513742605315787e-02 9.7742655058360461e-01
vn -1.9742961350156876e-01 -8.5440261918608915e-02 9.7658666249130222e-01
vn -2.0251730906818974e-01 -8.5349760998271351e-02 9.7555223223839604e-01
vn -2.0419546252063958e-01 -8.5319383186485243e-02 9.7520501226083733e-01
vn -2.0385153951306639e-01 -8.5325630162469482e-02 9.7527641552307121e-01
vn -2.0419546252064169e-01 -8.5319383186485201e-02 9.7520501226083678e-01
vn 9.9440386944725060e-17 -5.1067720228857016e-01 8.5977252518484149e-01
vn 4.1414164530574792e-14 -5.1067720228856350e-01 8.5977252518484548e-01
vn 8.1786811367259418e-02 -4.9118971720560423e-01 8.6720446216440494e-01
vn 1.7783135570287847e-01 -4.6796318002945680e-01 8.6567111021772847e-01
vn 1.3839074910203059e-01 -4.7555483125287279e-01 8.6873218142016051e-01
vn 1.5801091759986619e-01 -4.6828043760466392e-01 8.6933651808493151e-01
vn 1.3860133742241756e-01 -4.6855690737534561e-01 8.7249303367738629e-01
vn 9.2584756872669274e-02 -4.8374569903290021e-01 8.7029774299488993e-01
vn 5.6947900618758818e-02 -4.9749359334118626e-01 8.6559636159100772e-01
vn -2.5951165385040884e-13 -5.1067720228862756e-01 8.5977252518480729e-01
vn -3.3544206168839063e-13 -5.1067720228865865e-01 8.5977252518478875e-01
vn 4.6343504740354986e-02 -4.9779818508628970e-01 8.6605383579381290e-01
vn -1.7783795959301418e-01 -4.6796009368549596e-01 8.6567142198738178e-01
vn -8.9340766857900336e-02 -4.6909280142488491e-01 8.7861833069234108e-01
vn -1.5801234819321433e-01 -4.6828071234758373e-01 8.6933611006428690e-01
vn -1.2260092207492240e-01 -4.6875679271740051e-01 8.7477773359161071e-01
vn -1.3115443305350488e-01 -4.6865304714092376e-01 8.7359191622630117e-01
vn -2.9363896784723992e-16 -4.6947156278589286e-01 8.8294759285892599e-01
vn -7.0245294551233795e-02 -4.6923762085671694e-01 8.8027362437263690e-01
vn -1.0521193783071872e-01 -4.6894579329638469e-01 8.7693802009465260e-01
vn 8.9340766857899739e-02 -4.6909280142488491e-01 8.7861833069234108e-01
vn 7.0243050305341836e-02 -4.6923763582661610e-01 8.8027379547936635e-01
vn 1.1724690089091400e-07 -4.6947156278589219e-01 8.8294759285891855e-01
vn 1.7783795959301385e-01 -4.6796009368549596e-01 8.6567142198738178e-01
vn 1.3528137795865167e-01 -4.6860043830247494e-01 8.7299059445124416e-01
vn 1.3116682933418899e-01 -4.6865289160923773e-01 8.7359013849099509e-01
vn 1.2260857100001966e-01 -4.6875670312638323e-01 8.7477670956159825e-01
vn 1.5801230761600676e-01 -4.6828071296380658e-01 8.6933611710774639e-01
vn 1.3860133742242703e-01 -4.6855690737534700e-01 8.7249303367738407e-01
vn 1.3723566750275881e-01 -4.6857494455238730e-01 8.7269919955434794e-01
vn 1.3804833881787559e-01 -4.6856423315449058e-01 8.7257676771615289e-01
vn 1.0523418081690500e-01 -4.6894557023208683e-01 8.7693547045805942e-01
vn -1.3860133742242756e-01 -4.6855690737534700e-01 8.7249303367738407e-01
vn -1.3528434978022266e-01 -4.6860039981875923e-01 8.7299015458036033e-01
vn -1.3720447485235232e-01 -4.6857535439745485e-01 8.7270388410490640e-01
vn -1.3802321636890943e-01 -4.6856456524945422e-01 8.7258056357895764e-01
vn -1.7783671788968219e-01 -4.6796019509838743e-01 8.6567162225274807e-01
vn -7.8506953574841248e-02 -4.9111262336934880e-01 8.6755117970507878e-01
vn -5.5580408673909909e-14 -5.1067720228855829e-01 8.5977252518484848e-01
vn -5.4660534436938163e-02 -4.9741278861279448e-01 8.6579024232172519e-01
vn -2.9466254034477695e-13 -5.1067720228850233e-01 8.5977252518488179e-01
vn -2.8766433413229861e-13 -5.1067720228849345e-01 8.5977252518488700e-01
vn -4.6342321884312081e-02 -4.9779840217170257e-01 8.6605377431062025e-01
vn -1.3286131423163611e-01 -4.7557544920162759e-01 8.6958372989454713e-01
vn -1.5801210523684217e-01 -4.6828044076520986e-01 8.6933630051629718e-01
vn -1.3860003116436856e-01 -4.6855695771009409e-01 8.7249321415280778e-01
vn -9.2583513560230202e-02 -4.8374583329407478e-01 8.7029780063347495e-01
vn 1.1754909942339402e-13 9.8591051122454954e-01 1.6727361972811899e-01
vn -4.6898738648188715e-12 9.8596879041776420e-01 1.6692975864755472e-01
vn 4.6983468331851290e-02 9.9061179239791475e-01 -1.2837768679058123e-01
vn 6.2155144464117004e-02 9.7177234381105804e-01 -2.2758569775055587e-01
vn 8.9925916322055280e-02 9.0596284766927293e-01 -4.1369632366824388e-01
vn 1.1437619843302226e-01 8.0241727935870122e-01 -5.8570008965219544e-01
vn 1.2480923669836033e-01 7.3890397610044001e-01 -6.6215071436775874e-01
vn 1.4834045293024764e-01 5.0489445122220544e-01 -8.5033916947855404e-01
vn 1.4834045293025236e-01 5.0489445122222765e-01 -8.5033916947854005e-01
vn 1.4834045293025000e-01 5.0489445122214283e-01 -8.5033916947859067e-01
vn 1.1437617896657780e-01 8.0241727988112643e-01 -5.8570009273789536e-01
vn 7.4406639576050440e-02 5.0912404439764358e-01 -8.5747090877952592e-01
vn 6.0315703227980889e-02 7.4231764686757240e-01 -6.6732790073029635e-01
vn 1.2532999363844481e-09 5.1054291791163131e-01 -8.5985227159685829e-01
vn -4.4035877049247874e-03 7.4317627617404902e-01 -6.6908118412297224e-01
vn -7.4406638326976388e-02 5.0912404441429748e-01 -8.5747090887802535e-01
vn -6.4691523355121808e-02 7.4218784841002239e-01 -6.6706236925679985e-01
vn -1.4834045293014156e-01 5.0489445122227317e-01 -8.5033916947853250e-01
vn -5.9321968536539087e-02 8.0467275764736657e-01 -5.9074754095902271e-01
vn -1.1437617896650673e-01 8.0241727988111489e-01 -5.8570009273792523e-01
vn -3.9557488866092790e-02 9.4488839784492584e-01 -3.2499403178005937e-01
vn -6.2155154109419526e-02 9.7177234355220043e-01 -2.2758569622166175e-01
vn -1.6120065422421830e-02 9.9945765770641104e-01 -2.8714699071928928e-02
vn -9.4311878177031555e-15 9.8596879041765495e-01 1.6692975864820042e-01
vn 8.0192689690766769e-09 9.8604981613456233e-01 1.6645047341775873e-01
vn -1.0956191627982215e-03 9.9956926255452561e-01 -2.9327273566629643e-02
vn 9.0018854039868755e-16 9.8607696003643219e-01 1.6628959343659616e-01
vn 1.5028384075426173e-02 9.9947235073836171e-01 -2.8795273598535967e-02
vn -8.0193753615980220e-09 9.8604981613410791e-01 1.6645047342044972e-01
vn 1.2043626843207160e-14 9.8596879041765728e-01 1.6692975864818668e-01
vn 6.2155154109461729e-02 9.7177234355219499e-01 -2.2758569622167391e-01
vn 3.6880270615210604e-02 9.4494010474434920e-01 -3.2515849071658454e-01
vn 5.5308762833541331e-02 8.0478103324623207e-01 -5.9098936477820829e-01
vn -4.0376132696588940e-03 8.0549704748144058e-01 -5.9258603103495999e-01
vn -2.6912975680115610e-03 9.4528164137178983e-01 -3.2624434922746992e-01
vn 1.5530846132270633e-13 9.8591051122455775e-01 1.6727361972807045e-01
vn -4.6870811809264279e-02 9.9071116073135690e-01 -1.2765000196893120e-01
vn -4.4094221924206335e-16 9.8596879041764807e-01 1.6692975864824180e-01
vn -6.2155144467732813e-02 9.7177234381095656e-01 -2.2758569775000229e-01
vn -8.9798513509999858e-02 9.0637389995415185e-01 -4.1282269856839932e-01
vn -1.1437619843497918e-01 8.0241727935864104e-01 -5.8570008965189613e-01
vn -1.2472863137677391e-01 7.3945700633003375e-01 -6.6154826301963876e-01
vn -1.4834045293025380e-01 5.0489445122220689e-01 -8.5033916947855193e-01
vn -1.4834045293023487e-01 5.0489445122229482e-01 -8.5033916947850319e-01
vn 1.4834045293024703e-01 5.0489445122224685e-01 -8.5033916947852950e-01
vn 7.4406463609994936e-02 5.0912769145566794e-01 -8.5746875859478211e-01
vn 1.4834045293024509e-01 5.0489445122224708e-01 -8.5033916947852983e-01
vn 4.9609610819692000e-02 5.0991427885517471e-01 -8.5879352275964782e-01
vn 1.2532988107347166e-09 5.1054291791161077e-01 -8.5985227159687039e-01
vn -4.9609610819691972e-02 5.0991427885517471e-01 -8.5879352275964782e-01
vn -7.4406462360120176e-02 5.0912769150327986e-01 -8.5746875867496952e-01
vn -1.4834045293024520e-01 5.0489445122224708e-01 -8.5033916947852983e-01
vn -1.4834045293019496e-01 5.0489445122225085e-01 -8.5033916947853627e-01
vn 1.4834045293024495e-01 5.0489445122224719e-01 -8.5033916947852972e-01
vn 2.1265768495757987e-17 9.9619469809174532e-01 8.7155742747660400e-02
vn -1.4834045293024517e-01 5.0489445122224719e-01 -8.5033916947852972e-01
vn -9.3923623774029660e-06 -9.8960376179766962e-01 -1.4382070277844011e-01
vn 2.7176044493470160e-03 -9.6816705355922361e-01 2.5029017365551642e-01
vn 1.7590062331726623e-04 -9.8963923235156870e-01 -1.4357631716118352e-01
vn 3.0720298341177458e-02 -9.2600459357067344e-01 3.7626022372267970e-01
vn -1.2841063034791764e-03 -9.9211850065071450e-01 1.2529657512310480e-01
vn 4.6148799153652754e-02 -8.2882591945091344e-01 5.5760011081690430e-01
vn 3.4062818066062121e-03 -9.2324588308164002e-01 3.8419452965529927e-01
vn -2.3019748126632219e-03 -8.2565022976104718e-01 5.6417763072235672e-01
vn 4.9939978151644873e-02 -6.8526524534639788e-01 7.2657934329469787e-01
vn -2.5719976033884437e-03 -7.2842130727779253e-01 6.8512464846335819e-01
vn 4.6113376654695247e-02 -6.1937579148340660e-01 7.8373923304745030e-01
vn 7.9660420326039000e-03 -6.5398863604071433e-01 7.5646242874576464e-01
vn 4.7064172113052582e-13 -5.1067720228847990e-01 8.5977252518489511e-01
vn 4.6343506667523890e-02 -4.9779819046379503e-01 8.6605383259975721e-01
vn 6.6972707732310205e-02 -5.8655267366567043e-01 8.0713729775959198e-01
vn 1.1484957135356851e-01 -5.0524966051093234e-01 8.5529664825339358e-01
vn 1.1225969514183402e-01 -5.2237510968197631e-01 8.4529403501468392e-01
vn 1.3117857528568749e-01 -4.6865618663092656e-01 8.7358660710806202e-01
vn 1.2256411270487454e-01 -4.6875533236100747e-01 8.7478367420750847e-01
vn 9.6039558249478962e-02 -5.6559458775027627e-01 8.1907213696892411e-01
vn 1.0527923214720702e-01 -4.6895023467536273e-01 8.7692756866027233e-01
vn 6.4706867561669462e-02 -6.0490041845091547e-01 7.9366775482456375e-01
vn 7.0251360447875971e-02 -4.6924137585004794e-01 8.8027113865307249e-01
vn 5.5923701587554430e-03 -6.2990442055049911e-01 7.7665252614470215e-01
vn -7.0569679267185455e-08 -4.6947217449885142e-01 8.8294726760510156e-01
vn -5.4121315604407305e-02 -6.1297884329921659e-01 7.8824350353479133e-01
vn -7.0243796044329412e-02 -4.6923769318646974e-01 8.8027370539527250e-01
vn -7.0261454961833641e-02 -5.9971679998360650e-01 7.9712175215839465e-01
vn -8.2243724515235775e-02 -5.8614541332845715e-01 8.0602079638919633e-01
vn -4.5066464336438988e-02 -8.4227352730199290e-01 5.3716321448743254e-01
vn -5.1817848363442533e-02 -8.1137983472177266e-01 5.8221789254354939e-01
vn -3.2208528369871009e-02 -9.1528128064452863e-01 4.0152557577563941e-01
vn -3.6882739732934086e-02 -8.8406011021555486e-01 4.6591564154410370e-01
vn 5.2801954272127157e-05 -9.9223107315912606e-01 1.2440857956524819e-01
vn 1.1723509153982218e-05 -9.2465461447868091e-01 3.8080683264069898e-01
vn -2.5429541878297043e-02 -9.4141791635300143e-01 3.3628209165733597e-01
vn -1.5867353761705002e-04 -8.2613486867920538e-01 5.6347240711067703e-01
vn -4.6254185362380462e-02 -7.1478155584311476e-01 6.9781650723020217e-01
vn -4.2480480281269696e-02 -8.1439182982783043e-01 5.7875846110856188e-01
vn -6.0057652165814109e-02 -7.4774956369875156e-01 6.6125915373978517e-01
vn -9.7949389632300973e-02 -5.6075187353929890e-01 8.2216984461413189e-01
vn -1.0521204733562521e-01 -4.6894583375687049e-01 8.7693798532023914e-01
vn -2.4500398007434670e-04 -7.3030776580191292e-01 6.8311822343022588e-01
vn -4.7673141236302778e-02 -6.4320091107507571e-01 7.6421192060635634e-01
vn -6.7844950061062378e-02 -6.0546795033810008e-01 7.9297265013655538e-01
vn -4.6343506667630360e-02 -4.9779819046371110e-01 8.6605383259979996e-01
vn -9.2584944290552307e-02 -4.8374622195009076e-01 8.7029743239867652e-01
vn 1.8382592162500302e-04 -6.5093045316365306e-01 7.5913734683006595e-01
vn -6.5789808244047280e-13 -5.1067720228906022e-01 8.5977252518455038e-01
vn -1.3860133742231465e-01 -4.6855690737525085e-01 8.7249303367745368e-01
vn -1.3802274965480613e-01 -4.6856402799226787e-01 8.7258092590280023e-01
vn -1.3720295079193065e-01 -4.6857431767983687e-01 8.7270468035003823e-01
vn -1.1415794677878650e-01 -5.1130632247367591e-01 8.5178272334304661e-01
vn -1.3528691161763948e-01 -4.6860139744295609e-01 8.7298922207520402e-01
vn -1.3115502809279603e-01 -4.6865318912759291e-01 8.7359175072027462e-01
vn -1.0957874869137627e-01 -5.3056418081562851e-01 8.4053206236923128e-01
vn -1.2260093135865865e-01 -4.6875679379772295e-01 8.7477773171158657e-01
vn 1.3527031095109787e-01 -4.6859611453621342e-01 8.7299463023363288e-01
vn 1.3724264802899977e-01 -4.6857263116333736e-01 8.7269934392473059e-01
vn 1.3798337748239578e-01 -4.6849157808654218e-01 8.7262605324418996e-01
vn 1.3860133742243963e-01 -4.6855690737510086e-01 8.7249303367751430e-01
vn 9.2584944290620266e-02 -4.8374622194969891e-01 8.7029743239888702e-01
vn 3.7637941981373238e-03 -9.0236904445985933e-01 4.3094772473449072e-01
vn 4.2325732417721237e-02 -8.5344372930528978e-01 5.1946350524823448e-01
vn 6.1920690784246175e-02 -7.6047110737632073e-01 6.4641281152111640e-01
vn 6.8854144098441816e-02 -6.3926280283906478e-01 7.6589958594244845e-01
vn -3.5415302713207739e-02 -8.7019058158619533e-01 4.9144084898633644e-01
vn -6.5710192665549200e-02 -6.6342665341934925e-01 7.4535041833533511e-01
vn -2.8108442977023819e-17 -9.8960379396958853e-01 -1.4382048171590928e-01
vn 4.5462614339151719e-18 -9.9227253711205865e-01 1.2407744393401308e-01
vn -2.8108443599242172e-17 -9.8960379321882264e-01 -1.4382048688179905e-01
vn 1.9687457842647627e-17 -9.6922648836057601e-01 2.4617070146592601e-01
vn 3.6266615959862131e-17 -9.2569986966156981e-01 3.7825884167928264e-01
vn 6.4480857346023899e-17 -8.0103403979920607e-01 5.9861879947339114e-01
vn 5.9933257744827801e-17 -8.2609200244847503e-01 5.6353527262334602e-01
vn 7.5467375933482381e-17 -7.3085449468052077e-01 6.8253330146248603e-01
vn 8.5609525809106465e-17 -6.5142037876659942e-01 7.5871700266145359e-01
vn 9.9440386944724567e-17 -5.1067720228857594e-01 8.5977252518483804e-01
vn 9.9440386944724358e-17 -5.1067720228857860e-01 8.5977252518483649e-01
vn 9.9440386944725590e-17 -5.1067720228856361e-01 8.5977252518484537e-01
vn 8.5654401990452288e-17 -6.5103138570466956e-01 7.5905081175600997e-01
vn 6.4480857346023850e-17 -8.0103403979920629e-01 5.9861879947339081e-01
vn 7.5552725693570482e-17 -7.3025000647308458e-01 6.8318001145090590e-01
vn 5.9928776721994566e-17 -8.2611564643359814e-01 5.6350061110667704e-01
vn 3.6586071710397626e-17 -9.2466293050282344e-01 3.8078663967362442e-01
vn 1.9687457842647562e-17 -9.6922648836057612e-01 2.4617070146592548e-01
vn 4.5861518765461717e-18 -9.9223204050751401e-01 1.2440087535984302e-01
vn -2.8108443599240428e-17 -9.8960379321882486e-01 -1.4382048688178459e-01
vn -2.8108443576522349e-17 -9.8960379324623626e-01 -1.4382048669317060e-01

g face 0
f 16//1 1//2 17//2
f 17//2 1//2 2//3
f 17//2 2//3 32//4
f 32//4 2//3 3//5
f 32//4 3//5 31//6
f 31//6 3//5 4//7
f 31//6 4//7 30//8
f 30//8 4//7 5//9
f 30//8 5//9 29//10
f 29//10 5//9 6//11
f 29//10 6//11 28//12
f 28//13 6//14 27//15
f 27//15 6//14 7//16
f 27//15 7//16 26//17
f 26//17 7//16 8//18
f 26//17 8//18 9//19
f 10//20 24//21 9//19
f 9//19 24//21 25//22
f 9//19 25//22 26//17
f 10//20 11//23 24//21
f 24//21 11//23 23//24
f 23//24 11//23 12//25
f 23//24 12//25 22//26
f 22//26 12//25 13//27
f 22//26 13//27 21//28
f 21//28 13//27 20//29
f 20//29 13//27 14//30
f 20//29 14//30 19//31
f 19//31 14//30 15//32
f 19//31 15//32 18//33
f 18//33 15//32 16//1
f 18//33 16//1 17//2

g face 1
f 33//34 34//35 43//36
f 43//36 34//35 42//37
f 42//37 34//35 41//38
f 41//38 34//35 40//39
f 40//39 34//35 39//40
f 39//40 34//35 38//41
f 38//41 34//35 37//42
f 37//42 34//35 35//43
f 37//42 35//43 36//43

g face 2
f 44//44 45//45 47//44
f 47//44 45//45 46//46

g face 3
f 36//47 35//47 52//48
f 52//48 35//47 48//49
f 52//48 48//49 51//50
f 51//50 48//49 49//51
f 51//50 49//51 50//51

g face 4
f 44//52 53//53 49//54
f 49//54 53//53 54//55
f 49//54 54//55 55//56
f 44//52 47//52 53//53
f 55//56 56//57 49//54
f 49//54 56//57 50//54

g face 5
f 16//58 67//59 1//60
f 1//60 67//59 68//61
f 1//60 68//61 70//62
f 70//62 68//61 69//63
f 16//58 15//64 67//59
f 67//59 15//64 66//65
f 66//65 15//64 14//66
f 66//65 14//66 65//67
f 65//67 14//66 13//68
f 65//67 13//68 12//69
f 12//69 11//70 65//67
f 65//67 11//70 64//71
f 64//71 11//70 10//72
f 64//71 10//72 9//73
f 64//71 9//73 73//74
f 73//74 9//73 8//72
f 73//74 8//72 7//75
f 7//75 6//69 73//74
f 73//74 6//69 72//76
f 72//76 6//69 5//68
f 72//76 5//68 4//66
f 4//66 3//64 72//76
f 72//76 3//64 71//77
f 71//77 3//64 2//58
f 71//77 2//58 1//60
f 35//78 34//79 48//80
f 48//80 34//79 82//81
f 82//81 34//79 81//82
f 81//82 34//79 33//83
f 81//82 33//83 57//84
f 81//82 57//84 80//85
f 80//85 57//84 58//86
f 80//85 58//86 91//87
f 91//87 58//86 90//88
f 90//88 58//86 89//89
f 89//89 58//86 88//90
f 88//90 58//86 87//91
f 87//91 58//86 59//92
f 87//91 59//92 86//93
f 86//93 59//92 85//94
f 85//94 59//92 84//95
f 84//95 59//92 83//96
f 83//96 59//92 78//97
f 83//96 78//97 98//98
f 98//98 78//97 97//99
f 97//99 78//97 79//100
f 97//99 79//100 96//101
f 96//101 79//100 95//102
f 95//102 79//100 94//103
f 94//103 79//100 93//104
f 93//104 79//100 80//85
f 93//104 80//85 92//105
f 92//105 80//85 91//87
f 59//92 60//106 78//97
f 78//97 60//106 77//107
f 77//107 60//106 61//108
f 77//107 61//108 76//109
f 76//109 61//108 62//110
f 76//109 62//110 75//111
f 75//111 62//110 63//112
f 75//111 63//112 74//113
f 74//113 63//112 64//71
f 74//113 64//71 73//74
f 70//62 71//77 1//60

g face 6
f 100//114 58//115 99//116
f 99//116 58//115 57//117
f 99//116 57//117 108//117
f 108//117 57//117 33//118
f 108//117 33//118 43//118
f 58//115 100//114 59//119
f 59//119 100//114 101//120
f 59//119 101//120 60//121
f 60//121 101//120 102//122
f 60//121 102//122 61//123
f 61//123 102//122 62//124
f 62//124 102//122 103//125
f 62//124 103//125 104//126
f 105//127 64//128 104//126
f 104//126 64//128 63//129
f 104//126 63//129 62//124
f 105//127 106//130 64//128
f 64//128 106//130 65//131
f 65//131 106//130 107//132
f 65//131 107//132 66//133

g face 7
f 56//134 39//134 50//134
f 50//134 39//134 38//134
f 50//134 38//134 51//134
f 51//134 38//134 52//134
f 52//134 38//134 37//134
f 52//134 37//134 36//134

g face 8
f 32//135 133//136 17//137
f 17//137 133//136 134//138
f 17//137 134//138 138//139
f 138//139 134//138 137//140
f 137//140 134//138 136//141
f 136//141 134//138 135//142
f 32//135 31//143 133//136
f 133//136 31//143 132//144
f 132//144 31//143 30//145
f 132//144 30//145 29//146
f 29//146 28//147 132//144
f 132//144 28//147 131//148
f 131//148 28//147 27//149
f 131//148 27//149 26//150
f 26//150 25//151 131//148
f 131//148 25//151 105//152
f 131//148 105//152 130//153
f 130//153 105//152 104//154
f 130//153 104//154 129//155
f 129//155 104//154 103//156
f 129//155 103//156 128//157
f 128//157 103//156 102//158
f 128//157 102//158 127//159
f 127//159 102//158 101//160
f 127//159 101//160 126//161
f 126//161 101//160 100//162
f 126//161 100//162 110//163
f 110//163 100//162 109//164
f 109//164 100//162 124//165
f 124//165 100//162 123//166
f 123//166 100//162 122//167
f 122//167 100//162 121//168
f 121//168 100//162 99//169
f 121//168 99//169 120//170
f 120//170 99//169 119//171
f 119//171 99//169 118//172
f 118//172 99//169 117//173
f 117//173 99//169 46//174
f 117//173 46//174 116//172
f 116//172 46//174 115//171
f 115//171 46//174 125//175
f 115//171 125//175 114//170
f 114//170 125//175 113//168
f 113//168 125//175 112//176
f 112//176 125//175 111//166
f 111//166 125//175 126//161
f 111//166 126//161 110//163
f 25//151 24//150 105//152
f 105//152 24//150 23//149
f 105//152 23//149 106//177
f 106//177 23//149 22//147
f 106//177 22//147 21//146
f 21//146 20//145 106//177
f 106//177 20//145 140//178
f 106//177 140//178 107//179
f 107//179 140//178 141//180
f 20//145 19//143 140//178
f 140//178 19//143 139//181
f 139//181 19//143 18//135
f 139//181 18//135 138//139
f 138//139 18//135 17//137
f 42//182 47//183 43//184
f 43//184 47//183 46//174
f 43//184 46//174 108//185
f 108//185 46//174 99//169
f 42//182 53//182 47//183

g face 9
f 42//186 41//186 53//186
f 53//186 41//186 54//186
f 54//186 41//186 40//186
f 54//186 40//186 55//186
f 55//186 40//186 39//186
f 55//186 39//186 56//186

g face 10
f 72//187 132//188 73//189
f 73//189 132//188 131//190
f 73//189 131//190 74//191
f 74//191 131//190 130//192
f 74//191 130//192 75//193
f 75//193 130//192 129//194
f 75//193 129//194 76//195
f 76//195 129//194 128//196
f 76//195 128//196 77//197
f 77//197 128//196 127//198
f 77//197 127//198 78//199
f 78//199 127//198 126//200
f 78//199 126//200 79//201
f 79//201 126//200 125//202
f 79//201 125//202 80//203
f 80//203 125//202 46//204
f 80//203 46//204 45//205

g face 11
f 132//206 72//206 133//206
f 133//206 72//206 71//206
f 133//206 71//206 134//206
f 134//206 71//206 70//206
f 134//206 70//206 135//206
f 135//206 70//206 69//206
f 135//206 69//206 151//206
f 151//206 69//206 142//206
f 151//206 142//206 143//206
f 151//206 143//206 150//206
f 150//206 143//206 144//206
f 150//206 144//206 149//206
f 149//206 144//206 148//206
f 148//206 144//206 145//206
f 148//206 145//206 147//206
f 147//206 145//206 146//206

g face 12
f 107//207 141//207 66//207
f 66//207 141//207 161//207
f 161//207 141//207 152//207
f 161//207 152//207 153//207
f 161//207 153//207 160//207
f 160//207 153//207 154//207
f 160//207 154//207 159//207
f 159//207 154//207 155//207
f 159//207 155//207 158//207
f 158//207 155//207 156//207
f 158//207 156//207 157//207

g face 13
f 84//208 83//209 185//210
f 185//210 83//209 162//211
f 185//210 162//211 184//212
f 184//212 162//211 163//213
f 184//212 163//213 183//214
f 183//214 163//213 182//215
f 183//214 182//215 188//216
f 188//216 182//215 187//217
f 188//216 187//217 193//218
f 193//218 187//217 192//219
f 193//218 192//219 198//220
f 198//220 192//219 197//221
f 198//220 197//221 203//222
f 203//222 197//221 204//223
f 203//222 204//223 205//224
f 205//224 204//223 168//225
f 205//224 168//225 169//226
f 163//213 164//47 182//215
f 182//215 164//47 181//227
f 182//215 181//227 187//217
f 187//217 181//227 186//228
f 187//217 186//228 192//219
f 192//219 186//228 191//229
f 192//219 191//229 197//221
f 197//221 191//229 196//230
f 197//221 196//230 204//223
f 204//223 196//230 168//225
f 164//47 165//231 181//227
f 181//227 165//231 186//228
f 165//231 166//232 186//228
f 186//228 166//232 191//229
f 166//232 167//233 191//229
f 191//229 167//233 196//230
f 167//233 168//225 196//230
f 205//224 169//226 210//234
f 210//234 169//226 170//235
f 210//234 170//235 215//236
f 215//236 170//235 171//237
f 215//236 171//237 220//238
f 220//238 171//237 172//239
f 220//238 172//239 234//240
f 234//240 172//239 225//241
f 234//240 225//241 226//242
f 226//242 225//241 236//243
f 226//242 236//243 237//244
f 237//244 236//243 242//245
f 237//244 242//245 243//246
f 243//246 242//245 248//247
f 243//246 248//247 249//248
f 249//248 248//247 255//249
f 249//248 255//249 95//250
f 95//250 255//249 254//251
f 95//250 254//251 96//252
f 96//252 254//251 264//253
f 96//252 264//253 97//254
f 97//254 264//253 269//255
f 97//254 269//255 98//256
f 98//256 269//255 274//257
f 98//256 274//257 83//209
f 83//209 274//257 162//211
f 162//211 274//257 273//258
f 162//211 273//258 272//259
f 272//259 273//258 267//260
f 272//259 267//260 266//261
f 266//261 267//260 261//262
f 266//261 261//262 260//263
f 260//263 261//262 250//264
f 260//263 250//264 177//265
f 177//265 250//264 176//266
f 176//266 250//264 259//267
f 176//266 259//267 245//268
f 245//268 259//267 258//269
f 245//268 258//269 246//270
f 246//270 258//269 257//271
f 246//270 257//271 247//272
f 247//272 257//271 256//273
f 247//272 256//273 248//247
f 248//247 256//273 255//249
f 172//239 173//274 225//241
f 225//241 173//274 235//275
f 225//241 235//275 236//243
f 236//243 235//275 241//276
f 236//243 241//276 242//245
f 242//245 241//276 247//272
f 242//245 247//272 248//247
f 173//274 174//277 235//275
f 235//275 174//277 240//278
f 235//275 240//278 241//276
f 241//276 240//278 246//270
f 241//276 246//270 247//272
f 174//277 175//279 240//278
f 240//278 175//279 245//268
f 240//278 245//268 246//270
f 175//279 176//266 245//268
f 177//265 178//280 260//263
f 260//263 178//280 265//281
f 260//263 265//281 266//261
f 266//261 265//281 271//282
f 266//261 271//282 272//259
f 272//259 271//282 162//211
f 178//280 179//283 265//281
f 265//281 179//283 270//284
f 265//281 270//284 271//282
f 271//282 270//284 163//213
f 271//282 163//213 162//211
f 179//283 164//47 270//284
f 270//284 164//47 163//213
f 95//250 94//285 249//248
f 249//248 94//285 244//286
f 249//248 244//286 243//246
f 243//246 244//286 238//287
f 243//246 238//287 237//244
f 237//244 238//287 227//288
f 237//244 227//288 226//242
f 226//242 227//288 233//289
f 226//242 233//289 234//240
f 234//240 233//289 220//238
f 94//285 93//290 244//286
f 244//286 93//290 239//291
f 244//286 239//291 238//287
f 238//287 239//291 228//292
f 238//287 228//292 227//288
f 227//288 228//292 232//293
f 227//288 232//293 233//289
f 233//289 232//293 221//294
f 233//289 221//294 220//238
f 220//238 221//294 215//236
f 93//290 92//295 239//291
f 239//291 92//295 229//296
f 239//291 229//296 228//292
f 228//292 229//296 231//297
f 228//292 231//297 232//293
f 232//293 231//297 222//298
f 232//293 222//298 221//294
f 221//294 222//298 216//299
f 221//294 216//299 215//236
f 215//236 216//299 210//234
f 92//295 91//300 229//296
f 229//296 91//300 230//301
f 229//296 230//301 231//297
f 231//297 230//301 223//302
f 231//297 223//302 222//298
f 222//298 223//302 217//303
f 222//298 217//303 216//299
f 216//299 217//303 211//304
f 216//299 211//304 210//234
f 210//234 211//304 205//224
f 230//301 91//300 224//305
f 224//305 91//300 90//306
f 224//305 90//306 219//307
f 219//307 90//306 89//308
f 219//307 89//308 214//309
f 214//309 89//308 88//310
f 214//309 88//310 209//311
f 209//311 88//310 87//312
f 209//311 87//312 200//313
f 200//313 87//312 180//314
f 200//313 180//314 201//315
f 201//315 180//314 199//316
f 201//315 199//316 202//317
f 202//317 199//316 198//220
f 202//317 198//220 203//222
f 87//312 86//318 180//314
f 180//314 86//318 195//319
f 180//314 195//319 194//320
f 194//320 195//319 189//321
f 194//320 189//321 188//216
f 188//216 189//321 183//214
f 86//318 85//322 195//319
f 195//319 85//322 190//323
f 195//319 190//323 189//321
f 189//321 190//323 184//212
f 189//321 184//212 183//214
f 85//322 84//208 190//323
f 190//323 84//208 185//210
f 190//323 185//210 184//212
f 194//320 188//216 193//218
f 198//220 199//316 193//218
f 193//218 199//316 194//320
f 199//316 180//314 194//320
f 200//313 201//315 208//324
f 208//324 201//315 207//325
f 208//324 207//325 213//326
f 213//326 207//325 212//327
f 213//326 212//327 218//328
f 218//328 212//327 217//303
f 218//328 217//303 223//302
f 201//315 202//317 207//325
f 207//325 202//317 206//329
f 207//325 206//329 212//327
f 212//327 206//329 211//304
f 212//327 211//304 217//303
f 202//317 203//222 206//329
f 206//329 203//222 205//224
f 206//329 205//224 211//304
f 214//309 209//311 208//324
f 208//324 209//311 200//313
f 214//309 208//324 213//326
f 219//307 214//309 213//326
f 219//307 213//326 218//328
f 224//305 219//307 218//328
f 224//305 218//328 223//302
f 230//301 224//305 223//302
f 258//269 259//267 251//330
f 251//330 259//267 250//264
f 251//330 250//264 261//262
f 257//271 258//269 252//331
f 252//331 258//269 251//330
f 252//331 251//330 262//332
f 262//332 251//330 261//262
f 262//332 261//262 267//260
f 256//273 257//271 253//333
f 253//333 257//271 252//331
f 253//333 252//331 263//334
f 263//334 252//331 262//332
f 263//334 262//332 268//335
f 268//335 262//332 267//260
f 268//335 267//260 273//258
f 255//249 256//273 254//251
f 254//251 256//273 253//333
f 254//251 253//333 264//253
f 264//253 253//333 263//334
f 264//253 263//334 269//255
f 269//255 263//334 268//335
f 269//255 268//335 274//257
f 274//257 268//335 273//258

g face 14
f 110//336 109//337 164//338
f 164//338 109//337 124//339
f 164//338 124//339 165//340
f 165//340 124//339 123//341
f 165//340 123//341 166//342
f 166//342 123//341 122//343
f 166//342 122//343 167//344
f 167//344 122//343 168//345
f 168//345 122//343 121//346
f 168//345 121//346 169//347
f 169//347 121//346 120//348
f 169//347 120//348 119//349
f 118//350 171//351 119//349
f 119//349 171//351 170//352
f 119//349 170//352 169//347
f 171//351 118//350 172//353
f 172//353 118//350 117//354
f 172//353 117//354 116//355
f 172//353 116//355 173//356
f 173//356 116//355 115//357
f 173//356 115//357 174//358
f 174//358 115//357 114//359
f 174//358 114//359 175//360
f 175//360 114//359 113//361
f 175//360 113//361 176//362
f 176//363 113//364 112//365
f 176//363 112//365 177//366
f 177//366 112//365 111//367
f 177//366 111//367 178//368
f 178//368 111//367 110//336
f 178//368 110//336 179//369
f 179//369 110//336 164//338

g face 15
f 48//370 82//371 49//372
f 49//372 82//371 81//373
f 49//372 81//373 44//374
f 44//374 81//373 80//375
f 44//374 80//375 45//376

g face 16
f 275//377 289//378 145//379
f 145//379 289//378 290//380
f 145//379 290//380 146//379
f 275//377 276//381 289//378
f 289//378 276//381 288//382
f 288//382 276//381 277//383
f 288//382 277//383 287//384
f 287//384 277//383 278//385
f 287//384 278//385 286//385
f 286//385 278//385 285//386
f 285//386 278//385 279//387
f 285//386 279//387 284//388
f 284//388 279//387 280//389
f 284//388 280//389 281//390
f 284//388 281//390 283//391
f 283//391 281//390 158//392
f 283//391 158//392 282//393
f 282//393 158//392 157//394

g face 17
f 145//395 144//395 275//395
f 275//395 144//395 292//395
f 292//395 144//395 291//395

g face 18
f 275//396 298//397 276//398
f 276//398 298//397 299//399
f 276//398 299//399 296//400
f 296//400 299//399 295//401
f 295//401 299//399 294//402
f 294//402 299//399 298//397
f 294//402 298//397 297//403
f 297//403 298//397 275//396
f 297//403 275//396 292//404
f 291//405 293//406 292//404
f 292//404 293//406 294//402
f 292//404 294//402 297//403

g face 19
f 280//407 279//408 316//409
f 316//409 279//408 310//410
f 316//409 310//410 311//411
f 278//412 308//413 279//408
f 279//408 308//413 309//414
f 279//408 309//414 310//410
f 277//415 306//416 278//412
f 278//412 306//416 307//417
f 278//412 307//417 308//413
f 276//418 302//419 277//415
f 277//415 302//419 303//420
f 277//415 303//420 304//421
f 276//418 296//422 302//419
f 302//419 296//422 295//423
f 302//419 295//423 301//424
f 301//424 295//423 300//425
f 304//421 305//426 277//415
f 277//415 305//426 306//416
f 316//409 311//411 315//427
f 315//427 311//411 312//428
f 315//427 312//428 313//429
f 313//429 314//430 315//427

g face 20
f 280//431 322//432 281//433
f 281//433 322//432 323//434
f 281//433 323//434 320//435
f 320//435 323//434 319//436
f 319//436 323//434 318//437
f 318//437 323//434 322//432
f 318//437 322//432 321//438
f 321//438 322//432 280//431
f 321//438 280//431 316//439
f 316//439 315//440 321//438
f 321//438 315//440 317//441
f 321//438 317//441 318//437

g face 21
f 141//442 140//443 152//444
f 152//444 140//443 324//445
f 152//444 324//445 153//446
f 153//446 324//445 325//447
f 153//446 325//447 154//448
f 154//448 325//447 326//449
f 154//448 326//449 155//450

g face 22
f 326//451 325//452 332//453
f 332//453 325//452 336//454
f 332//453 336//454 331//455
f 331//455 336//454 340//456
f 331//455 340//456 330//457
f 330//457 340//456 344//458
f 330//457 344//458 329//459
f 329//459 344//458 343//460
f 329//459 343//460 328//461
f 328//461 343//460 342//462
f 328//461 342//462 327//463
f 327//463 342//462 341//464
f 327//463 341//464 136//465
f 136//465 341//464 137//466
f 137//466 341//464 337//467
f 137//466 337//467 138//468
f 138//468 337//467 333//469
f 138//468 333//469 139//470
f 139//470 333//469 140//471
f 140//471 333//469 324//472
f 324//472 333//469 334//473
f 324//472 334//473 335//474
f 335//474 334//473 339//475
f 335//474 339//475 340//456
f 340//456 339//475 344//458
f 336//454 325//452 335//474
f 335//474 325//452 324//472
f 334//473 333//469 338//476
f 338//476 333//469 337//467
f 338//476 337//467 342//462
f 342//462 337//467 341//464
f 340//456 336//454 335//474
f 334//473 338//476 339//475
f 339//475 338//476 343//460
f 339//475 343//460 344//458
f 343//460 338//476 342//462

g face 23
f 135//477 151//478 136//479
f 136//479 151//478 327//480
f 327//480 151//478 150//481
f 327//480 150//481 328//482
f 328//482 150//481 149//483
f 328//482 149//483 329//484
f 329//484 149//483 148//485

g face 24
f 326//486 332//487 348//488
f 348//488 332//487 347//489
f 347//489 332//487 331//490
f 347//489 331//490 346//491
f 346//491 331//490 330//492
f 346//491 330//492 345//493
f 345//493 330//492 329//494

g face 25
f 326//495 348//495 155//495
f 155//495 348//495 156//495

g face 26
f 284//496 283//496 156//496
f 156//496 283//496 282//496
f 156//496 282//496 157//496
f 156//496 348//496 284//496
f 284//496 348//496 285//496
f 285//496 348//496 347//496
f 285//496 347//496 286//496
f 286//496 347//496 346//496
f 286//496 346//496 287//496
f 287//496 346//496 345//496
f 287//496 345//496 288//496
f 288//496 345//496 147//496
f 288//496 147//496 289//496
f 289//496 147//496 290//496
f 290//496 147//496 146//496

g face 27
f 329//497 148//497 345//497
f 345//497 148//497 147//497

g face 28
f 67//498 362//499 68//500
f 68//500 362//499 367//501
f 68//500 367//501 358//502
f 358//502 367//501 385//503
f 358//502 385//503 357//504
f 357//504 385//503 356//505
f 356//505 385//503 388//506
f 356//505 388//506 355//507
f 355//507 388//506 391//508
f 355//507 391//508 354//509
f 354//509 391//508 291//510
f 291//510 391//508 293//511
f 293//511 391//508 390//512
f 293//511 390//512 389//513
f 389//513 390//512 386//514
f 389//513 386//514 303//515
f 303//515 386//514 304//516
f 304//516 386//514 383//517
f 304//516 383//517 305//518
f 305//518 383//517 365//519
f 305//518 365//519 306//520
f 306//520 365//519 364//521
f 306//520 364//521 307//522
f 307//522 364//521 369//523
f 307//522 369//523 308//524
f 308//524 369//523 371//525
f 308//524 371//525 361//526
f 361//526 371//525 372//527
f 361//526 372//527 370//528
f 370//528 372//527 373//529
f 370//528 373//529 359//530
f 359//530 373//529 349//531
f 359//530 349//531 350//532
f 362//499 67//498 360//533
f 360//533 67//498 349//531
f 360//533 349//531 373//529
f 351//534 374//535 350//532
f 350//532 374//535 379//536
f 350//532 379//536 359//530
f 359//530 379//536 378//537
f 359//530 378//537 370//528
f 370//528 378//537 377//538
f 370//528 377//538 361//526
f 361//526 377//538 309//539
f 361//526 309//539 308//524
f 351//534 352//540 374//535
f 374//535 352//540 380//541
f 374//535 380//541 381//542
f 381//542 380//541 318//543
f 381//542 318//543 317//544
f 352//540 353//545 380//541
f 380//541 353//545 318//543
f 353//545 319//546 318//543
f 315//547 314//548 317//544
f 317//544 314//548 313//549
f 317//544 313//549 382//550
f 382//550 313//549 312//551
f 382//550 312//551 311//552
f 382//550 311//552 376//553
f 376//553 311//552 310//554
f 376//553 310//554 377//538
f 377//538 310//554 309//539
f 303//515 302//555 389//513
f 389//513 302//555 301//556
f 389//513 301//556 300//557
f 295//558 294//559 300//557
f 300//557 294//559 389//513
f 294//559 293//511 389//513
f 362//499 363//560 367//501
f 367//501 363//560 366//561
f 367//501 366//561 385//503
f 385//503 366//561 384//562
f 385//503 384//562 388//506
f 388//506 384//562 387//563
f 388//506 387//563 391//508
f 391//508 387//563 390//512
f 363//560 364//521 366//561
f 366//561 364//521 365//519
f 366//561 365//519 384//562
f 384//562 365//519 383//517
f 384//562 383//517 387//563
f 387//563 383//517 386//514
f 387//563 386//514 390//512
f 363//560 362//499 368//564
f 368//564 362//499 360//533
f 368//564 360//533 372//527
f 372//527 360//533 373//529
f 364//521 363//560 369//523
f 369//523 363//560 368//564
f 369//523 368//564 371//525
f 371//525 368//564 372//527
f 378//537 379//536 375//565
f 375//565 379//536 374//535
f 375//565 374//535 381//542
f 377//538 378//537 376//553
f 376//553 378//537 375//565
f 376//553 375//565 382//550
f 382//550 375//565 381//542
f 382//550 381//542 317//544

g face 29
f 158//395 281//395 159//395
f 159//395 281//395 320//395
f 159//395 320//395 319//395

g face 30
f 68//566 358//567 69//568
f 69//568 358//567 142//569
f 142//569 358//567 357//570
f 142//569 357//570 143//571
f 143//571 357//570 356//572
f 143//571 356//572 355//573
f 355//573 354//574 143//571
f 143//571 354//574 144//575
f 144//575 354//574 291//576

g face 31
f 319//577 353//578 159//575
f 159//575 353//578 160//579
f 160//579 353//578 352//580
f 160//579 352//580 351//581
f 351//581 350//582 160//579
f 160//579 350//582 161//583
f 161//583 350//582 349//584
f 161//583 349//584 66//585
f 66//585 349//584 67//586

g halfedge 0 edge 0
l 1 16 15 14 13 12 11 10 9 8 7 6 5 4 3 2 1

g halfedge 1 edge 0
l 1 2 3 4 5 6 7 8 9 10 11 12 13 14 15 16 1

g halfedge 2 edge 1
l 17 32 31 30 29 28 27 26 25 24 23 22 21 20 19 18 17

g halfedge 3 edge 1
l 17 18 19 20 21 22 23 24 25 26 27 28 29 30 31 32 17

g halfedge 4 edge 2
l 35 34 33

g halfedge 5 edge 2
l 33 34 35

g halfedge 6 edge 3
l 36 35

g halfedge 7 edge 3
l 35 36

g halfedge 8 edge 4
l 39 38 37 36

g halfedge 9 edge 4
l 36 37 38 39

g halfedge 10 edge 5
l 42 41 40 39

g halfedge 11 edge 5
l 39 40 41 42

g halfedge 12 edge 6
l 43 42

g halfedge 13 edge 6
l 42 43

g halfedge 14 edge 7
l 33 43

g halfedge 15 edge 7
l 43 33

g halfedge 16 edge 8
l 45 44

g halfedge 17 edge 8
l 44 45

g halfedge 18 edge 9
l 46 45

g halfedge 19 edge 9
l 45 46

g halfedge 20 edge 10
l 47 46

g halfedge 21 edge 10
l 46 47

g halfedge 22 edge 11
l 44 47

g halfedge 23 edge 11
l 47 44

g halfedge 24 edge 12
l 48 35

g halfedge 25 edge 12
l 35 48

g halfedge 26 edge 13
l 49 48

g halfedge 27 edge 13
l 48 49

g halfedge 28 edge 14
l 50 49

g halfedge 29 edge 14
l 49 50

g halfedge 30 edge 15
l 36 52 51 50

g halfedge 31 edge 15
l 50 51 52 36

g halfedge 32 edge 16
l 44 49

g halfedge 33 edge 16
l 49 44

g halfedge 34 edge 17
l 53 47

g halfedge 35 edge 17
l 47 53

g halfedge 36 edge 18
l 56 55 54 53

g halfedge 37 edge 18
l 53 54 55 56

g halfedge 38 edge 19
l 50 56

g halfedge 39 edge 19
l 56 50

g halfedge 40 edge 20
l 33 57

g halfedge 41 edge 20
l 57 33

g halfedge 42 edge 21
l 57 58

g halfedge 43 edge 21
l 58 57

g halfedge 44 edge 22
l 58 59 60 61 62 63 64 65 66

g halfedge 45 edge 22
l 66 65 64 63 62 61 60 59 58

g halfedge 46 edge 23
l 67 66

g halfedge 47 edge 23
l 66 67

g halfedge 48 edge 24
l 67 68

g halfedge 49 edge 24
l 68 67

g halfedge 50 edge 25
l 69 68

g halfedge 51 edge 25
l 68 69

g halfedge 52 edge 26
l 72 71 70 69

g halfedge 53 edge 26
l 69 70 71 72

g halfedge 54 edge 27
l 72 73 74 75 76 77 78 79 80

g halfedge 55 edge 27
l 80 79 78 77 76 75 74 73 72

g halfedge 56 edge 28
l 80 81 82 48

g halfedge 57 edge 28
l 48 82 81 80

g halfedge 58 edge 29
l 83 84 85 86 87 88 89 90 91 92 93 94 95 96 97 98 83

g halfedge 59 edge 29
l 83 98 97 96 95 94 93 92 91 90 89 88 87 86 85 84 83

g halfedge 60 edge 30
l 107 106 105 104 103 102 101 100 99

g halfedge 61 edge 30
l 99 100 101 102 103 104 105 106 107

g halfedge 62 edge 31
l 66 107

g halfedge 63 edge 31
l 107 66

g halfedge 64 edge 32
l 108 43

g halfedge 65 edge 32
l 43 108

g halfedge 66 edge 33
l 99 108

g halfedge 67 edge 33
l 108 99

g halfedge 68 edge 34
l 56 39

g halfedge 69 edge 34
l 39 56

g halfedge 70 edge 35
l 109 110 111 112 113 114 115 116 117 118 119 120 121 122 123 124 109

g halfedge 71 edge 35
l 109 124 123 122 121 120 119 118 117 116 115 114 113 112 111 110 109

g halfedge 72 edge 36
l 53 42

g halfedge 73 edge 36
l 42 53

g halfedge 74 edge 37
l 46 125 126 127 128 129 130 131 132

g halfedge 75 edge 37
l 132 131 130 129 128 127 126 125 46

g halfedge 76 edge 38
l 135 134 133 132

g halfedge 77 edge 38
l 132 133 134 135

g halfedge 78 edge 39
l 135 136

g halfedge 79 edge 39
l 136 135

g halfedge 80 edge 40
l 136 137 138 139 140

g halfedge 81 edge 40
l 140 139 138 137 136

g halfedge 82 edge 41
l 140 141

g halfedge 83 edge 41
l 141 140

g halfedge 84 edge 42
l 141 107

g halfedge 85 edge 42
l 107 141

g halfedge 86 edge 43
l 80 45

g halfedge 87 edge 43
l 45 80

g halfedge 88 edge 44
l 132 72

g halfedge 89 edge 44
l 72 132

g halfedge 90 edge 45
l 69 142 143 144

g halfedge 91 edge 45
l 144 143 142 69

g halfedge 92 edge 46
l 144 145

g halfedge 93 edge 46
l 145 144

g halfedge 94 edge 47
l 145 146

g halfedge 95 edge 47
l 146 145

g halfedge 96 edge 48
l 146 147

g halfedge 97 edge 48
l 147 146

g halfedge 98 edge 49
l 147 148

g halfedge 99 edge 49
l 148 147

g halfedge 100 edge 50
l 135 151 150 149 148

g halfedge 101 edge 50
l 148 149 150 151 135

g halfedge 102 edge 51
l 155 154 153 152 141

g halfedge 103 edge 51
l 141 152 153 154 155

g halfedge 104 edge 52
l 155 156

g halfedge 105 edge 52
l 156 155

g halfedge 106 edge 53
l 157 156

g halfedge 107 edge 53
l 156 157

g halfedge 108 edge 54
l 157 158

g halfedge 109 edge 54
l 158 157

g halfedge 110 edge 55
l 159 158

g halfedge 111 edge 55
l 158 159

g halfedge 112 edge 56
l 66 161 160 159

g halfedge 113 edge 56
l 159 160 161 66

g halfedge 114 edge 57
l 83 162 163 164

g halfedge 115 edge 57
l 164 163 162 83

g halfedge 116 edge 58
l 164 179 178 177 176 175 174 173 172 171 170 169 168 167 166 165 164

g halfedge 117 edge 58
l 164 165 166 167 168 169 170 171 172 173 174 175 176 177 178 179 164

g halfedge 118 edge 59
l 275 145

g halfedge 119 edge 59
l 145 275

g halfedge 120 edge 60
l 276 275

g halfedge 121 edge 60
l 275 276

g halfedge 122 edge 61
l 280 279 278 277 276

g halfedge 123 edge 61
l 276 277 278 279 280

g halfedge 124 edge 62
l 281 280

g halfedge 125 edge 62
l 280 281

g halfedge 126 edge 63
l 158 281

g halfedge 127 edge 63
l 281 158

g halfedge 128 edge 64
l 283 282 157

g halfedge 129 edge 64
l 157 282 283

g halfedge 130 edge 65
l 289 288 287 286 285 284 283

g halfedge 131 edge 65
l 283 284 285 286 287 288 289

g halfedge 132 edge 66
l 146 290 289

g halfedge 133 edge 66
l 289 290 146

g halfedge 134 edge 67
l 144 291

g halfedge 135 edge 67
l 291 144

g halfedge 136 edge 68
l 291 292 275

g halfedge 137 edge 68
l 275 292 291

g halfedge 138 edge 69
l 295 294 293 291

g halfedge 139 edge 69
l 291 293 294 295

g halfedge 140 edge 70
l 276 296 295

g halfedge 141 edge 70
l 295 296 276

g halfedge 142 edge 71
l 295 300 301 302 303 304 305 306 307 308 309 310 311 312 313 314 315

g halfedge 143 edge 71
l 315 314 313 312 311 310 309 308 307 306 305 304 303 302 301 300 295

g halfedge 144 edge 72
l 315 316 280

g halfedge 145 edge 72
l 280 316 315

g halfedge 146 edge 73
l 315 317 318 319

g halfedge 147 edge 73
l 319 318 317 315

g halfedge 148 edge 74
l 281 320 319

g halfedge 149 edge 74
l 319 320 281

g halfedge 150 edge 75
l 140 324 325 326

g halfedge 151 edge 75
l 326 325 324 140

g halfedge 152 edge 76
l 155 326

g halfedge 153 edge 76
l 326 155

g halfedge 154 edge 77
l 136 327 328 329

g halfedge 155 edge 77
l 329 328 327 136

g halfedge 156 edge 78
l 326 332 331 330 329

g halfedge 157 edge 78
l 329 330 331 332 326

g halfedge 158 edge 79
l 329 148

g halfedge 159 edge 79
l 148 329

g halfedge 160 edge 80
l 345 329

g halfedge 161 edge 80
l 329 345

g halfedge 162 edge 81
l 348 347 346 345

g halfedge 163 edge 81
l 345 346 347 348

g halfedge 164 edge 82
l 326 348

g halfedge 165 edge 82
l 348 326

g halfedge 166 edge 83
l 156 348

g halfedge 167 edge 83
l 348 156

g halfedge 168 edge 84
l 345 147

g halfedge 169 edge 84
l 147 345

g halfedge 170 edge 85
l 319 353 352 351 350 349 67

g halfedge 171 edge 85
l 67 349 350 351 352 353 319

g halfedge 172 edge 86
l 68 358 357 356 355 354 291

g halfedge 173 edge 86
l 291 354 355 356 357 358 68

g halfedge 174 edge 87
l 319 159

g halfedge 175 edge 87
l 159 319

g vertex 0
p 1

g vertex 1
p 17

g vertex 2
p 33

g vertex 3
p 35

g vertex 4
p 36

g vertex 5
p 39

g vertex 6
p 42

g vertex 7
p 43

g vertex 8
p 44

g vertex 9
p 45

g vertex 10
p 46

g vertex 11
p 47

g vertex 12
p 48

g vertex 13
p 49

g vertex 14
p 50

g vertex 15
p 53

g vertex 16
p 56

g vertex 17
p 57

g vertex 18
p 58

g vertex 19
p 66

g vertex 20
p 67

g vertex 21
p 68

g vertex 22
p 69

g vertex 23
p 72

g vertex 24
p 80

g vertex 25
p 83

g vertex 26
p 99

g vertex 27
p 107

g vertex 28
p 108

g vertex 29
p 109

g vertex 30
p 132

g vertex 31
p 135

g vertex 32
p 136

g vertex 33
p 140

g vertex 34
p 141

g vertex 35
p 144

g vertex 36
p 145

g vertex 37
p 146

g vertex 38
p 147

g vertex 39
p 148

g vertex 40
p 155

g vertex 41
p 156

g vertex 42
p 157

g vertex 43
p 158

g vertex 44
p 159

g vertex 45
p 164

g vertex 46
p 275

g vertex 47
p 276

g vertex 48
p 280

g vertex 49
p 281

g vertex 50
p 283

g vertex 51
p 289

g vertex 52
p 291

g vertex 53
p 295

g vertex 54
p 315

g vertex 55
p 319

g vertex 56
p 326

g vertex 57
p 329

g vertex 58
p 345

g vertex 59
p 348

# End of file
