# WaveFront *.obj file
# Vertices: 504
# Triangles : 1004

v -3.9687499999999759e-01 -1.2699999999999999e-02 -2.7744478627714413e+00
v -3.9573326288384697e-01 -1.2699999999999999e-02 -2.7878623028844882e+00
v -3.9234089723347115e-01 -1.2699999999999999e-02 -2.8008908339790919e+00
v -3.8679549523216689e-01 -1.2699999999999999e-02 -2.8131586489366485e+00
v -3.7925658799902379e-01 -1.2699999999999999e-02 -2.8243128250567828e+00
v -3.6994105616908535e-01 -1.2699999999999999e-02 -2.8340324770008762e+00
v -3.5911689063235291e-01 -1.2699999999999999e-02 -2.8420379880790230e+00
v -3.4709548292380965e-01 -1.2699999999999999e-02 -2.8480990543131015e+00
v -3.3422266705590847e-01 -1.2699999999999999e-02 -2.8520413098629138e+00
v -3.2086877050369200e-01 -1.2699999999999999e-02 -2.8537513432139376e+00
v -3.0741796055758924e-01 -1.2699999999999999e-02 -2.8531799598201144e+00
v -2.9425719252992155e-01 -1.2699999999999999e-02 -2.8503435973413693e+00
v -2.8176507775509496e-01 -1.2699999999999999e-02 -2.8453238527620632e+00
v -2.7030099163084503e-01 -1.2699999999999999e-02 -2.8382651349943169e+00
v -2.6019473504235746e-01 -1.2699999999999999e-02 -2.8293705104965339e+00
v -2.5173704659126789e-01 -1.2699999999999999e-02 -2.8188958614211130e+00
v -2.4517123857543960e-01 -1.2699999999999999e-02 -2.8071425243508084e+00
v -2.4068619733715141e-01 -1.2699999999999999e-02 -2.7944486213938857e+00
v -2.3841094934693483e-01 -1.2699999999999999e-02 -2.7811793330266847e+00
v -2.3841094934693483e-01 -1.2699999999999999e-02 -2.7677163925161978e+00
v -2.4068619733715141e-01 -1.2699999999999999e-02 -2.7544471041489968e+00
v -2.4517123857543960e-01 -1.2699999999999999e-02 -2.7417532011920742e+00
v -2.5173704659126789e-01 -1.2699999999999999e-02 -2.7299998641217695e+00
v -2.6019473504235746e-01 -1.2699999999999999e-02 -2.7195252150463487e+00
v -2.7030099163084509e-01 -1.2699999999999999e-02 -2.7106305905485657e+00
v -2.8176507775509496e-01 -1.2699999999999999e-02 -2.7035718727808193e+00
v -2.9425719252992161e-01 -1.2699999999999999e-02 -2.6985521282015132e+00
v -3.0741796055758924e-01 -1.2699999999999999e-02 -2.6957157657227682e+00
v -3.2086877050369200e-01 -1.2699999999999999e-02 -2.6951443823289449e+00
v -3.3422266705590842e-01 -1.2699999999999999e-02 -2.6968544156799688e+00
v -3.4709548292380965e-01 -1.2699999999999999e-02 -2.7007966712297811e+00
v -3.5911689063235286e-01 -1.2699999999999999e-02 -2.7068577374638596e+00
v -3.6994105616908535e-01 -1.2699999999999999e-02 -2.7148632485420063e+00
v -3.7925658799902379e-01 -1.2699999999999999e-02 -2.7245829004860997e+00
v -3.8679549523216689e-01 -1.2699999999999999e-02 -2.7357370766062341e+00
v -3.9234089723347115e-01 -1.2699999999999999e-02 -2.7480048915637907e+00
v -3.9573326288384691e-01 -1.2699999999999999e-02 -2.7610334226583944e+00
v -3.7147499999999756e-01 -3.8100000000000002e-02 -2.7744478627714413e+00
v -3.7029551674960476e-01 -3.8100000000000002e-02 -2.7632258292595528e+00
v -3.6680861607625698e-01 -3.8100000000000002e-02 -2.7524942524614251e+00
v -3.6116669227138543e-01 -3.8100000000000002e-02 -2.7427221537789550e+00
v -3.5361632447821700e-01 -3.8100000000000002e-02 -2.7343366208162991e+00
v -3.4448749999999767e-01 -3.8100000000000002e-02 -2.7277041416021763e+00
v -3.3417919227138548e-01 -3.8100000000000002e-02 -2.7231145873044107e+00
v -3.2314192380486934e-01 -3.8100000000000002e-02 -2.7207685434689388e+00
v -3.1185807619512612e-01 -3.8100000000000002e-02 -2.7207685434689388e+00
v -3.0082080772860997e-01 -3.8100000000000002e-02 -2.7231145873044107e+00
v -2.9051249999999779e-01 -3.8100000000000002e-02 -2.7277041416021763e+00
v -2.8138367552177845e-01 -3.8100000000000002e-02 -2.7343366208162991e+00
v -2.7383330772861003e-01 -3.8100000000000002e-02 -2.7427221537789550e+00
v -2.6819138392373848e-01 -3.8100000000000002e-02 -2.7524942524614251e+00
v -2.6470448325039070e-01 -3.8100000000000002e-02 -2.7632258292595528e+00
v -2.6352499999999790e-01 -3.8100000000000002e-02 -2.7744478627714413e+00
v -2.6470448325039070e-01 -3.8100000000000002e-02 -2.7856698962833297e+00
v -2.6819138392373848e-01 -3.8100000000000002e-02 -2.7964014730814575e+00
v -2.7383330772861003e-01 -3.8100000000000002e-02 -2.8061735717639276e+00
v -2.8138367552177845e-01 -3.8100000000000002e-02 -2.8145591047265834e+00
v -2.9051249999999779e-01 -3.8100000000000002e-02 -2.8211915839407062e+00
v -3.0082080772860997e-01 -3.8100000000000002e-02 -2.8257811382384719e+00
v -3.1185807619512612e-01 -3.8100000000000002e-02 -2.8281271820739438e+00
v -3.2314192380486928e-01 -3.8100000000000002e-02 -2.8281271820739438e+00
v -3.3417919227138548e-01 -3.8100000000000002e-02 -2.8257811382384719e+00
v -3.4448749999999762e-01 -3.8100000000000002e-02 -2.8211915839407062e+00
v -3.5361632447821700e-01 -3.8100000000000002e-02 -2.8145591047265834e+00
v -3.6116669227138543e-01 -3.8100000000000002e-02 -2.8061735717639276e+00
v -3.6680861607625698e-01 -3.8100000000000002e-02 -2.7964014730814575e+00
v -3.7029551674960476e-01 -3.8100000000000002e-02 -2.7856698962833297e+00
v -3.1749999999999773e-01 -1.9274003745604059e-02 -2.6959383467836990e+00
v -3.1749999999999773e-01 -2.5400000000000051e-02 -2.6984758175153165e+00
v -3.1749999999999773e-01 -3.0660512242138369e-02 -2.7025123505293029e+00
v -3.1749999999999773e-01 -3.4697045256124798e-02 -2.7077728627714417e+00
v -3.1749999999999773e-01 -3.7234515987742370e-02 -2.7138988590258375e+00
v -3.3767128267964419e-01 -3.7234515987742370e-02 -2.7173575727945729e+00
v -3.7368275618927865e-01 -3.7234515987742370e-02 -2.7518717745017489e+00
v -3.5939620916944798e-01 -3.7234515987742370e-02 -2.8181615850084554e+00
v -3.1236508576128075e-01 -3.7234515987742370e-02 -2.8347787380373131e+00
v -2.7560379083054748e-01 -3.7234515987742370e-02 -2.8181615850084554e+00
v -2.6131724381071680e-01 -3.7234515987742370e-02 -2.7518717745017489e+00
v -2.9732871732035127e-01 -3.7234515987742370e-02 -2.7173575727945729e+00
v -3.9537362308020296e-01 -1.9274003745604059e-02 -2.7844199703215868e+00
v -3.9285670475705481e-01 -2.5400000000000051e-02 -2.7840976663215855e+00
v -3.8885286590354479e-01 -3.0660512242138369e-02 -2.7835849546988123e+00
v -3.8363496152088311e-01 -3.4697045256124798e-02 -2.7829167759030642e+00
v -3.7755858316975349e-01 -3.7234515987742370e-02 -2.7821386652150535e+00
v -3.7799444704695379e-01 -3.7234515987742370e-02 -2.7718780902001496e+00
v -3.8411492357169458e-01 -3.4697045256124798e-02 -2.7716180955483378e+00
v -3.8937069591452211e-01 -3.0660512242138369e-02 -2.7713948330793534e+00
v -3.9340359187584706e-01 -2.5400000000000051e-02 -2.7712235177614990e+00
v -3.9593877626058083e-01 -1.9274003745604059e-02 -2.7711158244505740e+00
v -3.9256818754795619e-01 -1.9274003745604059e-02 -2.7974372368145528e+00
v -3.9014194244400896e-01 -2.5400000000000051e-02 -2.7966942076028873e+00
v -3.8628234385235832e-01 -3.0660512242138369e-02 -2.7955122188193826e+00
v -3.8125241703873708e-01 -3.4697045256124798e-02 -2.7939718210463051e+00
v -3.7539494320314637e-01 -3.7234515987742370e-02 -2.7921779898462633e+00
v -3.8760317693625967e-01 -1.9274003745604059e-02 -2.8097931408729462e+00
v -3.8533740370570063e-01 -2.5400000000000051e-02 -2.8086507620472063e+00
v -3.8173307900023767e-01 -3.0660512242138369e-02 -2.8068334997682296e+00
v -3.7703583159212001e-01 -3.4697045256124798e-02 -2.8044651974571599e+00
v -3.7156577112964240e-01 -3.7234515987742370e-02 -2.8017072510026915e+00
v -3.8062142556063983e-01 -1.9274003745604059e-02 -2.8211322256333449e+00
v -3.7858130637402920e-01 -2.5400000000000051e-02 -2.8196233613524240e+00
v -3.7533594541415266e-01 -3.0660512242138369e-02 -2.8172231049050600e+00
v -3.7110650866721329e-01 -3.4697045256124798e-02 -2.8140950298015297e+00
v -3.6618122525804025e-01 -3.7234515987742370e-02 -2.8104523091907501e+00
v -3.7182378569653063e-01 -1.9274003745604059e-02 -2.8311282862722122e+00
v -3.7006801106843151e-01 -2.5400000000000051e-02 -2.8292963438142893e+00
v -3.6727497698014316e-01 -3.0660512242138369e-02 -2.8263821442063932e+00
v -3.6363502408907544e-01 -3.4697045256124798e-02 -2.8225842853358594e+00
v -3.6146334942499980e-01 -1.9274003745604059e-02 -2.8394937543247494e+00
v -3.6004242979473183e-01 -2.5400000000000051e-02 -2.8373914353389305e+00
v -3.5778207308348742e-01 -3.0660512242138369e-02 -2.8340471287873510e+00
v -3.5483631886572176e-01 -3.4697045256124798e-02 -2.8296887436347742e+00
v -3.5140591542328664e-01 -3.7234515987742370e-02 -2.8246132966267754e+00
v -3.4983816763438041e-01 -1.9274003745604059e-02 -2.8459879705060547e+00
v -3.4879298027264455e-01 -2.5400000000000051e-02 -2.8436757548818790e+00
v -3.4713032728560539e-01 -3.0660512242138369e-02 -2.8399975509971420e+00
v -3.4496351572666584e-01 -3.4697045256124798e-02 -2.8352040223680701e+00
v -3.4244021022274207e-01 -3.7234515987742370e-02 -2.8296218400490534e+00
v -3.3728267563887349e-01 -1.9274003745604059e-02 -2.8504241080405817e+00
v -3.3664328868309901e-01 -2.5400000000000051e-02 -2.8479685140117161e+00
v -3.3562617091951763e-01 -3.0660512242138369e-02 -2.8440622280226964e+00
v -3.3430063724285092e-01 -3.4697045256124798e-02 -2.8389714570082321e+00
v -3.3275702058261564e-01 -3.7234515987742370e-02 -2.8330431286000621e+00
v -3.2415807208346298e-01 -1.9274003745604059e-02 -2.8526745473283168e+00
v -3.2394287953223860e-01 -2.5400000000000051e-02 -2.8501462178640828e+00
v -3.2360055761831152e-01 -3.0660512242138369e-02 -2.8461242265065279e+00
v -3.2315443501440227e-01 -3.4697045256124798e-02 -2.8408826653200139e+00
v -3.2263491423871471e-01 -3.7234515987742370e-02 -2.8347787380373131e+00
v -3.1084192791653248e-01 -1.9274003745604059e-02 -2.8526745473283168e+00
v -3.1105712046775685e-01 -2.5400000000000051e-02 -2.8501462178640828e+00
v -3.1139944238168393e-01 -3.0660512242138369e-02 -2.8461242265065279e+00
v -3.1184556498559318e-01 -3.4697045256124798e-02 -2.8408826653200139e+00
v -2.9771732436112197e-01 -1.9274003745604059e-02 -2.8504241080405817e+00
v -2.9835671131689645e-01 -2.5400000000000051e-02 -2.8479685140117161e+00
v -2.9937382908047783e-01 -3.0660512242138369e-02 -2.8440622280226964e+00
v -3.0069936275714454e-01 -3.4697045256124798e-02 -2.8389714570082321e+00
v -3.0224297941737982e-01 -3.7234515987742370e-02 -2.8330431286000621e+00
v -2.8516183236561504e-01 -1.9274003745604059e-02 -2.8459879705060547e+00
v -2.8620701972735091e-01 -2.5400000000000051e-02 -2.8436757548818790e+00
v -2.8786967271439007e-01 -3.0660512242138369e-02 -2.8399975509971420e+00
v -2.9003648427332962e-01 -3.4697045256124798e-02 -2.8352040223680701e+00
v -2.9255978977725339e-01 -3.7234515987742370e-02 -2.8296218400490534e+00
v -2.7353665057499565e-01 -1.9274003745604059e-02 -2.8394937543247494e+00
v -2.7495757020526362e-01 -2.5400000000000051e-02 -2.8373914353389305e+00
v -2.7721792691650804e-01 -3.0660512242138369e-02 -2.8340471287873510e+00
v -2.8016368113427370e-01 -3.4697045256124798e-02 -2.8296887436347742e+00
v -2.8359408457670882e-01 -3.7234515987742370e-02 -2.8246132966267754e+00
v -2.6317621430346483e-01 -1.9274003745604059e-02 -2.8311282862722122e+00
v -2.6493198893156394e-01 -2.5400000000000051e-02 -2.8292963438142893e+00
v -2.6772502301985229e-01 -3.0660512242138369e-02 -2.8263821442063932e+00
v -2.7136497591092001e-01 -3.4697045256124798e-02 -2.8225842853358594e+00
v -2.5437857443935552e-01 -1.9274003745604059e-02 -2.8211322256333449e+00
v -2.5641869362596620e-01 -2.5400000000000051e-02 -2.8196233613524240e+00
v -2.5966405458584274e-01 -3.0660512242138369e-02 -2.8172231049050600e+00
v -2.6389349133278212e-01 -3.4697045256124798e-02 -2.8140950298015297e+00
v -2.6881877474195515e-01 -3.7234515987742370e-02 -2.8104523091907501e+00
v -2.4739682306373578e-01 -1.9274003745604059e-02 -2.8097931408729462e+00
v -2.4966259629429485e-01 -2.5400000000000051e-02 -2.8086507620472063e+00
v -2.5326692099975778e-01 -3.0660512242138369e-02 -2.8068334997682296e+00
v -2.5796416840787545e-01 -3.4697045256124798e-02 -2.8044651974571599e+00
v -2.6343422887035306e-01 -3.7234515987742370e-02 -2.8017072510026915e+00
v -2.4243181245203926e-01 -1.9274003745604059e-02 -2.7974372368145528e+00
v -2.4485805755598650e-01 -2.5400000000000051e-02 -2.7966942076028873e+00
v -2.4871765614763713e-01 -3.0660512242138369e-02 -2.7955122188193826e+00
v -2.5374758296125838e-01 -3.4697045256124798e-02 -2.7939718210463051e+00
v -2.5960505679684909e-01 -3.7234515987742370e-02 -2.7921779898462633e+00
v -2.3962637691979249e-01 -1.9274003745604059e-02 -2.7844199703215868e+00
v -2.4214329524294065e-01 -2.5400000000000051e-02 -2.7840976663215855e+00
v -2.4614713409645067e-01 -3.0660512242138369e-02 -2.7835849546988123e+00
v -2.5136503847911235e-01 -3.4697045256124798e-02 -2.7829167759030642e+00
v -2.5744141683024196e-01 -3.7234515987742370e-02 -2.7821386652150535e+00
v -2.3906122373941463e-01 -1.9274003745604059e-02 -2.7711158244505740e+00
v -2.4159640812414843e-01 -2.5400000000000051e-02 -2.7712235177614990e+00
v -2.4562930408547337e-01 -3.0660512242138369e-02 -2.7713948330793534e+00
v -2.5088507642830088e-01 -3.4697045256124798e-02 -2.7716180955483378e+00
v -2.5700555295304167e-01 -3.7234515987742370e-02 -2.7718780902001496e+00
v -2.4075261133893322e-01 -1.9274003745604059e-02 -2.7579075352554256e+00
v -2.4323312914630243e-01 -2.5400000000000051e-02 -2.7584421277367985e+00
v -2.4717906314131019e-01 -3.0660512242138369e-02 -2.7592925415654990e+00
v -2.5232150444316098e-01 -3.4697045256124798e-02 -2.7604008224444763e+00
v -2.5831000417541972e-01 -3.7234515987742370e-02 -2.7616914428633490e+00
v -2.4465188157661188e-01 -1.9274003745604059e-02 -2.7451750811680147e+00
v -2.4700637282556592e-01 -2.5400000000000051e-02 -2.7461211935674763e+00
v -2.5075182751756409e-01 -3.0660512242138369e-02 -2.7476262410495154e+00
v -2.5563299910500320e-01 -3.4697045256124798e-02 -2.7495876571154394e+00
v -2.5064685954709598e-01 -1.9274003745604059e-02 -2.7332847517105150e+00
v -2.5280758981121382e-01 -2.5400000000000051e-02 -2.7346151660969156e+00
v -2.5624481528804577e-01 -3.0660512242138369e-02 -2.7367315497564677e+00
v -2.6072429474162939e-01 -3.4697045256124798e-02 -2.7394896746402631e+00
v -2.6594075904989273e-01 -3.7234515987742370e-02 -2.7427015790954870e+00
v -2.5856508064920369e-01 -1.9274003745604059e-02 -2.7225786100127505e+00
v -2.6046988965281842e-01 -2.5400000000000051e-02 -2.7242550527864724e+00
v -2.6350000319565636e-01 -3.0660512242138369e-02 -2.7269218881189428e+00
v -2.6744892404727250e-01 -3.4697045256124798e-02 -2.7303973755894080e+00
v -2.7204753977752955e-01 -3.7234515987742370e-02 -2.7344446664702695e+00
v -2.6817875207849617e-01 -1.9274003745604059e-02 -2.7133646522787429e+00
v -2.6977284193465073e-01 -2.5400000000000051e-02 -2.7153388952334780e+00
v -2.7230867269378106e-01 -3.0660512242138369e-02 -2.7184794622418460e+00
v -2.7561343168031094e-01 -3.4697045256124798e-02 -2.7225723288522596e+00
v -2.7946190503068069e-01 -3.7234515987742370e-02 -2.7273385729690007e+00
v -2.7921130601152011e-01 -1.9274003745604059e-02 -2.7059079472966885e+00
v -2.8044881765740515e-01 -2.5400000000000051e-02 -2.7081231950571243e+00
v -2.8241741439886314e-01 -3.0660512242138369e-02 -2.7116471453465754e+00
v -2.8498293962122373e-01 -3.4697045256124798e-02 -2.7162396467764194e+00
v -2.8797055702031393e-01 -3.7234515987742370e-02 -2.7215877279636795e+00
v -2.9134535595854305e-01 -1.9274003745604059e-02 -2.7004230108925329e+00
v -2.9219068843723811e-01 -2.5400000000000051e-02 -2.7028155348138925e+00
v -2.9353541821698709e-01 -3.0660512242138369e-02 -2.7066214907506394e+00
v -2.9528790418557116e-01 -3.4697045256124798e-02 -2.7115815090953239e+00
v -3.0423182739499799e-01 -1.9274003745604059e-02 -2.6970676347002245e+00
v -3.0466066203018405e-01 -2.5400000000000051e-02 -2.6995686062253488e+00
v -3.0534283942080398e-01 -3.0660512242138369e-02 -2.7035470773865775e+00
v -3.0623187030503846e-01 -3.4697045256124798e-02 -2.7087319219490080e+00
v -3.0726716869731996e-01 -3.7234515987742370e-02 -2.7147698013240711e+00
v -3.3076817260499747e-01 -1.9274003745604059e-02 -2.6970676347002245e+00
v -3.3033933796981141e-01 -2.5400000000000051e-02 -2.6995686062253488e+00
v -3.2965716057919148e-01 -3.0660512242138369e-02 -2.7035470773865775e+00
v -3.2876812969495700e-01 -3.4697045256124798e-02 -2.7087319219490080e+00
v -3.2773283130267550e-01 -3.7234515987742370e-02 -2.7147698013240711e+00
v -3.4365464404145241e-01 -1.9274003745604059e-02 -2.7004230108925329e+00
v -3.4280931156275735e-01 -2.5400000000000051e-02 -2.7028155348138925e+00
v -3.4146458178300837e-01 -3.0660512242138369e-02 -2.7066214907506394e+00
v -3.3971209581442430e-01 -3.4697045256124798e-02 -2.7115815090953239e+00
v -3.5578869398847535e-01 -1.9274003745604059e-02 -2.7059079472966885e+00
v -3.5455118234259031e-01 -2.5400000000000051e-02 -2.7081231950571243e+00
v -3.5258258560113231e-01 -3.0660512242138369e-02 -2.7116471453465754e+00
v -3.5001706037877173e-01 -3.4697045256124798e-02 -2.7162396467764194e+00
v -3.4702944297968152e-01 -3.7234515987742370e-02 -2.7215877279636795e+00
v -3.6682124792149928e-01 -1.9274003745604059e-02 -2.7133646522787429e+00
v -3.6522715806534473e-01 -2.5400000000000051e-02 -2.7153388952334780e+00
v -3.6269132730621439e-01 -3.0660512242138369e-02 -2.7184794622418460e+00
v -3.5938656831968452e-01 -3.4697045256124798e-02 -2.7225723288522596e+00
v -3.5553809496931477e-01 -3.7234515987742370e-02 -2.7273385729690007e+00
v -3.7643491935079176e-01 -1.9274003745604059e-02 -2.7225786100127505e+00
v -3.7453011034717704e-01 -2.5400000000000051e-02 -2.7242550527864724e+00
v -3.7149999680433909e-01 -3.0660512242138369e-02 -2.7269218881189428e+00
v -3.6755107595272296e-01 -3.4697045256124798e-02 -2.7303973755894080e+00
v -3.6295246022246591e-01 -3.7234515987742370e-02 -2.7344446664702695e+00
v -3.8435314045289948e-01 -1.9274003745604059e-02 -2.7332847517105150e+00
v -3.8219241018878158e-01 -2.5400000000000051e-02 -2.7346151660969156e+00
v -3.7875518471194969e-01 -3.0660512242138369e-02 -2.7367315497564677e+00
v -3.7427570525836606e-01 -3.4697045256124798e-02 -2.7394896746402631e+00
v -3.6905924095010273e-01 -3.7234515987742370e-02 -2.7427015790954870e+00
v -3.9034811842338357e-01 -1.9274003745604059e-02 -2.7451750811680147e+00
v -3.8799362717442953e-01 -2.5400000000000051e-02 -2.7461211935674763e+00
v -3.8424817248243137e-01 -3.0660512242138369e-02 -2.7476262410495154e+00
v -3.7936700089499226e-01 -3.4697045256124798e-02 -2.7495876571154394e+00
v -3.9424738866106224e-01 -1.9274003745604059e-02 -2.7579075352554256e+00
v -3.9176687085369305e-01 -2.5400000000000051e-02 -2.7584421277367985e+00
v -3.8782093685868524e-01 -3.0660512242138369e-02 -2.7592925415654990e+00
v -3.8267849555683447e-01 -3.4697045256124798e-02 -2.7604008224444763e+00
v -3.7668999582457574e-01 -3.7234515987742370e-02 -2.7616914428633490e+00
v -3.9687499999999759e-01 1.3335000000000000e-01 -2.7744478627714413e+00
v -3.9573326288384691e-01 1.3335000000000000e-01 -2.7878623028844882e+00
v -3.9234089723347115e-01 1.3335000000000000e-01 -2.8008908339790919e+00
v -3.8679549523216689e-01 1.3335000000000000e-01 -2.8131586489366485e+00
v -3.7925658799902379e-01 1.3335000000000000e-01 -2.8243128250567828e+00
v -3.6994105616908535e-01 1.3335000000000000e-01 -2.8340324770008762e+00
v -3.5911689063235286e-01 1.3335000000000000e-01 -2.8420379880790230e+00
v -3.4709548292380965e-01 1.3335000000000000e-01 -2.8480990543131015e+00
v -3.3422266705590842e-01 1.3335000000000000e-01 -2.8520413098629138e+00
v -3.2086877050369200e-01 1.3335000000000000e-01 -2.8537513432139376e+00
v -3.0741796055758924e-01 1.3335000000000000e-01 -2.8531799598201144e+00
v -2.9425719252992161e-01 1.3335000000000000e-01 -2.8503435973413693e+00
v -2.8176507775509496e-01 1.3335000000000000e-01 -2.8453238527620632e+00
v -2.7030099163084509e-01 1.3335000000000000e-01 -2.8382651349943169e+00
v -2.6019473504235746e-01 1.3335000000000000e-01 -2.8293705104965339e+00
v -2.5173704659126789e-01 1.3335000000000000e-01 -2.8188958614211130e+00
v -2.4517123857543960e-01 1.3335000000000000e-01 -2.8071425243508084e+00
v -2.4068619733715141e-01 1.3335000000000000e-01 -2.7944486213938857e+00
v -2.3841094934693483e-01 1.3335000000000000e-01 -2.7811793330266847e+00
v -2.3841094934693483e-01 1.3335000000000000e-01 -2.7677163925161978e+00
v -2.4068619733715141e-01 1.3335000000000000e-01 -2.7544471041489968e+00
v -2.4517123857543960e-01 1.3335000000000000e-01 -2.7417532011920742e+00
v -2.5173704659126789e-01 1.3335000000000000e-01 -2.7299998641217695e+00
v -2.6019473504235746e-01 1.3335000000000000e-01 -2.7195252150463487e+00
v -2.7030099163084503e-01 1.3335000000000000e-01 -2.7106305905485657e+00
v -2.8176507775509496e-01 1.3335000000000000e-01 -2.7035718727808193e+00
v -2.9425719252992155e-01 1.3335000000000000e-01 -2.6985521282015132e+00
v -3.0741796055758924e-01 1.3335000000000000e-01 -2.6957157657227682e+00
v -3.2086877050369200e-01 1.3335000000000000e-01 -2.6951443823289449e+00
v -3.3422266705590847e-01 1.3335000000000000e-01 -2.6968544156799688e+00
v -3.4709548292380965e-01 1.3335000000000000e-01 -2.7007966712297811e+00
v -3.5911689063235291e-01 1.3335000000000000e-01 -2.7068577374638596e+00
v -3.6994105616908535e-01 1.3335000000000000e-01 -2.7148632485420063e+00
v -3.7925658799902379e-01 1.3335000000000000e-01 -2.7245829004860997e+00
v -3.8679549523216689e-01 1.3335000000000000e-01 -2.7357370766062341e+00
v -3.9234089723347115e-01 1.3335000000000000e-01 -2.7480048915637907e+00
v -3.9573326288384697e-01 1.3335000000000000e-01 -2.7610334226583944e+00
v -3.7147499999999756e-01 1.5875000000000000e-01 -2.7744478627714413e+00
v -3.7029551674960476e-01 1.5875000000000000e-01 -2.7856698962833297e+00
v -3.6680861607625698e-01 1.5875000000000000e-01 -2.7964014730814575e+00
v -3.6116669227138543e-01 1.5875000000000000e-01 -2.8061735717639276e+00
v -3.5361632447821700e-01 1.5875000000000000e-01 -2.8145591047265834e+00
v -3.4448749999999767e-01 1.5875000000000000e-01 -2.8211915839407062e+00
v -3.3417919227138548e-01 1.5875000000000000e-01 -2.8257811382384719e+00
v -3.2314192380486934e-01 1.5875000000000000e-01 -2.8281271820739438e+00
v -3.1185807619512612e-01 1.5875000000000000e-01 -2.8281271820739438e+00
v -3.0082080772860997e-01 1.5875000000000000e-01 -2.8257811382384719e+00
v -2.9051249999999779e-01 1.5875000000000000e-01 -2.8211915839407062e+00
v -2.8138367552177845e-01 1.5875000000000000e-01 -2.8145591047265834e+00
v -2.7383330772861003e-01 1.5875000000000000e-01 -2.8061735717639276e+00
v -2.6819138392373848e-01 1.5875000000000000e-01 -2.7964014730814575e+00
v -2.6470448325039070e-01 1.5875000000000000e-01 -2.7856698962833297e+00
v -2.6352499999999790e-01 1.5875000000000000e-01 -2.7744478627714413e+00
v -2.6470448325039070e-01 1.5875000000000000e-01 -2.7632258292595528e+00
v -2.6819138392373848e-01 1.5875000000000000e-01 -2.7524942524614251e+00
v -2.7383330772861003e-01 1.5875000000000000e-01 -2.7427221537789550e+00
v -2.8138367552177845e-01 1.5875000000000000e-01 -2.7343366208162991e+00
v -2.9051249999999779e-01 1.5875000000000000e-01 -2.7277041416021763e+00
v -3.0082080772860997e-01 1.5875000000000000e-01 -2.7231145873044107e+00
v -3.1185807619512612e-01 1.5875000000000000e-01 -2.7207685434689388e+00
v -3.2314192380486928e-01 1.5875000000000000e-01 -2.7207685434689388e+00
v -3.3417919227138548e-01 1.5875000000000000e-01 -2.7231145873044107e+00
v -3.4448749999999762e-01 1.5875000000000000e-01 -2.7277041416021763e+00
v -3.5361632447821700e-01 1.5875000000000000e-01 -2.7343366208162991e+00
v -3.6116669227138543e-01 1.5875000000000000e-01 -2.7427221537789550e+00
v -3.6680861607625698e-01 1.5875000000000000e-01 -2.7524942524614251e+00
v -3.7029551674960476e-01 1.5875000000000000e-01 -2.7632258292595528e+00
v -3.1749999999999773e-01 1.3992400374560404e-01 -2.8529573787591835e+00
v -3.1749999999999773e-01 1.4605000000000004e-01 -2.8504199080275661e+00
v -3.1749999999999773e-01 1.5131051224213837e-01 -2.8463833750135796e+00
v -3.1749999999999773e-01 1.5534704525612480e-01 -2.8411228627714409e+00
v -3.1749999999999773e-01 1.5788451598774236e-01 -2.8349968665170451e+00
v -3.3767128267964419e-01 1.5788451598774236e-01 -2.8315381527483097e+00
v -3.7368275618927865e-01 1.5788451598774236e-01 -2.7970239510411337e+00
v -3.5939620916944798e-01 1.5788451598774236e-01 -2.7307341405344272e+00
v -3.1236508576128075e-01 1.5788451598774236e-01 -2.7141169875055695e+00
v -2.7560379083054748e-01 1.5788451598774236e-01 -2.7307341405344272e+00
v -2.6131724381071680e-01 1.5788451598774236e-01 -2.7970239510411337e+00
v -2.9732871732035127e-01 1.5788451598774236e-01 -2.8315381527483097e+00
v -3.9537362308020296e-01 1.3992400374560404e-01 -2.7644757552212957e+00
v -3.9285670475705481e-01 1.4605000000000004e-01 -2.7647980592212971e+00
v -3.8885286590354479e-01 1.5131051224213837e-01 -2.7653107708440703e+00
v -3.8363496152088311e-01 1.5534704525612480e-01 -2.7659789496398184e+00
v -3.7755858316975349e-01 1.5788451598774236e-01 -2.7667570603278291e+00
v -3.7799444704695379e-01 1.5788451598774236e-01 -2.7770176353427329e+00
v -3.8411492357169458e-01 1.5534704525612480e-01 -2.7772776299945447e+00
v -3.8937069591452211e-01 1.5131051224213837e-01 -2.7775008924635292e+00
v -3.9340359187584706e-01 1.4605000000000004e-01 -2.7776722077813836e+00
v -3.9593877626058083e-01 1.3992400374560404e-01 -2.7777799010923085e+00
v -3.9256818754795619e-01 1.3992400374560404e-01 -2.7514584887283298e+00
v -3.9014194244400896e-01 1.4605000000000004e-01 -2.7522015179399952e+00
v -3.8628234385235832e-01 1.5131051224213837e-01 -2.7533835067235000e+00
v -3.8125241703873708e-01 1.5534704525612480e-01 -2.7549239044965774e+00
v -3.7539494320314637e-01 1.5788451598774236e-01 -2.7567177356966193e+00
v -3.8760317693625967e-01 1.3992400374560404e-01 -2.7391025846699364e+00
v -3.8533740370570063e-01 1.4605000000000004e-01 -2.7402449634956763e+00
v -3.8173307900023767e-01 1.5131051224213837e-01 -2.7420622257746530e+00
v -3.7703583159212001e-01 1.5534704525612480e-01 -2.7444305280857226e+00
v -3.7156577112964240e-01 1.5788451598774236e-01 -2.7471884745401911e+00
v -3.8062142556063983e-01 1.3992400374560404e-01 -2.7277634999095377e+00
v -3.7858130637402920e-01 1.4605000000000004e-01 -2.7292723641904586e+00
v -3.7533594541415266e-01 1.5131051224213837e-01 -2.7316726206378226e+00
v -3.7110650866721329e-01 1.5534704525612480e-01 -2.7348006957413529e+00
v -3.6618122525804025e-01 1.5788451598774236e-01 -2.7384434163521325e+00
v -3.7182378569653063e-01 1.3992400374560404e-01 -2.7177674392706703e+00
v -3.7006801106843151e-01 1.4605000000000004e-01 -2.7195993817285933e+00
v -3.6727497698014316e-01 1.5131051224213837e-01 -2.7225135813364894e+00
v -3.6363502408907544e-01 1.5534704525612480e-01 -2.7263114402070232e+00
v -3.6146334942499980e-01 1.3992400374560404e-01 -2.7094019712181332e+00
v -3.6004242979473183e-01 1.4605000000000004e-01 -2.7115042902039521e+00
v -3.5778207308348742e-01 1.5131051224213837e-01 -2.7148485967555316e+00
v -3.5483631886572176e-01 1.5534704525612480e-01 -2.7192069819081084e+00
v -3.5140591542328664e-01 1.5788451598774236e-01 -2.7242824289161072e+00
v -3.4983816763438041e-01 1.3992400374560404e-01 -2.7029077550368279e+00
v -3.4879298027264455e-01 1.4605000000000004e-01 -2.7052199706610036e+00
v -3.4713032728560539e-01 1.5131051224213837e-01 -2.7088981745457406e+00
v -3.4496351572666584e-01 1.5534704525612480e-01 -2.7136917031748125e+00
v -3.4244021022274207e-01 1.5788451598774236e-01 -2.7192738854938292e+00
v -3.3728267563887349e-01 1.3992400374560404e-01 -2.6984716175023009e+00
v -3.3664328868309901e-01 1.4605000000000004e-01 -2.7009272115311664e+00
v -3.3562617091951763e-01 1.5131051224213837e-01 -2.7048334975201862e+00
v -3.3430063724285092e-01 1.5534704525612480e-01 -2.7099242685346505e+00
v -3.3275702058261564e-01 1.5788451598774236e-01 -2.7158525969428204e+00
v -3.2415807208346298e-01 1.3992400374560404e-01 -2.6962211782145658e+00
v -3.2394287953223860e-01 1.4605000000000004e-01 -2.6987495076787997e+00
v -3.2360055761831152e-01 1.5131051224213837e-01 -2.7027714990363547e+00
v -3.2315443501440227e-01 1.5534704525612480e-01 -2.7080130602228687e+00
v -3.2263491423871471e-01 1.5788451598774236e-01 -2.7141169875055695e+00
v -3.1084192791653248e-01 1.3992400374560404e-01 -2.6962211782145658e+00
v -3.1105712046775685e-01 1.4605000000000004e-01 -2.6987495076787997e+00
v -3.1139944238168393e-01 1.5131051224213837e-01 -2.7027714990363547e+00
v -3.1184556498559318e-01 1.5534704525612480e-01 -2.7080130602228687e+00
v -2.9771732436112197e-01 1.3992400374560404e-01 -2.6984716175023009e+00
v -2.9835671131689645e-01 1.4605000000000004e-01 -2.7009272115311664e+00
v -2.9937382908047783e-01 1.5131051224213837e-01 -2.7048334975201862e+00
v -3.0069936275714454e-01 1.5534704525612480e-01 -2.7099242685346505e+00
v -3.0224297941737982e-01 1.5788451598774236e-01 -2.7158525969428204e+00
v -2.8516183236561504e-01 1.3992400374560404e-01 -2.7029077550368279e+00
v -2.8620701972735091e-01 1.4605000000000004e-01 -2.7052199706610036e+00
v -2.8786967271439007e-01 1.5131051224213837e-01 -2.7088981745457406e+00
v -2.9003648427332962e-01 1.5534704525612480e-01 -2.7136917031748125e+00
v -2.9255978977725339e-01 1.5788451598774236e-01 -2.7192738854938292e+00
v -2.7353665057499565e-01 1.3992400374560404e-01 -2.7094019712181332e+00
v -2.7495757020526362e-01 1.4605000000000004e-01 -2.7115042902039521e+00
v -2.7721792691650804e-01 1.5131051224213837e-01 -2.7148485967555316e+00
v -2.8016368113427370e-01 1.5534704525612480e-01 -2.7192069819081084e+00
v -2.8359408457670882e-01 1.5788451598774236e-01 -2.7242824289161072e+00
v -2.6317621430346483e-01 1.3992400374560404e-01 -2.7177674392706703e+00
v -2.6493198893156394e-01 1.4605000000000004e-01 -2.7195993817285933e+00
v -2.6772502301985229e-01 1.5131051224213837e-01 -2.7225135813364894e+00
v -2.7136497591092001e-01 1.5534704525612480e-01 -2.7263114402070232e+00
v -2.5437857443935552e-01 1.3992400374560404e-01 -2.7277634999095377e+00
v -2.5641869362596620e-01 1.4605000000000004e-01 -2.7292723641904586e+00
v -2.5966405458584274e-01 1.5131051224213837e-01 -2.7316726206378226e+00
v -2.6389349133278212e-01 1.5534704525612480e-01 -2.7348006957413529e+00
v -2.6881877474195515e-01 1.5788451598774236e-01 -2.7384434163521325e+00
v -2.4739682306373578e-01 1.3992400374560404e-01 -2.7391025846699364e+00
v -2.4966259629429485e-01 1.4605000000000004e-01 -2.7402449634956763e+00
v -2.5326692099975778e-01 1.5131051224213837e-01 -2.7420622257746530e+00
v -2.5796416840787545e-01 1.5534704525612480e-01 -2.7444305280857226e+00
v -2.6343422887035306e-01 1.5788451598774236e-01 -2.7471884745401911e+00
v -2.4243181245203926e-01 1.3992400374560404e-01 -2.7514584887283298e+00
v -2.4485805755598650e-01 1.4605000000000004e-01 -2.7522015179399952e+00
v -2.4871765614763713e-01 1.5131051224213837e-01 -2.7533835067235000e+00
v -2.5374758296125838e-01 1.5534704525612480e-01 -2.7549239044965774e+00
v -2.5960505679684909e-01 1.5788451598774236e-01 -2.7567177356966193e+00
v -2.3962637691979249e-01 1.3992400374560404e-01 -2.7644757552212957e+00
v -2.4214329524294065e-01 1.4605000000000004e-01 -2.7647980592212971e+00
v -2.4614713409645067e-01 1.5131051224213837e-01 -2.7653107708440703e+00
v -2.5136503847911235e-01 1.5534704525612480e-01 -2.7659789496398184e+00
v -2.5744141683024196e-01 1.5788451598774236e-01 -2.7667570603278291e+00
v -2.3906122373941463e-01 1.3992400374560404e-01 -2.7777799010923085e+00
v -2.4159640812414843e-01 1.4605000000000004e-01 -2.7776722077813836e+00
v -2.4562930408547337e-01 1.5131051224213837e-01 -2.7775008924635292e+00
v -2.5088507642830088e-01 1.5534704525612480e-01 -2.7772776299945447e+00
v -2.5700555295304167e-01 1.5788451598774236e-01 -2.7770176353427329e+00
v -2.4075261133893322e-01 1.3992400374560404e-01 -2.7909881902874569e+00
v -2.4323312914630243e-01 1.4605000000000004e-01 -2.7904535978060840e+00
v -2.4717906314131019e-01 1.5131051224213837e-01 -2.7896031839773836e+00
v -2.5232150444316098e-01 1.5534704525612480e-01 -2.7884949030984063e+00
v -2.5831000417541972e-01 1.5788451598774236e-01 -2.7872042826795336e+00
v -2.4465188157661188e-01 1.3992400374560404e-01 -2.8037206443748679e+00
v -2.4700637282556592e-01 1.4605000000000004e-01 -2.8027745319754063e+00
v -2.5075182751756409e-01 1.5131051224213837e-01 -2.8012694844933672e+00
v -2.5563299910500320e-01 1.5534704525612480e-01 -2.7993080684274432e+00
v -2.5064685954709598e-01 1.3992400374560404e-01 -2.8156109738323676e+00
v -2.5280758981121382e-01 1.4605000000000004e-01 -2.8142805594459670e+00
v -2.5624481528804577e-01 1.5131051224213837e-01 -2.8121641757864149e+00
v -2.6072429474162939e-01 1.5534704525612480e-01 -2.8094060509026195e+00
v -2.6594075904989273e-01 1.5788451598774236e-01 -2.8061941464473956e+00
v -2.5856508064920369e-01 1.3992400374560404e-01 -2.8263171155301321e+00
v -2.6046988965281842e-01 1.4605000000000004e-01 -2.8246406727564102e+00
v -2.6350000319565636e-01 1.5131051224213837e-01 -2.8219738374239398e+00
v -2.6744892404727250e-01 1.5534704525612480e-01 -2.8184983499534746e+00
v -2.7204753977752955e-01 1.5788451598774236e-01 -2.8144510590726131e+00
v -2.6817875207849617e-01 1.3992400374560404e-01 -2.8355310732641397e+00
v -2.6977284193465073e-01 1.4605000000000004e-01 -2.8335568303094045e+00
v -2.7230867269378106e-01 1.5131051224213837e-01 -2.8304162633010366e+00
v -2.7561343168031094e-01 1.5534704525612480e-01 -2.8263233966906229e+00
v -2.7946190503068069e-01 1.5788451598774236e-01 -2.8215571525738818e+00
v -2.7921130601152011e-01 1.3992400374560404e-01 -2.8429877782461941e+00
v -2.8044881765740515e-01 1.4605000000000004e-01 -2.8407725304857583e+00
v -2.8241741439886314e-01 1.5131051224213837e-01 -2.8372485801963072e+00
v -2.8498293962122373e-01 1.5534704525612480e-01 -2.8326560787664632e+00
v -2.8797055702031393e-01 1.5788451598774236e-01 -2.8273079975792030e+00
v -2.9134535595854305e-01 1.3992400374560404e-01 -2.8484727146503497e+00
v -2.9219068843723811e-01 1.4605000000000004e-01 -2.8460801907289901e+00
v -2.9353541821698709e-01 1.5131051224213837e-01 -2.8422742347922432e+00
v -2.9528790418557116e-01 1.5534704525612480e-01 -2.8373142164475587e+00
v -3.0423182739499799e-01 1.3992400374560404e-01 -2.8518280908426581e+00
v -3.0466066203018405e-01 1.4605000000000004e-01 -2.8493271193175338e+00
v -3.0534283942080398e-01 1.5131051224213837e-01 -2.8453486481563051e+00
v -3.0623187030503846e-01 1.5534704525612480e-01 -2.8401638035938745e+00
v -3.0726716869731996e-01 1.5788451598774236e-01 -2.8341259242188115e+00
v -3.3076817260499747e-01 1.3992400374560404e-01 -2.8518280908426581e+00
v -3.3033933796981141e-01 1.4605000000000004e-01 -2.8493271193175338e+00
v -3.2965716057919148e-01 1.5131051224213837e-01 -2.8453486481563051e+00
v -3.2876812969495700e-01 1.5534704525612480e-01 -2.8401638035938745e+00
v -3.2773283130267550e-01 1.5788451598774236e-01 -2.8341259242188115e+00
v -3.4365464404145241e-01 1.3992400374560404e-01 -2.8484727146503497e+00
v -3.4280931156275735e-01 1.4605000000000004e-01 -2.8460801907289901e+00
v -3.4146458178300837e-01 1.5131051224213837e-01 -2.8422742347922432e+00
v -3.3971209581442430e-01 1.5534704525612480e-01 -2.8373142164475587e+00
v -3.5578869398847535e-01 1.3992400374560404e-01 -2.8429877782461941e+00
v -3.5455118234259031e-01 1.4605000000000004e-01 -2.8407725304857583e+00
v -3.5258258560113231e-01 1.5131051224213837e-01 -2.8372485801963072e+00
v -3.5001706037877173e-01 1.5534704525612480e-01 -2.8326560787664632e+00
v -3.4702944297968152e-01 1.5788451598774236e-01 -2.8273079975792030e+00
v -3.6682124792149928e-01 1.3992400374560404e-01 -2.8355310732641397e+00
v -3.6522715806534473e-01 1.4605000000000004e-01 -2.8335568303094045e+00
v -3.6269132730621439e-01 1.5131051224213837e-01 -2.8304162633010366e+00
v -3.5938656831968452e-01 1.5534704525612480e-01 -2.8263233966906229e+00
v -3.5553809496931477e-01 1.5788451598774236e-01 -2.8215571525738818e+00
v -3.7643491935079176e-01 1.3992400374560404e-01 -2.8263171155301321e+00
v -3.7453011034717704e-01 1.4605000000000004e-01 -2.8246406727564102e+00
v -3.7149999680433909e-01 1.5131051224213837e-01 -2.8219738374239398e+00
v -3.6755107595272296e-01 1.5534704525612480e-01 -2.8184983499534746e+00
v -3.6295246022246591e-01 1.5788451598774236e-01 -2.8144510590726131e+00
v -3.8435314045289948e-01 1.3992400374560404e-01 -2.8156109738323676e+00
v -3.8219241018878158e-01 1.4605000000000004e-01 -2.8142805594459670e+00
v -3.7875518471194969e-01 1.5131051224213837e-01 -2.8121641757864149e+00
v -3.7427570525836606e-01 1.5534704525612480e-01 -2.8094060509026195e+00
v -3.6905924095010273e-01 1.5788451598774236e-01 -2.8061941464473956e+00
v -3.9034811842338357e-01 1.3992400374560404e-01 -2.8037206443748679e+00
v -3.8799362717442953e-01 1.4605000000000004e-01 -2.8027745319754063e+00
v -3.8424817248243137e-01 1.5131051224213837e-01 -2.8012694844933672e+00
v -3.7936700089499226e-01 1.5534704525612480e-01 -2.7993080684274432e+00
v -3.9424738866106224e-01 1.3992400374560404e-01 -2.7909881902874569e+00
v -3.9176687085369305e-01 1.4605000000000004e-01 -2.7904535978060840e+00
v -3.8782093685868524e-01 1.5131051224213837e-01 -2.7896031839773836e+00
v -3.8267849555683447e-01 1.5534704525612480e-01 -2.7884949030984063e+00
v -3.7668999582457574e-01 1.5788451598774236e-01 -2.7872042826795336e+00

vn -9.8561591034770801e-01 -0.0000000000000000e+00 -1.6900082032185124e-01
vn -9.5810224752391693e-01 -2.5881904510252196e-01 -1.2268979249243964e-01
vn -1.0000000000000000e+00 -0.0000000000000000e+00 -6.1232339957367660e-17
vn -9.6505549447581052e-01 -2.5881904510252196e-01 4.0995054265941813e-02
vn -9.8561591034770801e-01 -0.0000000000000000e+00 1.6900082032185132e-01
vn -9.4424585192375099e-01 -2.5881904510252196e-01 2.0350054795259950e-01
vn -9.4287744546108487e-01 -0.0000000000000000e+00 3.3313979474205568e-01
vn -8.9627197539594039e-01 -2.5881904510252196e-01 3.6015170138717600e-01
vn -8.7301411316118815e-01 -0.0000000000000000e+00 4.8769494381363465e-01
vn -8.2251398597426628e-01 -2.5881904510252191e-01 5.0644194609939552e-01
vn -7.7803575431843941e-01 -0.0000000000000000e+00 6.2821999729564237e-01
vn -7.2509376672355730e-01 -2.5881904510252191e-01 6.3816277809886568e-01
vn -6.6067472339008104e-01 -0.0000000000000000e+00 7.5067230525272466e-01
vn -6.0681391997910927e-01 -2.5881904510252196e-01 7.5152482887247707e-01
vn -5.2430728355722978e-01 -0.0000000000000000e+00 8.5152913773331251e-01
vn -4.7107714158018582e-01 -2.5881904510252191e-01 8.4326687861723837e-01
vn -3.7285647778030873e-01 -0.0000000000000000e+00 9.2788902729650924e-01
vn -3.2178833150599245e-01 -2.5881904510252196e-01 9.1074967559632347e-01
vn -2.1067926999572556e-01 -0.0000000000000000e+00 9.7755523894768614e-01
vn -1.6324225701291242e-01 -2.5881904510252196e-01 9.5203186260626238e-01
vn -4.2441203196148525e-02 -0.0000000000000000e+00 9.9909896620468142e-01
vn -1.1829179713786696e-16 -2.5881904510252196e-01 9.6592582628906798e-01
vn 1.2701781974687890e-01 0.0000000000000000e+00 9.9190043525887683e-01
vn 1.2701781974687915e-01 0.0000000000000000e+00 9.9190043525887683e-01
vn 1.1829179713786696e-16 -2.5881904510252196e-01 9.6592582628906798e-01
vn 1.6324225701291287e-01 -2.5881904510252196e-01 9.5203186260626216e-01
vn 2.9282277127654949e-01 0.0000000000000000e+00 9.5616673473925118e-01
vn 3.2178833150599245e-01 -2.5881904510252196e-01 9.1074967559632347e-01
vn 4.5020374481767300e-01 0.0000000000000000e+00 8.9292585814956860e-01
vn 4.7107714158018582e-01 -2.5881904510252191e-01 8.4326687861723837e-01
vn 5.9463317630428747e-01 0.0000000000000000e+00 8.0399713036693987e-01
vn 6.0681391997910927e-01 -2.5881904510252196e-01 7.5152482887247707e-01
vn 7.2195609395452465e-01 0.0000000000000000e+00 6.9193886897754597e-01
vn 7.2509376672355730e-01 -2.5881904510252191e-01 6.3816277809886568e-01
vn 8.2850964924384096e-01 0.0000000000000000e+00 5.5997478613759721e-01
vn 8.2251398597426673e-01 -2.5881904510252196e-01 5.0644194609939508e-01
vn 9.1122849038813469e-01 0.0000000000000000e+00 4.1190124824399488e-01
vn 8.9627197539594039e-01 -2.5881904510252196e-01 3.6015170138717600e-01
vn 9.6773294693349832e-01 0.0000000000000000e+00 2.5197806138512718e-01
vn 9.4424585192375121e-01 -2.5881904510252196e-01 2.0350054795259911e-01
vn 9.9639748854252663e-01 0.0000000000000000e+00 8.4805924475508207e-02
vn 9.6505549447581052e-01 -2.5881904510252196e-01 4.0995054265941813e-02
vn 9.9639748854252663e-01 -0.0000000000000000e+00 -8.4805924475508346e-02
vn 9.5810224752391682e-01 -2.5881904510252196e-01 -1.2268979249244008e-01
vn 9.6773294693349832e-01 -0.0000000000000000e+00 -2.5197806138512707e-01
vn 9.2358614332313105e-01 -2.5881904510252196e-01 -2.8284507730155656e-01
vn 9.1122849038813469e-01 -0.0000000000000000e+00 -4.1190124824399504e-01
vn 8.6250014734799696e-01 -2.5881904510252196e-01 -4.3486342421144403e-01
vn 8.2850964924384096e-01 -0.0000000000000000e+00 -5.5997478613759721e-01
vn 7.7660159248372662e-01 -2.5881904510252196e-01 -5.7437154216061082e-01
vn 7.2195609395452454e-01 -0.0000000000000000e+00 -6.9193886897754586e-01
vn 6.6836162375865948e-01 -2.5881904510252196e-01 -6.9735603659745204e-01
vn 5.9463317630428802e-01 -0.0000000000000000e+00 -8.0399713036693943e-01
vn 5.4089410800100080e-01 -2.5881904510252196e-01 -8.0027886753432398e-01
vn 4.5020374481767300e-01 -0.0000000000000000e+00 -8.9292585814956860e-01
vn 3.9786605355957722e-01 -2.5881904510252196e-01 -8.8017913251629998e-01
vn 2.9282277127655026e-01 -0.0000000000000000e+00 -9.5616673473925096e-01
vn 2.4339211715014425e-01 -2.5881904510252196e-01 -9.3475824639389471e-01
vn 1.2701781974687890e-01 -0.0000000000000000e+00 -9.9190043525887683e-01
vn 8.1916232673214268e-02 -2.5881904510252196e-01 -9.6244606743279215e-01
vn -4.2441203196148462e-02 -0.0000000000000000e+00 -9.9909896620468142e-01
vn -8.1916232673214684e-02 -2.5881904510252196e-01 -9.6244606743279215e-01
vn -2.1067926999572603e-01 -0.0000000000000000e+00 -9.7755523894768614e-01
vn -2.4339211715014464e-01 -2.5881904510252191e-01 -9.3475824639389449e-01
vn -3.7285647778030873e-01 -0.0000000000000000e+00 -9.2788902729650924e-01
vn -3.9786605355957722e-01 -2.5881904510252196e-01 -8.8017913251629998e-01
vn -5.2430728355723033e-01 -0.0000000000000000e+00 -8.5152913773331218e-01
vn -5.4089410800100080e-01 -2.5881904510252196e-01 -8.0027886753432398e-01
vn -6.6067472339008104e-01 -0.0000000000000000e+00 -7.5067230525272466e-01
vn -6.6836162375865948e-01 -2.5881904510252196e-01 -6.9735603659745204e-01
vn -7.7803575431843952e-01 -0.0000000000000000e+00 -6.2821999729564226e-01
vn -7.7660159248372629e-01 -2.5881904510252191e-01 -5.7437154216061115e-01
vn -8.7301411316118793e-01 -0.0000000000000000e+00 -4.8769494381363476e-01
vn -8.6250014734799696e-01 -2.5881904510252196e-01 -4.3486342421144403e-01
vn -9.4287744546108487e-01 -0.0000000000000000e+00 -3.3313979474205563e-01
vn -9.2358614332313105e-01 -2.5881904510252196e-01 -2.8284507730155678e-01
vn 3.7449052870999445e-16 -1.0000000000000000e+00 -7.9600419160584438e-17
vn -2.5858584039600591e-01 -9.6592582628906964e-01 1.0984591684228936e-02
vn 1.0489906846677890e-15 -1.0000000000000000e+00 6.4232154215689928e-32
vn -2.5672272349047187e-01 -9.6592582628906964e-01 -3.2874630817890549e-02
vn 3.7449052870999440e-16 -1.0000000000000000e+00 7.9600419160584475e-17
vn -2.4747416124400301e-01 -9.6592582628906964e-01 -7.5788110046069029e-02
vn 9.5830067508766107e-16 -1.0000000000000000e+00 4.2666294969956077e-16
vn -2.3110621795361533e-01 -9.6592582628906964e-01 -1.1652130333528674e-01
vn -3.1033816048224160e-15 -1.0000000000000000e+00 -2.2547387165330197e-15
vn -2.0808976954673411e-01 -9.6592582628906987e-01 -1.5390239087735116e-01
vn -1.7908695733808294e-01 -9.6592582628906976e-01 -1.8685598684325186e-01
vn -4.0199856518346710e-01 -8.6602540378444093e-01 -2.9731658815214101e-01
vn -3.4596943448877032e-01 -8.6602540378444093e-01 -3.6097804697725949e-01
vn -5.6851182293698643e-01 -7.0710678118654990e-01 -4.2046915128325557e-01
vn -4.8927466642057127e-01 -7.0710678118654990e-01 -5.1050004975419483e-01
vn -6.9628193946755856e-01 -5.0000000000000200e-01 -5.1496743661254252e-01
vn -5.9923663840042629e-01 -5.0000000000000200e-01 -6.2523231778160238e-01
vn 9.5830067508766107e-16 -1.0000000000000000e+00 -4.2666294969956082e-16
vn -2.4015535200598434e-01 -9.6592582628906964e-01 9.6502357539386671e-02
vn -2.5300991347940133e-01 -9.6592582628906976e-01 5.4527807483188875e-02
vn -4.8877761947383930e-01 -8.6602540378444093e-01 1.0533963499786231e-01
vn -4.9954948310233677e-01 -8.6602540378444093e-01 2.1220601598074002e-02
vn -6.9123593844434239e-01 -7.0710678118655002e-01 1.4897274046940909e-01
vn -7.0646965407979712e-01 -7.0710678118654990e-01 3.0010462581712565e-02
vn -8.4658767053126227e-01 -5.0000000000000200e-01 1.8245359986705939e-01
vn -8.6524508562802327e-01 -5.0000000000000189e-01 3.6755160135041723e-02
vn -2.2039195830510391e-01 -9.6592582628906964e-01 1.3570071047057641e-01
vn -3.1033816048224160e-15 -1.0000000000000000e+00 2.2547387165330197e-15
vn -1.9428828923041408e-01 -9.6592582628906964e-01 1.7099520103118931e-01
vn 1.8905265019541479e-15 -1.0000000000000000e+00 -2.0996423926865284e-15
vn -1.6259529981436288e-01 -9.6592582628906964e-01 2.0137047098831379e-01
vn -1.4163847244119959e-16 -1.0000000000000000e+00 2.4532503057460169e-16
vn -1.2622473965916986e-01 -9.6592582628906964e-01 2.2595267912939793e-01
vn -8.6222923560787298e-02 -9.6592582628906964e-01 2.4403464008293682e-01
vn -1.6656989737102745e-01 -8.6602540378444093e-01 4.7143872273053833e-01
vn -8.4500410160923883e-02 -8.6602540378444093e-01 4.9280795517385040e-01
vn -1.1950162607566842e-01 -7.0710678118654990e-01 6.9693569385221454e-01
vn -8.6595605623549045e-17 -7.0710678118655002e-01 7.0710678118654513e-01
vn -1.0605752387249054e-16 -5.0000000000000200e-01 8.6602540378443749e-01
vn 1.0605752387249054e-16 -5.0000000000000200e-01 8.6602540378443749e-01
vn 8.6595605623549045e-17 -7.0710678118655002e-01 7.0710678118654513e-01
vn 1.4635900365913096e-01 -5.0000000000000189e-01 8.5356841673524009e-01
vn 2.1081604157121196e-15 -1.0000000000000000e+00 -6.4882506051616963e-15
vn -4.3740630937242758e-02 -9.6592582628906964e-01 2.5509616875404029e-01
vn -6.1232339957367180e-17 -8.6602540378444093e-01 4.9999999999999611e-01
vn 6.1232339957367180e-17 -8.6602540378444093e-01 4.9999999999999611e-01
vn 1.1950162607566872e-01 -7.0710678118654990e-01 6.9693569385221454e-01
vn 2.8850752525815504e-01 -5.0000000000000200e-01 8.1655582042467434e-01
vn -2.6171031702458120e-16 -1.0000000000000000e+00 2.4900073376019931e-15
vn -3.1696191514316984e-17 -9.6592582628906964e-01 2.5881904510251535e-01
vn 3.1696191514316984e-17 -9.6592582628906964e-01 2.5881904510251535e-01
vn 8.4500410160924119e-02 -8.6602540378444093e-01 4.9280795517385029e-01
vn 2.3556540794520259e-01 -7.0710678118654990e-01 6.6671503551337941e-01
vn 4.2235621063983170e-01 -5.0000000000000200e-01 7.5605239985993045e-01
vn -2.6171031702458061e-16 -1.0000000000000000e+00 2.4900073376019931e-15
vn 2.6171031702458120e-16 -1.0000000000000000e+00 2.4900073376019931e-15
vn 4.3740630937242883e-02 -9.6592582628906964e-01 2.5509616875404023e-01
vn 1.6656989737102745e-01 -8.6602540378444093e-01 4.7143872273053833e-01
vn 3.4485240192101230e-01 -7.0710678118655002e-01 6.1731419948783395e-01
vn 5.4405447682341668e-01 -5.0000000000000200e-01 6.7379872829235599e-01
vn -2.1081604157121196e-15 -1.0000000000000000e+00 -6.4882506051616963e-15
vn 8.6222923560787298e-02 -9.6592582628906964e-01 2.4403464008293682e-01
vn 2.4384747190681552e-01 -8.6602540378444093e-01 4.3650705658059052e-01
vn 4.4421862016474162e-01 -7.0710678118654990e-01 5.5015435788415756e-01
vn 6.5010128626628527e-01 -5.0000000000000189e-01 5.7216109409406679e-01
vn 1.4163847244119959e-16 -1.0000000000000000e+00 2.4532503057460169e-16
vn 1.2622473965916986e-01 -9.6592582628906964e-01 2.2595267912939793e-01
vn 3.1410999864781858e-01 -8.6602540378444093e-01 3.8901787715921676e-01
vn 5.3080547749313767e-01 -7.0710678118654990e-01 4.6716757706767154e-01
vn 7.3744586533970502e-01 -5.0000000000000200e-01 4.5406342694977264e-01
vn 1.6259529981436288e-01 -9.6592582628906964e-01 2.0137047098831379e-01
vn -1.8905265019541479e-15 -1.0000000000000000e+00 -2.0996423926865284e-15
vn 1.9428828923041408e-01 -9.6592582628906964e-01 1.7099520103118931e-01
vn 3.1033816048224160e-15 -1.0000000000000000e+00 2.2547387165330197e-15
vn 2.2039195830510397e-01 -9.6592582628906964e-01 1.3570071047057630e-01
vn -9.5830067508766107e-16 -1.0000000000000000e+00 -4.2666294969956082e-16
vn 2.4015535200598434e-01 -9.6592582628906964e-01 9.6502357539386671e-02
vn -3.7449052870999445e-16 -1.0000000000000000e+00 -7.9600419160584438e-17
vn 2.5300991347940138e-01 -9.6592582628906964e-01 5.4527807483188778e-02
vn 2.5858584039600591e-01 -9.6592582628906964e-01 1.0984591684228936e-02
vn 4.9954948310233677e-01 -8.6602540378444093e-01 2.1220601598074002e-02
vn 4.9595021762943453e-01 -8.6602540378444093e-01 -6.3508909873439032e-02
vn 7.0137952403343751e-01 -7.0710678118654990e-01 -8.9815161674548435e-02
vn 6.7611198207912082e-01 -7.0710678118655002e-01 -2.0705696725548534e-01
vn 8.2806468253780707e-01 -5.0000000000000200e-01 -2.5359195873205242e-01
vn 7.7329647685354530e-01 -5.0000000000000200e-01 -3.8988787989099150e-01
vn -1.0489906846677890e-15 -1.0000000000000000e+00 6.4232154215689928e-32
vn 2.5672272349047193e-01 -9.6592582628906987e-01 -3.2874630817890674e-02
vn 4.7808336736962176e-01 -8.6602540378444093e-01 -1.4641138563827394e-01
vn 6.3139392939437489e-01 -7.0710678118654990e-01 -3.1834212087615388e-01
vn 6.9628193946755890e-01 -5.0000000000000200e-01 -5.1496743661254218e-01
vn -3.7449052870999440e-16 -1.0000000000000000e+00 7.9600419160584475e-17
vn 2.4747416124400304e-01 -9.6592582628906964e-01 -7.5788110046068988e-02
vn 4.4646292907478063e-01 -8.6602540378444093e-01 -2.2510187240883500e-01
vn 5.6851182293698654e-01 -7.0710678118655002e-01 -4.2046915128325535e-01
vn 5.9923663840042629e-01 -5.0000000000000200e-01 -6.2523231778160238e-01
vn -9.5830067508766107e-16 -1.0000000000000000e+00 4.2666294969956077e-16
vn 2.3110621795361533e-01 -9.6592582628906964e-01 -1.1652130333528674e-01
vn 4.0199856518346722e-01 -8.6602540378444093e-01 -2.9731658815214085e-01
vn 4.8927466642057127e-01 -7.0710678118654990e-01 -5.1050004975419483e-01
vn 4.8495239027391501e-01 -5.0000000000000200e-01 -7.1751040352570106e-01
vn 3.1033816048224160e-15 -1.0000000000000000e+00 -2.2547387165330197e-15
vn 2.0808976954673414e-01 -9.6592582628906964e-01 -1.5390239087735103e-01
vn 3.4596943448877032e-01 -8.6602540378444093e-01 -3.6097804697725949e-01
vn 3.9596196857137900e-01 -7.0710678118655002e-01 -5.8584479125880673e-01
vn 3.5671694482981758e-01 -5.0000000000000200e-01 -7.8914702132826864e-01
vn 1.7908695733808294e-01 -9.6592582628906976e-01 -1.8685598684325186e-01
vn -1.8905265019541479e-15 -1.0000000000000000e+00 2.0996423926865284e-15
vn 1.4493213942961766e-01 -9.6592582628906976e-01 -2.1443407627551114e-01
vn 1.4163847244119956e-16 -1.0000000000000000e+00 -2.4532503057460174e-16
vn 1.0660788774704433e-01 -9.6592582628906964e-01 -2.3584328775246385e-01
vn -2.1081604157121184e-15 -1.0000000000000000e+00 6.4882506051616963e-15
vn 6.5216721234481023e-02 -9.6592582628906964e-01 -2.5046771723957134e-01
vn 2.6171031702458145e-16 -1.0000000000000000e+00 -2.4900073376019931e-15
vn 2.1949388391787256e-02 -9.6592582628906964e-01 -2.5788664652712118e-01
vn -2.3850033569489226e-16 -1.0000000000000000e+00 -2.2691791162556517e-15
vn -2.1949388391787367e-02 -9.6592582628906964e-01 -2.5788664652712118e-01
vn -6.5216721234481120e-02 -9.6592582628906964e-01 -2.5046771723957129e-01
vn -1.2598903069256165e-01 -8.6602540378444082e-01 -4.8386647346674561e-01
vn -2.0595062412199472e-01 -8.6602540378444093e-01 -4.5561424519406429e-01
vn -2.9125816581252978e-01 -7.0710678118654990e-01 -6.4433584476382944e-01
vn -3.9596196857137900e-01 -7.0710678118655002e-01 -5.8584479125880673e-01
vn -4.8495239027391501e-01 -5.0000000000000200e-01 -7.1751040352570106e-01
vn 2.1081604157121184e-15 -1.0000000000000000e+00 6.4882506051616963e-15
vn -1.0660788774704433e-01 -9.6592582628906964e-01 -2.3584328775246385e-01
vn -2.7998739306879544e-01 -8.6602540378444093e-01 -4.1425482462191782e-01
vn 4.1347303987137829e-16 -1.0000000000000000e+00 7.1615631261718051e-16
vn -1.4493213942961766e-01 -9.6592582628906976e-01 -2.1443407627551114e-01
vn 1.8905265019541479e-15 -1.0000000000000000e+00 2.0996423926865284e-15
vn -1.4635900365913057e-01 -5.0000000000000200e-01 8.5356841673524009e-01
vn -2.3556540794520259e-01 -7.0710678118654990e-01 6.6671503551337941e-01
vn -2.4384747190681552e-01 -8.6602540378444093e-01 4.3650705658059052e-01
vn -8.5901097495902823e-01 -5.0000000000000200e-01 -1.1000065863410947e-01
vn -8.2806468253780696e-01 -5.0000000000000200e-01 -2.5359195873205259e-01
vn -7.7329647685354530e-01 -5.0000000000000200e-01 -3.8988787989099150e-01
vn -7.0137952403343762e-01 -7.0710678118654990e-01 -8.9815161674548158e-02
vn -6.7611198207912082e-01 -7.0710678118655002e-01 -2.0705696725548547e-01
vn -6.3139392939437489e-01 -7.0710678118654990e-01 -3.1834212087615388e-01
vn -4.9595021762943453e-01 -8.6602540378444093e-01 -6.3508909873438810e-02
vn -4.7808336736962170e-01 -8.6602540378444093e-01 -1.4641138563827405e-01
vn -4.4646292907478063e-01 -8.6602540378444093e-01 -2.2510187240883500e-01
vn -3.5671694482981758e-01 -5.0000000000000200e-01 -7.8914702132826864e-01
vn -1.7817539591566167e-01 -7.0710678118654990e-01 -6.8429052915431599e-01
vn -4.2402962237754353e-02 -8.6602540378444093e-01 -4.9819874427125937e-01
vn -2.1821940235587295e-01 -5.0000000000000200e-01 -8.3808131612358683e-01
vn -5.9966844281426686e-02 -7.0710678118654990e-01 -7.0455942090566348e-01
vn 4.2402962237754145e-02 -8.6602540378444093e-01 -4.9819874427125943e-01
vn -7.3444084987215510e-02 -5.0000000000000200e-01 -8.6290553734484088e-01
vn 5.9966844281426387e-02 -7.0710678118654990e-01 -7.0455942090566348e-01
vn 1.2598903069256148e-01 -8.6602540378444093e-01 -4.8386647346674566e-01
vn 7.3444084987215136e-02 -5.0000000000000200e-01 -8.6290553734484088e-01
vn 1.7817539591566137e-01 -7.0710678118654990e-01 -6.8429052915431621e-01
vn 2.0595062412199472e-01 -8.6602540378444093e-01 -4.5561424519406429e-01
vn 2.1821940235587259e-01 -5.0000000000000189e-01 -8.3808131612358705e-01
vn 2.9125816581252978e-01 -7.0710678118654990e-01 -6.4433584476382944e-01
vn 2.7998739306879544e-01 -8.6602540378444093e-01 -4.1425482462191782e-01
vn 8.5901097495902812e-01 -5.0000000000000200e-01 -1.1000065863410986e-01
vn 7.0646965407979712e-01 -7.0710678118654990e-01 3.0010462581712565e-02
vn 4.8877761947383930e-01 -8.6602540378444082e-01 1.0533963499786210e-01
vn 8.6524508562802327e-01 -5.0000000000000189e-01 3.6755160135041723e-02
vn 6.9123593844434250e-01 -7.0710678118654990e-01 1.4897274046940878e-01
vn 4.6394451364825096e-01 -8.6602540378444093e-01 1.8642823889015278e-01
vn 8.4658767053126227e-01 -5.0000000000000189e-01 1.8245359986705906e-01
vn 6.5611662338994903e-01 -7.0710678118655002e-01 2.6364934384778649e-01
vn 4.2576456886665248e-01 -8.6602540378444082e-01 2.6215364177861344e-01
vn 8.0357546953160852e-01 -5.0000000000000200e-01 3.2290318172333482e-01
vn 6.0212202766915623e-01 -7.0710678118655002e-01 3.7074123562881495e-01
vn 3.7533615262635928e-01 -8.6602540378444082e-01 3.3033736169503802e-01
vn -2.8850752525815504e-01 -5.0000000000000200e-01 8.1655582042467434e-01
vn -3.4485240192101230e-01 -7.0710678118655002e-01 6.1731419948783395e-01
vn -3.1410999864781858e-01 -8.6602540378444093e-01 3.8901787715921676e-01
vn -4.2235621063983170e-01 -5.0000000000000200e-01 7.5605239985993045e-01
vn -4.4421862016474162e-01 -7.0710678118654990e-01 5.5015435788415756e-01
vn -3.7533615262635928e-01 -8.6602540378444082e-01 3.3033736169503802e-01
vn -5.4405447682341668e-01 -5.0000000000000200e-01 6.7379872829235599e-01
vn -5.3080547749313767e-01 -7.0710678118654990e-01 4.6716757706767154e-01
vn -4.2576456886665232e-01 -8.6602540378444093e-01 2.6215364177861367e-01
vn -6.5010128626628527e-01 -5.0000000000000189e-01 5.7216109409406679e-01
vn -6.0212202766915612e-01 -7.0710678118654990e-01 3.7074123562881511e-01
vn -4.6394451364825096e-01 -8.6602540378444093e-01 1.8642823889015278e-01
vn -7.3744586533970491e-01 -5.0000000000000200e-01 4.5406342694977303e-01
vn -6.5611662338994903e-01 -7.0710678118655002e-01 2.6364934384778649e-01
vn -8.0357546953160852e-01 -5.0000000000000200e-01 3.2290318172333482e-01
vn -9.8561591034770801e-01 0.0000000000000000e+00 -1.6900082032185132e-01
vn -1.0000000000000000e+00 0.0000000000000000e+00 -1.2246467991473532e-16
vn -1.0000000000000000e+00 -0.0000000000000000e+00 1.2246467991473532e-16
vn -9.4287744546108487e-01 -0.0000000000000000e+00 3.3313979474205552e-01
vn -8.7301411316118793e-01 -0.0000000000000000e+00 4.8769494381363482e-01
vn -7.7803575431843963e-01 -0.0000000000000000e+00 6.2821999729564215e-01
vn -6.6067472339008093e-01 -0.0000000000000000e+00 7.5067230525272477e-01
vn -5.2430728355723055e-01 -0.0000000000000000e+00 8.5152913773331218e-01
vn -5.2430728355723000e-01 -0.0000000000000000e+00 8.5152913773331229e-01
vn -3.7285647778030878e-01 -0.0000000000000000e+00 9.2788902729650924e-01
vn -2.1067926999572603e-01 -0.0000000000000000e+00 9.7755523894768614e-01
vn -2.1067926999572545e-01 -0.0000000000000000e+00 9.7755523894768648e-01
vn -4.2441203196148559e-02 -0.0000000000000000e+00 9.9909896620468153e-01
vn 2.9282277127655021e-01 -0.0000000000000000e+00 9.5616673473925107e-01
vn 2.9282277127654954e-01 -0.0000000000000000e+00 9.5616673473925118e-01
vn 4.5020374481767311e-01 -0.0000000000000000e+00 8.9292585814956860e-01
vn 5.9463317630428802e-01 -0.0000000000000000e+00 8.0399713036693954e-01
vn 5.9463317630428769e-01 -0.0000000000000000e+00 8.0399713036693976e-01
vn 7.2195609395452465e-01 -0.0000000000000000e+00 6.9193886897754608e-01
vn 8.2850964924384096e-01 -0.0000000000000000e+00 5.5997478613759710e-01
vn 9.6773294693349843e-01 -0.0000000000000000e+00 2.5197806138512713e-01
vn 9.9639748854252652e-01 -0.0000000000000000e+00 8.4805924475508235e-02
vn 9.9639748854252652e-01 -0.0000000000000000e+00 -8.4805924475508235e-02
vn 9.6773294693349843e-01 -0.0000000000000000e+00 -2.5197806138512713e-01
vn 9.1122849038813469e-01 -0.0000000000000000e+00 -4.1190124824399488e-01
vn 8.2850964924384096e-01 -0.0000000000000000e+00 -5.5997478613759710e-01
vn 7.2195609395452465e-01 -0.0000000000000000e+00 -6.9193886897754608e-01
vn 5.9463317630428769e-01 -0.0000000000000000e+00 -8.0399713036693976e-01
vn 5.9463317630428802e-01 -0.0000000000000000e+00 -8.0399713036693954e-01
vn 4.5020374481767311e-01 -0.0000000000000000e+00 -8.9292585814956860e-01
vn 2.9282277127654954e-01 -0.0000000000000000e+00 -9.5616673473925118e-01
vn 2.9282277127655021e-01 -0.0000000000000000e+00 -9.5616673473925107e-01
vn -4.2441203196148559e-02 0.0000000000000000e+00 -9.9909896620468153e-01
vn -2.1067926999572545e-01 0.0000000000000000e+00 -9.7755523894768648e-01
vn -3.7285647778030878e-01 0.0000000000000000e+00 -9.2788902729650924e-01
vn -5.2430728355723000e-01 0.0000000000000000e+00 -8.5152913773331229e-01
vn -5.2430728355723055e-01 0.0000000000000000e+00 -8.5152913773331218e-01
vn -6.6067472339008093e-01 0.0000000000000000e+00 -7.5067230525272477e-01
vn -7.7803575431843963e-01 0.0000000000000000e+00 -6.2821999729564215e-01
vn -8.7301411316118793e-01 0.0000000000000000e+00 -4.8769494381363482e-01
vn -9.4287744546108487e-01 0.0000000000000000e+00 -3.3313979474205552e-01
vn -0.0000000000000000e+00 -1.0000000000000000e+00 -0.0000000000000000e+00
vn -9.8561591034770801e-01 -0.0000000000000000e+00 1.6900082032185124e-01
vn -9.5810224752391693e-01 2.5881904510252196e-01 1.2268979249243964e-01
vn -1.0000000000000000e+00 -0.0000000000000000e+00 6.1232339957367660e-17
vn -9.6505549447581052e-01 2.5881904510252196e-01 -4.0995054265941813e-02
vn -9.4424585192375099e-01 2.5881904510252196e-01 -2.0350054795259950e-01
vn -9.4287744546108487e-01 0.0000000000000000e+00 -3.3313979474205568e-01
vn -8.9627197539594039e-01 2.5881904510252196e-01 -3.6015170138717600e-01
vn -8.7301411316118815e-01 0.0000000000000000e+00 -4.8769494381363465e-01
vn -8.2251398597426628e-01 2.5881904510252191e-01 -5.0644194609939552e-01
vn -7.7803575431843941e-01 0.0000000000000000e+00 -6.2821999729564237e-01
vn -7.2509376672355730e-01 2.5881904510252191e-01 -6.3816277809886568e-01
vn -6.0681391997910927e-01 2.5881904510252196e-01 -7.5152482887247707e-01
vn -5.2430728355722978e-01 0.0000000000000000e+00 -8.5152913773331251e-01
vn -4.7107714158018582e-01 2.5881904510252191e-01 -8.4326687861723837e-01
vn -3.2178833150599245e-01 2.5881904510252196e-01 -9.1074967559632347e-01
vn -2.1067926999572556e-01 0.0000000000000000e+00 -9.7755523894768614e-01
vn -1.6324225701291242e-01 2.5881904510252196e-01 -9.5203186260626238e-01
vn -4.2441203196148525e-02 0.0000000000000000e+00 -9.9909896620468142e-01
vn -1.1829179713786696e-16 2.5881904510252196e-01 -9.6592582628906798e-01
vn 1.2701781974687915e-01 -0.0000000000000000e+00 -9.9190043525887683e-01
vn 1.1829179713786696e-16 2.5881904510252196e-01 -9.6592582628906798e-01
vn 1.6324225701291287e-01 2.5881904510252196e-01 -9.5203186260626216e-01
vn 2.9282277127654949e-01 -0.0000000000000000e+00 -9.5616673473925118e-01
vn 3.2178833150599245e-01 2.5881904510252196e-01 -9.1074967559632347e-01
vn 4.7107714158018582e-01 2.5881904510252191e-01 -8.4326687861723837e-01
vn 5.9463317630428747e-01 -0.0000000000000000e+00 -8.0399713036693987e-01
vn 6.0681391997910927e-01 2.5881904510252196e-01 -7.5152482887247707e-01
vn 7.2195609395452465e-01 -0.0000000000000000e+00 -6.9193886897754597e-01
vn 7.2509376672355730e-01 2.5881904510252191e-01 -6.3816277809886568e-01
vn 8.2251398597426673e-01 2.5881904510252196e-01 -5.0644194609939508e-01
vn 8.9627197539594039e-01 2.5881904510252196e-01 -3.6015170138717600e-01
vn 9.6773294693349832e-01 -0.0000000000000000e+00 -2.5197806138512718e-01
vn 9.4424585192375121e-01 2.5881904510252196e-01 -2.0350054795259911e-01
vn 9.9639748854252663e-01 -0.0000000000000000e+00 -8.4805924475508207e-02
vn 9.6505549447581052e-01 2.5881904510252196e-01 -4.0995054265941813e-02
vn 9.9639748854252663e-01 -0.0000000000000000e+00 8.4805924475508346e-02
vn 9.5810224752391682e-01 2.5881904510252196e-01 1.2268979249244008e-01
vn 9.6773294693349832e-01 -0.0000000000000000e+00 2.5197806138512707e-01
vn 9.2358614332313105e-01 2.5881904510252196e-01 2.8284507730155656e-01
vn 9.1122849038813469e-01 -0.0000000000000000e+00 4.1190124824399504e-01
vn 8.6250014734799696e-01 2.5881904510252196e-01 4.3486342421144403e-01
vn 7.7660159248372662e-01 2.5881904510252196e-01 5.7437154216061082e-01
vn 7.2195609395452454e-01 -0.0000000000000000e+00 6.9193886897754586e-01
vn 6.6836162375865948e-01 2.5881904510252196e-01 6.9735603659745204e-01
vn 5.9463317630428802e-01 -0.0000000000000000e+00 8.0399713036693943e-01
vn 5.4089410800100080e-01 2.5881904510252196e-01 8.0027886753432398e-01
vn 3.9786605355957722e-01 2.5881904510252196e-01 8.8017913251629998e-01
vn 2.9282277127655026e-01 -0.0000000000000000e+00 9.5616673473925096e-01
vn 2.4339211715014425e-01 2.5881904510252196e-01 9.3475824639389471e-01
vn 8.1916232673214268e-02 2.5881904510252196e-01 9.6244606743279215e-01
vn -4.2441203196148462e-02 -0.0000000000000000e+00 9.9909896620468142e-01
vn -8.1916232673214684e-02 2.5881904510252196e-01 9.6244606743279215e-01
vn -2.4339211715014464e-01 2.5881904510252191e-01 9.3475824639389449e-01
vn -3.9786605355957722e-01 2.5881904510252196e-01 8.8017913251629998e-01
vn -5.2430728355723033e-01 -0.0000000000000000e+00 8.5152913773331218e-01
vn -5.4089410800100080e-01 2.5881904510252196e-01 8.0027886753432398e-01
vn -6.6836162375865948e-01 2.5881904510252196e-01 6.9735603659745204e-01
vn -7.7803575431843952e-01 -0.0000000000000000e+00 6.2821999729564226e-01
vn -7.7660159248372629e-01 2.5881904510252191e-01 5.7437154216061115e-01
vn -8.7301411316118793e-01 -0.0000000000000000e+00 4.8769494381363476e-01
vn -8.6250014734799696e-01 2.5881904510252196e-01 4.3486342421144403e-01
vn -9.4287744546108487e-01 -0.0000000000000000e+00 3.3313979474205563e-01
vn -9.2358614332313105e-01 2.5881904510252196e-01 2.8284507730155678e-01
vn 3.7449052870999445e-16 1.0000000000000000e+00 7.9600419160584438e-17
vn -2.5858584039600591e-01 9.6592582628906964e-01 -1.0984591684228936e-02
vn 1.0489906846677890e-15 1.0000000000000000e+00 -6.4232154215689928e-32
vn -2.5672272349047187e-01 9.6592582628906964e-01 3.2874630817890549e-02
vn 3.7449052870999440e-16 1.0000000000000000e+00 -7.9600419160584475e-17
vn -2.4747416124400301e-01 9.6592582628906964e-01 7.5788110046069029e-02
vn 9.5830067508766107e-16 1.0000000000000000e+00 -4.2666294969956077e-16
vn -2.3110621795361533e-01 9.6592582628906964e-01 1.1652130333528674e-01
vn -3.1033816048224160e-15 1.0000000000000000e+00 2.2547387165330197e-15
vn -2.0808976954673411e-01 9.6592582628906987e-01 1.5390239087735116e-01
vn -1.7908695733808294e-01 9.6592582628906976e-01 1.8685598684325186e-01
vn -4.0199856518346710e-01 8.6602540378444093e-01 2.9731658815214101e-01
vn -3.4596943448877032e-01 8.6602540378444093e-01 3.6097804697725949e-01
vn -5.6851182293698643e-01 7.0710678118654990e-01 4.2046915128325557e-01
vn -4.8927466642057127e-01 7.0710678118654990e-01 5.1050004975419483e-01
vn -6.9628193946755856e-01 5.0000000000000200e-01 5.1496743661254252e-01
vn -5.9923663840042629e-01 5.0000000000000200e-01 6.2523231778160238e-01
vn 9.5830067508766107e-16 1.0000000000000000e+00 4.2666294969956082e-16
vn -2.4015535200598434e-01 9.6592582628906964e-01 -9.6502357539386671e-02
vn -2.5300991347940133e-01 9.6592582628906976e-01 -5.4527807483188875e-02
vn -4.8877761947383930e-01 8.6602540378444093e-01 -1.0533963499786231e-01
vn -4.9954948310233677e-01 8.6602540378444093e-01 -2.1220601598074002e-02
vn -6.9123593844434239e-01 7.0710678118655002e-01 -1.4897274046940909e-01
vn -7.0646965407979712e-01 7.0710678118654990e-01 -3.0010462581712565e-02
vn -8.4658767053126227e-01 5.0000000000000200e-01 -1.8245359986705939e-01
vn -8.6524508562802327e-01 5.0000000000000189e-01 -3.6755160135041723e-02
vn -2.2039195830510391e-01 9.6592582628906964e-01 -1.3570071047057641e-01
vn -3.1033816048224160e-15 1.0000000000000000e+00 -2.2547387165330197e-15
vn -1.9428828923041408e-01 9.6592582628906964e-01 -1.7099520103118931e-01
vn 1.8905265019541479e-15 1.0000000000000000e+00 2.0996423926865284e-15
vn -1.6259529981436288e-01 9.6592582628906964e-01 -2.0137047098831379e-01
vn -1.4163847244119959e-16 1.0000000000000000e+00 -2.4532503057460169e-16
vn -1.2622473965916986e-01 9.6592582628906964e-01 -2.2595267912939793e-01
vn -8.6222923560787298e-02 9.6592582628906964e-01 -2.4403464008293682e-01
vn -1.6656989737102745e-01 8.6602540378444093e-01 -4.7143872273053833e-01
vn -8.4500410160923883e-02 8.6602540378444093e-01 -4.9280795517385040e-01
vn -1.1950162607566842e-01 7.0710678118654990e-01 -6.9693569385221454e-01
vn -8.6595605623549045e-17 7.0710678118655002e-01 -7.0710678118654513e-01
vn -1.0605752387249054e-16 5.0000000000000200e-01 -8.6602540378443749e-01
vn 1.0605752387249054e-16 5.0000000000000200e-01 -8.6602540378443749e-01
vn 8.6595605623549045e-17 7.0710678118655002e-01 -7.0710678118654513e-01
vn 1.4635900365913096e-01 5.0000000000000189e-01 -8.5356841673524009e-01
vn 2.1081604157121196e-15 1.0000000000000000e+00 6.4882506051616963e-15
vn -4.3740630937242758e-02 9.6592582628906964e-01 -2.5509616875404029e-01
vn -6.1232339957367180e-17 8.6602540378444093e-01 -4.9999999999999611e-01
vn 6.1232339957367180e-17 8.6602540378444093e-01 -4.9999999999999611e-01
vn 1.1950162607566872e-01 7.0710678118654990e-01 -6.9693569385221454e-01
vn 2.8850752525815504e-01 5.0000000000000200e-01 -8.1655582042467434e-01
vn -2.6171031702458120e-16 1.0000000000000000e+00 -2.4900073376019931e-15
vn -3.1696191514316984e-17 9.6592582628906964e-01 -2.5881904510251535e-01
vn 3.1696191514316984e-17 9.6592582628906964e-01 -2.5881904510251535e-01
vn 8.4500410160924119e-02 8.6602540378444093e-01 -4.9280795517385029e-01
vn 2.3556540794520259e-01 7.0710678118654990e-01 -6.6671503551337941e-01
vn 4.2235621063983170e-01 5.0000000000000200e-01 -7.5605239985993045e-01
vn -2.6171031702458061e-16 1.0000000000000000e+00 -2.4900073376019931e-15
vn 2.6171031702458120e-16 1.0000000000000000e+00 -2.4900073376019931e-15
vn 4.3740630937242883e-02 9.6592582628906964e-01 -2.5509616875404023e-01
vn 1.6656989737102745e-01 8.6602540378444093e-01 -4.7143872273053833e-01
vn 3.4485240192101230e-01 7.0710678118655002e-01 -6.1731419948783395e-01
vn 5.4405447682341668e-01 5.0000000000000200e-01 -6.7379872829235599e-01
vn -2.1081604157121196e-15 1.0000000000000000e+00 6.4882506051616963e-15
vn 8.6222923560787298e-02 9.6592582628906964e-01 -2.4403464008293682e-01
vn 2.4384747190681552e-01 8.6602540378444093e-01 -4.3650705658059052e-01
vn 4.4421862016474162e-01 7.0710678118654990e-01 -5.5015435788415756e-01
vn 6.5010128626628527e-01 5.0000000000000189e-01 -5.7216109409406679e-01
vn 1.4163847244119959e-16 1.0000000000000000e+00 -2.4532503057460169e-16
vn 1.2622473965916986e-01 9.6592582628906964e-01 -2.2595267912939793e-01
vn 3.1410999864781858e-01 8.6602540378444093e-01 -3.8901787715921676e-01
vn 5.3080547749313767e-01 7.0710678118654990e-01 -4.6716757706767154e-01
vn 7.3744586533970502e-01 5.0000000000000200e-01 -4.5406342694977264e-01
vn 1.6259529981436288e-01 9.6592582628906964e-01 -2.0137047098831379e-01
vn -1.8905265019541479e-15 1.0000000000000000e+00 2.0996423926865284e-15
vn 1.9428828923041408e-01 9.6592582628906964e-01 -1.7099520103118931e-01
vn 3.1033816048224160e-15 1.0000000000000000e+00 -2.2547387165330197e-15
vn 2.2039195830510397e-01 9.6592582628906964e-01 -1.3570071047057630e-01
vn -9.5830067508766107e-16 1.0000000000000000e+00 4.2666294969956082e-16
vn 2.4015535200598434e-01 9.6592582628906964e-01 -9.6502357539386671e-02
vn -3.7449052870999445e-16 1.0000000000000000e+00 7.9600419160584438e-17
vn 2.5300991347940138e-01 9.6592582628906964e-01 -5.4527807483188778e-02
vn 2.5858584039600591e-01 9.6592582628906964e-01 -1.0984591684228936e-02
vn 4.9954948310233677e-01 8.6602540378444093e-01 -2.1220601598074002e-02
vn 4.9595021762943453e-01 8.6602540378444093e-01 6.3508909873439032e-02
vn 7.0137952403343751e-01 7.0710678118654990e-01 8.9815161674548435e-02
vn 6.7611198207912082e-01 7.0710678118655002e-01 2.0705696725548534e-01
vn 8.2806468253780707e-01 5.0000000000000200e-01 2.5359195873205242e-01
vn 7.7329647685354530e-01 5.0000000000000200e-01 3.8988787989099150e-01
vn -1.0489906846677890e-15 1.0000000000000000e+00 -6.4232154215689928e-32
vn 2.5672272349047193e-01 9.6592582628906987e-01 3.2874630817890674e-02
vn 4.7808336736962176e-01 8.6602540378444093e-01 1.4641138563827394e-01
vn 6.3139392939437489e-01 7.0710678118654990e-01 3.1834212087615388e-01
vn 6.9628193946755890e-01 5.0000000000000200e-01 5.1496743661254218e-01
vn -3.7449052870999440e-16 1.0000000000000000e+00 -7.9600419160584475e-17
vn 2.4747416124400304e-01 9.6592582628906964e-01 7.5788110046068988e-02
vn 4.4646292907478063e-01 8.6602540378444093e-01 2.2510187240883500e-01
vn 5.6851182293698654e-01 7.0710678118655002e-01 4.2046915128325535e-01
vn 5.9923663840042629e-01 5.0000000000000200e-01 6.2523231778160238e-01
vn -9.5830067508766107e-16 1.0000000000000000e+00 -4.2666294969956077e-16
vn 2.3110621795361533e-01 9.6592582628906964e-01 1.1652130333528674e-01
vn 4.0199856518346722e-01 8.6602540378444093e-01 2.9731658815214085e-01
vn 4.8927466642057127e-01 7.0710678118654990e-01 5.1050004975419483e-01
vn 4.8495239027391501e-01 5.0000000000000200e-01 7.1751040352570106e-01
vn 3.1033816048224160e-15 1.0000000000000000e+00 2.2547387165330197e-15
vn 2.0808976954673414e-01 9.6592582628906964e-01 1.5390239087735103e-01
vn 3.4596943448877032e-01 8.6602540378444093e-01 3.6097804697725949e-01
vn 3.9596196857137900e-01 7.0710678118655002e-01 5.8584479125880673e-01
vn 3.5671694482981758e-01 5.0000000000000200e-01 7.8914702132826864e-01
vn 1.7908695733808294e-01 9.6592582628906976e-01 1.8685598684325186e-01
vn -1.8905265019541479e-15 1.0000000000000000e+00 -2.0996423926865284e-15
vn 1.4493213942961766e-01 9.6592582628906976e-01 2.1443407627551114e-01
vn 1.4163847244119956e-16 1.0000000000000000e+00 2.4532503057460174e-16
vn 1.0660788774704433e-01 9.6592582628906964e-01 2.3584328775246385e-01
vn -2.1081604157121184e-15 1.0000000000000000e+00 -6.4882506051616963e-15
vn 6.5216721234481023e-02 9.6592582628906964e-01 2.5046771723957134e-01
vn 2.6171031702458145e-16 1.0000000000000000e+00 2.4900073376019931e-15
vn 2.1949388391787256e-02 9.6592582628906964e-01 2.5788664652712118e-01
vn -2.3850033569489226e-16 1.0000000000000000e+00 2.2691791162556517e-15
vn -2.1949388391787367e-02 9.6592582628906964e-01 2.5788664652712118e-01
vn -6.5216721234481120e-02 9.6592582628906964e-01 2.5046771723957129e-01
vn -1.2598903069256165e-01 8.6602540378444082e-01 4.8386647346674561e-01
vn -2.0595062412199472e-01 8.6602540378444093e-01 4.5561424519406429e-01
vn -2.9125816581252978e-01 7.0710678118654990e-01 6.4433584476382944e-01
vn -3.9596196857137900e-01 7.0710678118655002e-01 5.8584479125880673e-01
vn -4.8495239027391501e-01 5.0000000000000200e-01 7.1751040352570106e-01
vn 2.1081604157121184e-15 1.0000000000000000e+00 -6.4882506051616963e-15
vn -1.0660788774704433e-01 9.6592582628906964e-01 2.3584328775246385e-01
vn -2.7998739306879544e-01 8.6602540378444093e-01 4.1425482462191782e-01
vn 4.1347303987137829e-16 1.0000000000000000e+00 -7.1615631261718051e-16
vn -1.4493213942961766e-01 9.6592582628906976e-01 2.1443407627551114e-01
vn 1.8905265019541479e-15 1.0000000000000000e+00 -2.0996423926865284e-15
vn -1.4635900365913057e-01 5.0000000000000200e-01 -8.5356841673524009e-01
vn -2.3556540794520259e-01 7.0710678118654990e-01 -6.6671503551337941e-01
vn -2.4384747190681552e-01 8.6602540378444093e-01 -4.3650705658059052e-01
vn -8.5901097495902823e-01 5.0000000000000200e-01 1.1000065863410947e-01
vn -8.2806468253780696e-01 5.0000000000000200e-01 2.5359195873205259e-01
vn -7.7329647685354530e-01 5.0000000000000200e-01 3.8988787989099150e-01
vn -7.0137952403343762e-01 7.0710678118654990e-01 8.9815161674548158e-02
vn -6.7611198207912082e-01 7.0710678118655002e-01 2.0705696725548547e-01
vn -6.3139392939437489e-01 7.0710678118654990e-01 3.1834212087615388e-01
vn -4.9595021762943453e-01 8.6602540378444093e-01 6.3508909873438810e-02
vn -4.7808336736962170e-01 8.6602540378444093e-01 1.4641138563827405e-01
vn -4.4646292907478063e-01 8.6602540378444093e-01 2.2510187240883500e-01
vn -3.5671694482981758e-01 5.0000000000000200e-01 7.8914702132826864e-01
vn -1.7817539591566167e-01 7.0710678118654990e-01 6.8429052915431599e-01
vn -4.2402962237754353e-02 8.6602540378444093e-01 4.9819874427125937e-01
vn -2.1821940235587295e-01 5.0000000000000200e-01 8.3808131612358683e-01
vn -5.9966844281426686e-02 7.0710678118654990e-01 7.0455942090566348e-01
vn 4.2402962237754145e-02 8.6602540378444093e-01 4.9819874427125943e-01
vn -7.3444084987215510e-02 5.0000000000000200e-01 8.6290553734484088e-01
vn 5.9966844281426387e-02 7.0710678118654990e-01 7.0455942090566348e-01
vn 1.2598903069256148e-01 8.6602540378444093e-01 4.8386647346674566e-01
vn 7.3444084987215136e-02 5.0000000000000200e-01 8.6290553734484088e-01
vn 1.7817539591566137e-01 7.0710678118654990e-01 6.8429052915431621e-01
vn 2.0595062412199472e-01 8.6602540378444093e-01 4.5561424519406429e-01
vn 2.1821940235587259e-01 5.0000000000000189e-01 8.3808131612358705e-01
vn 2.9125816581252978e-01 7.0710678118654990e-01 6.4433584476382944e-01
vn 2.7998739306879544e-01 8.6602540378444093e-01 4.1425482462191782e-01
vn 8.5901097495902812e-01 5.0000000000000200e-01 1.1000065863410986e-01
vn 7.0646965407979712e-01 7.0710678118654990e-01 -3.0010462581712565e-02
vn 4.8877761947383930e-01 8.6602540378444082e-01 -1.0533963499786210e-01
vn 8.6524508562802327e-01 5.0000000000000189e-01 -3.6755160135041723e-02
vn 6.9123593844434250e-01 7.0710678118654990e-01 -1.4897274046940878e-01
vn 4.6394451364825096e-01 8.6602540378444093e-01 -1.8642823889015278e-01
vn 8.4658767053126227e-01 5.0000000000000189e-01 -1.8245359986705906e-01
vn 6.5611662338994903e-01 7.0710678118655002e-01 -2.6364934384778649e-01
vn 4.2576456886665248e-01 8.6602540378444082e-01 -2.6215364177861344e-01
vn 8.0357546953160852e-01 5.0000000000000200e-01 -3.2290318172333482e-01
vn 6.0212202766915623e-01 7.0710678118655002e-01 -3.7074123562881495e-01
vn 3.7533615262635928e-01 8.6602540378444082e-01 -3.3033736169503802e-01
vn -2.8850752525815504e-01 5.0000000000000200e-01 -8.1655582042467434e-01
vn -3.4485240192101230e-01 7.0710678118655002e-01 -6.1731419948783395e-01
vn -3.1410999864781858e-01 8.6602540378444093e-01 -3.8901787715921676e-01
vn -4.2235621063983170e-01 5.0000000000000200e-01 -7.5605239985993045e-01
vn -4.4421862016474162e-01 7.0710678118654990e-01 -5.5015435788415756e-01
vn -3.7533615262635928e-01 8.6602540378444082e-01 -3.3033736169503802e-01
vn -5.4405447682341668e-01 5.0000000000000200e-01 -6.7379872829235599e-01
vn -5.3080547749313767e-01 7.0710678118654990e-01 -4.6716757706767154e-01
vn -4.2576456886665232e-01 8.6602540378444093e-01 -2.6215364177861367e-01
vn -6.5010128626628527e-01 5.0000000000000189e-01 -5.7216109409406679e-01
vn -6.0212202766915612e-01 7.0710678118654990e-01 -3.7074123562881511e-01
vn -4.6394451364825096e-01 8.6602540378444093e-01 -1.8642823889015278e-01
vn -7.3744586533970491e-01 5.0000000000000200e-01 -4.5406342694977303e-01
vn -6.5611662338994903e-01 7.0710678118655002e-01 -2.6364934384778649e-01
vn -8.0357546953160852e-01 5.0000000000000200e-01 -3.2290318172333482e-01
vn 0.0000000000000000e+00 1.0000000000000000e+00 0.0000000000000000e+00

g face 0
f 2//1 80//2 1//3
f 1//3 80//2 89//4
f 1//3 89//4 37//5
f 37//5 89//4 248//6
f 37//5 248//6 36//7
f 36//7 248//6 244//8
f 36//7 244//8 35//9
f 35//9 244//8 239//10
f 35//9 239//10 34//11
f 34//11 239//10 234//12
f 34//11 234//12 33//13
f 33//13 234//12 229//14
f 33//13 229//14 32//15
f 32//15 229//14 224//16
f 32//15 224//16 31//17
f 31//17 224//16 220//18
f 31//17 220//18 30//19
f 30//19 220//18 215//20
f 30//19 215//20 29//21
f 29//21 215//20 68//22
f 29//21 68//22 28//23
f 28//24 68//25 210//26
f 28//24 210//26 27//27
f 27//27 210//26 206//28
f 27//27 206//28 26//29
f 26//29 206//28 201//30
f 26//29 201//30 25//31
f 25//31 201//30 196//32
f 25//31 196//32 24//33
f 24//33 196//32 191//34
f 24//33 191//34 23//35
f 23//35 191//34 186//36
f 23//35 186//36 22//37
f 22//37 186//36 182//38
f 22//37 182//38 21//39
f 21//39 182//38 177//40
f 21//39 177//40 20//41
f 20//41 177//40 172//42
f 20//41 172//42 19//43
f 19//43 172//42 167//44
f 19//43 167//44 18//45
f 18//45 167//44 162//46
f 18//45 162//46 17//47
f 17//47 162//46 157//48
f 17//47 157//48 16//49
f 16//49 157//48 152//50
f 16//49 152//50 15//51
f 15//51 152//50 148//52
f 15//51 148//52 14//53
f 14//53 148//52 143//54
f 14//53 143//54 13//55
f 13//55 143//54 138//56
f 13//55 138//56 12//57
f 12//57 138//56 133//58
f 12//57 133//58 11//59
f 11//59 133//58 129//60
f 11//59 129//60 10//61
f 10//61 129//60 124//62
f 10//61 124//62 9//63
f 9//63 124//62 119//64
f 9//63 119//64 8//65
f 8//65 119//64 114//66
f 8//65 114//66 7//67
f 7//67 114//66 109//68
f 7//67 109//68 6//69
f 6//69 109//68 105//70
f 6//69 105//70 5//71
f 5//71 105//70 100//72
f 5//71 100//72 4//73
f 4//73 100//72 95//74
f 4//73 95//74 3//75
f 3//75 95//74 90//76
f 3//75 90//76 2//1
f 2//1 90//76 80//2
f 39//77 85//78 38//79
f 38//79 85//78 84//80
f 38//79 84//80 67//81
f 67//81 84//80 94//82
f 67//81 94//82 66//83
f 66//83 94//82 99//84
f 66//83 99//84 65//85
f 65//85 99//84 104//86
f 65//85 104//86 75//87
f 75//87 104//86 103//88
f 75//87 103//88 108//89
f 108//89 103//88 102//90
f 108//89 102//90 107//91
f 107//91 102//90 101//92
f 107//91 101//92 106//93
f 106//93 101//92 100//72
f 106//93 100//72 105//70
f 40//94 74//95 39//77
f 39//77 74//95 252//96
f 39//77 252//96 85//78
f 85//78 252//96 251//97
f 85//78 251//97 86//98
f 86//98 251//97 250//99
f 86//98 250//99 87//100
f 87//100 250//99 249//101
f 87//100 249//101 88//102
f 88//102 249//101 248//6
f 88//102 248//6 89//4
f 74//95 40//94 243//103
f 243//103 40//94 41//104
f 243//103 41//104 238//105
f 238//105 41//104 42//106
f 238//105 42//106 233//107
f 233//107 42//106 43//108
f 233//107 43//108 228//109
f 228//109 43//108 73//110
f 228//109 73//110 223//111
f 223//111 73//110 218//112
f 223//111 218//112 217//113
f 217//113 218//112 70//114
f 217//113 70//114 69//115
f 69//116 70//117 211//118
f 69//116 211//118 210//26
f 210//26 211//118 206//28
f 43//108 44//119 73//110
f 73//110 44//119 219//120
f 73//110 219//120 218//112
f 218//112 219//120 71//121
f 218//112 71//121 70//114
f 70//117 71//122 212//123
f 70//117 212//123 211//118
f 211//118 212//123 207//124
f 211//118 207//124 206//28
f 206//28 207//124 201//30
f 44//119 45//125 219//120
f 219//120 45//125 72//126
f 219//120 72//126 71//121
f 71//122 72//127 213//128
f 71//122 213//128 212//123
f 212//123 213//128 208//129
f 212//123 208//129 207//124
f 207//124 208//129 202//130
f 207//124 202//130 201//30
f 201//30 202//130 196//32
f 45//131 46//132 72//127
f 72//127 46//132 214//133
f 72//127 214//133 213//128
f 213//128 214//133 209//134
f 213//128 209//134 208//129
f 208//129 209//134 203//135
f 208//129 203//135 202//130
f 202//130 203//135 197//136
f 202//130 197//136 196//32
f 196//32 197//136 191//34
f 46//132 47//137 214//133
f 214//133 47//137 79//138
f 214//133 79//138 209//134
f 209//134 79//138 204//139
f 209//134 204//139 203//135
f 203//135 204//139 198//140
f 203//135 198//140 197//136
f 197//136 198//140 192//141
f 197//136 192//141 191//34
f 191//34 192//141 186//36
f 47//137 48//142 79//138
f 79//138 48//142 205//143
f 79//138 205//143 204//139
f 204//139 205//143 199//144
f 204//139 199//144 198//140
f 198//140 199//144 193//145
f 198//140 193//145 192//141
f 192//141 193//145 187//146
f 192//141 187//146 186//36
f 186//36 187//146 182//38
f 205//143 48//142 200//147
f 200//147 48//142 49//148
f 200//147 49//148 195//149
f 195//149 49//148 50//150
f 195//149 50//150 190//151
f 190//151 50//150 51//152
f 190//151 51//152 78//153
f 78//153 51//152 52//154
f 78//153 52//154 181//155
f 181//155 52//154 176//156
f 181//155 176//156 175//157
f 175//157 176//156 170//158
f 175//157 170//158 169//159
f 169//159 170//158 164//160
f 169//159 164//160 163//161
f 163//161 164//160 158//162
f 163//161 158//162 157//48
f 157//48 158//162 152//50
f 52//154 53//163 176//156
f 176//156 53//163 171//164
f 176//156 171//164 170//158
f 170//158 171//164 165//165
f 170//158 165//165 164//160
f 164//160 165//165 159//166
f 164//160 159//166 158//162
f 158//162 159//166 153//167
f 158//162 153//167 152//50
f 152//50 153//167 148//52
f 53//163 54//168 171//164
f 171//164 54//168 166//169
f 171//164 166//169 165//165
f 165//165 166//169 160//170
f 165//165 160//170 159//166
f 159//166 160//170 154//171
f 159//166 154//171 153//167
f 153//167 154//171 149//172
f 153//167 149//172 148//52
f 148//52 149//172 143//54
f 54//168 55//173 166//169
f 166//169 55//173 161//174
f 166//169 161//174 160//170
f 160//170 161//174 155//175
f 160//170 155//175 154//171
f 154//171 155//175 150//176
f 154//171 150//176 149//172
f 149//172 150//176 144//177
f 149//172 144//177 143//54
f 143//54 144//177 138//56
f 55//173 56//178 161//174
f 161//174 56//178 156//179
f 161//174 156//179 155//175
f 155//175 156//179 151//180
f 155//175 151//180 150//176
f 150//176 151//180 145//181
f 150//176 145//181 144//177
f 144//177 145//181 139//182
f 144//177 139//182 138//56
f 138//56 139//182 133//58
f 156//179 56//178 77//183
f 77//183 56//178 57//184
f 77//183 57//184 147//185
f 147//185 57//184 58//186
f 147//185 58//186 142//187
f 142//187 58//186 59//188
f 142//187 59//188 137//189
f 137//189 59//188 60//190
f 137//189 60//190 76//191
f 76//191 60//190 61//192
f 76//191 61//192 128//193
f 128//193 61//192 123//194
f 128//193 123//194 122//195
f 122//195 123//194 117//196
f 122//195 117//196 116//197
f 116//197 117//196 111//198
f 116//197 111//198 110//199
f 110//199 111//198 106//93
f 110//199 106//93 105//70
f 61//192 62//200 123//194
f 123//194 62//200 118//201
f 123//194 118//201 117//196
f 117//196 118//201 112//202
f 117//196 112//202 111//198
f 111//198 112//202 107//91
f 111//198 107//91 106//93
f 62//200 63//203 118//201
f 118//201 63//203 113//204
f 118//201 113//204 112//202
f 112//202 113//204 108//89
f 112//202 108//89 107//91
f 63//203 64//205 113//204
f 113//204 64//205 75//87
f 113//204 75//87 108//89
f 64//205 65//85 75//87
f 210//26 68//25 69//116
f 69//115 68//22 216//206
f 69//115 216//206 217//113
f 217//113 216//206 222//207
f 217//113 222//207 223//111
f 223//111 222//207 227//208
f 223//111 227//208 228//109
f 228//109 227//208 233//107
f 88//102 89//4 81//209
f 81//209 89//4 80//2
f 81//209 80//2 91//210
f 91//210 80//2 90//76
f 91//210 90//76 96//211
f 96//211 90//76 95//74
f 96//211 95//74 101//92
f 101//92 95//74 100//72
f 87//100 88//102 82//212
f 82//212 88//102 81//209
f 82//212 81//209 92//213
f 92//213 81//209 91//210
f 92//213 91//210 97//214
f 97//214 91//210 96//211
f 97//214 96//211 102//90
f 102//90 96//211 101//92
f 86//98 87//100 83//215
f 83//215 87//100 82//212
f 83//215 82//212 93//216
f 93//216 82//212 92//213
f 93//216 92//213 98//217
f 98//217 92//213 97//214
f 98//217 97//214 103//88
f 103//88 97//214 102//90
f 85//78 86//98 84//80
f 84//80 86//98 83//215
f 84//80 83//215 94//82
f 94//82 83//215 93//216
f 94//82 93//216 99//84
f 99//84 93//216 98//217
f 99//84 98//217 104//86
f 104//86 98//217 103//88
f 105//70 109//68 110//199
f 110//199 109//68 115//218
f 110//199 115//218 116//197
f 116//197 115//218 121//219
f 116//197 121//219 122//195
f 122//195 121//219 127//220
f 122//195 127//220 128//193
f 128//193 127//220 76//191
f 109//68 114//66 115//218
f 115//218 114//66 120//221
f 115//218 120//221 121//219
f 121//219 120//221 126//222
f 121//219 126//222 127//220
f 127//220 126//222 132//223
f 127//220 132//223 76//191
f 76//191 132//223 137//189
f 114//66 119//64 120//221
f 120//221 119//64 125//224
f 120//221 125//224 126//222
f 126//222 125//224 131//225
f 126//222 131//225 132//223
f 132//223 131//225 136//226
f 132//223 136//226 137//189
f 137//189 136//226 142//187
f 119//64 124//62 125//224
f 125//224 124//62 130//227
f 125//224 130//227 131//225
f 131//225 130//227 135//228
f 131//225 135//228 136//226
f 136//226 135//228 141//229
f 136//226 141//229 142//187
f 142//187 141//229 147//185
f 124//62 129//60 130//227
f 130//227 129//60 134//230
f 130//227 134//230 135//228
f 135//228 134//230 140//231
f 135//228 140//231 141//229
f 141//229 140//231 146//232
f 141//229 146//232 147//185
f 147//185 146//232 77//183
f 129//60 133//58 134//230
f 134//230 133//58 139//182
f 134//230 139//182 140//231
f 140//231 139//182 145//181
f 140//231 145//181 146//232
f 146//232 145//181 151//180
f 146//232 151//180 77//183
f 77//183 151//180 156//179
f 157//48 162//46 163//161
f 163//161 162//46 168//233
f 163//161 168//233 169//159
f 169//159 168//233 174//234
f 169//159 174//234 175//157
f 175//157 174//234 180//235
f 175//157 180//235 181//155
f 181//155 180//235 78//153
f 162//46 167//44 168//233
f 168//233 167//44 173//236
f 168//233 173//236 174//234
f 174//234 173//236 179//237
f 174//234 179//237 180//235
f 180//235 179//237 185//238
f 180//235 185//238 78//153
f 78//153 185//238 190//151
f 167//44 172//42 173//236
f 173//236 172//42 178//239
f 173//236 178//239 179//237
f 179//237 178//239 184//240
f 179//237 184//240 185//238
f 185//238 184//240 189//241
f 185//238 189//241 190//151
f 190//151 189//241 195//149
f 172//42 177//40 178//239
f 178//239 177//40 183//242
f 178//239 183//242 184//240
f 184//240 183//242 188//243
f 184//240 188//243 189//241
f 189//241 188//243 194//244
f 189//241 194//244 195//149
f 195//149 194//244 200//147
f 177//40 182//38 183//242
f 183//242 182//38 187//146
f 183//242 187//146 188//243
f 188//243 187//146 193//145
f 188//243 193//145 194//244
f 194//244 193//145 199//144
f 194//244 199//144 200//147
f 200//147 199//144 205//143
f 68//22 215//20 216//206
f 216//206 215//20 221//245
f 216//206 221//245 222//207
f 222//207 221//245 226//246
f 222//207 226//246 227//208
f 227//208 226//246 232//247
f 227//208 232//247 233//107
f 233//107 232//247 238//105
f 215//20 220//18 221//245
f 221//245 220//18 225//248
f 221//245 225//248 226//246
f 226//246 225//248 231//249
f 226//246 231//249 232//247
f 232//247 231//249 237//250
f 232//247 237//250 238//105
f 238//105 237//250 243//103
f 220//18 224//16 225//248
f 225//248 224//16 230//251
f 225//248 230//251 231//249
f 231//249 230//251 236//252
f 231//249 236//252 237//250
f 237//250 236//252 242//253
f 237//250 242//253 243//103
f 243//103 242//253 74//95
f 224//16 229//14 230//251
f 230//251 229//14 235//254
f 230//251 235//254 236//252
f 236//252 235//254 241//255
f 236//252 241//255 242//253
f 242//253 241//255 247//256
f 242//253 247//256 74//95
f 74//95 247//256 252//96
f 229//14 234//12 235//254
f 235//254 234//12 240//257
f 235//254 240//257 241//255
f 241//255 240//257 246//258
f 241//255 246//258 247//256
f 247//256 246//258 251//97
f 247//256 251//97 252//96
f 234//12 239//10 240//257
f 240//257 239//10 245//259
f 240//257 245//259 246//258
f 246//258 245//259 250//99
f 246//258 250//99 251//97
f 239//10 244//8 245//259
f 245//259 244//8 249//101
f 245//259 249//101 250//99
f 248//6 249//101 244//8

g face 1
f 254//260 2//260 253//261
f 253//261 2//260 1//261
f 253//262 1//262 289//5
f 289//5 1//262 37//5
f 289//5 37//5 288//263
f 288//263 37//5 36//263
f 288//263 36//263 287//264
f 287//264 36//263 35//264
f 287//264 35//264 286//265
f 286//265 35//264 34//265
f 286//265 34//265 285//266
f 285//266 34//265 33//266
f 285//266 33//266 284//267
f 284//267 33//266 32//268
f 284//267 32//268 283//269
f 283//269 32//268 31//269
f 283//269 31//269 282//270
f 282//270 31//269 30//271
f 282//270 30//271 281//272
f 281//272 30//271 29//272
f 281//272 29//272 280//23
f 280//23 29//272 28//23
f 280//23 28//23 279//273
f 279//273 28//23 27//274
f 279//273 27//274 278//275
f 278//275 27//274 26//275
f 278//275 26//275 277//276
f 277//276 26//275 25//277
f 277//276 25//277 276//278
f 276//278 25//277 24//278
f 276//278 24//278 275//279
f 275//279 24//278 23//279
f 275//279 23//279 274//37
f 274//37 23//279 22//37
f 274//37 22//37 273//280
f 273//280 22//37 21//280
f 273//280 21//280 272//281
f 272//281 21//280 20//281
f 272//281 20//281 271//282
f 271//282 20//281 19//282
f 271//282 19//282 270//283
f 270//283 19//282 18//283
f 270//283 18//283 269//284
f 269//284 18//283 17//284
f 269//284 17//284 268//285
f 268//285 17//284 16//285
f 268//285 16//285 267//286
f 267//286 16//285 15//286
f 267//286 15//286 266//287
f 266//287 15//286 14//288
f 266//287 14//288 265//289
f 265//289 14//288 13//289
f 265//289 13//289 264//290
f 264//290 13//289 12//291
f 264//290 12//291 263//59
f 263//59 12//291 11//59
f 263//59 11//59 262//292
f 262//292 11//59 10//292
f 262//292 10//292 261//293
f 261//293 10//292 9//63
f 261//293 9//63 260//294
f 260//294 9//63 8//294
f 260//294 8//294 259//295
f 259//295 8//294 7//296
f 259//295 7//296 258//297
f 258//297 7//296 6//297
f 258//297 6//297 257//298
f 257//298 6//297 5//298
f 257//298 5//298 256//299
f 256//299 5//298 4//299
f 256//299 4//299 255//300
f 255//300 4//299 3//300
f 255//300 3//300 254//260
f 254//260 3//300 2//260

g face 2
f 67//301 54//301 38//301
f 38//301 54//301 53//301
f 38//301 53//301 39//301
f 39//301 53//301 52//301
f 39//301 52//301 40//301
f 40//301 52//301 51//301
f 40//301 51//301 41//301
f 41//301 51//301 50//301
f 41//301 50//301 42//301
f 42//301 50//301 49//301
f 42//301 49//301 43//301
f 43//301 49//301 48//301
f 43//301 48//301 44//301
f 44//301 48//301 47//301
f 44//301 47//301 45//301
f 45//301 47//301 46//301
f 54//301 67//301 55//301
f 55//301 67//301 66//301
f 55//301 66//301 56//301
f 56//301 66//301 65//301
f 56//301 65//301 57//301
f 57//301 65//301 64//301
f 57//301 64//301 58//301
f 58//301 64//301 63//301
f 58//301 63//301 59//301
f 59//301 63//301 62//301
f 59//301 62//301 60//301
f 60//301 62//301 61//301

g face 3
f 289//302 332//303 253//304
f 253//304 332//303 341//305
f 253//304 341//305 254//260
f 254//260 341//305 500//306
f 254//260 500//306 255//307
f 255//307 500//306 496//308
f 255//307 496//308 256//309
f 256//309 496//308 491//310
f 256//309 491//310 257//311
f 257//311 491//310 486//312
f 257//311 486//312 258//69
f 258//69 486//312 481//313
f 258//69 481//313 259//314
f 259//314 481//313 476//315
f 259//314 476//315 260//65
f 260//65 476//315 472//316
f 260//65 472//316 261//317
f 261//317 472//316 467//318
f 261//317 467//318 262//319
f 262//319 467//318 320//320
f 262//319 320//320 263//59
f 263//321 320//322 462//323
f 263//321 462//323 264//324
f 264//324 462//323 458//325
f 264//324 458//325 265//55
f 265//55 458//325 453//326
f 265//55 453//326 266//327
f 266//327 453//326 448//328
f 266//327 448//328 267//329
f 267//329 448//328 443//330
f 267//329 443//330 268//49
f 268//49 443//330 438//331
f 268//49 438//331 269//284
f 269//284 438//331 434//332
f 269//284 434//332 270//333
f 270//333 434//332 429//334
f 270//333 429//334 271//335
f 271//335 429//334 424//336
f 271//335 424//336 272//337
f 272//337 424//336 419//338
f 272//337 419//338 273//339
f 273//339 419//338 414//340
f 273//339 414//340 274//341
f 274//341 414//340 409//342
f 274//341 409//342 275//35
f 275//35 409//342 404//343
f 275//35 404//343 276//344
f 276//344 404//343 400//345
f 276//344 400//345 277//346
f 277//346 400//345 395//347
f 277//346 395//347 278//29
f 278//29 395//347 390//348
f 278//29 390//348 279//349
f 279//349 390//348 385//350
f 279//349 385//350 280//23
f 280//23 385//350 381//351
f 280//23 381//351 281//352
f 281//352 381//351 376//353
f 281//352 376//353 282//270
f 282//270 376//353 371//354
f 282//270 371//354 283//17
f 283//17 371//354 366//355
f 283//17 366//355 284//356
f 284//356 366//355 361//357
f 284//356 361//357 285//13
f 285//13 361//357 357//358
f 285//13 357//358 286//359
f 286//359 357//358 352//360
f 286//359 352//360 287//361
f 287//361 352//360 347//362
f 287//361 347//362 288//363
f 288//363 347//362 342//364
f 288//363 342//364 289//302
f 289//302 342//364 332//303
f 291//365 337//366 290//367
f 290//367 337//366 336//368
f 290//367 336//368 319//369
f 319//369 336//368 346//370
f 319//369 346//370 318//371
f 318//371 346//370 351//372
f 318//371 351//372 317//373
f 317//373 351//372 356//374
f 317//373 356//374 327//375
f 327//375 356//374 355//376
f 327//375 355//376 360//377
f 360//377 355//376 354//378
f 360//377 354//378 359//379
f 359//379 354//378 353//380
f 359//379 353//380 358//381
f 358//381 353//380 352//360
f 358//381 352//360 357//358
f 292//382 326//383 291//365
f 291//365 326//383 504//384
f 291//365 504//384 337//366
f 337//366 504//384 503//385
f 337//366 503//385 338//386
f 338//386 503//385 502//387
f 338//386 502//387 339//388
f 339//388 502//387 501//389
f 339//388 501//389 340//390
f 340//390 501//389 500//306
f 340//390 500//306 341//305
f 326//383 292//382 495//391
f 495//391 292//382 293//392
f 495//391 293//392 490//393
f 490//393 293//392 294//394
f 490//393 294//394 485//395
f 485//395 294//394 295//396
f 485//395 295//396 480//397
f 480//397 295//396 325//398
f 480//397 325//398 475//399
f 475//399 325//398 470//400
f 475//399 470//400 469//401
f 469//401 470//400 322//402
f 469//401 322//402 321//403
f 321//404 322//405 463//406
f 321//404 463//406 462//323
f 462//323 463//406 458//325
f 295//396 296//407 325//398
f 325//398 296//407 471//408
f 325//398 471//408 470//400
f 470//400 471//408 323//409
f 470//400 323//409 322//402
f 322//405 323//410 464//411
f 322//405 464//411 463//406
f 463//406 464//411 459//412
f 463//406 459//412 458//325
f 458//325 459//412 453//326
f 296//407 297//413 471//408
f 471//408 297//413 324//414
f 471//408 324//414 323//409
f 323//410 324//415 465//416
f 323//410 465//416 464//411
f 464//411 465//416 460//417
f 464//411 460//417 459//412
f 459//412 460//417 454//418
f 459//412 454//418 453//326
f 453//326 454//418 448//328
f 297//419 298//420 324//415
f 324//415 298//420 466//421
f 324//415 466//421 465//416
f 465//416 466//421 461//422
f 465//416 461//422 460//417
f 460//417 461//422 455//423
f 460//417 455//423 454//418
f 454//418 455//423 449//424
f 454//418 449//424 448//328
f 448//328 449//424 443//330
f 298//420 299//425 466//421
f 466//421 299//425 331//426
f 466//421 331//426 461//422
f 461//422 331//426 456//427
f 461//422 456//427 455//423
f 455//423 456//427 450//428
f 455//423 450//428 449//424
f 449//424 450//428 444//429
f 449//424 444//429 443//330
f 443//330 444//429 438//331
f 299//425 300//430 331//426
f 331//426 300//430 457//431
f 331//426 457//431 456//427
f 456//427 457//431 451//432
f 456//427 451//432 450//428
f 450//428 451//432 445//433
f 450//428 445//433 444//429
f 444//429 445//433 439//434
f 444//429 439//434 438//331
f 438//331 439//434 434//332
f 457//431 300//430 452//435
f 452//435 300//430 301//436
f 452//435 301//436 447//437
f 447//437 301//436 302//438
f 447//437 302//438 442//439
f 442//439 302//438 303//440
f 442//439 303//440 330//441
f 330//441 303//440 304//442
f 330//441 304//442 433//443
f 433//443 304//442 428//444
f 433//443 428//444 427//445
f 427//445 428//444 422//446
f 427//445 422//446 421//447
f 421//447 422//446 416//448
f 421//447 416//448 415//449
f 415//449 416//448 410//450
f 415//449 410//450 409//342
f 409//342 410//450 404//343
f 304//442 305//451 428//444
f 428//444 305//451 423//452
f 428//444 423//452 422//446
f 422//446 423//452 417//453
f 422//446 417//453 416//448
f 416//448 417//453 411//454
f 416//448 411//454 410//450
f 410//450 411//454 405//455
f 410//450 405//455 404//343
f 404//343 405//455 400//345
f 305//451 306//456 423//452
f 423//452 306//456 418//457
f 423//452 418//457 417//453
f 417//453 418//457 412//458
f 417//453 412//458 411//454
f 411//454 412//458 406//459
f 411//454 406//459 405//455
f 405//455 406//459 401//460
f 405//455 401//460 400//345
f 400//345 401//460 395//347
f 306//456 307//461 418//457
f 418//457 307//461 413//462
f 418//457 413//462 412//458
f 412//458 413//462 407//463
f 412//458 407//463 406//459
f 406//459 407//463 402//464
f 406//459 402//464 401//460
f 401//460 402//464 396//465
f 401//460 396//465 395//347
f 395//347 396//465 390//348
f 307//461 308//466 413//462
f 413//462 308//466 408//467
f 413//462 408//467 407//463
f 407//463 408//467 403//468
f 407//463 403//468 402//464
f 402//464 403//468 397//469
f 402//464 397//469 396//465
f 396//465 397//469 391//470
f 396//465 391//470 390//348
f 390//348 391//470 385//350
f 408//467 308//466 329//471
f 329//471 308//466 309//472
f 329//471 309//472 399//473
f 399//473 309//472 310//474
f 399//473 310//474 394//475
f 394//475 310//474 311//476
f 394//475 311//476 389//477
f 389//477 311//476 312//478
f 389//477 312//478 328//479
f 328//479 312//478 313//480
f 328//479 313//480 380//481
f 380//481 313//480 375//482
f 380//481 375//482 374//483
f 374//483 375//482 369//484
f 374//483 369//484 368//485
f 368//485 369//484 363//486
f 368//485 363//486 362//487
f 362//487 363//486 358//381
f 362//487 358//381 357//358
f 313//480 314//488 375//482
f 375//482 314//488 370//489
f 375//482 370//489 369//484
f 369//484 370//489 364//490
f 369//484 364//490 363//486
f 363//486 364//490 359//379
f 363//486 359//379 358//381
f 314//488 315//491 370//489
f 370//489 315//491 365//492
f 370//489 365//492 364//490
f 364//490 365//492 360//377
f 364//490 360//377 359//379
f 315//491 316//493 365//492
f 365//492 316//493 327//375
f 365//492 327//375 360//377
f 316//493 317//373 327//375
f 462//323 320//322 321//404
f 321//403 320//320 468//494
f 321//403 468//494 469//401
f 469//401 468//494 474//495
f 469//401 474//495 475//399
f 475//399 474//495 479//496
f 475//399 479//496 480//397
f 480//397 479//496 485//395
f 340//390 341//305 333//497
f 333//497 341//305 332//303
f 333//497 332//303 343//498
f 343//498 332//303 342//364
f 343//498 342//364 348//499
f 348//499 342//364 347//362
f 348//499 347//362 353//380
f 353//380 347//362 352//360
f 339//388 340//390 334//500
f 334//500 340//390 333//497
f 334//500 333//497 344//501
f 344//501 333//497 343//498
f 344//501 343//498 349//502
f 349//502 343//498 348//499
f 349//502 348//499 354//378
f 354//378 348//499 353//380
f 338//386 339//388 335//503
f 335//503 339//388 334//500
f 335//503 334//500 345//504
f 345//504 334//500 344//501
f 345//504 344//501 350//505
f 350//505 344//501 349//502
f 350//505 349//502 355//376
f 355//376 349//502 354//378
f 337//366 338//386 336//368
f 336//368 338//386 335//503
f 336//368 335//503 346//370
f 346//370 335//503 345//504
f 346//370 345//504 351//372
f 351//372 345//504 350//505
f 351//372 350//505 356//374
f 356//374 350//505 355//376
f 357//358 361//357 362//487
f 362//487 361//357 367//506
f 362//487 367//506 368//485
f 368//485 367//506 373//507
f 368//485 373//507 374//483
f 374//483 373//507 379//508
f 374//483 379//508 380//481
f 380//481 379//508 328//479
f 361//357 366//355 367//506
f 367//506 366//355 372//509
f 367//506 372//509 373//507
f 373//507 372//509 378//510
f 373//507 378//510 379//508
f 379//508 378//510 384//511
f 379//508 384//511 328//479
f 328//479 384//511 389//477
f 366//355 371//354 372//509
f 372//509 371//354 377//512
f 372//509 377//512 378//510
f 378//510 377//512 383//513
f 378//510 383//513 384//511
f 384//511 383//513 388//514
f 384//511 388//514 389//477
f 389//477 388//514 394//475
f 371//354 376//353 377//512
f 377//512 376//353 382//515
f 377//512 382//515 383//513
f 383//513 382//515 387//516
f 383//513 387//516 388//514
f 388//514 387//516 393//517
f 388//514 393//517 394//475
f 394//475 393//517 399//473
f 376//353 381//351 382//515
f 382//515 381//351 386//518
f 382//515 386//518 387//516
f 387//516 386//518 392//519
f 387//516 392//519 393//517
f 393//517 392//519 398//520
f 393//517 398//520 399//473
f 399//473 398//520 329//471
f 381//351 385//350 386//518
f 386//518 385//350 391//470
f 386//518 391//470 392//519
f 392//519 391//470 397//469
f 392//519 397//469 398//520
f 398//520 397//469 403//468
f 398//520 403//468 329//471
f 329//471 403//468 408//467
f 409//342 414//340 415//449
f 415//449 414//340 420//521
f 415//449 420//521 421//447
f 421//447 420//521 426//522
f 421//447 426//522 427//445
f 427//445 426//522 432//523
f 427//445 432//523 433//443
f 433//443 432//523 330//441
f 414//340 419//338 420//521
f 420//521 419//338 425//524
f 420//521 425//524 426//522
f 426//522 425//524 431//525
f 426//522 431//525 432//523
f 432//523 431//525 437//526
f 432//523 437//526 330//441
f 330//441 437//526 442//439
f 419//338 424//336 425//524
f 425//524 424//336 430//527
f 425//524 430//527 431//525
f 431//525 430//527 436//528
f 431//525 436//528 437//526
f 437//526 436//528 441//529
f 437//526 441//529 442//439
f 442//439 441//529 447//437
f 424//336 429//334 430//527
f 430//527 429//334 435//530
f 430//527 435//530 436//528
f 436//528 435//530 440//531
f 436//528 440//531 441//529
f 441//529 440//531 446//532
f 441//529 446//532 447//437
f 447//437 446//532 452//435
f 429//334 434//332 435//530
f 435//530 434//332 439//434
f 435//530 439//434 440//531
f 440//531 439//434 445//433
f 440//531 445//433 446//532
f 446//532 445//433 451//432
f 446//532 451//432 452//435
f 452//435 451//432 457//431
f 320//320 467//318 468//494
f 468//494 467//318 473//533
f 468//494 473//533 474//495
f 474//495 473//533 478//534
f 474//495 478//534 479//496
f 479//496 478//534 484//535
f 479//496 484//535 485//395
f 485//395 484//535 490//393
f 467//318 472//316 473//533
f 473//533 472//316 477//536
f 473//533 477//536 478//534
f 478//534 477//536 483//537
f 478//534 483//537 484//535
f 484//535 483//537 489//538
f 484//535 489//538 490//393
f 490//393 489//538 495//391
f 472//316 476//315 477//536
f 477//536 476//315 482//539
f 477//536 482//539 483//537
f 483//537 482//539 488//540
f 483//537 488//540 489//538
f 489//538 488//540 494//541
f 489//538 494//541 495//391
f 495//391 494//541 326//383
f 476//315 481//313 482//539
f 482//539 481//313 487//542
f 482//539 487//542 488//540
f 488//540 487//542 493//543
f 488//540 493//543 494//541
f 494//541 493//543 499//544
f 494//541 499//544 326//383
f 326//383 499//544 504//384
f 481//313 486//312 487//542
f 487//542 486//312 492//545
f 487//542 492//545 493//543
f 493//543 492//545 498//546
f 493//543 498//546 499//544
f 499//544 498//546 503//385
f 499//544 503//385 504//384
f 486//312 491//310 492//545
f 492//545 491//310 497//547
f 492//545 497//547 498//546
f 498//546 497//547 502//387
f 498//546 502//387 503//385
f 491//310 496//308 497//547
f 497//547 496//308 501//389
f 497//547 501//389 502//387
f 500//306 501//389 496//308

g face 4
f 319//548 306//548 290//548
f 290//548 306//548 305//548
f 290//548 305//548 291//548
f 291//548 305//548 304//548
f 291//548 304//548 292//548
f 292//548 304//548 303//548
f 292//548 303//548 293//548
f 293//548 303//548 302//548
f 293//548 302//548 294//548
f 294//548 302//548 301//548
f 294//548 301//548 295//548
f 295//548 301//548 300//548
f 295//548 300//548 296//548
f 296//548 300//548 299//548
f 296//548 299//548 297//548
f 297//548 299//548 298//548
f 306//548 319//548 307//548
f 307//548 319//548 318//548
f 307//548 318//548 308//548
f 308//548 318//548 317//548
f 308//548 317//548 309//548
f 309//548 317//548 316//548
f 309//548 316//548 310//548
f 310//548 316//548 315//548
f 310//548 315//548 311//548
f 311//548 315//548 314//548
f 311//548 314//548 312//548
f 312//548 314//548 313//548

g halfedge 0 edge 0
l 1 37 36 35 34 33 32 31 30 29 28 27 26 25 24 23 22 21 20 19 18 17 16 15 14 13 12 11 10 9 8 7 6 5 4 3 2 1

g halfedge 1 edge 0
l 1 2 3 4 5 6 7 8 9 10 11 12 13 14 15 16 17 18 19 20 21 22 23 24 25 26 27 28 29 30 31 32 33 34 35 36 37 1

g halfedge 2 edge 1
l 38 67 66 65 64 63 62 61 60 59 58 57 56 55 54 53 52 51 50 49 48 47 46 45 44 43 42 41 40 39 38

g halfedge 3 edge 1
l 38 39 40 41 42 43 44 45 46 47 48 49 50 51 52 53 54 55 56 57 58 59 60 61 62 63 64 65 66 67 38

g halfedge 4 edge 2
l 253 254 255 256 257 258 259 260 261 262 263 264 265 266 267 268 269 270 271 272 273 274 275 276 277 278 279 280 281 282 283 284 285 286 287 288 289 253

g halfedge 5 edge 2
l 253 289 288 287 286 285 284 283 282 281 280 279 278 277 276 275 274 273 272 271 270 269 268 267 266 265 264 263 262 261 260 259 258 257 256 255 254 253

g halfedge 6 edge 3
l 290 319 318 317 316 315 314 313 312 311 310 309 308 307 306 305 304 303 302 301 300 299 298 297 296 295 294 293 292 291 290

g halfedge 7 edge 3
l 290 291 292 293 294 295 296 297 298 299 300 301 302 303 304 305 306 307 308 309 310 311 312 313 314 315 316 317 318 319 290

g vertex 0
p 1

g vertex 1
p 38

g vertex 2
p 253

g vertex 3
p 290

# End of file
