# WaveFront *.obj file
# Vertices: 1215
# Triangles : 2430

v 0.01579999999998947 0.06999999999997102 0.0
v 0.015430604780209085 0.06999999999997102 0.0033965329553319163
v 0.014339691630791563 0.06999999999997102 0.006634247804647759
v 0.012578270438140788 0.06999999999997102 0.009561752600055116
v 0.01022870329954606 0.06999999999997102 0.01204216047100863
v 0.007400853363051752 0.06999999999997102 0.013959490302237858
v 0.004226947748758871 0.06999999999997102 0.015224089881793577
v 0.0008553947556490281 0.06999999999997102 0.01577682793883724
v -0.002556155545531979 0.06999999999997102 0.015591859056145721
v -0.0058481828543667505 0.06999999999997102 0.014677832173095522
v -0.008866755632719731 0.06999999999997102 0.013077486170870154
v -0.011470728772377823 0.06999999999997102 0.010865651449876846
v -0.013538343383438886 0.06999999999997102 0.008145750943391513
v -0.0149729201046783 0.06999999999997102 0.005044964176145118
v -0.015707379723028412 0.06999999999997102 0.0017082804910971438
v -0.015707379723028412 0.06999999999997102 -0.00170828049109714
v -0.0149729201046783 0.06999999999997102 -0.00504496417614512
v -0.013538343383438884 0.06999999999997102 -0.008145750943391516
v -0.011470728772377821 0.06999999999997102 -0.010865651449876848
v -0.008866755632719735 0.06999999999997102 -0.013077486170870154
v -0.0058481828543667505 0.06999999999997102 -0.014677832173095522
v -0.0025561555455319795 0.06999999999997102 -0.015591859056145721
v 0.0008553947556490277 0.06999999999997102 -0.01577682793883724
v 0.004226947748758874 0.06999999999997102 -0.015224089881793575
v 0.007400853363051755 0.06999999999997102 -0.013959490302237856
v 0.010228703299546062 0.06999999999997102 -0.012042160471008628
v 0.01257827043814079 0.06999999999997102 -0.009561752600055113
v 0.014339691630791563 0.06999999999997102 -0.006634247804647764
v 0.015430604780209085 0.06999999999997102 -0.0033965329553319215
v 0.015799999999997837 0.09299999999999997 0.0
v 0.015430604780217256 0.09299999999999997 -0.00339653295533372
v 0.014339691630799154 0.09299999999999997 -0.006634247804651278
v 0.012578270438147451 0.09299999999999997 -0.009561752600060177
v 0.010228703299551481 0.09299999999999997 -0.012042160471015003
v 0.007400853363055673 0.09299999999999997 -0.013959490302245248
v 0.004226947748761112 0.09299999999999997 -0.015224089881801637
v 0.0008553947556494807 0.09299999999999997 -0.015776827938845595
v -0.002556155545533333 0.09299999999999997 -0.015591859056153979
v -0.005848182854369848 0.09299999999999997 -0.014677832173103294
v -0.008866755632724429 0.09299999999999997 -0.013077486170877077
v -0.011470728772383894 0.09299999999999997 -0.010865651449882604
v -0.013538343383446054 0.09299999999999997 -0.00814575094339583
v -0.014972920104686227 0.09299999999999997 -0.005044964176147792
v -0.015707379723036728 0.09299999999999997 -0.0017082804910980446
v -0.015707379723036728 0.09299999999999997 0.0017082804910980485
v -0.014972920104686227 0.09299999999999997 0.005044964176147789
v -0.013538343383446057 0.09299999999999997 0.008145750943395827
v -0.011470728772383896 0.09299999999999997 0.010865651449882599
v -0.008866755632724425 0.09299999999999997 0.013077486170877079
v -0.005848182854369848 0.09299999999999997 0.014677832173103294
v -0.002556155545533333 0.09299999999999997 0.015591859056153979
v 0.0008553947556494811 0.09299999999999997 0.015776827938845595
v 0.0042269477487611095 0.09299999999999997 0.01522408988180164
v 0.00740085336305567 0.09299999999999997 0.01395949030224525
v 0.010228703299551476 0.09299999999999997 0.012042160471015006
v 0.012578270438147448 0.09299999999999997 0.00956175260006018
v 0.014339691630799156 0.09299999999999997 0.006634247804651272
v 0.015430604780217256 0.09299999999999997 0.0033965329553337156
v 0.014808672297002182 0.06781358067740222 0.0
v 0.014038836320483632 0.0669495356580627 0.0
v 0.01305968865539831 0.06627253460030155 0.0
v 0.008662961774947363 0.06433637253367745 0.0
v 0.006517971500240027 0.06328580660959959 0.0
v 0.004584730715984485 0.06185548552631396 0.0
v 0.0038822488082449636 0.06093205391195392 0.0
v 0.0033976058677978407 0.05986768438396524 0.0
v 0.002800000000000001 0.057500024310688444 0.0
v 0.0024792768718289887 0.057500024310688444 0.0013012248817225523
v 0.001590581290847237 0.057500024310688444 0.0023043548245022384
v 0.00033750270471490513 0.057500024310688444 0.002779584847474552
v -0.0009928936837190995 0.057500024310688444 0.002618045479519162
v -0.0020958300948790832 0.057500024310688444 0.0018567434430742278
v -0.0027186370887929464 0.057500024310688444 0.0006700838600051628
v -0.002718637088792947 0.057500024310688444 -0.0006700838600051611
v -0.002095830094879084 0.057500024310688444 -0.0018567434430742263
v -0.0009928936837191008 0.057500024310688444 -0.002618045479519162
v 0.00033750270471490264 0.057500024310688444 -0.002779584847474552
v 0.001590581290847236 0.057500024310688444 -0.0023043548245022393
v 0.002479276871828988 0.057500024310688444 -0.0013012248817225543
v 0.012850107245977944 0.06908509304764097 0.008586167156734454
v 0.003120261557761655 0.05944954923331954 0.000946520995534478
v 0.007945299864946418 0.06908509304764097 0.013255931982799353
v 0.0024159931672817457 0.05944954923331954 0.0021897285675354125
v 0.0015148247711554645 0.06908509304764097 0.015380274008912002
v 0.001247802353202533 0.05944954923331954 0.0030124613642626176
v -0.005206529116781007 0.06908509304764099 0.014551274075923111
v -0.0006361241232584175 0.05944954923331954 0.0031980119267509743
v -0.009206349619782499 0.06908509304764097 0.012413325475264515
v -0.0019423756846563168 0.05944954923331954 0.0026189904321109454
v -0.014789218704106552 0.06908509304764099 0.004486260447034401
v -0.0029244012746808086 0.05944954923331954 0.0014421551124889562
v -0.0032589188836526636 0.05944954923331954 -0.00010668595786161698
v -0.014464138379842506 0.06908509304764097 -0.005443916201163214
v -0.002823818449878564 0.05944954923331954 -0.0016303323421800213
v -0.008161126292058873 0.06908509304764097 -0.013124158651951205
v -0.0017218521915615696 0.05944954923331954 -0.00276896356318522
v 0.0015148247711554545 0.06908509304764099 -0.015380274008912008
v -0.00021325767372736525 0.05944954923331954 -0.003253683350977652
v 0.0013456992370703157 0.05944954923331954 -0.0029700215061815864
v 0.010564708876363042 0.06908509304764097 -0.011279824867178401
v 0.0025868592189067043 0.05944954923331954 -0.0019849668927692894
v 0.003217113068988482 0.05944954923331954 -0.0005311475173398471
v 0.0032253729126406807 0.05944954923331954 0.0004784388761759913
v 0.004000743878095135 0.061191322974211884 0.0005934542940452396
v 0.004659152371110316 0.06198125450429567 0.0006911199680602817
v 0.005467258798748933 0.06265790344269595 0.000810991233040142
v 0.007302563821230167 0.06374422353287461 0.0010832330159839846
v 0.011842834456473689 0.06572687738467772 0.0017567185443541921
v 0.012975086643204585 0.06630568038333412 0.0019246722906153734
v 0.013976934798990766 0.06702945213808932 0.0020732824261673888
v 0.014743367427522944 0.06796341318215729 0.002186971967002321
v 0.01528741886675766 0.06908509304764097 0.0022676743745128616
v 0.002711143600953445 0.05944954923331954 0.001811528238488696
v 0.00336289522419005 0.061191322974211884 0.0022470147503646227
v 0.003916331995998882 0.06198125450429567 0.002616809378726302
v 0.004595599984390356 0.06265790344269595 0.0030706817379918994
v 0.006138297713386891 0.06374422353287461 0.004101479405273999
v 0.00995470158752354 0.06572687738467772 0.006651518947644561
v 0.010906435961769212 0.06630568038333412 0.007287447525489011
v 0.01174855694754476 0.06702945213808932 0.007850134778727773
v 0.01239279529538458 0.06796341318215729 0.008280601080482763
v 0.0139708766189103 0.06908509304764099 0.006607732529068192
v 0.013473678524311292 0.06796341318215729 0.006372575343682581
v 0.012773250559116068 0.06702945213808932 0.006041297588096008
v 0.011857680893800805 0.06630568038333412 0.005608265386527284
v 0.010822937505124116 0.06572687738467772 0.005118868211596789
v 0.006673671928357589 0.06374422353287461 0.00315641174796784
v 0.004996422142070421 0.06265790344269595 0.002363131678682765
v 0.004257909297365329 0.06198125450429567 0.0020138411165939603
v 0.0036562025016707404 0.061191322974211884 0.0017292549968159852
v 0.0029476059631272093 0.05944954923331954 0.001394113793766379
v 0.0016763166621234225 0.05944954923331954 0.0027967653873931147
v 0.002079298675032398 0.061191322974211884 0.003469100257594892
v 0.0024214920142891904 0.06198125450429567 0.004040015352966892
v 0.0028414875639853573 0.06265790344269595 0.004740735594428586
v 0.0037953470005815605 0.06374422353287461 0.006332153920684023
v 0.006155052846246761 0.06572687738467772 0.010269085279002603
v 0.006743516027947118 0.06630568038333412 0.01125087678386662
v 0.007264204581472246 0.06702945213808932 0.012119593152924369
v 0.007662541090273537 0.06796341318215729 0.012784177467763351
v 0.009804353180215499 0.06908509304764099 0.011946638916202273
v 0.009455434078504967 0.06796341318215729 0.011521479760623
v 0.008963894189105434 0.06702945213808932 0.010922536672422545
v 0.008321374137951858 0.06630568038333412 0.010139623724830946
v 0.007595221448309787 0.06572687738467772 0.00925480411238689
v 0.004683388049246914 0.06374422353287461 0.005706724849703959
v 0.003506343134689291 0.06265790344269595 0.0042724914715400976
v 0.0029880763891499467 0.06198125450429567 0.0036409816149053998
v 0.0025658161332730574 0.061191322974211884 0.003126456004403729
v 0.0020685437776675835 0.05944954923331954 0.0025205278859210213
v 0.00031960102793456116 0.05944954923331954 0.0032449636926745328
v 0.000396432254680051 0.061191322974211884 0.0040250442289105
v 0.00046167371260381554 0.06198125450429567 0.004687451867546495
v 0.0005417486843820016 0.06265790344269595 0.005500466699793387
v 0.000723608391040923 0.06374422353287461 0.00734691928814198
v 0.0011735021557085586 0.06572687738467772 0.011914767337135278
v 0.0012856966127718441 0.06630568038333412 0.01305389677624408
v 0.0013849693818735913 0.06702945213808932 0.014061830115783871
v 0.0014609149120668502 0.06796341318215729 0.01483291802401332
v 0.003755183982920887 0.06908509304764099 0.014991534809049235
v 0.003621543813294752 0.06796341318215729 0.014458013345400708
v 0.0034332781841694606 0.06702945213808932 0.01370641482314028
v 0.003187185355764804 0.06630568038333412 0.012723957180567963
v 0.002909060231223045 0.06572687738467772 0.011613619443508335
v 0.0017937933757654115 0.06374422353287461 0.007161224577899902
v 0.0013429711614816012 0.06265790344269595 0.005361441411784181
v 0.0011444688282876941 0.06198125450429567 0.0045689756760736114
v 0.0009827381235337353 0.061191322974211884 0.003923310509988959
v 0.0007922768916100224 0.05944954923331954 0.0031629466500169637
v -0.0015370666920910955 0.05944954923331954 0.002875649521046838
v -0.001906573387066967 0.061191322974211884 0.003566947924621893
v -0.002220341063492006 0.06198125450429567 0.004153965959086053
v -0.0026054479975522594 0.06265790344269595 0.0048744503571804395
v -0.0034800712725315862 0.06374422353287461 0.006510755414555048
v -0.005643758683423398 0.06572687738467772 0.010558729844578908
v -0.006183338809631661 0.06630568038333412 0.011568213258331279
v -0.006660774279110778 0.06702945213808932 0.012461432196847595
v -0.00702602136741851 0.06796341318215729 0.013144761436860582
v -0.0072852916498576505 0.06908509304764097 0.013629822018391682
v -0.005021238212927925 0.06796341318215729 0.014033420691208217
v -0.004760209596437212 0.06702945213808932 0.013303894579854453
v -0.004419004083645476 0.06630568038333412 0.012350289054659944
v -0.004033386077811133 0.06572687738467772 0.01127255892665182
v -0.0024870785247510115 0.06374422353287461 0.006950918827160897
v -0.001862017543495278 0.06265790344269595 0.005203990413161942
v -0.0015867958280683947 0.06198125450429567 0.00443479724762015
v -0.0013625576476732956 0.061191322974211884 0.0038080935169719043
v -0.0010984848474752443 0.05944954923331954 0.003070059482111065
v -0.0026504204782470254 0.05944954923331954 0.0018992644556042164
v -0.0032875744262524154 0.061191322974211884 0.002355842517887716
v -0.0038286155400101673 0.06198125450429567 0.002743547097147628
v -0.004492669552500427 0.06265790344269595 0.003219401473038305
v -0.006000814547564377 0.06374422353287461 0.004300122893104013
v -0.00973174011628594 0.06572687738467772 0.006973666346807052
v -0.010662157920221243 0.06630568038333412 0.007640394316342061
v -0.011485417413033112 0.06702945213808932 0.008230333726058095
v -0.012115226365014189 0.06796341318215729 0.00868164843862406
v -0.012562295623305592 0.06908509304764097 0.00900201373855858
v -0.010928117922966434 0.06908509304764099 0.010928117922966437
v -0.010539206077485118 0.06796341318215729 0.01053920607748512
v -0.009991326398278998 0.06702945213808932 0.009991326398279
v -0.009275161368540405 0.06630568038333412 0.009275161368540405
v -0.008465777814457402 0.06572687738467772 0.008465777814457403
v -0.005220193106105247 0.06374422353287461 0.0052201931061052476
v -0.003908236530237493 0.06265790344269595 0.003908236530237493
v -0.0033305665904973677 0.06198125450429567 0.003330566590497368
v -0.0028599073042002983 0.061191322974211884 0.0028599073042002983
v -0.002305638109486479 0.05944954923331954 0.0023056381094864794
v -0.003232769245971821 0.05944954923331954 0.0004256021453559126
v -0.00400991827004806 0.061191322974211884 0.0005279157553731566
v -0.0046698366066733575 0.06198125450429567 0.0006147956525935969
v -0.005479796160963601 0.06265790344269595 0.0007214288508606816
v -0.007319309852667978 0.06374422353287461 0.0009636054227197735
v -0.011869992107262625 0.06572687738467772 0.0015627141072638005
v -0.013004840742470892 0.06630568038333412 0.0017121197644726163
v -0.014008986307923518 0.06702945213808932 0.001844318036105762
v -0.01477717649793774 0.06796341318215729 0.0019454521932432706
v -0.015322475540442792 0.06908509304764097 0.0020172421741210763
v -0.01426289730274675 0.06796341318215729 0.004326602595420336
v -0.013521441870399479 0.06702945213808932 0.004101684548975143
v -0.012552242843842674 0.06630568038333412 0.0038076812385136717
v -0.011456889510247672 0.06572687738467772 0.003475409437389381
v -0.007064581300098488 0.06374422353287461 0.0021430173084593237
v -0.005289086849217591 0.06265790344269595 0.0016044269550213642
v -0.004507315721029977 0.06198125450429567 0.0013672792759456807
v -0.003870364036464279 0.061191322974211884 0.0011740620948145662
v -0.003120261557761655 0.05944954923331954 0.0009465209955344782
v -0.003051675403260868 0.05944954923331954 -0.0011485692913208987
v -0.003785289955056291 0.061191322974211884 -0.001424682256991494
v -0.00440824086890503 0.06198125450429567 -0.0016591443786451937
v -0.005172827964796136 0.06265790344269595 -0.0019469145844614386
v -0.006909295451280252 0.06374422353287461 -0.0026004746676281053
v -0.011205056777798157 0.06572687738467772 -0.004217284744220848
v -0.012276333260276615 0.06630568038333412 -0.004620484661543067
v -0.01322422842081229 0.06702945213808932 -0.0049772471375323585
v -0.013949385996105906 0.06796341318215729 -0.00525017712263529
v -0.01515773499353355 0.06908509304764099 -0.0030150609516772452
v -0.014618298767533195 0.06796341318215729 -0.002907760414913166
v -0.013858367822031993 0.06702945213808932 -0.00275660075149846
v -0.01286501838995824 0.06630568038333412 -0.002559011264329431
v -0.011742371150296662 0.06572687738467772 -0.0023357028441561086
v -0.007240615838443962 0.06374422353287461 -0.0014402480377115365
v -0.005420879792382978 0.06265790344269595 -0.0010782800327834477
v -0.004619628568518581 0.06198125450429567 -0.0009189012549787321
v -0.003966805384853661 0.061191322974211884 -0.0007890466500356175
v -0.0031980119267509743 0.05944954923331954 -0.0006361241232584181
v -0.002149905614077381 0.05944954923331954 -0.002451497508542754
v -0.0026667371361286858 0.061191322974211884 -0.0030408309101343685
v -0.0031056061146402746 0.06198125450429567 -0.0035412650688960664
v -0.003644257796975473 0.06265790344269595 -0.004155479594673648
v -0.004867599307630861 0.06374422353287461 -0.005550433236280666
v -0.007893963573879089 0.06572687738467772 -0.009001340294744357
v -0.008648677958458945 0.06630568038333412 -0.009861927113693098
v -0.009316470189904938 0.06702945213808932 -0.010623398213119296
v -0.00982734377120018 0.06796341318215729 -0.011205937885337913
v -0.010189986874877755 0.06908509304764097 -0.011619453092393782
v -0.011946638916202273 0.06908509304764099 -0.009804353180215502
v -0.011521479760623 0.06796341318215729 -0.009455434078504969
v -0.010922536672422545 0.06702945213808932 -0.008963894189105436
v -0.010139623724830946 0.06630568038333412 -0.00832137413795186
v -0.00925480411238689 0.06572687738467772 -0.007595221448309788
v -0.005706724849703959 0.06374422353287461 -0.004683388049246915
v -0.0042724914715400976 0.06265790344269595 -0.0035063431346892917
v -0.0036409816149053998 0.06198125450429567 -0.0029880763891499476
v -0.003126456004403729 0.061191322974211884 -0.002565816133273058
v -0.0025205278859210213 0.05944954923331954 -0.002068543777667584
v -0.0007404195515326342 0.05944954923331954 -0.003175486273240838
v -0.0009184144185023532 0.061191322974211884 -0.003938864624879029
v -0.001069559273478038 0.06198125450429567 -0.004587089555261774
v -0.0012550689230437844 0.06265790344269595 -0.00538269705175531
v -0.0016763832201737217 0.06374422353287461 -0.007189615527215448
v -0.0027186518937924557 0.06572687738467772 -0.011659662082920628
v -0.002978572739855111 0.06630568038333412 -0.012774401796496018
v -0.0032085579174771566 0.06702945213808932 -0.013760754430048094
v -0.0033845008916596874 0.06796341318215729 -0.014515332693457401
v -0.0035093938369281613 0.06908509304764097 -0.015050969323397445
v -0.0059142548018472005 0.06908509304764099 -0.01427827415394969
v -0.005703777227772052 0.06796341318215729 -0.013770136340042078
v -0.00540726688203635 0.06702945213808932 -0.013054297041983014
v -0.005019681160880738 0.06630568038333412 -0.012118582337386979
v -0.004581645937888548 0.06572687738467772 -0.011061071761242111
v -0.0028251481510342263 0.06374422353287461 -0.006820510981940091
v -0.002115122368613439 0.06265790344269595 -0.00510635710838526
v -0.0018024896500543938 0.06198125450429567 -0.004351594959198444
v -0.001547770679812827 0.061191322974211884 -0.0037366489666475463
v -0.0012478023532025346 0.05944954923331954 -0.003012461364262617
v 0.0008439221200055768 0.05944954923331954 -0.0031495602294920578
v 0.0010467987258059776 0.061191322974211884 -0.003906706030006278
v 0.001219071981117758 0.06198125450429567 -0.0045496385716151284
v 0.0014305138540652693 0.06265790344269595 -0.005338750384302766
v 0.0019107232894949124 0.06374422353287461 -0.007130916395600165
v 0.0030986897428861076 0.06572687738467772 -0.011564467557343519
v 0.0033949446850858223 0.06630568038333412 -0.012670106053626236
v 0.0036570792792721854 0.06702945213808932 -0.013648405677551193
v 0.0038576171600788935 0.06796341318215729 -0.01439682323756402
v 0.003999968775357742 0.06908509304764097 -0.014928086698324182
v 0.00146091491206684 0.06796341318215729 -0.014832918024013321
v 0.0013849693818735818 0.06702945213808932 -0.014061830115783873
v 0.0012856966127718352 0.06630568038333412 -0.013053896776244083
v 0.0011735021557085503 0.06572687738467772 -0.01191476733713528
v 0.000723608391040918 0.06374422353287461 -0.00734691928814198
v 0.0005417486843819979 0.06265790344269595 -0.005500466699793388
v 0.0004616737126038124 0.06198125450429567 -0.004687451867546496
v 0.0003964322546800482 0.061191322974211884 -0.0040250442289105
v 0.00031960102793455894 0.05944954923331954 -0.0032449636926745336
v 0.002228965277706359 0.05944954923331954 -0.002379842006229024
v 0.002764802530064463 0.061191322974211884 -0.002951949617961929
v 0.003219810279316092 0.06198125450429567 -0.0034377564475519423
v 0.0037782700967339457 0.06265790344269595 -0.004034017926173811
v 0.0050465982187561246 0.06374422353287461 -0.005388198079924773
v 0.008184252645531248 0.06572687738467772 -0.008738237616455227
v 0.008966720557982344 0.06630568038333412 -0.009573670103987575
v 0.00965906988107295 0.06702945213808932 -0.010312883952922333
v 0.010188730098037065 0.06796341318215729 -0.010878396411087074
v 0.008586167156734452 0.06908509304764099 -0.012850107245977951
v 0.00828060108048276 0.06796341318215729 -0.012392795295384585
v 0.007850134778727768 0.06702945213808932 -0.011748556947544762
v 0.007287447525489006 0.06630568038333412 -0.010906435961769214
v 0.006651518947644557 0.06572687738467772 -0.009954701587523544
v 0.0041014794052739965 0.06374422353287461 -0.006138297713386892
v 0.003070681737991897 0.06265790344269595 -0.004595599984390357
v 0.0026168093787263 0.06198125450429567 -0.003916331995998883
v 0.0022470147503646214 0.061191322974211884 -0.0033628952241900505
v 0.001811528238488695 0.05944954923331954 -0.0027111436009534455
v 0.0030876216318011717 0.05944954923331954 -0.001048106312673595
v 0.003829877560169986 0.061191322974211884 -0.0013000682487249778
v 0.004460166323874798 0.06198125450429567 -0.0015140224538783085
v 0.005233759627457095 0.06265790344269595 -0.001776621995407508
v 0.006990681273992201 0.06374422353287461 -0.0023730165308131048
v 0.011337043138900464 0.06572687738467772 -0.0038484075764175806
v 0.012420938378022528 0.06630568038333412 -0.004216340431499302
v 0.013379998964617754 0.06702945213808932 -0.00454189763212706
v 0.014113698300251078 0.06796341318215729 -0.004790954996333021
v 0.014634514044071026 0.06908509304764097 -0.0049677481186558
v 0.013629822018391682 0.06908509304764099 -0.007285291649857656
v 0.01314476143686058 0.06796341318215729 -0.0070260213674185135
v 0.012461432196847593 0.06702945213808932 -0.006660774279110781
v 0.011568213258331276 0.06630568038333412 -0.006183338809631664
v 0.010558729844578904 0.06572687738467772 -0.005643758683423401
v 0.0065107554145550466 0.06374422353287461 -0.003480071272531588
v 0.004874450357180439 0.06265790344269595 -0.0026054479975522603
v 0.004153965959086052 0.06198125450429567 -0.002220341063492007
v 0.003566947924621892 0.061191322974211884 -0.0019065733870669676
v 0.0028756495210468377 0.05944954923331954 -0.0015370666920910961
v 0.015248269381378712 0.06908509304764099 -0.00251749946364024
v 0.014705611201140254 0.06796341318215729 -0.0024279062354829097
v 0.013941141326637792 0.06702945213808932 -0.002301691748389748
v 0.012941858799494924 0.06630568038333412 -0.0021367095354456736
v 0.011812506192530634 0.06572687738467772 -0.00195025266541127
v 0.007283862716875018 0.06374422353287461 -0.0012025706015762953
v 0.005453257719150729 0.06265790344269595 -0.0009003364932560402
v 0.00464722076779514 0.06198125450429567 -0.0007672592539996314
v 0.003990498390264551 0.061191322974211884 -0.000658833950652563
v 0.012261031979828614 0.06908509304764099 -0.009408220738595608
v 0.01182468414679881 0.06796341318215729 -0.0090733992701657
v 0.01120997900587725 0.06702945213808932 -0.008601719425887179
v 0.010406462572914362 0.06630568038333412 -0.007985159581590167
v 0.009498357653978313 0.06572687738467772 -0.007288346169374088
v 0.005856905559220317 0.06374422353287461 -0.004494161701633758
v 0.004384928257524578 0.06265790344269595 -0.0033646737923501684
v 0.0037367993066048473 0.06198125450429567 -0.0028673469566189674
v 0.0032087332112743895 0.061191322974211884 -0.0024621475902352366
v 0.006378260270353419 0.06908509304764099 -0.014077120394461063
v 0.006151269585389255 0.06796341318215729 -0.01357614127708104
v 0.005831496389725771 0.06702945213808932 -0.012870386794906706
v 0.005413502459902016 0.06630568038333412 -0.011947854532993088
v 0.0049411009903282226 0.06572687738467772 -0.0109052422719945
v 0.0030467963950379646 0.06374422353287461 -0.006724422938605301
v 0.0022810652267550814 0.06265790344269595 -0.005034418236882428
v 0.0019439047703988667 0.06198125450429567 -0.004290289252613984
v 0.0016692017110227827 0.061191322974211884 -0.0036840066809324667
v -0.0010107852558826796 0.06908509304764099 -0.015421602894738623
v -0.0009748132466106633 0.06796341318215729 -0.014872776089944703
v -0.0009241376677376131 0.06702945213808932 -0.014099616163745807
v -0.0008578967049349302 0.06630568038333412 -0.01308897437038481
v -0.0007830335886519625 0.06572687738467772 -0.011946783935710947
v -0.0004828365013725336 0.06374422353287461 -0.007366661458421978
v -0.00036148839984276163 0.06265790344269595 -0.005515247201109368
v -0.0003080574008389135 0.06198125450429567 -0.0047000476875519994
v -0.00026452424439908943 0.061191322974211884 -0.00403586006959626
v -0.002135780823165259 0.061191322974211884 -0.0034346149496902794
v -0.0024872695152783116 0.06198125450429567 -0.003999854745592859
v -0.0029186738400282654 0.06265790344269595 -0.00469360933270977
v -0.003898443950565967 0.06374422353287461 -0.006269207836270314
v -0.006322248935390559 0.06572687738467772 -0.010167003314963131
v -0.006926697153295018 0.06630568038333412 -0.011139035118512884
v -0.007461529710451962 0.06702945213808932 -0.011999115833007707
v -0.007870686647298057 0.06796341318215729 -0.012657093710146994
v -0.013384156380115643 0.06908509304764099 -0.007727346288935817
v -0.012907838591938964 0.06796341318215729 -0.007452344085712203
v -0.012236825764691601 0.06702945213808932 -0.007064934649271245
v -0.011359706317449252 0.06630568038333412 -0.00655852950029442
v -0.010368417960597398 0.06572687738467772 -0.00598620890062146
v -0.00639340473437613 0.06374422353287461 -0.0036912339444302874
v -0.004786592646593629 0.06265790344269595 -0.002763540553011915
v -0.004079094350539822 0.06198125450429567 -0.0023550662213340486
v -0.0035026568034746603 0.061191322974211884 -0.0020222598483649696
v -0.01544641794191652 0.06908509304764099 -0.0005056633664404719
v -0.014896708014716558 0.06796341318215729 -0.0004876677267135832
v -0.014122303989562733 0.06702945213808932 -0.00046231636383988454
v -0.013110035962926671 0.06630568038333412 -0.00042917813981839124
v -0.01196600761881395 0.06572687738467772 -0.0003917265296157748
v -0.0073785152230975495 0.06374422353287461 -0.00024154757828473243
v -0.005524121837580521 0.06265790344269595 -0.00018084102447066808
v -0.004707610578770315 0.06198125450429567 -0.0001541112134931925
v -0.004042354210232224 0.061191322974211884 -0.00013233297493161204
v -0.013860892501860619 0.06908509304764099 0.006835435738004165
v -0.013367608541995235 0.06796341318215729 0.00659217500946194
v -0.012672694615282363 0.06702945213808932 0.006249481385018035
v -0.011764332666704133 0.06630568038333412 0.0058015268448958
v -0.010737735176175496 0.06572687738467772 0.005295264988066386
v -0.00662113421475942 0.06374422353287461 0.003265182053147979
v -0.004957088384233114 0.06265790344269595 0.0024445654631174685
v -0.004224389396837793 0.06198125450429567 0.0020832383088256975
v -0.003627419468589137 0.061191322974211884 0.001788845319231637
v -0.0024093175703479718 0.061191322974211884 0.0032485886816353005
v -0.002805822620164631 0.06198125450429567 0.0037832138522223414
v -0.0032924783707316643 0.06265790344269595 0.004439393171462713
v -0.004397730986831967 0.06374422353287461 0.00592965380924683
v -0.007131960957293236 0.06572687738467772 0.009616336147991256
v -0.007813822923636984 0.06630568038333412 0.010535720580148936
v -0.008417153313710747 0.06702945213808932 0.011349217439426464
v -0.008878712377394115 0.06796341318215729 0.011971557793658563
v -0.0007583258222413659 0.06908509304764099 0.015436076723825987
v -0.0007313383851471687 0.06796341318215729 0.014886734821773674
v -0.000693319825029862 0.06702945213808932 0.014112849252157205
v -0.0006436235791744173 0.06630568038333412 0.013101258928563292
v -0.0005874586975831669 0.06572687738467772 0.011957996499671348
v -0.00036224053010323014 0.06374422353287461 0.0073735753829745326
v -0.00027120101569160133 0.06265790344269595 0.005520423494774059
v -0.00023111524473584295 0.06198125450429567 0.004704458881861464
v -0.00019845517528997117 0.061191322974211884 0.004039647895626185
v -0.00015999323282309103 0.05944954923331954 0.0032567370709474827
v -0.0007890466500356168 0.061191322974211884 0.003966805384853661
v -0.0009189012549787312 0.06198125450429567 0.004619628568518581
v -0.0010782800327834468 0.06265790344269595 0.005420879792382978
v -0.0014402480377115354 0.06374422353287461 0.007240615838443962
v -0.0023357028441561064 0.06572687738467772 0.011742371150296662
v -0.002559011264329429 0.06630568038333412 0.01286501838995824
v -0.0027566007514984578 0.06702945213808932 0.013858367822031993
v -0.002907760414913164 0.06796341318215729 0.014618298767533195
v -0.0030150609516772413 0.06908509304764097 0.015157734993533544
v 0.005914254801847194 0.06908509304764099 0.014278274153949696
v 0.005703777227772044 0.06796341318215729 0.013770136340042084
v 0.005407266882036343 0.06702945213808932 0.013054297041983017
v 0.005019681160880731 0.06630568038333412 0.01211858233738698
v 0.0045816459378885425 0.06572687738467772 0.011061071761242115
v 0.002825148151034223 0.06374422353287461 0.006820510981940093
v 0.002115122368613436 0.06265790344269595 0.0051063571083852614
v 0.0018024896500543916 0.06198125450429567 0.004351594959198446
v 0.0015477706798128251 0.061191322974211884 0.0037366489666475467
v 0.01145117185758892 0.06908509304764099 0.010378737195077443
v 0.011043645473681661 0.06796341318215729 0.010009376810722488
v 0.010469542557873544 0.06702945213808932 0.009489040258254165
v 0.009719099627833697 0.06630568038333412 0.008808878433102114
v 0.008870976443050687 0.06572687738467772 0.00804018438559453
v 0.005470047890148092 0.06374422353287461 0.00495776241963488
v 0.004095296965436489 0.06265790344269595 0.003711760810916065
v 0.0034899779339658283 0.06198125450429567 0.0031631316203892196
v 0.0029967914208123463 0.061191322974211884 0.0027161334203941374
v 0.014789218704106552 0.06908509304764099 0.0044862604470344005
v 0.01426289730274675 0.06796341318215729 0.004326602595420335
v 0.013521441870399479 0.06702945213808932 0.004101684548975142
v 0.012552242843842674 0.06630568038333412 0.0038076812385136713
v 0.011456889510247672 0.06572687738467772 0.0034754094373893804
v 0.007064581300098488 0.06374422353287461 0.0021430173084593237
v 0.005289086849217591 0.06265790344269595 0.0016044269550213638
v 0.004507315721029977 0.06198125450429567 0.0013672792759456803
v 0.003870364036464279 0.061191322974211884 0.0011740620948145662
v -0.005 0.02 0.0
v -0.004903926402016152 0.02009607359798385 0.0009754516100806433
v -0.004619397662556434 0.020380602337443567 0.0019134171618254501
v -0.004157348061512727 0.020842651938487274 0.0027778511650980117
v -0.0035355339059327372 0.021464466094067262 0.0035355339059327385
v -0.00277785116509801 0.02222214883490199 0.004157348061512728
v -0.0019134171618254486 0.023086582838174552 0.004619397662556435
v -0.000975451610080641 0.02402454838991936 0.004903926402016153
v 3.061616997868383e-19 0.025 0.005000000000000001
v 0.0009754516100806417 0.02597545161008064 0.004903926402016153
v 0.0019134171618254492 0.026913417161825447 0.004619397662556435
v 0.0027778511650980117 0.02777785116509801 0.004157348061512727
v 0.003535533905932738 0.02853553390593274 0.0035355339059327385
v 0.004157348061512726 0.029157348061512725 0.0027778511650980117
v 0.004619397662556434 0.029619397662556435 0.0019134171618254495
v 0.004903926402016152 0.029903926402016154 0.0009754516100806415
v 0.005 0.03 0.0
v 0.004903926402016152 0.029903926402016154 -0.0009754516100806415
v 0.004619397662556434 0.029619397662556435 -0.0019134171618254495
v 0.004157348061512726 0.029157348061512725 -0.0027778511650980117
v 0.003535533905932738 0.02853553390593274 -0.0035355339059327385
v 0.0027778511650980117 0.02777785116509801 -0.004157348061512727
v 0.0019134171618254492 0.026913417161825447 -0.004619397662556435
v 0.0009754516100806417 0.02597545161008064 -0.004903926402016153
v 3.061616997868383e-19 0.025 -0.005000000000000001
v -0.000975451610080641 0.02402454838991936 -0.004903926402016153
v -0.0019134171618254486 0.023086582838174552 -0.004619397662556435
v -0.00277785116509801 0.02222214883490199 -0.004157348061512728
v -0.0035355339059327372 0.021464466094067262 -0.0035355339059327385
v -0.004157348061512727 0.020842651938487274 -0.0027778511650980117
v -0.004619397662556434 0.020380602337443567 -0.0019134171618254501
v -0.004903926402016152 0.02009607359798385 -0.0009754516100806433
v 0.005 0.0575 0.0
v 0.00466236114702178 0.0575 0.0018062083309357646
v 0.0036950445861032954 0.0575 0.0033684782182327863
v 0.0022286917788826915 0.0575 0.004475816456775312
v 0.0004613417973165101 0.0575 0.0049786708814751725
v -0.0013683149503604145 0.0575 0.004809128215864095
v -0.0030131731818962815 0.0575 0.003990086136401198
v -0.004251085678648071 0.0575 0.0026321608143867786
v -0.004914865498419509 0.0575 0.0009187475890828519
v -0.004914865498419509 0.0575 -0.0009187475890828506
v -0.004251085678648071 0.0575 -0.002632160814386779
v -0.003013173181896283 0.0575 -0.003990086136401197
v -0.0013683149503604156 0.0575 -0.004809128215864095
v 0.0004613417973165077 0.0575 -0.004978670881475173
v 0.002228691778882693 0.0575 -0.004475816456775312
v 0.003695044586103296 0.0575 -0.0033684782182327854
v 0.00466236114702178 0.0575 -0.0018062083309357652
v 0.005222288340324348 0.05884368646100096 0.0
v 0.00585402051786039 0.05994994396089379 0.0
v 0.006804795121270005 0.060844760086463064 0.0
v 0.007954719362432774 0.061564937789181366 0.0
v 0.010375697196809381 0.06265351484743566 0.0
v 0.012490633247910794 0.06355165501963082 0.0
v 0.014310442205193633 0.06453648530853233 0.0
v 0.01602416597592634 0.06582764174481501 0.0
v 0.01679779438456967 0.0666456896451798 0.0
v 0.017431732540221498 0.06760452840864825 0.0
v 0.01785206518468227 0.06871922856396252 0.0
v 0.01800000000000002 0.07 0.0
v 0.01763153894254492 0.07 0.0036233733615958852
v 0.01654124060916417 0.07 0.007098405392039742
v 0.01477374194173099 0.07 0.010282827871706273
v 0.012401404543362374 0.07 0.013046270170124176
v 0.009521352185885333 0.07 0.015275596634905535
v 0.006251494551206772 0.07 0.016879538378647467
v 0.0027256999950823835 0.07 0.017792429837906024
v -0.0009116850390968286 0.07 0.017976897129078972
v -0.004511745580656973 0.07 0.0174253881395917
v -0.007927094728037428 0.07 0.016160481712273366
v -0.011017907685857944 0.07 0.014233963264878592
v -0.013657646208470254 0.07 0.011724704689000014
v -0.015738239090602495 0.07 0.008735435325559468
v -0.017174506615200896 0.07 0.005388536213520451
v -0.017907647821054133 0.07 0.001821029795773783
v -0.017907647821054133 0.07 -0.001821029795773779
v -0.0171745066152009 0.07 -0.005388536213520446
v -0.0157382390906025 0.07 -0.008735435325559466
v -0.013657646208470256 0.07 -0.01172470468900001
v -0.011017907685857942 0.07 -0.014233963264878592
v -0.007927094728037425 0.07 -0.01616048171227337
v -0.004511745580656973 0.07 -0.0174253881395917
v -0.0009116850390968289 0.07 -0.017976897129078972
v 0.002725699995082383 0.07 -0.017792429837906024
v 0.006251494551206772 0.07 -0.016879538378647467
v 0.009521352185885333 0.07 -0.015275596634905535
v 0.012401404543362372 0.07 -0.013046270170124176
v 0.01477374194173099 0.07 -0.010282827871706274
v 0.01654124060916417 0.07 -0.007098405392039745
v 0.01763153894254492 0.07 -0.003623373361595889
v 0.005087326555495871 0.058594524855243045 0.0007546336085395394
v 0.004276241293786081 0.058594524855243045 0.002857293083096244
v 0.016233370371141947 0.06929585624867031 0.007677812379547943
v 0.0032626793788995863 0.058594524855243045 0.003975586326052334
v 0.0012496450423444148 0.058594524855243045 0.004988862659317745
v 0.00687203038768076 0.06929585624867031 0.016590548962978926
v -0.0002523546405597351 0.058594524855243045 0.0051367967159289905
v 0.001760140915156477 0.06929585624867031 0.017871010617785472
v -0.0024243894929474024 0.058594524855243045 0.004535713720229389
v -0.00846509784889586 0.06929585624867031 0.015837084168205572
v -0.0036366442887221517 0.058594524855243045 0.003636644288722152
v -0.004921536179795588 0.058594524855243045 0.001492931678394541
v -0.0051402380524859775 0.058594524855243045 -0.00016827397055417068
v -0.017803852058509703 0.06929585624867031 0.0023439215901793014
v -0.004813356389556843 0.058594524855243045 -0.0018116190638495736
v -0.003975586326052334 0.058594524855243045 -0.0032626793788995867
v -0.013881320371443935 0.06929585624867031 -0.01139210521754186
v -0.001968137706675372 0.058594524855243045 -0.0047515047440735555
v -0.0003363677491258708 0.058594524855243045 -0.005131980134678903
v -0.004077717632689342 0.06929585624867031 -0.017488377153134116
v 0.0013311041941998958 0.058594524855243045 -0.004967748482922051
v 0.0028572930830962416 0.058594524855243045 -0.0042762412937860815
v 0.009976641790332889 0.06929585624867031 -0.014931099595461557
v 0.0045357137202293885 0.058594524855243045 -0.0024243894929474037
v 0.005074298442749159 0.058594524855243045 -0.0008377700635045098
v 0.017763118181643257 0.06929585624867031 0.0026349096772344273
v 0.017639006973798565 0.06863983082080204 0.002616499518654207
v 0.01717012863161159 0.06746796354612548 0.0025469479867305587
v 0.0164716044157365 0.06647136937435652 0.0024433317073492777
v 0.015632475256670872 0.06563095867347027 0.0023188586548670547
v 0.014271081955145362 0.06461085359126029 0.0021169150350571772
v 0.012854062907938741 0.06379588979339668 0.001906720115329135
v 0.011288681033818637 0.06307786614122443 0.0016745176491569
v 0.009481864512460391 0.06232756971312394 0.0014065017361606232
v 0.008189287491354131 0.06173286816262549 0.0012147660472654506
v 0.006946901797153839 0.06100145623806557 0.001030475538412735
v 0.00613524363312843 0.060331369007841744 0.0009100774231084641
v 0.005496896541587338 0.05953456792046066 0.0008153875768924843
v 0.017184237701922192 0.06929585624867031 0.005212781517198355
v 0.017064171141802136 0.06863983082080204 0.005176359724373795
v 0.01661057302895781 0.06746796354612548 0.005038762241151918
v 0.015934812948807515 0.06647136937435652 0.0048337726619240955
v 0.01512303008588092 0.06563095867347027 0.004587521022646039
v 0.013806003094336423 0.06461085359126029 0.004188005252539661
v 0.01243516313896676 0.06379588979339668 0.003772165498321836
v 0.010920795337993665 0.06307786614122443 0.003312787048134904
v 0.009172860979325341 0.06232756971312394 0.002782556957269541
v 0.007922407621328391 0.06173286816262549 0.002403236078115501
v 0.006720509910110754 0.06100145623806557 0.0020386443933823758
v 0.0059353027927178045 0.060331369007841744 0.0018004544183763435
v 0.005317758730622394 0.05953456792046066 0.001613124475158294
v 0.004921536179795588 0.058594524855243045 0.0014929316783945407
v 0.016119947537180577 0.06863983082080204 0.007624167374302446
v 0.01569144868298762 0.06746796354612548 0.007421502509759388
v 0.01505308090354954 0.06647136937435652 0.007119577036021216
v 0.014286216984217271 0.06563095867347027 0.00675687741427509
v 0.01304206595969198 0.06461085359126029 0.006168437803785529
v 0.011747079641352923 0.06379588979339668 0.005555954889949972
v 0.010316507403133812 0.06307786614122443 0.0048793446119043266
v 0.008665292707381936 0.06232756971312394 0.004098378223379586
v 0.007484031551413869 0.06173286816262549 0.003539683305478028
v 0.00634863927898032 0.06100145623806557 0.003002682753797758
v 0.005606880571041203 0.060331369007841744 0.0026518570127318985
v 0.00502350750239627 0.05953456792046066 0.0023759421000592164
v 0.00464920940849533 0.058594524855243045 0.00219891228596081
v 0.013305615604408478 0.06929585624867031 0.012059507035112611
v 0.01321264904263179 0.06863983082080204 0.011975247055032865
v 0.012861431710034217 0.06746796354612548 0.0116569222199226
v 0.012338196171557101 0.06647136937435652 0.011182689170893654
v 0.01170963929776925 0.06563095867347027 0.010612998427768512
v 0.010689876001073151 0.06461085359126029 0.00968873885073837
v 0.009628445763799783 0.06379588979339668 0.00872671456007433
v 0.008455883082058743 0.06307786614122443 0.00766396569298084
v 0.0071024717127794726 0.06232756971312394 0.006437305129916247
v 0.006134255839526735 0.06173286816262549 0.005559765414194227
v 0.005203636208986394 0.06100145623806557 0.004716300946620344
v 0.004595656718996707 0.060331369007841744 0.004165260457046486
v 0.004117497370205379 0.05953456792046066 0.003731882084929428
v 0.0038107054690138605 0.058594524855243045 0.003453822113806493
v 0.00462051250738208 0.05953456792046066 0.003087327753671642
v 0.005157086317385945 0.060331369007841744 0.003445854911183194
v 0.0058393397799033995 0.06100145623806557 0.0039017221004838316
v 0.006883648799659362 0.06173286816262549 0.004599507078871209
v 0.007970147016897322 0.06232756971312394 0.005325481977767016
v 0.009488898238121796 0.06307786614122443 0.006340279100103056
v 0.010804707344856867 0.06379588979339668 0.007219474636803106
v 0.011995807483140743 0.06461085359126029 0.008015342304827115
v 0.013140150428214316 0.06563095867347027 0.008779967815178933
v 0.013845495115973733 0.06647136937435652 0.009251264067909635
v 0.0144326518601005 0.06746796354612548 0.009643589661445389
v 0.014826775749485162 0.06863983082080204 0.009906934825025887
v 0.014931099595461553 0.06929585624867031 0.009976641790332896
v 0.011392105217541859 0.06929585624867031 0.013881320371443935
v 0.011312508385274872 0.06863983082080204 0.013784331350700974
v 0.01101180040406352 0.06746796354612548 0.013417917615422497
v 0.01056381254050961 0.06647136937435652 0.012872042824261437
v 0.010025649838813351 0.06563095867347027 0.012216289674904596
v 0.009152540986254868 0.06461085359126029 0.01115240345984001
v 0.008243757409184429 0.06379588979339668 0.010045047467183226
v 0.007239823593440407 0.06307786614122443 0.008821750573242148
v 0.006081049345044233 0.06232756971312394 0.0074097800662108505
v 0.005252074765488902 0.06173286816262549 0.006399671618399871
v 0.00445528962875965 0.06100145623806557 0.005428786120159178
v 0.00393474503120077 0.060331369007841744 0.004794500692807909
v 0.0035253508495157603 0.05953456792046066 0.004295652439069521
v 0.00923199015607078 0.06929585624867031 0.01540264504234325
v 0.009167486084355244 0.06863983082080204 0.015295026500336147
v 0.008923796874206415 0.06746796354612548 0.01488845561571457
v 0.008560754269929867 0.06647136937435652 0.014282755623146608
v 0.008124635337603471 0.06563095867347027 0.013555135142913321
v 0.007417081099113262 0.06461085359126029 0.012374652213509012
v 0.006680616602226932 0.06379588979339668 0.011145935431963403
v 0.005867043787781381 0.06307786614122443 0.009788571194658108
v 0.004927990623329471 0.06232756971312394 0.008221855641085862
v 0.004256202133674081 0.06173286816262549 0.007101044258624667
v 0.0036104994827311156 0.06100145623806557 0.006023754468748257
v 0.0031886579961321747 0.060331369007841744 0.005319954467624419
v 0.0028568911292453725 0.05953456792046066 0.004766434890471549
v 0.002644026133294044 0.058594524855243045 0.004411291100329816
v 0.004363311914445168 0.06929585624867031 0.017419317600855373
v 0.004332825380134735 0.06863983082080204 0.01729760853349654
v 0.004217650643584035 0.06746796354612548 0.01683780521094938
v 0.004046065958818159 0.06647136937435652 0.01615280075149636
v 0.003839943237566822 0.06563095867347027 0.01532991272134136
v 0.003505532153203785 0.06461085359126029 0.013994868836790901
v 0.003157457224666638 0.06379588979339668 0.012605275828550828
v 0.002772938622011431 0.06307786614122443 0.011070191517728674
v 0.002329114290368692 0.06232756971312394 0.009298345465128671
v 0.0020116071579577063 0.06173286816262549 0.008030785939600897
v 0.001706428965344968 0.06100145623806557 0.006812446300764356
v 0.001507054187711127 0.060331369007841744 0.006016497571610665
v 0.0013502513425354948 0.05953456792046066 0.005390505523737688
v 0.0019681377066753693 0.058594524855243045 0.004751504744073556
v 0.0021265883436367996 0.05953456792046066 0.005134038420792498
v 0.0023735461449698654 0.060331369007841744 0.005730247294104623
v 0.0026875529263555753 0.06100145623806557 0.006488326724403129
v 0.0031681955790958632 0.06173286816262549 0.007648700735303714
v 0.0036682557868041917 0.06232756971312394 0.008855952870756266
v 0.004367260202175866 0.06307786614122443 0.01054349881050524
v 0.004972860620822794 0.06379588979339668 0.012005547554581475
v 0.00552106380523833 0.06461085359126029 0.01332902711733358
v 0.006047747017160914 0.06563095867347027 0.014600552870631308
v 0.006372381522281037 0.06647136937435652 0.015384289895706584
v 0.006642620091260732 0.06746796354612548 0.01603670351401366
v 0.0068240153948715635 0.06863983082080204 0.016474630516141717
v 0.0017478427807454426 0.06863983082080204 0.017746145563660522
v 0.0017013817964816038 0.06746796354612548 0.017274419274053755
v 0.0016321652861810685 0.06647136937435652 0.01657165225133674
v 0.0015490162832375084 0.06563095867347027 0.015727426256890983
v 0.0014141163165125599 0.06461085359126029 0.014357763909449815
v 0.0012737044148948627 0.06379588979339668 0.012932137947877165
v 0.0011185912947597675 0.06307786614122443 0.011357248009791905
v 0.0009395545033078097 0.06232756971312394 0.009539456960529389
v 0.0008114735167616886 0.06173286816262549 0.008239028880713584
v 0.0006883659705299201 0.06100145623806557 0.006989096987822007
v 0.0006079390584859365 0.060331369007841744 0.00617250884609021
v 0.0005446854775322421 0.05953456792046066 0.0055302844610409406
v 0.000504101336686709 0.058594524855243045 0.005118226764001529
v -0.0035033307111090907 0.06929585624867031 0.01761243283793607
v -0.0034788528800442442 0.06863983082080204 0.01748937447114218
v -0.0033863783561931854 0.06746796354612548 0.01702447364537022
v -0.003248611928423902 0.06647136937435652 0.0163318750423566
v -0.0030831146928889976 0.06563095867347027 0.01549986425431432
v -0.0028146139198624853 0.06461085359126029 0.014150019714411814
v -0.0025351423599966234 0.06379588979339668 0.012745021304572153
v -0.0022264099438667915 0.06307786614122443 0.011192918636463217
v -0.001870060583136025 0.06232756971312394 0.009401429422267633
v -0.0016151320999604115 0.06173286816262549 0.008119817391131134
v -0.0013701026004645173 0.06100145623806557 0.006887970911579593
v -0.0012100233315053563 0.060331369007841744 0.006083198080870567
v -0.0010841253361604764 0.05953456792046066 0.005450266116893775
v -0.0010033479019313013 0.058594524855243045 0.005044170531720844
v -0.00027267118314780827 0.05953456792046066 0.00555034944083219
v -0.00030433611542234025 0.060331369007841744 0.00619490394459384
v -0.00034459806873035663 0.06100145623806557 0.007014454831673916
v -0.00040622607547935756 0.06173286816262549 0.008268921727845704
v -0.00047034380136126724 0.06232756971312394 0.009574068021222725
v -0.0005599701559565263 0.06307786614122443 0.01139845438053215
v -0.0006376202489617707 0.06379588979339668 0.012979058334777652
v -0.0007079108678994947 0.06461085359126029 0.014409856752904815
v -0.0007754421957038318 0.06563095867347027 0.0157844885096984
v -0.000817066835877645 0.06647136937435652 0.0166317775251582
v -0.00085171682846147 0.06746796354612548 0.017337094327404302
v -0.0008749753364849059 0.06863983082080204 0.017810532134480854
v -0.0008811318194437691 0.06929585624867031 0.01793585022403378
v -0.00604969307269088 0.06929585624867031 0.016907759469203625
v -0.0060074237646412796 0.06863983082080204 0.016789624667182267
v -0.005847735019137425 0.06746796354612548 0.01634332452162511
v -0.00560983438329898 0.06647136937435652 0.015678436786000224
v -0.005324047067762321 0.06563095867347027 0.0148797147463226
v -0.004860389080396236 0.06461085359126029 0.013583877481164637
v -0.0043777862948889065 0.06379588979339668 0.01223509305218927
v -0.0038446546800935473 0.06307786614122443 0.01074509000574073
v -0.0032292962007371253 0.06232756971312394 0.009025278267975084
v -0.0027890753920624986 0.06173286816262549 0.007794943529175151
v -0.0023659485485119677 0.06100145623806557 0.006612383222436549
v -0.002089517196646511 0.060331369007841744 0.005839809349526162
v -0.001872111449627422 0.05953456792046066 0.005232200990944378
v -0.0017326217112660447 0.058594524855243045 0.004842353288540646
v -0.008405952066730445 0.06863983082080204 0.015726430192661723
v -0.008182505878665189 0.06746796354612548 0.015308391777675685
v -0.007849620865080325 0.06647136937435652 0.014685607721001678
v -0.007449729901865716 0.06563095867347027 0.013937464349763435
v -0.006800951495372071 0.06461085359126029 0.012723685322803418
v -0.006125664377103089 0.06379588979339668 0.011460311984345694
v -0.005379674253082599 0.06307786614122443 0.010064662625808912
v -0.004518627307839325 0.06232756971312394 0.008453757094885522
v -0.003902643624737657 0.06173286816262549 0.0073013326799929255
v -0.003310578855482096 0.06100145623806557 0.006193657405459323
v -0.00292377932467502 0.060331369007841744 0.005470006381577407
v -0.0026195720038546424 0.05953456792046066 0.004900874514419483
v -0.012697856443947712 0.06929585624867031 0.012697856443947716
v -0.012609136305727525 0.06863983082080204 0.012609136305727527
v -0.012273961489128089 0.06746796354612548 0.012273961489128092
v -0.011774625723577127 0.06647136937435652 0.011774625723577131
v -0.011174779373922306 0.06563095867347027 0.011174779373922307
v -0.010201595694697146 0.06461085359126029 0.010201595694697148
v -0.009188648291219096 0.06379588979339668 0.0091886482912191
v -0.008069644627882771 0.06307786614122443 0.008069644627882771
v -0.006778052882888955 0.06232756971312394 0.006778052882888956
v -0.0058540621010388216 0.06173286816262549 0.005854062101038823
v -0.004965950282401458 0.06100145623806557 0.004965950282401458
v -0.004385741405617451 0.060331369007841744 0.004385741405617451
v -0.003929422889526235 0.05953456792046066 0.003929422889526236
v -0.0030636765635919487 0.058594524855243045 0.004130889647411115
v -0.003310326735121344 0.05953456792046066 0.00446345890495323
v -0.00369475045993193 0.060331369007841744 0.004981794294501477
v -0.00418354512794599 0.06100145623806557 0.0056408576100629975
v -0.004931731408646097 0.06173286816262549 0.006649670027799254
v -0.00571014377966299 0.06232756971312394 0.00769923761044265
v -0.006798240124729724 0.06307786614122443 0.009166365694600524
v -0.007740940324627929 0.06379588979339668 0.010437449771375984
v -0.008594293848867571 0.06461085359126029 0.011588063801836948
v -0.009414148581253277 0.06563095867347027 0.012693509940192499
v -0.00991948676043478 0.06647136937435652 0.013374879598344339
v -0.010340150196511246 0.06746796354612548 0.013942078582004453
v -0.010622516891958039 0.06863983082080204 0.014322805997181495
v -0.010697258820671483 0.06929585624867031 0.014423583821844523
v -0.014596678728725415 0.06929585624867031 0.010459832055658633
v -0.014494691487013807 0.06863983082080204 0.010386749031777047
v -0.014109395028713292 0.06746796354612548 0.010110649494316351
v -0.013535389189248665 0.06647136937435652 0.00969932272667627
v -0.012845842532995241 0.06563095867347027 0.009205200580604922
v -0.011727130128866637 0.06461085359126029 0.008403542608730859
v -0.010562707780658953 0.06379588979339668 0.007569129354149927
v -0.009276369646180165 0.06307786614122443 0.0066473524826100375
v -0.0077916348144728325 0.06232756971312394 0.0055834065483693265
v -0.006729471554830791 0.06173286816262549 0.004822271120370711
v -0.005708552555702197 0.06100145623806557 0.0040906909114906435
v -0.005041579936555326 0.060331369007841744 0.003612745091646719
v -0.004517024094649667 0.05953456792046066 0.00323685369113585
v -0.004180463731611391 0.058594524855243045 0.0029956779456531465
v -0.016105575032616525 0.06929585624867031 0.007942390660938813
v -0.015993045106851744 0.06863983082080204 0.007886897042756268
v -0.01556791956053493 0.06746796354612548 0.007677248324101073
v -0.014934577257914777 0.06647136937435652 0.007364918464451809
v -0.01417375038646187 0.06563095867347027 0.006989720172793101
v -0.012939393797578767 0.06461085359126029 0.006381002866893796
v -0.011654602109877357 0.06379588979339668 0.005747413722700806
v -0.010235291886833683 0.06307786614122443 0.0050474873780873486
v -0.008597076188591093 0.06232756971312394 0.004239608799646335
v -0.007425114375018503 0.06173286816262549 0.0036616611917996613
v -0.006298660347477878 0.06100145623806557 0.0031061555404834607
v -0.005562741049532989 0.060331369007841744 0.00274324030477377
v -0.004983960518179428 0.05953456792046066 0.0024578173330607935
v -0.0046126090429119485 0.058594524855243045 0.0022746870515826588
v -0.017184237701922192 0.06929585624867031 0.005212781517198356
v -0.017064171141802136 0.06863983082080204 0.0051763597243737955
v -0.01661057302895781 0.06746796354612548 0.005038762241151919
v -0.015934812948807515 0.06647136937435652 0.004833772661924097
v -0.01512303008588092 0.06563095867347027 0.004587521022646039
v -0.013806003094336423 0.06461085359126029 0.004188005252539662
v -0.01243516313896676 0.06379588979339668 0.0037721654983218374
v -0.010920795337993665 0.06307786614122443 0.0033127870481349042
v -0.009172860979325341 0.06232756971312394 0.0027825569572695412
v -0.007922407621328391 0.06173286816262549 0.0024032360781155015
v -0.006720509910110754 0.06100145623806557 0.0020386443933823758
v -0.0059353027927178045 0.060331369007841744 0.001800454418376344
v -0.005317758730622394 0.05953456792046066 0.0016131244751582943
v -0.017947866135986305 0.06929585624867031 -0.0005875523014379684
v -0.017822464091052877 0.06863983082080204 -0.0005834470635479928
v -0.01734870910988456 0.06746796354612548 -0.0005679379312982804
v -0.016642919788940513 0.06647136937435652 -0.0005448327812648985
v -0.015795063142167956 0.06563095867347027 -0.0005170768285334559
v -0.014419510466993 0.06461085359126029 -0.00047204589650373115
v -0.012987753502290167 0.06379588979339668 -0.0004251750265441942
v -0.01140609064101161 0.06307786614122443 -0.0003733967456498506
v -0.009580482055513461 0.06232756971312394 -0.00031363250861981954
v -0.008274461394724219 0.06173286816262549 -0.00027087781905626903
v -0.007019154083206436 0.06100145623806557 -0.0002297833126505553
v -0.00619905414764654 0.060331369007841744 -0.00020293602056042703
v -0.005554067832174318 0.05953456792046066 -0.0001818213548291142
v -0.005098992667907662 0.058594524855243045 0.0006712951199098626
v -0.005509501868230043 0.05953456792046066 0.0007253396814149086
v -0.006149312799146576 0.060331369007841744 0.000809572388453787
v -0.006962832234564371 0.06100145623806557 0.0009166742539624278
v -0.008208066932265664 0.06173286816262549 0.0010806125119972886
v -0.00950360805419475 0.06232756971312394 0.0012511737364264298
v -0.01131456791575648 0.06307786614122443 0.0014895911252315564
v -0.012883539479021098 0.06379588979339668 0.0016961501501789442
v -0.01430380799396171 0.06461085359126029 0.0018831320474156175
v -0.015668323203844977 0.06563095867347027 0.002062773882792739
v -0.01650937663000667 0.06647136937435652 0.0021735006669513627
v -0.017209502681725372 0.06746796354612548 0.002265674010286132
v -0.017679456242376847 0.06863983082080204 0.0023275445702959884
v -0.01761243283793607 0.06929585624867031 -0.003503330711109094
v -0.01748937447114218 0.06863983082080204 -0.003478852880044247
v -0.01702447364537022 0.06746796354612548 -0.0033863783561931884
v -0.0163318750423566 0.06647136937435652 -0.0032486119284239052
v -0.01549986425431432 0.06563095867347027 -0.003083114692889
v -0.014150019714411814 0.06461085359126029 -0.0028146139198624875
v -0.012745021304572153 0.06379588979339668 -0.0025351423599966256
v -0.011192918636463217 0.06307786614122443 -0.0022264099438667933
v -0.009401429422267633 0.06232756971312394 -0.0018700605831360262
v -0.008119817391131134 0.06173286816262549 -0.001615132099960413
v -0.006887970911579593 0.06100145623806557 -0.0013701026004645186
v -0.006083198080870567 0.060331369007841744 -0.0012100233315053574
v -0.005450266116893775 0.05953456792046066 -0.0010841253361604773
v -0.005044170531720844 0.058594524855243045 -0.001003347901931302
v -0.016806512706698466 0.06929585624867031 -0.0063255234709699605
v -0.016689085317523004 0.06863983082080204 -0.006281326931251875
v -0.016245457699034002 0.06746796354612548 -0.006114357318810845
v -0.01558455143302867 0.06647136937435652 -0.005865609814156794
v -0.014790612287312021 0.06563095867347027 -0.0055667922790502465
v -0.013502534733195001 0.06461085359126029 -0.0050819942163474845
v -0.012161827072581516 0.06379588979339668 -0.004577387584208994
v -0.010680746437458408 0.06307786614122443 -0.004019948305557432
v -0.008971233247580453 0.06232756971312394 -0.0033765331012720217
v -0.007748265978688523 0.06173286816262549 -0.002916240814668111
v -0.006572787059802786 0.06100145623806557 -0.002473821877390385
v -0.005804839500838415 0.060331369007841744 -0.0021847868828333565
v -0.005200869612468461 0.05953456792046066 -0.0019574687133049116
v -0.015551634557391602 0.06929585624867031 -0.00897874039804873
v -0.015442975023117273 0.06863983082080204 -0.008916005786685428
v -0.015032471385467499 0.06746796354612548 -0.00867900140098501
v -0.014420912467506566 0.06647136937435652 -0.00832591769507495
v -0.013686253727143856 0.06563095867347027 -0.007901762273564027
v -0.012494352007090844 0.06461085359126029 -0.007213617494643842
v -0.011253749869691678 0.06379588979339668 -0.006497355516659208
v -0.009883255871952112 0.06307786614122443 -0.005706100438141503
v -0.008301385506339224 0.06232756971312394 -0.00479280715673181
v -0.0071697325350551675 0.06173286816262549 -0.004139447009131721
v -0.006082022139956799 0.06100145623806557 -0.003511457119721322
v -0.005371414293779712 0.060331369007841744 -0.003101187488442721
v -0.004812540531475976 0.05953456792046066 -0.0027785215713336396
v -0.0044539614416879685 0.058594524855243045 -0.002571495837318763
v -0.011840189812646713 0.06929585624867031 -0.013501148904545344
v -0.01175746220571807 0.06863983082080204 -0.013406816148286036
v -0.011444926505974203 0.06746796354612548 -0.013050437484852684
v -0.010979317978230558 0.06647136937435652 -0.012519512713901917
v -0.010419987773980092 0.06563095867347027 -0.011881718853002043
v -0.00951253701365212 0.06461085359126029 -0.010846969576800014
v -0.00856800833825319 0.06379588979339668 -0.009769941041535057
v -0.007524586888858539 0.06307786614122443 -0.008580146909736028
v -0.006320234682745558 0.06232756971312394 -0.0072068464200022156
v -0.005458654124598993 0.06173286816262549 -0.00622440208483004
v -0.004630529113583192 0.06100145623806557 -0.005280106489723925
v -0.004089509984690803 0.060331369007841744 -0.004663192408533976
v -0.0036640131404482063 0.05953456792046066 -0.004178006246535338
v -0.003391010037766748 0.058594524855243045 -0.0038667058705254597
v -0.004295652439069521 0.05953456792046066 -0.003525350849515761
v -0.004794500692807909 0.060331369007841744 -0.00393474503120077
v -0.005428786120159178 0.06100145623806557 -0.00445528962875965
v -0.006399671618399871 0.06173286816262549 -0.005252074765488903
v -0.0074097800662108505 0.06232756971312394 -0.006081049345044234
v -0.008821750573242148 0.06307786614122443 -0.007239823593440409
v -0.010045047467183226 0.06379588979339668 -0.008243757409184429
v -0.01115240345984001 0.06461085359126029 -0.00915254098625487
v -0.012216289674904596 0.06563095867347027 -0.010025649838813353
v -0.012872042824261437 0.06647136937435652 -0.010563812540509612
v -0.013417917615422497 0.06746796354612548 -0.01101180040406352
v -0.013784331350700974 0.06863983082080204 -0.011312508385274872
v -0.009482768287090453 0.06929585624867031 -0.0152495318667676
v -0.009416512024322442 0.06863983082080204 -0.015142983129113724
v -0.00916620323121938 0.06746796354612548 -0.0147404538463774
v -0.008793298923860196 0.06647136937435652 -0.014140774939736776
v -0.008345333240302249 0.06563095867347027 -0.013420387521229975
v -0.007618558971620938 0.06461085359126029 -0.012251639426299683
v -0.006862089125187085 0.06379588979339668 -0.011035136957801497
v -0.006026416387929018 0.06307786614122443 -0.009691265880159058
v -0.005061854747674141 0.06232756971312394 -0.0081401245862657
v -0.004371817769986567 0.06173286816262549 -0.007030454860936654
v -0.0037085752277243446 0.06100145623806557 -0.005963874092808765
v -0.003275274822971524 0.060331369007841744 -0.005267070361016979
v -0.0029344958283196794 0.05953456792046066 -0.004719053159590367
v -0.0027158485595385772 0.058594524855243045 -0.004367439749675218
v -0.00687203038768077 0.06929585624867031 -0.016590548962978922
v -0.006824015394871572 0.06863983082080204 -0.016474630516141713
v -0.00664262009126074 0.06746796354612548 -0.016036703514013657
v -0.006372381522281045 0.06647136937435652 -0.01538428989570658
v -0.006047747017160922 0.06563095867347027 -0.014600552870631302
v -0.005521063805238337 0.06461085359126029 -0.013329027117333579
v -0.0049728606208228 0.06379588979339668 -0.012005547554581473
v -0.004367260202175871 0.06307786614122443 -0.010543498810505234
v -0.003668255786804196 0.06232756971312394 -0.008855952870756263
v -0.0031681955790958676 0.06173286816262549 -0.007648700735303712
v -0.002687552926355579 0.06100145623806557 -0.006488326724403128
v -0.0023735461449698684 0.060331369007841744 -0.0057302472941046225
v -0.0021265883436368026 0.05953456792046066 -0.005134038420792496
v -0.004049226550466757 0.06863983082080204 -0.017366185565512858
v -0.00394159041001154 0.06746796354612548 -0.016904559335070048
v -0.003781236553058772 0.06647136937435652 -0.01621683914918258
v -0.0035886052969338316 0.06563095867347027 -0.015390688747892256
v -0.0032760826072862105 0.06461085359126029 -0.01405035203069174
v -0.0029507904206574915 0.06379588979339668 -0.012655249927709973
v -0.00259143992798395 0.06307786614122443 -0.011114079716300629
v -0.0021766654771901224 0.06232756971312394 -0.009335209112113519
v -0.0018799403157248923 0.06173286816262549 -0.008062624298263583
v -0.0015947371211035269 0.06100145623806557 -0.006839454505232175
v -0.0014084121316890563 0.060331369007841744 -0.006040350206834515
v -0.0012618725903576781 0.05953456792046066 -0.00541187638949463
v -0.0011678513302935851 0.058594524855243045 -0.005008641196544468
v 0.0017601409151564648 0.06929585624867031 -0.017871010617785472
v 0.0017478427807454302 0.06863983082080204 -0.017746145563660522
v 0.0017013817964815923 0.06746796354612548 -0.017274419274053758
v 0.001632165286181057 0.06647136937435652 -0.01657165225133674
v 0.0015490162832374978 0.06563095867347027 -0.015727426256890983
v 0.00141411631651255 0.06461085359126029 -0.014357763909449817
v 0.0012737044148948538 0.06379588979339668 -0.012932137947877167
v 0.0011185912947597597 0.06307786614122443 -0.011357248009791907
v 0.0009395545033078032 0.06232756971312394 -0.009539456960529389
v 0.0008114735167616831 0.06173286816262549 -0.008239028880713586
v 0.0006883659705299155 0.06100145623806557 -0.006989096987822007
v 0.0006079390584859323 0.060331369007841744 -0.006172508846090211
v 0.0005446854775322382 0.05953456792046066 -0.005530284461040942
v 0.0005041013366867055 0.058594524855243045 -0.0051182267640015305
v -0.00036344801079735145 0.05953456792046066 -0.005545145086732436
v -0.0004056547321470475 0.060331369007841744 -0.0061890952159569645
v -0.000459320567574483 0.06100145623806557 -0.007007877640967293
v -0.0005414655753591467 0.06173286816262549 -0.00826116827067087
v -0.0006269291716937754 0.06232756971312394 -0.00956509077741335
v -0.0007463936487118955 0.06307786614122443 -0.011387766478190404
v -0.0008498947650204973 0.06379588979339668 -0.012966888359503912
v -0.0009435863144380319 0.06461085359126029 -0.01439634517172091
v -0.0010335999582475627 0.06563095867347027 -0.015769687987972035
v -0.0010890821419410526 0.06647136937435652 -0.016616182532361443
v -0.00113526770043444 0.06746796354612548 -0.01732083798554646
v -0.0011662693573665905 0.06863983082080204 -0.017793831867782155
v -0.0011744754371549842 0.06929585624867031 -0.01791903245127171
v 0.00464773803209279 0.06929585624867031 -0.017345594476040515
v 0.004615264207676935 0.06863983082080204 -0.017224400513404473
v 0.004492581710092751 0.06746796354612548 -0.016766543199220853
v 0.004309812134882949 0.06647136937435652 -0.016084437858460088
v 0.004090253132541921 0.06563095867347027 -0.015265032506464238
v 0.0037340431833971072 0.06461085359126029 -0.013935638878094264
v 0.003363278701026657 0.06379588979339668 -0.012551926992245763
v 0.002953694933317712 0.06307786614122443 -0.011023339561200492
v 0.002480939543331704 0.06232756971312394 -0.009258992426220665
v 0.0021427354443119104 0.06173286816262549 -0.007996797545350738
v 0.0018176639572894376 0.06100145623806557 -0.0067836142396909
v 0.0016052927688852562 0.060331369007841744 -0.005991034174502711
v 0.0014382685997786535 0.05953456792046066 -0.0053676914893048926
v 0.007411178562126831 0.06929585624867031 -0.016356819643881894
v 0.0073593965318834685 0.06863983082080204 -0.01624253426775925
v 0.007163769779737399 0.06746796354612548 -0.015810776825194897
v 0.006872329524660461 0.06647136937435652 -0.015167554475429737
v 0.006522225676286054 0.06563095867347027 -0.014394858816232751
v 0.0059542213007189515 0.06461085359126029 -0.013141246445379198
v 0.005363008593727235 0.06379588979339668 -0.011836412195553819
v 0.0047098955271818645 0.06307786614122443 -0.010394960940939932
v 0.003956050412160058 0.06232756971312394 -0.008731189317780644
v 0.0034167577603428706 0.06173286816262549 -0.00754094507159248
v 0.0028984060763313606 0.06100145623806557 -0.006396918526232118
v 0.0025597637544434895 0.060331369007841744 -0.005649518995041263
v 0.0022934307699050897 0.05953456792046066 -0.00506170957218191
v 0.002122548818348381 0.058594524855243045 -0.004684565068298101
v 0.009906934825025882 0.06863983082080204 -0.014826775749485167
v 0.009643589661445382 0.06746796354612548 -0.014432651860100506
v 0.00925126406790963 0.06647136937435652 -0.013845495115973739
v 0.00877996781517893 0.06563095867347027 -0.01314015042821432
v 0.00801534230482711 0.06461085359126029 -0.011995807483140747
v 0.007219474636803102 0.06379588979339668 -0.010804707344856872
v 0.0063402791001030525 0.06307786614122443 -0.009488898238121797
v 0.005325481977767012 0.06232756971312394 -0.007970147016897324
v 0.0045995070788712065 0.06173286816262549 -0.006883648799659365
v 0.0039017221004838294 0.06100145623806557 -0.005839339779903401
v 0.003445854911183192 0.060331369007841744 -0.005157086317385947
v 0.0030873277536716402 0.05953456792046066 -0.004620512507382081
v 0.01424662737279962 0.06929585624867031 -0.010931821670828953
v 0.014147085945845725 0.06863983082080204 -0.01085544084750529
v 0.013771029503727526 0.06746796354612548 -0.010566882590464647
v 0.013210789228755218 0.06647136937435652 -0.010136995107725642
v 0.012537778987838564 0.06563095867347027 -0.009620576186684071
v 0.01144589506991796 0.06461085359126029 -0.008782744188723388
v 0.01030939740440253 0.06379588979339668 -0.007910678858198312
v 0.00905390768527368 0.06307786614122443 -0.006947307713580618
v 0.007604779134329834 0.06232756971312394 -0.005835352267390562
v 0.006568088223306423 0.06173286816262549 -0.005039871353169804
v 0.005571652470440699 0.06100145623806557 -0.004275279308208799
v 0.0049206749056508355 0.060331369007841744 -0.003775766654176714
v 0.004408698739377587 0.05953456792046066 -0.0033829135245932464
v 0.0040802096241636925 0.058594524855243045 -0.0031308549612322945
v 0.003515709518149926 0.058594524855243045 -0.0037536848495020076
v 0.003798751914336335 0.05953456792046066 -0.004055886140264722
v 0.00423989578845817 0.060331369007841744 -0.004526890661028754
v 0.004800810111849797 0.06100145623806557 -0.005125772789007233
v 0.005659388220148081 0.06173286816262549 -0.006042467305603505
v 0.006552652154843977 0.06232756971312394 -0.006996195502135226
v 0.007801292668165724 0.06307786614122443 -0.008329355410009724
v 0.008883084429388136 0.06379588979339668 -0.009484372718309281
v 0.009862346778152077 0.06461085359126029 -0.010529920487050226
v 0.010803167725246214 0.06563095867347027 -0.011534424788947102
v 0.011383066487258479 0.06647136937435652 -0.01215357639574876
v 0.011865797093918128 0.06746796354612548 -0.012668982618946284
v 0.012189825841139059 0.06863983082080204 -0.013014944591335396
v 0.01227559563593576 0.06929585624867031 -0.013106520069232866
v 0.015837084168205572 0.06929585624867031 -0.008465097848895865
v 0.01572643019266172 0.06863983082080204 -0.008405952066730449
v 0.01530839177767568 0.06746796354612548 -0.008182505878665192
v 0.014685607721001675 0.06647136937435652 -0.007849620865080328
v 0.013937464349763432 0.06563095867347027 -0.00744972990186572
v 0.012723685322803416 0.06461085359126029 -0.0068009514953720745
v 0.011460311984345693 0.06379588979339668 -0.006125664377103092
v 0.010064662625808908 0.06307786614122443 -0.005379674253082602
v 0.00845375709488552 0.06232756971312394 -0.004518627307839328
v 0.007301332679992924 0.06173286816262549 -0.0039026436247376587
v 0.006193657405459321 0.06100145623806557 -0.003310578855482097
v 0.005470006381577406 0.060331369007841744 -0.002923779324675021
v 0.004900874514419481 0.05953456792046066 -0.0026195720038546433
v 0.017004479615654437 0.06929585624867031 -0.005772243025289364
v 0.01688566902833028 0.06863983082080204 -0.005731912265424121
v 0.016436815841045872 0.06746796354612548 -0.0055795471393960275
v 0.01576812464232582 0.06647136937435652 -0.00535255706412605
v 0.014964833545891043 0.06563095867347027 -0.005079876480334234
v 0.013661583496662503 0.06461085359126029 -0.0046374827007597
v 0.012305083401531683 0.06379588979339668 -0.004177012966318969
v 0.010806556853602822 0.06307786614122443 -0.003668331747604684
v 0.00907690700313824 0.06232756971312394 -0.00308119473952208
v 0.007839534184790452 0.06173286816262549 -0.002661163266532145
v 0.006650209090188444 0.06100145623806557 -0.0022574417979964053
v 0.005873215740039333 0.060331369007841744 -0.0019936880961797672
v 0.005262131582695815 0.05953456792046066 -0.0017862529764455723
v 0.004870053772456761 0.058594524855243045 -0.0016531604939540989
v 0.01771762868851182 0.06929585624867031 -0.002925192335254536
v 0.017593835316526744 0.06863983082080204 -0.002904753966822035
v 0.01712615772287436 0.06746796354612548 -0.002827540083611508
v 0.016429422354666403 0.06647136937435652 -0.0027125086087672378
v 0.015592442117863597 0.06563095867347027 -0.0025743226124074316
v 0.01423453520260235 0.06461085359126029 -0.002350131273354995
v 0.012821144993393421 0.06379588979339668 -0.002116779605398292
v 0.011259771898997836 0.06307786614122443 -0.0018589958642162632
v 0.009457582446316252 0.06232756971312394 -0.0015614531813696042
v 0.008168315580157012 0.06173286816262549 -0.0013485943602886542
v 0.006929111506150033 0.06100145623806557 -0.0011440009396436095
v 0.006119531914034125 0.060331369007841744 -0.001010338808030507
v 0.005482819562820671 0.05953456792046066 -0.000905217173398941
v 0.01800000000000002 0.09899999999999998 0.0
v 0.01763153894254492 0.09899999999999998 0.003623373361595885
v 0.01654124060916417 0.09899999999999998 0.007098405392039742
v 0.01477374194173099 0.09899999999999998 0.010282827871706273
v 0.012401404543362372 0.09899999999999998 0.013046270170124172
v 0.009521352185885332 0.09899999999999998 0.015275596634905533
v 0.006251494551206771 0.09899999999999998 0.016879538378647467
v 0.0027256999950823835 0.09899999999999998 0.017792429837906024
v -0.0009116850390968286 0.09899999999999998 0.01797689712907897
v -0.004511745580656972 0.09899999999999998 0.017425388139591696
v -0.007927094728037428 0.09899999999999998 0.016160481712273366
v -0.011017907685857944 0.09899999999999998 0.014233963264878588
v -0.01365764620847025 0.09899999999999998 0.011724704689000012
v -0.015738239090602492 0.09899999999999998 0.008735435325559468
v -0.017174506615200896 0.09899999999999998 0.005388536213520451
v -0.017907647821054133 0.09899999999999998 0.0018210297957737829
v -0.017907647821054133 0.09899999999999998 -0.0018210297957737787
v -0.017174506615200896 0.09899999999999998 -0.0053885362135204454
v -0.015738239090602495 0.09899999999999998 -0.008735435325559465
v -0.013657646208470254 0.09899999999999998 -0.01172470468900001
v -0.01101790768585794 0.09899999999999998 -0.014233963264878592
v -0.007927094728037425 0.09899999999999998 -0.016160481712273366
v -0.004511745580656973 0.09899999999999998 -0.017425388139591696
v -0.0009116850390968288 0.09899999999999998 -0.01797689712907897
v 0.002725699995082383 0.09899999999999998 -0.017792429837906024
v 0.006251494551206771 0.09899999999999998 -0.016879538378647467
v 0.009521352185885332 0.09899999999999998 -0.015275596634905533
v 0.012401404543362372 0.09899999999999998 -0.013046270170124172
v 0.01477374194173099 0.09899999999999998 -0.010282827871706274
v 0.01654124060916417 0.09899999999999998 -0.007098405392039744
v 0.01763153894254492 0.09899999999999998 -0.0036233733615958887
v 0.016000000000000018 0.09899999999999998 0.0
v 0.015625928891361406 0.09899999999999998 0.0034395270433763892
v 0.014521206714735328 0.09899999999999998 0.006718225624964241
v 0.012737489051290313 0.09899999999999998 0.009682787443100254
v 0.010358180556509255 0.09899999999999998 0.012194592882042197
v 0.007494535051196651 0.09899999999999998 0.014136192711136385
v 0.004280453416467538 0.09899999999999998 0.015416799880307586
v 0.0008662225373666828 0.09899999999999998 0.015976534621618
v -0.002588511944844239 0.09899999999999998 0.015789224360664437
v -0.005922210485438638 0.09899999999999998 0.01486362751706868
v -0.008978993045798127 0.09899999999999998 0.013243023970510264
v -0.011615927870770107 0.09899999999999998 0.011003191341654783
v -0.013709714818681445 0.09899999999999998 0.008248861714832354
v -0.015162450738924858 0.09899999999999998 0.005108824482175683
v -0.015906207314469772 0.09899999999999998 0.001729904294783073
v -0.015906207314469772 0.09899999999999998 -0.001729904294783069
v -0.015162450738924858 0.09899999999999998 -0.005108824482175685
v -0.013709714818681442 0.09899999999999998 -0.00824886171483236
v -0.011615927870770105 0.09899999999999998 -0.011003191341654789
v -0.00897899304579813 0.09899999999999998 -0.013243023970510264
v -0.005922210485438638 0.09899999999999998 -0.01486362751706868
v -0.002588511944844239 0.09899999999999998 -0.015789224360664437
v 0.0008662225373666823 0.09899999999999998 -0.015976534621618
v 0.004280453416467541 0.09899999999999998 -0.015416799880307584
v 0.007494535051196654 0.09899999999999998 -0.014136192711136381
v 0.010358180556509259 0.09899999999999998 -0.012194592882042195
v 0.012737489051290319 0.09899999999999998 -0.009682787443100251
v 0.014521206714735327 0.09899999999999998 -0.006718225624964247
v 0.015625928891361406 0.09899999999999998 -0.003439527043376394
v 0.016000000000000018 0.09299999999999997 0.0
v 0.015625928891361406 0.09299999999999997 0.0034395270433763892
v 0.014521206714735328 0.09299999999999997 0.006718225624964241
v 0.012737489051290313 0.09299999999999997 0.009682787443100254
v 0.010358180556509255 0.09299999999999997 0.012194592882042197
v 0.007494535051196651 0.09299999999999997 0.014136192711136385
v 0.004280453416467538 0.09299999999999997 0.015416799880307586
v 0.0008662225373666828 0.09299999999999997 0.015976534621618
v -0.002588511944844239 0.09299999999999997 0.015789224360664437
v -0.005922210485438638 0.09299999999999997 0.01486362751706868
v -0.008978993045798127 0.09299999999999997 0.013243023970510264
v -0.011615927870770107 0.09299999999999997 0.011003191341654783
v -0.013709714818681445 0.09299999999999997 0.008248861714832354
v -0.015162450738924858 0.09299999999999997 0.005108824482175683
v -0.015906207314469772 0.09299999999999997 0.001729904294783073
v -0.015906207314469772 0.09299999999999997 -0.001729904294783069
v -0.015162450738924858 0.09299999999999997 -0.005108824482175685
v -0.013709714818681442 0.09299999999999997 -0.00824886171483236
v -0.011615927870770105 0.09299999999999997 -0.011003191341654789
v -0.00897899304579813 0.09299999999999997 -0.013243023970510264
v -0.005922210485438638 0.09299999999999997 -0.01486362751706868
v -0.002588511944844239 0.09299999999999997 -0.015789224360664437
v 0.0008662225373666823 0.09299999999999997 -0.015976534621618
v 0.004280453416467541 0.09299999999999997 -0.015416799880307584
v 0.007494535051196654 0.09299999999999997 -0.014136192711136381
v 0.010358180556509259 0.09299999999999997 -0.012194592882042195
v 0.012737489051290319 0.09299999999999997 -0.009682787443100251
v 0.014521206714735327 0.09299999999999997 -0.006718225624964247
v 0.015625928891361406 0.09299999999999997 -0.003439527043376394
v -0.002800000000000001 0.022199999999999998 3.429011037612591e-19
v -0.002746198785129046 0.022253801214870955 -0.0005462529016451604
v -0.0025868626910316036 0.0224131373089684 -0.0010715136106222523
v -0.0019798989873223336 0.02302010101267767 -0.001979898987322334
v -0.0010715136106222516 0.02392848638937775 -0.002586862691031604
v 1.714505518806295e-19 0.025 -0.0028000000000000013
v 0.0010715136106222518 0.02607151361062225 -0.002586862691031604
v 0.001979898987322334 0.026979898987322334 -0.001979898987322334
v 0.0025868626910316036 0.027586862691031604 -0.001071513610622252
v 0.002746198785129046 0.027746198785129045 -0.0005462529016451594
v 0.002800000000000001 0.027800000000000002 0.0
v 0.002746198785129046 0.027746198785129045 0.0005462529016451594
v 0.0025868626910316036 0.027586862691031604 0.001071513610622252
v 0.001979898987322334 0.026979898987322334 0.001979898987322334
v 0.0010715136106222518 0.02607151361062225 0.002586862691031604
v 1.714505518806295e-19 0.025 0.0028000000000000013
v -0.0010715136106222516 0.02392848638937775 0.002586862691031604
v -0.0019798989873223336 0.02302010101267767 0.001979898987322334
v -0.0025868626910316036 0.0224131373089684 0.0010715136106222523
v -0.002746198785129046 0.022253801214870955 0.0005462529016451604

vn -9.7662055571008666e-01 0.0000000000000000e+00 -2.1497044021102407e-01
vn -1.0000000000000000e+00 -0.0000000000000000e+00 0.0000000000000000e+00
vn -9.7662055571008666e-01 0.0000000000000000e+00 2.1497044021102435e-01
vn -9.7662055571008666e-01 0.0000000000000000e+00 2.1497044021102438e-01
vn -9.0757541967095690e-01 0.0000000000000000e+00 4.1988910156026504e-01
vn -9.0757541967095690e-01 0.0000000000000000e+00 4.1988910156026493e-01
vn -7.9609306570564398e-01 0.0000000000000000e+00 6.0517421519376491e-01
vn -6.4738628478182814e-01 0.0000000000000000e+00 7.6216205512763624e-01
vn -6.4738628478182780e-01 0.0000000000000000e+00 7.6216205512763635e-01
vn -4.6840844069979037e-01 0.0000000000000000e+00 8.8351204444602283e-01
vn -2.6752833852922092e-01 0.0000000000000000e+00 9.6354999251922291e-01
vn -5.4138908585417603e-02 0.0000000000000000e+00 9.9853341385112382e-01
vn 1.6178199655276473e-01 0.0000000000000000e+00 9.8682652254152625e-01
vn 3.7013815533991445e-01 0.0000000000000000e+00 9.2897671981679142e-01
vn 5.6118706536238272e-01 0.0000000000000000e+00 8.2768899815689034e-01
vn 5.6118706536238228e-01 0.0000000000000000e+00 8.2768899815689057e-01
vn 7.2599549192313051e-01 0.0000000000000000e+00 6.8769945885342365e-01
vn 7.2599549192313084e-01 0.0000000000000000e+00 6.8769945885342321e-01
vn 8.5685717616758905e-01 0.0000000000000000e+00 5.1555385717702207e-01
vn 9.4765317118280257e-01 0.0000000000000000e+00 3.1930153013597978e-01
vn 9.9413795715435960e-01 0.0000000000000000e+00 1.0811901842394150e-01
vn 9.9413795715435960e-01 0.0000000000000000e+00 1.0811901842394121e-01
vn 9.9413795715435960e-01 0.0000000000000000e+00 -1.0811901842394193e-01
vn 9.4765317118280257e-01 0.0000000000000000e+00 -3.1930153013597978e-01
vn 8.5685717616758927e-01 0.0000000000000000e+00 -5.1555385717702151e-01
vn 7.2599549192313084e-01 0.0000000000000000e+00 -6.8769945885342321e-01
vn 5.6118706536238228e-01 0.0000000000000000e+00 -8.2768899815689057e-01
vn 3.7013815533991445e-01 0.0000000000000000e+00 -9.2897671981679142e-01
vn 1.6178199655276473e-01 0.0000000000000000e+00 -9.8682652254152625e-01
vn -5.4138908585417603e-02 0.0000000000000000e+00 -9.9853341385112382e-01
vn -2.6752833852922070e-01 0.0000000000000000e+00 -9.6354999251922291e-01
vn -4.6840844069979015e-01 0.0000000000000000e+00 -8.8351204444602283e-01
vn -6.4738628478182769e-01 0.0000000000000000e+00 -7.6216205512763635e-01
vn -6.4738628478182780e-01 0.0000000000000000e+00 -7.6216205512763635e-01
vn -7.9609306570564375e-01 0.0000000000000000e+00 -6.0517421519376513e-01
vn -9.0757541967095712e-01 0.0000000000000000e+00 -4.1988910156026465e-01
vn -9.7662055571008666e-01 0.0000000000000000e+00 -2.1497044021102413e-01
vn -9.1777376815762324e-01 3.4187765055183084e-01 -2.0201728276293018e-01
vn -9.3974447168002018e-01 3.4187765055183084e-01 0.0000000000000000e+00
vn -9.1671098155848685e-01 3.7569945664230836e-01 -1.3598122873672594e-01
vn -8.3177137436247972e-01 5.5511834845477037e-01 0.0000000000000000e+00
vn -8.4233684644271145e-01 5.2426750568884939e-01 -1.2494886795701692e-01
vn -6.6206904633839025e-01 7.4298023919950162e-01 -9.8208665807177020e-02
vn -8.1488601530094762e-01 5.2426750568884950e-01 -2.4719297025954454e-01
vn -6.4049294448320460e-01 7.4298023919950162e-01 -1.9429141058288177e-01
vn -7.6979536282628525e-01 5.2426750568884950e-01 -3.6408609126131136e-01
vn -6.0505210462353487e-01 7.4298023919950162e-01 -2.8616833306584161e-01
vn -7.0804096547420681e-01 5.2426750568884950e-01 -4.7309784790162085e-01
vn -5.5651371391350291e-01 7.4298023919950162e-01 -3.7185057534613469e-01
vn -6.3095961945345447e-01 5.2426750568884950e-01 -5.7186846485703668e-01
vn -4.9592848192945965e-01 7.4298023919950162e-01 -4.4948337563272900e-01
vn -5.4021990312514212e-01 5.2426750568884950e-01 -6.5825985655078056e-01
vn -4.2460789598072690e-01 7.4298023919950162e-01 -5.1738621824500852e-01
vn -4.3778605732022563e-01 5.2426750568884950e-01 -7.3040191024860024e-01
vn -3.4409583136994876e-01 7.4298023919950162e-01 -5.7408921170221894e-01
vn -3.2587546545738272e-01 5.2426750568884950e-01 -7.8673296835185835e-01
vn -2.5613513115518460e-01 7.4298023919950162e-01 -6.1836490743505801e-01
vn -2.0691065388833915e-01 5.2426750568884950e-01 -8.2603363356844728e-01
vn -1.6262987886096505e-01 7.4298023919950162e-01 -6.4925487034039209e-01
vn -8.3466851518213425e-02 5.2426750568884961e-01 -8.4745316518166869e-01
vn -6.5604180820184460e-02 7.4298023919950162e-01 -6.6609042600683277e-01
vn 4.1783756123269324e-02 5.2426750568884961e-01 -8.5052789501757275e-01
vn 3.2841649615348086e-02 7.4298023919950162e-01 -6.6850713549639396e-01
vn 1.6612987162868378e-01 5.2426750568884950e-01 -8.3519126446067982e-01
vn 1.3057655751617700e-01 7.4298023919950162e-01 -6.5645268434691917e-01
vn 2.8687977711384771e-01 5.2426750568884939e-01 -8.0177526524700249e-01
vn 2.2548487727878688e-01 7.4298023919950162e-01 -6.3018801502220101e-01
vn 4.0141960178121627e-01 5.2426750568884950e-01 -7.5100325284555314e-01
vn 3.1551213039675752e-01 7.4298023919950162e-01 -5.9028167829566836e-01
vn 5.0726990432894370e-01 5.2426750568884961e-01 -6.8397428799692217e-01
vn 3.9870949871604805e-01 7.4298023919950162e-01 -5.3759752584312470e-01
vn 6.0213934536732938e-01 5.2426750568884939e-01 -6.0213934536732949e-01
vn 4.7327601046273798e-01 7.4298023919950162e-01 -4.7327601046273804e-01
vn 6.9218254380574862e-01 5.2426750568884939e-01 -4.9601099637951079e-01
vn 5.4404913972942381e-01 7.4298023919950151e-01 -3.8986010018816386e-01
vn 7.6373523749565353e-01 5.2426750568884939e-01 -3.7663253906991334e-01
vn 6.0028890161836346e-01 7.4298023919950162e-01 -2.9602972613045148e-01
vn 8.1488601530094762e-01 5.2426750568884961e-01 -2.4719297025954456e-01
vn 6.4049294448320460e-01 7.4298023919950162e-01 -1.9429141058288182e-01
vn 8.4426846931613952e-01 5.2426750568884939e-01 -1.1115005261975743e-01
vn 6.6358728422516544e-01 7.4298023919950162e-01 -8.7362923335480153e-02
vn 8.5109769617960518e-01 5.2426750568884950e-01 2.7862053703210297e-02
vn 6.6895499399094105e-01 7.4298023919950162e-01 2.1899319022093893e-02
vn 8.3519126446067982e-01 5.2426750568884961e-01 1.6612987162868390e-01
vn 6.5645268434691917e-01 7.4298023919950162e-01 1.3057655751617711e-01
vn 7.9697408801173175e-01 5.2426750568884961e-01 2.9995980650190557e-01
vn 6.2641433368927424e-01 7.4298023919950162e-01 2.3576566057777376e-01
vn 7.3746707510172560e-01 5.2426750568884950e-01 4.2577681432846726e-01
vn 5.7964236656691037e-01 7.4298023919950151e-01 3.3465667637111751e-01
vn 6.5825985655078056e-01 5.2426750568884939e-01 5.4021990312514212e-01
vn 5.1738621824500852e-01 7.4298023919950162e-01 4.2460789598072701e-01
vn 5.6146832138822789e-01 5.2426750568884961e-01 6.4023191622745412e-01
vn 4.4130895812118892e-01 7.4298023919950162e-01 5.0321642226883068e-01
vn 4.4967809439838941e-01 5.2426750568884950e-01 7.2314119914234265e-01
vn 3.5344286359418386e-01 7.4298023919950151e-01 5.6838235927357428e-01
vn 3.2587546545738322e-01 5.2426750568884961e-01 7.8673296835185824e-01
vn 2.5613513115518494e-01 7.4298023919950162e-01 6.1836490743505790e-01
vn 1.9336761576877751e-01 5.2426750568884950e-01 8.2930847556906739e-01
vn 1.5198517493971433e-01 7.4298023919950162e-01 6.5182886615859215e-01
vn 5.5694272021447215e-02 5.2426750568884950e-01 8.4973038697153414e-01
vn 4.3775187704861093e-02 7.4298023919950162e-01 6.6788030147658617e-01
vn -8.3466851518212828e-02 5.2426750568884950e-01 8.4745316518166869e-01
vn -6.5604180820183988e-02 7.4298023919950162e-01 6.6609042600683277e-01
vn -2.2039829702257394e-01 5.2426750568884950e-01 8.2253764238990390e-01
vn -1.7323104283111160e-01 7.4298023919950162e-01 6.4650705329384994e-01
vn -3.5144216880215762e-01 5.2426750568884939e-01 7.7564939532396193e-01
vn -2.7623032581866863e-01 7.4298023919950162e-01 6.0965332054960830e-01
vn -4.7309784790162057e-01 5.2426750568884950e-01 7.0804096547420703e-01
vn -3.7185057534613442e-01 7.4298023919950162e-01 5.5651371391350291e-01
vn -5.8211550530952283e-01 5.2426750568884939e-01 6.2151839953217058e-01
vn -4.5753745557571024e-01 7.4298023919950162e-01 4.8850776954349079e-01
vn -6.7558291573210083e-01 5.2426750568884961e-01 5.1839300385875708e-01
vn -5.3100198409957766e-01 7.4298023919950162e-01 4.0745215306998112e-01
vn -7.5100325284555303e-01 5.2426750568884950e-01 4.0141960178121650e-01
vn -5.9028167829566836e-01 7.4298023919950162e-01 3.1551213039675763e-01
vn -8.0636178785613788e-01 5.2426750568884961e-01 2.7372294307245221e-01
vn -6.3379297978500782e-01 7.4298023919950162e-01 2.1514372622573058e-01
vn -8.4017970962704747e-01 5.2426750568884950e-01 1.3871423146095138e-01
vn -6.6037355655850061e-01 7.4298023919950162e-01 1.0902811544426588e-01
vn -8.3177137436247972e-01 5.5511834845477037e-01 2.0372523024708113e-16
vn -6.5019948616279888e-01 7.5976353439319022e-01 1.5925294390730509e-16
vn -4.9689532575290551e-01 8.6392409549107596e-01 8.2037750303383977e-02
vn -4.9693241399996474e-01 8.6778924625519971e-01 1.2171333803952485e-16
vn -4.0584165589193150e-01 9.1148390917910660e-01 6.7004728567985478e-02
vn -3.9792217877223740e-01 9.1741917335597234e-01 9.7462824508632280e-17
vn -4.3981789763631252e-01 8.9514657497924666e-01 7.2614228782642384e-02
vn -4.9376902557699820e-01 8.6959309414273844e-01 1.2093853133819568e-16
vn -5.7491744028623160e-01 8.1268706902526933e-01 9.4919253546604215e-02
vn -7.1918291327642403e-01 6.9482079506246475e-01 1.7614901054908820e-16
vn -6.8784157330104656e-01 7.1692216564523059e-01 1.1356310336237467e-01
vn -8.1914534666109773e-01 5.5741425604890282e-01 1.3524144408027589e-01
vn -7.8617407523550442e-01 5.5741425604890282e-01 2.6687013804666826e-01
vn -9.0642039216506853e-01 2.8936137583190735e-01 3.0768826244104408e-01
vn -8.4419261082713359e-01 2.8936137583190735e-01 4.5123035137447609e-01
vn -8.6741279605047328e-01 2.0084676833393622e-01 4.5525335462543731e-01
vn -7.5941362877076468e-01 2.8936137583190741e-01 5.8271857239484381e-01
vn -5.5648910394649076e-01 2.0084676833393625e-01 8.0621365210386131e-01
vn -6.5434817541497969e-01 2.8936137583190741e-01 6.9864043649630858e-01
vn -5.3180289949942805e-01 2.8936137583190735e-01 7.9589928399306076e-01
vn -5.6754192219809185e-01 5.5741425604890282e-01 6.0595834320615083e-01
vn -4.6125358204141581e-01 5.5741425604890271e-01 6.9031476893328247e-01
vn -4.7656857268401948e-01 7.1692216564523059e-01 5.0882708648073049e-01
vn -3.8731757539162781e-01 7.1692216564523059e-01 5.7966171531273580e-01
vn -3.9832949121329669e-01 8.1268706902526922e-01 4.2529206936983127e-01
vn -3.2373098350739860e-01 8.1268706902526922e-01 4.8449765547053963e-01
vn -3.0472625652954949e-01 8.9514657497924666e-01 3.2535291282607420e-01
vn -2.4765761236095454e-01 8.9514657497924666e-01 3.7064580982738077e-01
vn -2.8118593901780159e-01 9.1148390917910638e-01 3.0021917161675654e-01
vn -2.2852588772529647e-01 9.1148390917910638e-01 3.4201316048792557e-01
vn -3.4427214835382031e-01 8.6392409549107596e-01 3.6757563180626052e-01
vn -2.7979741304443712e-01 8.6392409549107596e-01 4.1874642074120105e-01
vn -6.5019948616279888e-01 7.5976353439319022e-01 0.0000000000000000e+00
vn -4.9817108995957593e-01 8.6392409549107596e-01 -7.3896700592208625e-02
vn -4.8193624219298364e-01 8.6392409549107585e-01 -1.4619376077942656e-01
vn -4.5526893019641806e-01 8.6392409549107585e-01 -2.1532616754062983e-01
vn -4.1874642074120100e-01 8.6392409549107596e-01 -2.7979741304443728e-01
vn -3.7315931586163192e-01 8.6392409549107596e-01 -3.3821188952431175e-01
vn -3.1949443870850769e-01 8.6392409549107585e-01 -3.8930509997206825e-01
vn -2.5891347180804458e-01 8.6392409549107596e-01 -4.3197103067940945e-01
vn -1.9272781014338497e-01 8.6392409549107596e-01 -4.6528609309462682e-01
vn -1.2237017341353226e-01 8.6392409549107596e-01 -4.8852911672557292e-01
vn -4.9363591978580777e-02 8.6392409549107585e-01 -5.0119696030293182e-01
vn 2.4711562148136270e-02 8.6392409549107596e-01 -5.0301540326924898e-01
vn 9.8251785581523324e-02 8.6392409549107596e-01 -4.9394508182587338e-01
vn 1.6966515457054221e-01 8.6392409549107596e-01 -4.7418234104032214e-01
vn 2.3740578533992462e-01 8.6392409549107596e-01 -4.4415498456851754e-01
vn 3.0000729780544705e-01 8.6392409549107596e-01 -4.0451301399757233e-01
vn 3.5611455827438898e-01 8.6392409549107596e-01 -3.5611455827438904e-01
vn 4.0936750393258942e-01 8.6392409549107596e-01 -2.9334860482696656e-01
vn 4.5168487798025064e-01 8.6392409549107585e-01 -2.2274633158346835e-01
vn 4.8193624219298364e-01 8.6392409549107585e-01 -1.4619376077942656e-01
vn 4.9931348171925055e-01 8.6392409549107596e-01 -6.5735866947397859e-02
vn 5.0335239252378372e-01 8.6392409549107596e-01 1.6478051174488799e-02
vn 4.9394508182587338e-01 8.6392409549107596e-01 9.8251785581523407e-02
vn 4.7134285027545197e-01 8.6392409549107585e-01 1.7740088704439783e-01
vn 4.3614947887443906e-01 8.6392409549107596e-01 2.5181101903507247e-01
vn 3.8930509997206825e-01 8.6392409549107596e-01 3.1949443870850769e-01
vn 3.3206108319371769e-01 8.6392409549107596e-01 3.7864309614482788e-01
vn 2.6594660718385948e-01 8.6392409549107596e-01 4.2767693339402862e-01
vn 1.9272781014338522e-01 8.6392409549107596e-01 4.6528609309462671e-01
vn 1.1436061038672360e-01 8.6392409549107596e-01 4.9046590913324700e-01
vn 3.2938457239049986e-02 8.6392409549107596e-01 5.0254374462790563e-01
vn -4.9363591978580437e-02 8.6392409549107596e-01 5.0119696030293182e-01
vn -1.3034697498590000e-01 8.6392409549107585e-01 4.8646153326028924e-01
vn -2.0784835547596511e-01 8.6392409549107596e-01 4.5873109591117023e-01
vn -4.9693241399996474e-01 8.6778924625519971e-01 0.0000000000000000e+00
vn -4.0688364246602193e-01 9.1148390917910660e-01 -6.0355486918397233e-02
vn -3.9362375218477647e-01 9.1148390917910638e-01 -1.1940445981433032e-01
vn -3.7184309638473617e-01 9.1148390917910660e-01 -1.7586868674834122e-01
vn -3.4201316048792552e-01 9.1148390917910660e-01 -2.2852588772529664e-01
vn -3.0477967252220517e-01 9.1148390917910638e-01 -2.7623619336508332e-01
vn -2.6094862505952204e-01 9.1148390917910638e-01 -3.1796681963236251e-01
vn -2.1146882791076713e-01 9.1148390917910638e-01 -3.5281442449199935e-01
vn -1.5741136925870913e-01 9.1148390917910660e-01 -3.8002466253609474e-01
vn -9.9946429833447384e-02 9.1148390917910660e-01 -3.9900851428399636e-01
vn -4.0317952033469599e-02 9.1148390917910638e-01 -4.0935503667525713e-01
vn 2.0183287670657576e-02 9.1148390917910649e-01 -4.1084025874587532e-01
vn 8.0247620148822210e-02 9.1148390917910638e-01 -4.0343202992328792e-01
vn 1.3857483399292519e-01 9.1148390917910638e-01 -3.8729071598917464e-01
vn 1.9390232116731895e-01 9.1148390917910638e-01 -3.6276572764457810e-01
vn 2.4503240865979214e-01 9.1148390917910638e-01 -3.3038795682342142e-01
vn 2.9085828448539525e-01 9.1148390917910638e-01 -2.9085828448539536e-01
vn 3.3435288491114856e-01 9.1148390917910638e-01 -2.3959388902717574e-01
vn 3.6891580443645999e-01 9.1148390917910638e-01 -1.8192914154849935e-01
vn 3.9362375218477647e-01 9.1148390917910638e-01 -1.1940445981433034e-01
vn 4.0781669645022089e-01 9.1148390917910649e-01 -5.3690086645512454e-02
vn 4.1111549634621097e-01 9.1148390917910660e-01 1.3458527838621790e-02
vn 4.0343202992328792e-01 9.1148390917910660e-01 8.0247620148822280e-02
vn 3.8497154820034785e-01 9.1148390917910638e-01 1.4489303083240956e-01
vn 3.5622719222524374e-01 9.1148390917910660e-01 2.0566786532390910e-01
vn 3.1796681963236251e-01 9.1148390917910660e-01 2.6094862505952210e-01
vn 2.7121249260376801e-01 9.1148390917910649e-01 3.0925857653947997e-01
vn 2.1721317517889219e-01 9.1148390917910638e-01 3.4930719980595620e-01
vn 1.5741136925870930e-01 9.1148390917910660e-01 3.8002466253609463e-01
vn 9.3404580568020257e-02 9.1148390917910638e-01 4.0059039883213193e-01
vn 2.6902643948534793e-02 9.1148390917910638e-01 4.1045502927379596e-01
vn -4.0317952033469322e-02 9.1148390917910660e-01 4.0935503667525730e-01
vn -1.0646152102281574e-01 9.1148390917910649e-01 3.9731980550821133e-01
vn -1.6976114764808137e-01 9.1148390917910638e-01 3.7467083694461811e-01
vn -3.9792217877223740e-01 9.1741917335597234e-01 0.0000000000000000e+00
vn -4.4094711721672875e-01 8.9514657497924666e-01 -6.5408326084530885e-02
vn -4.2657713576776074e-01 8.9514657497924688e-01 -1.2940075943786922e-01
vn -4.0297304756232333e-01 8.9514657497924666e-01 -1.9059205713055649e-01
vn -3.7064580982738071e-01 8.9514657497924666e-01 -2.4765761236095474e-01
vn -3.3029520963391357e-01 8.9514657497924688e-01 -2.9936212819228319e-01
vn -2.8279471562013969e-01 8.9514657497924666e-01 -3.4458635800078941e-01
vn -2.2917257003331146e-01 8.9514657497924666e-01 -3.8235133378510755e-01
vn -1.7058953039028127e-01 8.9514657497924666e-01 -4.1183955786707416e-01
vn -1.0831374258266714e-01 8.9514657497924666e-01 -4.3241269924767423e-01
vn -4.3693289348011526e-02 8.9514657497924666e-01 -4.4362541154545548e-01
vn 2.1872991650372396e-02 8.9514657497924666e-01 -4.4523497340077250e-01
vn 8.6965788434419947e-02 8.9514657497924666e-01 -4.3720654266022091e-01
vn 1.5017603852941769e-01 8.9514657497924666e-01 -4.1971391060403840e-01
vn 2.1013543091131162e-01 8.9514657497924666e-01 -3.9313573988972461e-01
vn 2.6554602580817555e-01 8.9514657497924666e-01 -3.5804736764904105e-01
vn 3.1520835117658585e-01 8.9514657497924666e-01 -3.1520835117658591e-01
vn 3.6234423148868516e-01 8.9514657497924677e-01 -2.5965220432300978e-01
vn 3.9980068865887625e-01 8.9514657497924666e-01 -1.9715988093629030e-01
vn 4.2657713576776074e-01 8.9514657497924688e-01 -1.2940075943786924e-01
vn 4.4195828459137826e-01 8.9514657497924666e-01 -5.8184911995896024e-02
vn 4.4553325333574861e-01 8.9514657497924666e-01 1.4585248540476650e-02
vn 4.3720654266022085e-01 8.9514657497924666e-01 8.6965788434420016e-02
vn 4.1720058678343158e-01 8.9514657497924688e-01 1.5702318201617296e-01
vn 3.8604981152332257e-01 8.9514657497924688e-01 2.2288596260359464e-01
vn 3.4458635800078935e-01 8.9514657497924666e-01 2.8279471562013969e-01
vn 2.9391785337446114e-01 8.9514657497924666e-01 3.3514907842730612e-01
vn 2.3539782242443719e-01 8.9514657497924666e-01 3.7855049134924779e-01
vn 1.7058953039028146e-01 8.9514657497924666e-01 4.1183955786707405e-01
vn 1.0122422294168686e-01 8.9514657497924666e-01 4.3412701596741876e-01
vn 2.9154878831495701e-02 8.9514657497924666e-01 4.4481749329724501e-01
vn -4.3693289348011234e-02 8.9514657497924677e-01 4.4362541154545559e-01
vn -1.1537426401563679e-01 8.9514657497924688e-01 4.3058261519222296e-01
vn -1.8397320722244567e-01 8.9514657497924666e-01 4.0603752083669670e-01
vn -4.9376902557699820e-01 8.6959309414273844e-01 0.0000000000000000e+00
vn -5.7639352398856147e-01 8.1268706902526922e-01 -8.5499902591551408e-02
vn -5.5760949315216113e-01 8.1268706902526933e-01 -1.6914899049567911e-01
vn -5.2675490073040854e-01 8.1268706902526922e-01 -2.4913651357361213e-01
vn -4.8449765547053952e-01 8.1268706902526933e-01 -3.2373098350739882e-01
vn -4.3175249911852559e-01 8.1268706902526922e-01 -3.9131765529301737e-01
vn -3.6966120502273114e-01 8.1268706902526922e-01 -4.5043348159329760e-01
vn -2.9956786218899545e-01 8.1268706902526933e-01 -4.9979878329446975e-01
vn -2.2298977981271101e-01 8.1268706902526922e-01 -5.3834495069443711e-01
vn -1.4158464211690938e-01 8.1268706902526910e-01 -5.6523757567570110e-01
vn -5.7114624494922973e-02 8.1268706902526922e-01 -5.7989451412125059e-01
vn 2.8591752265235637e-02 8.1268706902526933e-01 -5.8199848757666095e-01
vn 1.1367920393392990e-01 8.1268706902526922e-01 -5.7150395137047405e-01
vn 1.9630584414064317e-01 8.1268706902526922e-01 -5.4863808051879415e-01
vn 2.7468305565153317e-01 8.1268706902526933e-01 -5.1389585207224031e-01
vn 3.4711420853104746e-01 8.1268706902526922e-01 -4.6802933035759808e-01
vn 4.1203138705632447e-01 8.1268706902526933e-01 -4.1203138705632453e-01
vn 4.7364606849677537e-01 8.1268706902526922e-01 -3.3940997280083746e-01
vn 5.2260808344479825e-01 8.1268706902526933e-01 -2.5772178595778839e-01
vn 5.5760949315216113e-01 8.1268706902526933e-01 -1.6914899049567916e-01
vn 5.7771529320681914e-01 8.1268706902526933e-01 -7.6057661245112429e-02
vn 5.8238839061977665e-01 8.1268706902526922e-01 1.9065421852757763e-02
vn 5.7150395137047405e-01 8.1268706902526933e-01 1.1367920393393002e-01
vn 5.4535273513990168e-01 8.1268706902526933e-01 2.0525623526350059e-01
vn 5.0463332814959605e-01 8.1268706902526922e-01 2.9135018784922606e-01
vn 4.5043348159329749e-01 8.1268706902526922e-01 3.6966120502273114e-01
vn 3.8420105417401235e-01 8.1268706902526933e-01 4.3809733828305192e-01
vn 3.0770533496824393e-01 8.1268706902526933e-01 4.9483043021948242e-01
vn 2.2298977981271131e-01 8.1268706902526922e-01 5.3834495069443689e-01
vn 1.3231742378233013e-01 8.1268706902526933e-01 5.6747848170897586e-01
vn 3.8110427974259099e-02 8.1268706902526922e-01 5.8145276946518709e-01
vn -5.7114624494922571e-02 8.1268706902526933e-01 5.7989451412125059e-01
vn -1.5081395481915322e-01 8.1268706902526933e-01 5.6284534187547797e-01
vn -2.4048454132041283e-01 8.1268706902526922e-01 5.3076069299169826e-01
vn -7.1918291327642403e-01 6.9482079506246475e-01 0.0000000000000000e+00
vn -6.8960758641004039e-01 7.1692216564523070e-01 -1.0229362234406959e-01
vn -6.6713403383001701e-01 7.1692216564523059e-01 -2.0237289668392416e-01
vn -6.3021904411536411e-01 7.1692216564523059e-01 -2.9807140896246509e-01
vn -5.7966171531273558e-01 7.1692216564523059e-01 -3.8731757539162809e-01
vn -5.1655646091113638e-01 7.1692216564523059e-01 -4.6817948598535808e-01
vn -4.4226931909493766e-01 7.1692216564523070e-01 -5.3890672457657518e-01
vn -3.5840838214252457e-01 7.1692216564523059e-01 -5.9796826004105808e-01
vn -2.6678898608479451e-01 7.1692216564523059e-01 -6.4408558849767772e-01
vn -1.6939441416227441e-01 7.1692216564523059e-01 -6.7626040905643170e-01
vn -6.8332964732340087e-02 7.1692216564523059e-01 -6.9379623401791479e-01
vn 3.4207687023309161e-02 7.1692216564523059e-01 -6.9631346572866726e-01
vn 1.3600784565970919e-01 7.1692216564523059e-01 -6.8375761372401334e-01
vn 2.3486384517169034e-01 7.1692216564523059e-01 -6.5640047428206572e-01
vn 3.2863575170797321e-01 7.1692216564523059e-01 -6.1483424685510790e-01
vn 4.1529368667660022e-01 7.1692216564523059e-01 -5.5995871473985492e-01
vn 4.9296176748636011e-01 7.1692216564523059e-01 -4.9296176748636017e-01
vn 5.6667868134331745e-01 7.1692216564523059e-01 -4.0607620038306996e-01
vn 6.2525771727771229e-01 7.1692216564523059e-01 -3.0834298336627813e-01
vn 6.6713403383001701e-01 7.1692216564523059e-01 -2.0237289668392422e-01
vn 6.9118897489283637e-01 7.1692216564523059e-01 -9.0996754849513750e-02
vn 6.9677995274718263e-01 7.1692216564523070e-01 2.2810213856654007e-02
vn 6.8375761372401334e-01 7.1692216564523059e-01 1.3600784565970930e-01
vn 6.5246982793894970e-01 7.1692216564523059e-01 2.4557225420610904e-01
vn 6.0375239652105261e-01 7.1692216564523059e-01 3.4857660865531148e-01
vn 5.3890672457657507e-01 7.1692216564523059e-01 4.4226931909493766e-01
vn 4.5966505631730814e-01 7.1692216564523059e-01 5.2414754068616831e-01
vn 3.6814420103920986e-01 7.1692216564523059e-01 5.9202403299845374e-01
vn 2.6678898608479479e-01 7.1692216564523059e-01 6.4408558849767750e-01
vn 1.5830694734928691e-01 7.1692216564523070e-01 6.7894146936794375e-01
vn 4.5596001964977047e-02 7.1692216564523070e-01 6.9566055875790611e-01
vn -6.8332964732339616e-02 7.1692216564523070e-01 6.9379623401791490e-01
vn -1.8043652999448520e-01 7.1692216564523059e-01 6.7339829748084579e-01
vn -2.8772003363484461e-01 7.1692216564523059e-01 6.3501164607565763e-01
vn -8.2124847836544079e-01 5.5741425604890282e-01 -1.2182070405270282e-01
vn -8.6376354315362391e-01 5.0389735216480125e-01 0.0000000000000000e+00
vn -9.4230666301258426e-01 3.3475088176446649e-01 0.0000000000000000e+00
vn -9.4685946951631461e-01 2.8936137583190741e-01 -1.4045333447073827e-01
vn -9.7962267003669024e-01 2.0084676833393622e-01 0.0000000000000000e+00
vn -9.1600236107752286e-01 2.8936137583190735e-01 -2.7786627840936190e-01
vn -8.6741279605047361e-01 2.0084676833393619e-01 -4.5525335462543653e-01
vn -8.6531656778401178e-01 2.8936137583190735e-01 -4.0926425655701137e-01
vn -7.9589928399306065e-01 2.8936137583190735e-01 -5.3180289949942838e-01
vn -6.9031476893328236e-01 5.5741425604890282e-01 -4.6125358204141609e-01
vn -6.1516319697339628e-01 5.5741425604890282e-01 -5.5755142206160557e-01
vn -7.0925318426343564e-01 2.8936137583190741e-01 -6.4282961567498020e-01
vn -5.5648910394649120e-01 2.0084676833393622e-01 -8.0621365210386098e-01
vn -6.0725389498916515e-01 2.8936137583190735e-01 -7.3994101197132855e-01
vn -4.9210939275236837e-01 2.8936137583190735e-01 -8.2103491992823363e-01
vn -4.2682584163590098e-01 5.5741425604890282e-01 -7.1211589510784901e-01
vn -3.1771699323580160e-01 5.5741425604890282e-01 -7.6703667406627296e-01
vn -3.6631220829818589e-01 2.8936137583190735e-01 -8.8435590133631836e-01
vn -1.1808046454907854e-01 2.0084676833393622e-01 -9.7248011781305221e-01
vn -2.3258547077141431e-01 2.8936137583190735e-01 -9.2853324817300176e-01
vn -9.3823960194180572e-02 2.8936137583190735e-01 -9.5261065429174496e-01
vn -8.1377212801231710e-02 5.5741425604890282e-01 -8.2623670723960896e-01
vn 4.0737676716319927e-02 5.5741425604890282e-01 -8.2923445951624863e-01
vn 4.6968555779506198e-02 2.8936137583190735e-01 -9.5606691656214793e-01
vn 3.4737898625266733e-01 2.0084676833393622e-01 -9.1596310818716009e-01
vn 1.8674434436229695e-01 2.8936137583190735e-01 -9.3882721734372487e-01
vn 3.2247768184441006e-01 2.8936137583190735e-01 -9.0126474406187729e-01
vn 2.7969758348281842e-01 5.5741425604890282e-01 -7.8170237875250204e-01
vn 3.9136984039235673e-01 5.5741425604890282e-01 -7.3220147171711525e-01
vn 7.3325809767453454e-01 2.0084676833393625e-01 -6.4960998902767575e-01
vn 5.7021524648116173e-01 2.8936137583190741e-01 -7.6884625697020448e-01
vn 4.5123035137447592e-01 2.8936137583190741e-01 -8.4419261082713382e-01
vn 9.5115661563718590e-01 2.0084676833393536e-01 -2.3443905003098192e-01
vn 8.5850446276925796e-01 2.8936137583190735e-01 -4.2336754904212165e-01
vn 7.7807304643527642e-01 2.8936137583190735e-01 -5.5755926015769264e-01
vn 6.7685670351140992e-01 2.8936137583190735e-01 -6.7685670351141003e-01
vn 6.7485337160809156e-01 5.5741425604890282e-01 -4.8359308719484323e-01
vn 5.8706445436316790e-01 5.5741425604890282e-01 -5.8706445436316790e-01
vn 9.5115661563718579e-01 2.0084676833393619e-01 2.3443905003098123e-01
vn 9.5670742235064599e-01 2.8936137583190746e-01 3.1319358164692383e-02
vn 9.4903078069302926e-01 2.8936137583190735e-01 -1.2494227256555342e-01
vn 9.1600236107752286e-01 2.8936137583190735e-01 -2.7786627840936196e-01
vn 8.2313174199361760e-01 5.5741425604890271e-01 -1.0836734967692367e-01
vn 7.9448489393927457e-01 5.5741425604890282e-01 -2.4100435775261012e-01
vn 7.3325809767453476e-01 2.0084676833393533e-01 6.4960998902767575e-01
vn 8.2897677629261668e-01 2.8936137583190735e-01 4.7860996494449054e-01
vn 8.9586780559332901e-01 2.8936137583190741e-01 3.3718076617455345e-01
vn 9.3882721734372487e-01 2.8936137583190741e-01 1.8674434436229709e-01
vn 7.7702140164045885e-01 5.5741425604890282e-01 2.9245014711253764e-01
vn 8.1428178997401945e-01 5.5741425604890282e-01 1.6197071855787776e-01
vn 3.4737898625266805e-01 2.0084676833393536e-01 9.1596310818716020e-01
vn 5.0547707097617056e-01 2.8936137583190735e-01 8.1287325266244126e-01
vn 6.3113895490268113e-01 2.8936137583190741e-01 7.1967604780277150e-01
vn 7.3994101197132844e-01 2.8936137583190741e-01 6.0725389498916527e-01
vn 5.4741165192735153e-01 5.5741425604890282e-01 6.2420335667762661e-01
vn 6.4177995756018313e-01 5.5741425604890282e-01 5.2669519954856026e-01
vn -1.1808046454907768e-01 2.0084676833393628e-01 9.7248011781305244e-01
vn 6.2605178776198034e-02 2.8936137583190741e-01 9.5517044854155009e-01
vn 2.1736192458121509e-01 2.8936137583190741e-01 9.3221445382434187e-01
vn 3.6631220829818634e-01 2.8936137583190735e-01 8.8435590133631825e-01
vn 1.8852655073312427e-01 5.5741425604890282e-01 8.0854627995070183e-01
vn 3.1771699323580205e-01 5.5741425604890282e-01 7.6703667406627274e-01
vn -3.9505139413405194e-01 2.8936137583190735e-01 8.7189700662945713e-01
vn -2.4774674820696749e-01 2.8936137583190735e-01 9.2460345171837810e-01
vn -9.3823960194179906e-02 2.8936137583190735e-01 9.5261065429174496e-01
vn -2.1488050395576933e-01 5.5741425604890282e-01 8.0194495831893786e-01
vn -8.1377212801231141e-02 5.5741425604890282e-01 8.2623670723960896e-01
vn -9.4443466116371844e-01 2.8936137583190741e-01 1.5592679362200085e-01
vn -9.7962267003669024e-01 2.0084676833393622e-01 2.3993835344652330e-16
vn -9.4230666301258426e-01 3.3475088176446649e-01 2.3079856773471697e-16
vn -8.6376354315362391e-01 5.0389735216480125e-01 2.1156105166865242e-16
vn -9.1436338033933628e-01 3.7569945664231125e-01 1.5096200506450019e-01
vn -9.3974447168002018e-01 3.4187765055183084e-01 2.3017101185187145e-16
vn -9.1777376815762290e-01 3.4187765055183078e-01 2.0201728276293043e-01
vn -8.7755950503481950e-01 3.7569945664230830e-01 2.9789131139010583e-01
vn -8.5288898326845597e-01 3.4187765055183078e-01 3.9458846190994945e-01
vn -8.1731308796128410e-01 3.7569945664231125e-01 4.3686294707363571e-01
vn -7.4812405743967791e-01 3.4187765055183084e-01 5.6870912313163546e-01
vn -7.3523351189058817e-01 3.7569945664231119e-01 5.6416451614019858e-01
vn -6.3351339610311153e-01 3.7569945664230830e-01 6.7639536902360331e-01
vn -6.0837768216518984e-01 3.4187765055183084e-01 7.1623757783047903e-01
vn -5.1487002421257366e-01 3.7569945664231125e-01 7.7055744526025827e-01
vn -4.4018424263588651e-01 3.4187765055183078e-01 8.3027555943086218e-01
vn -3.8247275645632128e-01 3.7569945664231136e-01 8.4413536168518355e-01
vn -2.5140827715057634e-01 3.4187765055183089e-01 9.0549077865726446e-01
vn -2.3985836551093320e-01 3.7569945664230830e-01 8.9516360670723083e-01
vn -9.0836557495957981e-02 3.7569945664231125e-01 9.2227904568029484e-01
vn -5.0876740045936154e-02 3.4187765055183084e-01 9.3836625545437136e-01
vn 6.0611797985069542e-02 3.7569945664231130e-01 9.2475733477690736e-01
vn 1.5203373687781677e-01 3.4187765055183078e-01 9.2736476906561793e-01
vn 2.1044101015124742e-01 3.7569945664230830e-01 9.0253227062814601e-01
vn 3.4783528523852508e-01 3.4187765055183084e-01 8.7300073676726886e-01
vn 3.5464864094079901e-01 3.7569945664231125e-01 8.5619755883646176e-01
vn 4.8938242348316113e-01 3.7569945664230830e-01 7.8699095411854780e-01
vn 5.2737244225263313e-01 3.4187765055183089e-01 7.7781616028831224e-01
vn 6.1104316899759914e-01 3.7569945664230830e-01 6.9676119574790174e-01
vn 6.8225024999937844e-01 3.4187765055183084e-01 6.4626176463484653e-01
vn 7.1638091313182806e-01 3.7569945664231125e-01 5.8791862156176034e-01
vn 8.0522679432284505e-01 3.4187765055183084e-01 4.8448888713541699e-01
vn 8.0258173335119209e-01 3.7569945664231119e-01 4.6337077979698732e-01
vn 8.6734291819632914e-01 3.7569945664230830e-01 3.2644475877757667e-01
vn 8.9055182868907845e-01 3.4187765055183084e-01 3.0006184774425848e-01
vn 9.0893448038770330e-01 3.7569945664231125e-01 1.8079830928691751e-01
vn 9.3423564932307823e-01 3.4187765055183089e-01 1.0160424984736946e-01
vn 9.2624537055679534e-01 3.7569945664231130e-01 3.0322133842737294e-02
vn 9.3423564932307823e-01 3.4187765055183089e-01 -1.0160424984736968e-01
vn 9.1881315708099798e-01 3.7569945664230836e-01 -1.2096404694587364e-01
vn 8.8683637917484881e-01 3.7569945664231125e-01 -2.6901887452503398e-01
vn 8.9055182868907856e-01 3.4187765055183084e-01 -3.0006184774425837e-01
vn 8.3116924324532704e-01 3.7569945664231119e-01 -4.0988731056433347e-01
vn 8.0522679432284516e-01 3.4187765055183084e-01 -4.8448888713541682e-01
vn 7.5329880418922590e-01 3.7569945664230830e-01 -5.3980628922397389e-01
vn 6.8225024999937889e-01 3.4187765055183078e-01 -6.4626176463484597e-01
vn 6.5530524119629618e-01 3.7569945664231119e-01 -6.5530524119629630e-01
vn 5.5205930249436419e-01 3.7569945664230836e-01 -7.4436580040200007e-01
vn 5.2737244225263302e-01 3.4187765055183084e-01 -7.7781616028831224e-01
vn 4.3686294707363599e-01 3.7569945664230830e-01 -8.1731308796128532e-01
vn 3.4783528523852508e-01 3.4187765055183084e-01 -8.7300073676726886e-01
vn 3.1220982814409154e-01 3.7569945664231125e-01 -8.7256801539416329e-01
vn 1.5203373687781671e-01 3.4187765055183078e-01 -9.2736476906561793e-01
vn 1.8079830928691756e-01 3.7569945664230825e-01 -9.0893448038770441e-01
vn 4.5473053031840384e-02 3.7569945664231125e-01 -9.2562525879895674e-01
vn -5.0876740045936182e-02 3.4187765055183084e-01 -9.3836625545437136e-01
vn -9.0836557495958731e-02 3.7569945664230830e-01 -9.2227904568029617e-01
vn -2.5140827715057612e-01 3.4187765055183084e-01 -9.0549077865726457e-01
vn -2.2517983087397531e-01 3.7569945664231119e-01 -8.9896827644040911e-01
vn -3.5464864094079862e-01 3.7569945664231130e-01 -8.5619755883646187e-01
vn -4.4018424263588629e-01 3.4187765055183084e-01 -8.3027555943086229e-01
vn -4.7644037894516900e-01 3.7569945664230830e-01 -7.9489274974002511e-01
vn -6.0837768216518973e-01 3.4187765055183084e-01 -7.1623757783047914e-01
vn -5.8791862156176034e-01 3.7569945664231130e-01 -7.1638091313182806e-01
vn -6.8667020149436531e-01 3.7569945664231130e-01 -6.2236159317422524e-01
vn -7.4812405743967780e-01 3.4187765055183084e-01 -5.6870912313163557e-01
vn -7.7055744526025904e-01 3.7569945664230830e-01 -5.1487002421257455e-01
vn -8.5288898326845619e-01 3.4187765055183084e-01 -3.9458846190994928e-01
vn -8.3776444736547440e-01 3.7569945664231125e-01 -3.9623307409792713e-01
vn -8.8683637917484881e-01 3.7569945664231125e-01 -2.6901887452503398e-01
vn 4.9457012216675122e-01 5.5741425604890282e-01 -6.6685061401592260e-01
vn 7.4461470410107711e-01 5.5741425604890282e-01 -3.6720333548309925e-01
vn 8.2978999539155329e-01 5.5741425604890282e-01 2.7164511803715648e-02
vn 7.1900417965759145e-01 5.5741425604890282e-01 4.1511725667377664e-01
vn 4.3842015499919706e-01 5.5741425604890282e-01 7.0503695991339932e-01
vn 5.4299935167795417e-02 5.5741425604890282e-01 8.2845691752451522e-01
vn -3.4264362004476540e-01 5.5741425604890282e-01 7.5623058440932334e-01
vn -7.9448489393927457e-01 5.5741425604890282e-01 -2.4100435775261006e-01
vn -7.5052311084774037e-01 5.5741425604890282e-01 -3.5497099492335787e-01
vn -5.2669519954856026e-01 5.5741425604890282e-01 -6.4177995756018325e-01
vn -2.0173053141508723e-01 5.5741425604890282e-01 -8.0535342542788924e-01
vn 1.6197071855787762e-01 5.5741425604890282e-01 -8.1428178997401945e-01
vn -6.5866932438934911e-01 5.5741425604890282e-01 5.0541474875781645e-01
vn -7.3220147171711503e-01 5.5741425604890282e-01 3.9136984039235689e-01
vn -5.5308883364816375e-01 7.1692216564523059e-01 4.2439998880804214e-01
vn -6.1483424685510779e-01 7.1692216564523059e-01 3.2863575170797338e-01
vn -6.6015538634587756e-01 7.1692216564523059e-01 2.2409255740670561e-01
vn -4.6228728944932446e-01 8.1268706902526922e-01 3.5472551339410829e-01
vn -5.1389585207224031e-01 8.1268706902526922e-01 2.7468305565153334e-01
vn -5.5177654221698191e-01 8.1268706902526922e-01 1.8730289719646198e-01
vn -3.5365464587117801e-01 8.9514657497924666e-01 2.7136875420109713e-01
vn -3.9313573988972456e-01 8.9514657497924677e-01 2.1013543091131179e-01
vn -4.2211486686172617e-01 8.9514657497924677e-01 1.4328868928575997e-01
vn -3.2633457589058218e-01 9.1148390917910638e-01 2.5040532719151209e-01
vn -3.6276572764457810e-01 9.1148390917910638e-01 1.9390232116731909e-01
vn -3.8950619668830216e-01 9.1148390917910649e-01 1.3221953731952002e-01
vn -3.9955022614722885e-01 8.6392409549107596e-01 3.0658567157586586e-01
vn -4.4415498456851743e-01 8.6392409549107585e-01 2.3740578533992479e-01
vn -4.7689488172635125e-01 8.6392409549107596e-01 1.6188399863215597e-01
vn -9.8078528040323043e-01 -0.0000000000000000e+00 1.9509032201612861e-01
vn -9.8297309968390179e-01 -0.0000000000000000e+00 1.8374951781657037e-01
vn -1.0000000000000000e+00 -0.0000000000000000e+00 1.2246467991473532e-16
vn -1.0000000000000000e+00 -0.0000000000000000e+00 -1.2246467991473532e-16
vn -9.8297309968390179e-01 -0.0000000000000000e+00 1.8374951781657012e-01
vn -9.8297309968390190e-01 -0.0000000000000000e+00 -1.8374951781656992e-01
vn -9.8078528040323043e-01 -0.0000000000000000e+00 -1.9509032201612861e-01
vn -9.2387953251128674e-01 -0.0000000000000000e+00 -3.8268343236508989e-01
vn -8.5021713572961422e-01 -0.0000000000000000e+00 -5.2643216287735572e-01
vn -8.3146961230254535e-01 -0.0000000000000000e+00 -5.5557023301960218e-01
vn -7.0710678118654746e-01 -0.0000000000000000e+00 -7.0710678118654757e-01
vn -6.0263463637925663e-01 -0.0000000000000000e+00 -7.9801722728023938e-01
vn -5.5557023301960207e-01 -0.0000000000000000e+00 -8.3146961230254546e-01
vn -3.8268343236508973e-01 -0.0000000000000000e+00 -9.2387953251128674e-01
vn -2.7366299007208311e-01 -0.0000000000000000e+00 -9.6182564317281904e-01
vn -1.9509032201612819e-01 -0.0000000000000000e+00 -9.8078528040323043e-01
vn 6.1232339957367660e-17 0.0000000000000000e+00 -1.0000000000000000e+00
vn 9.2268359463301572e-02 0.0000000000000000e+00 -9.9573417629503458e-01
vn 1.9509032201612833e-01 0.0000000000000000e+00 -9.8078528040323043e-01
vn 4.4573835577653853e-01 0.0000000000000000e+00 -8.9516329135506223e-01
vn 3.8268343236508984e-01 0.0000000000000000e+00 -9.2387953251128674e-01
vn 5.5557023301960218e-01 0.0000000000000000e+00 -8.3146961230254524e-01
vn 7.3900891722065920e-01 0.0000000000000000e+00 -6.7369564364655710e-01
vn 7.0710678118654746e-01 0.0000000000000000e+00 -7.0710678118654757e-01
vn 8.3146961230254524e-01 0.0000000000000000e+00 -5.5557023301960229e-01
vn 9.3247222940435581e-01 0.0000000000000000e+00 -3.6124166618715298e-01
vn 9.2387953251128674e-01 0.0000000000000000e+00 -3.8268343236508984e-01
vn 9.8078528040323043e-01 0.0000000000000000e+00 -1.9509032201612830e-01
vn 1.0000000000000000e+00 -0.0000000000000000e+00 -0.0000000000000000e+00
vn 9.8078528040323043e-01 0.0000000000000000e+00 1.9509032201612830e-01
vn 9.3247222940435581e-01 0.0000000000000000e+00 3.6124166618715292e-01
vn 9.2387953251128674e-01 0.0000000000000000e+00 3.8268343236508984e-01
vn 8.3146961230254524e-01 0.0000000000000000e+00 5.5557023301960229e-01
vn 7.3900891722065920e-01 0.0000000000000000e+00 6.7369564364655732e-01
vn 7.0710678118654746e-01 0.0000000000000000e+00 7.0710678118654757e-01
vn 5.5557023301960218e-01 0.0000000000000000e+00 8.3146961230254524e-01
vn 4.4573835577653831e-01 0.0000000000000000e+00 8.9516329135506234e-01
vn 3.8268343236508984e-01 0.0000000000000000e+00 9.2387953251128674e-01
vn 1.9509032201612833e-01 0.0000000000000000e+00 9.8078528040323043e-01
vn 9.2268359463302030e-02 0.0000000000000000e+00 9.9573417629503458e-01
vn 6.1232339957367660e-17 0.0000000000000000e+00 1.0000000000000000e+00
vn -2.7366299007208295e-01 -0.0000000000000000e+00 9.6182564317281916e-01
vn -1.9509032201612819e-01 -0.0000000000000000e+00 9.8078528040323043e-01
vn -3.8268343236508973e-01 -0.0000000000000000e+00 9.2387953251128674e-01
vn -6.0263463637925629e-01 -0.0000000000000000e+00 7.9801722728023960e-01
vn -5.5557023301960207e-01 -0.0000000000000000e+00 8.3146961230254546e-01
vn -7.0710678118654746e-01 -0.0000000000000000e+00 7.0710678118654757e-01
vn -8.5021713572961422e-01 -0.0000000000000000e+00 5.2643216287735572e-01
vn -8.3146961230254535e-01 -0.0000000000000000e+00 5.5557023301960218e-01
vn -9.2387953251128674e-01 -0.0000000000000000e+00 3.8268343236508989e-01
vn 9.3247222940435592e-01 -0.0000000000000000e+00 3.6124166618715298e-01
vn 9.5280767608459493e-01 -2.6866663631331483e-01 1.4133566756612623e-01
vn 9.4125953354417957e-01 -3.3768400985565383e-01 -0.0000000000000000e+00
vn 8.4026439560007637e-01 -5.2765543179170926e-01 1.2464144891464995e-01
vn 7.7569764722625689e-01 -6.3110471404327928e-01 -0.0000000000000000e+00
vn 6.9331273066967936e-01 -7.1326063106500814e-01 1.0284322857679516e-01
vn 5.9860677102498994e-01 -8.0104302860897258e-01 -0.0000000000000000e+00
vn 5.6248725647706821e-01 -8.2258515437576041e-01 8.3437102667261620e-02
vn 4.7225999189943624e-01 -8.8145930141507067e-01 -0.0000000000000000e+00
vn 4.4345023518516957e-01 -8.9388194376029662e-01 6.5779628560304546e-02
vn 3.8453099262685486e-01 -9.2134813110470393e-01 5.7039784530405507e-02
vn 4.2899867987537654e-01 -8.9388194376029662e-01 1.3013532681212339e-01
vn 3.7199955061294726e-01 -9.2134813110470404e-01 1.1284482998185925e-01
vn 4.0526059869207676e-01 -8.9388194376029673e-01 1.9167398823798021e-01
vn 3.5141544174070916e-01 -9.2134813110470393e-01 1.6620712564764370e-01
vn 3.7274984940555594e-01 -8.9388194376029662e-01 2.4906348666042813e-01
vn 3.2322424980466580e-01 -9.2134813110470382e-01 2.1597153897696883e-01
vn 3.3217019155769417e-01 -8.9388194376029662e-01 3.0106151275086385e-01
vn 2.8803622897481868e-01 -9.2134813110470393e-01 2.6106082070627762e-01
vn 2.8440005219318948e-01 -8.9388194376029662e-01 3.4654246627480589e-01
vn 2.4661309363678938e-01 -9.2134813110470393e-01 3.0049892405258555e-01
vn 2.3047351056682719e-01 -8.9388194376029662e-01 3.8452182193773665e-01
vn 1.9985152957569538e-01 -9.2134813110470393e-01 3.3343213317873899e-01
vn 1.7155791345046109e-01 -8.9388194376029662e-01 4.1417744138453272e-01
vn 1.4876378343682992e-01 -9.2134813110470404e-01 3.5914754356312861e-01
vn 1.0892860560070680e-01 -8.9388194376029662e-01 4.3486737001205278e-01
vn 9.4455750642704311e-02 -9.2134813110470393e-01 3.7708849422966045e-01
vn 4.3941322396413428e-02 -8.9388194376029662e-01 4.4614373334763807e-01
vn 3.8103036096877874e-02 -9.2134813110470382e-01 3.8686661777681125e-01
vn -2.1997157738063801e-02 -8.9388194376029662e-01 4.4776243217889622e-01
vn -1.9074494111960858e-02 -9.2134813110470393e-01 3.8827024735902976e-01
vn -8.7459465837378972e-02 -8.9388194376029662e-01 4.3968842656448698e-01
vn -7.5839119126904372e-02 -9.2134813110470393e-01 3.8126899863472324e-01
vn -1.5102854062274129e-01 -8.9388194376029662e-01 4.2209649434303398e-01
vn -1.3096205624154825e-01 -9.2134813110470404e-01 3.6601442749549501e-01
vn -2.1132830359917557e-01 -8.9388194376029662e-01 3.9536744772073545e-01
vn -1.8325006033474758e-01 -9.2134813110470382e-01 3.4283674933877895e-01
vn -2.6705344699927908e-01 -8.9388194376029662e-01 3.6007988983712635e-01
vn -2.3157125402397410e-01 -9.2134813110470393e-01 3.1223769090171266e-01
vn -3.1699768975444748e-01 -8.9388194376029662e-01 3.1699768975444753e-01
vn -2.7487962939245725e-01 -9.2134813110470393e-01 2.7487962939245730e-01
vn -3.6440114562007841e-01 -8.9388194376029662e-01 2.6112616814499506e-01
vn -3.1598480082244418e-01 -9.2134813110470404e-01 2.2643150610961732e-01
vn -4.0207023130583541e-01 -8.9388194376029662e-01 1.9827909551182124e-01
vn -3.4864896415080898e-01 -9.2134813110470404e-01 1.7193464196152361e-01
vn -4.2899867987537649e-01 -8.9388194376029662e-01 1.3013532681212339e-01
vn -3.7199955061294726e-01 -9.2134813110470404e-01 1.1284482998185928e-01
vn -4.4446714263867609e-01 -8.9388194376029662e-01 5.8515209423915034e-02
vn -3.8541278815086261e-01 -9.2134813110470393e-01 5.0740556162182940e-02
vn -4.4806240535516079e-01 -8.9388194376029673e-01 -1.4668044404811327e-02
vn -3.8853036444563421e-01 -9.2134813110470393e-01 -1.2719167174467007e-02
vn -4.3968842656448692e-01 -8.9388194376029673e-01 -8.7459465837379027e-02
vn -3.8126899863472324e-01 -9.2134813110470393e-01 -7.5839119126904428e-02
vn -4.1956890317432533e-01 -8.9388194376029662e-01 -1.5791455318749931e-01
vn -3.6382266602162278e-01 -9.2134813110470393e-01 -1.3693315522103511e-01
vn -3.8824129476974162e-01 -8.9388194376029650e-01 -2.2415121604583924e-01
vn -3.3665741634843271e-01 -9.2134813110470382e-01 -1.9436924995345159e-01
vn -3.4654246627480578e-01 -8.9388194376029662e-01 -2.8440005219318948e-01
vn -3.0049892405258549e-01 -9.2134813110470393e-01 -2.4661309363678938e-01
vn -2.9558633249883104e-01 -8.9388194376029662e-01 -3.3705161423616470e-01
vn -2.5631310308189520e-01 -9.2134813110470393e-01 -2.9226907892967252e-01
vn -2.3673410175598536e-01 -8.9388194376029650e-01 -3.8069940331592406e-01
vn -2.0528030411088685e-01 -9.2134813110470382e-01 -3.3011758216431186e-01
vn -1.7155791345046134e-01 -8.9388194376029662e-01 -4.1417744138453255e-01
vn -1.4876378343683005e-01 -9.2134813110470393e-01 -3.5914754356312850e-01
vn -1.0179884098859944e-01 -8.9388194376029662e-01 -4.3659141836812559e-01
vn -8.8273285856447864e-02 -9.2134813110470404e-01 -3.7858347601813697e-01
vn -2.9320381900279725e-02 -8.9388194376029662e-01 -4.4734258217224937e-01
vn -2.5424714346143365e-02 -9.2134813110470393e-01 -3.8790618093849238e-01
vn 4.3941322396413122e-02 -8.9388194376029650e-01 -4.4614373334763802e-01
vn 3.8103036096877610e-02 -9.2134813110470393e-01 -3.8686661777681131e-01
vn 1.1602920739110563e-01 -8.9388194376029662e-01 -4.3302689714555331e-01
vn 1.0061292734049086e-01 -9.2134813110470382e-01 -3.7549255673294840e-01
vn 1.8501756520264273e-01 -8.9388194376029673e-01 -4.0834246801649188e-01
vn 1.6043511166719385e-01 -9.2134813110470393e-01 -3.5408783691932205e-01
vn 2.4906348666042799e-01 -8.9388194376029662e-01 -3.7274984940555606e-01
vn 2.1597153897696869e-01 -9.2134813110470382e-01 -3.2322424980466591e-01
vn 3.0645609155600223e-01 -8.9388194376029662e-01 -3.2719983888677739e-01
vn 2.6573864603627756e-01 -9.2134813110470393e-01 -2.8372626475649965e-01
vn 3.5566223196061753e-01 -8.9388194376029673e-01 -2.7290922918821525e-01
vn 3.0840698740094558e-01 -9.2134813110470393e-01 -2.3664900471403294e-01
vn 3.9536744772073551e-01 -8.9388194376029662e-01 -2.1132830359917576e-01
vn 3.4283674933877900e-01 -9.2134813110470404e-01 -1.8325006033474769e-01
vn 4.2451108007354377e-01 -8.9388194376029662e-01 -1.4410209406565613e-01
vn 3.6810819805657702e-01 -9.2134813110470404e-01 -1.2495589555282823e-01
vn 4.4231460538068867e-01 -8.9388194376029650e-01 -7.3026436899519528e-02
vn 3.8354624885782435e-01 -9.2134813110470382e-01 -6.3323741969037381e-02
vn 4.7225999189943624e-01 -8.8145930141507067e-01 -1.1567033748899990e-16
vn 3.7674004226417007e-01 -9.2631902741700789e-01 -9.2274697373890882e-17
vn 3.8046009175303064e-01 -9.2266163512463562e-01 -6.2814215368889856e-02
vn 4.2326440520909159e-01 -9.0600620488106698e-01 -1.0366987980646448e-16
vn 4.4347034307580641e-01 -8.9329350670412599e-01 -7.3217249965238360e-02
vn 5.3305833125005297e-01 -8.4607849250817657e-01 -1.3056163582484137e-16
vn 5.3394018578175684e-01 -8.4091424722924635e-01 -8.8153881447233740e-02
vn 6.4514575907599803e-01 -7.5659878285828908e-01 -1.0651399590480927e-01
vn 6.1917811362910824e-01 -7.5659878285828908e-01 -2.1018264766639222e-01
vn 7.1585290633007825e-01 -6.5460365723115843e-01 -2.4299931777347059e-01
vn 6.6670800788088158e-01 -6.5460365723115843e-01 -3.5636285463989975e-01
vn 7.6977705836980526e-01 -4.8800466082091126e-01 -4.1145440989810372e-01
vn 6.9247134095183815e-01 -4.8800466082091132e-01 -5.3135194831432608e-01
vn 7.6755598968734051e-01 -2.5293547028093682e-01 -5.8896642567199742e-01
vn 6.6136403450346581e-01 -2.5293547028093682e-01 -7.0613119300811222e-01
vn 6.7835274906806775e-01 -1.2357475170337395e-01 -7.2426985894295259e-01
vn 5.5131193513151189e-01 -1.2357475170337394e-01 -8.2509661914408372e-01
vn 6.8896691907568652e-01 0.0000000000000000e+00 -7.2479278722911999e-01
vn 5.2896401032696239e-01 0.0000000000000000e+00 -8.4864425749475103e-01
vn 4.0954374032456731e-01 -1.2357475170337395e-01 -9.0388229626562144e-01
vn 3.4730525284482033e-01 0.0000000000000000e+00 -9.3775213214708053e-01
vn 2.5683526604515916e-01 -1.2357475170337395e-01 -9.5852226205600555e-01
vn 1.5142777750457664e-01 0.0000000000000000e+00 -9.8846832432811138e-01
vn 9.7265865050837119e-02 -1.2357475170337395e-01 -9.8755690075932423e-01
vn -5.0649168838712663e-02 0.0000000000000000e+00 -9.9871650717105287e-01
vn -6.4901831661406922e-02 -1.2357475170337395e-01 -9.9021060032118613e-01
vn -2.2533578394848200e-01 -1.2357475170337395e-01 -9.6641247157400267e-01
vn -6.3276425566524505e-02 -2.5293547028093682e-01 -9.6541169551714334e-01
vn -2.1969245852531419e-01 -2.5293547028093682e-01 -9.4220956880137041e-01
vn -5.7086534209105776e-02 -4.8800466082091132e-01 -8.7097220313225832e-01
vn -1.9820147767200672e-01 -4.8800466082091132e-01 -8.5003977863727076e-01
vn -4.9442951157804518e-02 -6.5460365723115843e-01 -7.5435366143500560e-01
vn -1.7166335486484274e-01 -6.5460365723115832e-01 -7.3622397715378640e-01
vn -4.2765759500918293e-02 -7.5659878285828908e-01 -6.5247940319343800e-01
vn -1.4848049271654043e-01 -7.5659878285828908e-01 -6.3679810384454572e-01
vn -3.5394106295796590e-02 -8.4091424722924635e-01 -5.4000970921492875e-01
vn -1.2288649619209119e-01 -8.4091424722924635e-01 -5.2703143915757167e-01
vn -2.9396994045086094e-02 -8.9329350670412611e-01 -4.4851145762550898e-01
vn -1.0206483437072744e-01 -8.9329350670412599e-01 -4.3773220176852606e-01
vn -2.5220137549862954e-02 -9.2266163512463573e-01 -3.8478494218342246e-01
vn -8.7563005859913834e-02 -9.2266163512463562e-01 -3.7553725124667786e-01
vn 3.7674004226417007e-01 -9.2631902741700789e-01 -0.0000000000000000e+00
vn 3.8143691190401435e-01 -9.2266163512463562e-01 5.6580821010859587e-02
vn 3.6900630257695927e-01 -9.2266163512463562e-01 1.1193683811692810e-01
vn 3.4858782117215464e-01 -9.2266163512463573e-01 1.6486976071913162e-01
vn 3.2062346614963899e-01 -9.2266163512463562e-01 2.1423375089683019e-01
vn 2.8571858134526734e-01 -9.2266163512463573e-01 2.5896022733844987e-01
vn 2.4462875210476076e-01 -9.2266163512463562e-01 2.9808099689983808e-01
vn 1.9824344914278633e-01 -9.2266163512463573e-01 3.3074921306195915e-01
vn 1.4756677418812317e-01 -9.2266163512463562e-01 3.5625770760061487e-01
vn 9.3695724213550879e-02 -9.2266163512463573e-01 3.7405429864290018e-01
vn 3.7796444764242577e-02 -9.2266163512463562e-01 3.8375374373720095e-01
vn -1.8921013571610700e-02 -9.2266163512463573e-01 3.8514607918886662e-01
vn -7.5228889103766919e-02 -9.2266163512463562e-01 3.7820116514012336e-01
vn -1.2990828637277269e-01 -9.2266163512463562e-01 3.6306933800697555e-01
vn -1.8177556155568222e-01 -9.2266163512463573e-01 3.4007815614980358e-01
vn -2.2970794478030321e-01 -9.2266163512463573e-01 3.0972530922406544e-01
vn -2.7266784470224364e-01 -9.2266163512463562e-01 2.7266784470224370e-01
vn -3.1344226849167822e-01 -9.2266163512463573e-01 2.2460955320716991e-01
vn -3.4584360369950168e-01 -9.2266163512463562e-01 1.7055119128659230e-01
vn -3.6900630257695927e-01 -9.2266163512463562e-01 1.1193683811692812e-01
vn -3.8231161217020260e-01 -9.2266163512463562e-01 5.0332278598871016e-02
vn -3.8540410327574209e-01 -9.2266163512463573e-01 -1.2616823980499044e-02
vn -3.7820116514012336e-01 -9.2266163512463562e-01 -7.5228889103766974e-02
vn -3.6089521226872778e-01 -9.2266163512463562e-01 -1.3583133964826993e-01
vn -3.3394854439247124e-01 -9.2266163512463573e-01 -1.9280528200047700e-01
vn -2.9808099689983808e-01 -9.2266163512463562e-01 -2.4462875210476082e-01
vn -2.5425071163240620e-01 -9.2266163512463562e-01 -2.8991737220033698e-01
vn -2.0362854172006006e-01 -9.2266163512463562e-01 -3.2746133216930434e-01
vn -1.4756677418812336e-01 -9.2266163512463562e-01 -3.5625770760061481e-01
vn 4.2326440520909159e-01 -9.0600620488106698e-01 -0.0000000000000000e+00
vn 4.4460894020299552e-01 -8.9329350670412611e-01 6.5951506213389396e-02
vn 4.3011962397140280e-01 -8.9329350670412599e-01 1.3047536148616221e-01
vn 4.0631951681179668e-01 -8.9329350670412599e-01 1.9217481920916082e-01
vn 3.7372381916953573e-01 -8.9329350670412588e-01 2.4971427245069872e-01
vn 3.3303812946186373e-01 -8.9329350670412611e-01 3.0184816581319235e-01
vn 2.8514317000303485e-01 -8.9329350670412599e-01 3.4744795794602962e-01
vn 2.3107572202592863e-01 -8.9329350670412599e-01 3.8552655105769468e-01
vn 1.7200618249936525e-01 -8.9329350670412611e-01 4.1525965860198921e-01
vn 1.0921322856824589e-01 -8.9329350670412599e-01 4.3600364859246954e-01
vn 4.4056138054881552e-02 -8.9329350670412599e-01 4.4730947629123041e-01
vn -2.2054634800937292e-02 -8.9329350670412599e-01 4.4893240467139689e-01
vn -8.7687991416759550e-02 -8.9329350670412599e-01 4.4083730223466783e-01
vn -1.5142316782996651e-01 -8.9329350670412599e-01 4.2319940350215929e-01
vn -2.1188048994695541e-01 -8.9329350670412599e-01 3.9640051571621815e-01
vn -2.6775123932074796e-01 -8.9329350670412599e-01 3.6102075386665677e-01
vn -3.1782598295312919e-01 -8.9329350670412599e-01 3.1782598295312925e-01
vn -3.6535330079427797e-01 -8.9329350670412611e-01 2.6180847289377701e-01
vn -4.0312081321462157e-01 -8.9329350670412599e-01 1.9879718517481035e-01
vn -4.3011962397140269e-01 -8.9329350670412599e-01 1.3047536148616221e-01
vn -4.4562850476585852e-01 -8.9329350670412599e-01 5.8668105648562001e-02
vn -4.4923316165697530e-01 -8.9329350670412611e-01 -1.4706370997752360e-02
vn -4.4083730223466783e-01 -8.9329350670412599e-01 -8.7687991416759634e-02
vn -4.2066520791126782e-01 -8.9329350670412599e-01 -1.5832717307277158e-01
vn -3.8925574261683560e-01 -8.9329350670412599e-01 -2.2473690778343777e-01
vn -3.4744795794602956e-01 -8.9329350670412599e-01 -2.8514317000303485e-01
vn -2.9635867929107962e-01 -8.9329350670412611e-01 -3.3793230696264093e-01
vn -2.3735267171002009e-01 -8.9329350670412611e-01 -3.8169414471846563e-01
vn -1.7200618249936547e-01 -8.9329350670412599e-01 -4.1525965860198910e-01
vn 5.3305833125005297e-01 -8.4607849250817657e-01 -0.0000000000000000e+00
vn 5.3531106158239194e-01 -8.4091424722924635e-01 7.9405894960025231e-02
vn 5.1786586299957538e-01 -8.4091424722924624e-01 1.5709289209437549e-01
vn 4.8921043240124668e-01 -8.4091424722924635e-01 2.3137930252435135e-01
vn 4.4996507332247782e-01 -8.4091424722924635e-01 3.0065704980387070e-01
vn 4.0097932926910412e-01 -8.4091424722924635e-01 3.6342647991824883e-01
vn 3.4331359366638453e-01 -8.4091424722924624e-01 4.1832882426476742e-01
vn 2.7821615554365814e-01 -8.4091424722924635e-01 4.6417561288953668e-01
vn 2.0709617784660436e-01 -8.4091424722924635e-01 4.9997440127290266e-01
vn 1.3149319331504128e-01 -8.4091424722924635e-01 5.2495025375618509e-01
vn 5.3043778248389274e-02 -8.4091424722924624e-01 5.3856251855843607e-01
vn -2.6553874428866382e-02 -8.4091424722924635e-01 5.4051653125476740e-01
vn -1.0557671591556757e-01 -8.4091424722924635e-01 5.3076999337128461e-01
vn -1.8231414033694221e-01 -8.4091424722924624e-01 5.0953388801930710e-01
vn -2.5510501419588377e-01 -8.4091424722924635e-01 4.7726791274816271e-01
vn -3.2237363489665832e-01 -8.4091424722924635e-01 4.3467052848149940e-01
vn -3.8266383994759029e-01 -8.4091424722924635e-01 3.8266383994759035e-01
vn -4.3988693347353913e-01 -8.4091424722924624e-01 3.1521851875503154e-01
vn -4.8535917961827402e-01 -8.4091424722924635e-01 2.3935265941105804e-01
vn -5.1786586299957538e-01 -8.4091424722924624e-01 1.5709289209437552e-01
vn -5.3653862166755073e-01 -8.4091424722924635e-01 7.0636649594631909e-02
vn -5.4087864394902585e-01 -8.4091424722924635e-01 -1.7706533447656204e-02
vn -5.3076999337128461e-01 -8.4091424722924635e-01 -1.0557671591556765e-01
vn -5.0648270571200105e-01 -8.4091424722924635e-01 -1.9062659211537250e-01
vn -4.6866557544282300e-01 -8.4091424722924635e-01 -2.7058419614182477e-01
vn -4.1832882426476731e-01 -8.4091424722924635e-01 -3.4331359366638453e-01
vn -3.5681711471665684e-01 -8.4091424722924635e-01 -4.0687193986824671e-01
vn -2.8577362975314224e-01 -8.4091424722924635e-01 -4.5956137930050639e-01
vn -2.0709617784660467e-01 -8.4091424722924635e-01 -4.9997440127290266e-01
vn 6.4680215193151003e-01 -7.5659878285828908e-01 9.5944035948688750e-02
vn 6.7712830922470846e-01 -7.3586496916655020e-01 -0.0000000000000000e+00
vn 7.4778999788430756e-01 -6.5460365723115843e-01 1.1092416780746747e-01
vn 7.7747595757584542e-01 -6.2891266117921496e-01 -0.0000000000000000e+00
vn 8.6339383665028857e-01 -4.8800466082091137e-01 1.2807237739404317e-01
vn 8.8691384463769274e-01 -4.6193487873290812e-01 -0.0000000000000000e+00
vn 9.5701160696288456e-01 -2.5293547028093682e-01 1.4195926180450028e-01
vn 9.7155259350713175e-01 -2.3682389670294302e-01 -0.0000000000000000e+00
vn 9.8159473543298625e-01 -1.2357475170337394e-01 1.4560582444289491e-01
vn 9.7952994125249448e-01 -0.0000000000000000e+00 2.0129852008866006e-01
vn 9.4960564289143379e-01 -1.2357475170337394e-01 2.8805972250593470e-01
vn 9.1895781162023060e-01 -0.0000000000000000e+00 3.9435585511331850e-01
vn 8.9706045592343497e-01 -1.2357475170337395e-01 4.2427799749679262e-01
vn 8.2076344120727629e-01 -0.0000000000000000e+00 5.7126821509479231e-01
vn 8.2509661914408350e-01 -1.2357475170337394e-01 5.5131193513151222e-01
vn 7.3527193229393428e-01 -1.2357475170337395e-01 6.6641163429384520e-01
vn 7.1685772965044858e-01 -2.5293547028093682e-01 6.4972197385817698e-01
vn 6.1376481366862279e-01 -2.5293547028093682e-01 7.4787458933706408e-01
vn 5.5372448298305055e-01 -4.8800466082091126e-01 6.7471523471922634e-01
vn 4.4872996504661367e-01 -4.8800466082091132e-01 7.4866071720528526e-01
vn 3.8864741137681663e-01 -6.5460365723115843e-01 6.4841903239316745e-01
vn 2.8929805772363010e-01 -6.5460365723115843e-01 6.9842729452458219e-01
vn 2.5022881666598551e-01 -7.5659878285828908e-01 6.0410580289159288e-01
vn 1.5887973648275594e-01 -7.5659878285828908e-01 6.3428346274558156e-01
vn 6.8896691907568663e-01 -0.0000000000000000e+00 7.2479278722911999e-01
vn 6.2953082857906562e-01 -1.2357475170337395e-01 7.6708553408991131e-01
vn 4.9738574299737598e-01 -2.5293547028093682e-01 8.2983797848538465e-01
vn 3.3402179849980462e-01 -4.8800466082091126e-01 8.0639995606648140e-01
vn 1.8368627478048355e-01 -6.5460365723115854e-01 7.3331671493077311e-01
vn 6.4091389810287711e-02 -7.5659878285828908e-01 6.5073080112250814e-01
vn 5.2896401032696239e-01 -0.0000000000000000e+00 8.4864425749475103e-01
vn 5.1016228356421955e-01 -1.2357475170337395e-01 8.5115434861721195e-01
vn 3.7023977306014522e-01 -2.5293547028093682e-01 8.9383788145173926e-01
vn 2.1208306873777844e-01 -4.8800466082091132e-01 8.4668307114990438e-01
vn 7.4098238707950917e-02 -6.5460365723115843e-01 7.5233204302353873e-01
vn -3.2084341900090532e-02 -7.5659878285828908e-01 6.5309178281631564e-01
vn 3.7975026576436988e-01 -1.2357475170337395e-01 9.1679824192312886e-01
vn 3.4730525284482033e-01 -0.0000000000000000e+00 9.3775213214708053e-01
vn 2.4111780152977527e-01 -1.2357475170337397e-01 9.6259622195752326e-01
vn 1.5142777750457667e-01 -0.0000000000000000e+00 9.8846832432811138e-01
vn 9.7265865050837799e-02 -1.2357475170337394e-01 9.8755690075932423e-01
vn -5.0649168838712642e-02 0.0000000000000000e+00 9.9871650717105287e-01
vn -4.8691583670389095e-02 -1.2357475170337394e-01 9.9113995501196439e-01
vn -1.9359500665030518e-01 -1.2357475170337395e-01 9.7326782241144594e-01
vn -1.8874659951458914e-01 -2.5293547028093682e-01 9.4889323374415568e-01
vn -3.2593525697032411e-01 -2.5293547028093682e-01 9.1092801918562705e-01
vn -2.9405128419317028e-01 -4.8800466082091126e-01 8.2181828483029906e-01
vn -4.1145440989810356e-01 -4.8800466082091137e-01 7.6977705836980526e-01
vn -3.5636285463989947e-01 -6.5460365723115843e-01 6.6670800788088169e-01
vn -4.5033214715333314e-01 -6.5460365723115843e-01 6.0720260966160278e-01
vn -3.8951550928309869e-01 -7.5659878285828908e-01 5.2520086615054618e-01
vn -4.6236256432444622e-01 -7.5659878285828908e-01 4.6236256432444628e-01
vn -2.5065253225872064e-01 0.0000000000000000e+00 9.6807711886620429e-01
vn -3.3430768237952585e-01 -1.2357475170337395e-01 9.3432738065598797e-01
vn -4.5606840041416907e-01 -2.5293547028093682e-01 8.5324396395018376e-01
vn -5.1995079019207868e-01 -4.8800466082091126e-01 7.0107248326809990e-01
vn -5.3455310865226102e-01 -6.5460365723115843e-01 5.3455310865226113e-01
vn -5.3150370989194762e-01 -7.5659878285828908e-01 3.8087017230081421e-01
vn -4.4039415155763445e-01 0.0000000000000000e+00 8.9780453957074158e-01
vn -4.6778360637088234e-01 -1.2357475170337397e-01 8.7516157271220552e-01
vn -5.7632904028349197e-01 -2.5293547028093682e-01 7.7708975363188926e-01
vn -6.1719180609315738e-01 -4.8800466082091132e-01 6.1719180609315749e-01
vn -6.1448954198545636e-01 -6.5460365723115843e-01 4.4033697860853810e-01
vn -5.8644661836208578e-01 -7.5659878285828908e-01 2.8920346745678838e-01
vn -6.1210598254766280e-01 0.0000000000000000e+00 7.9077573693769854e-01
vn -5.9113342795785073e-01 -1.2357475170337395e-01 7.9705115964550866e-01
vn -6.8411389690378355e-01 -2.5293547028093682e-01 6.8411389690378377e-01
vn -7.0948593152804340e-01 -4.8800466082091126e-01 5.0841042867043140e-01
vn -6.7801090981942258e-01 -6.5460365723115854e-01 3.3435797897677133e-01
vn -6.2572358136940776e-01 -7.5659878285828908e-01 1.8981117326331892e-01
vn -7.0168699601084572e-01 -1.2357475170337395e-01 7.0168699601084583e-01
vn -7.5875812269279097e-01 0.0000000000000000e+00 6.5137248272222226e-01
vn -8.0661643121478355e-01 -1.2357475170337395e-01 5.7801316043475659e-01
vn -8.7434661614458209e-01 0.0000000000000000e+00 4.8530196253108104e-01
vn -8.8999845080548978e-01 -1.2357475170337394e-01 4.3889866518967402e-01
vn -9.5413925640004882e-01 0.0000000000000000e+00 2.9936312297335799e-01
vn -9.4960564289143379e-01 -1.2357475170337394e-01 2.8805972250593476e-01
vn -9.8384570053252607e-01 -1.2357475170337395e-01 1.2952574371572814e-01
vn -9.5920619873214230e-01 -2.5293547028093677e-01 1.2628189176439850e-01
vn -9.6696514861367744e-01 -2.5293547028093682e-01 -3.1655161353088164e-02
vn -8.7237369274775989e-01 -4.8800466082091132e-01 -2.8558557714009714e-02
vn -8.5606962725754987e-01 -4.8800466082091137e-01 -1.7028283619962076e-01
vn -7.4144646114150525e-01 -6.5460365723115843e-01 -1.4748287087092649e-01
vn -7.0751891491508390e-01 -6.5460365723115843e-01 -2.6629126342592285e-01
vn -6.1196961445601394e-01 -7.5659878285828908e-01 -2.3032905322584277e-01
vn -5.6627617937982921e-01 -7.5659878285828908e-01 -3.2693970460061733e-01
vn -9.9486932339189516e-01 0.0000000000000000e+00 1.0116832198743228e-01
vn -9.9180395757015327e-01 -1.2357475170337395e-01 -3.2468299765018561e-02
vn -9.4889323374415557e-01 -2.5293547028093682e-01 -1.8874659951458927e-01
vn -8.1689708632033897e-01 -4.8800466082091126e-01 -3.0745829209570519e-01
vn -6.5469117830828760e-01 -6.5460365723115854e-01 -3.7798612803236326e-01
vn -5.0545561855120491e-01 -7.5659878285828908e-01 -4.1481670585015545e-01
vn -9.9486932339189516e-01 0.0000000000000000e+00 -1.0116832198743204e-01
vn -9.7326782241144583e-01 -1.2357475170337394e-01 -1.9359500665030535e-01
vn -9.0547321525458169e-01 -2.5293547028093677e-01 -3.4079598637644087e-01
vn -7.5590249917750663e-01 -4.8800466082091126e-01 -4.3642051138124438e-01
vn -5.8437445639024499e-01 -6.5460365723115843e-01 -4.7958372226150209e-01
vn -4.3113265203693951e-01 -7.5659878285828908e-01 -4.9161256912832346e-01
vn -9.5413925640004904e-01 0.0000000000000000e+00 -2.9936312297335732e-01
vn -9.2873245705989305e-01 -1.2357475170337394e-01 -3.4955014510788457e-01
vn -8.3786498668062315e-01 -2.5293547028093682e-01 -4.8374157560462017e-01
vn -6.7471523471922634e-01 -4.8800466082091126e-01 -5.5372448298305055e-01
vn -4.9844714336803508e-01 -6.5460365723115843e-01 -5.6837003545915188e-01
vn -3.4529269420142872e-01 -7.5659878285828908e-01 -5.5527582074899873e-01
vn -8.7434661614458242e-01 0.0000000000000000e+00 -4.8530196253108043e-01
vn -8.5938754968645370e-01 -1.2357475170337395e-01 -4.9616763314968704e-01
vn -7.4787458933706397e-01 -2.5293547028093682e-01 -6.1376481366862268e-01
vn -5.7550407560611105e-01 -4.8800466082091132e-01 -6.5623662651350301e-01
vn -3.9920464441141007e-01 -6.5460365723115854e-01 -6.4197328902373485e-01
vn -2.5022881666598584e-01 -7.5659878285828908e-01 -6.0410580289159277e-01
vn -7.6708553408991131e-01 -1.2357475170337394e-01 -6.2953082857906573e-01
vn -7.5875812269279108e-01 0.0000000000000000e+00 -6.5137248272222192e-01
vn -6.5429210501070478e-01 -1.2357475170337395e-01 -7.4607715556912102e-01
vn -6.1210598254766280e-01 0.0000000000000000e+00 -7.9077573693769865e-01
vn -5.2402035119927148e-01 -1.2357475170337395e-01 -8.4269327294718666e-01
vn -4.4039415155763417e-01 0.0000000000000000e+00 -8.9780453957074169e-01
vn -3.7975026576437038e-01 -1.2357475170337395e-01 -9.1679824192312864e-01
vn -2.5065253225872047e-01 0.0000000000000000e+00 -9.6807711886620429e-01
vn 7.8727249820740042e-01 -1.2357475170337395e-01 -6.0409543476815653e-01
vn 8.2076344120727629e-01 0.0000000000000000e+00 -5.7126821509479242e-01
vn 8.7516157271220540e-01 -1.2357475170337395e-01 -4.6778360637088257e-01
vn 9.1895781162023060e-01 0.0000000000000000e+00 -3.9435585511331872e-01
vn 9.3967216221942629e-01 -1.2357475170337397e-01 -3.1897571740074154e-01
vn 9.7952994125249448e-01 0.0000000000000000e+00 -2.0129852008866031e-01
vn 9.7908097368695002e-01 -1.2357475170337394e-01 -1.6164692296998207e-01
vn 1.0000000000000000e+00 0.0000000000000000e+00 -2.4492935982947064e-16
vn 9.7155259350713175e-01 -2.3682389670294302e-01 -2.3796175476836372e-16
vn 9.5456080004506338e-01 -2.5293547028093682e-01 -1.5759862591751791e-01
vn 8.8691384463769274e-01 -4.6193487873290812e-01 -2.1723124019100468e-16
vn 8.6118277507875551e-01 -4.8800466082091126e-01 -1.4218185160111282e-01
vn 7.7747595757584542e-01 -6.2891266117921496e-01 -1.9042668857185650e-16
vn 7.4587498568742494e-01 -6.5460365723115854e-01 -1.2314445852483907e-01
vn 6.7712830922470846e-01 -7.3586496916655020e-01 -1.6584860330081965e-16
vn 5.6104678527553797e-01 -8.2258515437576041e-01 -9.2629199136075258e-02
vn 5.9860677102498994e-01 -8.0104302860897258e-01 -1.4661637321673732e-16
vn 6.9153722907264947e-01 -7.1326063106500814e-01 -1.1417325859967468e-01
vn 7.7569764722625689e-01 -6.3110471404327928e-01 -1.8999112815635365e-16
vn 8.3811256611488250e-01 -5.2765543179170926e-01 -1.3837294468584380e-01
vn 9.4125953354417957e-01 -3.3768400985565383e-01 -2.3054209498436203e-16
vn 9.5036763499532140e-01 -2.6866663631331483e-01 -1.5690633156596537e-01
vn 9.3247222940435570e-01 0.0000000000000000e+00 -3.6124166618715303e-01
vn 8.4949586035283242e-01 -2.6866663631331483e-01 -4.5406499730268796e-01
vn 9.1211455893836357e-01 -2.6866663631331483e-01 -3.0962117160291747e-01
vn 8.0437784856419237e-01 -5.2765543179170926e-01 -2.7304948643047494e-01
vn 6.6370228894438621e-01 -7.1326063106500814e-01 -2.2529656859954300e-01
vn 5.3846419243633381e-01 -8.2258515437576041e-01 -1.8278396336794203e-01
vn 4.4573835577653848e-01 0.0000000000000000e+00 -8.9516329135506223e-01
vn 5.3514370518567111e-01 -2.6866663631331483e-01 -8.0089915303503767e-01
vn 6.5845881510360627e-01 -2.6866663631331483e-01 -7.0302932182409283e-01
vn 7.6418429356329565e-01 -2.6866663631331483e-01 -5.8637923224075372e-01
vn 5.8068329232420168e-01 -5.2765543179170926e-01 -6.1998924129071020e-01
vn 6.7392073938437036e-01 -5.2765543179170926e-01 -5.1711757108836331e-01
vn 4.7912909456081132e-01 -7.1326063106500814e-01 -5.1156092786498408e-01
vn 5.5606048587103152e-01 -7.1326063106500814e-01 -4.2668021775753628e-01
vn 3.8871925752399683e-01 -8.2258515437576063e-01 -4.1503132728819264e-01
vn 4.5113398802123106e-01 -8.2258515437576063e-01 -3.4616728420326787e-01
vn 9.2268359463301544e-02 0.0000000000000000e+00 -9.9573417629503458e-01
vn 2.4930310253662061e-01 -2.6866663631331483e-01 -9.3041184515122355e-01
vn 3.9753312175367095e-01 -2.6866663631331478e-01 -8.7737429620480112e-01
vn 3.5057749498200180e-01 -5.2765543179170926e-01 -7.7374101953615548e-01
vn 4.7193385746516603e-01 -5.2765543179170926e-01 -7.0629893067932170e-01
vn 2.8926590443443212e-01 -7.1326063106500814e-01 -6.3842345563464087e-01
vn 3.8939856684154839e-01 -7.1326063106500814e-01 -5.8277613910874437e-01
vn 2.3468252893686151e-01 -8.2258515437576041e-01 -5.1795537878508935e-01
vn 3.1592053895684175e-01 -8.2258515437576041e-01 -4.7280849914719691e-01
vn -6.2998466848603510e-02 -2.6866663631331478e-01 -9.6117086499061877e-01
vn 9.4413365817988260e-02 -2.6866663631331483e-01 -9.5859499001768611e-01
vn 8.3261493118551771e-02 -5.2765543179170926e-01 -8.4536812635938330e-01
vn 2.1985603814085841e-01 -5.2765543179170926e-01 -8.2051390469248608e-01
vn 6.8700106128419910e-02 -7.1326063106500825e-01 -6.9752388316866265e-01
vn 1.8140598477792014e-01 -7.1326063106500814e-01 -6.7701635198826560e-01
vn 5.5736657508845454e-02 -8.2258515437576041e-01 -5.6590378052310963e-01
vn 1.4717536570790038e-01 -8.2258515437576052e-01 -5.4926594244441551e-01
vn -6.0263463637925652e-01 0.0000000000000000e+00 -7.9801722728023938e-01
vn -3.6861339527850312e-01 -2.6866663631331483e-01 -8.8991145815375527e-01
vn -2.1872740031347818e-01 -2.6866663631331489e-01 -9.3807065985681293e-01
vn -1.9289186206058964e-01 -5.2765543179170926e-01 -8.2726807919289580e-01
vn -5.5557244131158132e-02 -5.2765543179170926e-01 -8.4763974536665965e-01
vn -1.5915750364940776e-01 -7.1326063106500814e-01 -6.8258930639502036e-01
vn -4.5840981527662104e-02 -7.1326063106500814e-01 -6.9939822460836054e-01
vn -1.2912508831191072e-01 -8.2258515437576052e-01 -5.5378730155994682e-01
vn -3.7190962740298442e-02 -8.2258515437576052e-01 -5.6742444086508637e-01
vn -8.5021713572961410e-01 0.0000000000000000e+00 -5.2643216287735584e-01
vn -7.4458934905750251e-01 -2.6866663631331483e-01 -6.1106868664841063e-01
vn -6.3510379340080325e-01 -2.6866663631331483e-01 -7.2419707962680913e-01
vn -5.0865249682392766e-01 -2.6866663631331483e-01 -8.1797975280985602e-01
vn -5.6008690788282556e-01 -5.2765543179170926e-01 -6.3865671602118146e-01
vn -4.4857172495772424e-01 -5.2765543179170926e-01 -7.2136201235520891e-01
vn -4.6213475847594715e-01 -7.1326063106500814e-01 -5.2696369626486061e-01
vn -3.7012217721012275e-01 -7.1326063106500814e-01 -5.9520487742455930e-01
vn -3.7493168799416682e-01 -8.2258515437576052e-01 -4.2752765189920861e-01
vn -3.0028153070137464e-01 -8.2258515437576041e-01 -4.8289198183470144e-01
vn -9.8297309968390167e-01 0.0000000000000000e+00 -1.8374951781657012e-01
vn -9.0149568062346774e-01 -2.6866663631331483e-01 -3.3929894834691093e-01
vn -8.3418443937720788e-01 -2.6866663631331483e-01 -4.8161661062822814e-01
vn -7.3565264152011889e-01 -5.2765543179170926e-01 -4.2472925061170003e-01
vn -6.5664030114353134e-01 -5.2765543179170926e-01 -5.3889076835184069e-01
vn -6.0699625544937219e-01 -7.1326063106500814e-01 -3.5044945148079004e-01
vn -5.4180217873977576e-01 -7.1326063106500814e-01 -4.4464555691649305e-01
vn -4.9245837169293266e-01 -8.2258515437576052e-01 -2.8432097346159951e-01
vn -4.3956616919217134e-01 -8.2258515437576041e-01 -3.6074263222181763e-01
vn -9.8297309968390167e-01 0.0000000000000000e+00 1.8374951781657037e-01
vn -9.6271749412661478e-01 -2.6866663631331483e-01 -3.1516107542976277e-02
vn -9.4472496500372027e-01 -2.6866663631331489e-01 -1.8791747931155467e-01
vn -8.3313639431330022e-01 -5.2765543179170926e-01 -1.6572113254301088e-01
vn -7.9501324582937483e-01 -5.2765543179170926e-01 -2.9922179776304186e-01
vn -6.8743132707548982e-01 -7.1326063106500814e-01 -1.3673859267952576e-01
vn -6.5597543733945041e-01 -7.1326063106500814e-01 -2.4689167215615662e-01
vn -5.5771565136210854e-01 -8.2258515437576041e-01 -1.1093654053712507e-01
vn -5.3219536832824654e-01 -8.2258515437576063e-01 -2.0030415305372043e-01
vn -9.2175672213757009e-01 -2.6866663631331478e-01 2.7961184475320650e-01
vn -9.5499262751925595e-01 -2.6866663631331483e-01 1.2572716459045968e-01
vn -8.4219126598823835e-01 -5.2765543179170926e-01 1.1087658361364240e-01
vn -8.4900369050353719e-01 -5.2765543179170926e-01 -2.7793503055190304e-02
vn -6.9490261568379952e-01 -7.1326063106500825e-01 9.1485664934786493e-02
vn -7.0052363291113284e-01 -7.1326063106500814e-01 -2.2932769255692022e-02
vn -5.6377713623860470e-01 -8.2258515437576041e-01 7.4222668068481837e-02
vn -5.6833748890335245e-01 -8.2258515437576041e-01 -1.8605442957316219e-02
vn -6.0263463637925618e-01 0.0000000000000000e+00 7.9801722728023949e-01
vn -6.8110874261460219e-01 -2.6866663631331483e-01 6.8110874261460230e-01
vn -7.8296093038681214e-01 -2.6866663631331483e-01 5.6106186826401472e-01
vn -8.6389761988364044e-01 -2.6866663631331483e-01 4.2602715980494754e-01
vn -6.9047952641760313e-01 -5.2765543179170926e-01 4.9479063137738111e-01
vn -7.6185617481047896e-01 -5.2765543179170926e-01 3.7570588790149340e-01
vn -5.6972334950622050e-01 -7.1326063106500825e-01 4.0825797873423031e-01
vn -6.2861712063640585e-01 -7.1326063106500814e-01 3.0999965776681210e-01
vn -4.6221872127624353e-01 -8.2258515437576041e-01 3.3122125158624799e-01
vn -5.0999946188749490e-01 -8.2258515437576041e-01 2.5150390190824456e-01
vn -2.7366299007208289e-01 0.0000000000000000e+00 9.6182564317281904e-01
vn -4.5406499730268762e-01 -2.6866663631331483e-01 8.4949586035283264e-01
vn -5.7379735996647718e-01 -2.6866663631331489e-01 7.7367617788554799e-01
vn -5.0602183837396408e-01 -5.2765543179170926e-01 6.8229146586289535e-01
vn -6.0065786655162723e-01 -5.2765543179170926e-01 6.0065786655162734e-01
vn -4.1752498901372270e-01 -7.1326063106500814e-01 5.6296727766526267e-01
vn -4.9561036721034507e-01 -7.1326063106500814e-01 4.9561036721034513e-01
vn -3.3873961228737276e-01 -8.2258515437576052e-01 4.5673749448453055e-01
vn -4.0209057673651483e-01 -8.2258515437576041e-01 4.0209057673651483e-01
vn -4.7263614001961350e-02 -2.6866663631331483e-01 9.6207296465681991e-01
vn -1.8791747931155453e-01 -2.6866663631331483e-01 9.4472496500372027e-01
vn -3.2450349869160355e-01 -2.6866663631331483e-01 9.0692652286113984e-01
vn -1.6572113254301071e-01 -5.2765543179170915e-01 8.3313639431330022e-01
vn -2.8617394993992629e-01 -5.2765543179170926e-01 7.9980261044615597e-01
vn -1.3673859267952562e-01 -7.1326063106500814e-01 6.8743132707548982e-01
vn -2.3612572866149470e-01 -7.1326063106500825e-01 6.5992720237676572e-01
vn -1.1093654053712496e-01 -8.2258515437576041e-01 5.5771565136210854e-01
vn -1.9156970213162311e-01 -8.2258515437576041e-01 5.3540145033965625e-01
vn 4.4573835577653820e-01 -0.0000000000000000e+00 8.9516329135506223e-01
vn 2.3404658138969425e-01 -2.6866663631331489e-01 9.3436632873401770e-01
vn 9.4413365817988926e-02 -2.6866663631331483e-01 9.5859499001768611e-01
vn 8.3261493118552368e-02 -5.2765543179170926e-01 8.4536812635938319e-01
vn -4.1680953092686206e-02 -5.2765543179170926e-01 8.4843529125678763e-01
vn 6.8700106128420396e-02 -7.1326063106500825e-01 6.9752388316866265e-01
vn -3.4391479106963212e-02 -7.1326063106500814e-01 7.0005463953721614e-01
vn 5.5736657508845842e-02 -8.2258515437576041e-01 5.6590378052310963e-01
vn -2.7901937860536317e-02 -8.2258515437576041e-01 5.6795699279455392e-01
vn 7.3900891722065909e-01 -0.0000000000000000e+00 6.7369564364655721e-01
vn 6.1106868664841074e-01 -2.6866663631331483e-01 7.4458934905750274e-01
vn 4.9520084234602074e-01 -2.6866663631331483e-01 8.2619269197438461e-01
vn 3.6861339527850262e-01 -2.6866663631331489e-01 8.8991145815375550e-01
vn 4.3670894655721104e-01 -5.2765543179170926e-01 7.2860485950726117e-01
vn 3.2507369489987553e-01 -5.2765543179170926e-01 7.8479732299801297e-01
vn 3.6033404941456676e-01 -7.1326063106500814e-01 6.0118104178795151e-01
vn 2.6822239792626346e-01 -7.1326063106500814e-01 6.4754615080581823e-01
vn 2.9234038537659290e-01 -8.2258515437576052e-01 4.8774046672228388e-01
vn 2.1760985203533703e-01 -8.2258515437576041e-01 5.2535665608971305e-01
vn 8.0089915303503734e-01 -2.6866663631331478e-01 5.3514370518567134e-01
vn 7.1370873926925360e-01 -2.6866663631331489e-01 6.4686789534091238e-01
vn 6.2940723242381513e-01 -5.2765543179170926e-01 5.7046146326750102e-01
vn 5.3889076835184069e-01 -5.2765543179170926e-01 6.5664030114353134e-01
vn 5.1933183090943902e-01 -7.1326063106500814e-01 4.7069493472630031e-01
vn 4.4464555691649310e-01 -7.1326063106500825e-01 5.4180217873977599e-01
vn 4.2133589049677916e-01 -8.2258515437576052e-01 3.8187659155791714e-01
vn 3.6074263222181768e-01 -8.2258515437576052e-01 4.3956616919217151e-01
vn 8.7075251879664106e-01 -2.6866663631331483e-01 4.1183526990945563e-01
vn 9.2175672213757009e-01 -2.6866663631331478e-01 2.7961184475320644e-01
vn 8.1288110335129926e-01 -5.2765543179170926e-01 2.4658478686869398e-01
vn 2.0640157944761869e-01 -5.2765543179170926e-01 8.2400129447849368e-01
vn 1.7030454153560504e-01 -7.1326063106500814e-01 6.7989384120250240e-01
vn 1.3816872256394117e-01 -8.2258515437576052e-01 5.5160046039289601e-01
vn -4.0043196554581345e-01 -5.2765543179170926e-01 7.4915551541039949e-01
vn -3.3040145570101043e-01 -7.1326063106500814e-01 6.1813764668025151e-01
vn -2.6805595820197814e-01 -8.2258515437576052e-01 5.0149742479201775e-01
vn -8.1288110335129926e-01 -5.2765543179170926e-01 2.4658478686869401e-01
vn -6.7071843151439114e-01 -7.1326063106500814e-01 2.0346021183420895e-01
vn -5.4415641560010297e-01 -8.2258515437576041e-01 1.6506804403594993e-01
vn -3.2507369489987592e-01 -5.2765543179170926e-01 -7.8479732299801286e-01
vn -2.6822239792626379e-01 -7.1326063106500814e-01 -6.4754615080581812e-01
vn -2.1760985203533731e-01 -8.2258515437576041e-01 -5.2535665608971294e-01
vn 7.4915551541039938e-01 -5.2765543179170926e-01 -4.0043196554581362e-01
vn 6.1813764668025162e-01 -7.1326063106500825e-01 -3.3040145570101059e-01
vn 5.0149742479201775e-01 -8.2258515437576041e-01 -2.6805595820197831e-01
vn 9.2582365153342572e-01 -2.5293547028093682e-01 2.8084553429790449e-01
vn 8.7459440997048243e-01 -2.5293547028093682e-01 4.1365234910749044e-01
vn 8.0443284064519160e-01 -2.5293547028093682e-01 5.3750483975985663e-01
vn 8.3525678136318038e-01 -4.8800466082091126e-01 2.5337237458706385e-01
vn 7.8903893917620538e-01 -4.8800466082091126e-01 3.7318762503699882e-01
vn 7.2574078679808351e-01 -4.8800466082091132e-01 4.8492449040522384e-01
vn 6.4673253807183950e-01 -4.8800466082091132e-01 5.8616420499397937e-01
vn 7.2342034452281456e-01 -6.5460365723115843e-01 2.1944716236507683e-01
vn 6.8339082538088658e-01 -6.5460365723115843e-01 3.2321978857245515e-01
vn 6.2856795866161841e-01 -6.5460365723115843e-01 4.1999568245823438e-01
vn 5.6013849386828629e-01 -6.5460365723115843e-01 5.0767993817617008e-01
vn 4.7958372226150209e-01 -6.5460365723115843e-01 5.8437445639024510e-01
vn 6.2572358136940776e-01 -7.5659878285828908e-01 1.8981117326331889e-01
vn 5.9109998491179883e-01 -7.5659878285828908e-01 2.7956947189317150e-01
vn 5.4368085886116779e-01 -7.5659878285828908e-01 3.6327593573664968e-01
vn 4.8449268409409063e-01 -7.5659878285828908e-01 4.3911857263916693e-01
vn 4.1481670585015540e-01 -7.5659878285828908e-01 5.0545561855120491e-01
vn 3.3616119864179711e-01 -7.5659878285828908e-01 5.6085107676197399e-01
vn 5.4415641560010297e-01 -8.2258515437576041e-01 1.6506804403594991e-01
vn 5.1404623163944119e-01 -8.2258515437576052e-01 2.4312576074512582e-01
vn 4.7280849914719680e-01 -8.2258515437576041e-01 3.1592053895684191e-01
vn 6.7071843151439114e-01 -7.1326063106500814e-01 2.0346021183420895e-01
vn 6.3360510383923563e-01 -7.1326063106500825e-01 2.9967289594092061e-01
vn 5.8277613910874415e-01 -7.1326063106500814e-01 3.8939856684154855e-01
vn 7.6790139005864089e-01 -5.2765543179170926e-01 3.6319030885571812e-01
vn 7.0629893067932148e-01 -5.2765543179170926e-01 4.7193385746516631e-01
vn 2.3507923013419788e-01 -2.5293547028093682e-01 9.3848889361210563e-01
vn 8.5553381013508206e-02 -4.8800466082091132e-01 8.6863805466616806e-01
vn -3.7093800461147283e-02 -6.5460365723115854e-01 7.5506165437462169e-01
vn -1.2756554450078450e-01 -7.5659878285828908e-01 6.4131529970333156e-01
vn 9.4829931798561751e-02 -2.5293547028093677e-01 9.6282445539612338e-01
vn -4.7472148180798895e-02 -2.5293547028093682e-01 9.6631777538285080e-01
vn -4.2828279044520044e-02 -4.8800466082091132e-01 8.7178964752464916e-01
vn -1.4748287087092635e-01 -6.5460365723115843e-01 7.4144646114150525e-01
vn -2.2028533830199543e-01 -7.5659878285828908e-01 6.1565627707880222e-01
vn -1.7028283619962062e-01 -4.8800466082091132e-01 8.5606962725754987e-01
vn -2.5467938251423156e-01 -6.5460365723115843e-01 7.1178119114076188e-01
vn -3.0823661977517319e-01 -7.5659878285828908e-01 5.7667015529410814e-01
vn -7.8641547185867910e-01 -2.5293547028093677e-01 5.6353735767476187e-01
vn -7.8282732100718888e-01 -4.8800466082091126e-01 3.8604771272703464e-01
vn -7.2342034452281456e-01 -6.5460365723115843e-01 2.1944716236507686e-01
vn -6.4828538021070703e-01 -7.5659878285828908e-01 8.5348389454134088e-02
vn -8.6770926621171562e-01 -2.5293547028093682e-01 4.2790685575728682e-01
vn -8.3525678136318038e-01 -4.8800466082091126e-01 2.5337237458706391e-01
vn -7.4950480861653923e-01 -6.5460365723115843e-01 9.8674180008130510e-02
vn -6.5352931397660152e-01 -7.5659878285828908e-01 -2.1394334545109285e-02
vn -9.2582365153342561e-01 -2.5293547028093682e-01 2.8084553429790449e-01
vn -8.6537374681413060e-01 -4.8800466082091132e-01 1.1392861511464301e-01
vn -7.5556749905130904e-01 -6.5460365723115832e-01 -2.4734718857146783e-02
vn -6.4131529970333156e-01 -7.5659878285828908e-01 -1.2756554450078461e-01
vn -6.3790596692963975e-01 -2.5293547028093682e-01 -7.2739234614430925e-01
vn -4.6091928284965678e-01 -4.8800466082091132e-01 -7.4121850065579542e-01
vn -2.8929805772363043e-01 -6.5460365723115843e-01 -6.9842729452458185e-01
vn -5.1089674819950892e-01 -2.5293547028093682e-01 -8.2158880259709532e-01
vn -3.7023977306014566e-01 -2.5293547028093677e-01 -8.9383788145173904e-01
vn -3.3402179849980512e-01 -4.8800466082091132e-01 -8.0639995606648118e-01
vn 9.4829931798561112e-02 -2.5293547028093682e-01 -9.6282445539612349e-01
vn 2.5040306534875278e-01 -2.5293547028093682e-01 -9.3451696225253700e-01
vn 3.9928709772136112e-01 -2.5293547028093682e-01 -8.8124540365724080e-01
vn 5.3750483975985630e-01 -2.5293547028093682e-01 -8.0443284064519183e-01
vn 8.5553381013507609e-02 -4.8800466082091126e-01 -8.6863805466616806e-01
vn 2.2590788003769449e-01 -4.8800466082091132e-01 -8.4309968613085251e-01
vn 3.6022762599573643e-01 -4.8800466082091126e-01 -7.9503931254155158e-01
vn 4.8492449040522351e-01 -4.8800466082091126e-01 -7.2574078679808385e-01
vn 5.9666740405020668e-01 -4.8800466082091132e-01 -6.3705530369117458e-01
vn 7.4098238707950403e-02 -6.5460365723115843e-01 -7.5233204302353873e-01
vn 1.9566001743867042e-01 -6.5460365723115843e-01 -7.3021312609093203e-01
vn 3.1199506441500019e-01 -6.5460365723115832e-01 -6.8858778069340720e-01
vn 4.1999568245823410e-01 -6.5460365723115843e-01 -6.2856795866161863e-01
vn 5.1677681478870963e-01 -6.5460365723115843e-01 -5.5175698965797237e-01
vn 5.9975311451645130e-01 -6.5460365723115843e-01 -4.6020675089290941e-01
vn 6.4091389810287253e-02 -7.5659878285828908e-01 -6.5073080112250814e-01
vn 1.6923644430166362e-01 -7.5659878285828908e-01 -6.3159900862611029e-01
vn 2.6986062882169359e-01 -7.5659878285828908e-01 -5.9559509970223523e-01
vn 3.6327593573664951e-01 -7.5659878285828908e-01 -5.4368085886116790e-01
vn 4.4698693058122674e-01 -7.5659878285828908e-01 -4.7724308865286785e-01
vn 5.1875741343745863e-01 -7.5659878285828908e-01 -3.9805656354472169e-01
vn 5.7667015529410803e-01 -7.5659878285828908e-01 -3.0823661977517336e-01
vn 5.3043778248388906e-02 -8.4091424722924635e-01 -5.3856251855843607e-01
vn 1.4006468653052026e-01 -8.4091424722924635e-01 -5.2272852647811086e-01
vn 2.2334399980340433e-01 -8.4091424722924635e-01 -4.9293071172192848e-01
vn 3.0065704980387048e-01 -8.4091424722924635e-01 -4.4996507332247787e-01
vn 3.6993854706319612e-01 -8.4091424722924635e-01 -3.9497936680748458e-01
vn 4.2933775167827065e-01 -8.4091424722924635e-01 -3.2944244382094651e-01
vn 4.7726791274816271e-01 -8.4091424722924635e-01 -2.5510501419588399e-01
vn 5.1244865578381438e-01 -8.4091424722924635e-01 -1.7395287865462805e-01
vn 4.4056138054881240e-02 -8.9329350670412599e-01 -4.4730947629123036e-01
vn 1.1633238374360504e-01 -8.9329350670412611e-01 -4.3415836669673452e-01
vn 1.8550100339745329e-01 -8.9329350670412611e-01 -4.0940943884915942e-01
vn 2.4971427245069852e-01 -8.9329350670412599e-01 -3.7372381916953579e-01
vn 3.0725684028236372e-01 -8.9329350670412599e-01 -3.2805478960067569e-01
vn 3.5659155295342715e-01 -8.9329350670412611e-01 -2.7362232226649341e-01
vn 3.9640051571621809e-01 -8.9329350670412599e-01 -2.1188048994695552e-01
vn 4.2562029837940057e-01 -8.9329350670412599e-01 -1.4447862294358843e-01
vn 3.7796444764242314e-02 -9.2266163512463562e-01 -3.8375374373720100e-01
vn 9.9803357956171151e-02 -9.2266163512463562e-01 -3.7247120265841510e-01
vn 1.5914419053003095e-01 -9.2266163512463562e-01 -3.5123871325592076e-01
vn 2.1423375089683006e-01 -9.2266163512463562e-01 -3.2062346614963905e-01
vn 2.6360041312974969e-01 -9.2266163512463562e-01 -2.8144329671704571e-01
vn 3.0592542900174374e-01 -9.2266163512463562e-01 -2.3474483798207951e-01
vn 3.4007815614980347e-01 -9.2266163512463562e-01 -1.8177556155568228e-01
vn 3.6514626130410394e-01 -9.2266163512463550e-01 -1.2395045350771727e-01
vn 8.5324396395018376e-01 -2.5293547028093682e-01 -4.5606840041416941e-01
vn 8.2651946271312382e-01 -4.8800466082091126e-01 -2.8056555165143932e-01
vn 9.1613894565889853e-01 -2.5293547028093682e-01 -3.1098726681451622e-01
vn 9.7952994125249437e-01 0.0000000000000000e+00 2.0129852008866006e-01
vn 9.7952994125249437e-01 0.0000000000000000e+00 -2.0129852008866028e-01
vn 9.7952994125249437e-01 0.0000000000000000e+00 -2.0129852008866025e-01
vn 8.2076344120727618e-01 0.0000000000000000e+00 -5.7126821509479242e-01
vn 6.8896691907568652e-01 0.0000000000000000e+00 -7.2479278722912011e-01
vn 5.2896401032696239e-01 0.0000000000000000e+00 -8.4864425749475092e-01
vn 1.5142777750457670e-01 0.0000000000000000e+00 -9.8846832432811149e-01
vn -5.0649168838712642e-02 -0.0000000000000000e+00 -9.9871650717105287e-01
vn -2.5065253225872042e-01 -0.0000000000000000e+00 -9.6807711886620440e-01
vn -4.4039415155763445e-01 -0.0000000000000000e+00 -8.9780453957074158e-01
vn -6.1210598254766291e-01 -0.0000000000000000e+00 -7.9077573693769854e-01
vn -6.1210598254766257e-01 -0.0000000000000000e+00 -7.9077573693769887e-01
vn -7.5875812269279119e-01 -0.0000000000000000e+00 -6.5137248272222181e-01
vn -7.5875812269279086e-01 -0.0000000000000000e+00 -6.5137248272222226e-01
vn -8.7434661614458209e-01 -0.0000000000000000e+00 -4.8530196253108104e-01
vn -9.5413925640004893e-01 -0.0000000000000000e+00 -2.9936312297335760e-01
vn -9.9486932339189527e-01 -0.0000000000000000e+00 -1.0116832198743184e-01
vn -9.9486932339189527e-01 -0.0000000000000000e+00 -1.0116832198743161e-01
vn -9.9486932339189516e-01 -0.0000000000000000e+00 1.0116832198743227e-01
vn -9.5413925640004882e-01 -0.0000000000000000e+00 2.9936312297335804e-01
vn -7.5875812269279086e-01 -0.0000000000000000e+00 6.5137248272222226e-01
vn -6.1210598254766291e-01 -0.0000000000000000e+00 7.9077573693769854e-01
vn -2.5065253225872042e-01 -0.0000000000000000e+00 9.6807711886620440e-01
vn 1.5142777750457670e-01 0.0000000000000000e+00 9.8846832432811149e-01
vn 5.2896401032696239e-01 0.0000000000000000e+00 8.4864425749475092e-01
vn 6.8896691907568652e-01 0.0000000000000000e+00 7.2479278722911999e-01
vn 9.1895781162023060e-01 0.0000000000000000e+00 3.9435585511331855e-01
vn -0.0000000000000000e+00 1.0000000000000000e+00 0.0000000000000000e+00
vn -9.7662055571008655e-01 0.0000000000000000e+00 -2.1497044021102404e-01
vn -9.7662055571008655e-01 0.0000000000000000e+00 2.1497044021102435e-01
vn -9.0757541967095690e-01 0.0000000000000000e+00 4.1988910156026499e-01
vn -7.9609306570564398e-01 0.0000000000000000e+00 6.0517421519376502e-01
vn -6.4738628478182791e-01 0.0000000000000000e+00 7.6216205512763635e-01
vn -2.6752833852922103e-01 0.0000000000000000e+00 9.6354999251922291e-01
vn -5.4138908585417617e-02 0.0000000000000000e+00 9.9853341385112393e-01
vn 1.6178199655276479e-01 0.0000000000000000e+00 9.8682652254152625e-01
vn 3.7013815533991440e-01 0.0000000000000000e+00 9.2897671981679131e-01
vn 5.6118706536238239e-01 0.0000000000000000e+00 8.2768899815689057e-01
vn 8.5685717616758905e-01 0.0000000000000000e+00 5.1555385717702218e-01
vn 9.9413795715435971e-01 0.0000000000000000e+00 1.0811901842394124e-01
vn 8.5685717616758927e-01 0.0000000000000000e+00 -5.1555385717702162e-01
vn 7.2599549192313095e-01 0.0000000000000000e+00 -6.8769945885342332e-01
vn 5.6118706536238239e-01 0.0000000000000000e+00 -8.2768899815689057e-01
vn 3.7013815533991440e-01 0.0000000000000000e+00 -9.2897671981679131e-01
vn 1.6178199655276479e-01 0.0000000000000000e+00 -9.8682652254152625e-01
vn -5.4138908585417617e-02 0.0000000000000000e+00 -9.9853341385112393e-01
vn -2.6752833852922081e-01 0.0000000000000000e+00 -9.6354999251922291e-01
vn -4.6840844069979010e-01 0.0000000000000000e+00 -8.8351204444602283e-01
vn -8.8545602565320958e-01 0.0000000000000000e+00 4.6472317204376912e-01
vn -9.8078528040323032e-01 0.0000000000000000e+00 1.9509032201612825e-01
vn -9.8078528040323032e-01 0.0000000000000000e+00 -1.9509032201612825e-01
vn -5.6806474673115548e-01 0.0000000000000000e+00 8.2298386589365657e-01
vn -7.0710678118654735e-01 0.0000000000000000e+00 7.0710678118654757e-01
vn -9.2387953251128663e-01 0.0000000000000000e+00 3.8268343236508984e-01
vn -3.8268343236508989e-01 0.0000000000000000e+00 9.2387953251128674e-01
vn -1.2053668025532233e-01 0.0000000000000000e+00 9.9270887409805408e-01
vn -6.1232339957367660e-17 0.0000000000000000e+00 1.0000000000000000e+00
vn 3.5460488704253584e-01 0.0000000000000000e+00 9.3501624268541472e-01
vn 3.8268343236508978e-01 0.0000000000000000e+00 9.2387953251128674e-01
vn 7.0710678118654735e-01 0.0000000000000000e+00 7.0710678118654757e-01
vn 7.4851074817110130e-01 0.0000000000000000e+00 6.6312265824079475e-01
vn 9.2387953251128663e-01 0.0000000000000000e+00 3.8268343236508984e-01
vn 9.7094181742605212e-01 0.0000000000000000e+00 2.3931566428755724e-01
vn 9.8078528040323032e-01 0.0000000000000000e+00 1.9509032201612858e-01
vn 9.8078528040323032e-01 0.0000000000000000e+00 1.9509032201612836e-01
vn 9.7094181742605223e-01 0.0000000000000000e+00 2.3931566428755696e-01
vn 1.0000000000000000e+00 0.0000000000000000e+00 -1.2246467991473532e-16
vn 9.7094181742605190e-01 0.0000000000000000e+00 -2.3931566428755807e-01
vn 9.8078528040323032e-01 0.0000000000000000e+00 -1.9509032201612858e-01
vn 9.2387953251128663e-01 0.0000000000000000e+00 -3.8268343236508984e-01
vn 7.4851074817110086e-01 0.0000000000000000e+00 -6.6312265824079542e-01
vn 7.0710678118654735e-01 0.0000000000000000e+00 -7.0710678118654757e-01
vn 3.5460488704253545e-01 0.0000000000000000e+00 -9.3501624268541483e-01
vn 3.8268343236508978e-01 0.0000000000000000e+00 -9.2387953251128674e-01
vn -6.1232339957367660e-17 0.0000000000000000e+00 -1.0000000000000000e+00
vn -1.2053668025532321e-01 0.0000000000000000e+00 -9.9270887409805397e-01
vn -3.8268343236508989e-01 0.0000000000000000e+00 -9.2387953251128674e-01
vn -5.6806474673115581e-01 0.0000000000000000e+00 -8.2298386589365635e-01
vn -7.0710678118654735e-01 0.0000000000000000e+00 -7.0710678118654757e-01
vn -8.8545602565320991e-01 0.0000000000000000e+00 -4.6472317204376851e-01
vn -9.2387953251128663e-01 0.0000000000000000e+00 -3.8268343236508984e-01
vn 7.0710678118654757e-01 -7.0710678118654757e-01 0.0000000000000000e+00

g face 0
f 2//1 30//2 1//2
f 1//2 30//2 31//3
f 1//2 31//3 29//4
f 29//4 31//3 32//5
f 29//4 32//5 28//6
f 28//6 32//5 33//7
f 28//6 33//7 27//7
f 27//7 33//7 34//8
f 27//7 34//8 26//9
f 26//9 34//8 35//10
f 26//9 35//10 25//10
f 25//10 35//10 36//11
f 25//10 36//11 24//11
f 24//11 36//11 37//12
f 24//11 37//12 23//12
f 23//12 37//12 38//13
f 23//12 38//13 22//13
f 22//13 38//13 39//14
f 22//13 39//14 21//14
f 21//14 39//14 40//15
f 21//14 40//15 20//16
f 20//16 40//15 41//17
f 20//16 41//17 19//18
f 19//18 41//17 42//19
f 19//18 42//19 18//19
f 18//19 42//19 43//20
f 18//19 43//20 17//20
f 17//20 43//20 44//21
f 17//20 44//21 16//21
f 16//22 44//22 45//23
f 16//22 45//23 15//23
f 15//23 45//23 46//24
f 15//23 46//24 14//24
f 14//24 46//24 47//25
f 14//24 47//25 13//25
f 13//25 47//25 48//26
f 13//25 48//26 12//26
f 12//26 48//26 49//27
f 12//26 49//27 11//27
f 11//27 49//27 50//28
f 11//27 50//28 10//28
f 10//28 50//28 51//29
f 10//28 51//29 9//29
f 9//29 51//29 52//30
f 9//29 52//30 8//30
f 8//30 52//30 53//31
f 8//30 53//31 7//31
f 7//31 53//31 54//32
f 7//31 54//32 6//32
f 6//32 54//32 55//33
f 6//32 55//33 5//34
f 5//34 55//33 56//35
f 5//34 56//35 4//35
f 4//35 56//35 57//36
f 4//35 57//36 3//36
f 3//36 57//36 58//37
f 3//36 58//37 2//1
f 2//1 58//37 30//2

g face 1
f 2//38 1//39 112//40
f 112//40 1//39 59//41
f 112//40 59//41 111//42
f 111//42 59//41 110//43
f 111//42 110//43 462//44
f 462//44 110//43 463//45
f 462//44 463//45 123//46
f 123//46 463//45 124//47
f 123//46 124//47 121//48
f 121//48 124//47 120//49
f 121//48 120//49 453//50
f 453//50 120//49 454//51
f 453//50 454//51 142//52
f 142//52 454//51 143//53
f 142//52 143//53 140//54
f 140//54 143//53 139//55
f 140//54 139//55 444//56
f 444//56 139//55 445//57
f 444//56 445//57 161//58
f 161//58 445//57 162//59
f 161//58 162//59 159//60
f 159//60 162//59 158//61
f 159//60 158//61 425//62
f 425//62 158//61 426//63
f 425//62 426//63 441//64
f 441//64 426//63 440//65
f 441//64 440//65 180//66
f 180//66 440//65 181//67
f 180//66 181//67 178//68
f 178//68 181//67 177//69
f 178//68 177//69 423//70
f 423//70 177//69 422//71
f 423//70 422//71 200//72
f 200//72 422//71 201//73
f 200//72 201//73 197//74
f 197//74 201//73 196//75
f 197//74 196//75 408//76
f 408//76 196//75 409//77
f 408//76 409//77 219//78
f 219//78 409//77 220//79
f 219//78 220//79 217//80
f 217//80 220//79 216//81
f 217//80 216//81 399//82
f 399//82 216//81 400//83
f 399//82 400//83 238//84
f 238//84 400//83 239//85
f 238//84 239//85 236//86
f 236//86 239//85 235//87
f 236//86 235//87 390//88
f 390//88 235//87 391//89
f 390//88 391//89 258//90
f 258//90 391//89 259//91
f 258//90 259//91 255//92
f 255//92 259//91 254//93
f 255//92 254//93 388//94
f 388//94 254//93 387//95
f 388//94 387//95 278//96
f 278//96 387//95 279//97
f 278//96 279//97 275//98
f 275//98 279//97 274//99
f 275//98 274//99 373//100
f 373//100 274//99 374//101
f 373//100 374//101 297//102
f 297//102 374//101 298//103
f 297//102 298//103 295//104
f 295//104 298//103 294//105
f 295//104 294//105 364//106
f 364//106 294//105 365//107
f 364//106 365//107 316//108
f 316//108 365//107 317//109
f 316//108 317//109 314//110
f 314//110 317//109 313//111
f 314//110 313//111 355//112
f 355//112 313//111 356//113
f 355//112 356//113 336//114
f 336//114 356//113 337//115
f 336//114 337//115 333//116
f 333//116 337//115 332//117
f 333//116 332//117 346//118
f 346//118 332//117 347//119
f 346//118 347//119 59//120
f 59//120 347//119 60//121
f 60//121 347//119 348//122
f 60//121 348//122 61//123
f 61//123 348//122 349//124
f 61//123 349//124 62//125
f 62//125 349//124 350//126
f 62//125 350//126 63//127
f 63//127 350//126 351//128
f 63//127 351//128 64//129
f 64//129 351//128 352//130
f 64//129 352//130 353//131
f 353//131 352//130 326//132
f 353//131 326//132 325//133
f 325//133 326//132 344//134
f 325//133 344//134 79//135
f 79//135 344//134 101//136
f 79//135 101//136 78//137
f 78//137 101//136 306//138
f 78//137 306//138 324//139
f 324//139 306//138 307//140
f 324//139 307//140 323//141
f 323//141 307//140 308//142
f 323//141 308//142 322//143
f 322//143 308//142 309//144
f 322//143 309//144 321//145
f 321//145 309//144 310//146
f 321//145 310//146 320//147
f 320//147 310//146 311//148
f 320//147 311//148 319//149
f 319//149 311//148 312//150
f 319//149 312//150 318//151
f 318//151 312//150 313//111
f 318//151 313//111 317//109
f 59//41 60//152 110//43
f 110//43 60//152 109//153
f 110//43 109//153 463//45
f 463//45 109//153 464//154
f 463//45 464//154 124//47
f 124//47 464//154 125//155
f 124//47 125//155 120//49
f 120//49 125//155 119//156
f 120//49 119//156 454//51
f 454//51 119//156 455//157
f 454//51 455//157 143//53
f 143//53 455//157 144//158
f 143//53 144//158 139//55
f 139//55 144//158 138//159
f 139//55 138//159 445//57
f 445//57 138//159 446//160
f 445//57 446//160 162//59
f 162//59 446//160 163//161
f 162//59 163//161 158//61
f 158//61 163//161 157//162
f 158//61 157//162 426//63
f 426//63 157//162 427//163
f 426//63 427//163 440//65
f 440//65 427//163 439//164
f 440//65 439//164 181//67
f 181//67 439//164 182//165
f 181//67 182//165 177//69
f 177//69 182//165 176//166
f 177//69 176//166 422//71
f 422//71 176//166 421//167
f 422//71 421//167 201//73
f 201//73 421//167 202//168
f 201//73 202//168 196//75
f 196//75 202//168 195//169
f 196//75 195//169 409//77
f 409//77 195//169 410//170
f 409//77 410//170 220//79
f 220//79 410//170 221//171
f 220//79 221//171 216//81
f 216//81 221//171 215//172
f 216//81 215//172 400//83
f 400//83 215//172 401//173
f 400//83 401//173 239//85
f 239//85 401//173 240//174
f 239//85 240//174 235//87
f 235//87 240//174 234//175
f 235//87 234//175 391//89
f 391//89 234//175 392//176
f 391//89 392//176 259//91
f 259//91 392//176 260//177
f 259//91 260//177 254//93
f 254//93 260//177 253//178
f 254//93 253//178 387//95
f 387//95 253//178 386//179
f 387//95 386//179 279//97
f 279//97 386//179 280//180
f 279//97 280//180 274//99
f 274//99 280//180 273//181
f 274//99 273//181 374//101
f 374//101 273//181 375//182
f 374//101 375//182 298//103
f 298//103 375//182 299//183
f 298//103 299//183 294//105
f 294//105 299//183 293//184
f 294//105 293//184 365//107
f 365//107 293//184 366//185
f 365//107 366//185 317//109
f 317//109 366//185 318//151
f 60//152 61//186 109//153
f 109//153 61//186 108//187
f 109//153 108//187 464//154
f 464//154 108//187 465//188
f 464//154 465//188 125//155
f 125//155 465//188 126//189
f 125//155 126//189 119//156
f 119//156 126//189 118//190
f 119//156 118//190 455//157
f 455//157 118//190 456//191
f 455//157 456//191 144//158
f 144//158 456//191 145//192
f 144//158 145//192 138//159
f 138//159 145//192 137//193
f 138//159 137//193 446//160
f 446//160 137//193 447//194
f 446//160 447//194 163//161
f 163//161 447//194 164//195
f 163//161 164//195 157//162
f 157//162 164//195 156//196
f 157//162 156//196 427//163
f 427//163 156//196 428//197
f 427//163 428//197 439//164
f 439//164 428//197 438//198
f 439//164 438//198 182//165
f 182//165 438//198 183//199
f 182//165 183//199 176//166
f 176//166 183//199 175//200
f 176//166 175//200 421//167
f 421//167 175//200 420//201
f 421//167 420//201 202//168
f 202//168 420//201 203//202
f 202//168 203//202 195//169
f 195//169 203//202 194//203
f 195//169 194//203 410//170
f 410//170 194//203 411//204
f 410//170 411//204 221//171
f 221//171 411//204 222//205
f 221//171 222//205 215//172
f 215//172 222//205 214//206
f 215//172 214//206 401//173
f 401//173 214//206 402//207
f 401//173 402//207 240//174
f 240//174 402//207 241//208
f 240//174 241//208 234//175
f 234//175 241//208 233//209
f 234//175 233//209 392//176
f 392//176 233//209 393//210
f 392//176 393//210 260//177
f 260//177 393//210 261//211
f 260//177 261//211 253//178
f 253//178 261//211 252//212
f 253//178 252//212 386//179
f 386//179 252//212 385//213
f 386//179 385//213 280//180
f 280//180 385//213 281//214
f 280//180 281//214 273//181
f 273//181 281//214 272//215
f 273//181 272//215 375//182
f 375//182 272//215 376//216
f 375//182 376//216 299//183
f 299//183 376//216 300//217
f 299//183 300//217 293//184
f 293//184 300//217 292//218
f 293//184 292//218 366//185
f 366//185 292//218 367//219
f 366//185 367//219 318//151
f 318//151 367//219 319//149
f 61//186 62//220 108//187
f 108//187 62//220 107//221
f 108//187 107//221 465//188
f 465//188 107//221 466//222
f 465//188 466//222 126//189
f 126//189 466//222 127//223
f 126//189 127//223 118//190
f 118//190 127//223 117//224
f 118//190 117//224 456//191
f 456//191 117//224 457//225
f 456//191 457//225 145//192
f 145//192 457//225 146//226
f 145//192 146//226 137//193
f 137//193 146//226 136//227
f 137//193 136//227 447//194
f 447//194 136//227 448//228
f 447//194 448//228 164//195
f 164//195 448//228 165//229
f 164//195 165//229 156//196
f 156//196 165//229 155//230
f 156//196 155//230 428//197
f 428//197 155//230 429//231
f 428//197 429//231 438//198
f 438//198 429//231 437//232
f 438//198 437//232 183//199
f 183//199 437//232 184//233
f 183//199 184//233 175//200
f 175//200 184//233 174//234
f 175//200 174//234 420//201
f 420//201 174//234 419//235
f 420//201 419//235 203//202
f 203//202 419//235 204//236
f 203//202 204//236 194//203
f 194//203 204//236 193//237
f 194//203 193//237 411//204
f 411//204 193//237 412//238
f 411//204 412//238 222//205
f 222//205 412//238 223//239
f 222//205 223//239 214//206
f 214//206 223//239 213//240
f 214//206 213//240 402//207
f 402//207 213//240 403//241
f 402//207 403//241 241//208
f 241//208 403//241 242//242
f 241//208 242//242 233//209
f 233//209 242//242 232//243
f 233//209 232//243 393//210
f 393//210 232//243 394//244
f 393//210 394//244 261//211
f 261//211 394//244 262//245
f 261//211 262//245 252//212
f 252//212 262//245 251//246
f 252//212 251//246 385//213
f 385//213 251//246 384//247
f 385//213 384//247 281//214
f 281//214 384//247 282//248
f 281//214 282//248 272//215
f 272//215 282//248 271//249
f 272//215 271//249 376//216
f 376//216 271//249 377//250
f 376//216 377//250 300//217
f 300//217 377//250 301//251
f 300//217 301//251 292//218
f 292//218 301//251 291//252
f 292//218 291//252 367//219
f 367//219 291//252 368//253
f 367//219 368//253 319//149
f 319//149 368//253 320//147
f 62//220 63//254 107//221
f 107//221 63//254 106//255
f 107//221 106//255 466//222
f 466//222 106//255 467//256
f 466//222 467//256 127//223
f 127//223 467//256 128//257
f 127//223 128//257 117//224
f 117//224 128//257 116//258
f 117//224 116//258 457//225
f 457//225 116//258 458//259
f 457//225 458//259 146//226
f 146//226 458//259 147//260
f 146//226 147//260 136//227
f 136//227 147//260 135//261
f 136//227 135//261 448//228
f 448//228 135//261 449//262
f 448//228 449//262 165//229
f 165//229 449//262 166//263
f 165//229 166//263 155//230
f 155//230 166//263 154//264
f 155//230 154//264 429//231
f 429//231 154//264 430//265
f 429//231 430//265 437//232
f 437//232 430//265 436//266
f 437//232 436//266 184//233
f 184//233 436//266 185//267
f 184//233 185//267 174//234
f 174//234 185//267 173//268
f 174//234 173//268 419//235
f 419//235 173//268 418//269
f 419//235 418//269 204//236
f 204//236 418//269 205//270
f 204//236 205//270 193//237
f 193//237 205//270 192//271
f 193//237 192//271 412//238
f 412//238 192//271 413//272
f 412//238 413//272 223//239
f 223//239 413//272 224//273
f 223//239 224//273 213//240
f 213//240 224//273 212//274
f 213//240 212//274 403//241
f 403//241 212//274 404//275
f 403//241 404//275 242//242
f 242//242 404//275 243//276
f 242//242 243//276 232//243
f 232//243 243//276 231//277
f 232//243 231//277 394//244
f 394//244 231//277 395//278
f 394//244 395//278 262//245
f 262//245 395//278 263//279
f 262//245 263//279 251//246
f 251//246 263//279 250//280
f 251//246 250//280 384//247
f 384//247 250//280 383//281
f 384//247 383//281 282//248
f 282//248 383//281 283//282
f 282//248 283//282 271//249
f 271//249 283//282 270//283
f 271//249 270//283 377//250
f 377//250 270//283 378//284
f 377//250 378//284 301//251
f 301//251 378//284 302//285
f 301//251 302//285 291//252
f 291//252 302//285 290//286
f 291//252 290//286 368//253
f 368//253 290//286 369//287
f 368//253 369//287 320//147
f 320//147 369//287 321//145
f 63//254 64//288 106//255
f 106//255 64//288 105//289
f 106//255 105//289 467//256
f 467//256 105//289 468//290
f 467//256 468//290 128//257
f 128//257 468//290 129//291
f 128//257 129//291 116//258
f 116//258 129//291 115//292
f 116//258 115//292 458//259
f 458//259 115//292 459//293
f 458//259 459//293 147//260
f 147//260 459//293 148//294
f 147//260 148//294 135//261
f 135//261 148//294 134//295
f 135//261 134//295 449//262
f 449//262 134//295 450//296
f 449//262 450//296 166//263
f 166//263 450//296 167//297
f 166//263 167//297 154//264
f 154//264 167//297 153//298
f 154//264 153//298 430//265
f 430//265 153//298 431//299
f 430//265 431//299 436//266
f 436//266 431//299 435//300
f 436//266 435//300 185//267
f 185//267 435//300 186//301
f 185//267 186//301 173//268
f 173//268 186//301 172//302
f 173//268 172//302 418//269
f 418//269 172//302 417//303
f 418//269 417//303 205//270
f 205//270 417//303 206//304
f 205//270 206//304 192//271
f 192//271 206//304 191//305
f 192//271 191//305 413//272
f 413//272 191//305 414//306
f 413//272 414//306 224//273
f 224//273 414//306 225//307
f 224//273 225//307 212//274
f 212//274 225//307 211//308
f 212//274 211//308 404//275
f 404//275 211//308 405//309
f 404//275 405//309 243//276
f 243//276 405//309 244//310
f 243//276 244//310 231//277
f 231//277 244//310 230//311
f 231//277 230//311 395//278
f 395//278 230//311 396//312
f 395//278 396//312 263//279
f 263//279 396//312 264//313
f 263//279 264//313 250//280
f 250//280 264//313 249//314
f 250//280 249//314 383//281
f 383//281 249//314 382//315
f 383//281 382//315 283//282
f 283//282 382//315 284//316
f 283//282 284//316 270//283
f 270//283 284//316 269//317
f 270//283 269//317 378//284
f 378//284 269//317 379//318
f 378//284 379//318 302//285
f 302//285 379//318 303//319
f 302//285 303//319 290//286
f 290//286 303//319 289//320
f 290//286 289//320 369//287
f 369//287 289//320 370//321
f 369//287 370//321 321//145
f 321//145 370//321 322//143
f 105//289 64//288 104//322
f 104//322 64//288 65//323
f 104//322 65//323 66//324
f 104//322 66//324 103//325
f 103//325 66//324 67//326
f 103//325 67//326 81//327
f 81//327 67//326 68//328
f 81//327 68//328 131//329
f 131//329 68//328 113//330
f 131//329 113//330 114//331
f 114//331 113//330 460//332
f 114//331 460//332 459//293
f 459//293 460//332 148//294
f 113//330 68//328 83//333
f 83//333 68//328 69//334
f 83//333 69//334 150//335
f 150//335 69//334 132//336
f 150//335 132//336 133//337
f 133//337 132//336 451//338
f 133//337 451//338 450//296
f 450//296 451//338 167//297
f 132//336 69//334 85//339
f 85//339 69//334 70//340
f 85//339 70//340 169//341
f 169//341 70//340 151//342
f 169//341 151//342 152//343
f 152//343 151//342 432//344
f 152//343 432//344 431//299
f 431//299 432//344 435//300
f 151//342 70//340 433//345
f 433//345 70//340 71//346
f 433//345 71//346 87//347
f 87//347 71//346 188//348
f 87//347 188//348 187//349
f 187//349 188//348 171//350
f 187//349 171//350 172//302
f 172//302 171//350 417//303
f 72//351 89//352 71//346
f 71//346 89//352 170//353
f 71//346 170//353 188//348
f 188//348 170//353 171//350
f 73//354 91//355 72//351
f 72//351 91//355 189//356
f 72//351 189//356 208//357
f 208//357 189//356 190//358
f 208//357 190//358 207//359
f 207//359 190//358 191//305
f 207//359 191//305 206//304
f 74//360 92//361 73//354
f 73//354 92//361 209//362
f 73//354 209//362 227//363
f 227//363 209//362 210//364
f 227//363 210//364 226//365
f 226//365 210//364 211//308
f 226//365 211//308 225//307
f 75//366 94//367 74//360
f 74//360 94//367 228//368
f 74//360 228//368 246//369
f 246//369 228//368 229//370
f 246//369 229//370 245//371
f 245//371 229//370 230//311
f 245//371 230//311 244//310
f 76//372 96//373 75//366
f 75//366 96//373 247//374
f 75//366 247//374 266//375
f 266//375 247//374 248//376
f 266//375 248//376 265//377
f 265//377 248//376 249//314
f 265//377 249//314 264//313
f 77//378 98//379 76//372
f 76//372 98//379 267//380
f 76//372 267//380 286//381
f 286//381 267//380 268//382
f 286//381 268//382 285//383
f 285//383 268//382 269//317
f 285//383 269//317 284//316
f 78//137 99//384 77//378
f 77//378 99//384 287//385
f 77//378 287//385 305//386
f 305//386 287//385 288//387
f 305//386 288//387 304//388
f 304//388 288//387 289//320
f 304//388 289//320 303//319
f 325//133 79//135 102//389
f 102//389 79//135 67//390
f 102//389 67//390 66//391
f 102//389 66//391 353//131
f 353//131 66//391 65//392
f 353//131 65//392 64//129
f 346//118 59//120 345//393
f 345//393 59//120 1//394
f 345//393 1//394 29//395
f 345//393 29//395 334//396
f 334//396 29//395 28//397
f 334//396 28//397 335//398
f 335//398 28//397 27//399
f 335//398 27//399 354//400
f 354//400 27//399 100//401
f 354//400 100//401 314//110
f 314//110 100//401 316//108
f 27//399 26//402 100//401
f 100//401 26//402 315//403
f 100//401 315//403 316//108
f 316//108 315//403 364//106
f 26//402 25//404 315//403
f 315//403 25//404 363//405
f 315//403 363//405 364//106
f 364//106 363//405 295//104
f 25//404 24//406 363//405
f 363//405 24//406 296//407
f 363//405 296//407 295//104
f 295//104 296//407 297//102
f 296//407 24//406 97//408
f 97//408 24//406 23//409
f 97//408 23//409 372//410
f 372//410 23//409 22//411
f 372//410 22//411 276//412
f 276//412 22//411 21//413
f 276//412 21//413 277//414
f 277//414 21//413 95//415
f 277//414 95//415 388//94
f 388//94 95//415 255//92
f 21//413 20//416 95//415
f 95//415 20//416 256//417
f 95//415 256//417 255//92
f 255//92 256//417 258//90
f 20//416 19//418 256//417
f 256//417 19//418 257//419
f 256//417 257//419 258//90
f 258//90 257//419 390//88
f 19//418 18//420 257//419
f 257//419 18//420 389//421
f 257//419 389//421 390//88
f 390//88 389//421 236//86
f 389//421 18//420 93//422
f 93//422 18//420 17//423
f 93//422 17//423 237//424
f 237//424 17//423 16//425
f 237//424 16//425 398//426
f 398//426 16//425 15//427
f 398//426 15//427 218//428
f 218//428 15//427 90//429
f 218//428 90//429 219//78
f 219//78 90//429 408//76
f 15//427 14//430 90//429
f 90//429 14//430 407//431
f 90//429 407//431 408//76
f 408//76 407//431 197//74
f 14//430 13//432 407//431
f 407//431 13//432 198//433
f 407//431 198//433 197//74
f 197//74 198//433 200//72
f 13//432 12//434 198//433
f 198//433 12//434 199//435
f 198//433 199//435 200//72
f 200//72 199//435 423//70
f 199//435 12//434 88//436
f 88//436 12//434 11//437
f 88//436 11//437 179//438
f 179//438 11//437 10//439
f 179//438 10//439 86//440
f 86//440 10//439 9//441
f 86//440 9//441 442//442
f 442//442 9//441 424//443
f 442//442 424//443 425//62
f 425//62 424//443 159//60
f 9//441 8//444 424//443
f 424//443 8//444 84//445
f 424//443 84//445 159//60
f 159//60 84//445 161//58
f 8//444 7//446 84//445
f 84//445 7//446 160//447
f 84//445 160//447 161//58
f 161//58 160//447 444//56
f 160//447 7//446 443//448
f 443//448 7//446 6//449
f 443//448 6//449 82//450
f 82//450 6//449 5//451
f 82//450 5//451 141//452
f 141//452 5//451 452//453
f 141//452 452//453 453//50
f 453//50 452//453 121//48
f 5//451 4//454 452//453
f 452//453 4//454 80//455
f 452//453 80//455 121//48
f 121//48 80//455 123//46
f 4//454 3//456 80//455
f 80//455 3//456 122//457
f 80//455 122//457 123//46
f 123//46 122//457 462//44
f 122//457 3//456 461//458
f 461//458 3//456 2//38
f 461//458 2//38 112//40
f 432//344 151//342 433//345
f 72//351 208//357 89//352
f 89//352 208//357 207//359
f 89//352 207//359 416//459
f 416//459 207//359 206//304
f 416//459 206//304 417//303
f 73//354 227//363 91//355
f 91//355 227//363 226//365
f 91//355 226//365 415//460
f 415//460 226//365 225//307
f 415//460 225//307 414//306
f 74//360 246//369 92//361
f 92//361 246//369 245//371
f 92//361 245//371 406//461
f 406//461 245//371 244//310
f 406//461 244//310 405//309
f 75//366 266//375 94//367
f 94//367 266//375 265//377
f 94//367 265//377 397//462
f 397//462 265//377 264//313
f 397//462 264//313 396//312
f 76//372 286//381 96//373
f 96//373 286//381 285//383
f 96//373 285//383 381//463
f 381//463 285//383 284//316
f 381//463 284//316 382//315
f 77//378 305//386 98//379
f 98//379 305//386 304//388
f 98//379 304//388 380//464
f 380//464 304//388 303//319
f 380//464 303//319 379//318
f 78//137 324//139 99//384
f 99//384 324//139 323//141
f 99//384 323//141 371//465
f 371//465 323//141 322//143
f 371//465 322//143 370//321
f 468//290 105//289 104//322
f 104//322 103//325 469//466
f 469//466 103//325 81//327
f 469//466 81//327 130//467
f 130//467 81//327 131//329
f 130//467 131//329 114//331
f 461//458 112//40 111//42
f 461//458 111//42 462//44
f 114//331 115//292 130//467
f 130//467 115//292 129//291
f 130//467 129//291 469//466
f 469//466 129//291 468//290
f 469//466 468//290 104//322
f 115//292 114//331 459//293
f 461//458 462//44 122//457
f 133//337 134//295 149//468
f 149//468 134//295 148//294
f 149//468 148//294 460//332
f 134//295 133//337 450//296
f 140//54 82//450 142//52
f 142//52 82//450 141//452
f 142//52 141//452 453//50
f 82//450 140//54 443//448
f 443//448 140//54 444//56
f 443//448 444//56 160//447
f 83//333 150//335 149//468
f 149//468 150//335 133//337
f 83//333 149//468 460//332
f 152//343 153//298 168//469
f 168//469 153//298 167//297
f 168//469 167//297 451//338
f 153//298 152//343 431//299
f 85//339 169//341 168//469
f 168//469 169//341 152//343
f 85//339 168//469 451//338
f 89//352 416//459 170//353
f 170//353 416//459 171//350
f 187//349 172//302 186//301
f 416//459 417//303 171//350
f 178//68 179//438 180//66
f 180//66 179//438 86//440
f 180//66 86//440 441//64
f 441//64 86//440 442//442
f 441//64 442//442 425//62
f 179//438 178//68 88//436
f 88//436 178//68 423//70
f 88//436 423//70 199//435
f 187//349 186//301 434//470
f 434//470 186//301 435//300
f 434//470 435//300 432//344
f 414//306 191//305 190//358
f 91//355 415//460 189//356
f 189//356 415//460 190//358
f 415//460 414//306 190//358
f 405//309 211//308 210//364
f 92//361 406//461 209//362
f 209//362 406//461 210//364
f 406//461 405//309 210//364
f 398//426 218//428 217//80
f 217//80 218//428 219//78
f 398//426 217//80 399//82
f 396//312 230//311 229//370
f 94//367 397//462 228//368
f 228//368 397//462 229//370
f 397//462 396//312 229//370
f 236//86 93//422 238//84
f 238//84 93//422 237//424
f 238//84 237//424 399//82
f 399//82 237//424 398//426
f 236//86 389//421 93//422
f 382//315 249//314 248//376
f 96//373 381//463 247//374
f 247//374 381//463 248//376
f 381//463 382//315 248//376
f 379//318 269//317 268//382
f 98//379 380//464 267//380
f 267//380 380//464 268//382
f 380//464 379//318 268//382
f 275//98 276//412 278//96
f 278//96 276//412 277//414
f 278//96 277//414 388//94
f 276//412 275//98 372//410
f 372//410 275//98 373//100
f 372//410 373//100 97//408
f 97//408 373//100 297//102
f 97//408 297//102 296//407
f 370//321 289//320 288//387
f 99//384 371//465 287//385
f 287//385 371//465 288//387
f 371//465 370//321 288//387
f 307//140 306//138 362//471
f 362//471 306//138 101//136
f 362//471 101//136 343//472
f 343//472 101//136 344//134
f 343//472 344//134 326//132
f 308//142 307//140 361//473
f 361//473 307//140 362//471
f 361//473 362//471 342//474
f 342//474 362//471 343//472
f 342//474 343//472 327//475
f 327//475 343//472 326//132
f 327//475 326//132 352//130
f 309//144 308//142 360//476
f 360//476 308//142 361//473
f 360//476 361//473 341//477
f 341//477 361//473 342//474
f 341//477 342//474 328//478
f 328//478 342//474 327//475
f 328//478 327//475 351//128
f 351//128 327//475 352//130
f 310//146 309//144 359//479
f 359//479 309//144 360//476
f 359//479 360//476 340//480
f 340//480 360//476 341//477
f 340//480 341//477 329//481
f 329//481 341//477 328//478
f 329//481 328//478 350//126
f 350//126 328//478 351//128
f 311//148 310//146 358//482
f 358//482 310//146 359//479
f 358//482 359//479 339//483
f 339//483 359//479 340//480
f 339//483 340//480 330//484
f 330//484 340//480 329//481
f 330//484 329//481 349//124
f 349//124 329//481 350//126
f 356//113 313//111 312//150
f 312//150 311//148 357//485
f 357//485 311//148 358//482
f 357//485 358//482 338//486
f 338//486 358//482 339//483
f 338//486 339//483 331//487
f 331//487 339//483 330//484
f 331//487 330//484 348//122
f 348//122 330//484 349//124
f 354//400 314//110 355//112
f 102//389 353//131 325//133
f 331//487 332//117 338//486
f 338//486 332//117 337//115
f 338//486 337//115 357//485
f 357//485 337//115 356//113
f 357//485 356//113 312//150
f 348//122 347//119 331//487
f 331//487 347//119 332//117
f 333//116 334//396 336//114
f 336//114 334//396 335//398
f 336//114 335//398 355//112
f 355//112 335//398 354//400
f 346//118 345//393 333//116
f 333//116 345//393 334//396
f 432//344 433//345 434//470
f 434//470 433//345 87//347
f 434//470 87//347 187//349
f 132//336 85//339 451//338
f 113//330 83//333 460//332

g face 2
f 471//488 510//489 470//490
f 470//491 510//492 511//493
f 470//491 511//493 501//494
f 501//494 511//493 500//495
f 500//495 511//493 512//496
f 500//495 512//496 499//497
f 499//497 512//496 498//498
f 498//498 512//496 513//499
f 498//498 513//499 497//500
f 497//500 513//499 496//501
f 496//501 513//499 514//502
f 496//501 514//502 495//503
f 495//503 514//502 494//504
f 494//504 514//502 515//505
f 494//504 515//505 493//506
f 493//506 515//505 516//507
f 493//506 516//507 492//508
f 492//508 516//507 491//509
f 491//509 516//507 517//510
f 491//509 517//510 490//511
f 490//511 517//510 489//512
f 489//512 517//510 518//513
f 489//512 518//513 488//514
f 488//514 518//513 487//515
f 487//515 518//513 502//516
f 487//515 502//516 486//516
f 486//516 502//516 485//517
f 485//517 502//516 503//518
f 485//517 503//518 484//519
f 484//519 503//518 483//520
f 483//520 503//518 504//521
f 483//520 504//521 482//522
f 482//522 504//521 481//523
f 481//523 504//521 505//524
f 481//523 505//524 480//525
f 480//525 505//524 479//526
f 479//526 505//524 506//527
f 479//526 506//527 478//528
f 478//528 506//527 507//529
f 478//528 507//529 477//530
f 477//530 507//529 476//531
f 476//531 507//529 508//532
f 476//531 508//532 475//533
f 475//533 508//532 474//534
f 474//534 508//532 509//535
f 474//534 509//535 473//536
f 473//536 509//535 472//537
f 472//537 509//535 510//489
f 472//537 510//489 471//488

g face 3
f 503//538 502//516 561//539
f 561//539 502//516 519//540
f 561//539 519//540 598//541
f 598//541 519//540 520//542
f 598//541 520//542 597//543
f 597//543 520//542 521//544
f 597//543 521//544 596//545
f 596//545 521//544 522//546
f 596//545 522//546 595//547
f 595//547 522//546 594//548
f 595//547 594//548 608//549
f 608//549 594//548 607//550
f 608//549 607//550 621//551
f 621//551 607//550 620//552
f 621//551 620//552 643//553
f 643//553 620//552 644//554
f 643//553 644//554 635//555
f 635//555 644//554 634//556
f 635//555 634//556 662//557
f 662//557 634//556 661//558
f 662//557 661//558 675//559
f 675//559 661//558 674//560
f 675//559 674//560 697//561
f 697//561 674//560 698//562
f 697//561 698//562 689//563
f 689//563 698//562 688//564
f 689//563 688//564 714//565
f 714//565 688//564 713//566
f 714//565 713//566 736//567
f 736//567 713//566 737//568
f 736//567 737//568 728//569
f 728//569 737//568 727//570
f 728//569 727//570 755//571
f 755//571 727//570 754//572
f 755//571 754//572 768//573
f 768//573 754//572 767//574
f 768//573 767//574 789//575
f 789//575 767//574 790//576
f 789//575 790//576 781//577
f 781//577 790//576 780//578
f 781//577 780//578 808//579
f 808//579 780//578 807//580
f 808//579 807//580 822//581
f 822//581 807//580 821//582
f 822//581 821//582 836//583
f 836//583 821//582 835//584
f 836//583 835//584 857//585
f 857//585 835//584 858//586
f 857//585 858//586 849//587
f 849//587 858//586 848//588
f 849//587 848//588 875//589
f 875//589 848//588 874//590
f 875//589 874//590 889//591
f 889//591 874//590 888//592
f 889//591 888//592 902//593
f 902//593 888//592 901//594
f 902//593 901//594 924//595
f 924//595 901//594 925//596
f 924//595 925//596 916//597
f 916//597 925//596 915//598
f 916//597 915//598 942//599
f 942//599 915//598 941//600
f 942//599 941//600 956//601
f 956//601 941//600 955//602
f 956//601 955//602 968//603
f 968//603 955//602 967//604
f 968//603 967//604 990//605
f 990//605 967//604 991//606
f 990//605 991//606 982//607
f 982//607 991//606 981//608
f 982//607 981//608 1009//609
f 1009//609 981//608 1008//610
f 1009//609 1008//610 1022//611
f 1022//611 1008//610 1021//612
f 1022//611 1021//612 1035//613
f 1035//613 1021//612 1034//614
f 1035//613 1034//614 1057//615
f 1057//615 1034//614 1058//616
f 1057//615 1058//616 1048//617
f 1048//617 1058//616 1047//618
f 1048//617 1047//618 1076//619
f 1076//619 1047//618 1075//620
f 1076//619 1075//620 1089//621
f 1089//621 1075//620 1088//622
f 1089//621 1088//622 1103//623
f 1103//623 1088//622 1102//624
f 1103//623 1102//624 522//625
f 522//625 1102//624 523//626
f 523//626 1102//624 1101//627
f 523//626 1101//627 524//628
f 524//628 1101//627 1100//629
f 524//628 1100//629 525//630
f 525//630 1100//629 1099//631
f 525//630 1099//631 1098//632
f 1098//632 1099//631 1084//633
f 1098//632 1084//633 1083//634
f 1083//634 1084//633 1070//635
f 1083//634 1070//635 1069//636
f 1069//636 1070//635 1041//637
f 1069//636 1041//637 1040//638
f 1040//638 1041//637 1065//639
f 1040//638 1065//639 1066//640
f 1066//640 1065//639 583//641
f 1066//640 583//641 557//642
f 557//642 583//641 556//643
f 556//643 583//641 1013//644
f 556//643 1013//644 555//645
f 555//645 1013//644 1000//646
f 555//645 1000//646 554//647
f 554//647 1000//646 973//648
f 554//647 973//648 553//649
f 553//649 973//648 999//650
f 553//649 999//650 580//651
f 580//651 999//650 998//652
f 580//651 998//652 960//653
f 960//653 998//652 997//654
f 960//653 997//654 961//655
f 961//655 997//654 996//656
f 961//655 996//656 962//657
f 962//657 996//656 995//658
f 962//657 995//658 963//659
f 963//659 995//658 994//660
f 963//659 994//660 964//661
f 964//661 994//660 993//662
f 964//661 993//662 965//663
f 965//663 993//662 992//664
f 965//663 992//664 966//665
f 966//665 992//664 991//606
f 966//665 991//606 967//604
f 522//546 523//666 594//548
f 594//548 523//666 593//667
f 594//548 593//667 607//550
f 607//550 593//667 606//668
f 607//550 606//668 620//552
f 620//552 606//668 619//669
f 620//552 619//669 644//554
f 644//554 619//669 645//670
f 644//554 645//670 634//556
f 634//556 645//670 633//671
f 634//556 633//671 661//558
f 661//558 633//671 660//672
f 661//558 660//672 674//560
f 674//560 660//672 673//673
f 674//560 673//673 698//562
f 698//562 673//673 699//674
f 698//562 699//674 688//564
f 688//564 699//674 687//675
f 688//564 687//675 713//566
f 713//566 687//675 712//676
f 713//566 712//676 737//568
f 737//568 712//676 738//677
f 737//568 738//677 727//570
f 727//570 738//677 726//678
f 727//570 726//678 754//572
f 754//572 726//678 753//679
f 754//572 753//679 767//574
f 767//574 753//679 766//680
f 767//574 766//680 790//576
f 790//576 766//680 791//681
f 790//576 791//681 780//578
f 780//578 791//681 779//682
f 780//578 779//682 807//580
f 807//580 779//682 806//683
f 807//580 806//683 821//582
f 821//582 806//683 820//684
f 821//582 820//684 835//584
f 835//584 820//684 834//685
f 835//584 834//685 858//586
f 858//586 834//685 859//686
f 858//586 859//686 848//588
f 848//588 859//686 847//687
f 848//588 847//687 874//590
f 874//590 847//687 873//688
f 874//590 873//688 888//592
f 888//592 873//688 887//689
f 888//592 887//689 901//594
f 901//594 887//689 900//690
f 901//594 900//690 925//596
f 925//596 900//690 926//691
f 925//596 926//691 915//598
f 915//598 926//691 914//692
f 915//598 914//692 941//600
f 941//600 914//692 940//693
f 941//600 940//693 955//602
f 955//602 940//693 954//694
f 955//602 954//694 967//604
f 967//604 954//694 966//665
f 523//666 524//695 593//667
f 593//667 524//695 592//696
f 593//667 592//696 606//668
f 606//668 592//696 605//697
f 606//668 605//697 619//669
f 619//669 605//697 618//698
f 619//669 618//698 645//670
f 645//670 618//698 646//699
f 645//670 646//699 633//671
f 633//671 646//699 632//700
f 633//671 632//700 660//672
f 660//672 632//700 659//701
f 660//672 659//701 673//673
f 673//673 659//701 672//702
f 673//673 672//702 699//674
f 699//674 672//702 700//703
f 699//674 700//703 687//675
f 687//675 700//703 686//704
f 687//675 686//704 712//676
f 712//676 686//704 711//705
f 712//676 711//705 738//677
f 738//677 711//705 739//706
f 738//677 739//706 726//678
f 726//678 739//706 725//707
f 726//678 725//707 753//679
f 753//679 725//707 752//708
f 753//679 752//708 766//680
f 766//680 752//708 765//709
f 766//680 765//709 791//681
f 791//681 765//709 792//710
f 791//681 792//710 779//682
f 779//682 792//710 778//711
f 779//682 778//711 806//683
f 806//683 778//711 805//712
f 806//683 805//712 820//684
f 820//684 805//712 819//713
f 820//684 819//713 834//685
f 834//685 819//713 833//714
f 834//685 833//714 859//686
f 859//686 833//714 860//715
f 859//686 860//715 847//687
f 847//687 860//715 846//716
f 847//687 846//716 873//688
f 873//688 846//716 872//717
f 873//688 872//717 887//689
f 887//689 872//717 886//718
f 887//689 886//718 900//690
f 900//690 886//718 899//719
f 900//690 899//719 926//691
f 926//691 899//719 927//720
f 926//691 927//720 914//692
f 914//692 927//720 913//721
f 914//692 913//721 940//693
f 940//693 913//721 939//722
f 940//693 939//722 954//694
f 954//694 939//722 953//723
f 954//694 953//723 966//665
f 966//665 953//723 965//663
f 524//695 525//724 592//696
f 592//696 525//724 591//725
f 592//696 591//725 605//697
f 605//697 591//725 604//726
f 605//697 604//726 618//698
f 618//698 604//726 617//727
f 618//698 617//727 646//699
f 646//699 617//727 647//728
f 646//699 647//728 632//700
f 632//700 647//728 631//729
f 632//700 631//729 659//701
f 659//701 631//729 658//730
f 659//701 658//730 672//702
f 672//702 658//730 671//731
f 672//702 671//731 700//703
f 700//703 671//731 701//732
f 700//703 701//732 686//704
f 686//704 701//732 685//733
f 686//704 685//733 711//705
f 711//705 685//733 710//734
f 711//705 710//734 739//706
f 739//706 710//734 740//735
f 739//706 740//735 725//707
f 725//707 740//735 724//736
f 725//707 724//736 752//708
f 752//708 724//736 751//737
f 752//708 751//737 765//709
f 765//709 751//737 764//738
f 765//709 764//738 792//710
f 792//710 764//738 793//739
f 792//710 793//739 778//711
f 778//711 793//739 777//740
f 778//711 777//740 805//712
f 805//712 777//740 804//741
f 805//712 804//741 819//713
f 819//713 804//741 818//742
f 819//713 818//742 833//714
f 833//714 818//742 832//743
f 833//714 832//743 860//715
f 860//715 832//743 861//744
f 860//715 861//744 846//716
f 846//716 861//744 845//745
f 846//716 845//745 872//717
f 872//717 845//745 871//746
f 872//717 871//746 886//718
f 886//718 871//746 885//747
f 886//718 885//747 899//719
f 899//719 885//747 898//748
f 899//719 898//748 927//720
f 927//720 898//748 928//749
f 927//720 928//749 913//721
f 913//721 928//749 912//750
f 913//721 912//750 939//722
f 939//722 912//750 938//751
f 939//722 938//751 953//723
f 953//723 938//751 952//752
f 953//723 952//752 965//663
f 965//663 952//752 964//661
f 591//725 525//724 590//753
f 590//753 525//724 526//754
f 590//753 526//754 589//755
f 589//755 526//754 527//756
f 589//755 527//756 588//757
f 588//757 527//756 528//758
f 588//757 528//758 587//759
f 587//759 528//758 529//760
f 587//759 529//760 586//761
f 586//761 529//760 530//516
f 586//761 530//516 531//762
f 586//761 531//762 599//763
f 599//763 531//762 532//764
f 599//763 532//764 563//765
f 563//765 532//764 533//766
f 563//765 533//766 652//767
f 652//767 533//766 626//768
f 652//767 626//768 627//769
f 627//769 626//768 654//770
f 627//769 654//770 655//771
f 655//771 654//770 668//772
f 655//771 668//772 669//773
f 669//773 668//772 703//774
f 669//773 703//774 702//775
f 702//775 703//774 684//776
f 702//775 684//776 685//733
f 685//733 684//776 710//734
f 533//766 534//777 626//768
f 626//768 534//777 653//778
f 626//768 653//778 654//770
f 654//770 653//778 667//779
f 654//770 667//779 668//772
f 668//772 667//779 704//780
f 668//772 704//780 703//774
f 703//774 704//780 683//781
f 703//774 683//781 684//776
f 684//776 683//781 709//782
f 684//776 709//782 710//734
f 710//734 709//782 740//735
f 534//777 535//783 653//778
f 653//778 535//783 666//784
f 653//778 666//784 667//779
f 667//779 666//784 705//785
f 667//779 705//785 704//780
f 704//780 705//785 682//786
f 704//780 682//786 683//781
f 683//781 682//786 708//787
f 683//781 708//787 709//782
f 709//782 708//787 741//788
f 709//782 741//788 740//735
f 740//735 741//788 724//736
f 666//784 535//783 566//789
f 566//789 535//783 536//790
f 566//789 536//790 680//791
f 680//791 536//790 537//792
f 680//791 537//792 568//793
f 568//793 537//792 538//794
f 568//793 538//794 745//795
f 745//795 538//794 719//796
f 745//795 719//796 720//797
f 720//797 719//796 747//798
f 720//797 747//798 748//799
f 748//799 747//798 761//800
f 748//799 761//800 762//801
f 762//801 761//800 795//802
f 762//801 795//802 794//803
f 794//803 795//802 776//804
f 794//803 776//804 777//740
f 777//740 776//804 804//741
f 538//794 539//805 719//796
f 719//796 539//805 746//806
f 719//796 746//806 747//798
f 747//798 746//806 760//807
f 747//798 760//807 761//800
f 761//800 760//807 796//808
f 761//800 796//808 795//802
f 795//802 796//808 775//809
f 795//802 775//809 776//804
f 776//804 775//809 803//810
f 776//804 803//810 804//741
f 804//741 803//810 818//742
f 539//805 540//811 746//806
f 746//806 540//811 570//812
f 746//806 570//812 760//807
f 760//807 570//812 797//813
f 760//807 797//813 796//808
f 796//808 797//813 774//814
f 796//808 774//814 775//809
f 775//809 774//814 802//815
f 775//809 802//815 803//810
f 803//810 802//815 817//816
f 803//810 817//816 818//742
f 818//742 817//816 832//743
f 540//811 541//817 570//812
f 570//812 541//817 798//818
f 570//812 798//818 797//813
f 797//813 798//818 773//819
f 797//813 773//819 774//814
f 774//814 773//819 801//820
f 774//814 801//820 802//815
f 802//815 801//820 816//821
f 802//815 816//821 817//816
f 817//816 816//821 831//822
f 817//816 831//822 832//743
f 832//743 831//822 861//744
f 798//818 541//817 772//823
f 772//823 541//817 542//824
f 772//823 542//824 799//825
f 799//825 542//824 543//826
f 799//825 543//826 813//827
f 813//827 543//826 544//828
f 813//827 544//828 827//829
f 827//829 544//828 574//830
f 827//829 574//830 865//831
f 865//831 574//830 841//832
f 865//831 841//832 842//833
f 842//833 841//832 868//834
f 842//833 868//834 869//835
f 869//835 868//834 883//836
f 869//835 883//836 884//837
f 884//837 883//836 897//838
f 884//837 897//838 898//748
f 898//748 897//838 928//749
f 544//828 545//839 574//830
f 574//830 545//839 840//840
f 574//830 840//840 841//832
f 841//832 840//840 867//841
f 841//832 867//841 868//834
f 868//834 867//841 882//842
f 868//834 882//842 883//836
f 883//836 882//842 896//843
f 883//836 896//843 897//838
f 897//838 896//843 929//844
f 897//838 929//844 928//749
f 928//749 929//844 912//750
f 545//839 546//845 840//840
f 840//840 546//845 866//846
f 840//840 866//846 867//841
f 867//841 866//846 881//847
f 867//841 881//847 882//842
f 882//842 881//847 895//848
f 882//842 895//848 896//843
f 896//843 895//848 930//849
f 896//843 930//849 929//844
f 929//844 930//849 911//850
f 929//844 911//850 912//750
f 912//750 911//850 938//751
f 546//845 547//851 866//846
f 866//846 547//851 880//852
f 866//846 880//852 881//847
f 881//847 880//852 894//853
f 881//847 894//853 895//848
f 895//848 894//853 931//854
f 895//848 931//854 930//849
f 930//849 931//854 910//855
f 930//849 910//855 911//850
f 911//850 910//855 937//856
f 911//850 937//856 938//751
f 938//751 937//856 952//752
f 547//851 548//857 880//852
f 880//852 548//857 893//858
f 880//852 893//858 894//853
f 894//853 893//858 932//859
f 894//853 932//859 931//854
f 931//854 932//859 909//860
f 931//854 909//860 910//855
f 910//855 909//860 936//861
f 910//855 936//861 937//856
f 937//856 936//861 951//862
f 937//856 951//862 952//752
f 952//752 951//862 964//661
f 893//858 548//857 577//863
f 577//863 548//857 549//864
f 577//863 549//864 907//865
f 907//865 549//864 550//866
f 907//865 550//866 933//867
f 933//867 550//866 551//868
f 933//867 551//868 947//869
f 947//869 551//868 552//870
f 947//869 552//870 580//651
f 580//651 552//870 553//649
f 1066//640 557//642 1039//871
f 1039//871 557//642 558//872
f 1039//871 558//872 1067//873
f 1067//873 558//872 559//874
f 1067//873 559//874 1080//875
f 1080//875 559//874 560//876
f 1080//875 560//876 1094//877
f 1094//877 560//876 530//878
f 1094//877 530//878 529//879
f 1094//877 529//879 1095//880
f 1095//880 529//879 528//881
f 1095//880 528//881 1096//882
f 1096//882 528//881 527//883
f 1096//882 527//883 1097//884
f 1097//884 527//883 526//885
f 1097//884 526//885 1098//632
f 1098//632 526//885 525//630
f 1103//623 522//625 1104//886
f 1104//886 522//625 521//887
f 1104//886 521//887 1105//888
f 1105//888 521//887 520//889
f 1105//888 520//889 1106//890
f 1106//890 520//889 519//891
f 1106//890 519//891 585//892
f 585//892 519//891 502//878
f 585//892 502//878 518//893
f 517//510 584//894 518//893
f 518//893 584//894 1093//895
f 518//893 1093//895 585//892
f 585//892 1093//895 1092//896
f 585//892 1092//896 1106//890
f 1106//890 1092//896 1091//897
f 1106//890 1091//897 1105//888
f 1105//888 1091//897 1090//898
f 1105//888 1090//898 1104//886
f 1104//886 1090//898 1089//621
f 1104//886 1089//621 1103//623
f 516//899 582//900 517//510
f 517//510 582//900 1053//901
f 517//510 1053//901 1052//902
f 1052//902 1053//901 1054//903
f 1052//902 1054//903 1051//904
f 1051//904 1054//903 1055//905
f 1051//904 1055//905 1050//906
f 1050//906 1055//905 1056//907
f 1050//906 1056//907 1049//908
f 1049//908 1056//907 1057//615
f 1049//908 1057//615 1048//617
f 515//909 581//910 516//899
f 516//899 581//910 1026//911
f 516//899 1026//911 582//900
f 582//900 1026//911 1025//912
f 582//900 1025//912 1038//913
f 1038//913 1025//912 1024//914
f 1038//913 1024//914 1037//915
f 1037//915 1024//914 1023//916
f 1037//915 1023//916 1036//917
f 1036//917 1023//916 1022//611
f 1036//917 1022//611 1035//613
f 514//502 579//918 515//909
f 515//909 579//918 986//919
f 515//909 986//919 581//910
f 581//910 986//919 985//920
f 581//910 985//920 1012//921
f 1012//921 985//920 984//922
f 1012//921 984//922 1011//923
f 1011//923 984//922 983//924
f 1011//923 983//924 1010//925
f 1010//925 983//924 982//607
f 1010//925 982//607 1009//609
f 513//926 578//927 514//502
f 514//502 578//927 972//928
f 514//502 972//928 579//918
f 579//918 972//928 971//929
f 579//918 971//929 987//930
f 987//930 971//929 970//931
f 987//930 970//931 988//932
f 988//932 970//931 969//933
f 988//932 969//933 989//934
f 989//934 969//933 968//603
f 989//934 968//603 990//605
f 512//935 576//936 513//926
f 513//926 576//936 920//937
f 513//926 920//937 946//938
f 946//938 920//937 919//939
f 946//938 919//939 945//940
f 945//940 919//939 918//941
f 945//940 918//941 944//942
f 944//942 918//941 917//943
f 944//942 917//943 943//944
f 943//944 917//943 916//597
f 943//944 916//597 942//599
f 511//945 575//946 512//935
f 512//935 575//946 906//947
f 512//935 906//947 576//936
f 576//936 906//947 905//948
f 576//936 905//948 921//949
f 921//949 905//948 904//950
f 921//949 904//950 922//951
f 922//951 904//950 903//952
f 922//951 903//952 923//953
f 923//953 903//952 902//593
f 923//953 902//593 924//595
f 510//954 573//955 511//945
f 511//945 573//955 879//956
f 511//945 879//956 575//946
f 575//946 879//956 878//957
f 575//946 878//957 892//958
f 892//958 878//957 877//959
f 892//958 877//959 891//960
f 891//960 877//959 876//961
f 891//960 876//961 890//962
f 890//962 876//961 875//589
f 890//962 875//589 889//591
f 509//535 572//963 510//954
f 510//954 572//963 853//964
f 510//954 853//964 573//955
f 573//955 853//964 854//965
f 573//955 854//965 852//966
f 852//966 854//965 855//967
f 852//966 855//967 851//968
f 851//968 855//967 856//969
f 851//968 856//969 850//970
f 850//970 856//969 857//585
f 850//970 857//585 849//587
f 508//971 571//972 509//535
f 509//535 571//972 812//973
f 509//535 812//973 826//974
f 826//974 812//973 811//975
f 826//974 811//975 825//976
f 825//976 811//975 810//977
f 825//976 810//977 824//978
f 824//978 810//977 809//979
f 824//978 809//979 823//980
f 823//980 809//979 808//579
f 823//980 808//579 822//581
f 507//981 569//982 508//971
f 508//971 569//982 785//983
f 508//971 785//983 571//972
f 571//972 785//983 786//984
f 571//972 786//984 784//985
f 784//985 786//984 787//986
f 784//985 787//986 783//987
f 783//987 787//986 788//988
f 783//987 788//988 782//989
f 782//989 788//988 789//575
f 782//989 789//575 781//577
f 506//527 567//990 507//981
f 507//981 567//990 732//991
f 507//981 732//991 759//992
f 759//992 732//991 731//993
f 759//992 731//993 758//994
f 758//994 731//993 730//995
f 758//994 730//995 757//996
f 757//996 730//995 729//997
f 757//996 729//997 756//998
f 756//998 729//997 728//569
f 756//998 728//569 755//571
f 505//999 565//1000 506//527
f 506//527 565//1000 718//1001
f 506//527 718//1001 567//990
f 567//990 718//1001 717//1002
f 567//990 717//1002 733//1003
f 733//1003 717//1002 716//1004
f 733//1003 716//1004 734//1005
f 734//1005 716//1004 715//1006
f 734//1005 715//1006 735//1007
f 735//1007 715//1006 714//565
f 735//1007 714//565 736//567
f 504//1008 564//1009 505//999
f 505//999 564//1009 679//1010
f 505//999 679//1010 693//1011
f 693//1011 679//1010 678//1012
f 693//1011 678//1012 694//1013
f 694//1013 678//1012 677//1014
f 694//1013 677//1014 695//1015
f 695//1015 677//1014 676//1016
f 695//1015 676//1016 696//1017
f 696//1017 676//1016 675//559
f 696//1017 675//559 697//561
f 503//538 562//1018 504//1008
f 504//1008 562//1018 639//1019
f 504//1008 639//1019 564//1009
f 564//1009 639//1019 638//1020
f 564//1009 638//1020 665//1021
f 665//1021 638//1020 637//1022
f 665//1021 637//1022 664//1023
f 664//1023 637//1022 636//1024
f 664//1023 636//1024 663//1025
f 663//1025 636//1024 635//555
f 663//1025 635//555 662//557
f 562//1018 503//538 625//1026
f 625//1026 503//538 612//1027
f 625//1026 612//1027 611//1028
f 611//1028 612//1027 598//541
f 611//1028 598//541 597//543
f 505//999 693//1011 565//1000
f 565//1000 693//1011 694//1013
f 565//1000 694//1013 692//1029
f 692//1029 694//1013 695//1015
f 692//1029 695//1015 691//1030
f 691//1030 695//1015 696//1017
f 691//1030 696//1017 690//1031
f 690//1031 696//1017 697//561
f 690//1031 697//561 689//563
f 507//981 759//992 569//982
f 569//982 759//992 758//994
f 569//982 758//994 771//1032
f 771//1032 758//994 757//996
f 771//1032 757//996 770//1033
f 770//1033 757//996 756//998
f 770//1033 756//998 769//1034
f 769//1034 756//998 755//571
f 769//1034 755//571 768//573
f 509//535 826//974 572//963
f 572//963 826//974 825//976
f 572//963 825//976 839//1035
f 839//1035 825//976 824//978
f 839//1035 824//978 838//1036
f 838//1036 824//978 823//980
f 838//1036 823//980 837//1037
f 837//1037 823//980 822//581
f 837//1037 822//581 836//583
f 513//926 946//938 578//927
f 578//927 946//938 945//940
f 578//927 945//940 959//1038
f 959//1038 945//940 944//942
f 959//1038 944//942 958//1039
f 958//1039 944//942 943//944
f 958//1039 943//944 957//1040
f 957//1040 943//944 942//599
f 957//1040 942//599 956//601
f 517//510 1052//902 584//894
f 584//894 1052//902 1051//904
f 584//894 1051//904 1079//1041
f 1079//1041 1051//904 1050//906
f 1079//1041 1050//906 1078//1042
f 1078//1042 1050//906 1049//908
f 1078//1042 1049//908 1077//1043
f 1077//1043 1049//908 1048//617
f 1077//1043 1048//617 1076//619
f 587//759 586//761 600//1044
f 600//1044 586//761 599//763
f 600//1044 599//763 613//1045
f 613//1045 599//763 563//765
f 613//1045 563//765 651//1046
f 651//1046 563//765 652//767
f 651//1046 652//767 627//769
f 588//757 587//759 601//1047
f 601//1047 587//759 600//1044
f 601//1047 600//1044 614//1048
f 614//1048 600//1044 613//1045
f 614//1048 613//1045 650//1049
f 650//1049 613//1045 651//1046
f 650//1049 651//1046 628//1050
f 628//1050 651//1046 627//769
f 628//1050 627//769 655//771
f 589//755 588//757 602//1051
f 602//1051 588//757 601//1047
f 602//1051 601//1047 615//1052
f 615//1052 601//1047 614//1048
f 615//1052 614//1048 649//1053
f 649//1053 614//1048 650//1049
f 649//1053 650//1049 629//1054
f 629//1054 650//1049 628//1050
f 629//1054 628//1050 656//1055
f 656//1055 628//1050 655//771
f 656//1055 655//771 669//773
f 604//726 591//725 590//753
f 590//753 589//755 603//1056
f 603//1056 589//755 602//1051
f 603//1056 602//1051 616//1057
f 616//1057 602//1051 615//1052
f 616//1057 615//1052 648//1058
f 648//1058 615//1052 649//1053
f 648//1058 649//1053 630//1059
f 630//1059 649//1053 629//1054
f 630//1059 629//1054 657//1060
f 657//1060 629//1054 656//1055
f 657//1060 656//1055 670//1061
f 670//1061 656//1055 669//773
f 670//1061 669//773 702//775
f 596//545 595//547 609//1062
f 609//1062 595//547 608//549
f 609//1062 608//549 622//1063
f 622//1063 608//549 621//551
f 622//1063 621//551 642//1064
f 642//1064 621//551 643//553
f 642//1064 643//553 636//1024
f 636//1024 643//553 635//555
f 597//543 596//545 610//1065
f 610//1065 596//545 609//1062
f 610//1065 609//1062 623//1066
f 623//1066 609//1062 622//1063
f 623//1066 622//1063 641//1067
f 641//1067 622//1063 642//1064
f 641//1067 642//1064 637//1022
f 637//1022 642//1064 636//1024
f 598//541 612//1027 561//539
f 561//539 612//1027 503//538
f 617//727 604//726 603//1056
f 603//1056 604//726 590//753
f 617//727 603//1056 616//1057
f 597//543 610//1065 611//1028
f 611//1028 610//1065 624//1068
f 611//1028 624//1068 625//1026
f 625//1026 624//1068 562//1018
f 624//1068 610//1065 623//1066
f 647//728 617//727 616//1057
f 647//728 616//1057 648//1058
f 624//1068 623//1066 640//1069
f 640//1069 623//1066 641//1067
f 640//1069 641//1067 638//1020
f 638//1020 641//1067 637//1022
f 647//728 648//1058 631//729
f 631//729 648//1058 630//1059
f 631//729 630//1059 658//730
f 658//730 630//1059 657//1060
f 658//730 657//1060 671//731
f 671//731 657//1060 670//1061
f 671//731 670//1061 701//732
f 701//732 670//1061 702//775
f 701//732 702//775 685//733
f 638//1020 639//1019 640//1069
f 640//1069 639//1019 562//1018
f 640//1069 562//1018 624//1068
f 675//559 676//1016 662//557
f 662//557 676//1016 663//1025
f 676//1016 677//1014 663//1025
f 663//1025 677//1014 664//1023
f 679//1010 564//1009 665//1021
f 677//1014 678//1012 664//1023
f 664//1023 678//1012 665//1021
f 678//1012 679//1010 665//1021
f 680//791 681//1070 566//789
f 566//789 681//1070 705//785
f 566//789 705//785 666//784
f 705//785 681//1070 682//786
f 682//786 681//1070 707//1071
f 682//786 707//1071 708//787
f 708//787 707//1071 742//1072
f 708//787 742//1072 741//788
f 741//788 742//1072 723//1073
f 741//788 723//1073 724//736
f 724//736 723//1073 751//737
f 681//1070 680//791 706//1074
f 706//1074 680//791 568//793
f 706//1074 568//793 744//1075
f 744//1075 568//793 745//795
f 744//1075 745//795 720//797
f 714//565 715//1006 689//563
f 689//563 715//1006 690//1031
f 715//1006 716//1004 690//1031
f 690//1031 716//1004 691//1030
f 718//1001 565//1000 692//1029
f 716//1004 717//1002 691//1030
f 691//1030 717//1002 692//1029
f 717//1002 718//1001 692//1029
f 681//1070 706//1074 707//1071
f 707//1071 706//1074 743//1076
f 707//1071 743//1076 742//1072
f 742//1072 743//1076 722//1077
f 742//1072 722//1077 723//1073
f 723//1073 722//1077 750//1078
f 723//1073 750//1078 751//737
f 751//737 750//1078 764//738
f 743//1076 706//1074 744//1075
f 743//1076 744//1075 721//1079
f 721//1079 744//1075 720//797
f 721//1079 720//797 748//799
f 743//1076 721//1079 722//1077
f 722//1077 721//1079 749//1080
f 722//1077 749//1080 750//1078
f 750//1078 749//1080 763//1081
f 750//1078 763//1081 764//738
f 764//738 763//1081 793//739
f 749//1080 721//1079 748//799
f 735//1007 736//567 729//997
f 729//997 736//567 728//569
f 734//1005 735//1007 730//995
f 730//995 735//1007 729//997
f 733//1003 734//1005 731//993
f 731//993 734//1005 730//995
f 567//990 733//1003 732//991
f 732//991 733//1003 731//993
f 763//1081 749//1080 762//801
f 762//801 749//1080 748//799
f 793//739 763//1081 794//803
f 794//803 763//1081 762//801
f 789//575 788//988 768//573
f 768//573 788//988 769//1034
f 788//988 787//986 769//1034
f 769//1034 787//986 770//1033
f 785//983 569//982 771//1032
f 787//986 786//984 770//1033
f 770//1033 786//984 771//1032
f 786//984 785//983 771//1032
f 798//818 772//823 773//819
f 773//819 772//823 800//1082
f 773//819 800//1082 801//820
f 801//820 800//1082 815//1083
f 801//820 815//1083 816//821
f 816//821 815//1083 830//1084
f 816//821 830//1084 831//822
f 831//822 830//1084 862//1085
f 831//822 862//1085 861//744
f 861//744 862//1085 845//745
f 793//739 794//803 777//740
f 808//579 809//979 781//577
f 781//577 809//979 782//989
f 809//979 810//977 782//989
f 782//989 810//977 783//987
f 812//973 571//972 784//985
f 810//977 811//975 783//987
f 783//987 811//975 784//985
f 811//975 812//973 784//985
f 772//823 799//825 800//1082
f 800//1082 799//825 814//1086
f 800//1082 814//1086 815//1083
f 815//1083 814//1086 829//1087
f 815//1083 829//1087 830//1084
f 830//1084 829//1087 863//1088
f 830//1084 863//1088 862//1085
f 862//1085 863//1088 844//1089
f 862//1085 844//1089 845//745
f 845//745 844//1089 871//746
f 799//825 813//827 814//1086
f 814//1086 813//827 828//1090
f 814//1086 828//1090 829//1087
f 829//1087 828//1090 864//1091
f 829//1087 864//1091 863//1088
f 863//1088 864//1091 843//1092
f 863//1088 843//1092 844//1089
f 844//1089 843//1092 870//1093
f 844//1089 870//1093 871//746
f 871//746 870//1093 885//747
f 813//827 827//829 828//1090
f 828//1090 827//829 865//831
f 828//1090 865//831 864//1091
f 864//1091 865//831 842//833
f 864//1091 842//833 843//1092
f 843//1092 842//833 869//835
f 843//1092 869//835 870//1093
f 870//1093 869//835 884//837
f 870//1093 884//837 885//747
f 885//747 884//837 898//748
f 857//585 856//969 836//583
f 836//583 856//969 837//1037
f 856//969 855//967 837//1037
f 837//1037 855//967 838//1036
f 853//964 572//963 839//1035
f 855//967 854//965 838//1036
f 838//1036 854//965 839//1035
f 854//965 853//964 839//1035
f 875//589 876//961 849//587
f 849//587 876//961 850//970
f 876//961 877//959 850//970
f 850//970 877//959 851//968
f 879//956 573//955 852//966
f 877//959 878//957 851//968
f 851//968 878//957 852//966
f 878//957 879//956 852//966
f 902//593 903//952 889//591
f 889//591 903//952 890//962
f 903//952 904//950 890//962
f 890//962 904//950 891//960
f 906//947 575//946 892//958
f 904//950 905//948 891//960
f 891//960 905//948 892//958
f 905//948 906//947 892//958
f 907//865 908//1094 577//863
f 577//863 908//1094 932//859
f 577//863 932//859 893//858
f 932//859 908//1094 909//860
f 909//860 908//1094 935//1095
f 909//860 935//1095 936//861
f 936//861 935//1095 950//1096
f 936//861 950//1096 951//862
f 951//862 950//1096 963//659
f 951//862 963//659 964//661
f 908//1094 907//865 934//1097
f 934//1097 907//865 933//867
f 934//1097 933//867 948//1098
f 948//1098 933//867 947//869
f 948//1098 947//869 960//653
f 960//653 947//869 580//651
f 923//953 924//595 917//943
f 917//943 924//595 916//597
f 922//951 923//953 918//941
f 918//941 923//953 917//943
f 921//949 922//951 919//939
f 919//939 922//951 918//941
f 576//936 921//949 920//937
f 920//937 921//949 919//939
f 908//1094 934//1097 935//1095
f 935//1095 934//1097 949//1099
f 935//1095 949//1099 950//1096
f 950//1096 949//1099 962//657
f 950//1096 962//657 963//659
f 949//1099 934//1097 948//1098
f 960//653 961//655 948//1098
f 948//1098 961//655 949//1099
f 961//655 962//657 949//1099
f 968//603 969//933 956//601
f 956//601 969//933 957//1040
f 969//933 970//931 957//1040
f 957//1040 970//931 958//1039
f 972//928 578//927 959//1038
f 970//931 971//929 958//1039
f 958//1039 971//929 959//1038
f 971//929 972//928 959//1038
f 998//652 999//650 974//1100
f 974//1100 999//650 973//648
f 974//1100 973//648 1001//1101
f 1001//1101 973//648 1000//646
f 1001//1101 1000//646 1014//1102
f 1014//1102 1000//646 1013//644
f 1014//1102 1013//644 1027//1103
f 1027//1103 1013//644 583//641
f 1027//1103 583//641 1065//639
f 997//654 998//652 975//1104
f 975//1104 998//652 974//1100
f 975//1104 974//1100 1002//1105
f 1002//1105 974//1100 1001//1101
f 1002//1105 1001//1101 1015//1106
f 1015//1106 1001//1101 1014//1102
f 1015//1106 1014//1102 1028//1107
f 1028//1107 1014//1102 1027//1103
f 1028//1107 1027//1103 1064//1108
f 1064//1108 1027//1103 1065//639
f 1064//1108 1065//639 1041//637
f 996//656 997//654 976//1109
f 976//1109 997//654 975//1104
f 976//1109 975//1104 1003//1110
f 1003//1110 975//1104 1002//1105
f 1003//1110 1002//1105 1016//1111
f 1016//1111 1002//1105 1015//1106
f 1016//1111 1015//1106 1029//1112
f 1029//1112 1015//1106 1028//1107
f 1029//1112 1028//1107 1063//1113
f 1063//1113 1028//1107 1064//1108
f 1063//1113 1064//1108 1042//1114
f 1042//1114 1064//1108 1041//637
f 1042//1114 1041//637 1070//635
f 995//658 996//656 977//1115
f 977//1115 996//656 976//1109
f 977//1115 976//1109 1004//1116
f 1004//1116 976//1109 1003//1110
f 1004//1116 1003//1110 1017//1117
f 1017//1117 1003//1110 1016//1111
f 1017//1117 1016//1111 1030//1118
f 1030//1118 1016//1111 1029//1112
f 1030//1118 1029//1112 1062//1119
f 1062//1119 1029//1112 1063//1113
f 1062//1119 1063//1113 1043//1120
f 1043//1120 1063//1113 1042//1114
f 1043//1120 1042//1114 1071//1121
f 1071//1121 1042//1114 1070//635
f 1071//1121 1070//635 1084//633
f 994//660 995//658 978//1122
f 978//1122 995//658 977//1115
f 978//1122 977//1115 1005//1123
f 1005//1123 977//1115 1004//1116
f 1005//1123 1004//1116 1018//1124
f 1018//1124 1004//1116 1017//1117
f 1018//1124 1017//1117 1031//1125
f 1031//1125 1017//1117 1030//1118
f 1031//1125 1030//1118 1061//1126
f 1061//1126 1030//1118 1062//1119
f 1061//1126 1062//1119 1044//1127
f 1044//1127 1062//1119 1043//1120
f 1044//1127 1043//1120 1072//1128
f 1072//1128 1043//1120 1071//1121
f 1072//1128 1071//1121 1085//1129
f 1085//1129 1071//1121 1084//633
f 1085//1129 1084//633 1099//631
f 993//662 994//660 979//1130
f 979//1130 994//660 978//1122
f 979//1130 978//1122 1006//1131
f 1006//1131 978//1122 1005//1123
f 1006//1131 1005//1123 1019//1132
f 1019//1132 1005//1123 1018//1124
f 1019//1132 1018//1124 1032//1133
f 1032//1133 1018//1124 1031//1125
f 1032//1133 1031//1125 1060//1134
f 1060//1134 1031//1125 1061//1126
f 1060//1134 1061//1126 1045//1135
f 1045//1135 1061//1126 1044//1127
f 1045//1135 1044//1127 1073//1136
f 1073//1136 1044//1127 1072//1128
f 1073//1136 1072//1128 1086//1137
f 1086//1137 1072//1128 1085//1129
f 1086//1137 1085//1129 1100//629
f 1100//629 1085//1129 1099//631
f 992//664 993//662 980//1138
f 980//1138 993//662 979//1130
f 980//1138 979//1130 1007//1139
f 1007//1139 979//1130 1006//1131
f 1007//1139 1006//1131 1020//1140
f 1020//1140 1006//1131 1019//1132
f 1020//1140 1019//1132 1033//1141
f 1033//1141 1019//1132 1032//1133
f 1033//1141 1032//1133 1059//1142
f 1059//1142 1032//1133 1060//1134
f 1059//1142 1060//1134 1046//1143
f 1046//1143 1060//1134 1045//1135
f 1046//1143 1045//1135 1074//1144
f 1074//1144 1045//1135 1073//1136
f 1074//1144 1073//1136 1087//1145
f 1087//1145 1073//1136 1086//1137
f 1087//1145 1086//1137 1101//627
f 1101//627 1086//1137 1100//629
f 991//606 992//664 981//608
f 981//608 992//664 980//1138
f 981//608 980//1138 1008//610
f 1008//610 980//1138 1007//1139
f 1008//610 1007//1139 1021//612
f 1021//612 1007//1139 1020//1140
f 1021//612 1020//1140 1034//614
f 1034//614 1020//1140 1033//1141
f 1034//614 1033//1141 1058//616
f 1058//616 1033//1141 1059//1142
f 1058//616 1059//1142 1047//618
f 1047//618 1059//1142 1046//1143
f 1047//618 1046//1143 1075//620
f 1075//620 1046//1143 1074//1144
f 1075//620 1074//1144 1088//622
f 1088//622 1074//1144 1087//1145
f 1088//622 1087//1145 1102//624
f 1102//624 1087//1145 1101//627
f 989//934 990//605 983//924
f 983//924 990//605 982//607
f 988//932 989//934 984//922
f 984//922 989//934 983//924
f 987//930 988//932 985//920
f 985//920 988//932 984//922
f 579//918 987//930 986//919
f 986//919 987//930 985//920
f 1022//611 1023//916 1009//609
f 1009//609 1023//916 1010//925
f 1023//916 1024//914 1010//925
f 1010//925 1024//914 1011//923
f 1026//911 581//910 1012//921
f 1024//914 1025//912 1011//923
f 1011//923 1025//912 1012//921
f 1025//912 1026//911 1012//921
f 1057//615 1056//907 1035//613
f 1035//613 1056//907 1036//917
f 1056//907 1055//905 1036//917
f 1036//917 1055//905 1037//915
f 1053//901 582//900 1038//913
f 1055//905 1054//903 1037//915
f 1037//915 1054//903 1038//913
f 1054//903 1053//901 1038//913
f 1066//640 1039//871 1040//638
f 1040//638 1039//871 1068//1146
f 1040//638 1068//1146 1069//636
f 1069//636 1068//1146 1082//1147
f 1069//636 1082//1147 1083//634
f 1083//634 1082//1147 1097//884
f 1083//634 1097//884 1098//632
f 1039//871 1067//873 1068//1146
f 1068//1146 1067//873 1081//1148
f 1068//1146 1081//1148 1082//1147
f 1082//1147 1081//1148 1096//882
f 1082//1147 1096//882 1097//884
f 1089//621 1090//898 1076//619
f 1076//619 1090//898 1077//1043
f 1090//898 1091//897 1077//1043
f 1077//1043 1091//897 1078//1042
f 1093//895 584//894 1079//1041
f 1091//897 1092//896 1078//1042
f 1078//1042 1092//896 1079//1041
f 1092//896 1093//895 1079//1041
f 1067//873 1080//875 1081//1148
f 1081//1148 1080//875 1095//880
f 1081//1148 1095//880 1096//882
f 1094//877 1095//880 1080//875

g face 4
f 1108//1149 530//516 1107//516
f 1107//516 530//516 560//1150
f 1107//516 560//1150 1137//1151
f 1137//1151 560//1150 559//874
f 1137//1151 559//874 1136//874
f 1136//874 559//874 558//1152
f 1136//874 558//1152 1135//1152
f 1135//1152 558//1152 557//1153
f 1135//1152 557//1153 1134//642
f 1134//642 557//1153 556//1154
f 1134//642 556//1154 1133//1154
f 1133//1154 556//1154 555//645
f 1133//1154 555//645 1132//645
f 1132//645 555//645 554//1155
f 1132//645 554//1155 1131//1155
f 1131//1155 554//1155 553//1156
f 1131//1155 553//1156 1130//1156
f 1130//1156 553//1156 552//1157
f 1130//1156 552//1157 1129//1157
f 1129//1157 552//1157 551//1158
f 1129//1157 551//1158 1128//1158
f 1128//1158 551//1158 550//1159
f 1128//1158 550//1159 1127//1160
f 1127//1160 550//1159 549//1161
f 1127//1160 549//1161 1126//1162
f 1126//1162 549//1161 548//1163
f 1126//1162 548//1163 1125//1163
f 1125//1163 548//1163 547//1164
f 1125//1163 547//1164 1124//1164
f 1124//1164 547//1164 546//1165
f 1124//1164 546//1165 1123//1165
f 1123//1166 546//1166 545//1167
f 1123//1166 545//1167 1122//1167
f 1122//1167 545//1167 544//1168
f 1122//1167 544//1168 1121//1168
f 1121//1168 544//1168 543//826
f 1121//1168 543//826 1120//826
f 1120//826 543//826 542//1169
f 1120//826 542//1169 1119//1169
f 1119//1169 542//1169 541//1170
f 1119//1169 541//1170 1118//1170
f 1118//1170 541//1170 540//811
f 1118//1170 540//811 1117//811
f 1117//811 540//811 539//1171
f 1117//811 539//1171 1116//1171
f 1116//1171 539//1171 538//794
f 1116//1171 538//794 1115//794
f 1115//794 538//794 537//1172
f 1115//794 537//1172 1114//1172
f 1114//1172 537//1172 536//790
f 1114//1172 536//790 1113//790
f 1113//790 536//790 535//1173
f 1113//790 535//1173 1112//1173
f 1112//1173 535//1173 534//1174
f 1112//1173 534//1174 1111//1174
f 1111//1174 534//1174 533//766
f 1111//1174 533//766 1110//766
f 1110//766 533//766 532//1175
f 1110//766 532//1175 1109//1175
f 1109//1175 532//1175 531//1149
f 1109//1175 531//1149 1108//1149
f 1108//1149 531//1149 530//516

g face 5
f 1139//1176 1108//1176 1138//1176
f 1138//1176 1108//1176 1107//1176
f 1138//1176 1107//1176 1137//1176
f 1108//1176 1139//1176 1109//1176
f 1109//1176 1139//1176 1140//1176
f 1109//1176 1140//1176 1110//1176
f 1110//1176 1140//1176 1141//1176
f 1110//1176 1141//1176 1111//1176
f 1111//1176 1141//1176 1142//1176
f 1111//1176 1142//1176 1112//1176
f 1112//1176 1142//1176 1143//1176
f 1112//1176 1143//1176 1113//1176
f 1113//1176 1143//1176 1144//1176
f 1113//1176 1144//1176 1114//1176
f 1114//1176 1144//1176 1145//1176
f 1114//1176 1145//1176 1115//1176
f 1115//1176 1145//1176 1146//1176
f 1115//1176 1146//1176 1116//1176
f 1116//1176 1146//1176 1147//1176
f 1116//1176 1147//1176 1117//1176
f 1117//1176 1147//1176 1148//1176
f 1117//1176 1148//1176 1118//1176
f 1118//1176 1148//1176 1149//1176
f 1118//1176 1149//1176 1119//1176
f 1119//1176 1149//1176 1150//1176
f 1119//1176 1150//1176 1120//1176
f 1120//1176 1150//1176 1151//1176
f 1120//1176 1151//1176 1121//1176
f 1121//1176 1151//1176 1152//1176
f 1121//1176 1152//1176 1122//1176
f 1122//1176 1152//1176 1153//1176
f 1122//1176 1153//1176 1123//1176
f 1123//1176 1153//1176 1124//1176
f 1124//1176 1153//1176 1154//1176
f 1124//1176 1154//1176 1125//1176
f 1125//1176 1154//1176 1155//1176
f 1125//1176 1155//1176 1126//1176
f 1126//1176 1155//1176 1156//1176
f 1126//1176 1156//1176 1127//1176
f 1127//1176 1156//1176 1157//1176
f 1127//1176 1157//1176 1128//1176
f 1128//1176 1157//1176 1158//1176
f 1128//1176 1158//1176 1129//1176
f 1129//1176 1158//1176 1159//1176
f 1129//1176 1159//1176 1130//1176
f 1130//1176 1159//1176 1160//1176
f 1130//1176 1160//1176 1131//1176
f 1131//1176 1160//1176 1161//1176
f 1131//1176 1161//1176 1132//1176
f 1132//1176 1161//1176 1162//1176
f 1132//1176 1162//1176 1133//1176
f 1133//1176 1162//1176 1163//1176
f 1133//1176 1163//1176 1134//1176
f 1134//1176 1163//1176 1164//1176
f 1134//1176 1164//1176 1135//1176
f 1135//1176 1164//1176 1165//1176
f 1135//1176 1165//1176 1136//1176
f 1136//1176 1165//1176 1166//1176
f 1136//1176 1166//1176 1137//1176
f 1137//1176 1166//1176 1138//1176

g face 6
f 1168//1177 1138//2 1167//2
f 1167//2 1138//2 1166//1178
f 1167//2 1166//1178 1195//1178
f 1195//1178 1166//1178 1165//1179
f 1195//1178 1165//1179 1194//1179
f 1194//1179 1165//1179 1164//1180
f 1194//1179 1164//1180 1193//1180
f 1193//1180 1164//1180 1163//1181
f 1193//1180 1163//1181 1192//1181
f 1192//1181 1163//1181 1162//10
f 1192//1181 1162//10 1191//10
f 1191//10 1162//10 1161//1182
f 1191//10 1161//1182 1190//1182
f 1190//1182 1161//1182 1160//1183
f 1190//1182 1160//1183 1189//1183
f 1189//1183 1160//1183 1159//1184
f 1189//1183 1159//1184 1188//1184
f 1188//1184 1159//1184 1158//1185
f 1188//1184 1158//1185 1187//1185
f 1187//1185 1158//1185 1157//1186
f 1187//1185 1157//1186 1186//1186
f 1186//1186 1157//1186 1156//17
f 1186//1186 1156//17 1185//17
f 1185//17 1156//17 1155//1187
f 1185//17 1155//1187 1184//1187
f 1184//1187 1155//1187 1154//20
f 1184//1187 1154//20 1183//20
f 1183//20 1154//20 1153//21
f 1183//20 1153//21 1182//21
f 1182//1188 1153//1188 1152//23
f 1182//1188 1152//23 1181//23
f 1181//23 1152//23 1151//24
f 1181//23 1151//24 1180//24
f 1180//24 1151//24 1150//1189
f 1180//24 1150//1189 1179//1189
f 1179//1189 1150//1189 1149//1190
f 1179//1189 1149//1190 1178//1190
f 1178//1190 1149//1190 1148//1191
f 1178//1190 1148//1191 1177//1191
f 1177//1191 1148//1191 1147//1192
f 1177//1191 1147//1192 1176//1192
f 1176//1192 1147//1192 1146//1193
f 1176//1192 1146//1193 1175//1193
f 1175//1193 1146//1193 1145//1194
f 1175//1193 1145//1194 1174//1194
f 1174//1194 1145//1194 1144//1195
f 1174//1194 1144//1195 1173//1195
f 1173//1195 1144//1195 1143//1196
f 1173//1195 1143//1196 1172//1196
f 1172//1196 1143//1196 1142//33
f 1172//1196 1142//33 1171//33
f 1171//33 1142//33 1141//35
f 1171//33 1141//35 1170//35
f 1170//35 1141//35 1140//36
f 1170//35 1140//36 1169//36
f 1169//36 1140//36 1139//1177
f 1169//36 1139//1177 1168//1177
f 1168//1177 1139//1177 1138//2

g face 7
f 58//1176 1168//1176 30//1176
f 30//1176 1168//1176 1167//1176
f 30//1176 1167//1176 1195//1176
f 1168//1176 58//1176 1169//1176
f 1169//1176 58//1176 57//1176
f 1169//1176 57//1176 1170//1176
f 1170//1176 57//1176 56//1176
f 1170//1176 56//1176 1171//1176
f 1171//1176 56//1176 55//1176
f 1171//1176 55//1176 1172//1176
f 1172//1176 55//1176 54//1176
f 1172//1176 54//1176 1173//1176
f 1173//1176 54//1176 53//1176
f 1173//1176 53//1176 1174//1176
f 1174//1176 53//1176 52//1176
f 1174//1176 52//1176 51//1176
f 1174//1176 51//1176 1175//1176
f 1175//1176 51//1176 50//1176
f 1175//1176 50//1176 1176//1176
f 1176//1176 50//1176 49//1176
f 1176//1176 49//1176 1177//1176
f 1177//1176 49//1176 48//1176
f 1177//1176 48//1176 1178//1176
f 1178//1176 48//1176 47//1176
f 1178//1176 47//1176 1179//1176
f 1179//1176 47//1176 46//1176
f 1179//1176 46//1176 1180//1176
f 1180//1176 46//1176 45//1176
f 1180//1176 45//1176 1181//1176
f 1181//1176 45//1176 44//1176
f 1181//1176 44//1176 1182//1176
f 1182//1176 44//1176 1183//1176
f 1183//1176 44//1176 43//1176
f 1183//1176 43//1176 1184//1176
f 1184//1176 43//1176 42//1176
f 1184//1176 42//1176 1185//1176
f 1185//1176 42//1176 41//1176
f 1185//1176 41//1176 1186//1176
f 1186//1176 41//1176 40//1176
f 1186//1176 40//1176 1187//1176
f 1187//1176 40//1176 39//1176
f 1187//1176 39//1176 1188//1176
f 1188//1176 39//1176 38//1176
f 1188//1176 38//1176 1189//1176
f 1189//1176 38//1176 37//1176
f 1189//1176 37//1176 36//1176
f 1189//1176 36//1176 1190//1176
f 1190//1176 36//1176 35//1176
f 1190//1176 35//1176 1191//1176
f 1191//1176 35//1176 34//1176
f 1191//1176 34//1176 1192//1176
f 1192//1176 34//1176 33//1176
f 1192//1176 33//1176 1193//1176
f 1193//1176 33//1176 32//1176
f 1193//1176 32//1176 1194//1176
f 1194//1176 32//1176 31//1176
f 1194//1176 31//1176 1195//1176
f 1195//1176 31//1176 30//1176

g face 8
f 79//1197 1205//1198 67//2
f 67//2 1205//1198 1206//2
f 67//2 1206//2 1207//1199
f 78//1200 1203//1201 79//1197
f 79//1197 1203//1201 1204//1202
f 79//1197 1204//1202 1205//1198
f 1203//1201 78//1200 1202//1203
f 1202//1203 78//1200 77//1204
f 1202//1203 77//1204 1201//1205
f 1201//1205 77//1204 76//1206
f 1201//1205 76//1206 1200//1207
f 1200//1207 76//1206 1199//1208
f 1199//1208 76//1206 75//1209
f 1199//1208 75//1209 1198//1210
f 1198//1210 75//1209 74//1211
f 1198//1210 74//1211 1197//1212
f 1197//1213 74//1214 1196//1215
f 1196//1215 74//1214 73//1216
f 1196//1215 73//1216 1215//1217
f 1215//1217 73//1216 1214//1218
f 1214//1218 73//1216 72//1219
f 1214//1218 72//1219 1213//1220
f 1213//1220 72//1219 71//1221
f 1213//1220 71//1221 1212//1222
f 1212//1222 71//1221 1211//1223
f 1211//1223 71//1221 70//1224
f 1211//1223 70//1224 1210//1225
f 1210//1225 70//1224 69//1226
f 1210//1225 69//1226 1209//1227
f 1209//1227 69//1226 68//1228
f 1209//1227 68//1228 1208//1229
f 1208//1229 68//1228 1207//1199
f 1207//1199 68//1228 67//2

g face 9
f 501//1230 1197//1230 470//1230
f 470//1230 1197//1230 1196//1230
f 470//1230 1196//1230 1215//1230
f 1197//1230 501//1230 1198//1230
f 1198//1230 501//1230 500//1230
f 1198//1230 500//1230 499//1230
f 1198//1230 499//1230 1199//1230
f 1199//1230 499//1230 498//1230
f 1199//1230 498//1230 497//1230
f 1199//1230 497//1230 1200//1230
f 1200//1230 497//1230 496//1230
f 1200//1230 496//1230 495//1230
f 1200//1230 495//1230 1201//1230
f 1201//1230 495//1230 494//1230
f 1201//1230 494//1230 493//1230
f 1201//1230 493//1230 1202//1230
f 1202//1230 493//1230 492//1230
f 1202//1230 492//1230 491//1230
f 1202//1230 491//1230 1203//1230
f 1203//1230 491//1230 490//1230
f 1203//1230 490//1230 489//1230
f 1203//1230 489//1230 1204//1230
f 1204//1230 489//1230 488//1230
f 1204//1230 488//1230 487//1230
f 486//1230 1206//1230 487//1230
f 487//1230 1206//1230 1205//1230
f 487//1230 1205//1230 1204//1230
f 1206//1230 486//1230 1207//1230
f 1207//1230 486//1230 485//1230
f 1207//1230 485//1230 1208//1230
f 1208//1230 485//1230 484//1230
f 1208//1230 484//1230 483//1230
f 1208//1230 483//1230 1209//1230
f 1209//1230 483//1230 482//1230
f 1209//1230 482//1230 481//1230
f 1209//1230 481//1230 1210//1230
f 1210//1230 481//1230 480//1230
f 1210//1230 480//1230 479//1230
f 1210//1230 479//1230 1211//1230
f 1211//1230 479//1230 478//1230
f 1211//1230 478//1230 477//1230
f 1211//1230 477//1230 1212//1230
f 1212//1230 477//1230 476//1230
f 1212//1230 476//1230 475//1230
f 1212//1230 475//1230 1213//1230
f 1213//1230 475//1230 474//1230
f 1213//1230 474//1230 473//1230
f 1213//1230 473//1230 1214//1230
f 1214//1230 473//1230 472//1230
f 1214//1230 472//1230 471//1230
f 1214//1230 471//1230 1215//1230
f 1215//1230 471//1230 470//1230

g halfedge 0 edge 0
l 1 2 3 4 5 6 7 8 9 10 11 12 13 14 15 16 17 18 19 20 21 22 23 24 25 26 27 28 29 1

g halfedge 1 edge 0
l 1 29 28 27 26 25 24 23 22 21 20 19 18 17 16 15 14 13 12 11 10 9 8 7 6 5 4 3 2 1

g halfedge 2 edge 1
l 30 31 32 33 34 35 36 37 38 39 40 41 42 43 44 45 46 47 48 49 50 51 52 53 54 55 56 57 58 30

g halfedge 3 edge 1
l 30 58 57 56 55 54 53 52 51 50 49 48 47 46 45 44 43 42 41 40 39 38 37 36 35 34 33 32 31 30

g halfedge 4 edge 2
l 1 59 60 61 62 63 64 65 66 67

g halfedge 5 edge 2
l 67 66 65 64 63 62 61 60 59 1

g halfedge 6 edge 3
l 67 68 69 70 71 72 73 74 75 76 77 78 79 67

g halfedge 7 edge 3
l 67 79 78 77 76 75 74 73 72 71 70 69 68 67

g halfedge 8 edge 4
l 470 471 472 473 474 475 476 477 478 479 480 481 482 483 484 485 486

g halfedge 9 edge 4
l 486 485 484 483 482 481 480 479 478 477 476 475 474 473 472 471 470

g halfedge 10 edge 5
l 486 487 488 489 490 491 492 493 494 495 496 497 498 499 500 501 470

g halfedge 11 edge 5
l 470 501 500 499 498 497 496 495 494 493 492 491 490 489 488 487 486

g halfedge 12 edge 6
l 502 503 504 505 506 507 508 509 510 511 512 513 514 515 516 517 518 502

g halfedge 13 edge 6
l 502 518 517 516 515 514 513 512 511 510 509 508 507 506 505 504 503 502

g halfedge 14 edge 7
l 502 519 520 521 522 523 524 525 526 527 528 529 530

g halfedge 15 edge 7
l 530 529 528 527 526 525 524 523 522 521 520 519 502

g halfedge 16 edge 8
l 530 531 532 533 534 535 536 537 538 539 540 541 542 543 544 545 546 547 548 549 550 551 552 553 554 555 556 557 558 559 560 530

g halfedge 17 edge 8
l 530 560 559 558 557 556 555 554 553 552 551 550 549 548 547 546 545 544 543 542 541 540 539 538 537 536 535 534 533 532 531 530

g halfedge 18 edge 9
l 1107 1108 1109 1110 1111 1112 1113 1114 1115 1116 1117 1118 1119 1120 1121 1122 1123 1124 1125 1126 1127 1128 1129 1130 1131 1132 1133 1134 1135 1136 1137 1107

g halfedge 19 edge 9
l 1107 1137 1136 1135 1134 1133 1132 1131 1130 1129 1128 1127 1126 1125 1124 1123 1122 1121 1120 1119 1118 1117 1116 1115 1114 1113 1112 1111 1110 1109 1108 1107

g halfedge 20 edge 10
l 1138 1139 1140 1141 1142 1143 1144 1145 1146 1147 1148 1149 1150 1151 1152 1153 1154 1155 1156 1157 1158 1159 1160 1161 1162 1163 1164 1165 1166 1138

g halfedge 21 edge 10
l 1138 1166 1165 1164 1163 1162 1161 1160 1159 1158 1157 1156 1155 1154 1153 1152 1151 1150 1149 1148 1147 1146 1145 1144 1143 1142 1141 1140 1139 1138

g halfedge 22 edge 11
l 1167 1168 1169 1170 1171 1172 1173 1174 1175 1176 1177 1178 1179 1180 1181 1182 1183 1184 1185 1186 1187 1188 1189 1190 1191 1192 1193 1194 1195 1167

g halfedge 23 edge 11
l 1167 1195 1194 1193 1192 1191 1190 1189 1188 1187 1186 1185 1184 1183 1182 1181 1180 1179 1178 1177 1176 1175 1174 1173 1172 1171 1170 1169 1168 1167

g halfedge 24 edge 12
l 1196 1197 1198 1199 1200 1201 1202 1203 1204 1205 1206 1207 1208 1209 1210 1211 1212 1213 1214 1215 1196

g halfedge 25 edge 12
l 1196 1215 1214 1213 1212 1211 1210 1209 1208 1207 1206 1205 1204 1203 1202 1201 1200 1199 1198 1197 1196

g vertex 0
p 1

g vertex 1
p 30

g vertex 2
p 67

g vertex 3
p 486

g vertex 4
p 470

g vertex 5
p 502

g vertex 6
p 530

g vertex 7
p 1107

g vertex 8
p 1138

g vertex 9
p 1167

g vertex 10
p 1196

# End of file
