# https://github.com/mikedh/trimesh
v -12.50000000 10.00000000 0.00000000
v -11.52716351 11.13519478 0.00000000
v -11.54423523 11.19147301 0.00000000
v -11.49944115 11.08332920 0.00000000
v -11.46213245 11.03786755 0.00000000
v -11.41667080 11.00055885 0.00000000
v -11.36480522 10.97283649 0.00000000
v -11.30852699 10.95576477 0.00000000
v -11.25000000 10.94999981 0.00000000
v -11.19147301 10.95576477 0.00000000
v -11.13519478 10.97283649 0.00000000
v -11.08332920 11.00055885 0.00000000
v -11.03786755 11.03786755 0.00000000
v -11.00055885 11.08332920 0.00000000
v -10.97283649 11.13519478 0.00000000
v -10.95576477 11.19147301 0.00000000
v -11.52716351 11.13519478 0.27500001
v -11.54423523 11.19147301 0.27500001
v -11.49944115 11.08332920 0.27499998
v -11.46213245 11.03786755 0.27500001
v -11.41667080 11.00055885 0.27500001
v -11.36480522 10.97283649 0.27500001
v -11.30852699 10.95576477 0.27500001
v -11.25000000 10.94999981 0.27500001
v -11.19147301 10.95576477 0.27500001
v -11.13519478 10.97283649 0.27500001
v -11.08332920 11.00055885 0.27500001
v -11.03786755 11.03786755 0.27500001
v -11.00055885 11.08332920 0.27499998
v -10.97283649 11.13519478 0.27500001
v -10.95576477 11.19147301 0.27500001
v -11.55000019 11.25000000 0.00000000
v -11.54423523 11.30852699 0.00000000
v -11.52716351 11.36480522 0.00000000
v -11.49944115 11.41667080 0.00000000
v -11.46213245 11.46213245 0.00000000
v -11.41667080 11.49944115 0.00000000
v -11.36480522 11.52716351 0.00000000
v -11.30852699 11.54423523 0.00000000
v -11.25000000 11.55000019 0.00000000
v -11.19147301 11.54423523 0.00000000
v -11.13519478 11.52716351 0.00000000
v -10.94999981 11.25000000 0.00000000
v -10.95576477 11.30852699 0.00000000
v -10.97283649 11.36480522 0.00000000
v -11.03786755 11.46213245 0.00000000
v -11.08332920 11.49944115 0.00000000
v -11.00055885 11.41667080 0.00000000
v -11.55000019 11.25000000 0.27500001
v -11.54423523 11.30852699 0.27500001
v -11.52716351 11.36480522 0.27500001
v -11.49944115 11.41667080 0.27499998
v -11.46213245 11.46213245 0.27500001
v -11.41667080 11.49944115 0.27500001
v -11.36480522 11.52716351 0.27500001
v -11.30852699 11.54423523 0.27500001
v -11.25000000 11.55000019 0.27500001
v -11.19147301 11.54423523 0.27500001
v -11.13519478 11.52716351 0.27500001
v -10.94999981 11.25000000 0.27500001
v -10.95576477 11.30852699 0.27500001
v -10.97283649 11.36480522 0.27500001
v -11.03786755 11.46213150 0.27500001
v -11.08332920 11.49944115 0.27500001
v -11.00055885 11.41667080 0.27499998
v -10.00000000 10.00000000 0.00000000
v -12.50000000 10.00000000 0.50000000
v -11.73503685 11.04909134 0.50000000
v -11.76491261 11.14757729 0.50000000
v -11.62123108 10.87876892 0.50000000
v -11.54167461 10.81347847 0.50000000
v -11.45090866 10.76496315 0.50000000
v -11.35242271 10.73508739 0.50000000
v -11.68652153 10.95832539 0.50000000
v -11.25000000 10.72500038 0.50000000
v -11.14757729 10.73508739 0.50000000
v -11.04909134 10.76496315 0.50000000
v -10.95832539 10.81347847 0.50000000
v -11.77499962 11.25000000 0.50000000
v -11.76491261 11.35242271 0.50000000
v -11.73503685 11.45090866 0.50000000
v -11.68652153 11.54167461 0.50000000
v -11.62123108 11.62123108 0.50000000
v -11.54167461 11.68652153 0.50000000
v -11.45090866 11.73503685 0.50000000
v -11.35242271 11.76491261 0.50000000
v -11.25000000 11.77499962 0.50000000
v -11.14757729 11.76491261 0.50000000
v -10.95832539 11.68652153 0.50000000
v -11.04909134 11.73503685 0.50000000
v -10.87876892 10.87876892 0.50000000
v -10.81347847 10.95832539 0.50000000
v -10.76496315 11.04909134 0.50000000
v -10.73508739 11.14757729 0.50000000
v -10.00000000 10.00000000 0.50000000
v -10.76496315 11.45090866 0.50000000
v -10.81347847 11.54167461 0.50000000
v -10.72500038 11.25000000 0.50000000
v -10.73508739 11.35242271 0.50000000
v -10.87876892 11.62123108 0.50000000
v -12.50000000 12.50000000 0.00000000
v -10.00000000 12.50000000 0.00000000
v -12.50000000 12.50000000 0.50000000
v -10.00000000 12.50000000 0.50000000
v -8.71511364 11.86398315 0.50000000
v -8.51293087 13.87895870 0.50000000
v -8.08962345 14.31003284 0.60640502
v -7.24743605 13.73884583 0.60170400
v -7.87243605 13.41705990 0.85596502
v -8.51494884 13.35673046 0.90681797
v -8.30681133 14.96719170 0.77255899
v -3.27975821 11.86398315 0.50000000
v -4.74743605 13.73884583 0.60170400
v -4.33962393 14.31003284 0.60640502
v -3.48194122 13.87895870 0.50000000
v -1.72065544 11.80832291 0.50000000
v -4.12243605 13.41705990 0.85596502
v -3.47992301 13.35673046 0.90681797
v -0.50486362 16.73925781 0.50000000
v -1.72065544 17.68148613 0.50000000
v -0.50700301 16.13547516 0.71402901
v -0.64011359 16.18013573 0.83147103
v -1.00251162 16.92258072 0.96976900
v -7.87243605 12.41687107 1.85296297
v -8.51489925 12.94741631 1.27070606
v -8.51486874 12.60897160 1.62165904
v -7.87243605 12.57636356 1.65470195
v -8.51486397 12.39531136 1.88600695
v -8.51485538 12.25075912 2.10174990
v -8.51485062 12.15453243 2.27885294
v -8.71511364 11.86398315 2.50000000
v -8.51484680 12.09122849 2.42732906
v -8.51436806 12.06727886 2.50000000
v -8.51430702 12.07111168 2.50000000
v -8.51375294 12.61463070 2.50000000
v -8.30681133 16.88688850 1.25792897
v -8.51511383 18.68663216 1.71342504
v -8.51375294 16.31447029 2.50000000
v -4.12243605 12.41687107 1.85296297
v -3.47997284 12.94741631 1.27070606
v -4.12243605 12.57636356 1.65470195
v -3.48000312 12.60897160 1.62165904
v -0.50700301 13.19942093 1.78417504
v -0.64011359 13.83129311 1.68758798
v -5.99743605 12.31714058 1.99387801
v -3.48000813 12.39531136 1.88600695
v -3.48001647 12.25075912 2.10174990
v -3.48002148 12.15453243 2.27885294
v -3.27975821 11.86398315 2.50000000
v -3.48002481 12.09122849 2.42732906
v -3.48050356 12.06727886 2.50000000
v -3.48012829 12.09041500 2.50000000
v -0.02868592 12.31795311 2.10521889
v -1.72065544 11.80832291 2.50000000
v -0.50535983 12.01408863 2.21223402
v -0.82159114 12.12195015 2.50000000
v -0.89221239 12.32509041 2.50000000
v -0.50466514 12.01326275 2.50000000
v -1.48748577 14.06471062 2.50000000
v -1.50700593 14.12124157 2.50000000
v -1.51016295 14.13014889 2.50000000
v -1.52053285 14.16027641 2.50000000
v -3.97399879 17.91311073 1.51739597
v -3.47975826 18.68663216 1.71342504
v -1.51536798 17.08530235 1.43953705
v -1.52053285 16.48255539 1.65356600
v -1.51797473 16.77639580 2.50000000
v -1.51425970 17.46982193 2.50000000
v -1.51419663 17.47778511 2.50000000
v -1.51086354 17.47785759 2.50000000
v -1.72065544 17.68148613 2.50000000
v -8.71511364 22.04875183 0.50000000
v -12.50000000 27.50000000 0.00000000
v -11.52716351 28.63519478 0.00000000
v -11.54423523 28.69147301 0.00000000
v -11.49944115 28.58332825 0.00000000
v -11.46213245 28.53786850 0.00000000
v -11.41667080 28.50055885 0.00000000
v -11.36480522 28.47283554 0.00000000
v -11.30852699 28.45576477 0.00000000
v -11.25000000 28.45000076 0.00000000
v -11.19147301 28.45576477 0.00000000
v -11.13519478 28.47283554 0.00000000
v -11.08332920 28.50055885 0.00000000
v -11.03786755 28.53786850 0.00000000
v -11.00055885 28.58332825 0.00000000
v -10.97283649 28.63519478 0.00000000
v -10.95576477 28.69147301 0.00000000
v -11.52716351 28.63519478 0.27500001
v -11.54423523 28.69147301 0.27500001
v -11.49944115 28.58332825 0.27499998
v -11.46213245 28.53786850 0.27500001
v -11.41667080 28.50055885 0.27500001
v -11.36480522 28.47283554 0.27500001
v -11.30852699 28.45576477 0.27500001
v -11.25000000 28.45000076 0.27500001
v -11.19147301 28.45576477 0.27500001
v -11.13519478 28.47283554 0.27500001
v -11.08332920 28.50055885 0.27500001
v -11.03786755 28.53786850 0.27500001
v -11.00055885 28.58332825 0.27499998
v -10.97283649 28.63519478 0.27500001
v -10.95576477 28.69147301 0.27500001
v -12.50000000 30.00000000 0.00000000
v -11.55000019 28.75000000 0.00000000
v -11.54423523 28.80852699 0.00000000
v -11.52716351 28.86480522 0.00000000
v -11.49944115 28.91667175 0.00000000
v -11.46213245 28.96213150 0.00000000
v -11.41667080 28.99944115 0.00000000
v -11.36480522 29.02716446 0.00000000
v -11.30852699 29.04423523 0.00000000
v -11.25000000 29.04999924 0.00000000
v -11.19147301 29.04423523 0.00000000
v -11.13519478 29.02716446 0.00000000
v -10.94999981 28.75000000 0.00000000
v -10.95576477 28.80852699 0.00000000
v -10.97283649 28.86480522 0.00000000
v -11.03786755 28.96213150 0.00000000
v -11.08332920 28.99944115 0.00000000
v -11.00055885 28.91667175 0.00000000
v -11.55000019 28.75000000 0.27500001
v -11.54423523 28.80852699 0.27500001
v -11.52716351 28.86480522 0.27500001
v -11.49944115 28.91667175 0.27499998
v -11.46213245 28.96213150 0.27500001
v -11.41667080 28.99944115 0.27500001
v -11.36480522 29.02716446 0.27500001
v -11.30852699 29.04423523 0.27500001
v -11.25000000 29.04999924 0.27500001
v -11.19147301 29.04423523 0.27500001
v -11.13519478 29.02716446 0.27500001
v -10.94999981 28.75000000 0.27500001
v -10.95576477 28.80852699 0.27500001
v -10.97283649 28.86480522 0.27500001
v -11.03786755 28.96213150 0.27500001
v -11.08332920 28.99944115 0.27500001
v -11.00055885 28.91667175 0.27499998
v -10.00000000 27.50000000 0.00000000
v -10.00000000 30.00000000 0.00000000
v -12.50000000 27.50000000 0.50000000
v -11.73503685 28.54909134 0.50000000
v -11.76491261 28.64757729 0.50000000
v -11.62123108 28.37876892 0.50000000
v -11.54167461 28.31347847 0.50000000
v -11.45090866 28.26496315 0.50000000
v -11.35242271 28.23508835 0.50000000
v -11.68652153 28.45832634 0.50000000
v -11.25000000 28.22500038 0.50000000
v -11.14757729 28.23508835 0.50000000
v -11.04909134 28.26496315 0.50000000
v -10.95832539 28.31347847 0.50000000
v -11.77499962 28.75000000 0.50000000
v -11.76491261 28.85242271 0.50000000
v -11.73503685 28.95090866 0.50000000
v -12.50000000 30.00000000 0.50000000
v -11.68652153 29.04167366 0.50000000
v -11.62123108 29.12123108 0.50000000
v -11.54167461 29.18652153 0.50000000
v -11.45090866 29.23503685 0.50000000
v -11.35242271 29.26491165 0.50000000
v -11.25000000 29.27499962 0.50000000
v -11.14757729 29.26491165 0.50000000
v -10.95832539 29.18652153 0.50000000
v -11.04909134 29.23503685 0.50000000
v -10.87876892 28.37876892 0.50000000
v -10.81347847 28.45832634 0.50000000
v -10.76496315 28.54909134 0.50000000
v -10.73508739 28.64757729 0.50000000
v -10.00000000 27.50000000 0.50000000
v -10.76496315 28.95090866 0.50000000
v -10.81347847 29.04167366 0.50000000
v -10.72500038 28.75000000 0.50000000
v -10.73508739 28.85242271 0.50000000
v -10.87876892 29.12123108 0.50000000
v -10.00000000 30.00000000 0.50000000
v -3.27975821 22.04875183 0.50000000
v -1.68092477 24.11367798 0.50000000
v -0.01440676 26.85389328 0.53298301
v -0.10269193 26.91345596 0.56313902
v -0.06037444 26.88155365 0.54698700
v -0.14088421 26.94923782 0.58125502
v -0.20311923 27.03069878 0.62249702
v -0.17448924 26.98847198 0.60111803
v -1.68092477 27.90201759 0.50000000
v -0.22643122 27.07542229 0.64513999
v -0.24416929 27.12212753 0.66878498
v -0.25610518 27.17025375 0.69315201
v -0.26213649 27.21926498 0.71795899
v -0.26221359 27.26855278 0.74290901
v -0.25633705 27.31756020 0.76771301
v -0.24457872 27.36573029 0.79208201
v -0.22707182 27.41250420 0.81572503
v -0.20401025 27.45735550 0.83836901
v -0.17565392 27.49977493 0.85974997
v -0.14224562 27.53909111 0.87961203
v -0.10399757 27.57481384 0.89772600
v -0.06132067 27.60671997 0.91387701
v -0.01507438 27.63434601 0.92787898
v -8.30681133 20.72627831 2.22866893
v -8.71511364 22.04875183 2.50000000
v -8.51224518 21.77692604 2.50000000
v -8.51225948 21.80905533 2.50000000
v -8.51058292 21.80912209 2.50000000
v -8.50492191 21.80885315 2.50000000
v -8.30285740 21.80862999 2.50000000
v -0.30510879 24.79803848 1.86663902
v -0.12373360 24.75334740 1.84372401
v -0.12646586 24.73077393 1.85907400
v -4.92712402 21.16171837 2.33876395
v -4.25993586 21.09534264 2.32198191
v -3.56700420 21.80862999 2.50000000
v -3.52398944 21.80867958 2.50000000
v -3.48759842 21.80910110 2.50000000
v -3.48261213 21.80905533 2.50000000
v -3.27975821 22.04875183 2.50000000
v -0.81604570 24.99167633 2.02111411
v -0.47998247 24.85988045 1.89834595
v -0.64629799 24.93813133 1.93846798
v -0.48966143 24.81739044 1.93183005
v -0.48532373 24.83807945 1.91407096
v -0.49278653 24.79858589 1.95142496
v -0.13125519 24.67318535 1.91701102
v -0.13156848 24.65894127 1.93958199
v -0.30917516 24.77578545 1.88214505
v -0.31246543 24.75473785 1.89973402
v -0.12868404 24.70945358 1.87653303
v -0.13028640 24.69018555 1.89591002
v -0.31484178 24.73566818 1.91920197
v -0.31627795 24.71877670 1.94035399
v -0.65285766 24.91690636 1.95447195
v -0.65817088 24.89668274 1.97244895
v -0.49467883 24.78185844 1.97265303
v -0.66201621 24.87821007 1.99220204
v -0.66433114 24.86168671 2.01352692
v -0.49530223 24.76770592 1.99526894
v -0.31675574 24.70457268 1.96294498
v -0.82055020 24.97359848 2.04105210
v -0.82327992 24.95731735 2.06249404
v -0.82417810 24.94331932 2.08518195
v -0.66510731 24.84759903 2.03617191
v -1.68092477 24.11367798 2.50000000
v -0.82491159 24.72655487 2.50000000
v -0.97133571 24.86656380 2.50000000
v -0.13199617 24.36568451 2.50000000
v -0.66585237 24.60513496 2.50000000
v -0.49599957 24.50375938 2.50000000
v -0.31734505 24.42362213 2.50000000
v -0.80209959 25.03188515 1.98653901
v -0.80980021 25.01134300 2.00287294
v -0.94557369 25.14002800 2.04198694
v -0.95432740 25.12028694 2.05871010
v -1.07501817 25.26131821 2.10417509
v -0.96141791 25.10125732 2.07725191
v -0.96653420 25.08364868 2.09741211
v -1.18894577 25.39431000 2.17236495
v -1.08473110 25.24245834 2.12132597
v -1.09258497 25.22414589 2.14020705
v -0.96963161 25.06764603 2.11898208
v -0.97066563 25.05373764 2.14171505
v -1.09826005 25.20706177 2.16061497
v -1.10169315 25.19137383 2.18233490
v -1.19948268 25.37642288 2.18998790
v -1.20801079 25.35891151 2.20924592
v -1.21418023 25.34239006 2.22991800
v -1.21790433 25.32704544 2.25180197
v -1.28598821 25.53746223 2.24576306
v -1.29724133 25.52061844 2.26389003
v -1.10283160 25.17757034 2.20511603
v -1.21914399 25.31335640 2.27463698
v -1.30634773 25.50394440 2.28354597
v -1.31292999 25.48804855 2.30451393
v -1.31690609 25.47307205 2.32657003
v -1.37685800 25.67334557 2.34216809
v -1.36503756 25.68907356 2.32349992
v -1.31822908 25.45950890 2.34946489
v -1.21958482 25.19558525 2.50000000
v -1.39893234 25.61430740 2.42872000
v -1.39910817 25.57679939 2.50000000
v -1.31853497 25.38072968 2.50000000
v -1.10339928 25.02352715 2.50000000
v -1.38644099 25.65757751 2.36225104
v -1.39335263 25.64232063 2.38352108
v -1.39753616 25.62773895 2.40576291
v -1.42513347 25.84738731 2.40467191
v -1.43739760 25.83281898 2.42390203
v -1.44734001 25.81799126 2.44442797
v -1.45168865 25.75258064 2.50000000
v -1.45451581 25.80340958 2.46601701
v -1.47154403 25.86984825 2.50000000
v -1.47520006 25.92609024 2.50000000
v -1.45885646 25.78923798 2.48845506
v -1.45968473 25.78257942 2.50000000
v -1.46472049 25.81218338 2.50000000
v -1.46560371 26.01053810 2.48832512
v -1.47422874 25.97428894 2.50000000
v -1.47422767 25.98129654 2.50000000
v -1.47300649 26.00266075 2.50000000
v -1.47042668 26.02798462 2.50000000
v -1.46615493 26.06059647 2.50000000
v -1.45616961 26.10973167 2.50000000
v -1.45626378 26.10936356 2.50000000
v -1.44347942 26.15571785 2.50000000
v -1.44360888 26.15534782 2.50000000
v -1.43923414 26.16765213 2.50000000
v -1.42812312 26.19800186 2.50000000
v -1.42828751 26.19762993 2.50000000
v -1.41431236 26.22739410 2.50000000
v -1.41451132 26.22702599 2.50000000
v -1.40976691 26.23559570 2.50000000
v -1.40839410 26.23800087 2.50000000
v -1.40862703 26.23763847 2.50000000
v -1.38520372 26.27096748 2.50000000
v -1.38493979 26.27131844 2.50000000
v -1.36012912 26.29897308 2.50000000
v -0.68519270 26.98168564 2.50000000
v -1.68092477 27.90201759 2.50000000
v -0.14731658 27.53915596 2.50000000
v -0.10873475 27.57516670 2.50000000
v -0.06561814 27.60750771 2.50000000
v -0.01882894 27.63549423 2.50000000
v 3.22578359 11.80832291 0.50000000
v 4.77757502 11.80830860 0.50000000
v 6.19081593 14.80832195 0.58432502
v 6.18752289 14.83690262 0.58490098
v 6.19488239 14.78060150 0.58636999
v 6.18514633 14.86536503 0.58807200
v 6.18370342 14.89341068 0.59382802
v 6.18323183 14.92009830 0.60208702
v 0.28381410 14.66679573 1.24910200
v 1.53381407 14.66679573 1.24910200
v 6.02001095 14.75535774 0.65048403
v 6.01466322 14.78288841 0.64889199
v 6.01033545 14.81131458 0.64981300
v 6.00720453 14.83967400 0.65323400
v 6.00531912 14.86765575 0.65914100
v 6.00468779 14.89432144 0.66745400
v 5.85370016 14.72340488 0.73162597
v 5.84713268 14.75069809 0.73059499
v 5.84181786 14.77894497 0.73195398
v 5.83798075 14.80716133 0.73570597
v 5.83565760 14.83505726 0.74180102
v 5.83488798 14.86169910 0.75017601
v 5.69789076 14.68512249 0.82883900
v 5.69018316 14.71214008 0.82847798
v 5.68394661 14.74015427 0.83037400
v 5.67944002 14.76821041 0.83450198
v 5.67671299 14.79600334 0.84083998
v 5.67580462 14.82261181 0.84928697
v 5.42497396 14.59143353 1.06675398
v 5.41526699 14.61776447 1.06803703
v 5.40740490 14.64522839 1.07123101
v 5.40173578 14.67288113 1.07629895
v 5.39829683 14.70043087 1.08320105
v 5.39715958 14.72696209 1.09183598
v 5.55442142 14.64096165 0.94098699
v 5.54566908 14.66765404 0.94140399
v 5.53857946 14.69540691 0.94390798
v 5.53345203 14.72327137 0.94848502
v 5.53035593 14.75095463 0.95508200
v 5.52933216 14.77752590 0.96361899
v 5.31104708 14.53713322 1.20465600
v 5.30051947 14.56306839 1.20689201
v 5.29198122 14.59020329 1.21084499
v 5.28581858 14.61762142 1.21645796
v 5.28209066 14.64503670 1.22368205
v 5.28085184 14.67151833 1.23243296
v 2.00999188 16.73925781 0.50000000
v 4.77757502 16.26147842 0.50000000
v 3.22578359 17.68148613 0.50000000
v 4.77757502 17.81187820 0.50000000
v 1.12756407 16.83969498 0.73488402
v 2.01213121 16.13547516 0.71402901
v 2.14524174 16.18013573 0.83147103
v 2.50763988 16.92258072 0.96976900
v 6.18323183 15.85334873 0.96446198
v 6.18370342 15.87900829 0.97514099
v 6.18514633 15.90396500 0.98812002
v 6.18752289 15.92730904 1.00326300
v 6.00468731 15.82757092 1.02982903
v 6.00531912 15.85325336 1.04045403
v 6.00720453 15.87827587 1.05328202
v 6.01033545 15.90172958 1.06817603
v 6.01466322 15.92337513 1.08495998
v 6.19081593 15.94881248 1.02039301
v 6.19498873 15.96823120 1.03933895
v 6.19999123 15.98535347 1.05987895
v 6.20577908 15.99997616 1.08179295
v 5.83488798 15.79494858 1.11255205
v 5.83565760 15.82066059 1.12311399
v 5.83798075 15.84575939 1.13575399
v 5.84181786 15.86935329 1.15031600
v 5.84713268 15.89119244 1.16666305
v 6.02015162 15.94298649 1.10345304
v 6.02672815 15.96033764 1.12346399
v 6.21227551 16.01196289 1.10484505
v 6.21941662 16.02116203 1.12876701
v 6.03433704 15.97522354 1.14476204
v 6.04288292 15.98750687 1.16712201
v 6.22712183 16.02749252 1.15332198
v 5.85387278 15.91104221 1.18459499
v 5.67580462 15.75586796 1.21166205
v 5.67671299 15.78160572 1.22215295
v 5.67944002 15.80680847 1.23455000
v 5.68394661 15.83056355 1.24873698
v 5.86194849 15.92867756 1.20393896
v 6.05226660 15.99702835 1.19028795
v 6.23528051 16.03085327 1.17822397
v 5.87129068 15.94389439 1.22445798
v 5.88177395 15.95655537 1.24593496
v 6.06240749 16.00370979 1.21402097
v 6.07306671 16.00742912 1.23804903
v 8.72241879 11.80830860 0.50000000
v 6.37625694 14.79885578 0.54002100
v 6.37352324 14.82670689 0.53766102
v 6.37130308 14.85539246 0.53798199
v 6.36970758 14.88393307 0.54096800
v 6.36873245 14.91202831 0.54660898
v 6.56201982 14.80988979 0.51199901
v 6.56064606 14.83781719 0.50944400
v 6.55952883 14.86657715 0.50960201
v 6.55871964 14.89516449 0.51248699
v 6.55823469 14.92328358 0.51805902
v 6.55807686 14.95000076 0.52625602
v 6.74998474 14.81358337 0.50261903
v 6.74998140 14.84153843 0.50000000
v 6.74998379 14.87031937 0.50010699
v 6.74998665 14.89892387 0.50295401
v 6.74998474 14.92705154 0.50850397
v 6.74998093 14.95377159 0.51669401
v 6.93795013 14.80989361 0.51199198
v 6.93932390 14.83782482 0.50943798
v 6.94044256 14.86657524 0.50960600
v 6.94125128 14.89516449 0.51248097
v 6.94173670 14.92328835 0.51805502
v 6.94189644 14.95000267 0.52625698
v 6.36841202 14.93873405 0.55483299
v 7.12371778 14.79885387 0.54002100
v 7.12644529 14.82670879 0.53765500
v 7.12866402 14.85539532 0.53797698
v 7.13026285 14.88393688 0.54096597
v 7.13123608 14.91202831 0.54661101
v 7.13156176 14.93873310 0.55483299
v 7.30915546 14.80832672 0.58432198
v 7.31244516 14.83690166 0.58489299
v 7.30509853 14.78061104 0.58635801
v 7.31482697 14.86536694 0.58806098
v 7.31626987 14.89341545 0.59381503
v 7.31674004 14.92010403 0.60207701
v 10.00000000 10.00000000 0.00000000
v 11.00055885 11.08332920 0.00000000
v 11.08332920 11.00055885 0.00000000
v 11.03786755 11.03786755 0.00000000
v 10.97283649 11.13519478 0.00000000
v 10.95576477 11.19147301 0.00000000
v 11.13519478 10.97283649 0.00000000
v 11.19147301 10.95576477 0.00000000
v 11.25000000 10.94999981 0.00000000
v 11.30852699 10.95576477 0.00000000
v 11.36480522 10.97283649 0.00000000
v 11.41667080 11.00055885 0.00000000
v 11.46213245 11.03786755 0.00000000
v 11.49944115 11.08332920 0.00000000
v 11.52716351 11.13519478 0.00000000
v 11.54423523 11.19147301 0.00000000
v 12.50000000 10.00000000 0.00000000
v 11.00055885 11.08332920 0.27499998
v 11.08332920 11.00055885 0.27500001
v 11.03786755 11.03786755 0.27500001
v 10.97283649 11.13519478 0.27500001
v 10.95576477 11.19147301 0.27500001
v 11.13519478 10.97283649 0.27500001
v 11.19147301 10.95576477 0.27500001
v 11.25000000 10.94999981 0.27500001
v 11.30852699 10.95576477 0.27500001
v 11.36480522 10.97283649 0.27500001
v 11.41667080 11.00055885 0.27500001
v 11.46213245 11.03786755 0.27500001
v 11.49944115 11.08332920 0.27499998
v 11.52716351 11.13519478 0.27500001
v 11.54423523 11.19147301 0.27500001
v 10.94999981 11.25000000 0.00000000
v 10.95576477 11.30852699 0.00000000
v 10.97283649 11.36480522 0.00000000
v 11.00055885 11.41667080 0.00000000
v 11.03786755 11.46213245 0.00000000
v 11.08332920 11.49944115 0.00000000
v 11.13519478 11.52716351 0.00000000
v 11.19147301 11.54423523 0.00000000
v 11.25000000 11.55000019 0.00000000
v 11.30852699 11.54423523 0.00000000
v 11.36480522 11.52716351 0.00000000
v 11.41667080 11.49944115 0.00000000
v 11.46213245 11.46213245 0.00000000
v 11.49944115 11.41667080 0.00000000
v 11.55000019 11.25000000 0.00000000
v 11.54423523 11.30852699 0.00000000
v 11.52716351 11.36480522 0.00000000
v 10.94999981 11.25000000 0.27500001
v 10.95576477 11.30852699 0.27500001
v 10.97283649 11.36480522 0.27500001
v 11.00055885 11.41667080 0.27499998
v 11.03786755 11.46213245 0.27500001
v 11.08332920 11.49944115 0.27500001
v 11.13519478 11.52716351 0.27500001
v 11.19147301 11.54423523 0.27500001
v 11.25000000 11.55000019 0.27500001
v 11.30852699 11.54423523 0.27500001
v 11.36480522 11.52716351 0.27500001
v 11.41667080 11.49944115 0.27500001
v 11.46213245 11.46213150 0.27500001
v 11.49944115 11.41667080 0.27499998
v 11.55000019 11.25000000 0.27500001
v 11.54423523 11.30852699 0.27500001
v 11.52716351 11.36480522 0.27500001
v 10.00000000 10.00000000 0.50000000
v 10.87876892 10.87876892 0.50000000
v 10.73508739 11.14757729 0.50000000
v 10.81347847 10.95832539 0.50000000
v 10.76496315 11.04909134 0.50000000
v 10.72500038 11.25000000 0.50000000
v 10.73508739 11.35242271 0.50000000
v 10.76496315 11.45090866 0.50000000
v 10.81347847 11.54167461 0.50000000
v 10.87876892 11.62123108 0.50000000
v 11.04909134 10.76496315 0.50000000
v 10.95832539 10.81347847 0.50000000
v 11.14757729 10.73508739 0.50000000
v 11.25000000 10.72500038 0.50000000
v 11.35242271 10.73508739 0.50000000
v 11.45090866 10.76496315 0.50000000
v 11.54167461 10.81347847 0.50000000
v 11.62123108 10.87876892 0.50000000
v 11.68652153 10.95832539 0.50000000
v 12.50000000 10.00000000 0.50000000
v 11.73503685 11.04909134 0.50000000
v 11.76491261 11.14757729 0.50000000
v 10.95832539 11.68652153 0.50000000
v 11.04909134 11.73503685 0.50000000
v 11.14757729 11.76491261 0.50000000
v 11.25000000 11.77499962 0.50000000
v 11.68652153 11.54167461 0.50000000
v 11.35242271 11.76491261 0.50000000
v 11.45090866 11.73503685 0.50000000
v 11.54167461 11.68652153 0.50000000
v 11.62123108 11.62123108 0.50000000
v 11.77499962 11.25000000 0.50000000
v 11.76491261 11.35242271 0.50000000
v 11.73503685 11.45090866 0.50000000
v 10.00000000 12.50000000 0.00000000
v 12.50000000 12.50000000 0.00000000
v 10.00000000 12.50000000 0.50000000
v 12.50000000 12.50000000 0.50000000
v 6.63974524 12.37561226 0.87729400
v 6.58624172 12.37023163 0.89078599
v 6.53464842 12.36278248 0.90946698
v 6.48559237 12.35335636 0.93309999
v 6.69454193 12.37887096 0.86912501
v 6.74999475 12.37996006 0.86639303
v 6.80544186 12.37886810 0.86913002
v 6.86024761 12.37561607 0.87728500
v 6.91375065 12.37022972 0.89078701
v 6.96534300 12.36278534 0.90946198
v 7.01440716 12.35335922 0.93309498
v 6.43962812 12.34206486 0.96141601
v 6.39730549 12.32903481 0.99408901
v 6.35911083 12.31442547 1.03072202
v 6.32551479 12.29840660 1.07088900
v 7.06035948 12.34206295 0.96141899
v 7.10268831 12.32903767 0.99408400
v 7.14087915 12.31442928 1.03071404
v 7.17448425 12.29840946 1.07088399
v 6.29687834 12.28116417 1.11412597
v 6.27355909 12.26290226 1.15991902
v 6.25583839 12.24382877 1.20774305
v 7.20311308 12.28116703 1.11411798
v 7.22643280 12.26290226 1.15991902
v 7.24415922 12.24383354 1.20773196
v 7.47996902 14.75536346 0.65047401
v 7.48530865 14.78288937 0.64888197
v 7.48964500 14.81132317 0.64979702
v 7.49277067 14.83967781 0.65322900
v 7.49466276 14.86765575 0.65913099
v 7.49529028 14.89432621 0.66744101
v 7.64627695 14.72340775 0.73161399
v 7.65284300 14.75070572 0.73057997
v 7.65815735 14.77894783 0.73194498
v 7.66199541 14.80716801 0.73568898
v 7.66431999 14.83505917 0.74179500
v 7.66509247 14.86170101 0.75016397
v 7.80208206 14.68512535 0.82882798
v 7.80979395 14.71214199 0.82846802
v 7.81603336 14.74016094 0.83036000
v 7.82053709 14.76821518 0.83449399
v 7.82326078 14.79600716 0.84082401
v 7.82417011 14.82261658 0.84927100
v 7.94556093 14.64096546 0.94097602
v 7.95430946 14.66765976 0.94138801
v 7.96140146 14.69541264 0.94389403
v 7.96652699 14.72327995 0.94846702
v 7.96962070 14.75096130 0.95506901
v 7.97064686 14.77753067 0.96360397
v 8.07501125 14.59144211 1.06673300
v 8.08471680 14.61777782 1.06801403
v 8.09256935 14.64523506 1.07121396
v 8.09825420 14.67288685 1.07628298
v 8.10167599 14.70044518 1.08317804
v 8.10281658 14.72697067 1.09182000
v 8.18892956 14.53713512 1.20464301
v 8.19946480 14.56307125 1.20687497
v 8.20800591 14.59021091 1.21082604
v 8.21416664 14.61763000 1.21644294
v 8.21789551 14.64504242 1.22367001
v 8.21913052 14.67152405 1.23241901
v 8.72241879 16.26147842 0.50000000
v 8.72241879 17.81187820 0.50000000
v 6.55807686 15.88325405 0.88863200
v 6.36841202 15.87198257 0.91720802
v 6.36873245 15.89762974 0.92792201
v 6.55823469 15.90888977 0.89937198
v 6.55871964 15.93376446 0.91253501
v 6.55952883 15.95698738 0.92796499
v 6.74998093 15.88702393 0.87906998
v 6.74998474 15.91265774 0.88981700
v 6.94189644 15.88325214 0.88863200
v 6.94173670 15.90888882 0.89936900
v 6.94125128 15.93376923 0.91252899
v 6.74998665 15.93752193 0.90300202
v 6.74998379 15.96073055 0.91846901
v 6.74998140 15.98203278 0.93606800
v 6.94044256 15.95698643 0.92796803
v 7.13156176 15.87198448 0.91720802
v 7.13123608 15.89762878 0.92792398
v 6.36970758 15.92253780 0.94101602
v 6.37130356 15.94580173 0.95634401
v 6.37352324 15.96719360 0.97372901
v 6.56064606 15.97831249 0.94551200
v 6.56205606 15.99750996 0.96496803
v 6.37632942 15.98647976 0.99299002
v 6.37970448 16.00343513 1.01392198
v 6.56374836 16.01436806 0.98612702
v 6.56571531 16.02868843 1.00874901
v 6.74998474 16.00120354 0.95558900
v 6.93932390 15.97831249 0.94550598
v 6.93791389 15.99751377 0.96496099
v 6.74998713 16.01802635 0.97682500
v 6.74998808 16.03230858 0.99953699
v 6.93622541 16.01436996 0.98612601
v 6.93426180 16.02868652 1.00875103
v 6.38359261 16.01786613 1.03627801
v 6.56791401 16.04033279 1.03260505
v 6.38797379 16.02964211 1.05982804
v 6.39278221 16.03860283 1.08430505
v 6.57033110 16.04915047 1.05741596
v 6.57294226 16.05507660 1.08291399
v 6.74998999 16.04391098 1.02349401
v 6.74999094 16.05268097 1.04841602
v 6.93206549 16.04033279 1.03260303
v 6.74998903 16.05855751 1.07403398
v 6.92964649 16.04915237 1.05741298
v 6.92703867 16.05507660 1.08291698
v 7.13026285 15.92253685 0.94101399
v 7.31674004 15.85335159 0.96445203
v 7.31626987 15.87901306 0.97512800
v 7.31482697 15.90397167 0.98810899
v 7.31244516 15.92731571 1.00325596
v 7.12866402 15.94580269 0.95634001
v 7.12644529 15.96719646 0.97372299
v 7.12364578 15.98647785 0.99299002
v 7.12026882 16.00343704 1.01391494
v 7.11638212 16.01786804 1.03627396
v 7.30915546 15.94881153 1.02039003
v 7.30499125 15.96823406 1.03932703
v 7.11200857 16.02964211 1.05982494
v 7.10720015 16.03860664 1.08429599
v 7.29998064 15.98535633 1.05987000
v 7.29420471 15.99997902 1.08178306
v 7.49529028 15.82757664 1.02981699
v 7.49466276 15.85326004 1.04044402
v 7.49277067 15.87827587 1.05327702
v 7.48964500 15.90173340 1.06816006
v 7.48530865 15.92338181 1.08494997
v 6.39796972 16.04467964 1.10945201
v 6.57571983 16.05801964 1.10882103
v 6.40348053 16.04778481 1.13497198
v 6.74999189 16.06144524 1.10006905
v 6.92426062 16.05802155 1.10881805
v 7.10201359 16.04468346 1.10944295
v 7.28770590 16.01196671 1.10483503
v 7.28056145 16.02116394 1.12875998
v 7.09649801 16.04778290 1.13497496
v 7.27285910 16.02749443 1.15331304
v 7.66509247 15.79495621 1.11254001
v 7.66431999 15.82066250 1.12310803
v 7.66199541 15.84576511 1.13573694
v 7.65815735 15.86935616 1.15030706
v 7.65284300 15.89119625 1.16664803
v 7.47982788 15.94299221 1.10344398
v 7.47324228 15.96033955 1.12346101
v 7.46564341 15.97522259 1.14475906
v 7.45709467 15.98751068 1.16711104
v 7.26470375 16.03085899 1.17821205
v 7.64610386 15.91104794 1.18458295
v 7.63802147 15.92868328 1.20392299
v 7.44770956 15.99703121 1.19027996
v 7.43757582 16.00371361 1.21401203
v 7.42690849 16.00743294 1.23803997
v 7.62868738 15.94390106 1.22444105
v 7.61819983 15.95655823 1.24593103
v 7.82417011 15.75587368 1.21164596
v 7.82326031 15.78161526 1.22213697
v 7.82053709 15.80681133 1.23454201
v 7.81603336 15.83056831 1.24872303
v 6.63974524 18.37918091 0.87729400
v 6.58624172 18.37380219 0.89078599
v 6.53464842 18.36635208 0.90946698
v 6.48559237 18.35692596 0.93309999
v 6.69454193 18.38244247 0.86912501
v 6.74999475 18.38352966 0.86639303
v 6.80544186 18.38243866 0.86913002
v 6.86023760 18.37918663 0.87728602
v 6.91375065 18.37380028 0.89078701
v 6.96533251 18.36635208 0.90946198
v 7.01439714 18.35692978 0.93309599
v 6.43962717 18.34563637 0.96141601
v 6.39730597 18.33260345 0.99408901
v 6.35910988 18.31799698 1.03072202
v 6.32550430 18.30197525 1.07088995
v 7.06035948 18.34563255 0.96141899
v 7.10268831 18.33260727 0.99408400
v 7.14087963 18.31799889 1.03071404
v 7.17448330 18.30197716 1.07088399
v 6.29687691 18.28473473 1.11412597
v 6.27356052 18.26646996 1.15991902
v 6.25582838 18.24739838 1.20774305
v 7.20311356 18.28473663 1.11411798
v 7.22643280 18.26647186 1.15991902
v 7.24415970 18.24740410 1.20773196
v 2.01213121 13.19942093 1.78417504
v 2.14524174 13.83129311 1.68758798
v 6.24389458 12.22417927 1.25701702
v 6.23788929 12.20417309 1.30718505
v 6.23789024 12.18404961 1.35764503
v 6.24389458 12.16404343 1.40780795
v 5.21400356 14.47867870 1.35309303
v 5.20275545 14.50418949 1.35635197
v 5.19365072 14.53097916 1.36111498
v 5.18706417 14.55814743 1.36731696
v 5.18309450 14.58540821 1.37489796
v 5.18176508 14.61183739 1.38376498
v 5.13496161 14.41676998 1.51031101
v 5.12313890 14.44182396 1.51466095
v 5.11356068 14.46824837 1.52027702
v 5.10663795 14.49515247 1.52710104
v 5.10246134 14.52225208 1.53505504
v 5.10106373 14.54862881 1.54404700
v 5.07486200 14.35212421 1.67447102
v 5.06259537 14.37670612 1.67995298
v 5.05265474 14.40274906 1.68647206
v 5.04548645 14.42938042 1.69393301
v 5.04114866 14.45630932 1.70228601
v 5.03970337 14.48262978 1.71141100
v 5.03439951 14.28550625 1.84364295
v 5.02182961 14.30959988 1.85030699
v 5.01166153 14.33524799 1.85774100
v 5.00430727 14.36158752 1.86587405
v 4.99986172 14.38835335 1.87462401
v 1.53381407 12.31795311 2.10521889
v 2.01048803 12.01408863 2.21223402
v 2.00979328 12.01326275 2.50000000
v 2.32671928 12.12195015 2.50000000
v 2.39734054 12.32509041 2.50000000
v 2.99261403 14.06471062 2.50000000
v 3.01213408 14.12124157 2.50000000
v 3.01529121 14.13014889 2.50000000
v 3.02566099 14.16027641 2.50000000
v 3.22578359 11.80832291 2.50000000
v 4.77757502 11.80830860 2.50000000
v 5.01404572 14.21769428 2.01585388
v 5.00133753 14.24128532 2.02371001
v 4.99839163 14.41461754 1.88389003
v 4.97910309 14.31917095 2.05006504
v 4.99103308 14.26653290 2.03208399
v 4.98359823 14.29258633 2.04090095
v 4.97760916 14.34537792 2.05946302
v 5.85422611 12.78541851 2.50000000
v 5.01405001 14.14947987 2.18908405
v 5.00133991 14.17257500 2.19813395
v 4.99104548 14.19740486 2.20745993
v 4.97909164 14.24972153 2.22653389
v 4.98361826 14.22311783 2.21695995
v 4.97757530 14.27609158 2.23607206
v 5.03441715 14.08164501 2.36129808
v 5.02184916 14.10426712 2.37153602
v 5.01160479 14.12881374 2.38179994
v 5.06758022 14.02699471 2.50000000
v 5.02185202 14.10426044 2.50000000
v 5.01160717 14.12881088 2.50000000
v 5.03709364 14.07812977 2.50000000
v 5.03442240 14.08163261 2.50000000
v 4.97909498 14.24970055 2.50000000
v 4.97758007 14.27604866 2.50000000
v 4.97761011 14.33135319 2.50000000
v 4.98362064 14.22309685 2.50000000
v 5.08123493 14.00521278 2.50000000
v 4.97891140 14.45923328 2.50000000
v 4.97889996 14.50619316 2.50000000
v 4.97760296 14.51861000 2.50000000
v 3.02049613 17.08530235 1.43953705
v 3.02566099 16.48255539 1.65356600
v 5.69018316 15.85262966 1.26454604
v 5.69809389 15.87276840 1.28180897
v 5.52933216 15.71077824 1.32599401
v 5.70758152 15.89074993 1.30034101
v 5.71853828 15.90636635 1.31992698
v 5.89331055 15.96648788 1.26814306
v 5.90575266 15.97361279 1.29083705
v 5.91872787 15.97777462 1.31376302
v 5.53035593 15.73655701 1.33639598
v 5.53345203 15.76187134 1.34853303
v 5.53857946 15.78581810 1.36227095
v 5.73085070 15.91947174 1.34036803
v 5.74439192 15.92989731 1.36142004
v 5.54566908 15.80814457 1.37747204
v 5.55465174 15.82861328 1.39395702
v 5.75899076 15.93755531 1.38286698
v 5.77405787 15.94222832 1.40447295
v 5.39715958 15.66021538 1.45421195
v 5.39829683 15.68603802 1.46451497
v 5.40173578 15.71148014 1.47634697
v 5.40740490 15.73563576 1.48959303
v 5.41526699 15.75826073 1.50410497
v 5.42522860 15.77909946 1.51972401
v 5.43716669 15.79792595 1.53627706
v 5.45097494 15.81452179 1.55357504
v 5.56543684 15.84699726 1.41155195
v 5.57788944 15.86307144 1.43007004
v 5.59188366 15.87669373 1.44929600
v 5.60725784 15.88768673 1.46902204
v 5.62386799 15.89595795 1.48903298
v 5.28085184 15.60476971 1.59480906
v 5.46648121 15.82872391 1.57145202
v 5.28209066 15.63064098 1.60499501
v 5.28581858 15.65622330 1.61650598
v 5.29198122 15.68061161 1.62920702
v 5.30051947 15.70355701 1.64295995
v 5.31132507 15.72480583 1.65762496
v 5.32430363 15.74412251 1.67303801
v 5.33929157 15.76128197 1.68901300
v 5.35613537 15.77612019 1.70539999
v 5.48353338 15.84035492 1.58968198
v 5.50158167 15.84916496 1.60809898
v 5.18176508 15.54509449 1.74614096
v 5.18309450 15.57101154 1.75621104
v 5.18706417 15.59674454 1.76736498
v 5.19365072 15.62138653 1.77947700
v 5.37462997 15.78843307 1.72200501
v 5.20275545 15.64467812 1.79242003
v 5.21429825 15.66636467 1.80606198
v 5.22814417 15.68621063 1.82023096
v 5.24414539 15.70398045 1.83478701
v 5.26210785 15.71947956 1.84957302
v 5.28152847 15.73237896 1.86442101
v 6.24389458 18.22774696 1.25701702
v 6.23788929 18.20774078 1.30718505
v 6.23789120 18.18761826 1.35764503
v 6.24389410 18.16761398 1.40780795
v 3.02310276 16.77639580 2.50000000
v 3.01938796 17.46982193 2.50000000
v 3.01599169 17.47785759 2.50000000
v 3.01932478 17.47778511 2.50000000
v 5.10106373 15.48188686 1.90642297
v 5.10246134 15.50785828 1.91636801
v 5.10663795 15.53374958 1.92714906
v 5.11356068 15.55865860 1.93863904
v 5.12313890 15.58231449 1.95072901
v 5.13527298 15.60446739 1.96327996
v 5.14983892 15.62487125 1.97614598
v 5.16661930 15.64323807 1.98920000
v 5.18525362 15.65930176 2.00228190
v 5.03970337 15.41588402 2.07378697
v 5.04114866 15.44191265 2.08360004
v 5.04548645 15.46797466 2.09398103
v 5.05265474 15.49315548 2.10483408
v 5.06259537 15.51720238 2.11602092
v 5.07516623 15.53979683 2.12743998
v 5.09035969 15.56090450 2.13894701
v 4.99839163 15.34786224 2.24626589
v 4.99986172 15.37395191 2.25593710
v 5.00430727 15.40019226 2.26592207
v 5.01164722 15.42559242 2.27610397
v 5.02188349 15.45019627 2.28637505
v 5.03448868 15.47288799 2.29661298
v 4.97761297 15.27859020 2.42183805
v 4.97911549 15.30479050 2.43137789
v 4.97761154 15.27857780 2.50000000
v 4.97911453 15.30478477 2.50000000
v 4.98363638 15.33138561 2.44094896
v 4.99079418 15.35634232 2.45044589
v 4.98363590 15.33138084 2.50000000
v 4.99080038 15.35635757 2.50000000
v 5.01164293 15.42558670 2.50000000
v 5.02187872 15.45018482 2.50000000
v 5.03451490 15.47292519 2.50000000
v 5.07517958 15.53982449 2.50000000
v 5.09035349 15.56089592 2.50000000
v 5.16662693 15.64324760 2.50000000
v 5.18533659 15.65936184 2.50000000
v 5.26218224 15.71953869 2.50000000
v 5.28164577 15.73244381 2.50000000
v 5.37474537 15.78849983 2.50000000
v 5.50175476 15.84923553 2.50000000
v 5.62409639 15.89604664 2.50000000
v 5.77429581 15.94228363 2.50000000
v 5.91897249 15.97782612 2.50000000
v 6.07329416 16.00747490 2.50000000
v 6.23546982 16.03088951 2.50000000
v 4.77757502 16.26147842 2.50000000
v 3.22578359 17.68148613 2.50000000
v 4.77757502 17.81187820 2.50000000
v 5.85422325 18.78898811 2.50000000
v 7.25609922 12.22418022 1.25701499
v 7.26210260 12.20417500 1.30717897
v 7.26210403 12.18405056 1.35763800
v 6.25598335 12.14442921 1.45708299
v 6.27543211 12.12467098 1.50490403
v 6.30001354 12.10608959 1.55069602
v 7.25610065 12.16404915 1.40779698
v 7.24401617 12.14443111 1.45708001
v 7.22457695 12.12467575 1.50489497
v 7.19998169 12.10608864 1.55069697
v 6.32941818 12.08878231 1.59394002
v 6.36340189 12.07284164 1.63410902
v 6.40162420 12.05838394 1.67074001
v 6.44374609 12.04553509 1.70340502
v 7.17058134 12.08878422 1.59393406
v 7.13660669 12.07284546 1.63410199
v 7.09836769 12.05838585 1.67073405
v 7.05626392 12.04553890 1.70339704
v 6.53779650 12.02516174 1.75535202
v 6.48930025 12.03442287 1.73171794
v 6.58869600 12.01784706 1.77403605
v 6.96220827 12.02515984 1.75535703
v 7.01070833 12.03442478 1.73171306
v 6.64143753 12.01256847 1.78752804
v 6.69540691 12.00937557 1.79569304
v 6.80459499 12.00937748 1.79568899
v 6.91130829 12.01785088 1.77402699
v 6.85856628 12.01256847 1.78752899
v 6.74999905 12.00830841 1.79842198
v 8.28598118 14.47868729 1.35307395
v 8.29722500 14.50419426 1.35633600
v 8.30633545 14.53098583 1.36109304
v 8.31291866 14.55815220 1.36729598
v 8.31690025 14.58541679 1.37487495
v 8.31822014 14.61184978 1.38374197
v 8.36501789 14.41677570 1.51029098
v 8.37684441 14.44183159 1.51463604
v 8.38642788 14.46825504 1.52025795
v 8.39334869 14.49516201 1.52707195
v 8.39753246 14.52226639 1.53503299
v 8.39891434 14.54864311 1.54402804
v 8.42513371 14.35213757 1.67444396
v 8.43739700 14.37671471 1.67993605
v 8.44733429 14.40275860 1.68644702
v 8.45450497 14.42938709 1.69391203
v 8.45884514 14.45631981 1.70225894
v 8.46029091 14.48264027 1.71139002
v 8.46560287 14.28551865 1.84361994
v 8.47816372 14.30960941 1.85028398
v 8.48833656 14.33525848 1.85771704
v 8.49568367 14.36159801 1.86585498
v 8.50012589 14.38835907 1.87460697
v 6.29599285 12.10834408 2.50000000
v 6.32557058 12.09069061 2.50000000
v 6.27137423 12.12733459 2.50000000
v 6.25201464 12.14757061 2.50000000
v 6.26168633 12.13714218 2.50000000
v 6.28417206 12.11767006 2.50000000
v 6.35982037 12.07447243 2.50000000
v 6.39837646 12.05980110 2.50000000
v 6.44087744 12.04679871 2.50000000
v 6.53579044 12.02628708 2.50000000
v 6.58716965 12.01898384 2.50000000
v 6.64042330 12.01377010 2.50000000
v 6.48684645 12.03559017 2.50000000
v 6.69493961 12.01069641 2.50000000
v 6.74999905 12.00969887 2.50000000
v 6.80506277 12.01069832 2.50000000
v 6.85958052 12.01377010 2.50000000
v 6.91283512 12.01898766 2.50000000
v 6.96421385 12.02628517 2.50000000
v 7.01316214 12.03559208 2.50000000
v 7.05913305 12.04680252 2.50000000
v 7.10161638 12.05980301 2.50000000
v 7.14018726 12.07447624 2.50000000
v 7.17442942 12.09069347 2.50000000
v 7.20400238 12.10834217 2.50000000
v 7.21582794 12.11767101 2.50000000
v 7.22863293 12.12733841 2.50000000
v 7.23831606 12.13714504 2.50000000
v 7.24798536 12.14757252 2.50000000
v 8.72241879 11.80830860 2.50000000
v 8.48595428 14.21770287 2.01583505
v 8.49866390 14.24129677 2.02368593
v 8.50160217 14.41462326 1.88386798
v 8.50896358 14.26654148 2.03206491
v 8.51639843 14.29259586 2.04088092
v 8.52088928 14.31918144 2.05004191
v 8.52238464 14.34538460 2.05944109
v 8.48595715 14.14948750 2.18906403
v 8.49866772 14.17258644 2.19811010
v 8.50895786 14.19742107 2.20743299
v 8.51637459 14.22312832 2.21693897
v 8.52090359 14.24972916 2.22651100
v 8.52241898 14.27610016 2.23604989
v 8.46558952 14.08165359 2.36127496
v 8.47815704 14.10427856 2.37151408
v 8.48839474 14.12882233 2.38178396
v 8.41876221 14.00521183 2.50000000
v 8.43241692 14.02699471 2.50000000
v 8.46558475 14.08164215 2.50000000
v 8.47815418 14.10427189 2.50000000
v 8.48839283 14.12881947 2.50000000
v 8.51637173 14.22310734 2.50000000
v 8.52089977 14.24970818 2.50000000
v 8.52241421 14.27605724 2.50000000
v 7.80979395 15.85263538 1.26453602
v 7.80188036 15.87277222 1.28179801
v 7.79239988 15.89075565 1.30032396
v 7.78144169 15.90637207 1.31991804
v 7.60667276 15.96648979 1.26813400
v 7.59422684 15.97361755 1.29082406
v 7.58125401 15.97777939 1.31375098
v 7.76912594 15.91947746 1.34035301
v 7.75558758 15.92990208 1.36140704
v 7.74097967 15.93756199 1.38285303
v 7.72592402 15.94223022 1.40446699
v 7.97064686 15.71078396 1.32597899
v 7.96962070 15.73656178 1.33638203
v 7.96652699 15.76187801 1.34851503
v 7.96140146 15.78582478 1.36225700
v 7.95430946 15.80815125 1.37745595
v 7.94533062 15.82861805 1.39394498
v 7.93454933 15.84699821 1.41154206
v 7.92209959 15.86307907 1.43004799
v 7.90809822 15.87670135 1.44928098
v 7.89272261 15.88769531 1.46900105
v 8.10281658 15.66022110 1.45419502
v 8.10167599 15.68604279 1.46449101
v 8.09825420 15.71148682 1.47633100
v 7.87610817 15.89596081 1.48902595
v 8.09256935 15.73564339 1.48957598
v 8.08471680 15.75826550 1.50408304
v 8.07475567 15.77910995 1.51970196
v 8.06280613 15.79793358 1.53626096
v 8.04900360 15.81452751 1.55355895
v 8.21913052 15.60477543 1.59479403
v 8.03349400 15.82873058 1.57143295
v 8.01644897 15.84035873 1.58967102
v 7.99839878 15.84917164 1.60808003
v 8.21789551 15.63064575 1.60498297
v 8.21416664 15.65622711 1.61649096
v 8.20800591 15.68061733 1.62918901
v 8.19946480 15.70356655 1.64294302
v 8.18865395 15.72481155 1.65761197
v 8.17568207 15.74412918 1.67301297
v 8.16069221 15.76129055 1.68899405
v 8.14384270 15.77612877 1.70537996
v 8.31822014 15.54510021 1.74611700
v 8.31690025 15.57102203 1.75618899
v 8.31291866 15.59675598 1.76734400
v 8.30633545 15.62139702 1.77945495
v 8.12535572 15.78843975 1.72198701
v 8.29722500 15.64468575 1.79240406
v 8.28568649 15.66637039 1.80604303
v 8.27184200 15.68621731 1.82021499
v 8.25583839 15.70398426 1.83477700
v 8.23788452 15.71948624 1.84955394
v 8.21845245 15.73238850 1.86439800
v 7.25609875 18.22774887 1.25701499
v 7.26210403 18.20774460 1.30717897
v 7.26210451 18.18762016 1.35763800
v 6.30001593 18.10965919 1.55069602
v 6.25598335 18.14799881 1.45708299
v 6.27541780 18.12824249 1.50490499
v 7.19998169 18.10965919 1.55069697
v 7.25609827 18.16761780 1.40779698
v 7.24401712 18.14800072 1.45708001
v 7.22457457 18.12824440 1.50489497
v 6.32941866 18.09235191 1.59394002
v 6.36339045 18.07641220 1.63410997
v 6.40162516 18.06195450 1.67074001
v 6.44374704 18.04910469 1.70340502
v 7.17058134 18.09235382 1.59393406
v 7.13660669 18.07641411 1.63410199
v 7.09836769 18.06195641 1.67073405
v 7.05625248 18.04910851 1.70339799
v 6.48930025 18.03799248 1.73171794
v 6.53779793 18.02873230 1.75535202
v 6.58869600 18.02141762 1.77403605
v 7.01069927 18.03799438 1.73171401
v 6.96220779 18.02872849 1.75535703
v 6.64143753 18.01613808 1.78752804
v 6.69540691 18.01294518 1.79569304
v 6.80459499 18.01294708 1.79568899
v 6.91129780 18.02141953 1.77402794
v 6.85856628 18.01613808 1.78752899
v 6.74999905 18.01187897 1.79842198
v 8.39891434 15.48188877 1.90640295
v 8.39753246 15.50786114 1.91634703
v 8.39334869 15.53376389 1.92711997
v 8.38642788 15.55866718 1.93861997
v 8.37684441 15.58232689 1.95070505
v 8.36470890 15.60447502 1.96326005
v 8.35015392 15.62487602 1.97613001
v 8.33336353 15.64324951 1.98917103
v 8.31474113 15.65930748 2.00226307
v 8.46029091 15.41589165 2.07376504
v 8.45884514 15.44192505 2.08357191
v 8.45450497 15.46798515 2.09396005
v 8.44733429 15.49316502 2.10481000
v 8.43739700 15.51720619 2.11600494
v 8.42483044 15.53980446 2.12741399
v 8.40963745 15.56091785 2.13891792
v 6.40361691 16.04781532 2.50000000
v 6.57579088 16.05804443 2.50000000
v 6.74999189 16.06147003 2.50000000
v 6.92418909 16.05804634 2.50000000
v 7.09636211 16.04781342 2.50000000
v 7.26451349 16.03089523 2.50000000
v 7.42668104 16.00747681 2.50000000
v 7.58100986 15.97783089 2.50000000
v 7.72568607 15.94228554 2.50000000
v 8.50160217 15.34787273 2.24624395
v 8.50012589 15.37395954 2.25592089
v 8.49568367 15.40019512 2.26590300
v 8.48835182 15.42560005 2.27607894
v 8.47810936 15.45020485 2.28635192
v 8.46551418 15.47289371 2.29659009
v 8.52238178 15.27859879 2.42181706
v 8.52087688 15.30479908 2.43135500
v 8.52238369 15.27858639 2.50000000
v 8.52087784 15.30479336 2.50000000
v 8.51636028 15.33139133 2.44092894
v 8.50920200 15.35634995 2.45042801
v 8.48835564 15.42559433 2.50000000
v 8.47811413 15.45019341 2.50000000
v 8.51636124 15.33138657 2.50000000
v 8.50919628 15.35636520 2.50000000
v 8.42481709 15.53983307 2.50000000
v 8.46548843 15.47293091 2.50000000
v 8.40964317 15.56090927 2.50000000
v 7.87588215 15.89604855 2.50000000
v 7.99822569 15.84924221 2.50000000
v 8.12523937 15.78850651 2.50000000
v 8.21833515 15.73245335 2.50000000
v 8.23780918 15.71954536 2.50000000
v 8.31465816 15.65936756 2.50000000
v 8.33335590 15.64325905 2.50000000
v 8.72241879 16.26147842 2.50000000
v 6.28320312 18.12155724 2.50000000
v 6.29599476 18.11191368 2.50000000
v 6.32557011 18.09426117 2.50000000
v 6.35980940 18.07804298 2.50000000
v 6.39837742 18.06337166 2.50000000
v 6.44087791 18.05036736 2.50000000
v 6.48684645 18.03915977 2.50000000
v 6.53579140 18.02985573 2.50000000
v 6.58716965 18.02255440 2.50000000
v 6.64042330 18.01733971 2.50000000
v 6.69493961 18.01426697 2.50000000
v 6.74999905 18.01326942 2.50000000
v 6.80506277 18.01426697 2.50000000
v 6.85958052 18.01733971 2.50000000
v 6.91263056 18.02253914 2.50000000
v 6.96421385 18.02985382 2.50000000
v 7.01315308 18.03916168 2.50000000
v 6.26168203 18.14133453 2.50000000
v 6.27136278 18.13090515 2.50000000
v 6.25201368 18.15114212 2.50000000
v 7.05912161 18.05037117 2.50000000
v 7.10161591 18.06337357 2.50000000
v 7.14018726 18.07804489 2.50000000
v 7.17442942 18.09426308 2.50000000
v 7.20400238 18.11191368 2.50000000
v 7.21679115 18.12155914 2.50000000
v 7.22863150 18.13090706 2.50000000
v 7.23831367 18.14133263 2.50000000
v 7.24798584 18.15114212 2.50000000
v 7.64577389 18.78899193 2.50000000
v 8.72241879 17.81187820 2.50000000
v 2.18092036 24.11367798 0.50000000
v 6.19081593 20.81189156 0.58432502
v 6.18752241 20.84047127 0.58490098
v 6.19488239 20.78417015 0.58636999
v 6.18514633 20.86893463 0.58807200
v 6.18370390 20.89697838 0.59382802
v 6.18322182 20.92366791 0.60208702
v 4.77757502 22.26504707 0.50000000
v 4.77756786 23.81505203 0.50000000
v 6.02000093 20.75892830 0.65048498
v 6.01466322 20.78645897 0.64889199
v 6.01033545 20.81488419 0.64981300
v 6.00720501 20.84324074 0.65323400
v 6.00530910 20.87122536 0.65914202
v 6.00468779 20.89789200 0.66745400
v 5.85368919 20.72697639 0.73162597
v 5.84713221 20.75427055 0.73059499
v 5.84181833 20.78251266 0.73195398
v 5.83797026 20.81072998 0.73570597
v 5.83565760 20.83862495 0.74180102
v 5.83487749 20.86526680 0.75017703
v 5.69789028 20.68869209 0.82883900
v 5.69018316 20.71570969 0.82847798
v 5.68394661 20.74372482 0.83037400
v 5.67944002 20.77178001 0.83450198
v 5.67671299 20.79957390 0.84083998
v 5.67580509 20.82617950 0.84928697
v 5.41526651 20.62133789 1.06803703
v 5.42496300 20.59500504 1.06675506
v 5.40740585 20.64879608 1.07123101
v 5.40172577 20.67645073 1.07629895
v 5.39829683 20.70400429 1.08320105
v 5.39715910 20.73053169 1.09183598
v 5.55442190 20.64453125 0.94098699
v 5.54566956 20.67122078 0.94140399
v 5.53856945 20.69897652 0.94390899
v 5.53345156 20.72684288 0.94848502
v 5.53035641 20.75452042 0.95508200
v 5.52932262 20.78109360 0.96361899
v 5.31104803 20.54070091 1.20465600
v 5.30050945 20.56663895 1.20689201
v 5.29198027 20.59377670 1.21084499
v 5.28581858 20.62119102 1.21645796
v 5.28209066 20.64860725 1.22368205
v 5.28085184 20.67508698 1.23243296
v 6.18322182 21.85691833 0.96446198
v 6.00468779 21.83113861 1.02982903
v 6.00530910 21.85682297 1.04045498
v 6.18370390 21.88257980 0.97514099
v 6.18514633 21.90753555 0.98812002
v 6.18752241 21.93087959 1.00326300
v 6.00720501 21.88184738 1.05328202
v 6.19081593 21.95238113 1.02039301
v 6.19498920 21.97180176 1.03933895
v 6.01033545 21.90530014 1.06817603
v 6.01466322 21.92694473 1.08495998
v 6.19999123 21.98892212 1.05987895
v 6.20576859 22.00354385 1.08179402
v 5.83487749 21.79852104 1.11255205
v 5.83565760 21.82423210 1.12311399
v 5.83797026 21.84932899 1.13575399
v 5.84181833 21.87292290 1.15031600
v 5.67580509 21.75943756 1.21166205
v 5.67671299 21.78517532 1.22215295
v 5.67944002 21.81037712 1.23455000
v 5.68394661 21.83413315 1.24873698
v 5.84713221 21.89476013 1.16666305
v 6.02014112 21.94655609 1.10345399
v 6.02672863 21.96390915 1.12346399
v 6.21226549 22.01553345 1.10484505
v 6.21940660 22.02473068 1.12876701
v 6.03433657 21.97879219 1.14476204
v 6.04287243 21.99107552 1.16712296
v 6.22712183 22.03106117 1.15332198
v 5.85386276 21.91461182 1.18459594
v 6.05226660 22.00059891 1.19028795
v 5.86194849 21.93224716 1.20393896
v 6.23527002 22.03442383 1.17822397
v 5.87128019 21.94746208 1.22445798
v 5.88177490 21.96012497 1.24593496
v 6.06239700 22.00727844 1.21402204
v 6.07305670 22.01099968 1.23804903
v 0.19454995 26.79141808 0.50135303
v 0.13974752 26.79938507 0.50538802
v 0.25000376 26.78874397 0.50000000
v 0.30545375 26.79141235 0.50135201
v 0.36024699 26.79938698 0.50538802
v 0.08624056 26.81256866 0.51206201
v 0.03465533 26.83081055 0.52129698
v 0.41376135 26.81257057 0.51206303
v 0.46533960 26.83081818 0.52130002
v 0.51440448 26.85389519 0.53298402
v 0.56037015 26.88154984 0.54698700
v 0.60268736 26.91345978 0.56314200
v 0.64087844 26.94923019 0.58125198
v 0.67448628 26.98847008 0.60111701
v 0.70311296 27.03069305 0.62249398
v 2.18092036 27.90201759 0.50000000
v 4.77756786 28.19031906 0.50000000
v 0.72643220 27.07542038 0.64513898
v 0.74416000 27.12212753 0.66878599
v 0.75610137 27.17025948 0.69315398
v 0.76213527 27.21926117 0.71795797
v 0.76220834 27.26855087 0.74290800
v 0.75633764 27.31755638 0.76771200
v 0.74457854 27.36573029 0.79208201
v 0.72707647 27.41250229 0.81572402
v 0.70401460 27.45735931 0.83837003
v 0.67564839 27.49977303 0.85974902
v 0.64224935 27.53909302 0.87961298
v 0.60399973 27.57481003 0.89772499
v 0.56132489 27.60672569 0.91387999
v 0.51507872 27.63434792 0.92787999
v 0.03420630 27.65738297 0.93956703
v 0.08595654 27.67556572 0.94880098
v 0.13958471 27.68871117 0.95547998
v 0.19447593 27.69664383 0.95951200
v 0.36041281 27.68871117 0.95547998
v 0.24999753 27.69930267 0.96086401
v 0.30551943 27.69664764 0.95951402
v 0.46579114 27.65738678 0.93957001
v 0.41404036 27.67557526 0.94880599
v 6.24390745 27.55448914 0.78518599
v 6.23789501 27.59493637 0.82180500
v 6.23789072 27.63563347 0.85865003
v 6.24388218 27.67609787 0.89527601
v 6.37625694 20.80242538 0.54002100
v 6.37130356 20.85896111 0.53798199
v 6.37352324 20.83027649 0.53766102
v 6.36969757 20.88750267 0.54096800
v 6.36873245 20.91559792 0.54660898
v 6.56201982 20.81345940 0.51199901
v 6.56064606 20.84138680 0.50944400
v 6.55952930 20.87014580 0.50960201
v 6.55872011 20.89873505 0.51248699
v 6.55823469 20.92685318 0.51805902
v 6.55807686 20.95357132 0.52625602
v 6.74998474 20.81715393 0.50261903
v 6.74998140 20.84510803 0.50000000
v 6.74998379 20.87388992 0.50010699
v 6.74998713 20.90249252 0.50295401
v 6.74998474 20.93062210 0.50850397
v 6.93795013 20.81346321 0.51199198
v 6.93932390 20.84139442 0.50943798
v 6.94044256 20.87014580 0.50960600
v 6.94124079 20.89873314 0.51248199
v 6.94173670 20.92685699 0.51805502
v 6.74998093 20.95734215 0.51669401
v 6.94189644 20.95357323 0.52625698
v 6.36841202 20.94230461 0.55483299
v 7.12370777 20.80242348 0.54002100
v 7.12644529 20.83027649 0.53765500
v 7.12866402 20.85896492 0.53797698
v 7.13026285 20.88750648 0.54096597
v 7.13123655 20.91559982 0.54661101
v 7.30915546 20.81189537 0.58432198
v 7.31244564 20.84047127 0.58489299
v 7.30508757 20.78417969 0.58635801
v 7.31482744 20.86893845 0.58806098
v 7.31625938 20.89698601 0.59381503
v 7.31674051 20.92367172 0.60207701
v 7.13155174 20.94230270 0.55483299
v 8.72241879 22.26504707 0.50000000
v 8.72242737 23.81505203 0.50000000
v 7.47996902 20.75893211 0.65047401
v 7.48530912 20.78646088 0.64888197
v 7.48963451 20.81489182 0.64979798
v 7.49277067 20.84324646 0.65322900
v 7.49465275 20.87122726 0.65913099
v 7.49528027 20.89789581 0.66744202
v 7.64627695 20.72697830 0.73161399
v 7.65284300 20.75427628 0.73057997
v 7.65815735 20.78251839 0.73194498
v 7.66199493 20.81073761 0.73568898
v 7.66431952 20.83863068 0.74179500
v 7.66509199 20.86527061 0.75016397
v 7.80208302 20.68869781 0.82882798
v 7.80978441 20.71571350 0.82846802
v 6.55807686 21.88682365 0.88863200
v 6.36841202 21.87555313 0.91720802
v 6.36873245 21.90119934 0.92792201
v 6.55823469 21.91246033 0.89937198
v 6.55872011 21.93733406 0.91253501
v 6.55952883 21.96055794 0.92796499
v 6.74998093 21.89059448 0.87906998
v 6.74998474 21.91622734 0.88981700
v 6.94189644 21.88682175 0.88863200
v 6.74998665 21.94109154 0.90300202
v 6.74998379 21.96430016 0.91846901
v 6.74998140 21.98560333 0.93606800
v 6.94173670 21.91245842 0.89936900
v 6.94124079 21.93733788 0.91253000
v 6.94044256 21.96055603 0.92796803
v 7.13155127 21.87555122 0.91720903
v 7.13123608 21.90119743 0.92792398
v 7.81602287 20.74372864 0.83036101
v 7.82053661 20.77178192 0.83449399
v 7.82326031 20.79957581 0.84082401
v 7.82417011 20.82618713 0.84927100
v 6.36969757 21.92610741 0.94101602
v 6.37130356 21.94937325 0.95634401
v 6.37352324 21.97076225 0.97372901
v 6.56064606 21.98188210 0.94551200
v 6.56205606 22.00107956 0.96496803
v 6.37632895 21.99004745 0.99299002
v 6.37970400 22.00700378 1.01392198
v 6.56374836 22.01793671 0.98612702
v 6.56570482 22.03225708 1.00874901
v 6.74998474 22.00477219 0.95558900
v 6.93932390 21.98188019 0.94550598
v 6.93791389 22.00108337 0.96496099
v 6.74998713 22.02159691 0.97682500
v 6.74998808 22.03587914 0.99953699
v 6.93621492 22.01793861 0.98612601
v 6.93426228 22.03225708 1.00875103
v 6.38359261 22.02143669 1.03627801
v 6.56790352 22.04390335 1.03260505
v 6.38796377 22.03321075 1.05982900
v 6.39277172 22.04217339 1.08430600
v 6.57033110 22.05272102 1.05741596
v 6.57293224 22.05864716 1.08291399
v 6.74997997 22.04748154 1.02349401
v 6.74998093 22.05625153 1.04841602
v 6.93206549 22.04390335 1.03260303
v 6.74997997 22.06212616 1.07403505
v 6.92964697 22.05272293 1.05741298
v 6.92702866 22.05864525 1.08291805
v 7.31674051 21.85692215 0.96445203
v 7.49528027 21.83114433 1.02981699
v 7.49465275 21.85682869 1.04044402
v 7.12866402 21.94937325 0.95634001
v 7.13026285 21.92610741 0.94101399
v 7.12644529 21.97076797 0.97372299
v 7.31625938 21.88258362 0.97512901
v 7.12363577 21.99004936 0.99299097
v 7.12026930 22.00700569 1.01391494
v 7.31482744 21.90753937 0.98810899
v 7.31244564 21.93088531 1.00325596
v 7.11637211 22.02143860 1.03627396
v 7.30915499 21.95238304 1.02039003
v 7.30498075 21.97180367 1.03932798
v 7.11199856 22.03321266 1.05982494
v 7.10719013 22.04217720 1.08429599
v 7.29998064 21.98892593 1.05987000
v 7.29419422 22.00354958 1.08178401
v 7.49277067 21.88184547 1.05327702
v 7.48963451 21.90530396 1.06816006
v 7.48530912 21.92694855 1.08494997
v 6.39795971 22.04825020 1.10945201
v 6.57571983 22.06159019 1.10882103
v 6.40348053 22.05135345 1.13497198
v 6.74998188 22.06501389 1.10006905
v 6.92425060 22.06159019 1.10881901
v 7.66509199 21.79852676 1.11254001
v 7.66431952 21.82423210 1.12310803
v 7.66199541 21.84933472 1.13573694
v 7.65815735 21.87292671 1.15030706
v 7.10200357 22.04825401 1.10944402
v 7.28769588 22.01553726 1.10483503
v 7.28056145 22.02473450 1.12875998
v 7.09649849 22.05135345 1.13497496
v 7.27284861 22.03106499 1.15331399
v 7.47982788 21.94656181 1.10344398
v 7.47324228 21.96390915 1.12346101
v 7.46564341 21.97879219 1.14475906
v 7.45709467 21.99108124 1.16711104
v 7.65284300 21.89476585 1.16664803
v 7.26469374 22.03442764 1.17821300
v 7.44769907 22.00060081 1.19028103
v 7.64610386 21.91461563 1.18458295
v 7.63802147 21.93225288 1.20392299
v 7.43756580 22.00728416 1.21401203
v 7.42690849 22.01100349 1.23803997
v 7.62868738 21.94747162 1.22444105
v 7.61819935 21.96012878 1.24593103
v 8.07501125 20.59501266 1.06673300
v 8.08471680 20.62134743 1.06801403
v 7.94556093 20.64453506 0.94097602
v 7.95430899 20.67122841 0.94138801
v 7.96140099 20.69898224 0.94389403
v 7.96652699 20.72685051 0.94846702
v 7.96962070 20.75452995 0.95506901
v 7.97064686 20.78110123 0.96360397
v 8.09257030 20.64880753 1.07121396
v 8.09824371 20.67645645 1.07628298
v 8.10167599 20.70401192 1.08317804
v 8.10281658 20.73053932 1.09182000
v 8.18892956 20.54070473 1.20464301
v 8.19946671 20.56664467 1.20687497
v 8.20799637 20.59378052 1.21082699
v 8.21416569 20.62119675 1.21644294
v 8.21789551 20.64861107 1.22367001
v 8.21913052 20.67509460 1.23241901
v 7.82417011 21.75944328 1.21164596
v 7.82326031 21.78518486 1.22213697
v 7.82053661 21.81038284 1.23454201
v 7.81602287 21.83414078 1.24872303
v 6.56207848 24.89631653 1.23619294
v 6.56069708 24.86999893 1.24524498
v 6.75004482 24.83664322 1.24987495
v 6.75004768 24.88885307 1.22935104
v 6.75003958 24.86248398 1.23835695
v 6.93801117 24.89632225 1.23619998
v 6.93938160 24.87000656 1.24525499
v 6.63976431 27.24827194 0.50795603
v 6.58625221 27.25915146 0.51780802
v 6.53467512 27.27421761 0.53144401
v 6.69456625 27.24168205 0.50199300
v 6.75001764 27.23948479 0.50000000
v 6.80546141 27.24168777 0.50199503
v 6.86026716 27.24827194 0.50795603
v 6.91376686 27.25916290 0.51781601
v 6.96535492 27.27421951 0.53144801
v 6.43963814 27.31610298 0.56936902
v 6.48560524 27.29327202 0.54869699
v 6.39732265 27.34245682 0.59322399
v 6.35912943 27.37199020 0.61996400
v 7.01441908 27.29328156 0.54870498
v 7.06037664 27.31612015 0.56938398
v 7.10270786 27.34246254 0.59323102
v 7.14089012 27.37200737 0.61997801
v 8.72242737 28.19031906 0.50000000
v 10.00000000 27.50000000 0.00000000
v 10.00000000 30.00000000 0.00000000
v 11.00055885 28.58332825 0.00000000
v 11.08332920 28.50055885 0.00000000
v 11.03786755 28.53786850 0.00000000
v 10.97283649 28.63519478 0.00000000
v 10.95576477 28.69147301 0.00000000
v 11.13519478 28.47283554 0.00000000
v 11.19147301 28.45576477 0.00000000
v 11.25000000 28.45000076 0.00000000
v 11.30852699 28.45576477 0.00000000
v 11.36480522 28.47283554 0.00000000
v 11.41667080 28.50055885 0.00000000
v 11.46213245 28.53786850 0.00000000
v 11.49944115 28.58332825 0.00000000
v 11.52716351 28.63519478 0.00000000
v 11.54423523 28.69147301 0.00000000
v 12.50000000 27.50000000 0.00000000
v 11.00055885 28.58332825 0.27499998
v 11.08332920 28.50055885 0.27500001
v 11.03786755 28.53786850 0.27500001
v 10.97283649 28.63519478 0.27500001
v 10.95576477 28.69147301 0.27500001
v 11.13519478 28.47283554 0.27500001
v 11.19147301 28.45576477 0.27500001
v 11.25000000 28.45000076 0.27500001
v 11.30852699 28.45576477 0.27500001
v 11.36480522 28.47283554 0.27500001
v 11.41667080 28.50055885 0.27500001
v 11.46213245 28.53786850 0.27500001
v 11.49944115 28.58332825 0.27499998
v 11.52716351 28.63519478 0.27500001
v 11.54423523 28.69147301 0.27500001
v 10.94999981 28.75000000 0.00000000
v 10.95576477 28.80852699 0.00000000
v 10.97283649 28.86480522 0.00000000
v 11.00055885 28.91667175 0.00000000
v 11.03786755 28.96213150 0.00000000
v 11.08332920 28.99944115 0.00000000
v 11.13519478 29.02716446 0.00000000
v 11.19147301 29.04423523 0.00000000
v 11.25000000 29.04999924 0.00000000
v 11.30852699 29.04423523 0.00000000
v 11.36480522 29.02716446 0.00000000
v 11.41667080 28.99944115 0.00000000
v 11.46213245 28.96213150 0.00000000
v 11.49944115 28.91667175 0.00000000
v 11.55000019 28.75000000 0.00000000
v 11.54423523 28.80852699 0.00000000
v 11.52716351 28.86480522 0.00000000
v 12.50000000 30.00000000 0.00000000
v 10.94999981 28.75000000 0.27500001
v 10.95576477 28.80852699 0.27500001
v 10.97283649 28.86480522 0.27500001
v 11.00055885 28.91667175 0.27499998
v 11.03786755 28.96213150 0.27500001
v 11.08332920 28.99944115 0.27500001
v 11.13519478 29.02716446 0.27500001
v 11.19147301 29.04423523 0.27500001
v 11.25000000 29.04999924 0.27500001
v 11.30852699 29.04423523 0.27500001
v 11.36480522 29.02716446 0.27500001
v 11.41667080 28.99944115 0.27500001
v 11.46213245 28.96213150 0.27500001
v 11.49944115 28.91667175 0.27499998
v 11.55000019 28.75000000 0.27500001
v 11.54423523 28.80852699 0.27500001
v 11.52716351 28.86480522 0.27500001
v 10.00000000 27.50000000 0.50000000
v 10.87876892 28.37876892 0.50000000
v 10.73508739 28.64757729 0.50000000
v 10.81347847 28.45832634 0.50000000
v 10.76496315 28.54909134 0.50000000
v 10.00000000 30.00000000 0.50000000
v 10.72500038 28.75000000 0.50000000
v 10.73508739 28.85242271 0.50000000
v 10.76496315 28.95090866 0.50000000
v 10.81347847 29.04167366 0.50000000
v 10.87876892 29.12123108 0.50000000
v 11.04909134 28.26496315 0.50000000
v 10.95832539 28.31347847 0.50000000
v 11.14757729 28.23508835 0.50000000
v 11.25000000 28.22500038 0.50000000
v 11.35242271 28.23508835 0.50000000
v 11.45090866 28.26496315 0.50000000
v 11.54167461 28.31347847 0.50000000
v 11.62123108 28.37876892 0.50000000
v 11.68652153 28.45832634 0.50000000
v 12.50000000 27.50000000 0.50000000
v 11.73503685 28.54909134 0.50000000
v 11.76491261 28.64757729 0.50000000
v 10.95832539 29.18652153 0.50000000
v 11.04909134 29.23503685 0.50000000
v 11.14757729 29.26491165 0.50000000
v 11.25000000 29.27499962 0.50000000
v 11.68652153 29.04167366 0.50000000
v 11.35242271 29.26491165 0.50000000
v 11.45090866 29.23503685 0.50000000
v 11.54167461 29.18652153 0.50000000
v 11.62123108 29.12123108 0.50000000
v 11.77499962 28.75000000 0.50000000
v 11.76491261 28.85242271 0.50000000
v 11.73503685 28.95090866 0.50000000
v 12.50000000 30.00000000 0.50000000
v 6.32551765 27.40438652 0.64929402
v 6.29688931 27.43925476 0.68085998
v 6.27357054 27.47618484 0.71429503
v 7.17449999 27.40440178 0.64930600
v 7.20313406 27.43926620 0.68087298
v 7.22643328 27.47620201 0.71430898
v 6.25584126 27.51474380 0.74920303
v 7.24417067 27.51476288 0.74922198
v 6.25574350 27.71583939 0.93125099
v 7.25610781 27.55450249 0.78519899
v 7.26211214 27.59495354 0.82182300
v 7.26211023 27.63564682 0.85866100
v 7.25612164 27.67611122 0.89528900
v 7.24425030 27.71585274 0.93126303
v 6.27335453 27.75440788 0.96616399
v 6.29650640 27.79135513 0.99959701
v 6.32502460 27.82605743 1.03116298
v 6.35904312 27.85843658 1.06049502
v 6.39765215 27.88791656 1.08723903
v 7.22664022 27.75442314 0.96617699
v 7.20348883 27.79137230 0.99961197
v 7.17497063 27.82607460 1.03117895
v 7.14094067 27.85844612 1.06050301
v 7.10234213 27.88792992 1.08725095
v 6.44023037 27.91414070 1.11108899
v 6.48631859 27.93682671 1.13176095
v 6.53538561 27.95573425 1.14901805
v 6.58687353 27.97065926 1.16265702
v 7.01366568 27.93684196 1.13177598
v 6.96459913 27.95574760 1.14903104
v 6.91310596 27.97066879 1.16266501
v 6.64021635 27.98143768 1.17251396
v 6.69478655 27.98795509 1.17847800
v 6.74999714 27.99013138 1.18046999
v 6.80519819 27.98795509 1.17847705
v 6.85976553 27.98143959 1.17251694
v 7.05975628 27.91415024 1.11109805
v 0.05953677 24.68206406 1.86250198
v 0.24999829 24.67290306 1.85780895
v 0.06203555 24.72632027 1.82986701
v 0.25000080 24.71727371 1.82522798
v 0.06065784 24.70355225 1.84512103
v 0.24999696 24.69443321 1.84044898
v 0.44045848 24.68206787 1.86250401
v 0.43796256 24.72631264 1.82986403
v 0.43933952 24.70354652 1.84511995
v 0.62372231 24.75333977 1.84372103
v 0.62646180 24.73077202 1.85907400
v 0.80510682 24.79804611 1.86664104
v 5.21400356 20.48224831 1.35309303
v 5.20275640 20.50775528 1.35635197
v 5.19364023 20.53454781 1.36111498
v 5.18706417 20.56171799 1.36731696
v 5.18308496 20.58897781 1.37489796
v 5.18176508 20.61540985 1.38376498
v 5.13496161 20.42033958 1.51031101
v 5.12313890 20.44539261 1.51466095
v 5.11356068 20.47181892 1.52027702
v 5.10663843 20.49872208 1.52710104
v 5.10246181 20.52582169 1.53505504
v 5.10106373 20.55219841 1.54404700
v 5.69018316 21.85619926 1.26454604
v 5.52932215 21.71434975 1.32599497
v 5.53035641 21.74012947 1.33639598
v 5.53345156 21.76543999 1.34853303
v 5.53856945 21.78938866 1.36227095
v 5.54567003 21.81171608 1.37747204
v 5.55465126 21.83218193 1.39395702
v 5.69809341 21.87633896 1.28180897
v 5.70758152 21.89431953 1.30034101
v 5.71853876 21.90993690 1.31992698
v 5.89331055 21.97005844 1.26814306
v 5.90575266 21.97718239 1.29083705
v 5.91872787 21.98134422 1.31376302
v 5.73085070 21.92304039 1.34036803
v 5.74438143 21.93346596 1.36142004
v 5.75899076 21.94112587 1.38286698
v 5.77404737 21.94579697 1.40447402
v 5.39715958 21.66378593 1.45421195
v 5.39829683 21.68960381 1.46451497
v 5.40172577 21.71504974 1.47634697
v 5.40740585 21.73920822 1.48959303
v 5.41526651 21.76182747 1.50410497
v 5.42521811 21.78266716 1.51972401
v 5.43716764 21.80149651 1.53627706
v 5.45097494 21.81809235 1.55357504
v 5.56542540 21.85056496 1.41155303
v 5.57787895 21.86664009 1.43007100
v 5.59187460 21.88026428 1.44929600
v 5.60725975 21.89125824 1.46902204
v 5.62386847 21.89952660 1.48903298
v 5.07486200 20.35569382 1.67447102
v 5.06259537 20.38027573 1.67995298
v 5.05265617 20.40631485 1.68647206
v 5.04547739 20.43294716 1.69393396
v 5.04113865 20.45988274 1.70228696
v 5.03970337 20.48620415 1.71141100
v 5.03438807 20.28907776 1.84364402
v 5.02182961 20.31316948 1.85030699
v 5.01165152 20.33881760 1.85774195
v 5.00430632 20.36515999 1.86587405
v 4.99986219 20.39192009 1.87462401
v 5.28085184 21.60833931 1.59480906
v 5.46647978 21.83229065 1.57145202
v 5.28209066 21.63421059 1.60499501
v 5.28581858 21.65979195 1.61650598
v 5.29198027 21.68417931 1.62920702
v 5.30050945 21.70712662 1.64295995
v 5.31132603 21.72837830 1.65762496
v 5.32430363 21.74769211 1.67303801
v 5.33929157 21.76485252 1.68901300
v 5.35613537 21.77968979 1.70539999
v 5.48352337 21.84392548 1.58968306
v 5.50158310 21.85273552 1.60809898
v 5.18176508 21.54866028 1.74614096
v 5.18308496 21.57458115 1.75621104
v 5.37462950 21.79200363 1.72200501
v 5.18706417 21.60031509 1.76736498
v 5.19364023 21.62495422 1.77947795
v 5.20275640 21.64825058 1.79242003
v 5.21429825 21.66993523 1.80606198
v 5.22814417 21.68977928 1.82023096
v 5.24414492 21.70755005 1.83478701
v 5.26210785 21.72304916 1.84957302
v 5.28152847 21.73594856 1.86442101
v 6.19493532 24.95553780 1.29048896
v 6.19086695 24.92965126 1.29991496
v 6.18757343 24.90420532 1.31176805
v 6.18520212 24.88012123 1.32591796
v 6.01472044 24.98107338 1.34704602
v 6.01038408 24.95593643 1.35915804
v 6.18328476 24.83749580 1.36048198
v 6.18375540 24.85765076 1.34222102
v 6.00725889 24.93207169 1.37349296
v 6.00536966 24.90972900 1.38990498
v 5.83802128 24.99781227 1.43369901
v 5.83570719 24.97564316 1.45025694
v 5.83493137 24.95559120 1.46860099
v 6.00474167 24.88962173 1.40820599
v 0.05873500 24.66268539 1.88182795
v 0.05824788 24.64561462 1.90289295
v 0.25000131 24.65348053 1.87711298
v 0.24999383 24.63638878 1.89816999
v 0.05808697 24.63134384 1.92545199
v 0.24999712 24.62211227 1.92072499
v 0.44125479 24.66268539 1.88182604
v 0.44175038 24.64561272 1.90289295
v 0.44190511 24.63134384 1.92545295
v 0.63124323 24.67317772 1.91700804
v 0.63157004 24.65894318 1.93958402
v 0.62867820 24.70945930 1.87653506
v 0.63028151 24.69018555 1.89590895
v 0.80917215 24.77579117 1.88214695
v 0.81246012 24.75473976 1.89973402
v 0.97997880 24.85987282 1.89834297
v 0.81484187 24.73566628 1.91920197
v 0.81627297 24.71877670 1.94035494
v 0.98532355 24.83807755 1.91407096
v 0.98964763 24.81739426 1.93183005
v 0.99277502 24.79857826 1.95141995
v 1.14629042 24.93812752 1.93846595
v 0.81674862 24.70457268 1.96294606
v 0.99466771 24.78185081 1.97265005
v 1.15285361 24.91690826 1.95447302
v 1.15817118 24.89667892 1.97244704
v 0.99529725 24.76770210 1.99526703
v 1.16200638 24.87820435 1.99220002
v 1.16432953 24.86168098 2.01352406
v 1.31604004 24.99167252 2.02111197
v 1.16510653 24.84759712 2.03617191
v 1.32054889 24.97360420 2.04105496
v 1.32327271 24.95731926 2.06249309
v 1.32417727 24.94331360 2.08517790
v 0.05786220 24.33063698 2.50000000
v 0.24999711 24.31891060 2.50000000
v 0.44213018 24.33063889 2.50000000
v 0.63199723 24.36568832 2.50000000
v 0.81733793 24.42362404 2.50000000
v 0.99599445 24.50375557 2.50000000
v 1.16585124 24.60513496 2.50000000
v 1.32491088 24.72654533 2.50000000
v 1.47133136 24.86656380 2.50000000
v 2.18092036 24.11367798 2.50000000
v 4.99838161 20.41818237 1.88389099
v 5.01404762 20.22126198 2.01585388
v 5.00132704 20.24485588 2.02371001
v 4.99103165 20.27010727 2.03208399
v 4.98359823 20.29615593 2.04090095
v 4.97910309 20.32274055 2.05006504
v 4.97760916 20.34894562 2.05946302
v 5.10106373 21.48545647 1.90642297
v 5.10246181 21.51142693 1.91636801
v 5.10663843 21.53731918 1.92714906
v 5.11356068 21.56222725 1.93863904
v 5.12313890 21.58588409 1.95072901
v 5.13527298 21.60803795 1.96327996
v 5.14983940 21.62844086 1.97614598
v 5.16661787 21.64680672 1.98920000
v 5.18524170 21.66286850 2.00228190
v 5.03970337 21.41944885 2.07378697
v 5.04113865 21.44547844 2.08360004
v 5.04547739 21.47154808 2.09398198
v 5.05265617 21.49672890 2.10483408
v 5.06259537 21.52077103 2.11602092
v 5.07516432 21.54336357 2.12743998
v 5.09034872 21.56447411 2.13894796
v 5.01404047 20.15304947 2.18908501
v 5.00132799 20.17614746 2.19813490
v 4.97909164 20.25329018 2.22653389
v 4.99104404 20.20097923 2.20745993
v 4.98361826 20.22668839 2.21695995
v 4.97757530 20.27966118 2.23607206
v 5.03441906 20.08521080 2.36129808
v 5.02183914 20.10783577 2.37153697
v 5.01160288 20.13238907 2.38179994
v 5.06757116 20.03056717 2.50000000
v 5.02184200 20.10782814 2.50000000
v 5.01160526 20.13238525 2.50000000
v 5.03709507 20.08169556 2.50000000
v 5.03442430 20.08519936 2.50000000
v 4.97909498 20.25326920 2.50000000
v 4.97758007 20.27961922 2.50000000
v 4.98362064 20.22666740 2.50000000
v 4.97761011 20.33492088 2.50000000
v 4.97891140 20.46280098 2.50000000
v 4.97889996 20.50976181 2.50000000
v 4.97760296 20.52217865 2.50000000
v 5.08122587 20.00878525 2.50000000
v 4.99838161 21.35143471 2.24626589
v 4.99986219 21.37752533 2.25593710
v 5.00430632 21.40375710 2.26592207
v 5.01163721 21.42916107 2.27610397
v 5.02188444 21.45376778 2.28637505
v 5.03447676 21.47645569 2.29661298
v 4.97761297 21.28215981 2.42183805
v 4.97911549 21.30836105 2.43137789
v 4.98363638 21.33495522 2.44094896
v 4.99079370 21.35991096 2.45044589
v 4.97761154 21.28214645 2.50000000
v 4.97911453 21.30835533 2.50000000
v 4.98363590 21.33495140 2.50000000
v 4.99079943 21.35992622 2.50000000
v 5.01163292 21.42915535 2.50000000
v 5.02187920 21.45375633 2.50000000
v 5.03450298 21.47649193 2.50000000
v 5.07517767 21.54339218 2.50000000
v 5.09034300 21.56446648 2.50000000
v 5.16662550 21.64681625 2.50000000
v 5.18532515 21.66292953 2.50000000
v 5.26218271 21.72310829 2.50000000
v 5.28164577 21.73601341 2.50000000
v 5.37474489 21.79207039 2.50000000
v 4.77757502 22.26504707 2.50000000
v 5.50175524 21.85280418 2.50000000
v 5.62409639 21.89961433 2.50000000
v 5.77428579 21.94585228 2.50000000
v 5.91897249 21.98139572 2.50000000
v 6.07328415 22.01104355 2.50000000
v 6.23545980 22.03446007 2.50000000
v 6.18328476 24.15613365 2.09325790
v 6.00474215 24.20825958 2.14098096
v 6.18375540 24.13806534 2.11329198
v 6.18520212 24.12184715 2.13487291
v 6.00536966 24.19014549 2.16097498
v 6.00725889 24.17379570 2.18244696
v 6.18757343 24.10810471 2.15775704
v 6.19086695 24.09698296 2.18170691
v 5.83493137 24.27422523 2.20137691
v 5.83570719 24.25606155 2.22132707
v 5.83802128 24.23953819 2.24265409
v 5.84186745 24.22530365 2.26512098
v 6.01038408 24.15983582 2.20514798
v 6.19504166 24.08860588 2.20645809
v 6.01472044 24.14841080 2.22883892
v 6.02019882 24.13964272 2.25326204
v 6.20004034 24.08305740 2.23172998
v 6.20573330 24.08044052 2.25724506
v 5.84718037 24.21349144 2.28848600
v 5.67585230 24.35325432 2.27373099
v 5.67676210 24.33502197 2.29362512
v 5.85391378 24.20424461 2.31250501
v 5.67948055 24.31830215 2.31478405
v 5.68399334 24.30373192 2.33696890
v 6.02678108 24.13364220 2.27815294
v 6.03419209 24.13051987 2.30321693
v 5.86203718 24.19763756 2.33689404
v 4.77756786 23.81505203 2.50000000
v 5.39720106 24.54667664 2.45081401
v 5.39833736 24.52826881 2.47056007
v 5.46455097 24.44404030 2.50000000
v 5.40177107 24.51105499 2.49130607
v 5.39140081 24.52070427 2.50000000
v 5.40385008 24.50483894 2.50000000
v 5.42584562 24.48099327 2.50000000
v 5.36408615 24.56028557 2.50000000
v 5.34043694 24.59975815 2.50000000
v 5.29958630 24.67305946 2.50000000
v 5.18100262 24.93159294 2.50000000
v 5.27975702 24.70805931 2.50000000
v 5.69023132 24.29146767 2.35995197
v 5.69813347 24.28163528 2.38347697
v 5.70757008 24.27439117 2.40728092
v 5.55469942 24.37091446 2.46535206
v 5.56532001 24.36291885 2.48847795
v 5.56532049 24.36291885 2.50000000
v 5.70757866 24.27438545 2.50000000
v 5.86203957 24.19763374 2.50000000
v 6.03420830 24.13051605 2.50000000
v 6.20574951 24.08043671 2.50000000
v 5.52937174 24.44442940 2.35720491
v 5.53040314 24.42611885 2.37703204
v 5.53350210 24.40916443 2.39799190
v 5.53861332 24.39421463 2.41985703
v 5.54570961 24.38141441 2.44238997
v 5.50567007 24.40881538 2.50000000
v 5.85374165 25.07119942 1.39653504
v 6.02005768 25.00658035 1.33729303
v 5.84718037 25.04615402 1.40669298
v 5.84186745 25.02140236 1.41913199
v 5.69793081 25.14860344 1.46750700
v 5.69023132 25.12413216 1.47815895
v 5.68399334 25.09983444 1.49098003
v 5.67948055 25.07657623 1.50582898
v 5.67676210 25.05460548 1.52255499
v 5.54570961 25.21408272 1.56059802
v 5.55446100 25.23790359 1.54938304
v 5.67585230 25.03461838 1.54095495
v 5.40744972 25.29178238 1.66682196
v 5.40177107 25.26933479 1.68235195
v 5.39720106 25.22803116 1.71803904
v 5.39833736 25.24784660 1.69948995
v 5.42501116 25.33804321 1.64119697
v 5.41529942 25.31495857 1.65305102
v 5.53861332 25.19031334 1.57386804
v 5.53350210 25.16743469 1.58903694
v 5.53040314 25.14570045 1.60596097
v 5.52937174 25.12579155 1.62442994
v 5.31108618 25.44784927 1.74187803
v 5.30055046 25.42557716 1.75443196
v 5.29201126 25.40304565 1.76874602
v 5.28584766 25.38106918 1.78468001
v 5.28212118 25.35987473 1.80206001
v 5.28088331 25.34014702 1.82068396
v 5.21403503 25.56604385 1.85024703
v 5.20278978 25.54463196 1.86354899
v 1.30209541 25.03187752 1.98653603
v 1.30979455 25.01134300 2.00287294
v 1.44556916 25.14002609 2.04198599
v 1.45431948 25.12028122 2.05870795
v 1.46141005 25.10126114 2.07725406
v 1.46653068 25.08364677 2.09740996
v 1.46963418 25.06764603 2.11898303
v 1.47066116 25.05373764 2.14171505
v 1.57501519 25.26131248 2.10417295
v 1.58472121 25.24245262 2.12132406
v 1.59257793 25.22415161 2.14020991
v 1.59825397 25.20705986 2.16061306
v 1.60168755 25.19137573 2.18233609
v 1.68893754 25.39430046 2.17236209
v 1.18519258 26.98168755 2.50000000
v 1.60282373 25.17756844 2.20511508
v 1.69947278 25.37642288 2.18998790
v 1.70800400 25.35890961 2.20924401
v 1.71417618 25.34238625 2.22991610
v 1.71789634 25.32703781 2.25179791
v 1.78599417 25.53744888 2.24575901
v 1.79723263 25.52061844 2.26389098
v 1.71913707 25.31335258 2.27463508
v 1.80634284 25.50394630 2.28354502
v 1.81292808 25.48804665 2.30451298
v 1.81690025 25.47306633 2.32656693
v 1.86503053 25.68906593 2.32349610
v 1.87685680 25.67334366 2.34216809
v 1.81822217 25.45949936 2.34946108
v 1.60339141 25.02352524 2.50000000
v 1.71957791 25.19558144 2.50000000
v 1.89892745 25.61430359 2.42871904
v 1.81852806 25.38071823 2.50000000
v 1.89910328 25.57679558 2.50000000
v 1.88643157 25.65757561 2.36224890
v 1.89335287 25.64231491 2.38351798
v 1.89753187 25.62774277 2.40576506
v 1.92513347 25.84738159 2.40466905
v 1.93739522 25.83281898 2.42390203
v 1.94733131 25.81798553 2.44442511
v 1.95169365 25.75258255 2.50000000
v 1.95284200 25.75681305 2.50000000
v 1.94360578 26.15534782 2.50000000
v 1.94347644 26.15571785 2.50000000
v 1.92828763 26.19762993 2.50000000
v 1.92812324 26.19800186 2.50000000
v 1.91450572 26.22702599 2.50000000
v 1.90862012 26.23763657 2.50000000
v 1.90838706 26.23799896 2.50000000
v 1.90656376 26.24080086 2.50000000
v 1.95437384 25.76250458 2.50000000
v 1.95451117 25.80341148 2.46601892
v 1.95884812 25.78924179 2.48845506
v 1.95968270 25.78257751 2.50000000
v 1.96471345 25.81218338 2.50000000
v 1.97154045 25.86984825 2.50000000
v 1.97519636 25.92609215 2.50000000
v 1.96560347 26.01054001 2.48832607
v 1.97586513 25.97641373 2.50000000
v 1.97422206 25.98129272 2.50000000
v 1.97300267 26.00265884 2.50000000
v 1.97349954 26.00607109 2.50000000
v 1.96953976 26.03399849 2.50000000
v 1.96615529 26.06059456 2.50000000
v 1.95626080 26.10936546 2.50000000
v 1.95616663 26.10973358 2.50000000
v 1.88494062 26.27131653 2.50000000
v 1.88520467 26.27096558 2.50000000
v 1.86012435 26.29897308 2.50000000
v 0.03109353 27.65880585 2.50000000
v 0.08348691 27.67719841 2.50000000
v 0.13784570 27.69056511 2.50000000
v 0.19359919 27.69866753 2.50000000
v 0.24999721 27.70138168 2.50000000
v 0.30639610 27.69867134 2.50000000
v 0.36215147 27.69056511 2.50000000
v 0.51883352 27.63549805 2.50000000
v 0.56562185 27.60751343 2.50000000
v 0.41650891 27.67720795 2.50000000
v 0.46890444 27.65880966 2.50000000
v 0.60873771 27.57516479 2.50000000
v 0.64731938 27.53915787 2.50000000
v 2.18092036 27.90201759 2.50000000
v 5.19367743 25.52281189 1.87846005
v 5.18708992 25.50133705 1.89481604
v 5.18311596 25.48044395 1.91245496
v 5.18179226 25.46082115 1.93116605
v 5.10248041 25.60815239 2.02938390
v 5.13498735 25.69123459 1.96502995
v 5.12316561 25.67073631 1.97912300
v 5.11358166 25.64965057 1.99465799
v 5.10666037 25.62872124 2.01147509
v 5.10108948 25.58863831 2.04818892
v 5.07487965 25.82195282 2.08488011
v 5.06260967 25.80240631 2.09980106
v 5.04550076 25.76173019 2.13327909
v 5.05267811 25.78210640 2.11599994
v 5.04116058 25.74149704 2.15147495
v 5.03972149 25.72209930 2.17037892
v 5.01166534 25.91860008 2.24103999
v 5.00432444 25.89880371 2.25881290
v 5.03440905 25.95666122 2.20839095
v 5.02184772 25.93810463 2.22416806
v 4.99988031 25.87892914 2.27730608
v 4.99839878 25.85964203 2.29630303
v 5.01404762 26.09378815 2.33412004
v 5.03948164 25.41528893 2.50000000
v 5.10060501 25.16825485 2.50000000
v 5.00133896 26.07624054 2.35077190
v 4.99104166 26.05755043 2.36833000
v 4.98360395 26.03833771 2.38659501
v 4.97911310 26.01881599 2.40538812
v 4.99832344 25.66982079 2.50000000
v 4.97760916 25.92890930 2.50000000
v 4.97761440 25.99964142 2.42447996
v 5.01404476 26.23172760 2.46059299
v 4.77756786 26.23505974 2.50000000
v 4.97758007 26.08194542 2.50000000
v 5.00133562 26.21518517 2.47811604
v 4.97905540 26.12180710 2.50000000
v 4.98299217 26.15777206 2.50000000
v 4.98375845 26.16339874 2.50000000
v 4.98341846 26.16159058 2.50000000
v 4.98428535 26.16617775 2.50000000
v 4.98910570 26.19121933 2.50000000
v 4.99104309 26.19731903 2.49636793
v 4.98956823 26.19377327 2.50000000
v 4.99161625 26.20155716 2.50000000
v 5.00465822 26.23964310 2.50000000
v 4.77756786 26.25258064 2.50000000
v 5.02002287 26.27546883 2.50000000
v 5.02910948 26.29517555 2.50000000
v 5.02890539 26.29473877 2.50000000
v 5.04686975 26.32925034 2.50000000
v 5.04662418 26.32880783 2.50000000
v 5.05531979 26.34281731 2.50000000
v 5.06727791 26.36163902 2.50000000
v 5.06666517 26.36074829 2.50000000
v 5.06695080 26.36119270 2.50000000
v 5.08896255 26.39021301 2.50000000
v 5.08932734 26.39064789 2.50000000
v 5.80366898 27.21583939 2.50000000
v 4.77756786 28.19031906 2.50000000
v 7.80978441 21.85620308 1.26453602
v 7.60666227 21.97006035 1.26813495
v 7.80188084 21.87633896 1.28179801
v 7.59422684 21.97718811 1.29082406
v 7.58124352 21.98134804 1.31375206
v 7.79239941 21.89432716 1.30032396
v 7.78143167 21.90994072 1.31991899
v 7.76912689 21.92304611 1.34035301
v 7.75558758 21.93347168 1.36140704
v 7.74097967 21.94113159 1.38285303
v 7.72592402 21.94580078 1.40446699
v 8.28598118 20.48225784 1.35307395
v 8.29722500 20.50776482 1.35633600
v 8.30633450 20.53455544 1.36109304
v 8.31291866 20.56172562 1.36729598
v 8.31688976 20.58898544 1.37487602
v 8.31822014 20.61541557 1.38374197
v 8.36501789 20.42034531 1.51029098
v 8.37684441 20.44540024 1.51463604
v 8.38642788 20.47182274 1.52025795
v 8.39334869 20.49873543 1.52707195
v 8.39752197 20.52583504 1.53503394
v 8.39891434 20.55220795 1.54402804
v 7.97064686 21.71435356 1.32597899
v 7.96962070 21.74013138 1.33638203
v 7.96652699 21.76544762 1.34851503
v 7.96140099 21.78939438 1.36225700
v 7.95430946 21.81172180 1.37745595
v 7.94533062 21.83218765 1.39394498
v 7.93454838 21.85056877 1.41154206
v 7.92208910 21.86664963 1.43004799
v 8.10281658 21.66378975 1.45419502
v 8.10167599 21.68961525 1.46449101
v 8.09824371 21.71505547 1.47633100
v 8.09257030 21.73921013 1.48957598
v 8.08471680 21.76183510 1.50408304
v 8.07475567 21.78268051 1.51970196
v 8.06280613 21.80150414 1.53626096
v 8.04900360 21.81809807 1.55355895
v 7.90809870 21.88027000 1.44928098
v 7.89271212 21.89126587 1.46900201
v 7.87610865 21.89953041 1.48902595
v 8.42512226 20.35570335 1.67444503
v 8.43739510 20.38028145 1.67993605
v 8.44733429 20.40632820 1.68644702
v 8.45450497 20.43295670 1.69391203
v 8.45884514 20.45988846 1.70225894
v 8.46029091 20.48620796 1.71139002
v 8.46559238 20.28908730 1.84362102
v 8.47815228 20.31317520 1.85028398
v 8.48833561 20.33882523 1.85771704
v 8.49568367 20.36516762 1.86585498
v 8.50012589 20.39192963 1.87460697
v 8.03349400 21.83230019 1.57143295
v 8.01644897 21.84392929 1.58967102
v 7.99839878 21.85274124 1.60808003
v 8.21913052 21.60834503 1.59479403
v 8.21789551 21.63421631 1.60498297
v 8.21416569 21.65979958 1.61649096
v 8.20799637 21.68418884 1.62918901
v 8.19946671 21.70713425 1.64294302
v 8.18865395 21.72838020 1.65761197
v 8.17568207 21.74769974 1.67301297
v 8.16069221 21.76486015 1.68899405
v 8.14384365 21.77969933 1.70537996
v 8.12535572 21.79200935 1.72198701
v 8.31822014 21.54867363 1.74611700
v 8.31688976 21.57459068 1.75618899
v 8.31291866 21.60032272 1.76734400
v 8.29722500 21.64825630 1.79240406
v 8.30633450 21.62496567 1.77945495
v 8.28568554 21.66994286 1.80604303
v 8.27183151 21.68978691 1.82021499
v 8.25583935 21.70755386 1.83477700
v 8.23787403 21.72305679 1.84955394
v 8.21845531 21.73595619 1.86439800
v 6.37631512 24.91863060 1.25665295
v 6.37357759 24.89248085 1.26584899
v 6.37136364 24.86681747 1.27751803
v 6.55878258 24.81986618 1.27073801
v 6.55828905 24.79724503 1.28691602
v 6.55958414 24.84420776 1.25680494
v 6.36975718 24.84257317 1.29153299
v 6.36878920 24.82000542 1.30775499
v 6.36847639 24.79982185 1.32599103
v 6.55812979 24.77704048 1.30513203
v 6.75004578 24.81227493 1.26378703
v 6.75004482 24.78962898 1.27994096
v 6.94130373 24.81987381 1.27074397
v 6.94179440 24.79724884 1.28691995
v 6.94049788 24.84422112 1.25681400
v 6.75004625 24.76942062 1.29815698
v 6.94195175 24.77704811 1.30514097
v 7.12376928 24.91864777 1.25666702
v 7.12650585 24.89248848 1.26585805
v 7.12871885 24.86683083 1.27753103
v 7.13032389 24.84258652 1.29154503
v 7.13128424 24.82001877 1.30776799
v 7.13161278 24.79983902 1.32600701
v 7.30514669 24.95554733 1.29050004
v 7.30921173 24.92966461 1.29992998
v 7.31249905 24.90422630 1.31178606
v 7.31488609 24.88014030 1.32593405
v 7.31679487 24.83751297 1.36049998
v 7.31631613 24.85766220 1.34223402
v 7.48536158 24.98110390 1.34707201
v 7.48969173 24.95595932 1.35917795
v 7.49281502 24.93209267 1.37351298
v 7.49470854 24.90975380 1.38992596
v 7.49534130 24.88964462 1.40822697
v 7.66204739 24.99784279 1.43372500
v 7.66436911 24.97566795 1.45027804
v 7.66513824 24.95561409 1.46862495
v 8.50160217 20.41819382 1.88386798
v 8.48595428 20.22127151 2.01583505
v 8.49866486 20.24486923 2.02368593
v 8.50895405 20.27011108 2.03206611
v 8.51639748 20.29616165 2.04088092
v 8.52088928 20.32275200 2.05004191
v 8.52238464 20.34895515 2.05944109
v 8.39891434 21.48546219 1.90640295
v 8.39752197 21.51143074 1.91634703
v 8.39334869 21.53732872 1.92711997
v 8.38642788 21.56223679 1.93861997
v 8.37684441 21.58589745 1.95070505
v 8.36470890 21.60804558 1.96326005
v 8.35015392 21.62844658 1.97613001
v 8.33336163 21.64682007 1.98917103
v 8.31472778 21.66287994 2.00226402
v 8.46029091 21.41946220 2.07376504
v 8.45884514 21.44549370 2.08357191
v 8.45450497 21.47155380 2.09396005
v 8.44733429 21.49673462 2.10481000
v 8.43739510 21.52078056 2.11600494
v 8.42482090 21.54337311 2.12741399
v 8.40963840 21.56448555 2.13891792
v 6.40361691 22.05138397 2.50000000
v 6.57579088 22.06161499 2.50000000
v 6.74998426 22.06492805 2.50000000
v 6.92417908 22.06161499 2.50000000
v 7.09636259 22.05138397 2.50000000
v 7.26450348 22.03446388 2.50000000
v 7.42668104 22.01104736 2.50000000
v 7.58099937 21.98139954 2.50000000
v 7.72568607 21.94585609 2.50000000
v 8.48594761 20.15305710 2.18906498
v 8.49865627 20.17615318 2.19811106
v 8.50895691 20.20098686 2.20743299
v 8.51637459 20.22669792 2.21693897
v 8.52090359 20.25329781 2.22651100
v 8.52241898 20.27967072 2.23604989
v 8.46557808 20.08522034 2.36127591
v 8.47815514 20.10784340 2.37151408
v 8.48839474 20.13239288 2.38178396
v 8.41876125 20.00878334 2.50000000
v 8.43241596 20.03056526 2.50000000
v 8.46557331 20.08520889 2.50000000
v 8.46290112 20.08170509 2.50000000
v 8.47815228 20.10783577 2.50000000
v 8.48839283 20.13239098 2.50000000
v 8.51637173 20.22667694 2.50000000
v 8.52089977 20.25327682 2.50000000
v 8.52241421 20.27962875 2.50000000
v 8.50160217 21.35144234 2.24624395
v 8.50012589 21.37752914 2.25592089
v 8.49568367 21.40376472 2.26590300
v 8.48834991 21.42917252 2.27607894
v 8.47809792 21.45377922 2.28635192
v 8.46550369 21.47646332 2.29659009
v 8.52238178 21.28216934 2.42181706
v 7.99822569 21.85281181 2.50000000
v 8.12523937 21.79207611 2.50000000
v 8.52087688 21.30836868 2.43135500
v 8.51635933 21.33496475 2.44092894
v 8.50919151 21.35992241 2.45042801
v 8.52238369 21.28215599 2.50000000
v 8.52087784 21.30836296 2.50000000
v 8.51635933 21.33496094 2.50000000
v 8.50918579 21.35993767 2.50000000
v 8.48835373 21.42916679 2.50000000
v 8.46547794 21.47649956 2.50000000
v 8.47810268 21.45376778 2.50000000
v 8.42480755 21.54339981 2.50000000
v 8.31464481 21.66293907 2.50000000
v 8.33335400 21.64682961 2.50000000
v 8.21833801 21.73602104 2.50000000
v 8.23779964 21.72311592 2.50000000
v 8.40964413 21.56447792 2.50000000
v 7.87588120 21.89961815 2.50000000
v 8.72241879 22.26504707 2.50000000
v 6.75004578 24.08806038 2.03093195
v 6.55878258 24.06159210 2.07969308
v 6.55958414 24.04810715 2.10279393
v 6.36847639 24.11846161 2.05876589
v 6.55812979 24.09567833 2.03790808
v 6.55828905 24.07766342 2.05798602
v 6.36878967 24.10042381 2.07882595
v 6.36975718 24.08429909 2.10048795
v 6.75004578 24.05400085 2.07274199
v 6.75004482 24.04054260 2.09586501
v 6.94130373 24.06159782 2.07969904
v 6.94049788 24.04811668 2.10280299
v 6.75004482 24.07004547 2.05101109
v 6.94195223 24.09568977 2.03791690
v 6.94179440 24.07766914 2.05799007
v 6.37357807 24.05981636 2.14764190
v 6.56069708 24.03733444 2.12703800
v 6.37638712 24.05170822 2.17262197
v 6.56211472 24.02939796 2.15216208
v 6.56380844 24.02438927 2.17789102
v 6.37136364 24.07071686 2.12350702
v 6.75003958 24.02981758 2.12015009
v 6.75004768 24.02193642 2.14531994
v 6.93938160 24.03734589 2.12704802
v 6.75003815 24.01699638 2.17110610
v 6.93797493 24.02940559 2.15216994
v 6.93627453 24.02439117 2.17789412
v 7.13161278 24.11847878 2.05878305
v 7.13128424 24.10043907 2.07883906
v 7.13032389 24.08431244 2.10050011
v 7.31679487 24.15615463 2.09327507
v 7.12650585 24.05982590 2.14765096
v 7.12369728 24.05172348 2.17263603
v 7.12871885 24.07073212 2.12351990
v 7.31631613 24.13808060 2.11330390
v 7.31488609 24.12186241 2.13488889
v 7.31249905 24.10812378 2.15777612
v 7.30921221 24.09700203 2.18172312
v 7.49534130 24.20828438 2.14100289
v 7.49470854 24.19016838 2.16099596
v 7.49281549 24.17381859 2.18246794
v 6.37976074 24.04649544 2.19817805
v 6.38360882 24.04426003 2.22402406
v 6.56575203 24.02237701 2.20392799
v 6.75004339 24.01506233 2.19721103
v 6.93433189 24.02238274 2.20393395
v 7.12032557 24.04650688 2.19818997
v 7.11647463 24.04427147 2.22403407
v 7.30503941 24.08861542 2.20646906
v 7.30003500 24.08307648 2.23174906
v 7.29434633 24.08046150 2.25726295
v 7.48969173 24.15985680 2.20516706
v 7.66513777 24.27425194 2.20140004
v 7.66436911 24.25608253 2.22134900
v 7.48536158 24.14843559 2.22886395
v 7.47987509 24.13966942 2.25328708
v 7.66204739 24.23956680 2.24268007
v 7.65820646 24.22532845 2.26514292
v 7.47329140 24.13366127 2.27817202
v 7.46589088 24.13054466 2.30324006
v 7.65288448 24.21352196 2.28851604
v 7.64615393 24.20427132 2.31253004
v 7.63803339 24.19767189 2.33692408
v 6.38362169 24.04425812 2.50000000
v 6.56575918 24.02237511 2.50000000
v 6.75004339 24.01506042 2.50000000
v 6.93432474 24.02238083 2.50000000
v 7.80983210 24.29150009 2.35998106
v 7.80192900 24.28166580 2.38350391
v 7.79250145 24.27442551 2.40731406
v 7.11646175 24.04426956 2.50000000
v 7.29433012 24.08045769 2.50000000
v 7.46587467 24.13054085 2.50000000
v 7.63803148 24.19766808 2.50000000
v 7.79249287 24.27441978 2.50000000
v 7.82421398 24.35329247 2.27376509
v 7.82330942 24.33505630 2.29365396
v 7.82058716 24.31833458 2.31481504
v 7.81607294 24.30377007 2.33700299
v 7.94536448 24.37095261 2.46538711
v 7.93474293 24.36295319 2.48850894
v 7.93474245 24.36295319 2.50000000
v 7.97069311 24.44447327 2.35724592
v 7.96966028 24.42615891 2.37706900
v 7.96656227 24.40920258 2.39802909
v 7.96144056 24.39425659 2.41989493
v 7.95435047 24.38145638 2.44242597
v 8.10285568 24.54671669 2.45085311
v 7.99434471 24.40881729 2.50000000
v 8.10172176 24.52831841 2.47060490
v 8.03544903 24.44404411 2.50000000
v 8.06662655 24.47365952 2.50000000
v 8.07228947 24.47908401 2.50000000
v 8.07415104 24.48099136 2.50000000
v 8.07913017 24.48627090 2.50000000
v 8.09828663 24.51110077 2.49134707
v 8.09621620 24.50491142 2.50000000
v 8.10860825 24.52070427 2.50000000
v 8.13592052 24.56028557 2.50000000
v 8.15957069 24.59975624 2.50000000
v 8.17024899 24.61834717 2.50000000
v 8.22029495 24.70814896 2.50000000
v 8.31903934 24.93168640 2.50000000
v 8.72242737 23.81505203 2.50000000
v 7.48001528 25.00660896 1.33731794
v 7.64632654 25.07122421 1.39656103
v 7.65288448 25.04619026 1.40672302
v 7.65820646 25.02142906 1.41915405
v 7.80213213 25.14863205 1.46753395
v 7.80983210 25.12416267 1.47818899
v 7.81607294 25.09987259 1.49101400
v 7.82058716 25.07661247 1.50585997
v 7.82330990 25.05463600 1.52258396
v 7.82421398 25.03465271 1.54099000
v 7.95435047 25.21411896 1.56063294
v 7.94560194 25.23794174 1.54941797
v 7.96144056 25.19035530 1.57390594
v 7.96656227 25.16747665 1.58907402
v 7.96966028 25.14574051 1.60599899
v 7.97069311 25.12583542 1.62447000
v 8.09260368 25.29183006 1.66686296
v 8.09828663 25.26937866 1.68239200
v 8.10285568 25.22807503 1.71807802
v 8.10172176 25.24789619 1.69953501
v 8.07505512 25.33807945 1.64123499
v 8.08474827 25.31499863 1.65309095
v 8.18896961 25.44789314 1.74191904
v 8.19949722 25.42561913 1.75447297
v 8.20804119 25.40309715 1.76879394
v 8.21420193 25.38112068 1.78472602
v 8.21793175 25.35992432 1.80210400
v 8.21916962 25.34019470 1.82072794
v 8.28600979 25.56608772 1.85028696
v 8.29725838 25.54467583 1.86359203
v 8.30636501 25.52285576 1.87850499
v 8.31294632 25.50138283 1.89486098
v 8.31692219 25.48049927 1.91250396
v 8.31824970 25.46087265 1.93121099
v 8.39754963 25.60820961 2.02943397
v 8.36504269 25.69128227 1.96507204
v 8.37687397 25.67079163 1.97917402
v 8.38645554 25.64970779 1.99471200
v 8.39336872 25.62877274 2.01152301
v 8.39894676 25.58869171 2.04823399
v 8.42514896 25.82200432 2.08492994
v 8.43741035 25.80246353 2.09985399
v 8.45452881 25.76178551 2.13333201
v 8.44734669 25.78216171 2.11604810
v 8.45886135 25.74155998 2.15153193
v 8.46030521 25.72215080 2.17042398
v 7.69632912 27.21585464 2.50000000
v 8.48834324 25.91865921 2.24109292
v 8.49570179 25.89886665 2.25886703
v 8.46561050 25.95671654 2.20844102
v 8.47817516 25.93815994 2.22422194
v 8.50013733 25.87897873 2.27735400
v 8.50161552 25.85969162 2.29635000
v 8.48595524 26.09384918 2.33417511
v 8.39943123 25.16834831 2.50000000
v 8.46054459 25.41538048 2.50000000
v 8.49866772 26.07629776 2.35082293
v 8.50896740 26.05760956 2.36838388
v 8.51640034 26.03840065 2.38665199
v 8.52089691 26.01887894 2.40544391
v 8.50169086 25.66991615 2.50000000
v 8.52239609 25.92902374 2.50000000
v 8.52239132 25.99970245 2.42453790
v 8.48595238 26.23178864 2.46064806
v 8.52213287 26.00304794 2.50000000
v 8.52242374 26.08194351 2.50000000
v 8.49866104 26.21524811 2.47817302
v 8.49534798 26.23964310 2.50000000
v 8.52058887 26.12504959 2.50000000
v 8.52095318 26.12180901 2.50000000
v 8.51605320 26.16435814 2.50000000
v 8.51693726 26.15891838 2.50000000
v 8.51657677 26.16159821 2.50000000
v 8.51408195 26.17518234 2.50000000
v 8.50895691 26.19737244 2.49641800
v 8.51041126 26.19387627 2.50000000
v 8.50839138 26.20155334 2.50000000
v 8.47997952 26.27547073 2.50000000
v 8.47109509 26.29474068 2.50000000
v 8.47089100 26.29517746 2.50000000
v 8.43272495 26.36163902 2.50000000
v 8.43333817 26.36074829 2.50000000
v 8.43305302 26.36119270 2.50000000
v 8.44106483 26.34853172 2.50000000
v 8.41068268 26.39064598 2.50000000
v 8.41104794 26.39021111 2.50000000
v 8.45338249 26.32880592 2.50000000
v 8.45313740 26.32924843 2.50000000
v 6.31988049 27.82416725 2.50000000
v 6.35416126 27.85701561 2.50000000
v 6.39309025 27.88694382 2.50000000
v 6.43608665 27.91354942 2.50000000
v 6.48268461 27.93654060 2.50000000
v 6.53235483 27.95566750 2.50000000
v 6.58453798 27.97071457 2.50000000
v 6.63865709 27.98151016 2.50000000
v 6.69394255 27.98804665 2.50000000
v 6.74999714 27.99025536 2.50000000
v 6.80604219 27.98804665 2.50000000
v 6.96762896 27.95568085 2.50000000
v 7.01729918 27.93655586 2.50000000
v 6.86132431 27.98151207 2.50000000
v 6.91544104 27.97072411 2.50000000
v 7.10690308 27.88695717 2.50000000
v 7.06390047 27.91355896 2.50000000
v 7.14582396 27.85702324 2.50000000
v 7.18011284 27.82418633 2.50000000
v 8.72242737 28.19031906 2.50000000
f 1787 1786 1780
f 1371 1372 1789
f 1788 1787 1367
f 1799 1783 1784
f 1782 1783 1799
f 1782 1798 1781
f 1786 1787 1805
f 1785 1780 1786
f 1805 1787 1788
f 1784 1780 1785
f 1369 1789 1788
f 1783 1357 1784
f 1780 1784 1358
f 1357 1783 1782
f 1356 1782 1781
f 1784 1357 1358
f 1782 1356 1357
f 1355 1356 1781
f 1821 1325 1797
f 1779 1773 1833
f 1789 1806 1805
f 1801 1786 1802
f 1800 1784 1801
f 1799 1784 1800
f 1798 1782 1799
f 1797 1781 1798
f 1795 1791 1792
f 1807 1793 1794
f 1789 1793 1807
f 1806 1789 1807
f 1773 1337 1833
f 1795 1792 1796
f 1794 1790 1795
f 1805 1788 1789
f 1373 1792 1791
f 1373 1374 1792
f 1790 1791 1795
f 1793 1372 1794
f 1372 1790 1794
f 1789 1372 1793
f 1764 1761 1762
f 1333 1334 1770
f 1332 1333 1769
f 1767 1765 1871
f 1871 1766 1869
f 1765 1766 1871
f 1766 1762 1869
f 1764 1762 1766
f 1765 1764 1766
f 1765 1763 1764
f 1770 1334 1335
f 1763 1761 1764
f 1760 1756 1761
f 1761 1758 1760
f 1763 1759 1761
f 1759 1758 1761
f 1864 1762 1860
f 1762 1757 1860
f 1762 1761 1757
f 1757 1756 1860
f 1770 1775 1769
f 1778 1772 1779
f 1777 1772 1778
f 1776 1770 1777
f 1775 1770 1776
f 1774 1769 1775
f 1772 1773 1779
f 1768 1769 1774
f 1777 1771 1772
f 1770 1771 1777
f 1833 1337 1821
f 1772 1337 1773
f 1325 1821 1337
f 1772 1336 1337
f 1771 1336 1772
f 1770 1335 1771
f 1769 1333 1770
f 1332 1769 1768
f 1335 1336 1771
f 1803 1804 1829
f 1829 1822 1830
f 1824 1825 1837
f 1823 1824 1836
f 1821 1823 1834
f 1822 1831 1830
f 1828 1803 1829
f 1827 1803 1828
f 1829 1804 1822
f 1826 1802 1827
f 1830 1831 1835
f 1802 1803 1827
f 1825 1800 1826
f 1824 1799 1825
f 1823 1799 1824
f 1909 1779 1833
f 1815 1779 1909
f 1902 1820 1814
f 1813 1820 1819
f 1819 1818 1813
f 1837 1826 1838
f 1909 1834 1910
f 1909 1833 1834
f 1830 1842 1841
f 1830 1835 1843
f 1840 1829 1841
f 1839 1827 1840
f 1841 1829 1830
f 1840 1828 1829
f 1838 1827 1839
f 1811 1818 1817
f 1836 1824 1837
f 1792 1374 1976
f 1374 1370 1977
f 1827 1828 1840
f 1834 1823 1836
f 1827 1838 1826
f 1837 1825 1826
f 1833 1821 1834
f 1805 1806 1804
f 1809 1808 1794
f 1807 1794 1808
f 1809 1832 1831
f 1822 1807 1831
f 1804 1807 1822
f 1807 1808 1831
f 1803 1805 1804
f 1802 1805 1803
f 1804 1806 1807
f 1794 1795 1809
f 1786 1805 1802
f 1801 1785 1786
f 1784 1785 1801
f 1826 1801 1802
f 1800 1801 1826
f 1821 1797 1823
f 1799 1800 1825
f 1823 1798 1799
f 1797 1798 1823
f 1774 1811 1810
f 1816 1811 1817
f 1902 1814 1815
f 1813 1814 1820
f 1818 1812 1813
f 1811 1812 1818
f 1810 1811 1816
f 1814 1779 1815
f 1813 1777 1814
f 1811 1775 1812
f 1756 1858 1860
f 1814 1778 1779
f 1777 1778 1814
f 1776 1777 1813
f 1775 1776 1812
f 1774 1775 1811
f 1812 1776 1813
f 1831 1808 1809
f 1809 1795 1796
f 1578 1577 1583
f 1594 1593 1591
f 1590 1591 1593
f 2283 1591 1590
f 1586 1491 2230
f 716 1455 2396
f 1585 1579 1584
f 1584 1578 1583
f 2230 1575 1579
f 1579 1578 1584
f 1591 1592 1594
f 1577 1576 1583
f 1576 1582 1583
f 1582 1569 1581
f 1581 1568 1580
f 1576 1569 1582
f 1569 1568 1581
f 1491 1575 2230
f 1578 1579 1575
f 1578 1573 1577
f 1601 1599 1597
f 1722 1610 1612
f 1610 1611 1612
f 1608 1610 1722
f 1608 1601 1610
f 1599 1608 1607
f 1607 1608 1606
f 1610 1604 1605
f 1610 1601 1604
f 1604 1602 1603
f 1573 1576 1577
f 1601 1602 1604
f 1600 1601 1597
f 1599 1601 1608
f 1599 1598 1597
f 2500 1301 1456
f 1595 1596 2301
f 1595 1594 1596
f 1594 1592 1596
f 1593 1594 1595
f 1540 1559 1555
f 1565 1560 1564
f 1560 1554 1564
f 1564 1552 1561
f 1556 1563 1557
f 1563 1555 1562
f 1555 1559 1562
f 1555 1563 1556
f 1559 1539 1549
f 1539 1548 1549
f 1557 1566 1558
f 1539 1559 1540
f 2396 1455 1300
f 1554 1552 1564
f 1552 1558 1561
f 1552 1551 1558
f 1560 1550 1554
f 1560 1553 1550
f 1558 1537 1557
f 1551 1537 1558
f 1563 1562 2212
f 1572 1569 1576
f 1575 1574 1578
f 1574 1573 1578
f 1573 1572 1576
f 1572 1571 1569
f 1571 1570 1569
f 1569 1570 1568
f 2209 1559 2207
f 2212 1566 1563
f 1722 1612 1613
f 2209 1562 1559
f 1561 2208 2210
f 2210 1565 1564
f 1564 1561 2210
f 2208 1558 1567
f 1558 1566 1567
f 1558 2208 1561
f 1557 1563 1566
f 1730 1728 1729
f 1736 1735 1737
f 1744 1416 1753
f 1735 1734 1744
f 1734 1416 1744
f 1733 1727 1734
f 1727 1418 1734
f 1738 1731 1732
f 1730 1731 1738
f 1742 1722 1730
f 1737 1735 1744
f 1418 1417 1734
f 1417 1416 1734
f 1416 1608 1742
f 1722 1728 1730
f 1728 1724 1726
f 1608 1722 1742
f 1416 1415 1721
f 1725 1721 1415
f 1456 1614 2608
f 1755 1747 1748
f 1756 1757 1761
f 1614 1391 2608
f 1742 1755 1748
f 1752 1751 1753
f 1751 1750 1753
f 1749 1753 1748
f 1754 1753 1749
f 1753 1742 1748
f 1750 1744 1753
f 1728 1726 2541
f 1746 1745 1750
f 1745 1744 1750
f 1743 1737 1744
f 1742 1740 1741
f 1742 1739 1740
f 1742 1738 1739
f 1742 1730 1738
f 1753 1416 1742
f 1609 1608 1720
f 1607 1606 2034
f 2035 1599 1607
f 1598 1599 2035
f 1722 1724 1728
f 1722 1723 1724
f 1605 1604 2306
f 1721 1608 1416
f 1720 1608 1721
f 1609 1720 1719
f 1610 1605 2501
f 1604 1603 2306
f 1603 1602 1595
f 1602 1601 1595
f 1601 1600 1593
f 1600 1597 2283
f 1597 1598 2283
f 1391 1614 1688
f 1456 1688 1614
f 1455 1688 1456
f 2306 1603 2300
f 1726 1724 2536
f 1724 1723 2536
f 1723 1722 2523
f 1722 1613 2521
f 1613 1612 2521
f 1612 2505 2512
f 2505 1610 2502
f 2501 2502 1610
f 2501 1605 2306
f 1910 1834 1911
f 2035 1844 1598
f 2283 1598 1844
f 1603 1595 2300
f 1601 1593 1595
f 1600 1590 1593
f 2283 1590 1600
f 1612 1611 2505
f 1611 1610 2505
f 1948 1947 1919
f 1948 1949 1955
f 1947 1948 1954
f 1970 1835 1972
f 1924 1916 1966
f 1923 1924 1965
f 1951 1922 1952
f 1922 1951 1950
f 1950 1949 1920
f 1949 1948 1920
f 1955 1949 1950
f 1945 1908 1957
f 1971 1020 1957
f 1938 1937 1931
f 1935 1938 1931
f 1936 1935 1933
f 1937 1934 1931
f 1944 1908 1945
f 1943 1908 1944
f 1942 1908 1943
f 1951 1952 1963
f 1964 1963 1952
f 1963 1962 1951
f 1962 1961 1951
f 1954 1955 1959
f 1957 1953 1954
f 1965 1924 1966
f 1965 1964 1923
f 1961 1956 1950
f 1955 1950 1956
f 1941 1927 1939
f 1950 1951 1961
f 1954 1948 1955
f 1953 1947 1954
f 1972 1832 1973
f 1967 1917 1968
f 1917 1967 1966
f 1969 1843 1970
f 1968 1842 1969
f 1952 1923 1964
f 1924 1915 1916
f 1966 1916 1917
f 1917 1842 1968
f 1952 1922 1923
f 1950 1921 1922
f 1920 1921 1950
f 1919 1920 1948
f 1918 1919 1947
f 1842 1843 1969
f 1923 1914 1924
f 1975 1792 1976
f 1922 1914 1923
f 1913 1922 1921
f 1912 1921 1920
f 1911 1920 1919
f 1831 1832 1972
f 1843 1835 1970
f 1914 1915 1924
f 1913 1914 1922
f 1921 1912 1913
f 1927 1930 1940
f 1928 1941 1936
f 1940 1930 1942
f 1927 1940 1939
f 1932 1933 1935
f 1935 1931 1932
f 1936 1933 1928
f 1908 1953 1957
f 1941 1929 1927
f 1928 1929 1941
f 1957 1954 1958
f 1933 1932 1926
f 1931 1925 1932
f 1930 1908 1942
f 1926 1928 1933
f 1925 1926 1932
f 1973 1809 1974
f 1974 1796 1975
f 1976 1374 1977
f 1990 1983 1988
f 1990 1989 1996
f 1992 1990 1996
f 1988 1989 1990
f 1992 1993 1985
f 1991 1985 1993
f 1985 1984 1992
f 1990 1992 1984
f 1982 1987 1988
f 1986 1987 1982
f 1993 1992 1996
f 1983 1982 1988
f 1988 1987 1998
f 1986 1997 1998
f 1987 1986 1998
f 2061 2016 2017
f 2006 2061 2017
f 2045 2028 1997
f 1983 1990 1984
f 1983 1980 1982
f 2029 2000 1998
f 2005 2013 2014
f 1997 2028 2029
f 2003 2002 2004
f 2003 1994 2002
f 2002 1993 2004
f 1993 1999 2004
f 1996 1999 1993
f 1999 1996 2019
f 2018 1996 2001
f 1984 1981 1983
f 1998 1997 2029
f 1996 1989 2001
f 2000 2001 1988
f 1989 1988 2001
f 1988 1998 2000
f 1994 2003 1995
f 1993 2002 1994
f 1991 1993 1994
f 1971 1962 1963
f 1971 1972 1973
f 1971 1970 1972
f 1971 1969 1970
f 1971 1968 1969
f 1971 1967 1968
f 1971 1966 1967
f 1971 1965 1966
f 1971 1964 1965
f 1971 1963 1964
f 1974 1971 1973
f 1971 1961 1962
f 1971 1960 1961
f 1971 1959 1960
f 1971 1958 1959
f 1971 1957 1958
f 1960 1956 1961
f 1959 1956 1960
f 1959 1955 1956
f 1958 1954 1959
f 1979 1856 1986
f 1982 1979 1986
f 2404 1981 1984
f 1981 1980 1983
f 1978 1979 1982
f 1980 1981 2404
f 1980 1978 1982
f 1978 1980 2403
f 2028 2048 2006
f 1986 2045 1997
f 1920 1911 1912
f 2028 2055 2048
f 2345 2346 1971
f 2344 2345 1971
f 2343 2344 1971
f 1971 1977 2343
f 1971 1976 1977
f 1971 1975 1976
f 1971 1974 1975
f 1870 1864 1865
f 1874 1872 1870
f 1870 1867 1874
f 1871 1869 1872
f 1869 1870 1872
f 1869 1762 1870
f 1880 1867 1868
f 1867 1866 1868
f 1867 1865 1866
f 1870 1865 1867
f 1875 1874 1867
f 1762 1864 1870
f 1865 1863 1866
f 1863 1859 1862
f 1865 1861 1863
f 1860 1865 1864
f 1861 1865 1860
f 1861 1859 1863
f 1860 1859 1861
f 1858 1859 1860
f 1877 1878 1883
f 1885 1878 1886
f 1883 1878 1885
f 1878 1881 1886
f 1881 1880 1884
f 1881 1875 1880
f 1882 1876 1883
f 1879 1876 1882
f 1876 1877 1883
f 1879 1873 1876
f 1978 1850 1979
f 1878 1874 1881
f 1874 1875 1881
f 1872 1878 1877
f 1872 1874 1878
f 1877 1876 1871
f 1876 1873 1871
f 1871 1872 1877
f 1873 1767 1871
f 1867 1880 1875
f 1971 2396 1300
f 1846 1848 1849
f 1847 1852 1851
f 1846 1852 1847
f 1850 2290 1851
f 2289 1847 1851
f 2289 1846 1847
f 1846 1845 1848
f 2035 1848 1845
f 1845 1844 2035
f 1850 1851 1853
f 1832 1809 1973
f 1809 1796 1974
f 1796 1792 1975
f 1914 1839 1840
f 1838 1839 1914
f 1837 1838 1913
f 1842 1830 1843
f 1911 1836 1837
f 1911 1834 1836
f 1854 1855 1853
f 2028 2045 2055
f 1856 2045 1986
f 1301 2500 2005
f 2180 1301 2005
f 1979 1857 1856
f 1857 1979 1850
f 1850 1978 2291
f 2045 1856 1855
f 1853 1855 1856
f 1881 1884 1888
f 1857 1853 1856
f 1857 1850 1853
f 1853 1851 1852
f 1853 1852 1854
f 1854 1849 2037
f 1849 1854 1852
f 1848 2036 1849
f 1852 1846 1849
f 1906 1820 1907
f 1925 1904 1926
f 1929 1906 1907
f 1905 1906 1929
f 1905 1926 1904
f 1925 1903 1904
f 1947 1815 1918
f 1815 1909 1918
f 1947 1902 1815
f 1907 1902 1908
f 1926 1905 1928
f 1818 1906 1905
f 1818 1905 1904
f 1903 1816 1904
f 1820 1902 1907
f 1906 1819 1820
f 1906 1818 1819
f 1904 1817 1818
f 1816 1817 1904
f 2094 1901 2096
f 1841 1916 1840
f 1919 1910 1911
f 1909 1910 1919
f 1918 1909 1919
f 1835 1831 1972
f 1916 1841 1917
f 1915 1840 1916
f 1914 1840 1915
f 1841 1842 1917
f 1913 1838 1914
f 2093 1901 2094
f 1912 1837 1913
f 1911 1837 1912
f 1953 1902 1947
f 1908 1902 1953
f 1930 1907 1908
f 1927 1907 1930
f 1929 1907 1927
f 1928 1905 1929
f 1893 1866 1863
f 1863 1892 1893
f 1897 1888 1884
f 1896 1884 1880
f 2070 1890 1891
f 1890 1888 1891
f 1890 1889 1886
f 1886 1888 1890
f 1895 1880 1868
f 1894 1868 1866
f 1866 1893 1894
f 1892 1863 1862
f 1889 1885 1886
f 1889 1887 1883
f 2065 1883 1887
f 1883 1885 1889
f 2064 1879 2065
f 2065 1882 1883
f 1879 1882 2065
f 1886 1881 1888
f 1895 1894 1901
f 1900 1901 2093
f 1900 1899 1901
f 1899 1898 1901
f 1898 1897 1901
f 2071 1899 1900
f 1899 1891 1898
f 1898 1888 1897
f 1897 1896 1901
f 1896 1895 1901
f 1557 1536 1556
f 1894 1893 1901
f 1893 1892 1901
f 342 1901 1892
f 1884 1896 1897
f 1891 1899 2071
f 1888 1898 1891
f 1880 1895 1896
f 1868 1894 1895
f 1328 1329 1323
f 1334 1322 1323
f 1300 471 1971
f 1334 1333 1322
f 1333 1332 1321
f 1333 1320 1322
f 1320 1333 1321
f 1331 1319 1355
f 1331 1324 1330
f 1323 1329 1330
f 1323 1324 1336
f 1320 1327 1328
f 1320 1326 1327
f 1324 1331 1325
f 1323 1330 1324
f 1322 1328 1323
f 1328 1322 1320
f 1321 1326 1320
f 1299 1338 1339
f 1299 1472 1338
f 1351 1339 1340
f 1344 1340 1342
f 1342 1343 1344
f 1340 1341 1342
f 1343 1493 1345
f 1342 1492 1343
f 1341 1473 1342
f 1338 1473 1341
f 1340 1352 1351
f 1352 1340 1344
f 1313 1355 1319
f 1355 1313 1351
f 1339 1338 1340
f 1340 1338 1341
f 1313 1339 1351
f 1337 1336 1325
f 1336 1335 1323
f 1325 1331 1797
f 1335 1334 1323
f 1336 1324 1325
f 1305 1306 1312
f 1310 1305 1311
f 1309 1303 1310
f 1302 1309 1308
f 1319 1312 1313
f 1317 1310 1311
f 1317 1311 1312
f 1315 1309 1310
f 1315 1308 1309
f 1306 1307 1313
f 1311 1305 1312
f 1310 1304 1305
f 1303 1304 1310
f 1302 1303 1309
f 1306 1299 1307
f 1305 1297 1306
f 1304 1295 1305
f 1294 1304 1303
f 1302 1294 1303
f 1901 278 1293
f 1314 1315 1326
f 1318 1331 1330
f 1330 1329 1317
f 1328 1317 1329
f 1328 1327 1315
f 1326 1315 1327
f 1331 1318 1319
f 1317 1318 1330
f 1316 1317 1328
f 1315 1316 1328
f 1347 1343 1345
f 1307 1339 1313
f 1318 1312 1319
f 1312 1318 1317
f 1310 1316 1315
f 1316 1310 1317
f 1308 1315 1314
f 1339 1307 1299
f 1312 1306 1313
f 1377 1378 1379
f 287 281 1384
f 1384 1375 1383
f 1383 1379 1382
f 1383 1377 1379
f 1384 279 1375
f 281 279 1384
f 1380 1375 1381
f 279 1381 1375
f 1375 1377 1383
f 287 1384 1389
f 1376 1375 1380
f 1368 1373 1791
f 1791 1790 1368
f 1790 1372 1368
f 1374 1373 1370
f 1373 1366 1370
f 1368 1363 1373
f 1372 1365 1368
f 1372 1371 1364
f 1616 240 1688
f 1401 1396 1398
f 1406 1389 1412
f 1396 1397 1398
f 1394 1396 1401
f 1389 1394 1412
f 1394 1395 1396
f 1406 287 1389
f 1394 1392 1393
f 1394 1389 1392
f 1372 1364 1365
f 240 1616 1615
f 1391 1390 1301
f 1688 276 1391
f 1301 1390 1293
f 1389 1384 1388
f 1388 1386 1387
f 1384 1386 1388
f 1384 1385 1386
f 1352 1353 1357
f 1780 1358 1354
f 1358 1357 1354
f 1354 1359 1780
f 1357 1356 1352
f 1357 1353 1354
f 1356 1355 1352
f 1797 1331 1781
f 1353 1344 1354
f 1352 1344 1353
f 1354 1347 1348
f 1355 1351 1352
f 1331 1355 1781
f 1349 1350 1361
f 1360 1346 1349
f 1348 1345 1360
f 1347 1345 1348
f 1344 1347 1354
f 1345 1346 1360
f 1344 1343 1347
f 1361 1369 1367
f 1369 1361 1371
f 1789 1369 1371
f 1787 1780 1367
f 1788 1367 1369
f 1780 1359 1367
f 1363 1366 1373
f 1365 1363 1368
f 1365 1362 1363
f 1361 1364 1371
f 1456 1301 277
f 1367 1360 1361
f 1359 1360 1367
f 1359 1354 1348
f 1350 1362 1365
f 1364 1350 1365
f 1361 1350 1364
f 1360 1349 1361
f 1359 1348 1360
f 1250 1246 1249
f 1250 1249 1261
f 1249 1244 1261
f 1261 1257 1258
f 1256 1257 1261
f 1261 1234 1254
f 1261 1254 1255
f 1261 1233 1234
f 1261 1232 1233
f 1244 1243 1261
f 1247 1250 1261
f 1245 1244 1249
f 1246 1245 1249
f 1251 1240 1252
f 1245 1242 1244
f 1240 1248 1252
f 1248 1239 1247
f 1247 1238 1250
f 1127 1261 1243
f 1242 1243 1244
f 1191 1264 1192
f 1202 1203 1277
f 1204 1271 1205
f 1198 1202 1278
f 1201 1270 1204
f 1200 1269 1201
f 1199 1268 1200
f 1194 1267 1199
f 1193 1266 1194
f 1192 1265 1193
f 1242 1241 1243
f 1184 1264 1191
f 1261 1255 1256
f 1253 1251 1261
f 1261 1258 1259
f 1260 1253 1261
f 1261 1259 1260
f 1252 1248 1261
f 1248 1247 1261
f 1251 1252 1261
f 1218 1217 1260
f 1239 1222 1238
f 1222 1237 1238
f 1237 1220 1236
f 1236 1219 1235
f 1225 1253 1216
f 1261 1231 1232
f 1230 1231 1261
f 1230 1261 1018
f 1018 1229 1230
f 1224 1239 1240
f 1217 1216 1260
f 1258 1179 1218
f 1254 1152 1255
f 1152 1254 1234
f 1179 1258 1180
f 1223 1222 1239
f 1224 1223 1239
f 1222 1221 1237
f 1221 1220 1237
f 1257 1180 1258
f 1238 1246 1250
f 1246 1237 1245
f 1253 1225 1251
f 1245 1236 1242
f 1236 1241 1242
f 1240 1239 1248
f 1239 1238 1247
f 1259 1218 1260
f 1258 1218 1259
f 1203 1207 1277
f 1174 1256 1255
f 1256 1174 1257
f 1251 1224 1240
f 1238 1237 1246
f 1237 1236 1245
f 1236 1235 1241
f 1260 1216 1253
f 1225 1224 1251
f 1282 1292 1283
f 2361 1291 1292
f 1290 1292 1291
f 1289 1292 1290
f 1288 1292 1289
f 1287 1292 1288
f 1286 1292 1287
f 1285 1292 1286
f 1284 1292 1285
f 1283 1292 1284
f 2362 2361 1292
f 1278 1292 1282
f 1277 1292 1278
f 1276 1292 1277
f 1292 1276 1275
f 1275 1274 1292
f 1274 1273 1292
f 1273 1272 1292
f 1272 1271 1292
f 1271 1020 1292
f 1295 1422 1297
f 1300 1456 277
f 650 240 1615
f 1306 1298 1299
f 1297 1298 1306
f 1294 1295 1304
f 1295 1297 1305
f 1294 1302 1296
f 1298 1423 1299
f 1297 1423 1298
f 1283 1198 1282
f 1294 1420 1295
f 1293 277 1301
f 2368 2367 1292
f 2367 2366 1292
f 2366 2365 1292
f 2365 2363 1292
f 2364 1292 2363
f 2364 2362 1292
f 1264 1184 1263
f 1189 1291 2361
f 1291 1189 1290
f 1190 1289 1290
f 1190 1288 1289
f 1190 1287 1288
f 1187 1286 1287
f 1186 1280 1262
f 1279 1186 1281
f 1186 1279 1280
f 2358 2352 1183
f 1263 1184 1262
f 1206 1209 1273
f 1205 1272 1209
f 1283 1197 1198
f 1196 1197 1283
f 1195 1196 1284
f 1187 1195 1286
f 1206 1275 1208
f 1208 1275 1207
f 1206 1273 1274
f 1198 1278 1282
f 1284 1196 1283
f 1286 1195 1285
f 1195 1284 1285
f 1273 1209 1272
f 1277 1207 1276
f 1207 1275 1276
f 1278 1202 1277
f 1275 1206 1274
f 1398 1399 1400
f 1272 1205 1271
f 1271 1204 1270
f 1270 1201 1269
f 1269 1200 1268
f 1267 1194 1266
f 1266 1193 1265
f 1265 1192 1264
f 2361 2358 1189
f 1501 1482 1503
f 1506 1503 1528
f 1505 1504 1506
f 1500 1504 1505
f 1503 1502 1525
f 1504 1503 1506
f 1502 1485 1525
f 1503 1482 1502
f 1504 1501 1503
f 1504 1496 1501
f 1505 1506 1507
f 1496 1482 1501
f 1500 1505 1509
f 1499 1500 1498
f 1500 1499 1504
f 1497 1496 1499
f 1497 1499 1498
f 1345 1494 1497
f 1345 1493 1494
f 1499 1496 1504
f 1512 1509 1515
f 1511 1513 1541
f 1513 1511 1512
f 1513 1512 1515
f 1511 1509 1512
f 1511 1510 1509
f 1510 1511 1363
f 1362 1350 1508
f 1362 1508 1510
f 1350 1349 1508
f 1497 1495 1496
f 1510 1500 1509
f 1508 1500 1510
f 1349 1498 1508
f 1508 1498 1500
f 1349 1346 1497
f 1349 1497 1498
f 1346 1345 1497
f 1505 1507 1516
f 1507 1506 1528
f 1483 1479 1487
f 1524 1483 1487
f 1487 1479 1486
f 1520 1462 1521
f 1479 1454 1486
f 1486 1454 1520
f 1485 1484 1523
f 1502 1481 1485
f 1481 1484 1485
f 1484 1483 1524
f 1523 1484 1524
f 1484 1478 1483
f 1482 1481 1502
f 1495 1481 1482
f 1481 1480 1484
f 1480 1478 1484
f 1476 1480 1481
f 1483 1477 1479
f 1478 1477 1483
f 1474 1478 1480
f 1573 1488 1572
f 1495 1482 1496
f 1494 1476 1495
f 1494 1495 1497
f 1493 1343 1492
f 1493 1476 1494
f 1492 1476 1493
f 1342 1473 1492
f 1491 1574 1575
f 1574 1490 1573
f 1513 1517 1542
f 1572 1470 1571
f 1571 1469 1570
f 1491 1490 1574
f 1490 1489 1573
f 1489 1488 1573
f 1488 1470 1572
f 1470 1469 1571
f 1487 1486 1520
f 1539 1529 1538
f 1542 1543 1513
f 1541 1513 1543
f 1366 1541 1543
f 1366 1363 1541
f 1363 1511 1541
f 1363 1362 1510
f 1538 1548 1539
f 1555 1532 1540
f 1532 1539 1540
f 1370 1366 1543
f 1529 1522 1538
f 1551 1534 1537
f 1536 1533 1555
f 1550 1518 1535
f 1535 1516 1534
f 1534 1551 1535
f 1534 1531 1537
f 1533 1532 1555
f 1537 1528 1536
f 1587 1547 1586
f 1536 1555 1556
f 1537 1536 1557
f 1550 1552 1554
f 1553 1545 1550
f 1550 1535 1552
f 1552 1535 1551
f 1559 1589 2207
f 1589 1548 1588
f 1548 1587 1588
f 1528 1533 1536
f 1549 1589 1559
f 1548 1589 1549
f 1548 1547 1587
f 1547 1546 1586
f 1548 1522 1547
f 1545 1519 1550
f 1545 1544 1517
f 1542 1517 1544
f 1518 1516 1535
f 1522 1546 1547
f 1522 1548 1538
f 1521 1546 1522
f 1546 1468 1586
f 1522 1520 1521
f 1521 1468 1546
f 1520 1522 1526
f 1519 1518 1550
f 1517 1519 1545
f 1525 1485 1523
f 1517 1518 1519
f 1517 1515 1518
f 1513 1515 1517
f 1518 1514 1516
f 1516 1507 1531
f 1515 1514 1518
f 1514 1505 1516
f 1509 1514 1515
f 1509 1505 1514
f 1528 1527 1533
f 1532 1530 1539
f 1530 1529 1539
f 1516 1531 1534
f 1531 1528 1537
f 1531 1507 1528
f 1526 1522 1529
f 1533 1525 1532
f 1525 1530 1532
f 1530 1523 1529
f 1474 1477 1478
f 1527 1525 1533
f 1525 1523 1530
f 1528 1503 1527
f 1503 1525 1527
f 1529 1487 1526
f 1487 1520 1526
f 1523 1524 1529
f 1524 1487 1529
f 1421 1425 1426
f 1426 1431 1432
f 1431 1425 1430
f 1440 1429 1428
f 1429 1423 1428
f 1428 1427 1433
f 1427 1426 1433
f 1425 1424 1430
f 1422 1427 1428
f 1422 1426 1427
f 1426 1432 1433
f 1419 1424 1425
f 1423 1429 1442
f 1422 1428 1423
f 1426 1422 1420
f 1421 1426 1420
f 1425 1421 1419
f 1426 1425 1431
f 1721 1725 2157
f 1415 2165 1725
f 1436 1435 1444
f 1420 1294 1421
f 1294 1419 1421
f 1454 1441 1439
f 1441 1440 1439
f 1440 1434 1439
f 1440 1428 1434
f 1439 1438 1446
f 1438 1437 1445
f 1437 1436 1444
f 2152 1720 1721
f 1439 1434 1438
f 1434 1433 1438
f 1428 1433 1434
f 1438 1432 1437
f 1432 1436 1437
f 1436 1431 1435
f 1433 1432 1438
f 1432 1431 1436
f 1431 1430 1435
f 1383 1382 1873
f 2146 1293 1390
f 2101 1393 1392
f 2084 1392 1389
f 1389 1388 2084
f 2077 1388 1387
f 2066 1387 1386
f 1386 1385 2066
f 2064 1385 1384
f 1873 1384 1383
f 1404 1401 1402
f 1765 1382 1379
f 1379 1378 1765
f 1763 1378 1377
f 1758 1377 1375
f 1375 1376 1758
f 1380 308 1376
f 1401 1398 1400
f 1404 1394 1401
f 1412 1394 1404
f 1414 1412 1413
f 1391 1301 2206
f 2056 1719 1720
f 2050 1609 1719
f 2038 1606 2044
f 2038 2034 1606
f 2035 1607 2034
f 2044 1608 1609
f 1606 1608 2044
f 1390 285 2146
f 1422 1295 1420
f 1412 1404 1413
f 1411 1409 1412
f 1410 1412 1414
f 1409 1406 1412
f 1408 1407 1409
f 1407 1406 1409
f 1405 1413 1404
f 1402 1403 1404
f 1464 1463 1469
f 1491 1467 1490
f 1490 1466 1489
f 1466 1488 1489
f 1488 1464 1470
f 1464 1469 1470
f 1468 1467 1491
f 1467 1466 1490
f 1466 1465 1488
f 1465 1464 1488
f 1462 1468 1521
f 1468 1461 1467
f 1461 1466 1467
f 1466 1459 1465
f 1459 1464 1465
f 1464 1457 1463
f 1520 1453 1462
f 1454 1453 1520
f 1462 1461 1468
f 1461 1460 1466
f 1474 1471 1477
f 1476 1481 1495
f 1492 1475 1476
f 1476 1475 1480
f 1475 1474 1480
f 1474 1475 1492
f 1473 1471 1474
f 1473 1474 1492
f 1338 1472 1473
f 1472 1471 1473
f 1460 1459 1466
f 1477 1440 1479
f 1471 1429 1477
f 1472 1429 1471
f 1479 1441 1454
f 1479 1440 1441
f 1429 1440 1477
f 1472 1442 1429
f 1468 1491 1586
f 1445 1444 1449
f 1457 1448 1450
f 1453 1454 1452
f 1452 1447 1451
f 1451 1445 1449
f 1449 1444 1448
f 1444 1450 1448
f 1454 1447 1452
f 1447 1446 1451
f 1446 1445 1451
f 1449 1448 1459
f 1444 1443 1450
f 1439 1447 1454
f 1439 1446 1447
f 1446 1438 1445
f 1445 1437 1444
f 1444 1435 1443
f 1442 1299 1423
f 1419 1294 1296
f 1423 1297 1422
f 818 1430 1424
f 1459 1458 1464
f 1458 1457 1464
f 1452 1461 1462
f 1451 1460 1461
f 1451 1459 1460
f 1448 1458 1459
f 1448 1457 1458
f 1472 1299 1442
f 819 1435 1430
f 2015 2005 2014
f 715 1683 1688
f 650 1615 1683
f 1455 716 1688
f 1456 1300 1455
f 716 715 1688
f 1462 1453 1452
f 1461 1452 1451
f 1459 1451 1449
f 2400 1978 2403
f 2407 2406 2408
f 2407 2405 2406
f 2405 2398 2406
f 2409 2405 2407
f 2398 2405 2409
f 2403 2398 2402
f 2417 2398 2404
f 2403 1980 2404
f 2398 2403 2404
f 2408 2406 2420
f 2402 2398 2409
f 2401 2403 2402
f 2401 2402 2409
f 2401 2400 2403
f 2406 2399 2413
f 2406 2398 2399
f 2398 2417 2399
f 2319 2449 2472
f 2316 2435 2449
f 2413 2415 2419
f 2412 1984 1985
f 2417 1984 2412
f 2404 1984 2417
f 2421 2416 2440
f 2415 2438 2416
f 2419 2415 2416
f 2413 2414 2415
f 2415 2414 2438
f 2413 2412 2414
f 2435 2316 2427
f 2413 2399 2417
f 2413 2417 2412
f 2411 2407 2425
f 2424 2410 2411
f 2411 2409 2407
f 2410 2397 2411
f 2397 2409 2411
f 2401 2409 2397
f 2407 2408 2430
f 2391 2342 2394
f 2382 2369 2396
f 2381 2380 2384
f 2383 2379 2382
f 2384 2380 2383
f 2387 2375 2388
f 2388 2374 2386
f 2380 2379 2383
f 2379 2376 2382
f 2386 2373 2385
f 2385 2381 2384
f 2373 2381 2385
f 2380 2381 2373
f 2342 2389 2394
f 2389 2341 2387
f 2375 2374 2388
f 2374 2373 2386
f 2380 2371 2379
f 2376 2379 2371
f 2390 2335 2391
f 2396 2389 2387
f 2396 2393 2390
f 2378 2392 2396
f 2396 2392 2393
f 2396 2377 2378
f 2396 2351 2395
f 2396 2350 2351
f 2396 2395 2377
f 2396 2349 2350
f 2396 2387 2388
f 2414 2412 1985
f 2394 2389 2396
f 2390 2391 2396
f 2396 2391 2394
f 2386 2385 2396
f 2388 2386 2396
f 2385 2384 2396
f 2384 2383 2396
f 2383 2382 2396
f 2443 2423 2442
f 2445 2451 2434
f 2447 2443 2444
f 2443 2442 2444
f 2445 2429 2443
f 2442 2463 2444
f 2462 2442 2441
f 2439 1995 2460
f 2460 2440 2439
f 2461 2441 2440
f 2443 2446 2445
f 2423 2441 2442
f 2441 2421 2440
f 2438 1994 1995
f 1994 2414 1991
f 2440 2416 2438
f 2440 2438 2439
f 1995 2439 2438
f 2438 2414 1994
f 2519 2479 2484
f 2450 2437 2453
f 2444 2467 2447
f 2472 2449 2473
f 2453 2474 2450
f 2449 2450 2473
f 2454 2451 2457
f 2451 2452 2458
f 2453 2437 2454
f 2454 2448 2451
f 2452 2451 2445
f 2479 2516 2472
f 2449 2436 2450
f 2437 2448 2454
f 2436 2437 2450
f 2451 2448 2434
f 2446 2447 2456
f 2455 2452 2445
f 2445 2446 2455
f 2446 2443 2447
f 2419 2421 2423
f 2427 2424 2431
f 2431 2425 2426
f 2426 2407 2430
f 2424 2425 2431
f 2425 2407 2426
f 2424 2411 2425
f 2422 2423 2443
f 2422 2419 2423
f 2423 2421 2441
f 2430 2408 2428
f 2416 2421 2419
f 2428 2420 2422
f 2420 2418 2422
f 2408 2420 2428
f 2418 2419 2422
f 2418 2413 2419
f 2406 2418 2420
f 2413 2418 2406
f 2414 1985 1991
f 2428 2429 2445
f 2479 2519 2516
f 2449 2435 2436
f 2448 2437 2432
f 2437 2436 2432
f 2436 2435 2431
f 2448 2433 2434
f 2434 2428 2445
f 2433 2448 2432
f 2433 2428 2434
f 2393 2335 2390
f 2431 2432 2436
f 2432 2430 2433
f 2435 2427 2431
f 2431 2426 2432
f 2430 2428 2433
f 2432 2426 2430
f 2429 2422 2443
f 2428 2422 2429
f 2510 2472 2516
f 2351 2350 2211
f 2350 2349 2211
f 2349 2348 1560
f 2348 2347 1560
f 2346 1553 2347
f 2345 1544 2346
f 2344 1542 2345
f 2343 1543 2344
f 1977 1370 2343
f 2256 2255 2322
f 2510 2319 2472
f 2427 2310 2424
f 2424 2299 2410
f 2401 2292 2400
f 2400 2291 1978
f 2299 2397 2410
f 2397 2292 2401
f 2449 2319 2316
f 2316 2310 2427
f 2336 2254 2320
f 2356 2324 2355
f 2324 2354 2355
f 2354 2322 2353
f 2352 2353 2322
f 2325 2356 2326
f 2324 2356 2325
f 2323 2354 2324
f 2322 2354 2323
f 2352 2322 2321
f 2305 2424 2310
f 2326 2259 2325
f 2259 2324 2325
f 2324 2257 2323
f 2257 2322 2323
f 2322 2255 2321
f 2320 2259 2326
f 2259 2258 2324
f 2258 2257 2324
f 2257 2256 2322
f 2303 2304 2311
f 2311 2305 2310
f 2501 2306 2312
f 2308 2313 2307
f 2306 2307 2312
f 2309 2303 2311
f 2308 2302 2309
f 2307 2301 2308
f 2302 2303 2309
f 2311 2304 2305
f 2313 2308 2309
f 2304 2299 2305
f 2303 2295 2304
f 2306 2301 2307
f 2300 2301 2306
f 2301 2302 2308
f 2301 2297 2302
f 1595 2301 2300
f 2302 2295 2303
f 2290 1850 2291
f 2314 2315 2318
f 2299 2424 2305
f 2291 2400 2292
f 2509 2318 2319
f 2318 2316 2319
f 2318 2317 2314
f 2318 2315 2316
f 2504 2314 2317
f 2298 2397 2299
f 2292 2397 2298
f 2357 2326 2356
f 2504 2313 2314
f 2312 2313 2504
f 2311 2316 2315
f 2309 2314 2313
f 2314 2309 2315
f 2312 2307 2313
f 2310 2316 2311
f 2309 2311 2315
f 2376 2326 2369
f 2363 2358 2364
f 2358 2362 2364
f 2358 2361 2362
f 2369 2357 2368
f 2368 2356 2367
f 2367 2354 2366
f 2360 2359 2365
f 2359 2358 2363
f 2354 2360 2366
f 2365 2359 2363
f 2326 2376 2370
f 2356 2368 2357
f 2355 2367 2356
f 2354 2367 2355
f 2354 2359 2360
f 2359 2352 2358
f 2326 2357 2369
f 2353 2359 2354
f 2352 2359 2353
f 2373 2374 2340
f 2392 2282 2393
f 2341 2375 2387
f 2373 2372 2380
f 2372 2371 2380
f 2371 2370 2376
f 2282 2392 2378
f 2391 2334 2342
f 2342 2341 2389
f 2375 2340 2374
f 2396 2348 2349
f 2373 2339 2372
f 2372 2337 2371
f 2371 2336 2370
f 2272 2378 2377
f 1292 2396 2368
f 2376 2369 2382
f 2369 2368 2396
f 2366 2360 2365
f 2334 2280 2333
f 2342 2333 2332
f 2340 2332 2331
f 2337 2327 2336
f 2339 2331 2330
f 2330 2329 2339
f 2329 2328 2337
f 2328 2327 2337
f 2378 2272 2282
f 2335 2281 2334
f 2329 2337 2338
f 2333 2278 2332
f 2278 2331 2332
f 2331 2276 2330
f 2330 2277 2329
f 2281 2280 2334
f 2280 2279 2333
f 2377 2262 2272
f 2370 2336 2320
f 2320 2326 2370
f 2338 2372 2339
f 2347 2348 2396
f 2396 1971 2347
f 2346 2347 1971
f 2395 2248 2377
f 2395 2351 2248
f 2334 2391 2335
f 2393 2281 2335
f 2341 2340 2375
f 2340 2339 2373
f 2456 2455 2446
f 2337 2372 2338
f 2336 2371 2337
f 2332 2341 2342
f 2281 2393 2282
f 2333 2342 2334
f 2332 2340 2341
f 2331 2339 2340
f 2339 2329 2338
f 2588 1731 2587
f 2534 2498 2499
f 2546 2540 2556
f 2585 1739 2586
f 1739 2581 2586
f 2581 1738 2583
f 2584 2582 1732
f 2583 1732 2582
f 1732 2588 2584
f 1731 2580 2587
f 2552 2545 2546
f 2580 1730 2579
f 1730 2564 2579
f 1730 2554 2564
f 2541 2551 2550
f 2543 2545 2552
f 2544 2543 2549
f 2551 2542 2544
f 2542 2551 2541
f 2545 2540 2546
f 2550 2557 2554
f 2560 2553 2563
f 2559 2549 2560
f 2553 2561 2563
f 2561 2500 2562
f 2540 2555 2556
f 2499 2555 2540
f 2558 2549 2559
f 2551 2558 2557
f 2558 2548 2549
f 2543 2535 2545
f 2548 2558 2551
f 2560 2552 2553
f 2549 2552 2560
f 2556 2553 2546
f 2557 2550 2551
f 2553 2552 2546
f 2552 2549 2543
f 2549 2548 2544
f 2551 2544 2548
f 1753 2599 1752
f 2530 2531 2538
f 2529 2530 2537
f 2527 2534 2533
f 2585 2547 1740
f 1755 2605 1747
f 1742 2604 1755
f 1749 2603 1754
f 1754 2602 1753
f 1748 2600 1749
f 2538 2531 2532
f 2597 1751 1752
f 1750 1751 2597
f 1747 2601 1748
f 2595 1746 1750
f 1745 1746 2595
f 2593 1744 1745
f 1743 1744 2593
f 1737 1743 2592
f 1741 2606 1742
f 2541 2536 2537
f 2538 2543 2544
f 2535 2540 2545
f 2542 2537 2544
f 2537 2542 2541
f 2543 2539 2535
f 2538 2539 2543
f 2499 2540 2534
f 2528 2498 2534
f 2544 2537 2538
f 2554 2557 2564
f 2536 2529 2537
f 2540 2535 2533
f 2539 2532 2535
f 2539 2538 2532
f 2534 2540 2533
f 2519 2497 2528
f 2537 2530 2538
f 2532 2533 2535
f 2590 2589 1735
f 2595 1750 2596
f 2595 2594 1745
f 2593 1745 2594
f 2592 1743 2593
f 2606 1741 2607
f 2604 1742 2606
f 2607 1740 2547
f 2591 1737 2592
f 2590 1736 2591
f 2597 2596 1750
f 2547 2585 2608
f 2608 2586 2581
f 2588 2608 2584
f 2608 2583 2582
f 2582 2584 2608
f 2608 2581 2583
f 2608 2585 2586
f 2580 2608 2587
f 2608 2579 2578
f 2608 2206 2599
f 2608 2607 2547
f 2608 2604 2606
f 2605 2604 2608
f 2606 2607 2608
f 2608 2601 2605
f 2608 2600 2601
f 2603 2600 2608
f 2608 2602 2603
f 2608 2599 2602
f 2580 2579 2608
f 2601 1747 2605
f 2605 1755 2604
f 2602 1754 2603
f 2603 1749 2600
f 2600 1748 2601
f 2599 1753 2602
f 2599 2598 1752
f 2597 1752 2598
f 2573 2571 2558
f 2578 2564 2568
f 2573 2559 2572
f 2559 2569 2572
f 2570 2569 2559
f 2564 2567 2568
f 2566 2563 2565
f 2570 2560 2566
f 2563 2562 2565
f 2575 2558 2574
f 2577 2567 2575
f 2558 2571 2574
f 2567 2558 2575
f 2564 2557 2567
f 2560 2563 2566
f 2559 2560 2570
f 2563 2561 2562
f 2561 2553 2556
f 2557 2558 2567
f 2559 2573 2558
f 2608 2570 2566
f 2568 2577 2608
f 2568 2608 2578
f 2587 2608 2588
f 2577 2576 2608
f 2608 2573 2572
f 2608 2574 2571
f 2571 2573 2608
f 2576 2574 2608
f 2569 2608 2572
f 1740 2607 1741
f 2570 2608 2569
f 2565 2608 2566
f 2562 2608 2565
f 2564 2578 2579
f 2562 2500 2608
f 2567 2577 2568
f 2575 2576 2577
f 2574 2576 2575
f 2471 2470 2500
f 2494 2493 2500
f 2491 2490 2500
f 2490 2489 2500
f 2493 2491 2500
f 2489 2488 2500
f 2488 2487 2500
f 2487 2485 2500
f 2485 2478 2500
f 2478 2471 2500
f 2495 2494 2500
f 2477 2471 2478
f 2477 2466 2471
f 2476 2465 2477
f 2483 2465 2476
f 2465 2466 2477
f 2470 2469 2500
f 2468 2500 2469
f 2482 2475 2483
f 2483 2464 2465
f 2483 2476 2485
f 2492 2494 2486
f 2488 2483 2487
f 2491 2482 2490
f 2492 2482 2491
f 2482 2489 2490
f 2482 2488 2489
f 2485 2477 2478
f 2483 2485 2487
f 2485 2476 2477
f 2481 2474 2482
f 2486 2481 2492
f 2484 2479 2486
f 2481 2482 2492
f 2482 2483 2488
f 2486 2480 2481
f 2479 2480 2486
f 2480 2473 2481
f 2497 2496 2500
f 2495 2500 2496
f 2440 2460 2461
f 2459 2455 2470
f 2455 2456 2470
f 2468 2447 2467
f 2456 2447 2468
f 2467 2444 2463
f 2005 2500 2461
f 2463 2442 2462
f 2441 2461 2462
f 1995 2027 2460
f 2465 2458 2459
f 2457 2458 2465
f 2475 2454 2464
f 2474 2454 2475
f 2458 2455 2459
f 2454 2457 2464
f 2473 2450 2474
f 2474 2453 2454
f 2457 2451 2458
f 2458 2452 2455
f 2470 2456 2469
f 2464 2483 2475
f 2474 2475 2482
f 2498 2528 2497
f 2479 2473 2480
f 2479 2472 2473
f 2519 2496 2497
f 2519 2484 2496
f 2473 2474 2481
f 2466 2470 2471
f 2492 2491 2493
f 2467 2500 2468
f 2463 2500 2467
f 2500 2463 2462
f 2469 2456 2468
f 2462 2461 2500
f 2466 2459 2470
f 2465 2459 2466
f 2464 2457 2465
f 2520 2515 2516
f 2520 2519 2528
f 2518 2520 2527
f 2523 2521 2524
f 2525 2517 2518
f 2522 2517 2525
f 2521 2522 2524
f 2520 2516 2519
f 2517 2513 2518
f 2518 2514 2520
f 2524 2522 2525
f 2522 2511 2517
f 2514 2515 2520
f 2521 2511 2522
f 2513 2514 2518
f 2512 2511 2521
f 2511 2513 2517
f 2515 2509 2516
f 2514 2509 2515
f 2509 2510 2516
f 2527 2528 2534
f 1736 1737 2591
f 1735 1736 2590
f 2554 1728 2550
f 2541 2550 1728
f 2541 1726 2536
f 2500 1456 2608
f 2531 2525 2532
f 2530 2525 2531
f 2532 2527 2533
f 1723 2529 2536
f 2529 2523 2530
f 2532 2526 2527
f 2525 2526 2532
f 2523 2524 2530
f 2524 2525 2530
f 2527 2520 2528
f 2526 2518 2527
f 2525 2518 2526
f 2502 2501 2312
f 2506 2504 2507
f 2503 2506 2505
f 2508 2317 2318
f 2317 2508 2504
f 2503 2504 2506
f 2505 2502 2503
f 2521 1612 2512
f 2504 2503 2312
f 2502 2312 2503
f 2507 2504 2508
f 2556 2500 2561
f 2555 2500 2556
f 2499 2500 2555
f 2498 2500 2499
f 2498 2497 2500
f 2495 2486 2494
f 2496 2484 2495
f 2486 2495 2484
f 2494 2492 2493
f 1739 1738 2581
f 2523 2529 1723
f 2511 2507 2513
f 2511 2512 2505
f 2513 2508 2514
f 2508 2509 2514
f 2507 2508 2513
f 2505 2506 2511
f 2506 2507 2511
f 2523 1722 2521
f 2304 2296 2299
f 1740 1739 2585
f 1738 1732 2583
f 1732 1731 2588
f 1731 1730 2580
f 1730 1729 2554
f 1729 1728 2554
f 2319 2510 2509
f 2508 2318 2509
f 2145 2078 2146
f 2080 2087 2085
f 2087 2081 2082
f 2080 2081 2087
f 2084 2077 2080
f 2083 2076 2086
f 2082 2076 2083
f 2076 2079 2086
f 2081 2074 2082
f 2082 2075 2076
f 2084 2080 2085
f 2079 1900 2093
f 2071 1900 2079
f 2127 1395 2121
f 2080 2073 2081
f 2077 2073 2080
f 2075 2082 2074
f 2073 2074 2081
f 2077 2072 2073
f 2078 1402 2132
f 2099 2088 2089
f 2092 2094 2096
f 2094 2086 2093
f 2100 2089 2095
f 2099 2089 2100
f 2089 2092 2095
f 2092 2086 2094
f 2090 2084 2091
f 2098 2087 2099
f 2091 2087 2098
f 2145 1402 2078
f 2087 2088 2099
f 2089 2083 2092
f 2091 2085 2087
f 2084 2085 2091
f 2088 2082 2089
f 2087 2082 2088
f 2083 2086 2092
f 2082 2083 2089
f 2086 2079 2093
f 1889 2069 1887
f 1891 2071 2070
f 2072 2066 2073
f 2067 2073 2066
f 2068 2069 2074
f 2069 1890 2070
f 2067 2068 2073
f 2068 1887 2069
f 2069 1889 1890
f 2067 1887 2068
f 2069 2070 2075
f 2066 2065 2067
f 1887 2067 2065
f 2066 2064 2065
f 1391 2206 2608
f 2165 1416 2169
f 2152 1721 2157
f 2157 1725 2165
f 2193 2206 1301
f 2148 2058 2147
f 2107 1396 2106
f 2132 1402 2130
f 2130 1400 2131
f 2113 1400 2112
f 1400 2113 2131
f 2112 1399 2111
f 1399 2110 2111
f 2110 1398 2109
f 2109 1397 2108
f 1397 2107 2108
f 2095 2092 2096
f 1396 2129 2106
f 2129 1395 2128
f 1395 2127 2128
f 2076 2070 2079
f 2075 2070 2076
f 2070 2071 2079
f 2074 2069 2075
f 2073 2068 2074
f 2112 2111 2146
f 2146 2078 2132
f 2131 2113 2146
f 2130 2131 2146
f 2146 2132 2130
f 2109 2108 2146
f 2110 2109 2146
f 2146 2106 2129
f 2108 2107 2146
f 2107 2106 2146
f 2134 2133 1407
f 2113 2112 2146
f 2111 2110 2146
f 2129 2128 2146
f 2128 2127 2146
f 2127 2126 2146
f 2126 2125 2146
f 2125 2123 2146
f 2123 2122 2146
f 2122 1901 2146
f 2140 1405 2141
f 2146 2140 2141
f 2141 2144 2146
f 2146 2142 2143
f 2146 2139 2142
f 2143 2140 2146
f 2146 2138 2139
f 2146 417 2138
f 2144 1403 2145
f 2142 1414 2143
f 2126 2121 2125
f 2143 1413 2140
f 2141 1404 2144
f 2139 1410 2142
f 2138 1412 2139
f 2138 2137 1411
f 2137 2136 1409
f 2136 2135 1409
f 2135 2134 1407
f 2120 1901 2122
f 2115 2099 2116
f 2100 2095 2105
f 2103 2099 2115
f 2099 2100 2116
f 2101 2091 2102
f 2091 2103 2102
f 2103 2098 2099
f 2091 2098 2103
f 2101 2090 2091
f 2121 2101 2102
f 2119 1901 2120
f 2118 1901 2119
f 2117 1901 2118
f 2114 1901 2117
f 2104 1901 2105
f 1901 2114 2105
f 2097 1901 2104
f 2096 1901 2097
f 2095 2096 2097
f 2102 2122 2123
f 2127 2121 2126
f 2125 2124 2123
f 2124 2121 2123
f 2121 2124 2125
f 2121 2102 2123
f 2120 2103 2119
f 2118 2116 2117
f 2119 2115 2118
f 2116 2118 2115
f 2063 2147 2058
f 2102 2120 2122
f 2115 2119 2103
f 2116 2114 2117
f 2103 2120 2102
f 2105 2095 2104
f 2114 2100 2105
f 2116 2100 2114
f 2095 2097 2104
f 2000 2029 2030
f 1758 1759 1377
f 2023 2021 2033
f 2012 2008 2032
f 2008 2033 2021
f 2021 2032 2008
f 2031 2012 2032
f 2030 2009 2031
f 2030 2029 2007
f 2028 2007 2029
f 308 1758 1376
f 2026 2027 2003
f 2025 2026 2003
f 2461 2460 2005
f 2025 2020 2024
f 2022 2021 2023
f 2020 2023 2024
f 2020 2022 2023
f 2021 2022 2020
f 2021 2019 2032
f 1395 2129 1396
f 1388 2077 2084
f 1387 2072 2077
f 2066 2072 1387
f 1401 2130 1402
f 1400 2130 1401
f 1399 2112 1400
f 1398 2110 1399
f 1397 2109 1398
f 1396 2107 1397
f 2460 2027 2005
f 1394 2121 1395
f 1393 2101 1394
f 1385 2064 2066
f 1384 1879 2064
f 1873 1879 1384
f 1382 1767 1873
f 1765 1767 1382
f 1378 1763 1765
f 1377 1759 1763
f 2171 2170 2005
f 2010 2011 2009
f 2013 2010 2009
f 2011 2012 2031
f 2031 2009 2011
f 2017 2016 2005
f 2005 2015 2017
f 2007 2009 2030
f 2007 2028 2006
f 2005 2170 2176
f 2007 2006 2014
f 2171 2005 2016
f 2024 2005 2025
f 2005 2024 2023
f 2033 2005 2023
f 2013 2005 2010
f 2008 2005 2033
f 2011 2005 2012
f 2005 2011 2010
f 2005 2008 2012
f 2004 1999 2019
f 2026 2005 2027
f 2005 2026 2025
f 2027 1995 2003
f 2004 2025 2003
f 2025 2004 2020
f 2019 2021 2020
f 2018 2031 2032
f 2019 2018 2032
f 2004 2019 2020
f 2084 2090 1392
f 1996 2018 2019
f 2031 2000 2030
f 2001 2031 2018
f 2001 2000 2031
f 2009 2007 2013
f 2006 2017 2015
f 2014 2006 2015
f 2007 2014 2013
f 2052 2051 2046
f 2055 2045 2054
f 2054 2041 2053
f 2051 2056 2057
f 2047 2046 2058
f 2046 2051 2058
f 2051 2050 2056
f 2055 2049 2048
f 2047 2052 2046
f 2049 2053 2047
f 2043 2044 2051
f 2051 2044 2050
f 1734 1735 2204
f 1733 1734 2200
f 1727 1733 2202
f 1418 1727 2197
f 1417 1418 2195
f 1416 1417 2169
f 1415 1416 2165
f 2062 1720 2152
f 2057 2063 2058
f 2060 2148 2149
f 2061 2060 2150
f 2063 2056 2062
f 2060 2059 2148
f 2059 2058 2148
f 2180 2193 1301
f 2061 2049 2060
f 2049 2059 2060
f 2057 2056 2063
f 1720 2062 2056
f 2059 2047 2058
f 2058 2051 2057
f 2048 2049 2061
f 2049 2047 2059
f 2055 2054 2049
f 2054 2053 2049
f 2053 2052 2047
f 2052 2043 2051
f 1412 1410 2139
f 1849 2036 2037
f 2034 2036 2035
f 2036 1848 2035
f 1410 1414 2142
f 1413 2143 1414
f 1405 2140 1413
f 1404 2141 1405
f 1403 2144 1404
f 1403 1402 2145
f 2044 1609 2050
f 1411 1412 2138
f 1409 1411 2137
f 2135 1408 1409
f 1407 1408 2135
f 2133 1406 1407
f 2133 299 1406
f 1901 1293 2146
f 2121 1394 2101
f 1392 2090 2101
f 2040 2039 2052
f 2043 2052 2039
f 2043 2038 2044
f 2045 2042 2054
f 2041 2052 2053
f 2042 2041 2054
f 2052 2041 2040
f 2045 1855 2042
f 2042 1854 2041
f 2038 2043 2039
f 2146 2144 2145
f 1855 1854 2042
f 1854 2040 2041
f 2040 1854 2037
f 2040 2036 2039
f 2036 2038 2039
f 2037 2036 2040
f 2036 2034 2038
f 1719 2056 2050
f 2214 2237 2246
f 1553 1560 2347
f 2346 1545 1553
f 1544 1545 2346
f 1542 1544 2345
f 1370 1543 2343
f 1543 1542 2344
f 2248 2247 2262
f 2248 2216 2247
f 2247 2214 2246
f 1560 1565 2349
f 2263 1585 2273
f 2243 2242 2267
f 2242 2241 2266
f 2265 2239 2264
f 2264 2238 2263
f 2241 2240 2265
f 2247 2261 2262
f 2247 2260 2261
f 2246 2245 2260
f 2251 2225 2250
f 2255 2256 2250
f 2254 2253 2259
f 2253 2252 2258
f 2252 2251 2258
f 2251 2250 2257
f 2250 2249 2255
f 2229 2253 2254
f 2253 2227 2252
f 2227 2251 2252
f 2245 2236 2244
f 2250 2224 2249
f 2229 2228 2253
f 2228 2227 2253
f 2227 2226 2251
f 2226 2225 2251
f 2225 2224 2250
f 2351 2217 2248
f 2211 2217 2351
f 2349 1565 2211
f 2207 2234 2209
f 2212 2236 2237
f 2212 2235 2236
f 2209 2234 2235
f 2234 2207 2233
f 2238 1579 2263
f 2233 1589 2232
f 2235 2212 2209
f 2232 1587 2231
f 2231 1586 2230
f 2233 2232 2241
f 1589 2233 2207
f 1588 2232 1589
f 1587 2232 1588
f 1586 2231 1587
f 1579 2238 2230
f 2273 2223 2229
f 1585 2223 2273
f 2223 2228 2229
f 2228 2222 2227
f 2232 2239 2240
f 2243 2244 2236
f 2240 2239 2265
f 2239 2238 2264
f 2246 2260 2247
f 2243 2235 2242
f 2242 2233 2241
f 2237 2245 2246
f 2237 2236 2245
f 2241 2232 2240
f 2257 2250 2256
f 2239 2230 2238
f 2236 2235 2243
f 2235 2234 2242
f 2234 2233 2242
f 2214 2213 2237
f 2213 2212 2237
f 2232 2231 2239
f 2231 2230 2239
f 1845 2284 2283
f 2290 2286 2289
f 1592 1591 2288
f 2285 2288 1591
f 2286 2287 2294
f 2286 2290 2287
f 2288 2286 1592
f 2285 2286 2288
f 1844 1845 2283
f 1846 2285 2284
f 1851 2290 2289
f 1591 2284 2285
f 1591 2283 2284
f 2286 2285 2289
f 2279 2278 2333
f 2278 2276 2331
f 2276 2277 2330
f 2277 2275 2329
f 2275 2274 2329
f 2274 2328 2329
f 2295 2293 2294
f 2296 2298 2299
f 2298 2294 2292
f 2301 1596 2297
f 1596 1592 2297
f 2295 2296 2304
f 2295 2294 2296
f 2297 2295 2302
f 1592 2295 2297
f 2294 2298 2296
f 2328 2273 2327
f 2293 2286 2294
f 1592 2293 2295
f 2286 2293 1592
f 2294 2287 2292
f 2287 2290 2292
f 2285 1846 2289
f 2284 1845 1846
f 2292 2290 2291
f 2245 2244 2269
f 2264 2263 2273
f 2272 2260 2271
f 2260 2270 2271
f 2270 2245 2269
f 2262 2261 2272
f 2261 2260 2272
f 2269 2243 2268
f 2243 2267 2268
f 2260 2245 2270
f 2265 2264 2275
f 2244 2243 2269
f 2267 2242 2266
f 2266 2241 2265
f 2327 2229 2336
f 2273 2229 2327
f 2254 2336 2229
f 2254 2259 2320
f 2259 2253 2258
f 2258 2251 2257
f 2272 2271 2282
f 2274 2273 2328
f 2248 2262 2377
f 2282 2271 2281
f 2281 2270 2280
f 2280 2269 2279
f 2269 2278 2279
f 2278 2267 2276
f 2267 2277 2276
f 2277 2265 2275
f 2227 2220 2226
f 2271 2270 2281
f 2270 2269 2280
f 2269 2268 2278
f 2268 2267 2278
f 2275 2264 2274
f 2273 2274 2264
f 2267 2266 2277
f 2266 2265 2277
f 2165 2169 2166
f 2162 2176 2170
f 2174 2163 2173
f 2172 2173 2163
f 2174 2167 2164
f 2172 2166 2169
f 2174 2164 2163
f 2163 2166 2172
f 2167 2178 2168
f 2162 2168 2176
f 2170 2171 2156
f 2161 2167 2168
f 2164 2167 2161
f 2159 2163 2164
f 2158 2166 2163
f 2168 2162 2161
f 2171 2016 2150
f 2170 2156 2162
f 2204 1735 2205
f 2204 2203 1734
f 2173 2185 2174
f 2177 2178 2181
f 2187 2173 2189
f 2185 2173 2187
f 2173 2182 2189
f 2182 2172 2179
f 2178 2175 2183
f 2175 2174 2184
f 2168 2177 2176
f 2173 2172 2182
f 2203 2200 1734
f 2172 2169 2179
f 2167 2175 2178
f 2167 2174 2175
f 2177 2168 2178
f 2005 2181 2183
f 2183 2180 2005
f 2177 2181 2005
f 2176 2177 2005
f 2151 2148 2155
f 2161 2155 2159
f 2159 2154 2160
f 2154 2158 2160
f 2150 2156 2171
f 2061 2150 2016
f 2153 2158 2154
f 2153 2152 2158
f 2062 2152 2153
f 2150 2151 2156
f 2154 2159 2155
f 2148 2154 2155
f 2151 2150 2149
f 2006 2048 2061
f 2154 2063 2153
f 2149 2148 2151
f 2148 2147 2154
f 2063 2062 2153
f 2147 2063 2154
f 2150 2060 2149
f 2166 2158 2165
f 2202 1733 2200
f 2202 2201 1727
f 2201 2199 1727
f 2199 2197 1727
f 2198 1418 2197
f 2198 2195 1418
f 2196 1417 2195
f 2179 1417 2196
f 2169 1417 2179
f 2181 2178 2183
f 2164 2161 2159
f 2163 2159 2160
f 2163 2160 2158
f 2165 2158 2157
f 2162 2156 2161
f 2156 2151 2161
f 2151 2155 2161
f 2158 2152 2157
f 1566 2212 2213
f 2216 2215 2247
f 2215 2214 2247
f 2217 2210 2216
f 2211 2210 2217
f 2210 2215 2216
f 2215 1567 2214
f 2214 1566 2213
f 2208 2215 2210
f 2215 2208 1567
f 2217 2216 2248
f 1566 2214 1567
f 1562 2209 2212
f 1565 2210 2211
f 2206 2598 2599
f 2206 2597 2598
f 2206 2596 2597
f 2206 2595 2596
f 2206 2594 2595
f 2206 2593 2594
f 1584 2222 2223
f 2226 2219 2225
f 2225 2218 2224
f 2223 2222 2228
f 2222 2221 2227
f 2221 2220 2227
f 2220 2219 2226
f 2219 2218 2225
f 1584 2223 1585
f 1579 1585 2263
f 2206 2592 2593
f 1584 2221 2222
f 2221 1583 2220
f 2220 1581 2219
f 1581 2218 2219
f 1583 2221 1584
f 1582 2220 1583
f 1581 2220 1582
f 1580 2218 1581
f 2180 2188 2190
f 2180 2203 2193
f 2192 2191 2189
f 2192 2182 2194
f 2189 2182 2192
f 2191 2190 2189
f 2190 2188 2189
f 2188 2187 2189
f 2191 2192 2180
f 2190 2191 2180
f 2192 2194 2180
f 2187 2188 2180
f 2185 2187 2180
f 2186 2185 2180
f 2180 2184 2186
f 2180 2183 2184
f 2182 2179 2194
f 2186 2174 2185
f 2184 2174 2186
f 2183 2175 2184
f 2203 2180 2200
f 2206 2591 2592
f 2590 2591 2206
f 2589 2590 2206
f 2589 2205 1735
f 2589 2193 2205
f 2206 2193 2589
f 2204 2205 2193
f 2193 2203 2204
f 2196 2194 2179
f 1268 1199 1267
f 2201 2180 2199
f 2180 2202 2200
f 2180 2201 2202
f 2197 2180 2198
f 2197 2199 2180
f 2195 2180 2196
f 2195 2198 2180
f 2180 2194 2196
f 673 665 667
f 673 674 675
f 657 673 844
f 671 676 672
f 671 664 676
f 670 669 671
f 664 662 676
f 669 664 671
f 673 667 668
f 673 675 841
f 673 657 665
f 665 666 667
f 663 662 664
f 655 657 662
f 662 661 659
f 659 655 662
f 660 659 661
f 659 658 655
f 657 1041 662
f 423 513 1103
f 676 678 677
f 662 1031 676
f 678 676 1024
f 514 655 654
f 654 658 514
f 525 658 659
f 531 659 660
f 531 660 661
f 655 432 656
f 432 657 656
f 546 661 662
f 438 665 657
f 669 670 691
f 429 518 537
f 541 540 547
f 540 539 545
f 539 538 546
f 543 535 542
f 535 541 542
f 541 534 540
f 540 533 539
f 539 531 538
f 542 541 548
f 518 427 517
f 517 425 516
f 514 424 426
f 516 424 515
f 424 514 515
f 536 535 543
f 535 534 541
f 546 662 663
f 543 542 548
f 539 546 544
f 545 539 544
f 547 540 545
f 548 541 547
f 543 548 549
f 680 544 546
f 545 544 681
f 681 547 545
f 683 548 547
f 549 548 684
f 616 715 513
f 715 616 652
f 658 654 655
f 655 656 657
f 693 692 699
f 670 671 697
f 696 701 702
f 701 695 700
f 700 693 699
f 699 692 698
f 696 695 701
f 695 694 700
f 694 693 700
f 671 672 709
f 692 697 698
f 692 691 697
f 696 689 695
f 695 688 694
f 688 693 694
f 693 686 692
f 692 685 691
f 691 670 697
f 709 672 676
f 697 671 703
f 703 671 709
f 698 697 704
f 698 704 699
f 699 706 700
f 700 707 701
f 701 707 702
f 704 697 703
f 699 704 705
f 706 699 705
f 707 700 706
f 702 707 708
f 1051 709 676
f 704 703 710
f 432 655 426
f 548 683 684
f 547 682 683
f 547 681 682
f 544 680 681
f 546 679 680
f 679 664 685
f 663 679 546
f 661 546 538
f 680 679 686
f 531 661 538
f 659 531 525
f 658 525 519
f 655 514 426
f 514 658 519
f 664 669 691
f 663 664 679
f 534 533 540
f 681 680 686
f 682 681 688
f 683 682 688
f 684 683 690
f 686 679 685
f 686 687 681
f 688 681 687
f 688 689 683
f 690 683 689
f 686 685 692
f 687 686 693
f 688 687 693
f 689 688 695
f 690 689 696
f 685 664 691
f 482 483 492
f 490 491 504
f 502 489 490
f 913 449 502
f 913 455 461
f 494 486 487
f 484 485 494
f 485 486 494
f 483 485 484
f 490 482 491
f 489 480 490
f 490 481 482
f 490 480 481
f 482 479 483
f 483 479 485
f 481 477 482
f 735 485 479
f 482 478 479
f 492 483 484
f 491 482 492
f 493 484 494
f 484 493 492
f 493 494 501
f 495 506 501
f 494 487 495
f 498 487 488
f 495 487 498
f 498 488 499
f 488 496 499
f 501 494 495
f 506 495 498
f 499 496 497
f 499 497 507
f 121 431 473
f 909 475 468
f 840 474 473
f 431 121 430
f 468 474 909
f 472 468 475
f 473 474 468
f 475 123 472
f 473 119 121
f 470 120 1019
f 471 470 716
f 550 240 650
f 470 469 716
f 470 423 469
f 1300 120 471
f 120 470 471
f 468 119 473
f 507 497 500
f 429 537 476
f 437 429 476
f 443 437 480
f 449 443 502
f 480 437 476
f 422 470 1019
f 443 480 489
f 461 449 913
f 502 443 489
f 476 719 477
f 477 719 478
f 480 476 477
f 734 479 478
f 477 481 480
f 477 478 482
f 515 520 521
f 525 526 520
f 524 518 523
f 524 523 530
f 523 522 528
f 522 521 528
f 517 522 523
f 517 521 522
f 520 519 525
f 526 525 531
f 514 519 520
f 524 537 518
f 517 523 518
f 521 517 516
f 515 521 516
f 520 515 514
f 521 520 526
f 513 423 616
f 521 526 527
f 521 527 528
f 527 526 532
f 528 527 534
f 532 526 531
f 527 532 533
f 534 527 533
f 523 528 529
f 530 523 529
f 529 528 534
f 530 529 535
f 532 531 539
f 533 532 539
f 535 529 534
f 530 535 536
f 500 508 512
f 503 502 490
f 504 491 492
f 504 503 490
f 492 493 911
f 911 493 501
f 505 504 492
f 911 505 492
f 914 501 506
f 912 911 501
f 915 506 509
f 506 498 509
f 510 498 499
f 510 509 498
f 510 499 507
f 507 500 511
f 705 704 711
f 512 511 500
f 916 510 507
f 917 916 507
f 507 511 917
f 1308 817 1302
f 825 1308 1314
f 1326 825 1314
f 825 1326 826
f 826 1326 827
f 827 1321 828
f 1326 1321 827
f 1768 833 828
f 833 1768 834
f 1332 828 1321
f 828 1332 1768
f 799 776 798
f 805 789 801
f 792 790 805
f 790 789 805
f 802 788 792
f 802 791 788
f 801 777 800
f 777 799 800
f 789 777 801
f 795 779 794
f 792 775 790
f 788 775 792
f 791 787 788
f 775 789 790
f 787 761 788
f 787 786 759
f 784 759 786
f 785 508 500
f 782 781 797
f 798 782 797
f 781 795 796
f 797 781 796
f 798 797 803
f 798 803 804
f 794 793 810
f 795 794 811
f 798 804 799
f 800 799 808
f 806 792 805
f 802 792 806
f 807 802 806
f 796 795 813
f 797 796 813
f 771 770 777
f 776 773 798
f 775 774 789
f 761 775 788
f 774 771 777
f 775 758 774
f 773 772 782
f 777 770 776
f 770 773 776
f 789 774 777
f 758 771 774
f 771 749 770
f 772 766 781
f 765 781 766
f 779 764 778
f 768 772 773
f 768 766 772
f 811 794 810
f 777 776 799
f 765 779 780
f 781 765 780
f 772 781 782
f 779 778 793
f 780 779 795
f 779 793 794
f 781 780 795
f 773 782 798
f 752 497 496
f 497 753 783
f 497 783 500
f 500 783 785
f 783 755 785
f 784 785 755
f 816 815 1302
f 1469 1463 824
f 1469 829 830
f 824 829 1469
f 1457 823 824
f 1457 822 823
f 817 1308 825
f 1450 821 822
f 816 1302 817
f 1570 1469 830
f 1463 1457 824
f 822 1457 1450
f 1443 821 1450
f 1296 1302 815
f 1435 821 1443
f 815 1419 1296
f 1419 818 1424
f 1435 820 821
f 817 825 826
f 814 964 823
f 826 827 828
f 964 814 826
f 826 828 834
f 823 832 829
f 830 829 832
f 830 832 831
f 832 823 1181
f 834 828 833
f 964 826 834
f 964 834 835
f 823 964 1187
f 471 716 1292
f 832 1181 836
f 696 702 1139
f 803 797 1128
f 795 811 812
f 813 795 812
f 804 803 1130
f 1128 797 813
f 804 1130 808
f 803 1128 1129
f 801 800 808
f 808 799 804
f 805 801 1132
f 801 808 809
f 1132 801 809
f 806 805 1133
f 1133 805 1132
f 1261 715 469
f 773 770 769
f 1139 702 708
f 1139 810 696
f 815 816 817
f 815 817 814
f 826 814 817
f 818 814 819
f 819 814 822
f 820 819 822
f 821 820 822
f 823 822 814
f 824 823 829
f 1419 815 814
f 814 818 1419
f 1430 818 819
f 1435 819 820
f 727 726 762
f 732 543 763
f 767 731 727
f 744 729 731
f 729 727 731
f 744 730 729
f 737 729 730
f 729 728 727
f 721 728 729
f 684 690 778
f 726 725 732
f 727 724 726
f 728 724 727
f 721 724 728
f 726 723 725
f 724 723 726
f 724 717 723
f 737 722 729
f 690 696 810
f 763 684 778
f 726 732 733
f 762 726 733
f 727 762 767
f 719 734 478
f 479 734 735
f 735 734 722
f 735 722 736
f 736 737 739
f 736 722 737
f 738 737 730
f 739 737 738
f 741 738 743
f 485 735 736
f 714 708 713
f 718 524 717
f 725 530 536
f 537 524 718
f 524 530 717
f 1683 715 652
f 1683 652 650
f 716 469 715
f 513 715 1261
f 717 530 723
f 713 706 712
f 708 707 713
f 706 711 712
f 711 704 710
f 710 703 709
f 707 706 713
f 706 705 711
f 485 736 739
f 723 530 725
f 725 536 732
f 536 543 732
f 543 549 763
f 763 549 684
f 476 537 718
f 720 717 724
f 718 717 719
f 476 718 719
f 734 719 720
f 719 717 720
f 720 721 734
f 721 720 724
f 734 721 722
f 722 721 729
f 754 756 757
f 759 761 787
f 758 775 760
f 759 760 761
f 759 757 760
f 754 757 759
f 760 756 758
f 749 771 758
f 757 756 760
f 760 775 761
f 756 747 758
f 755 759 784
f 753 755 783
f 755 753 754
f 755 754 759
f 753 751 754
f 753 752 751
f 752 753 497
f 778 690 793
f 793 690 810
f 733 732 764
f 762 733 764
f 767 762 765
f 764 732 763
f 765 762 764
f 766 767 765
f 778 764 763
f 764 779 765
f 768 731 767
f 745 768 769
f 770 745 769
f 767 766 768
f 769 768 773
f 748 745 770
f 739 741 740
f 739 738 741
f 740 741 742
f 742 741 747
f 738 730 743
f 743 730 745
f 741 743 746
f 746 743 745
f 745 730 744
f 731 768 744
f 746 745 748
f 745 744 768
f 741 746 747
f 747 746 748
f 742 747 756
f 472 119 468
f 747 748 749
f 747 749 758
f 749 748 770
f 485 739 486
f 487 739 740
f 739 487 486
f 750 740 742
f 487 740 750
f 750 742 752
f 752 742 751
f 751 742 756
f 754 751 756
f 487 750 488
f 488 750 752
f 488 752 496
f 351 281 280
f 299 298 1406
f 298 295 1406
f 297 296 298
f 296 295 298
f 375 286 287
f 375 283 286
f 356 284 283
f 356 282 284
f 316 172 301
f 351 280 282
f 318 1381 279
f 279 281 319
f 1381 307 1380
f 285 278 417
f 295 287 1406
f 295 294 291
f 294 293 291
f 137 303 302
f 303 137 304
f 300 305 304
f 305 300 306
f 304 305 301
f 303 304 301
f 302 303 301
f 301 305 306
f 306 300 310
f 301 306 312
f 1901 342 278
f 308 307 325
f 308 1760 1758
f 1760 308 309
f 308 325 309
f 171 169 170
f 285 172 278
f 172 277 278
f 550 239 240
f 276 172 285
f 276 105 172
f 105 276 270
f 104 270 239
f 170 970 171
f 277 120 1300
f 171 168 169
f 167 166 168
f 167 162 166
f 171 154 168
f 154 167 168
f 169 165 170
f 168 165 169
f 309 325 327
f 278 277 1293
f 172 316 277
f 285 1390 276
f 276 1688 240
f 280 281 282
f 282 281 284
f 284 281 283
f 281 287 283
f 1390 1391 276
f 283 287 286
f 288 287 289
f 290 289 291
f 289 287 295
f 291 289 295
f 292 291 293
f 331 317 332
f 350 317 331
f 332 338 334
f 333 335 341
f 333 334 335
f 337 333 336
f 330 322 333
f 322 334 333
f 322 320 334
f 338 332 317
f 350 319 349
f 320 332 334
f 319 350 331
f 328 330 323
f 324 330 337
f 329 322 330
f 328 329 330
f 326 320 329
f 334 339 335
f 336 333 341
f 337 330 333
f 359 339 338
f 340 339 360
f 341 335 339
f 339 334 338
f 341 339 340
f 337 336 347
f 341 346 336
f 337 348 324
f 1862 324 345
f 340 360 344
f 341 340 343
f 347 336 346
f 301 314 315
f 321 319 331
f 325 321 320
f 307 318 321
f 314 313 311
f 313 312 311
f 312 310 311
f 315 314 164
f 316 301 315
f 320 331 332
f 301 313 314
f 301 312 313
f 312 306 310
f 311 163 314
f 310 163 311
f 1756 309 327
f 1760 309 1756
f 316 315 152
f 329 320 322
f 321 318 319
f 320 321 331
f 328 1858 1756
f 1858 328 1859
f 1859 328 323
f 330 324 323
f 1859 323 1862
f 1862 323 324
f 325 307 321
f 327 325 326
f 325 320 326
f 326 329 328
f 327 326 328
f 1756 327 328
f 122 119 165
f 125 128 126
f 140 125 126
f 139 124 128
f 127 124 139
f 127 128 124
f 165 119 123
f 121 122 144
f 120 116 171
f 128 125 129
f 119 472 123
f 119 122 121
f 112 277 316
f 163 115 164
f 163 111 114
f 163 114 115
f 277 116 120
f 116 277 112
f 128 127 126
f 142 126 127
f 129 125 130
f 130 125 132
f 132 125 134
f 128 129 145
f 131 133 134
f 134 133 132
f 134 135 131
f 148 129 130
f 130 132 150
f 150 132 133
f 133 131 149
f 134 125 135
f 135 125 138
f 110 106 125
f 106 111 137
f 239 102 104
f 104 105 270
f 110 125 140
f 111 107 114
f 109 110 117
f 113 108 109
f 106 107 111
f 125 106 137
f 106 110 109
f 108 106 109
f 105 112 131
f 106 114 107
f 108 113 106
f 95 112 105
f 104 95 105
f 131 135 138
f 137 111 136
f 136 111 163
f 105 301 172
f 550 66 102
f 95 66 550
f 112 95 116
f 106 113 115
f 114 106 115
f 116 95 616
f 113 109 117
f 117 110 118
f 115 113 117
f 117 118 115
f 118 110 140
f 239 550 102
f 155 157 156
f 161 162 154
f 154 160 161
f 159 160 154
f 144 166 162
f 153 143 155
f 143 159 155
f 143 144 160
f 156 158 155
f 162 167 154
f 154 156 157
f 156 154 158
f 164 150 152
f 150 151 152
f 151 149 152
f 150 147 148
f 150 133 151
f 151 133 149
f 157 155 159
f 157 159 154
f 162 161 144
f 160 144 161
f 159 143 160
f 149 112 316
f 144 122 166
f 166 122 165
f 165 123 170
f 166 165 168
f 1019 120 171
f 152 149 316
f 300 163 310
f 314 163 164
f 164 152 315
f 142 127 141
f 301 105 131
f 125 137 302
f 137 136 304
f 136 163 300
f 138 125 302
f 138 302 131
f 304 136 300
f 301 131 302
f 131 112 149
f 139 128 146
f 139 146 142
f 140 126 142
f 115 118 150
f 150 118 140
f 164 115 150
f 348 337 347
f 141 127 139
f 142 141 139
f 150 140 142
f 116 877 154
f 121 153 430
f 121 144 143
f 153 121 143
f 171 116 154
f 146 128 145
f 145 129 147
f 147 129 148
f 146 145 147
f 150 142 146
f 150 146 147
f 148 130 150
f 417 419 420
f 616 95 550
f 417 2137 2138
f 417 2136 2137
f 417 2135 2136
f 417 2134 2135
f 417 2133 2134
f 417 421 2133
f 417 420 421
f 116 616 422
f 417 418 419
f 421 299 2133
f 420 299 421
f 419 298 420
f 296 419 418
f 417 416 418
f 415 416 417
f 417 414 415
f 423 422 616
f 422 423 470
f 424 516 425
f 425 517 427
f 427 518 428
f 428 518 429
f 432 426 424
f 434 424 425
f 435 425 427
f 435 427 428
f 437 428 429
f 116 422 877
f 431 839 473
f 657 432 438
f 424 433 432
f 390 394 392
f 399 395 400
f 398 397 395
f 395 399 398
f 397 386 395
f 391 390 387
f 394 393 392
f 392 389 390
f 396 391 387
f 417 398 399
f 397 396 386
f 389 387 390
f 393 388 392
f 388 378 392
f 388 379 378
f 387 386 396
f 386 385 395
f 424 434 433
f 417 399 400
f 417 400 402
f 402 401 417
f 417 401 404
f 404 403 417
f 405 407 417
f 417 403 405
f 406 409 417
f 407 406 417
f 409 408 417
f 412 411 417
f 417 408 410
f 417 410 412
f 417 411 413
f 417 413 414
f 674 673 845
f 451 457 458
f 456 457 451
f 456 450 667
f 454 460 455
f 453 459 454
f 452 459 453
f 451 458 452
f 456 451 450
f 459 452 458
f 668 462 673
f 667 462 668
f 666 456 667
f 665 456 666
f 449 461 460
f 459 447 460
f 447 459 458
f 457 445 458
f 460 454 459
f 460 461 455
f 423 1018 469
f 451 462 450
f 452 453 465
f 465 453 454
f 452 463 451
f 463 462 451
f 464 463 452
f 465 464 452
f 454 455 466
f 466 465 454
f 467 466 455
f 462 667 450
f 845 673 462
f 440 435 441
f 425 435 434
f 428 436 435
f 436 428 437
f 433 434 440
f 440 434 435
f 432 433 439
f 435 436 442
f 437 443 436
f 438 439 445
f 445 439 440
f 447 441 442
f 440 441 447
f 442 443 449
f 438 432 439
f 439 433 440
f 392 384 389
f 441 435 442
f 442 436 443
f 665 438 444
f 665 444 456
f 444 438 445
f 446 440 447
f 445 440 446
f 447 442 448
f 448 442 449
f 456 444 445
f 445 457 456
f 458 445 446
f 458 446 447
f 460 447 448
f 460 448 449
f 317 350 352
f 338 355 359
f 338 354 355
f 351 353 357
f 357 352 351
f 352 357 354
f 354 317 352
f 317 354 338
f 352 350 351
f 339 359 360
f 349 351 350
f 417 2146 285
f 298 299 420
f 419 297 298
f 296 297 419
f 385 287 395
f 287 385 375
f 367 283 375
f 355 354 361
f 359 355 361
f 360 359 362
f 354 357 358
f 361 354 358
f 357 353 356
f 362 359 361
f 369 360 362
f 358 357 363
f 361 358 365
f 363 357 356
f 364 358 363
f 395 289 400
f 400 289 402
f 402 289 401
f 377 342 381
f 307 308 1380
f 307 1381 318
f 346 341 343
f 1892 345 342
f 348 342 345
f 347 346 342
f 344 342 343
f 343 342 346
f 318 279 319
f 377 380 342
f 342 344 381
f 343 340 344
f 381 344 360
f 348 347 342
f 1862 345 1892
f 345 324 348
f 401 290 404
f 281 349 319
f 349 281 351
f 287 288 395
f 395 288 289
f 289 290 401
f 290 291 403
f 291 292 406
f 292 293 408
f 293 294 411
f 294 295 414
f 295 296 415
f 342 417 278
f 353 282 356
f 283 367 356
f 282 353 351
f 373 372 384
f 342 388 393
f 342 379 388
f 379 342 380
f 377 370 380
f 381 369 377
f 378 373 384
f 376 373 378
f 372 382 383
f 342 394 390
f 370 376 380
f 384 372 383
f 374 368 375
f 369 381 360
f 382 368 374
f 372 371 382
f 370 373 376
f 371 368 382
f 342 393 394
f 342 390 391
f 376 378 379
f 380 376 379
f 342 391 396
f 342 396 397
f 342 397 398
f 374 375 386
f 382 374 387
f 383 382 389
f 384 383 389
f 374 386 387
f 386 375 385
f 378 384 392
f 389 382 387
f 365 366 362
f 404 290 403
f 291 407 405
f 403 291 405
f 407 291 406
f 406 292 409
f 409 292 408
f 408 293 410
f 293 411 412
f 410 293 412
f 411 294 413
f 413 294 414
f 414 295 415
f 415 296 416
f 418 416 296
f 417 342 398
f 1216 1224 1225
f 370 362 366
f 356 368 363
f 371 364 363
f 365 364 371
f 363 368 371
f 368 356 367
f 365 362 361
f 358 364 365
f 362 370 369
f 370 377 369
f 365 371 372
f 366 365 373
f 370 366 373
f 365 372 373
f 368 367 375
f 1020 1268 1267
f 1934 1937 1020
f 1938 1020 1937
f 1020 1938 1935
f 1020 1946 1934
f 1281 1021 1020
f 1266 1020 1267
f 1270 1020 1271
f 1269 1020 1270
f 1268 1020 1269
f 1935 1936 1020
f 1265 1020 1266
f 1264 1020 1265
f 1280 1279 1020
f 1020 1279 1281
f 1263 1262 1020
f 1020 1262 1280
f 1264 1263 1020
f 1021 1185 1946
f 967 1934 1946
f 844 673 841
f 1029 1024 1031
f 1024 1029 1028
f 1041 844 1026
f 844 1025 1026
f 1024 676 1031
f 1023 678 1024
f 678 1023 1022
f 1031 662 1041
f 1041 657 844
f 967 1931 1934
f 1957 1020 1945
f 1020 1944 1945
f 1020 1943 1944
f 1942 1943 1020
f 1940 1942 1020
f 1939 1940 1020
f 1941 1939 1020
f 1936 1941 1020
f 1946 1020 1021
f 998 999 1001
f 1018 1003 1004
f 1018 1002 1003
f 1018 1001 1002
f 1018 1000 1001
f 1018 997 1000
f 1018 996 997
f 1001 999 1002
f 1000 998 1001
f 997 995 1000
f 1018 1004 1005
f 1005 1004 993
f 995 998 1000
f 1004 1003 993
f 1003 1002 991
f 996 995 997
f 996 908 994
f 994 995 996
f 1006 987 1007
f 1006 1005 986
f 1018 1013 1014
f 967 1925 1931
f 1185 1021 1281
f 1228 1229 1018
f 1227 1228 1018
f 1226 1227 1018
f 1017 1226 1018
f 1016 1017 1018
f 1015 1016 1018
f 1014 1015 1018
f 1029 1031 1030
f 1018 1012 1013
f 1018 1011 1012
f 1018 1010 1011
f 1009 1010 1018
f 1018 1008 1009
f 1018 1007 1008
f 1018 1006 1007
f 1018 1005 1006
f 1060 1053 1059
f 1058 1057 1063
f 1103 513 1261
f 1111 1104 1024
f 1104 1069 1023
f 1063 678 1069
f 1117 1028 1029
f 1117 1024 1028
f 1056 1061 1062
f 1061 1055 1060
f 1059 1058 1065
f 1059 1052 1058
f 1058 1051 1057
f 1056 1055 1061
f 1055 1054 1060
f 1054 1053 1060
f 1053 1052 1059
f 1052 1051 1058
f 1158 714 1056
f 1056 713 1055
f 1068 1061 1067
f 1210 1062 1068
f 1068 1067 1073
f 1067 1066 1072
f 1066 1065 1072
f 1065 1071 1072
f 1065 1070 1071
f 1070 1063 1069
f 1065 1064 1070
f 1064 1063 1070
f 1055 712 1054
f 1067 1060 1066
f 1210 1056 1062
f 1060 1065 1066
f 1065 1058 1064
f 1058 1063 1064
f 1062 1061 1068
f 1061 1060 1067
f 1060 1059 1065
f 1036 1038 1037
f 1044 1047 1049
f 1048 1044 1049
f 1047 1046 1050
f 1047 1045 1046
f 1043 1044 1048
f 1045 1041 1042
f 1040 1042 1041
f 1038 1044 1039
f 1038 1031 1044
f 1026 1025 1078
f 1031 1038 1036
f 1047 1031 1045
f 1044 1031 1047
f 1031 1041 1045
f 1041 1034 1035
f 1041 1033 1034
f 1041 1027 1033
f 1041 1026 1027
f 1027 1032 1033
f 676 1057 1051
f 1054 711 1053
f 1052 1053 711
f 1052 710 1051
f 713 1056 714
f 712 1055 713
f 711 1054 712
f 710 1052 711
f 709 1051 710
f 1057 677 1063
f 1002 999 991
f 1023 1024 1104
f 1069 1022 1023
f 678 1022 1069
f 677 678 1063
f 676 677 1057
f 1030 1031 1100
f 1029 1030 1101
f 1027 1026 1076
f 856 953 972
f 958 956 945
f 955 945 956
f 974 973 955
f 973 972 953
f 975 956 958
f 975 955 956
f 973 954 955
f 953 954 973
f 981 856 972
f 958 947 959
f 918 512 1016
f 1017 512 508
f 947 948 960
f 958 946 947
f 945 946 958
f 950 942 957
f 949 942 950
f 955 944 945
f 955 943 944
f 1015 927 918
f 965 964 1816
f 964 835 1816
f 834 1768 1774
f 835 834 1810
f 966 967 1185
f 964 965 966
f 1018 1261 469
f 1013 952 940
f 1014 940 927
f 957 951 952
f 977 959 960
f 977 958 959
f 963 962 950
f 962 961 950
f 950 957 963
f 961 960 949
f 959 947 960
f 961 949 950
f 960 948 949
f 932 933 947
f 935 937 938
f 933 925 934
f 936 937 935
f 939 926 940
f 925 936 934
f 926 927 940
f 938 922 939
f 924 925 932
f 931 921 924
f 934 936 935
f 931 932 946
f 941 928 943
f 930 931 944
f 943 929 930
f 928 929 943
f 932 925 933
f 931 924 932
f 930 920 931
f 929 920 930
f 943 930 944
f 942 951 957
f 949 935 942
f 948 934 949
f 947 934 948
f 946 932 947
f 934 935 949
f 945 931 946
f 947 933 934
f 944 931 945
f 1810 834 1774
f 954 943 955
f 953 943 954
f 953 941 943
f 951 940 952
f 942 939 951
f 935 938 942
f 939 940 951
f 938 939 942
f 980 962 1009
f 990 984 991
f 990 989 983
f 989 988 981
f 927 1015 1014
f 940 1014 1013
f 512 1017 1016
f 918 1016 1015
f 1007 979 980
f 979 1007 978
f 991 984 992
f 962 963 1010
f 992 985 986
f 984 985 992
f 983 984 990
f 989 982 983
f 981 982 989
f 881 988 994
f 986 978 987
f 985 977 986
f 1009 962 1010
f 998 990 999
f 995 989 998
f 994 989 995
f 1003 992 993
f 991 992 1003
f 1012 952 1013
f 1008 980 1009
f 1007 980 1008
f 1010 963 1011
f 984 976 985
f 1011 957 1012
f 993 986 1005
f 990 991 999
f 989 990 998
f 994 988 989
f 986 987 1006
f 987 978 1007
f 992 986 993
f 970 909 971
f 955 975 974
f 1019 970 971
f 971 969 1019
f 171 970 1019
f 969 968 1019
f 969 910 968
f 968 876 1019
f 876 968 910
f 971 909 969
f 958 976 975
f 970 170 123
f 1946 1185 967
f 1925 965 1903
f 965 1816 1903
f 1020 1971 471
f 1925 967 966
f 966 965 1925
f 1816 835 1810
f 1020 471 1292
f 960 961 979
f 983 974 984
f 982 974 983
f 988 881 981
f 957 1011 963
f 952 1012 957
f 979 961 980
f 978 960 979
f 978 977 960
f 961 962 980
f 1073 1067 1072
f 977 978 986
f 977 985 976
f 984 975 976
f 974 975 984
f 982 973 974
f 972 973 982
f 972 982 981
f 976 958 977
f 1167 1155 1166
f 1166 1165 1176
f 1165 1164 1175
f 1164 1163 1172
f 1174 1159 1169
f 1159 1168 1169
f 1161 1160 1174
f 1160 1159 1174
f 1159 1157 1168
f 1168 1157 1167
f 1167 1166 1177
f 1155 1165 1166
f 1157 1156 1167
f 1165 1154 1164
f 1164 1151 1163
f 1151 1162 1163
f 1156 1155 1167
f 1163 1171 1172
f 1171 1162 1170
f 1162 1171 1163
f 1164 1172 1173
f 1215 1177 1176
f 1176 1175 1214
f 1255 1152 1161
f 1180 1174 1179
f 1179 1168 1178
f 1168 1177 1178
f 1177 1166 1176
f 1176 1165 1175
f 1175 1164 1173
f 1162 1158 1170
f 1174 1169 1179
f 1169 1168 1179
f 1168 1167 1177
f 1212 1171 1211
f 1211 1170 1210
f 1173 1213 1175
f 1172 1212 1173
f 1172 1171 1212
f 1171 1170 1211
f 1146 1145 1156
f 1156 1145 1155
f 1151 1150 1162
f 1150 1149 1162
f 1152 1148 1161
f 1159 1146 1157
f 1148 1147 1159
f 1155 1144 1154
f 1154 1142 1153
f 1147 1146 1159
f 1146 1156 1157
f 1152 1137 1148
f 1142 1151 1153
f 1151 1141 1150
f 1150 1139 1149
f 1145 1144 1155
f 1144 1143 1154
f 1143 1142 1154
f 1148 1135 1147
f 1135 1146 1147
f 1228 784 786
f 1170 1056 1210
f 1056 1170 1158
f 1234 1138 1152
f 1234 1134 1138
f 807 1134 1233
f 1231 802 807
f 1230 791 802
f 1229 787 791
f 1229 786 787
f 1182 1181 1183
f 1226 508 785
f 1227 785 784
f 1155 1154 1165
f 1162 1149 1158
f 1154 1153 1164
f 1153 1151 1164
f 1161 1148 1160
f 1148 1159 1160
f 791 1230 1229
f 1210 1219 1211
f 1215 1176 1214
f 1214 1175 1213
f 1213 1173 1212
f 1219 1210 1068
f 1134 1234 1233
f 1233 1232 807
f 1232 1231 807
f 1231 1230 802
f 1211 1220 1212
f 786 1229 1228
f 784 1228 1227
f 785 1227 1226
f 508 1226 1017
f 2396 1292 716
f 2321 1183 2352
f 2255 1181 2321
f 2249 1181 2255
f 2358 1188 1189
f 1177 1215 1216
f 1220 1219 1236
f 1224 1214 1223
f 1222 1223 1214
f 1222 1212 1221
f 1212 1220 1221
f 1106 1235 1219
f 1174 1180 1257
f 1179 1217 1218
f 1217 1177 1216
f 2358 1183 1188
f 1178 1217 1179
f 1217 1178 1177
f 1255 1161 1174
f 1213 1222 1214
f 1220 1211 1219
f 1215 1224 1216
f 1214 1224 1215
f 1212 1222 1213
f 836 837 2224
f 1194 1191 1192
f 1194 1184 1191
f 1203 964 1194
f 2224 837 2249
f 2224 2218 836
f 2321 1182 1183
f 1181 1182 2321
f 2249 838 1181
f 838 2249 837
f 1194 1192 1193
f 1189 1188 1190
f 1190 1181 1187
f 1184 1185 1186
f 1184 966 1185
f 964 966 1194
f 1187 964 1203
f 966 1184 1194
f 1188 1181 1190
f 1188 1183 1181
f 1203 1200 1204
f 1290 1189 1190
f 1287 1190 1187
f 1281 1186 1185
f 1262 1184 1186
f 1208 1207 1206
f 1207 1203 1206
f 1209 1206 1205
f 1203 1204 1206
f 1205 1206 1204
f 1142 1141 1151
f 1202 1198 1203
f 1203 1194 1200
f 1200 1201 1204
f 1194 1199 1200
f 1198 1187 1203
f 1198 1197 1187
f 1196 1195 1197
f 1195 1187 1197
f 1038 1095 1096
f 1094 1093 1103
f 1093 1092 1103
f 1092 1091 1103
f 1091 1090 1103
f 1089 1103 1090
f 1088 1103 1089
f 1087 1103 1088
f 1085 1103 1087
f 878 1103 1085
f 1095 1094 1103
f 1038 1094 1095
f 1036 1097 1098
f 1097 1036 1096
f 1088 1050 1087
f 1044 1093 1094
f 1044 1092 1093
f 1048 1091 1092
f 1048 1090 1091
f 1090 1047 1089
f 1029 1120 1117
f 1073 1109 1110
f 1073 1108 1109
f 1108 1072 1107
f 1107 1070 1105
f 1105 1069 1104
f 1072 1108 1073
f 1071 1107 1072
f 1070 1107 1071
f 1069 1105 1070
f 1047 1088 1089
f 1024 1117 1111
f 1029 1102 1120
f 1101 1103 1102
f 1103 1100 1099
f 1100 1103 1101
f 1098 1097 1103
f 1098 1103 1099
f 1096 1103 1097
f 1096 1095 1103
f 1046 1045 1087
f 1094 1039 1044
f 1094 1038 1039
f 1096 1037 1038
f 1036 1037 1096
f 1031 1036 1098
f 1049 1047 1090
f 1090 1048 1049
f 1043 1048 1092
f 1092 1044 1043
f 1050 1046 1087
f 1040 1041 1086
f 1045 1042 1084
f 1042 1040 1083
f 1041 1035 1082
f 1035 1034 1081
f 1034 1033 1080
f 1033 1032 1075
f 1032 1027 1075
f 1106 1068 1073
f 1102 1029 1101
f 1087 1045 1085
f 1086 1041 1082
f 1045 1084 1085
f 1084 1042 1083
f 1083 1040 1086
f 1082 1035 1081
f 1081 1034 1080
f 1080 1033 1075
f 1101 1030 1100
f 1073 1110 1106
f 1100 1031 1099
f 1031 1098 1099
f 1074 1027 1079
f 1027 1076 1079
f 1076 1026 1078
f 1075 1027 1074
f 1078 1025 1077
f 1047 1050 1088
f 1135 1132 809
f 708 714 1158
f 1138 1137 1152
f 1134 1137 1138
f 1132 1136 1137
f 1133 1137 1134
f 1136 1148 1137
f 1136 1135 1148
f 1132 1135 1136
f 1137 1133 1132
f 1149 1139 708
f 809 808 1135
f 1134 806 1133
f 1134 807 806
f 808 1131 1135
f 808 1130 1131
f 1130 803 1129
f 1261 1127 1103
f 1243 1241 1127
f 1124 1119 1123
f 1129 1144 1130
f 1141 1140 1150
f 1140 1139 1150
f 1146 1130 1145
f 1145 1130 1144
f 1131 1146 1135
f 1130 1146 1131
f 1144 1128 1143
f 1128 1142 1143
f 1142 813 1141
f 1123 1118 1122
f 1128 1144 1129
f 813 1142 1128
f 1141 811 1140
f 1140 810 1139
f 812 1141 813
f 811 1141 812
f 810 1140 811
f 708 1158 1149
f 1115 1108 1114
f 1125 1103 1126
f 1124 1103 1125
f 1123 1103 1124
f 1122 1103 1123
f 1121 1103 1122
f 1120 1103 1121
f 1120 1102 1103
f 1235 1106 1110
f 1110 1115 1116
f 1126 1103 1127
f 1114 1107 1113
f 1110 1109 1115
f 1107 1112 1113
f 1112 1104 1111
f 1109 1108 1115
f 1108 1107 1114
f 1107 1105 1112
f 1105 1104 1112
f 1068 1106 1219
f 1241 1235 1110
f 1122 1117 1121
f 1117 1120 1121
f 1127 1116 1126
f 1126 1115 1125
f 1125 1113 1124
f 1119 1118 1123
f 1118 1117 1122
f 1113 1119 1124
f 1241 1110 1127
f 1181 838 836
f 1116 1115 1126
f 1115 1114 1125
f 1114 1113 1125
f 1119 1112 1118
f 1112 1117 1118
f 1110 1116 1127
f 1113 1112 1119
f 1112 1111 1117
f 465 466 848
f 851 845 846
f 853 847 848
f 846 847 853
f 849 466 850
f 848 466 849
f 846 464 847
f 847 464 848
f 845 462 846
f 466 467 850
f 849 855 848
f 464 465 848
f 846 463 464
f 462 463 846
f 857 674 851
f 843 842 879
f 842 841 879
f 845 851 674
f 675 674 857
f 841 675 857
f 841 857 863
f 859 853 854
f 852 853 859
f 851 852 858
f 859 854 860
f 905 1025 844
f 887 843 879
f 1018 423 878
f 887 844 843
f 879 841 863
f 1103 878 423
f 877 422 1019
f 856 850 953
f 855 849 856
f 850 467 953
f 855 854 848
f 853 848 854
f 851 846 852
f 853 852 846
f 849 850 856
f 885 903 892
f 878 898 904
f 901 878 904
f 901 902 878
f 902 903 878
f 903 906 878
f 906 907 878
f 907 908 878
f 893 887 888
f 889 895 888
f 898 878 897
f 893 888 894
f 894 888 895
f 889 891 904
f 890 892 902
f 904 891 890
f 885 994 908
f 895 889 898
f 893 894 897
f 837 836 838
f 1570 831 1568
f 844 842 843
f 841 842 844
f 839 431 868
f 431 153 868
f 840 473 839
f 430 153 431
f 2218 1580 836
f 1580 1568 832
f 832 836 1580
f 854 855 861
f 831 832 1568
f 830 831 1570
f 1181 823 1187
f 1019 876 877
f 878 886 905
f 905 896 878
f 899 878 896
f 878 900 897
f 900 878 899
f 1082 878 1086
f 864 865 883
f 863 864 879
f 1025 905 886
f 844 896 905
f 844 893 896
f 844 887 893
f 1084 878 1085
f 1083 878 1084
f 1086 878 1083
f 883 865 866
f 878 1082 1081
f 886 878 1077
f 1081 1080 878
f 1080 1075 878
f 1075 1074 878
f 1078 1077 878
f 1076 1078 878
f 1079 1076 878
f 1079 878 1074
f 880 883 888
f 994 885 881
f 892 890 882
f 890 891 882
f 891 889 883
f 882 885 892
f 888 883 889
f 879 888 887
f 891 884 882
f 883 884 891
f 1025 886 1077
f 879 880 888
f 862 981 881
f 885 867 881
f 882 867 885
f 884 867 882
f 866 884 883
f 864 883 880
f 879 864 880
f 866 867 884
f 866 865 859
f 869 155 158
f 868 155 869
f 868 153 155
f 862 881 867
f 866 860 867
f 981 862 856
f 867 861 862
f 866 859 860
f 860 861 867
f 158 154 877
f 865 864 859
f 864 863 857
f 864 858 859
f 857 858 864
f 861 856 862
f 860 854 861
f 858 852 859
f 857 851 858
f 861 855 856
f 869 873 839
f 875 840 874
f 876 840 875
f 874 839 873
f 875 877 876
f 874 877 875
f 873 877 874
f 873 872 877
f 873 869 872
f 910 840 876
f 467 941 953
f 868 869 839
f 840 839 874
f 872 871 877
f 871 870 877
f 877 870 158
f 869 871 872
f 870 871 869
f 869 158 870
f 908 907 885
f 509 510 915
f 501 914 912
f 921 504 505
f 919 503 504
f 919 502 503
f 941 455 928
f 455 913 928
f 455 941 467
f 910 969 909
f 970 475 909
f 474 910 909
f 474 840 910
f 475 970 123
f 996 1018 878
f 506 915 914
f 907 906 885
f 906 903 885
f 897 900 893
f 900 899 893
f 897 895 898
f 878 908 996
f 896 893 899
f 904 890 901
f 903 902 892
f 902 901 890
f 904 898 889
f 897 894 895
f 928 919 929
f 502 919 913
f 926 917 918
f 926 918 927
f 923 916 926
f 939 923 926
f 922 923 939
f 915 922 938
f 937 915 938
f 915 937 936
f 920 921 931
f 920 929 919
f 928 913 919
f 925 912 936
f 936 914 915
f 936 912 914
f 924 911 925
f 921 911 924
f 511 918 917
f 511 512 918
f 916 917 926
f 923 510 916
f 922 510 923
f 915 510 922
f 912 925 911
f 920 504 921
f 911 921 505
f 504 920 919
f 35 101 36
f 36 101 37
f 33 101 34
f 34 101 35
f 35 36 53
f 37 101 38
f 32 33 50
f 33 34 51
f 34 35 52
f 27 12 26
f 32 101 33
f 3 101 32
f 2 101 3
f 60 43 31
f 31 16 30
f 30 15 29
f 29 14 28
f 28 13 27
f 9 10 1
f 47 46 63
f 53 36 54
f 52 35 53
f 51 34 52
f 50 33 51
f 49 32 50
f 101 1 103
f 101 102 38
f 46 48 65
f 47 64 42
f 36 37 54
f 48 45 62
f 45 44 61
f 44 43 60
f 41 42 59
f 40 41 58
f 39 40 57
f 38 39 56
f 37 38 55
f 54 37 55
f 9 8 23
f 4 2 17
f 8 7 22
f 7 6 21
f 6 5 20
f 5 4 19
f 3 32 49
f 2 3 18
f 11 1 10
f 10 9 24
f 8 9 1
f 66 1 11
f 7 8 1
f 6 7 1
f 5 6 1
f 4 5 1
f 1 101 2
f 2 4 1
f 17 2 18
f 25 10 24
f 24 9 23
f 23 8 22
f 19 4 17
f 22 7 21
f 20 5 19
f 21 6 20
f 18 3 49
f 26 11 25
f 66 67 1
f 43 16 31
f 16 15 30
f 15 14 29
f 14 13 28
f 13 12 27
f 12 11 26
f 11 10 25
f 100 63 65
f 82 53 83
f 81 51 82
f 80 51 81
f 79 50 80
f 59 64 89
f 59 88 58
f 87 57 58
f 56 57 87
f 83 54 84
f 64 63 100
f 55 56 86
f 55 84 54
f 54 83 53
f 82 52 53
f 51 52 82
f 51 80 50
f 79 49 50
f 84 55 85
f 85 55 86
f 86 56 87
f 87 58 88
f 88 59 90
f 90 59 89
f 89 64 100
f 103 69 79
f 103 79 80
f 103 80 81
f 103 81 82
f 103 82 83
f 103 83 84
f 103 84 85
f 103 85 86
f 25 24 75
f 74 17 68
f 73 22 72
f 72 21 71
f 21 70 71
f 29 28 92
f 28 27 91
f 27 26 78
f 26 25 76
f 70 19 74
f 24 23 75
f 21 20 70
f 17 18 69
f 18 49 79
f 19 17 74
f 20 19 70
f 23 22 73
f 103 86 87
f 68 17 69
f 69 18 79
f 75 23 73
f 76 25 75
f 26 76 77
f 78 26 77
f 91 27 78
f 67 70 74
f 72 71 67
f 71 70 67
f 73 72 67
f 103 67 69
f 74 68 67
f 69 67 68
f 67 95 73
f 47 102 46
f 44 66 43
f 45 66 44
f 38 102 39
f 39 102 40
f 40 102 41
f 41 102 42
f 102 48 46
f 102 45 48
f 43 66 16
f 42 102 47
f 102 66 45
f 104 101 103
f 102 101 104
f 103 1 67
f 97 104 100
f 104 89 100
f 104 90 89
f 16 66 15
f 15 66 14
f 14 66 13
f 66 12 13
f 66 11 12
f 63 46 65
f 64 47 63
f 59 42 64
f 62 45 61
f 65 48 62
f 61 44 60
f 58 41 59
f 57 40 58
f 56 39 57
f 55 38 56
f 95 92 91
f 103 87 88
f 104 103 88
f 67 66 95
f 30 29 92
f 31 30 94
f 60 31 98
f 92 28 91
f 30 92 93
f 94 30 93
f 98 31 94
f 73 95 75
f 75 95 76
f 76 95 77
f 77 95 78
f 78 95 91
f 22 21 72
f 95 93 92
f 95 94 93
f 95 98 94
f 95 99 98
f 61 60 98
f 62 61 99
f 65 62 97
f 99 61 98
f 62 99 96
f 97 62 96
f 100 65 97
f 99 95 104
f 99 104 96
f 96 104 97
f 104 88 90
f 620 570 618
f 652 616 618
f 618 616 620
f 620 616 619
f 616 628 626
f 616 626 627
f 616 627 617
f 619 616 617
f 618 571 621
f 621 599 600
f 619 570 620
f 617 567 619
f 571 599 621
f 570 571 618
f 570 619 567
f 615 598 614
f 614 597 613
f 610 593 611
f 652 622 623
f 616 566 635
f 643 652 641
f 641 652 640
f 640 652 639
f 639 652 638
f 638 652 625
f 652 624 625
f 652 623 624
f 611 594 612
f 652 621 622
f 652 618 621
f 624 603 625
f 623 601 624
f 622 601 623
f 621 600 622
f 601 602 624
f 601 622 600
f 590 591 608
f 650 651 588
f 598 597 614
f 597 596 613
f 594 595 612
f 593 594 611
f 593 610 592
f 591 592 609
f 595 598 615
f 591 651 592
f 589 590 607
f 588 589 606
f 587 588 605
f 586 587 604
f 585 586 603
f 584 585 602
f 583 584 601
f 582 583 600
f 602 585 603
f 609 592 610
f 612 595 615
f 608 591 609
f 607 590 608
f 606 589 607
f 605 588 606
f 604 587 605
f 603 586 604
f 572 568 626
f 601 584 602
f 600 583 601
f 599 582 600
f 598 651 566
f 595 651 598
f 594 651 595
f 593 651 594
f 592 651 593
f 615 642 612
f 641 608 643
f 640 606 641
f 639 605 640
f 638 605 639
f 625 604 638
f 609 610 645
f 609 643 608
f 646 611 612
f 648 614 647
f 614 613 647
f 615 614 648
f 610 611 646
f 641 607 608
f 606 607 641
f 605 606 640
f 605 638 604
f 604 625 603
f 649 648 653
f 653 650 652
f 650 653 651
f 646 642 653
f 653 644 645
f 645 646 653
f 653 643 644
f 648 635 653
f 642 649 653
f 624 602 603
f 653 652 643
f 635 651 653
f 645 610 646
f 644 609 645
f 643 609 644
f 642 615 649
f 646 612 642
f 615 648 649
f 579 578 634
f 630 575 629
f 629 573 628
f 628 572 626
f 626 568 627
f 568 617 627
f 613 581 647
f 581 580 637
f 580 579 634
f 576 630 631
f 578 577 633
f 577 576 632
f 576 575 630
f 568 569 617
f 569 567 617
f 575 574 629
f 574 573 629
f 573 572 628
f 630 629 635
f 648 647 635
f 647 637 635
f 637 636 635
f 636 634 635
f 634 633 635
f 633 632 635
f 632 631 635
f 631 630 635
f 554 550 650
f 629 628 635
f 616 635 628
f 647 581 637
f 637 580 636
f 580 634 636
f 634 578 633
f 633 577 632
f 632 576 631
f 567 551 570
f 564 563 579
f 565 564 580
f 596 565 581
f 566 560 561
f 566 561 562
f 566 562 563
f 566 563 564
f 566 564 565
f 566 565 596
f 596 597 566
f 597 598 566
f 569 553 567
f 568 552 569
f 572 556 568
f 570 554 571
f 556 550 552
f 571 555 599
f 573 557 572
f 574 558 573
f 575 559 574
f 576 560 575
f 577 561 576
f 578 562 577
f 579 563 578
f 580 564 579
f 581 565 580
f 613 596 581
f 566 651 635
f 588 651 589
f 589 651 590
f 590 651 591
f 562 561 577
f 563 562 578
f 552 550 553
f 550 554 551
f 550 551 553
f 557 550 556
f 558 550 557
f 559 550 558
f 560 550 559
f 550 566 616
f 554 650 555
f 555 650 582
f 582 650 583
f 583 650 584
f 584 650 585
f 585 650 586
f 650 588 587
f 650 587 586
f 561 560 576
f 560 559 575
f 559 558 574
f 558 557 573
f 557 556 572
f 555 582 599
f 554 555 571
f 554 570 551
f 552 553 569
f 556 552 568
f 553 551 567
f 566 550 560
f 255 224 257
f 257 226 258
f 258 227 259
f 259 228 260
f 260 228 261
f 261 229 262
f 262 231 263
f 263 232 265
f 265 232 264
f 264 237 275
f 276 204 256
f 256 243 253
f 256 253 254
f 256 254 255
f 256 255 257
f 257 258 256
f 258 259 256
f 259 260 256
f 228 259 227
f 243 241 242
f 249 195 247
f 241 270 247
f 253 222 223
f 224 254 223
f 224 225 257
f 257 225 226
f 227 258 226
f 254 224 255
f 228 229 261
f 237 236 275
f 275 236 238
f 229 230 262
f 262 230 231
f 232 263 231
f 232 237 264
f 253 223 254
f 272 235 271
f 270 269 268
f 270 273 269
f 270 274 273
f 234 233 273
f 235 234 274
f 238 235 272
f 274 234 273
f 235 274 271
f 270 268 267
f 275 238 272
f 274 270 276
f 274 276 271
f 271 276 272
f 276 263 265
f 276 265 264
f 276 264 275
f 272 276 275
f 202 267 268
f 261 262 256
f 262 263 256
f 276 256 263
f 241 239 270
f 202 201 267
f 203 202 269
f 233 203 273
f 267 200 266
f 260 261 256
f 269 202 268
f 273 203 269
f 247 270 249
f 249 270 250
f 250 270 251
f 251 270 252
f 252 270 266
f 270 267 266
f 236 219 238
f 229 212 230
f 230 213 231
f 231 214 232
f 234 217 233
f 238 221 235
f 235 218 234
f 232 215 237
f 237 220 236
f 228 211 229
f 239 183 184
f 239 184 185
f 186 239 185
f 187 239 186
f 188 239 187
f 216 239 188
f 217 239 216
f 204 240 211
f 213 214 231
f 214 215 232
f 217 216 233
f 218 217 234
f 221 218 235
f 220 219 236
f 220 237 215
f 219 221 238
f 218 239 217
f 204 173 256
f 222 205 223
f 223 206 224
f 224 207 225
f 225 208 226
f 226 209 227
f 227 210 228
f 193 244 245
f 189 190 243
f 193 192 244
f 196 195 249
f 197 196 249
f 198 197 250
f 199 198 252
f 200 199 266
f 201 200 267
f 190 222 253
f 246 193 245
f 247 194 246
f 248 189 242
f 244 191 248
f 242 189 243
f 243 190 253
f 250 197 249
f 256 241 243
f 191 189 248
f 192 191 244
f 195 194 247
f 194 193 246
f 256 173 241
f 240 204 276
f 239 218 240
f 215 240 220
f 220 240 219
f 240 218 221
f 240 221 219
f 214 240 215
f 213 240 214
f 212 240 213
f 211 240 212
f 181 180 195
f 183 173 182
f 174 175 190
f 175 205 222
f 177 176 191
f 178 177 192
f 179 178 193
f 180 179 194
f 176 174 189
f 181 182 173
f 182 181 196
f 183 182 197
f 184 183 198
f 185 184 199
f 186 185 200
f 187 186 201
f 188 187 202
f 173 204 174
f 248 242 241
f 247 246 241
f 245 244 241
f 246 245 241
f 241 244 248
f 266 199 252
f 252 198 251
f 198 250 251
f 211 212 229
f 174 176 173
f 176 177 173
f 177 178 173
f 178 179 173
f 179 180 173
f 239 173 183
f 180 181 173
f 210 204 211
f 233 216 203
f 174 204 175
f 175 204 205
f 205 204 206
f 206 204 207
f 207 204 208
f 208 204 209
f 209 204 210
f 239 241 173
f 205 206 223
f 206 207 224
f 207 208 225
f 208 209 226
f 209 210 227
f 210 211 228
f 212 213 230
f 202 187 201
f 216 188 203
f 189 174 190
f 190 175 222
f 193 178 192
f 192 177 191
f 194 179 193
f 191 176 189
f 195 180 194
f 196 181 195
f 197 182 196
f 198 183 197
f 199 184 198
f 200 185 199
f 201 186 200
f 203 188 202
f 1616 1718 1665
f 1703 1665 1718
f 1688 1692 1693
f 1706 1688 1693
f 1707 1688 1706
f 1708 1688 1707
f 1714 1710 1718
f 1718 1712 1713
f 1713 1714 1718
f 1718 1711 1712
f 1716 1703 1718
f 1710 1717 1718
f 1717 1716 1718
f 1718 1688 1711
f 1688 1691 1692
f 1713 1677 1714
f 1712 1676 1713
f 1711 1676 1712
f 1710 1682 1717
f 1714 1679 1710
f 1682 1716 1717
f 1716 1681 1715
f 1709 1675 1711
f 1708 1673 1709
f 1707 1672 1708
f 1706 1672 1707
f 1693 1671 1706
f 1685 1683 1687
f 1636 1686 1633
f 1636 1637 1685
f 1637 1666 1689
f 1684 1633 1686
f 1686 1636 1687
f 1687 1636 1685
f 1685 1637 1689
f 1686 1683 1684
f 1683 1695 1684
f 1683 1694 1695
f 1683 1696 1694
f 1687 1683 1686
f 1676 1677 1713
f 1683 1685 1688
f 1689 1666 1667
f 1668 1690 1667
f 1668 1669 1692
f 1689 1667 1690
f 1690 1668 1691
f 1691 1668 1692
f 1692 1670 1693
f 1718 1616 1688
f 1688 1685 1689
f 1688 1689 1690
f 1688 1690 1691
f 1646 1645 1702
f 1646 1702 1704
f 1702 1644 1701
f 1701 1643 1700
f 1700 1642 1699
f 1642 1698 1699
f 1698 1641 1697
f 1697 1639 1696
f 1696 1638 1694
f 1694 1634 1695
f 1634 1684 1695
f 1680 1647 1715
f 1647 1646 1705
f 1705 1646 1704
f 1645 1644 1702
f 1644 1643 1701
f 1643 1642 1700
f 1642 1641 1698
f 1634 1635 1684
f 1635 1633 1684
f 1641 1640 1697
f 1640 1639 1697
f 1639 1638 1696
f 1638 1634 1694
f 1683 1632 1703
f 1711 1688 1709
f 1716 1715 1703
f 1676 1711 1675
f 1714 1678 1679
f 1682 1710 1679
f 1681 1680 1715
f 1682 1681 1716
f 1677 1678 1714
f 1709 1674 1675
f 1673 1674 1709
f 1672 1673 1708
f 1672 1706 1671
f 1671 1693 1670
f 1692 1669 1670
f 1709 1688 1708
f 1715 1705 1703
f 1705 1704 1703
f 1704 1702 1703
f 1702 1701 1703
f 1701 1700 1703
f 1700 1699 1703
f 1699 1698 1703
f 1698 1697 1703
f 1697 1696 1703
f 1683 1703 1696
f 1715 1647 1705
f 1632 1629 1630
f 1624 1623 1639
f 1625 1624 1640
f 1626 1625 1641
f 1627 1626 1642
f 1628 1627 1643
f 1629 1628 1644
f 1630 1629 1645
f 1631 1630 1646
f 1662 1631 1647
f 1632 1626 1627
f 1632 1627 1628
f 1632 1628 1629
f 1623 1622 1638
f 1632 1630 1631
f 1632 1631 1662
f 1662 1663 1632
f 1663 1664 1632
f 1635 1619 1633
f 1634 1618 1635
f 1638 1622 1634
f 1636 1620 1637
f 1633 1617 1636
f 1637 1621 1666
f 1639 1623 1638
f 1640 1624 1639
f 1649 1616 1650
f 1622 1615 1618
f 1618 1615 1619
f 1615 1620 1617
f 1615 1617 1619
f 1623 1615 1622
f 1624 1615 1623
f 1625 1615 1624
f 1626 1615 1625
f 1615 1632 1683
f 1620 1616 1621
f 1621 1616 1648
f 1648 1616 1649
f 1641 1625 1640
f 1650 1616 1651
f 1651 1616 1652
f 1616 1653 1652
f 1616 1654 1653
f 1632 1615 1626
f 1619 1617 1633
f 1622 1618 1634
f 1618 1619 1635
f 1620 1636 1617
f 1620 1621 1637
f 1621 1648 1666
f 1669 1651 1670
f 1663 1662 1680
f 1664 1663 1681
f 1616 1665 1654
f 1657 1665 1658
f 1658 1665 1659
f 1659 1665 1660
f 1660 1665 1661
f 1661 1665 1664
f 1664 1665 1632
f 1666 1648 1667
f 1667 1649 1668
f 1668 1650 1669
f 1660 1661 1679
f 1670 1652 1671
f 1671 1653 1672
f 1672 1654 1673
f 1673 1655 1674
f 1674 1656 1675
f 1675 1657 1676
f 1679 1661 1682
f 1676 1658 1677
f 1678 1660 1679
f 1677 1659 1678
f 1681 1663 1680
f 1682 1664 1681
f 1649 1650 1668
f 1642 1626 1641
f 1643 1627 1642
f 1644 1628 1643
f 1645 1629 1644
f 1646 1630 1645
f 1647 1631 1646
f 1680 1662 1647
f 1632 1665 1703
f 1654 1665 1655
f 1655 1665 1656
f 1656 1665 1657
f 1648 1649 1667
f 1615 1616 1620
f 1650 1651 1669
f 1651 1652 1670
f 1652 1653 1671
f 1653 1654 1672
f 1654 1655 1673
f 1655 1656 1674
f 1656 1657 1675
f 1661 1664 1682
f 1657 1658 1676
f 1659 1677 1658
f 1659 1660 1678

