# https://github.com/mikedh/trimesh
v -12.50000000 10.00000000 0.00000000
v -11.52716351 11.13519478 0.00000000
v -11.54423523 11.19147301 0.00000000
v -11.55000019 11.25000000 0.00000000
v -11.54423523 11.30852699 0.00000000
v -11.52716351 11.36480522 0.00000000
v -11.46213245 11.03786755 0.00000000
v -11.49944115 11.08332920 0.00000000
v -11.41667080 11.00055885 0.00000000
v -11.36480522 10.97283649 0.00000000
v -11.49944115 11.41667080 0.00000000
v -11.46213245 11.46213245 0.00000000
v -11.41667080 11.49944115 0.00000000
v -11.36480522 11.52716351 0.00000000
v -11.30852699 10.95576477 0.00000000
v -11.25000000 10.94999981 0.00000000
v -11.19147301 10.95576477 0.00000000
v -11.13519478 10.97283649 0.00000000
v -11.08332920 11.00055885 0.00000000
v -11.03786755 11.03786755 0.00000000
v -11.00055885 11.08332920 0.00000000
v -10.97283649 11.13519478 0.00000000
v -10.95576477 11.19147301 0.00000000
v -10.94999981 11.25000000 0.00000000
v -10.95576477 11.30852699 0.00000000
v -10.97283649 11.36480522 0.00000000
v -11.30852699 11.54423523 0.00000000
v -11.25000000 11.55000019 0.00000000
v -11.19147301 11.54423523 0.00000000
v -11.13519478 11.52716351 0.00000000
v -11.03786755 11.46213245 0.00000000
v -11.08332920 11.49944115 0.00000000
v -11.00055885 11.41667080 0.00000000
v -11.52716351 11.13519478 0.27500001
v -11.54423523 11.19147301 0.27500001
v -11.55000019 11.25000000 0.27500001
v -11.54423523 11.30852699 0.27500001
v -11.52716351 11.36480522 0.27500001
v -11.46213245 11.03786755 0.27500001
v -11.49944115 11.08332920 0.27499998
v -11.41667080 11.00055885 0.27500001
v -11.36480522 10.97283649 0.27500001
v -11.49944115 11.41667080 0.27499998
v -11.46213245 11.46213245 0.27500001
v -11.41667080 11.49944115 0.27500001
v -11.36480522 11.52716351 0.27500001
v -11.30852699 10.95576477 0.27500001
v -11.25000000 10.94999981 0.27500001
v -11.19147301 10.95576477 0.27500001
v -11.13519478 10.97283649 0.27500001
v -11.08332920 11.00055885 0.27500001
v -11.03786755 11.03786755 0.27500001
v -11.00055885 11.08332920 0.27499998
v -10.97283649 11.13519478 0.27500001
v -10.95576477 11.19147301 0.27500001
v -10.94999981 11.25000000 0.27500001
v -10.95576477 11.30852699 0.27500001
v -10.97283649 11.36480522 0.27500001
v -11.30852699 11.54423523 0.27500001
v -11.25000000 11.55000019 0.27500001
v -11.19147301 11.54423523 0.27500001
v -11.13519478 11.52716351 0.27500001
v -11.03786755 11.46213150 0.27500001
v -11.08332920 11.49944115 0.27500001
v -11.00055885 11.41667080 0.27499998
v -12.50000000 12.50000000 0.00000000
v -10.00000000 10.00000000 0.00000000
v -10.00000000 12.50000000 0.00000000
v -12.50000000 10.00000000 0.50000000
v -11.73503685 11.04909134 0.50000000
v -11.76491261 11.14757729 0.50000000
v -11.77499962 11.25000000 0.50000000
v -11.76491261 11.35242271 0.50000000
v -11.73503685 11.45090866 0.50000000
v -11.62123108 10.87876892 0.50000000
v -11.54167461 10.81347847 0.50000000
v -11.45090866 10.76496315 0.50000000
v -11.35242271 10.73508739 0.50000000
v -11.25000000 10.72500038 0.50000000
v -11.14757729 10.73508739 0.50000000
v -11.04909134 10.76496315 0.50000000
v -10.95832539 10.81347847 0.50000000
v -11.68652153 10.95832539 0.50000000
v -11.68652153 11.54167461 0.50000000
v -11.62123108 11.62123108 0.50000000
v -11.54167461 11.68652153 0.50000000
v -11.45090866 11.73503685 0.50000000
v -11.35242271 11.76491261 0.50000000
v -11.25000000 11.77499962 0.50000000
v -11.14757729 11.76491261 0.50000000
v -11.04909134 11.73503685 0.50000000
v -10.95832539 11.68652153 0.50000000
v -12.50000000 12.50000000 0.50000000
v -10.87876892 10.87876892 0.50000000
v -10.81347847 10.95832539 0.50000000
v -10.76496315 11.04909134 0.50000000
v -10.73508739 11.14757729 0.50000000
v -10.72500038 11.25000000 0.50000000
v -10.73508739 11.35242271 0.50000000
v -10.87876892 11.62123108 0.50000000
v -10.76496315 11.45090866 0.50000000
v -10.81347847 11.54167461 0.50000000
v -10.00000000 10.00000000 0.50000000
v -10.00000000 12.50000000 0.50000000
v -8.08091640 12.58942890 0.50000000
v -7.44651079 20.96468353 0.62357199
v -8.08091640 22.68512344 0.50000000
v -7.45463800 21.46506691 0.50000000
v -8.08091640 12.58942890 3.50000000
v -6.35245371 12.79359341 3.50000000
v -6.37210131 12.81775188 3.50000000
v -7.85699987 21.69184113 3.50000000
v -7.87728596 22.04787636 3.50000000
v -7.87941122 22.22516632 3.50000000
v -7.87949991 22.22700691 3.50000000
v -8.08091640 22.68512344 3.50000000
v -4.01027012 13.26862812 2.56180096
v -4.26512623 13.23137379 2.61137509
v -3.49422789 13.33471012 2.49524307
v -3.23402095 13.36341381 2.47838497
v -3.75314140 13.30309391 2.52306604
v -2.97300863 13.38914490 2.47252393
v -2.71168733 13.41186714 2.47767305
v -2.45055079 13.43153286 2.49381900
v -2.19020176 13.44799423 2.52093291
v -1.93105841 13.46109867 2.55896401
v -1.67352736 13.47095394 2.60783911
v -4.76609850 13.14879227 2.74264002
v -5.01126671 13.10361862 2.82408094
v -5.48864985 13.00593662 3.01780701
v -5.25227022 13.05597115 2.91586208
v -4.51722765 13.19140339 2.67169309
v -5.71996069 12.95361328 3.12972307
v -5.94576406 12.89909554 3.25139594
v -6.16563320 12.84249210 3.38259506
v -5.98683453 12.82019329 3.50000000
v -5.97060585 12.82141781 3.50000000
v -5.89373589 12.82828045 3.50000000
v -5.12856102 12.92641068 3.40173602
v -5.25959253 12.88648796 3.50000000
v -1.41819024 13.47763634 2.66746497
v -1.16553164 13.48114109 2.73772812
v -0.91602880 13.48144627 2.81849408
v -0.67015165 13.47856045 2.90961099
v -0.42836633 13.47249126 3.01090407
v -0.19113034 13.46324444 3.12218094
v -5.07604790 22.30395699 3.50000000
v -8.40858173 28.13027000 0.50000000
v -8.40858173 31.18900108 0.50000000
v -6.39520454 30.10624313 1.55963504
v -6.60519695 30.05309296 1.70770705
v -6.39545488 30.60339165 1.72800004
v -12.50000000 35.00000000 0.00000000
v -11.52716351 36.13519669 0.00000000
v -11.54423523 36.19147110 0.00000000
v -11.41667080 36.00056076 0.00000000
v -11.36480522 35.97283554 0.00000000
v -11.49944115 36.08332825 0.00000000
v -11.46213245 36.03786850 0.00000000
v -11.30852699 35.95576477 0.00000000
v -11.25000000 35.95000076 0.00000000
v -11.19147301 35.95576477 0.00000000
v -11.13519478 35.97283554 0.00000000
v -11.08332920 36.00056076 0.00000000
v -11.03786755 36.03786850 0.00000000
v -11.00055885 36.08332825 0.00000000
v -10.97283649 36.13519669 0.00000000
v -10.95576477 36.19147110 0.00000000
v -11.52716351 36.13519669 0.27500001
v -11.54423523 36.19147110 0.27500001
v -11.41667080 36.00056076 0.27500001
v -11.36480522 35.97283554 0.27500001
v -11.49944115 36.08332825 0.27499998
v -11.46213245 36.03786850 0.27500001
v -11.30852699 35.95576477 0.27500001
v -11.25000000 35.95000076 0.27500001
v -11.19147301 35.95576477 0.27500001
v -11.13519478 35.97283554 0.27500001
v -11.08332920 36.00056076 0.27500001
v -11.03786755 36.03786850 0.27500001
v -11.00055885 36.08332825 0.27499998
v -10.97283649 36.13519669 0.27500001
v -10.95576477 36.19147110 0.27500001
v -10.00000000 35.00000000 0.00000000
v -12.50000000 35.00000000 0.50000000
v -11.73503685 36.04909134 0.50000000
v -11.76491261 36.14757919 0.50000000
v -11.45090866 35.76496506 0.50000000
v -11.35242271 35.73508835 0.50000000
v -11.62123108 35.87876892 0.50000000
v -11.68652153 35.95832443 0.50000000
v -11.54167461 35.81347656 0.50000000
v -11.25000000 35.72499847 0.50000000
v -11.14757729 35.73508835 0.50000000
v -11.04909134 35.76496506 0.50000000
v -10.95832539 35.81347656 0.50000000
v -10.87876892 35.87876892 0.50000000
v -10.81347847 35.95832443 0.50000000
v -10.76496315 36.04909134 0.50000000
v -10.73508739 36.14757919 0.50000000
v -10.00000000 35.00000000 0.50000000
v -12.50000000 37.50000000 0.00000000
v -11.55000019 36.25000000 0.00000000
v -11.54423523 36.30852890 0.00000000
v -11.52716351 36.36480331 0.00000000
v -11.49944115 36.41667175 0.00000000
v -11.46213245 36.46213150 0.00000000
v -11.41667080 36.49943924 0.00000000
v -11.36480522 36.52716446 0.00000000
v -11.30852699 36.54423523 0.00000000
v -11.25000000 36.54999924 0.00000000
v -11.19147301 36.54423523 0.00000000
v -11.13519478 36.52716446 0.00000000
v -11.03786755 36.46213150 0.00000000
v -10.94999981 36.25000000 0.00000000
v -10.95576477 36.30852890 0.00000000
v -10.97283649 36.36480331 0.00000000
v -11.00055885 36.41667175 0.00000000
v -11.08332920 36.49943924 0.00000000
v -11.55000019 36.25000000 0.27500001
v -11.54423523 36.30852890 0.27500001
v -11.52716351 36.36480331 0.27500001
v -11.49944115 36.41667175 0.27499998
v -11.46213245 36.46213150 0.27500001
v -11.41667080 36.49943924 0.27500001
v -11.36480522 36.52716446 0.27500001
v -11.30852699 36.54423523 0.27500001
v -11.25000000 36.54999924 0.27500001
v -11.19147301 36.54423523 0.27500001
v -11.13519478 36.52716446 0.27500001
v -11.03786755 36.46213150 0.27500001
v -10.94999981 36.25000000 0.27500001
v -10.95576477 36.30852890 0.27500001
v -10.97283649 36.36480331 0.27500001
v -11.00055885 36.41667175 0.27499998
v -11.08332920 36.49943924 0.27500001
v -10.00000000 37.50000000 0.00000000
v -10.00000000 40.00000000 0.00000000
v -11.77499962 36.25000000 0.50000000
v -11.76491261 36.35242081 0.50000000
v -11.73503685 36.45090866 0.50000000
v -12.50000000 37.50000000 0.50000000
v -11.68652153 36.54167557 0.50000000
v -11.62123108 36.62123108 0.50000000
v -11.54167461 36.68652344 0.50000000
v -11.45090866 36.73503494 0.50000000
v -11.35242271 36.76491165 0.50000000
v -10.95832539 36.68652344 0.50000000
v -11.25000000 36.77500153 0.50000000
v -11.14757729 36.76491165 0.50000000
v -11.04909134 36.73503494 0.50000000
v -10.76496315 36.45090866 0.50000000
v -10.87876892 36.62123108 0.50000000
v -10.81347847 36.54167557 0.50000000
v -10.72500038 36.25000000 0.50000000
v -10.73508739 36.35242081 0.50000000
v -10.00000000 37.50000000 0.50000000
v -10.00000000 40.00000000 0.50000000
v -8.10567093 37.17227173 0.50000000
v -8.10567093 40.00000000 0.50000000
v -7.53056812 37.99781036 0.65423101
v -7.54850674 38.11042786 0.63274801
v -7.54590559 38.08200455 0.63816899
v -7.53691483 38.02564621 0.64892000
v -7.54202318 38.05372620 0.64356202
v -7.49315310 37.88998413 0.67481601
v -7.48087788 37.86415100 0.67974800
v -7.45296574 37.81418228 0.68928701
v -7.43738317 37.79013443 0.69387603
v -7.46747637 37.83886719 0.68457502
v -7.52300978 37.97027969 0.65948701
v -7.50428104 37.91631317 0.66978902
v -7.51425219 37.94309235 0.66467702
v -7.30087805 37.64332199 0.72185802
v -7.27789164 37.62589645 0.72517198
v -7.22970915 37.59404373 0.73122102
v -7.25415325 37.60945892 0.72829503
v -7.20465136 37.57983017 0.73394299
v -7.17882681 37.56672287 0.73645699
v -7.15245438 37.55472565 0.73875898
v -7.09825611 37.53416443 0.74270701
v -7.07053375 37.52563095 0.74434602
v -7.04246664 37.51828384 0.74575698
v -7.12557840 37.54387283 0.74084300
v -7.40311623 37.74413681 0.70265198
v -7.42075682 37.76677322 0.69833398
v -7.38449049 37.72227478 0.70682102
v -7.36491776 37.70122147 0.71083403
v -7.34443569 37.68101883 0.71468300
v -7.32308483 37.66169739 0.71836102
v -7.01410055 37.51214981 0.74693602
v -6.98549557 37.50721741 0.74788398
v -6.95670223 37.50350571 0.74859703
v -6.92777252 37.50102615 0.74907398
v -6.89876270 37.49977493 0.74931401
v -6.86972332 37.49976349 0.74931598
v -6.84071112 37.50098038 0.74908203
v -6.81177807 37.50342941 0.74861097
v -6.78298235 37.50711441 0.74790299
v -6.75437212 37.51201630 0.74696100
v -6.69792557 37.52544403 0.74438202
v -6.72599745 37.51811600 0.74578798
v -6.67019320 37.53394699 0.74274898
v -6.64285994 37.54362488 0.74089098
v -6.58958912 37.56642151 0.73651499
v -6.56375074 37.57950592 0.73400497
v -6.46745253 37.64289474 0.72193998
v -6.53867626 37.59369278 0.73128802
v -6.51421404 37.60907745 0.72836798
v -6.49045610 37.62548828 0.72525001
v -6.61597347 37.55445480 0.73881203
v -6.27491856 37.88936234 0.67493498
v -6.28722334 37.86354446 0.67986399
v -6.40335417 37.70072937 0.71092701
v -6.36511087 37.74360657 0.70275301
v -6.38375092 37.72175980 0.70691901
v -6.34744310 37.76622009 0.69843900
v -6.31518364 37.81359863 0.68939799
v -6.33079338 37.78956985 0.69398397
v -6.30065489 37.83827591 0.68468797
v -6.26375961 37.91567993 0.66991001
v -6.25377893 37.94245148 0.66479802
v -6.42386007 37.68054962 0.71477199
v -6.44523287 37.66125488 0.71844602
v -7.40269041 38.56180954 0.54656398
v -7.38403559 38.58365631 0.54239798
v -7.22911596 38.71190643 0.51802802
v -7.36444092 38.60470581 0.53838903
v -7.34393263 38.62490463 0.53454399
v -7.32255697 38.64422226 0.53087097
v -7.27733421 38.68004227 0.52406597
v -7.30034161 38.66260910 0.52737600
v -7.25358438 38.69649887 0.52094901
v -7.20404768 38.72610474 0.51531100
v -7.17820358 38.73913956 0.51280099
v -7.15182114 38.75108337 0.51050502
v -7.06987095 38.78002167 0.50493503
v -7.04179192 38.78730392 0.50352901
v -7.12493277 38.76187897 0.50842500
v -7.09759903 38.77152634 0.50656700
v -7.53677511 38.28049850 0.60026902
v -7.52282810 38.33581543 0.58970600
v -7.53040695 38.30830383 0.59495902
v -7.48058367 38.44185638 0.56945300
v -7.46713829 38.46711349 0.56462801
v -7.45260477 38.49178696 0.55991799
v -7.43700552 38.51582718 0.55533201
v -7.50404358 38.38973618 0.57940698
v -7.49287271 38.41603470 0.57438099
v -7.51401472 38.36296844 0.58451700
v -7.54581547 38.22420502 0.61102003
v -7.54985189 38.16734314 0.62187302
v -7.54988146 38.13893890 0.62731397
v -7.54846573 38.19581985 0.61643898
v -7.54192209 38.25244904 0.60562700
v -7.42034721 38.53917313 0.55087698
v -7.01342249 38.79341125 0.50235498
v -6.98481178 38.79829407 0.50141299
v -6.95601416 38.80195999 0.50070500
v -6.92708158 38.80440903 0.50023401
v -6.89806938 38.80562592 0.50000000
v -6.86903095 38.80561066 0.50000298
v -6.84002113 38.80436325 0.50024301
v -6.81109190 38.80189133 0.50072002
v -6.78229761 38.79819107 0.50143301
v -6.75369263 38.79327011 0.50238001
v -6.72532892 38.78714371 0.50356001
v -6.69725990 38.77981949 0.50497103
v -6.64221525 38.76163483 0.50847298
v -6.66953707 38.77131653 0.50660998
v -6.38330126 38.58314514 0.54249501
v -6.36467934 38.56126785 0.54666400
v -6.61534071 38.75080490 0.51055700
v -6.58896446 38.73884583 0.51285899
v -6.56314278 38.72577286 0.51537299
v -6.53808689 38.71155548 0.51809502
v -6.51364088 38.69610596 0.52102000
v -6.48990059 38.67963791 0.52414298
v -6.46690845 38.66218948 0.52745801
v -6.44471455 38.64377594 0.53095698
v -6.42336082 38.62443161 0.53463298
v -6.40287638 38.60421371 0.53848201
v -6.30031490 38.46652222 0.56474298
v -6.28691626 38.44123840 0.56956899
v -6.33040905 38.51525497 0.55544001
v -6.31482601 38.49120712 0.56002998
v -6.34703445 38.53862762 0.55098200
v -6.27464151 38.41541290 0.57450002
v -6.26351070 38.38909531 0.57952702
v -6.25355482 38.36232376 0.58464003
v -4.76200438 30.38562584 0.78137797
v -5.00972939 30.35619736 0.86334002
v -3.99929905 30.45172119 0.59732401
v -4.25630665 30.43343353 0.64824301
v -3.47940922 30.47689629 0.52726901
v -3.21751666 30.48373222 0.50826502
v -3.74016881 30.46621895 0.55697399
v -4.51070404 30.41138649 0.70963299
v -4.25633144 30.93104744 0.81660903
v -3.99932170 30.94935799 0.76569003
v -3.74019122 30.96386909 0.72534001
v -3.47943377 30.97455978 0.69563401
v -3.21754503 30.98140335 0.67663097
v -2.95498991 30.48671722 0.50000000
v -2.69232774 30.48584175 0.50248802
v -2.43003178 30.48110962 0.51572502
v -2.16860080 30.47253036 0.53968602
v -1.90853155 30.46011734 0.57432401
v -1.65031946 30.44389725 0.61957502
v -2.95502257 30.98439026 0.66836500
v -2.69236588 30.98351479 0.67085397
v -2.43007302 30.97877693 0.68409097
v -2.16864514 30.97018814 0.70805103
v -1.90857732 30.95776367 0.74269003
v -1.65036488 30.94152451 0.78794098
v -1.39445758 30.42390060 0.67535198
v -1.14143026 30.40016365 0.74154800
v -0.89172029 30.37273407 0.81803900
v -1.39449871 30.92150307 0.84371698
v -5.49257994 30.28657150 1.05727601
v -5.25340986 30.32315826 0.95536399
v -5.72678518 30.24650574 1.16887999
v -5.95557976 30.20304298 1.28996503
v -4.76204014 30.88318253 0.94974297
v -5.00977898 30.85371780 1.03170502
v -5.49266958 30.78400040 1.22564101
v -5.25347662 30.82063675 1.12372994
v -4.51073217 30.90897560 0.87799799
v -6.17852736 30.15625572 1.42029905
v -5.72690392 30.74388123 1.33724594
v -5.95573378 30.70034981 1.45833004
v -6.17872620 30.65349007 1.58866405
v -0.64580417 30.34165955 0.90467697
v -0.40414968 30.30700493 1.00129998
v -0.16721535 30.26883316 1.10772097
v -1.14146602 30.89773941 0.90991402
v -0.89174676 30.87027550 0.98640400
v -0.64581501 30.83916473 1.07304299
v -0.40414059 30.80446243 1.16966498
v -0.16718054 30.76623726 1.27608597
v -5.66212225 37.17227173 0.50000000
v -6.23738956 37.99715042 0.65435702
v -6.21933365 38.10974884 0.63287699
v -6.22197580 38.08132935 0.63829702
v -6.23101568 38.02497864 0.64904702
v -6.22586679 38.05305481 0.64369100
v -6.24496555 37.96962357 0.65961200
v -6.23087358 38.27983475 0.60039699
v -6.24478674 38.33515549 0.58982903
v -6.23721933 38.30764389 0.59508502
v -6.22190237 38.22352982 0.61114800
v -6.21791506 38.16666412 0.62200302
v -6.21794128 38.13825989 0.62744200
v -6.21928263 38.19514084 0.61656803
v -6.22577143 38.25177765 0.60575402
v -5.66212225 40.00000000 0.50000000
v -2.10557151 37.22349548 0.50000000
v -2.10557151 40.00000000 0.50000000
v -1.42075968 38.54637527 0.52920502
v -1.43738341 38.57004166 0.53175801
v -1.38448989 38.50129700 0.52434301
v -1.40312052 38.52344131 0.52673203
v -1.20464969 38.35689163 0.50880599
v -1.17882693 38.34364319 0.50736600
v -1.32307291 38.43991089 0.51773298
v -1.27790189 38.40357971 0.51383197
v -1.30087960 38.42126846 0.51572901
v -1.25415254 38.38692474 0.51204199
v -1.22971439 38.37127304 0.51036698
v -1.34443355 38.45948792 0.51984000
v -1.36492157 38.47995758 0.52204502
v -1.46747243 38.61940384 0.53708702
v -1.48087621 38.64500427 0.53985202
v -1.49315691 38.67115784 0.54267699
v -1.50427961 38.69781876 0.54555601
v -1.45296299 38.59439850 0.53438699
v -1.12557912 38.32054901 0.50485402
v -1.09825730 38.31073761 0.50378698
v -1.15245891 38.33150482 0.50604898
v -1.04246640 38.29468918 0.50204003
v -1.07053316 38.30211639 0.50284803
v -1.01410043 38.28849030 0.50136298
v -0.98549515 38.28350449 0.50082099
v -0.95670116 38.27975464 0.50041300
v -0.92777228 38.27724457 0.50014001
v -0.89876139 38.27598572 0.50000203
v -0.86972320 38.27597046 0.50000000
v -0.84071070 38.27719879 0.50013500
v -0.81178021 38.27967834 0.50040501
v -0.78298169 38.28339767 0.50081003
v -1.51425111 38.72492599 0.54848599
v -1.52300930 38.75244522 0.55145800
v -1.53056836 38.78031921 0.55446798
v -1.53691316 38.80848694 0.55751097
v -1.54203415 38.83690262 0.56058103
v -1.54588962 38.86552429 0.56366998
v -1.54851437 38.89427948 0.56677502
v -1.54986858 38.92312622 0.56988800
v -1.54986525 38.95189285 0.57300502
v -1.54845965 38.98076248 0.57611698
v -1.54581916 39.00953674 0.57922202
v -1.54191828 39.03816223 0.58231097
v -1.53677428 39.06659317 0.58537900
v -1.53041387 39.09477234 0.58842200
v -1.52281082 39.12264252 0.59143102
v -1.51401591 39.15015793 0.59440303
v -1.50403237 39.17726898 0.59733099
v -1.49287295 39.20391846 0.60020900
v -1.48057187 39.23006821 0.60303301
v -1.46713710 39.25565720 0.60579598
v -1.45260561 39.28064728 0.60849398
v -1.43699861 39.30498505 0.61112100
v -1.42034686 39.32862854 0.61367297
v -1.40268540 39.35153961 0.61614501
v -1.38403559 39.37366486 0.61853099
v -1.36443865 39.39496613 0.62082702
v -1.34394228 39.41541672 0.62303001
v -1.32255256 39.43494797 0.62513298
v -1.30033958 39.45355225 0.62713498
v -1.27733397 39.47118759 0.62903100
v -1.25358510 39.48782349 0.63081801
v -1.22911441 39.50340271 0.63248998
v -1.20404732 39.51778412 0.63404799
v -1.17820561 39.53101730 0.63548499
v -1.15181684 39.54312515 0.63679999
v -1.12493229 39.55408859 0.63799101
v -1.09759808 39.56388092 0.63905501
v -1.06986856 39.57249451 0.63999099
v -1.04179287 39.57989883 0.64079601
v -1.01342142 39.58608246 0.64146799
v -0.98481065 39.59104919 0.64200801
v -0.95601296 39.59476852 0.64241302
v -0.92708075 39.59725189 0.64268303
v -0.89806890 39.59849167 0.64281797
v -0.81109113 39.59469604 0.64240497
v -0.78229612 39.59094238 0.64199698
v -0.86903095 39.59847260 0.64281601
v -0.84001964 39.59721375 0.64267898
v -0.75437188 38.28835678 0.50134897
v -0.72600085 38.29453278 0.50202203
v -0.69792444 38.30192947 0.50282699
v -0.67019272 38.31052017 0.50376302
v -0.64285558 38.32028961 0.50482798
v -0.61597574 38.33124924 0.50601798
v -0.58958870 38.34334183 0.50733298
v -0.56374860 38.35655975 0.50877100
v -0.53867638 38.37092972 0.51032799
v -0.51421446 38.38653946 0.51200098
v -0.49045861 38.40318680 0.51378697
v -0.46745199 38.42083740 0.51568300
v -0.44523767 38.43945312 0.51768500
v -0.42385861 38.45901108 0.51978898
v -0.40335399 38.47946548 0.52199101
v -0.38375479 38.50077057 0.52428800
v -0.36510894 38.52290726 0.52667397
v -0.34744218 38.54581833 0.52914500
v -0.33079487 38.56946945 0.53169602
v -0.31518281 38.59380722 0.53432399
v -0.30065218 38.61879730 0.53702199
v -0.28722465 38.64438629 0.53978503
v -0.27491641 38.67052841 0.54260898
v -0.26375449 38.69717407 0.54548800
v -0.25377846 38.72428131 0.54841501
v -0.24497722 38.75178528 0.55138701
v -0.23737949 38.77964783 0.55439699
v -0.23101778 38.80781174 0.55743802
v -0.22587499 38.83622742 0.56050700
v -0.22196639 38.86483383 0.56359702
v -0.21933255 38.89359283 0.56669998
v -0.21793306 38.92243958 0.56981403
v -0.21792395 38.95120621 0.57292998
v -0.21927710 38.98007202 0.57604402
v -0.22190244 39.00885010 0.57914799
v -0.22576825 39.03748322 0.58223802
v -0.58896559 39.53070831 0.63545102
v -0.40287581 39.39446640 0.62077302
v -0.46690848 39.45312500 0.62708902
v -0.44471925 39.43449402 0.62508398
v -0.42335656 39.41493225 0.62297797
v -0.56313992 39.51744843 0.63401097
v -0.53808719 39.50304413 0.63245100
v -0.48989999 39.47077942 0.62898701
v -0.51363689 39.48743439 0.63077599
v -0.75369138 39.58594894 0.64145398
v -0.72532773 39.57973099 0.64077801
v -0.69725871 39.57229996 0.63997000
v -0.66953784 39.56366348 0.63903099
v -0.64221358 39.55384064 0.63796401
v -0.61533767 39.54285431 0.63677001
v -0.23088057 39.06591797 0.58530700
v -0.25355092 39.14950943 0.59433299
v -0.24478668 39.12197876 0.59135997
v -0.26350579 39.17662811 0.59726202
v -0.23721758 39.09410095 0.58835000
v -0.27464011 39.20328903 0.60014099
v -0.30031770 39.25505447 0.60573101
v -0.31482807 39.28005600 0.60843003
v -0.28691664 39.22945023 0.60296601
v -0.34703112 39.32807541 0.61361402
v -0.33040580 39.30441284 0.61106002
v -0.36467671 39.35099792 0.61608702
v -0.38329959 39.37314606 0.61847502
v -6.80810833 29.99691200 1.86423504
v -6.60551119 30.55014610 1.87607300
v -7.00355053 29.93779945 2.02891898
v -6.80849361 30.49385262 2.03259993
v -7.19114828 29.87586594 2.20144606
v -7.37054396 29.81122780 2.38148808
v -7.19171572 30.37255287 2.36981106
v -7.00401926 30.43461800 2.19728398
v -7.54139423 29.74400902 2.56870198
v -7.37122774 30.30776978 2.54985404
v -8.40858173 28.13027000 3.50000000
v -7.85617542 29.60235023 2.96320796
v -7.70337296 29.67433929 2.76273203
v -7.54221487 30.24039078 2.73706794
v -7.70435381 30.17054176 2.93109798
v -7.99950647 29.52817726 3.16974902
v -7.85733652 30.09834480 3.13157392
v -8.13309765 29.45196915 3.38196206
v -8.20268631 29.40784073 3.50000000
v -8.00087261 30.02393532 3.33811498
v -8.13866425 29.79572678 3.50000000
v -8.11258221 29.92087746 3.50000000
v -8.10757256 29.94789314 3.50000000
v -8.10444641 29.96428680 3.50000000
v -8.00030804 30.02438736 3.50000000
v -7.85607290 30.09933090 3.50000000
v -8.40858173 31.18900108 3.50000000
v -7.70244455 30.17200089 3.50000000
v -7.53972149 30.24226952 3.50000000
v -7.36821890 30.31001663 3.50000000
v -7.18826437 30.37512398 3.50000000
v -7.00020170 30.43747139 3.50000000
v -6.80438757 30.49695206 3.50000000
v -6.60119534 30.55345726 3.50000000
v -6.39100790 30.60688400 3.50000000
v -8.10567093 38.03516006 2.53124094
v -7.88738775 38.03516006 2.53124094
v -7.89803696 37.95444870 2.60652137
v -7.89800644 37.95508957 2.60592341
v -7.89794827 37.95574570 2.60530972
v -7.89801550 37.95322037 2.60766864
v -7.89803934 37.95382309 2.60710335
v -7.89736700 37.94997025 2.61069679
v -7.89718294 37.94949722 2.61113906
v -7.89796591 37.95262909 2.60821700
v -7.89789200 37.95206070 2.60874820
v -7.89779472 37.95151138 2.60926199
v -7.89767361 37.95097733 2.60975814
v -7.89753103 37.95046616 2.61023641
v -7.89697886 37.94904327 2.61156344
v -7.89675570 37.94860840 2.61196947
v -7.89538145 37.94672012 2.61372924
v -7.89505959 37.94639969 2.61402726
v -7.89651442 37.94819260 2.61235762
v -7.89625597 37.94779587 2.61272740
v -7.89598036 37.94741821 2.61307931
v -7.89568853 37.94705963 2.61341333
v -7.89472294 37.94610214 2.61430717
v -7.89437294 37.94581985 2.61456943
v -7.89400959 37.94555664 2.61481404
v -7.89363384 37.94531250 2.61504102
v -8.10567093 38.20067596 2.50399184
v -7.88814783 38.20067596 2.50399184
v -7.90551376 38.72750092 2.50069404
v -7.90543652 39.10887527 2.42769408
v -8.10567093 39.51807404 2.49574494
v -7.90542459 39.12273788 2.49821973
v -6.88389635 39.68770981 2.31694293
v -7.23213148 39.51807404 2.49574494
v -6.53561401 39.51807404 2.49574494
v -6.88389635 39.74311066 2.59921885
v -8.10567093 37.72142410 2.82386231
v -8.10567093 37.63586807 3.01404119
v -8.10567093 39.92549133 2.68307662
v -8.10567093 40.00000000 2.76302099
v -7.81032276 37.89761353 2.65953088
v -7.49965715 37.72142410 2.82386231
v -6.88389635 37.37227249 2.75994706
v -6.26818657 37.72142410 2.82386231
v -7.34883690 37.63586807 3.01404119
v -6.41907501 37.63586807 3.01404119
v -8.10567093 37.17227173 3.34836388
v -8.10567093 37.67860794 3.34836388
v -7.42423344 37.67861176 3.34836388
v -6.88389635 37.37229538 3.34836388
v -7.02897406 37.45454407 3.34836388
v -6.73885584 37.45454407 3.34836388
v -6.34359741 37.67861176 3.34836388
v -3.62586284 28.57518005 2.83279204
v -3.34686303 28.59289932 2.78335404
v -3.20591068 28.59867096 2.76726389
v -3.48693609 28.58506203 2.80521011
v -4.03312302 28.53342628 2.94930196
v -4.16484451 28.51556778 2.99914908
v -4.29412699 28.49579239 3.05435109
v -3.76337457 28.56325912 2.86604404
v -3.89921618 28.54933548 2.90490603
v -4.78203964 28.39831352 3.32646203
v -5.11604881 28.36603737 3.50000000
v -5.08044767 28.35410118 3.50000000
v -4.89555073 28.36958504 3.40666795
v -5.06453037 28.34882545 3.50000000
v -5.05543137 28.34585953 3.50000000
v -5.04207182 28.34169579 3.50000000
v -5.04948950 28.34396553 3.50000000
v -5.04526329 28.34265327 3.50000000
v -5.00523424 28.33921432 3.49145293
v -5.01606560 28.33535767 3.50000000
v -4.42072535 28.47413445 3.11480308
v -4.54440117 28.45063972 3.18039107
v -4.66491556 28.42535019 3.25098801
v -3.18394470 28.33509254 3.50000000
v -6.17422390 30.65714073 3.50000000
v -5.95125055 30.70413208 3.50000000
v -5.72251129 30.74777603 3.50000000
v -5.48843384 30.78799057 3.50000000
v -5.24946165 30.82470512 3.50000000
v -5.00604200 30.85785103 3.50000000
v -4.75863409 30.88736725 3.50000000
v -4.50770283 30.91320610 3.50000000
v -4.25371933 30.93531036 3.50000000
v -3.99716115 30.95364761 3.50000000
v -3.73850965 30.96817970 3.50000000
v -3.47825289 30.97888374 3.50000000
v -3.21687961 30.98573685 3.50000000
v -3.06434441 28.60236740 2.75696993
v -2.92243552 28.60397911 2.75249290
v -2.78045464 28.60350609 2.75384092
v -2.63867116 28.60095024 2.76101089
v -2.49735451 28.59631157 2.77398896
v -2.35677361 28.58959961 2.79275203
v -2.21719766 28.58083344 2.81726289
v -2.07889175 28.57002449 2.84747601
v -1.94211841 28.55719185 2.88333201
v -1.80713868 28.54236603 2.92476392
v -1.67420948 28.52556992 2.97169399
v -1.54358184 28.50683594 3.02402997
v -1.41550791 28.48620224 3.08167505
v -1.29022849 28.46370697 3.14451790
v -1.16798472 28.43939209 3.21244001
v -1.04900563 28.41330719 3.28531098
v -0.93352294 28.38549614 3.36299300
v -1.07124734 28.33388710 3.50000000
v -0.82175201 28.35601616 3.44533706
v -0.90138006 28.33389854 3.50000000
v -0.89773762 28.33390236 3.50000000
v -0.85014379 28.33395195 3.50000000
v -0.83640939 28.33426476 3.50000000
v -0.75258893 28.33499718 3.50000000
v -0.72802556 28.34158897 3.50000000
v -0.72522718 28.34241295 3.50000000
v -0.72161591 28.34351349 3.50000000
v -0.70956528 28.34736061 3.50000000
v -0.71671075 28.34505653 3.50000000
v -0.69802433 28.35115623 3.50000000
v -0.67588389 28.35853958 3.50000000
v -0.61495817 28.37905121 3.50000000
v -2.95488095 30.98872757 3.50000000
v -2.69275022 30.98785019 3.50000000
v -2.43097854 30.98310852 3.50000000
v -2.17006111 30.97450638 3.50000000
v -1.91048515 30.96206474 3.50000000
v -1.65273964 30.94580460 3.50000000
v -1.39730954 30.92575073 3.50000000
v -1.14467573 30.90195084 3.50000000
v -0.89531201 30.87443733 3.50000000
v -0.64968675 30.84326744 3.50000000
v -0.40826422 30.80849457 3.50000000
v -0.17149606 30.77018547 3.50000000
v -5.88040543 38.03516006 2.53124094
v -5.86975384 37.95381165 2.60711741
v -5.86975622 37.95443344 2.60653591
v -5.86984301 37.95573044 2.60532522
v -5.86978579 37.95507431 2.60593843
v -5.86977863 37.95320511 2.60768247
v -5.87061501 37.94948578 2.61114979
v -5.86982822 37.95261765 2.60823035
v -5.86990261 37.95204926 2.60876107
v -5.87000132 37.95149612 2.60927439
v -5.87026548 37.95045471 2.61024809
v -5.87042999 37.94995880 2.61070800
v -5.87012243 37.95096588 2.60977006
v -5.87342834 37.94581223 2.61457586
v -5.87307787 37.94609451 2.61431408
v -5.87274122 37.94639206 2.61403441
v -5.87181950 37.94740677 2.61308789
v -5.87154388 37.94778442 2.61273646
v -5.87128448 37.94818115 2.61236691
v -5.87211132 37.94705200 2.61342144
v -5.87241888 37.94671249 2.61373687
v -5.87104321 37.94859695 2.61197925
v -5.87081957 37.94903183 2.61157370
v -5.87416840 37.94530869 2.61504650
v -5.87379217 37.94555283 2.61482000
v -5.66212225 38.03516006 2.53124094
v -5.87964487 38.20067596 2.50399184
v -5.86227942 38.72749710 2.50069380
v -5.66212225 38.20067596 2.50399184
v -5.86235666 39.10887527 2.42769289
v -5.86236858 39.12273788 2.49821973
v -5.66212225 39.51807404 2.49574494
v -1.90543664 38.13485718 2.44615889
v -1.90557146 39.30696869 2.57304192
v -0.88389653 37.54864120 2.38271689
v -5.95747089 37.89761353 2.65953088
v -5.66212225 37.72142410 2.82386231
v -5.66212225 37.63586807 3.01404119
v -5.66212225 39.92549133 2.68307662
v -5.66212225 40.00000000 2.76302099
v -5.66212225 37.17227173 3.34836388
v -5.66212225 37.67861176 3.34836388
v -2.10557151 37.80912018 2.81901383
v -1.90541351 38.09358978 2.81723332
v -2.10557151 37.64360428 2.84626293
v -2.10557151 39.12651443 2.81076789
v -1.90553212 39.12651443 2.81076789
v -1.90554821 39.30701828 2.89376354
v -2.10557151 39.53393555 2.99809790
v -1.41593122 37.80912018 2.81901383
v -0.60017228 37.66069794 2.84344864
v -0.47746640 37.73481369 2.83124709
v -0.35186082 37.80912018 2.81901383
v -1.13609684 37.64360428 2.84626293
v -0.88389653 37.48026657 2.99860573
v -0.62934595 37.64360428 2.84626293
v -0.88389552 39.89347458 2.63648391
v -1.51021302 39.53393555 2.99809790
v -0.25750747 39.53393555 2.99809790
v -2.10557151 37.32986450 3.13888550
v -2.10557151 37.22349548 3.32347178
v -2.10557151 37.24683380 3.32347178
v -2.10557151 39.75833130 3.23886132
v -2.10557151 39.74591827 3.32347178
v -2.10557151 40.00000000 3.32347178
v -1.11930788 39.75833130 3.23886132
v -0.64843929 39.75833130 3.23886132
v -1.14094424 39.74592209 3.32347178
v -0.88389552 39.89347076 3.32347178
v -0.62681764 39.74592209 3.32347178
v 2.70138478 12.58942890 0.50000000
v 4.93065548 10.00000000 0.50000000
v 5.58658314 10.93682289 0.50223100
v 5.60215998 10.91231537 0.50228500
v 5.63643074 10.86544037 0.50238800
v 5.65506029 10.84316063 0.50243700
v 5.61879683 10.88851547 0.50233603
v 5.83490133 10.69793034 0.50275701
v 5.69511557 10.80110741 0.50252998
v 5.76165771 10.74489880 0.50265402
v 5.71648026 10.78142357 0.50257301
v 5.73867035 10.76267052 0.50261497
v 5.67463541 10.82170582 0.50248402
v 5.78540039 10.72814083 0.50269002
v 5.80984449 10.71241570 0.50272501
v 5.86072636 10.68459702 0.50278598
v 5.88709831 10.67238617 0.50281399
v 5.91397047 10.66133118 0.50283903
v 5.94129753 10.65146637 0.50286001
v 5.96901941 10.64278603 0.50287902
v 5.99708462 10.63529491 0.50289702
v 6.02545214 10.62905979 0.50291002
v 6.05405664 10.62404442 0.50292099
v 6.08284903 10.62024403 0.50293100
v 6.11178112 10.61774445 0.50293499
v 6.14079094 10.61647224 0.50293797
v 6.16982889 10.61645699 0.50293797
v 6.19884062 10.61770058 0.50293499
v 6.22777319 10.62019062 0.50292999
v 5.55867767 10.98774052 0.50211799
v 5.53526974 11.04088020 0.50200099
v 5.54639959 11.01405716 0.50206000
v 5.51654625 11.09585094 0.50187898
v 5.50898361 11.12389565 0.50181699
v 5.50262976 11.15224266 0.50175500
v 5.52530622 11.06815910 0.50194103
v 5.57208109 10.96197987 0.50217497
v 5.49753046 11.18084431 0.50169098
v 5.49365759 11.20964336 0.50162798
v 5.49104404 11.23858547 0.50156403
v 5.48968410 11.26761818 0.50150001
v 5.48970032 11.29656029 0.50143600
v 5.49109221 11.32559204 0.50137198
v 5.49374008 11.35453224 0.50130802
v 5.49762726 11.38332748 0.50124502
v 5.50277758 11.41192055 0.50118101
v 5.50914526 11.44026375 0.50111902
v 5.51674032 11.46829891 0.50105703
v 5.52553654 11.49597836 0.50099599
v 5.53551626 11.52325153 0.50093597
v 5.54667902 11.55006123 0.50087601
v 5.55898428 11.57636452 0.50081801
v 5.57240629 11.60211563 0.50076199
v 5.58694696 11.62725067 0.50070602
v 5.60254955 11.65174007 0.50065202
v 5.61920547 11.67552948 0.50059903
v 5.63686132 11.69858742 0.50054902
v 5.65551901 11.72084332 0.50049901
v 5.67511272 11.74228191 0.50045198
v 5.69561481 11.76285839 0.50040698
v 5.71699905 11.78252029 0.50036299
v 5.73921204 11.80124664 0.50032198
v 5.76220846 11.81900787 0.50028402
v 5.78597498 11.83573341 0.50024599
v 5.81043625 11.85142994 0.50021201
v 5.83550930 11.86588478 0.50018001
v 4.93065548 12.66829300 0.50000000
v 5.86134672 11.87919807 0.50015098
v 5.88773394 11.89137554 0.50012398
v 5.91462040 11.90239334 0.50009900
v 5.94195366 11.91224003 0.50007701
v 5.96968317 11.92089653 0.50005800
v 5.99776077 11.92833614 0.50004101
v 6.02613068 11.93455791 0.50002700
v 6.05474186 11.93954563 0.50001597
v 6.08353901 11.94329166 0.50000799
v 6.11247110 11.94579124 0.50000298
v 6.14148331 11.94702816 0.50000000
v 6.17052078 11.94701767 0.50000000
v 6.19953156 11.94573975 0.50000203
v 6.22846127 11.94321823 0.50000799
v 2.70138478 22.68512344 0.50000000
v 2.47974396 22.03054619 1.74458003
v 6.25657225 10.62393093 0.50292200
v 6.28518105 10.62892914 0.50291002
v 6.31355333 10.63514042 0.50289702
v 6.34162760 10.64259338 0.50287998
v 6.36935854 10.65124512 0.50286102
v 6.39669132 10.66109180 0.50283903
v 6.42357969 10.67210960 0.50281501
v 6.44996834 10.68428135 0.50278801
v 6.47580242 10.69760323 0.50275701
v 6.50087833 10.71205425 0.50272602
v 6.52534389 10.72774220 0.50269198
v 6.54909325 10.74449253 0.50265402
v 6.57209921 10.76224041 0.50261497
v 6.59432220 10.78095436 0.50257498
v 6.61569309 10.80063152 0.50253099
v 6.63620520 10.82119846 0.50248599
v 6.65579271 10.84264374 0.50243801
v 6.67444229 10.86490536 0.50238901
v 6.69210720 10.88795567 0.50233799
v 6.70876169 10.91174412 0.50228602
v 6.72436857 10.93623161 0.50223202
v 6.47640991 11.86555386 0.50018102
v 6.50146627 11.85107136 0.50021303
v 6.52591133 11.83534622 0.50024700
v 6.63668680 11.74179077 0.50045401
v 6.57263947 11.80081081 0.50032300
v 6.54965210 11.81858540 0.50028402
v 6.59483862 11.78206730 0.50036502
v 6.61619234 11.76237392 0.50040799
v 6.73889685 10.96137524 0.50217599
v 6.75232744 10.98712063 0.50211900
v 6.76463413 11.01342297 0.50206101
v 6.77579498 11.04023361 0.50200200
v 6.78577328 11.06750774 0.50194103
v 6.79457951 11.09518433 0.50188100
v 6.80216551 11.12322330 0.50181901
v 6.80854511 11.15156364 0.50175703
v 6.81367493 11.18016052 0.50169301
v 6.81758499 11.20895386 0.50163001
v 6.82021952 11.23789501 0.50156498
v 6.82161093 11.26692677 0.50150102
v 6.82163572 11.29586983 0.50143802
v 6.82027626 11.32490158 0.50137401
v 6.81764984 11.35384369 0.50130898
v 6.81379223 11.38264370 0.50124598
v 6.72472477 11.62665844 0.50070697
v 6.77604723 11.52260685 0.50093699
v 6.78600073 11.49532413 0.50099701
v 6.80867243 11.41124153 0.50118202
v 6.80232811 11.43958950 0.50111902
v 6.79478741 11.46764088 0.50105900
v 6.75264359 11.57574749 0.50081998
v 6.76491165 11.54942799 0.50087702
v 6.73923492 11.60150528 0.50076300
v 6.67487383 11.69803810 0.50054902
v 6.65624857 11.72032261 0.50050002
v 6.70915318 11.65116882 0.50065398
v 6.69252253 11.67497444 0.50060099
v 7.37730312 10.00000000 0.50000000
v 6.25725698 11.93945408 0.50001699
v 6.28586054 11.93442345 0.50002700
v 6.31422710 11.92818546 0.50004202
v 6.34229326 11.92070198 0.50005800
v 6.37001419 11.91201782 0.50007701
v 6.39733744 11.90214443 0.50009900
v 6.42421246 11.89109612 0.50012398
v 6.45059061 11.87890053 0.50015199
v 7.37730312 12.66829300 0.50000000
v 10.00000000 10.00000000 0.00000000
v 10.00000000 12.50000000 0.00000000
v 10.97283649 11.13519478 0.00000000
v 11.00055885 11.08332920 0.00000000
v 11.03786755 11.03786755 0.00000000
v 11.08332920 11.00055885 0.00000000
v 10.95576477 11.19147301 0.00000000
v 10.94999981 11.25000000 0.00000000
v 10.95576477 11.30852699 0.00000000
v 10.97283649 11.36480522 0.00000000
v 11.13519478 10.97283649 0.00000000
v 11.19147301 10.95576477 0.00000000
v 11.25000000 10.94999981 0.00000000
v 11.30852699 10.95576477 0.00000000
v 11.00055885 11.41667080 0.00000000
v 11.03786755 11.46213245 0.00000000
v 11.08332920 11.49944115 0.00000000
v 11.13519478 11.52716351 0.00000000
v 11.19147301 11.54423523 0.00000000
v 11.25000000 11.55000019 0.00000000
v 11.30852699 11.54423523 0.00000000
v 11.36480522 10.97283649 0.00000000
v 11.41667080 11.00055885 0.00000000
v 11.46213245 11.03786755 0.00000000
v 11.49944115 11.08332920 0.00000000
v 11.52716351 11.13519478 0.00000000
v 11.54423523 11.19147301 0.00000000
v 11.55000019 11.25000000 0.00000000
v 11.54423523 11.30852699 0.00000000
v 11.52716351 11.36480522 0.00000000
v 11.41667080 11.49944115 0.00000000
v 11.36480522 11.52716351 0.00000000
v 11.46213245 11.46213245 0.00000000
v 11.49944115 11.41667080 0.00000000
v 12.50000000 10.00000000 0.00000000
v 10.97283649 11.13519478 0.27500001
v 11.00055885 11.08332920 0.27499998
v 11.03786755 11.03786755 0.27500001
v 11.08332920 11.00055885 0.27500001
v 10.95576477 11.19147301 0.27500001
v 10.94999981 11.25000000 0.27500001
v 10.95576477 11.30852699 0.27500001
v 10.97283649 11.36480522 0.27500001
v 11.13519478 10.97283649 0.27500001
v 11.19147301 10.95576477 0.27500001
v 11.25000000 10.94999981 0.27500001
v 11.30852699 10.95576477 0.27500001
v 11.00055885 11.41667080 0.27499998
v 11.03786755 11.46213245 0.27500001
v 11.08332920 11.49944115 0.27500001
v 11.13519478 11.52716351 0.27500001
v 11.19147301 11.54423523 0.27500001
v 11.25000000 11.55000019 0.27500001
v 11.30852699 11.54423523 0.27500001
v 11.36480522 10.97283649 0.27500001
v 11.41667080 11.00055885 0.27500001
v 11.46213245 11.03786755 0.27500001
v 11.49944115 11.08332920 0.27499998
v 11.52716351 11.13519478 0.27500001
v 11.54423523 11.19147301 0.27500001
v 11.55000019 11.25000000 0.27500001
v 11.54423523 11.30852699 0.27500001
v 11.52716351 11.36480522 0.27500001
v 11.41667080 11.49944115 0.27500001
v 11.36480522 11.52716351 0.27500001
v 11.46213245 11.46213150 0.27500001
v 11.49944115 11.41667080 0.27499998
v 12.50000000 12.50000000 0.00000000
v 10.00000000 10.00000000 0.50000000
v 10.87876892 10.87876892 0.50000000
v 10.73508739 11.14757729 0.50000000
v 10.72500038 11.25000000 0.50000000
v 10.73508739 11.35242271 0.50000000
v 10.76496315 11.04909134 0.50000000
v 10.81347847 10.95832539 0.50000000
v 10.76496315 11.45090866 0.50000000
v 10.81347847 11.54167461 0.50000000
v 10.87876892 11.62123108 0.50000000
v 10.00000000 12.50000000 0.50000000
v 10.95832539 10.81347847 0.50000000
v 11.04909134 10.76496315 0.50000000
v 11.14757729 10.73508739 0.50000000
v 11.25000000 10.72500038 0.50000000
v 11.35242271 10.73508739 0.50000000
v 11.45090866 10.76496315 0.50000000
v 11.54167461 10.81347847 0.50000000
v 11.62123108 10.87876892 0.50000000
v 10.95832539 11.68652153 0.50000000
v 11.04909134 11.73503685 0.50000000
v 11.14757729 11.76491261 0.50000000
v 11.25000000 11.77499962 0.50000000
v 11.68652153 10.95832539 0.50000000
v 11.35242271 11.76491261 0.50000000
v 11.45090866 11.73503685 0.50000000
v 11.62123108 11.62123108 0.50000000
v 11.68652153 11.54167461 0.50000000
v 11.54167461 11.68652153 0.50000000
v 12.50000000 10.00000000 0.50000000
v 11.73503685 11.04909134 0.50000000
v 11.76491261 11.14757729 0.50000000
v 11.77499962 11.25000000 0.50000000
v 11.76491261 11.35242271 0.50000000
v 11.73503685 11.45090866 0.50000000
v 12.50000000 12.50000000 0.50000000
v 4.93065548 10.74677753 2.34492779
v 4.93065548 10.58126259 2.37217784
v 5.15472269 10.71599770 2.34999537
v 5.15519810 10.71451759 2.35023904
v 5.15573359 10.71306992 2.35047746
v 5.15395784 10.71904278 2.34949398
v 5.15366936 10.72060204 2.34923720
v 5.15344667 10.72218418 2.34897685
v 5.15319729 10.72540092 2.34844732
v 5.15328884 10.72378445 2.34871340
v 5.15317297 10.72703075 2.34817886
v 5.15430927 10.71750641 2.34974694
v 5.15632725 10.71165562 2.35071015
v 5.15768480 10.70893669 2.35115790
v 5.15697861 10.71027756 2.35093713
v 5.15844584 10.70763683 2.35137177
v 5.15375757 10.74677753 2.34492779
v 5.16199923 10.70287704 2.35215545
v 5.16300535 10.70180511 2.35233212
v 5.16514826 10.69981480 2.35265970
v 5.16405630 10.70078373 2.35250020
v 5.16628075 10.69889832 2.35281062
v 5.16865683 10.69723129 2.35308504
v 5.16745090 10.69803715 2.35295248
v 5.15925980 10.70637989 2.35157895
v 5.16103792 10.70399761 2.35197115
v 5.16012383 10.70516491 2.35177875
v 5.36272287 10.58126259 2.37217784
v 5.17028189 11.87269497 2.33788037
v 5.16895676 11.87167263 2.33788681
v 5.17165184 11.87365818 2.33787441
v 5.17306185 11.87456226 2.33786869
v 5.15456820 11.84264755 2.33806849
v 5.15464973 11.84431553 2.33805799
v 5.15480328 11.84597874 2.33804774
v 5.15502787 11.84763336 2.33803725
v 5.15569305 11.85090637 2.33801675
v 5.15532541 11.84927654 2.33802700
v 5.15613127 11.85251808 2.33800673
v 5.15721464 11.85567760 2.33798695
v 5.15663910 11.85410881 2.33799672
v 5.15785837 11.85721970 2.33797717
v 5.15856791 11.85873222 2.33796787
v 5.15934134 11.86021328 2.33795857
v 5.16107941 11.86306858 2.33794069
v 5.16017962 11.86165905 2.33794951
v 5.16203928 11.86443710 2.33793211
v 5.16305733 11.86576366 2.33792377
v 5.16526175 11.86827850 2.33790803
v 5.16413260 11.86704445 2.33791566
v 5.16644382 11.86946297 2.33790064
v 5.16767645 11.87059498 2.33789349
v 5.48405027 10.49437618 2.45321655
v 6.15565634 10.10662365 2.45407391
v 4.93065548 12.06417561 2.33668184
v 5.50176573 12.06417561 2.33668184
v 4.93065548 12.47159481 2.52401233
v 5.88394308 12.30888748 2.44920015
v 6.15565538 12.46576023 2.44885302
v 6.17822838 12.45312977 2.51552224
v 6.17766666 12.45345497 2.51567173
v 6.15565538 12.46593380 2.52140927
v 0.04110727 13.45083904 3.24322891
v 0.26790810 13.43530083 3.37381911
v 0.46464396 13.41781425 3.50000000
v 0.47327137 13.41860962 3.50000000
v 0.47378600 13.41867256 3.50000000
v 0.50232548 13.46676350 3.50000000
v 2.70138478 12.58942890 3.50000000
v 2.70138478 12.61925316 3.50000000
v 4.93065548 10.26752567 2.66479993
v 5.87694979 10.26752567 2.66479993
v 4.93065548 10.18197346 2.85497999
v 6.02511692 10.18197346 2.85497999
v 4.93065548 12.66829300 2.73506045
v 4.93065548 10.00000000 3.26724648
v 4.93065548 10.21940041 3.26724648
v 5.96026134 10.21940041 3.26724648
v 6.15565634 10.10658932 3.26724648
v 2.49699664 21.52957344 1.86815202
v 1.79207921 18.68465996 3.50000000
v 2.19688034 22.48173332 3.50000000
v 2.23047209 22.48254776 3.50000000
v 2.49937582 21.53085327 3.50000000
v 2.49186730 21.75122452 3.50000000
v 2.48498797 22.02734566 3.50000000
v 2.70138478 21.82010269 3.50000000
v 2.38807583 22.19512367 3.50000000
v 2.70138478 22.68512344 3.50000000
v 6.94858932 10.58126259 2.37217784
v 7.15284824 10.70760727 2.35137653
v 7.15361071 10.70890617 2.35116267
v 7.15431881 10.71024609 2.35094237
v 7.15497112 10.71162319 2.35071564
v 7.15610313 10.71448421 2.35024452
v 7.15556622 10.71303654 2.35048294
v 7.15657949 10.71596336 2.35000110
v 7.15734768 10.71900654 2.34949994
v 7.15699530 10.71747112 2.34975266
v 7.15763760 10.72056580 2.34924316
v 7.15802193 10.72374630 2.34871960
v 7.15786171 10.72214699 2.34898305
v 7.15811443 10.72536278 2.34845352
v 7.15814066 10.72699261 2.34818506
v 7.15755606 10.74677753 2.34492779
v 7.37730312 10.74677753 2.34492779
v 7.14262772 10.69721317 2.35308790
v 7.14383459 10.69801712 2.35295558
v 7.14500523 10.69887829 2.35281372
v 7.14723206 10.70076084 2.35250401
v 7.14613819 10.69979286 2.35266328
v 7.14828300 10.70178127 2.35233593
v 7.14929104 10.70285130 2.35215974
v 7.15025282 10.70397091 2.35197520
v 7.15116787 10.70513821 2.35178328
v 7.15203333 10.70635128 2.35158348
v 7.37730312 10.58126259 2.37217784
v 7.13828373 11.87454128 2.33786917
v 7.13969278 11.87363625 2.33787465
v 7.14106083 11.87267113 2.33788085
v 7.14238596 11.87164783 2.33788729
v 7.14489651 11.86943531 2.33790112
v 7.14366531 11.87056828 2.33789396
v 7.14607763 11.86824989 2.33790851
v 7.14720535 11.86701488 2.33791614
v 7.14827871 11.86573219 2.33792424
v 7.14929628 11.86440468 2.33793259
v 7.15115261 11.86162472 2.33794999
v 7.15025473 11.86303520 2.33794117
v 7.15276194 11.85869694 2.33796835
v 7.15198898 11.86017799 2.33795905
v 7.15666533 11.84427643 2.33805847
v 7.15674448 11.84260845 2.33806896
v 7.15468550 11.85407162 2.33799720
v 7.15599394 11.84923744 2.33802748
v 7.15628958 11.84759426 2.33803773
v 7.15651274 11.84593868 2.33804822
v 7.15562773 11.85086727 2.33801723
v 7.15519238 11.85247993 2.33800721
v 7.15346956 11.85718250 2.33797765
v 7.15411139 11.85564041 2.33798742
v 6.82726240 10.49437714 2.45321608
v 6.80954504 12.06417561 2.33668208
v 7.37730312 12.06417561 2.33668208
v 6.42736578 12.30888844 2.44920039
v 7.37730312 12.46025562 2.51879859
v 7.37730312 12.47159481 2.52401233
v 6.43436098 10.26752567 2.66479993
v 7.37730312 10.26752567 2.66479993
v 6.28619480 10.18197346 2.85497999
v 7.37730312 10.18197346 2.85497999
v 7.37730312 12.66829300 2.73506021
v 6.35105085 10.21940041 3.26724648
v 7.37730312 10.00000000 3.26724648
v 7.37730312 10.21939087 3.26713943
v 2.64071059 28.13027000 0.50000000
v 2.64071059 31.18900108 0.50000000
v 5.89030743 26.21309471 0.50000000
v 5.89030743 30.48962212 0.50000000
v 5.89148617 32.03973389 0.50000000
v 0.06454743 30.22721672 1.22373903
v 0.29069600 30.18223572 1.34913301
v 0.51080096 30.13397598 1.48366404
v 0.72444391 30.08252716 1.62707603
v 0.06461349 30.72456169 1.39210403
v 0.29080269 30.67951202 1.51749802
v 0.51095438 30.63117218 1.65202999
v 0.33777833 37.22349548 0.50000000
v 0.33777833 40.00000000 0.50000000
v 5.89148617 35.62189484 0.50000000
v 3.89448047 37.20627975 0.50000000
v 3.89448047 40.00000000 0.50000000
v 4.48574781 38.57963181 0.53009301
v 4.61551237 38.35516357 0.51510799
v 4.63508272 38.33374786 0.51368201
v 4.67692518 38.29355240 0.51100701
v 4.65556908 38.31320190 0.51231402
v 4.57924461 38.40040970 0.51812601
v 4.59688187 38.37739182 0.51659101
v 4.53252983 38.47370911 0.52301800
v 4.56261683 38.42416382 0.51971102
v 4.54703188 38.44860840 0.52134299
v 4.51912403 38.49940872 0.52473402
v 4.50684881 38.52566147 0.52648699
v 4.49572134 38.55242157 0.52827400
v 4.47699165 38.60725784 0.53193700
v 4.46943283 38.63523483 0.53380501
v 4.46308565 38.66351318 0.53569400
v 4.45797348 38.69203949 0.53759903
v 4.45411158 38.72076797 0.53951597
v 4.45149040 38.74963760 0.54144299
v 4.45013332 38.77859497 0.54337502
v 4.45013237 38.80746841 0.54531002
v 4.45154142 38.83644104 0.54724097
v 4.45418358 38.86532211 0.54916799
v 4.45808744 38.89405441 0.55108500
v 4.46322346 38.92258453 0.55299002
v 4.46959686 38.95086670 0.55487800
v 4.47718716 38.97883987 0.55674601
v 4.48598719 39.00645828 0.55858999
v 4.49597263 39.03366852 0.56040698
v 4.50712156 39.06042099 0.56219399
v 4.51943254 39.08666229 0.56394601
v 4.53286219 39.11235046 0.56566101
v 4.54739618 39.13743210 0.56733501
v 4.56300020 39.16186523 0.56896597
v 4.57964706 39.18560028 0.57055002
v 4.59732008 39.20858765 0.57208300
v 4.61596060 39.23080444 0.57356501
v 4.63555717 39.25218964 0.57498997
v 4.65606880 39.27270508 0.57635599
v 4.67744112 39.29233170 0.57766300
v 4.74584818 38.24037933 0.50747401
v 4.77029562 38.22468948 0.50643402
v 4.69911814 38.27484131 0.50976300
v 4.72210932 38.25711060 0.50858402
v 4.79535103 38.21023560 0.50546598
v 4.82117414 38.19693756 0.50457197
v 4.87442303 38.17374802 0.50301301
v 4.84754753 38.18476486 0.50375402
v 4.90174341 38.16389465 0.50235099
v 4.92946768 38.15524292 0.50176799
v 4.95753717 38.14779282 0.50126600
v 4.98589945 38.14155197 0.50084698
v 5.01450491 38.13655090 0.50050998
v 5.04329967 38.13278961 0.50025600
v 5.07222891 38.13026810 0.50008702
v 5.10123873 38.12899399 0.50000203
v 5.13027763 38.12899017 0.50000000
v 5.15929031 38.13021851 0.50008398
v 5.18822193 38.13271713 0.50025100
v 5.21702003 38.13644791 0.50050300
v 5.24562979 38.14142227 0.50083798
v 5.27400064 38.14762115 0.50125599
v 5.30207539 38.15505219 0.50175500
v 5.32980919 38.16367340 0.50233603
v 5.35714006 38.17350006 0.50299603
v 5.38402510 38.18449020 0.50373501
v 5.41041470 38.19662857 0.50455201
v 5.43625259 38.20990372 0.50544399
v 5.46132374 38.22432709 0.50641000
v 4.69965887 39.31100464 0.57890499
v 4.72266769 39.32870102 0.58008099
v 4.74642086 39.34540176 0.58118999
v 4.77088642 39.36104965 0.58222800
v 4.79595470 39.37547684 0.58319497
v 4.82179642 39.38875961 0.58408701
v 4.84817839 39.40092468 0.58490402
v 4.87506914 39.41191483 0.58564198
v 4.90240288 39.42174149 0.58630198
v 4.93012953 39.43038940 0.58688402
v 4.95820856 39.43781281 0.58738297
v 4.98657990 39.44401550 0.58780003
v 5.01518822 39.44900894 0.58813602
v 5.04398727 39.45273972 0.58838701
v 5.07292032 39.45522690 0.58855402
v 5.10193253 39.45646286 0.58863699
v 5.13097048 39.45645142 0.58863699
v 5.15998125 39.45518494 0.58855200
v 5.24631071 39.44388962 0.58779198
v 5.18891001 39.45266342 0.58838201
v 5.21770382 39.44889069 0.58812797
v 5.35778761 39.41166687 0.58562601
v 5.27467537 39.43766022 0.58737302
v 5.30274153 39.43018341 0.58687001
v 5.33046389 39.42152023 0.58628798
v 5.38466167 39.40063858 0.58488500
v 5.41103888 39.38846207 0.58406699
v 5.43685770 39.37514114 0.58317202
v 5.46191406 39.36068726 0.58220398
v 5.48578548 38.23999405 0.50744802
v 5.50954390 38.25669479 0.50855702
v 5.53255177 38.27440643 0.50973397
v 5.55476189 38.29309845 0.51097602
v 5.57614088 38.31272507 0.51228201
v 5.59664869 38.33324814 0.51364899
v 5.61624146 38.35464096 0.51507401
v 5.63489056 38.37685394 0.51655501
v 5.65255690 38.39985275 0.51808900
v 5.66921377 38.42358398 0.51967299
v 5.68481398 38.44802094 0.52130300
v 5.69934988 38.47310257 0.52297801
v 5.71277952 38.49878693 0.52469301
v 5.72508097 38.52502823 0.52644497
v 5.73624277 38.55177689 0.52823198
v 5.74623060 38.57897949 0.53004903
v 5.75501919 38.60659409 0.53189200
v 5.76261091 38.63456345 0.53376001
v 5.76899433 38.66283417 0.53564900
v 5.77412367 38.69136047 0.53755301
v 5.77802896 38.72008133 0.53947097
v 5.78066778 38.74894714 0.54139698
v 5.78207397 38.77790451 0.54333001
v 5.78207684 38.80678177 0.54526299
v 5.75521851 38.97817993 0.55670202
v 5.73648882 39.03302383 0.56036401
v 5.74645376 39.00580597 0.55854702
v 5.72536755 39.05979156 0.56215203
v 5.78071594 38.83575058 0.54719502
v 5.77809858 38.86463165 0.54912198
v 5.77423286 38.89337158 0.55103999
v 5.76912355 38.92190933 0.55294502
v 5.76277733 38.95019531 0.55483299
v 5.63532448 39.20804977 0.57204801
v 5.61669970 39.23028183 0.57353002
v 5.65296555 39.18503952 0.57051301
v 5.55528355 39.29187012 0.57763201
v 5.57663965 39.27222443 0.57632399
v 5.59712553 39.25168610 0.57495600
v 5.51009941 39.32829285 0.58005399
v 5.48636818 39.34502029 0.58116502
v 5.53308821 39.31056976 0.57887602
v 5.69967890 39.11174393 0.56562102
v 5.68518019 39.13684464 0.56729698
v 5.66959143 39.16128922 0.56892800
v 5.71308374 39.08604431 0.56390500
v 6.92933321 27.30146027 0.51882303
v 7.01439285 27.31407547 0.50538999
v 6.95741320 27.30648613 0.51346201
v 6.98578119 27.31071091 0.50898200
v 6.87426996 27.28893852 0.53213900
v 6.90160513 27.29559708 0.52505201
v 6.84738636 27.28147507 0.54007000
v 6.63476515 27.17966461 0.64642900
v 6.82099819 27.27324295 0.54882997
v 6.79515886 27.26424217 0.55840200
v 6.77008820 27.25438118 0.56876701
v 6.72186995 27.23214149 0.59179997
v 6.74562454 27.24361801 0.57990700
v 6.69886208 27.21999168 0.60442299
v 6.67664814 27.20717812 0.61775303
v 6.65527105 27.19372559 0.63176399
v 7.04318905 27.31661987 0.50269198
v 7.07212257 27.31829643 0.50089401
v 7.10113430 27.31913567 0.50000000
v 7.13017321 27.31912613 0.50001103
v 7.15918350 27.31827927 0.50092697
v 7.18811226 27.31656456 0.50274599
v 7.21690607 27.31400299 0.50546497
v 7.24551201 27.31060600 0.50907898
v 7.27387524 27.30637932 0.51358002
v 7.30194426 27.30132294 0.51896101
v 7.32966614 27.29544449 0.52521098
v 7.35699177 27.28877068 0.53231901
v 7.38387108 27.28131294 0.54026997
v 7.41023731 27.27303123 0.54904801
v 7.43606186 27.26401138 0.55863899
v 7.46111965 27.25413895 0.56902403
v 7.48556423 27.24334908 0.58018202
v 7.50930357 27.23186302 0.59209299
v 7.53229332 27.21969795 0.60473400
v 7.55448389 27.20686150 0.61808002
v 7.57584858 27.19340706 0.63210601
v 7.59632683 27.17932320 0.64678597
v 6.61517048 27.16502190 0.66171998
v 6.59651375 27.14983177 0.67760903
v 6.57885504 27.13409233 0.69406497
v 6.54659748 27.10116577 0.72855097
v 6.53206205 27.08403397 0.74651498
v 6.51863527 27.06648445 0.76491600
v 6.56220531 27.11786270 0.71105599
v 6.50633144 27.04856682 0.78371799
v 6.49517488 27.03030968 0.80288398
v 6.48517418 27.01175690 0.82238001
v 6.47639179 26.99290657 0.84216601
v 6.46879673 26.97383690 0.86220598
v 7.61590099 27.16466522 0.66209197
v 7.63452482 27.14945030 0.67799503
v 7.65216875 27.13371086 0.69446403
v 7.68437719 27.10076332 0.72897398
v 7.69888210 27.08361435 0.74694902
v 7.71228504 27.06606102 0.76536000
v 7.66880035 27.11747742 0.71146798
v 7.72457743 27.04814911 0.78417099
v 7.73569059 27.02986908 0.80334502
v 7.74564838 27.01129723 0.82284802
v 7.75442457 26.99246025 0.84264100
v 7.76198149 26.97337723 0.86268699
v 8.33999920 26.21309471 0.50000000
v 8.33999920 30.48962212 0.50000000
v 8.33913136 32.03973389 0.50000000
v 6.44933128 26.85643387 0.98561698
v 6.45067978 26.83658409 1.00634897
v 6.45331430 26.81678200 1.02701998
v 6.45718288 26.79709625 1.04759395
v 6.46228790 26.77755547 1.06803095
v 6.46866560 26.75824928 1.08829200
v 7.78126478 26.85596085 0.98611200
v 7.77987146 26.83610153 1.00684202
v 7.77722359 26.81631279 1.02751195
v 7.77333307 26.79663277 1.04808402
v 7.76176262 26.75778008 1.08877206
v 7.76818943 26.77709389 1.06851697
v 6.47657776 26.73895645 1.10833800
v 6.48567677 26.71994591 1.12813103
v 6.49595213 26.70124817 1.14763296
v 6.50737429 26.68289757 1.16680896
v 6.51994276 26.66492081 1.18561900
v 6.54836273 26.63022995 1.22200501
v 6.56416559 26.61357498 1.23951101
v 6.58098412 26.59741783 1.25651503
v 6.53361845 26.64735413 1.20402896
v 6.59878922 26.58178711 1.27298403
v 6.61754131 26.56671143 1.28888702
v 6.63722992 26.55221558 1.30419195
v 7.75383520 26.73849869 1.10881305
v 7.74471712 26.71949959 1.12860000
v 7.73440790 26.70080757 1.14809501
v 7.72294331 26.68246078 1.16726100
v 7.71036005 26.66449738 1.18606305
v 7.68188524 26.62982750 1.22242796
v 7.66606760 26.61318398 1.23992300
v 7.64921761 26.59703827 1.25691402
v 7.69665718 26.64694023 1.20446301
v 7.61260462 26.56635666 1.28925896
v 7.59290314 26.55187607 1.30455005
v 7.63138866 26.58142090 1.27337003
v 6.46243000 26.95455742 0.88246202
v 6.45728827 26.93511581 0.90289497
v 6.45338726 26.91554642 0.92346698
v 6.45073843 26.89588356 0.94413698
v 6.44935179 26.87615776 0.96486700
v 7.76832724 26.95409966 0.88294798
v 7.77343273 26.93465042 0.90338397
v 7.77730417 26.91507721 0.92395902
v 7.77992296 26.89541245 0.94463098
v 7.78127956 26.87568665 0.96536100
v 6.65779400 26.53832245 1.31887305
v 6.67919970 26.52506065 1.33290005
v 6.70141220 26.51245117 1.34624600
v 6.72439432 26.50051689 1.35888600
v 6.74809217 26.48927879 1.37079704
v 6.77247190 26.47875595 1.38195503
v 6.79748535 26.46896744 1.39233899
v 6.82308340 26.45993042 1.40192997
v 6.84922504 26.45166206 1.41070902
v 6.87585211 26.44417191 1.41866004
v 6.90293169 26.43748474 1.42576694
v 6.93040085 26.43160439 1.43201697
v 6.95820713 26.42653656 1.43739903
v 6.98631239 26.42230797 1.44190001
v 7.01465273 26.41890907 1.44551396
v 7.40691376 26.45972443 1.40214896
v 7.35411644 26.44400597 1.41884005
v 7.38075972 26.45147324 1.41090906
v 7.57231951 26.53799820 1.31921506
v 7.55089664 26.52475166 1.33322597
v 7.50566673 26.50024033 1.35917902
v 7.52865934 26.51215935 1.34655499
v 7.48194885 26.48901939 1.37107098
v 7.45755243 26.47851372 1.38221097
v 7.43253326 26.46873856 1.39257801
v 7.04317856 26.41634941 1.44823396
v 7.18675280 26.41630173 1.44828701
v 7.21528339 26.41883850 1.44558895
v 7.07183933 26.41464233 1.45005298
v 7.10058022 26.41377831 1.45096898
v 7.12934732 26.41377068 1.45097899
v 7.15808964 26.41461182 1.45008504
v 7.29955435 26.43147469 1.43215597
v 7.24362993 26.42221260 1.44199705
v 7.27173567 26.42643166 1.43751597
v 7.32703161 26.43733597 1.42592704
v 6.57852745 32.48916245 0.93576300
v 6.59629774 32.46829987 0.94524997
v 6.61504984 32.44816589 0.95441002
v 6.63474417 32.42879868 0.96322602
v 6.65533638 32.41023254 0.97168201
v 6.67678928 32.39249420 0.97976202
v 6.69907236 32.37562561 0.98744899
v 6.72212887 32.35965347 0.99473101
v 6.74591875 32.34460449 1.00159204
v 6.77041769 32.33052444 1.00801802
v 6.79555082 32.31741714 1.01400006
v 6.82128239 32.30531311 1.01952505
v 6.84756613 32.29423523 1.02458203
v 6.87434721 32.28420258 1.02916205
v 6.90158606 32.27524567 1.03325498
v 6.92922163 32.26736450 1.03685498
v 6.95720291 32.26058197 1.03995502
v 6.98548174 32.25490570 1.04254794
v 7.01400089 32.25035095 1.04463005
v 7.61510611 32.44769669 0.95462400
v 7.59540510 32.42834091 0.96343303
v 7.55330658 32.39207840 0.97995001
v 7.57477808 32.40979767 0.97187901
v 7.65168142 32.48865509 0.93599403
v 7.63387871 32.46781158 0.94547200
v 7.30073261 32.26719284 1.03693497
v 7.38241768 32.29398346 1.02469695
v 7.40871191 32.30503845 1.01965106
v 7.35562038 32.28398132 1.02926505
v 7.32837677 32.27504349 1.03334701
v 7.04271173 32.24692535 1.04619598
v 7.07155800 32.24463272 1.04724395
v 7.10048628 32.24348068 1.04777098
v 7.12944078 32.24345779 1.04777801
v 7.15837049 32.24459457 1.04726195
v 7.21593380 32.25025177 1.04467404
v 7.18721867 32.24685669 1.04622698
v 7.24445820 32.25478363 1.04260397
v 7.27274227 32.26043320 1.04002297
v 7.50792599 32.35928726 0.99489897
v 7.45960855 32.33020020 1.00816703
v 7.48411465 32.34426117 1.00174999
v 7.53100729 32.37523270 0.98762798
v 7.43446112 32.31711197 1.01413798
v 7.11530733 29.10902977 1.45980501
v 6.82100153 33.38764572 0.52812600
v 6.77009058 33.36250305 0.53961003
v 6.74561691 33.34825134 0.54602802
v 6.79515839 33.37562180 0.53364003
v 6.87427330 33.40861511 0.51851201
v 6.92933750 33.42533875 0.51084203
v 6.90160036 33.41753769 0.51443100
v 6.95741224 33.43207550 0.50775498
v 6.84738541 33.39865494 0.52308100
v 6.63476706 33.26334000 0.58434498
v 6.61516905 33.24388504 0.59315300
v 6.57885408 33.20277023 0.61178398
v 6.56220531 33.18118668 0.62157100
v 6.53206587 33.13617706 0.64199603
v 6.51863766 33.11283112 0.65259498
v 6.54659986 33.15897369 0.63164800
v 6.59652328 33.22367859 0.60230500
v 6.69886541 33.31689072 0.56014800
v 6.67665005 33.29988098 0.56782699
v 6.72187185 33.33301544 0.55287701
v 6.65526819 33.28202438 0.57589799
v 6.98578358 33.43769073 0.50517303
v 7.01439381 33.44220352 0.50310397
v 7.27387714 33.43191528 0.50782198
v 7.30194664 33.42516708 0.51092201
v 7.32966757 33.41731644 0.51452202
v 7.35699463 33.40840149 0.51861602
v 7.38386440 33.39839935 0.52319503
v 7.41023970 33.38737106 0.52825201
v 7.43606424 33.37532043 0.53377700
v 7.46111822 33.36217880 0.53975803
v 7.48556900 33.34788895 0.54618597
v 7.50930309 33.33264160 0.55304599
v 7.53230047 33.31650925 0.56032801
v 7.55448580 33.29946518 0.56801498
v 7.57584381 33.28158188 0.57609397
v 7.59633780 33.26289749 0.58455098
v 7.61590338 33.24341202 0.59336698
v 7.65216827 33.20225906 0.61201298
v 7.66880131 33.18066788 0.62180799
v 7.69888258 33.13562393 0.64224601
v 7.68437624 33.15843582 0.63189203
v 7.71228743 33.11227036 0.65285099
v 7.63453531 33.22319794 0.60252798
v 7.04319239 33.44558334 0.50155002
v 7.07212400 33.44784927 0.50051498
v 7.10113525 33.44896698 0.50000000
v 7.13017368 33.44895172 0.50000602
v 7.15918493 33.44779968 0.50053298
v 7.18811417 33.44551849 0.50158101
v 7.21690845 33.44211578 0.50314802
v 7.24551249 33.43757248 0.50522900
v 6.46243095 32.96380234 0.72030300
v 6.45726967 32.93790817 0.73207402
v 6.45339346 32.91181946 0.74392200
v 6.45072508 32.88562012 0.75582999
v 6.49517202 33.06468582 0.67446601
v 6.50632238 33.08899307 0.66342598
v 6.47639275 33.01488113 0.69709200
v 6.48518944 33.03996658 0.68569499
v 6.46879435 32.98948288 0.70863599
v 6.44933558 32.83307648 0.77972198
v 6.45069408 32.80670929 0.79166400
v 6.44935465 32.85932159 0.76776898
v 6.45331478 32.78042603 0.80357099
v 6.45718050 32.75428009 0.81542200
v 6.46229172 32.72831726 0.82719398
v 6.46863556 32.70258331 0.83886403
v 6.47618818 32.67712784 0.85041201
v 6.48495865 32.65200424 0.86181301
v 6.49492455 32.62724686 0.87304598
v 7.76832438 32.96318436 0.72058302
v 7.77343607 32.93727875 0.73235500
v 7.77730560 32.91119766 0.74420601
v 7.77992010 32.88498306 0.75611299
v 7.73569298 33.06409836 0.67473102
v 7.72457838 33.08842087 0.66368699
v 7.74565458 33.03937531 0.68596500
v 7.75441885 33.01427841 0.69736600
v 7.76198530 32.98887253 0.70891303
v 7.78126431 32.83245087 0.78000700
v 7.77988625 32.80608749 0.79194897
v 7.78128529 32.85869598 0.76805502
v 7.77722454 32.77980042 0.80385399
v 7.77332973 32.75365829 0.81570399
v 7.76819801 32.72770309 0.82747400
v 7.76181507 32.70197296 0.83914101
v 7.75423050 32.67652512 0.85068500
v 7.74542665 32.65140533 0.86208200
v 7.73544550 32.62666321 0.87331200
v 8.33913136 35.62189484 0.50000000
v 6.33772850 37.20627975 0.50000000
v 6.33772850 40.00000000 0.50000000
v 10.00000000 35.00000000 0.00000000
v 11.08332920 36.00056076 0.00000000
v 11.00055885 36.08332825 0.00000000
v 10.97283649 36.13519669 0.00000000
v 10.95576477 36.19147110 0.00000000
v 11.03786755 36.03786850 0.00000000
v 11.13519478 35.97283554 0.00000000
v 11.19147301 35.95576477 0.00000000
v 11.25000000 35.95000076 0.00000000
v 11.30852699 35.95576477 0.00000000
v 11.36480522 35.97283554 0.00000000
v 11.41667080 36.00056076 0.00000000
v 11.46213245 36.03786850 0.00000000
v 11.49944115 36.08332825 0.00000000
v 11.52716351 36.13519669 0.00000000
v 11.54423523 36.19147110 0.00000000
v 12.50000000 35.00000000 0.00000000
v 11.08332920 36.00056076 0.27500001
v 11.00055885 36.08332825 0.27499998
v 10.97283649 36.13519669 0.27500001
v 10.95576477 36.19147110 0.27500001
v 11.03786755 36.03786850 0.27500001
v 11.13519478 35.97283554 0.27500001
v 11.19147301 35.95576477 0.27500001
v 11.25000000 35.95000076 0.27500001
v 11.30852699 35.95576477 0.27500001
v 11.36480522 35.97283554 0.27500001
v 11.41667080 36.00056076 0.27500001
v 11.46213245 36.03786850 0.27500001
v 11.49944115 36.08332825 0.27499998
v 11.52716351 36.13519669 0.27500001
v 11.54423523 36.19147110 0.27500001
v 10.00000000 35.00000000 0.50000000
v 10.73508739 36.14757919 0.50000000
v 10.81347847 35.95832443 0.50000000
v 10.87876892 35.87876892 0.50000000
v 10.76496315 36.04909134 0.50000000
v 11.04909134 35.76496506 0.50000000
v 11.14757729 35.73508835 0.50000000
v 11.25000000 35.72499847 0.50000000
v 10.95832539 35.81347656 0.50000000
v 11.35242271 35.73508835 0.50000000
v 11.45090866 35.76496506 0.50000000
v 11.54167461 35.81347656 0.50000000
v 11.62123108 35.87876892 0.50000000
v 11.68652153 35.95832443 0.50000000
v 12.50000000 35.00000000 0.50000000
v 11.73503685 36.04909134 0.50000000
v 11.76491261 36.14757919 0.50000000
v 10.00000000 37.50000000 0.00000000
v 10.00000000 40.00000000 0.00000000
v 10.94999981 36.25000000 0.00000000
v 10.95576477 36.30852890 0.00000000
v 10.97283649 36.36480331 0.00000000
v 11.00055885 36.41667175 0.00000000
v 11.03786755 36.46213150 0.00000000
v 11.08332920 36.49943924 0.00000000
v 11.13519478 36.52716446 0.00000000
v 11.19147301 36.54423523 0.00000000
v 11.25000000 36.54999924 0.00000000
v 11.30852699 36.54423523 0.00000000
v 11.46213245 36.46213150 0.00000000
v 11.49944115 36.41667175 0.00000000
v 11.36480522 36.52716446 0.00000000
v 11.41667080 36.49943924 0.00000000
v 11.54423523 36.30852890 0.00000000
v 11.55000019 36.25000000 0.00000000
v 11.52716351 36.36480331 0.00000000
v 12.50000000 37.50000000 0.00000000
v 10.94999981 36.25000000 0.27500001
v 10.95576477 36.30852890 0.27500001
v 10.97283649 36.36480331 0.27500001
v 11.00055885 36.41667175 0.27499998
v 11.03786755 36.46213150 0.27500001
v 11.08332920 36.49943924 0.27500001
v 11.13519478 36.52716446 0.27500001
v 11.19147301 36.54423523 0.27500001
v 11.25000000 36.54999924 0.27500001
v 11.30852699 36.54423523 0.27500001
v 11.46213245 36.46213150 0.27500001
v 11.49944115 36.41667175 0.27499998
v 11.36480522 36.52716446 0.27500001
v 11.41667080 36.49943924 0.27500001
v 11.54423523 36.30852890 0.27500001
v 11.55000019 36.25000000 0.27500001
v 11.52716351 36.36480331 0.27500001
v 10.00000000 37.50000000 0.50000000
v 10.72500038 36.25000000 0.50000000
v 10.73508739 36.35242081 0.50000000
v 10.76496315 36.45090866 0.50000000
v 10.81347847 36.54167557 0.50000000
v 10.87876892 36.62123108 0.50000000
v 10.00000000 40.00000000 0.50000000
v 10.95832539 36.68652344 0.50000000
v 11.04909134 36.73503494 0.50000000
v 11.14757729 36.76491165 0.50000000
v 11.25000000 36.77500153 0.50000000
v 11.54167461 36.68652344 0.50000000
v 11.68652153 36.54167557 0.50000000
v 11.62123108 36.62123108 0.50000000
v 11.35242271 36.76491165 0.50000000
v 11.45090866 36.73503494 0.50000000
v 11.76491261 36.35242081 0.50000000
v 11.77499962 36.25000000 0.50000000
v 11.73503685 36.45090866 0.50000000
v 12.50000000 37.50000000 0.50000000
v 6.50603628 32.60291290 0.88409197
v 6.51833010 32.57904053 0.89492601
v 6.53172874 32.55567551 0.90553099
v 6.54623938 32.53286362 0.91588497
v 6.56182098 32.51068497 0.92596900
v 7.71198940 32.57847595 0.89518303
v 7.72428513 32.60233688 0.88435203
v 7.69855070 32.55512619 0.90578097
v 7.68401670 32.53232574 0.91612899
v 7.66841364 32.51016235 0.92620701
v 0.72465396 30.57963371 1.79544103
v 0.93121642 30.02799225 1.77909696
v 1.13072634 29.97046852 1.93943596
v 0.93149406 30.52499390 1.94746196
v 1.13108122 30.46735382 2.10780191
v 1.32259357 29.91006279 2.10778809
v 1.50644720 29.84688759 2.28383398
v 1.32303834 30.40682030 2.27615404
v 1.50699914 30.34350967 2.45219994
v 1.68193972 29.78106308 2.46723795
v 6.09376860 28.70700836 1.88224494
v 5.89030743 28.21860504 2.22524786
v 6.11398506 28.21860504 2.22524786
v 5.89030743 28.05309105 2.25249696
v 6.13213921 28.05309105 2.25249696
v 6.09249258 28.38418770 2.22421122
v 6.13547897 27.77773285 2.50932145
v 6.13568449 27.77514076 2.51173878
v 6.13605118 27.77255249 2.51415396
v 5.89030743 27.73935318 2.54511833
v 6.13657284 27.76997185 2.51655984
v 6.13725090 27.76740646 2.51895261
v 6.14649105 27.73935318 2.54511833
v 6.09304667 28.77292061 2.22177792
v 6.09428310 29.07182121 2.21990681
v 5.89030743 29.53600311 2.21700096
v 5.89030743 29.94342232 2.40433240
v 0.38785845 28.71826935 3.50000000
v 2.64071059 28.13027000 3.50000000
v 1.84873462 29.71271706 2.65765095
v 1.68261778 30.27753448 2.63560390
v 1.84955847 30.20901871 2.82601690
v 2.00651479 29.64197922 2.85471010
v 2.15497994 29.56898308 3.05803990
v 2.00750828 30.13808823 3.02307606
v 0.72025704 30.58304596 3.50000000
v 0.92726439 30.52820969 3.50000000
v 1.12709749 30.47034264 3.50000000
v 1.31937897 30.40954781 3.50000000
v 1.50374174 30.34593582 3.50000000
v 0.06017073 30.72840691 3.50000000
v 0.28630167 30.68323517 3.50000000
v 0.50646764 30.63475227 3.50000000
v 2.29384756 29.49386978 3.26725507
v 2.15616584 30.06487274 3.22640610
v 1.67983747 30.27961731 3.50000000
v 1.84732616 30.21070862 3.50000000
v 2.29524922 29.98950577 3.43562102
v 2.00588965 30.13933563 3.50000000
v 2.15521908 30.06561852 3.50000000
v 2.33982849 29.94181442 3.50000000
v 2.33554482 29.96488380 3.50000000
v 2.29502320 29.98968887 3.50000000
v 2.42285252 29.41678238 3.48195601
v 2.43434262 29.40900421 3.50000000
v 2.43226933 29.44435883 3.50000000
v 2.42666078 29.47676277 3.50000000
v 2.42321301 29.50934029 3.50000000
v 2.64071059 31.18900108 3.50000000
v 5.89030743 26.21309471 3.01993656
v 5.89030743 27.65380096 2.73529887
v 6.17471504 27.65380096 2.73529887
v 5.89030743 27.67412949 3.01993656
v 6.17275000 27.66013527 3.01993656
v 6.16814613 27.67412949 3.01993656
v 5.89030743 30.16781425 2.64509487
v 5.89030743 30.15691376 3.01993656
v 5.89030743 30.48962212 3.01993656
v 5.89148617 32.03973389 3.32860398
v 0.13764353 38.13485718 2.44615889
v 0.13777831 39.30696869 2.57304192
v 6.09376860 34.20957565 2.29890490
v 5.89148617 33.31912231 2.45869637
v 6.13310766 33.31912231 2.45869637
v 5.89148617 33.48463440 2.43144703
v 6.12538624 33.48463440 2.43144703
v 6.09316015 33.92559814 2.42868662
v 6.09381199 34.26918793 2.42653608
v 5.89148617 34.80203247 2.42320085
v 5.89148617 35.20945358 2.61053109
v 3.89448047 37.64053345 2.37116528
v 3.89448047 37.80604553 2.34391570
v 4.11917019 38.09282684 2.34212041
v 4.11844015 38.09429550 2.34211111
v 4.11996078 38.09139633 2.34212923
v 4.12081146 38.09000778 2.34213805
v 4.12171936 38.08865738 2.34214640
v 4.12268305 38.08735275 2.34215450
v 4.12370157 38.08609772 2.34216237
v 4.12477160 38.08488846 2.34217000
v 4.12589216 38.08372879 2.34217739
v 4.11716986 38.09733200 2.34209204
v 4.11777306 38.09579849 2.34210181
v 4.11663055 38.09889603 2.34208226
v 4.11575508 38.10210037 2.34206223
v 4.11615944 38.10048676 2.34207249
v 4.11541891 38.10373306 2.34205198
v 4.11515188 38.10538483 2.34204173
v 4.11495590 38.10705566 2.34203124
v 4.11482954 38.10873413 2.34202075
v 4.11477470 38.11042404 2.34201026
v 4.12706089 38.08262253 2.34218431
v 4.12827539 38.08156967 2.34219074
v 4.12953424 38.08057404 2.34219718
v 4.13083458 38.07963562 2.34220290
v 4.13217402 38.07875824 2.34220839
v 4.59598494 37.80604553 2.34391570
v 3.89448047 39.12344742 2.33566880
v 4.12819290 39.12344742 2.33566880
v 4.12178135 39.21305084 2.37686849
v 4.12171507 39.21547318 2.37798309
v 4.12174416 39.21786118 2.37908030
v 4.12186861 39.22020340 2.38015795
v 4.12208509 39.22250366 2.38121510
v 4.12239218 39.22475433 2.38225007
v 4.12278795 39.22695541 2.38326168
v 4.12327003 39.22910309 2.38424873
v 4.12383509 39.23119354 2.38520980
v 4.12448168 39.23322296 2.38614416
v 4.12520838 39.23519516 2.38705063
v 4.12601137 39.23710251 2.38792849
v 4.12688875 39.23894882 2.38877654
v 4.12783766 39.24072647 2.38959455
v 4.12885571 39.24243927 2.39038110
v 4.12994194 39.24407959 2.39113593
v 4.13109159 39.24565125 2.39185858
v 4.13230419 39.24715042 2.39254808
v 4.13357687 39.24857712 2.39320421
v 4.13490582 39.24993134 2.39382672
v 4.13629103 39.25120926 2.39441442
v 4.13772869 39.25241470 2.39496756
v 4.13921595 39.25354004 2.39548588
v 4.14075184 39.25458908 2.39596844
v 3.89448047 39.53086472 2.52300000
v 4.59374332 39.53086472 2.52300000
v 4.63099575 39.55587006 2.54983115
v 4.86481762 37.64053345 2.37116528
v 5.36739159 37.64053345 2.37116528
v 5.63622379 37.80604553 2.34391570
v 6.10000277 38.07873535 2.34220862
v 6.10134268 38.07961273 2.34220314
v 6.10264397 38.08055115 2.34219718
v 6.10390377 38.08154678 2.34219098
v 6.10511923 38.08259583 2.34218431
v 6.10628939 38.08370209 2.34217739
v 6.10848236 38.08606720 2.34216261
v 6.10741091 38.08485794 2.34217024
v 6.10950184 38.08732224 2.34215474
v 6.11046743 38.08862686 2.34214664
v 6.11137676 38.08997345 2.34213829
v 6.11222792 38.09136581 2.34212947
v 6.11302042 38.09279251 2.34212065
v 6.11375189 38.09426117 2.34211135
v 6.11442041 38.09576035 2.34210205
v 6.11502552 38.09729385 2.34209228
v 6.11556578 38.09885788 2.34208250
v 6.11603880 38.10044861 2.34207273
v 6.11678314 38.10369492 2.34205222
v 6.11644459 38.10206223 2.34206247
v 6.11705112 38.10534668 2.34204197
v 6.11737680 38.10869598 2.34202099
v 6.11724949 38.10701370 2.34203148
v 6.11743450 38.11038208 2.34201050
v 4.92812061 37.59002304 2.41827655
v 5.11610460 37.48174286 2.41103101
v 5.30408859 37.59002304 2.41827655
v 5.08553410 37.49233246 2.50939322
v 5.11610460 37.47380066 2.52667570
v 6.10401583 39.12344742 2.33566880
v 6.11042356 39.21299362 2.37684131
v 6.11049318 39.21541595 2.37795615
v 6.09993362 39.24711609 2.39253139
v 6.10229349 39.24404144 2.39111757
v 6.10337782 39.24239731 2.39036202
v 6.10114479 39.24561310 2.39184093
v 6.11046600 39.21780396 2.37905359
v 6.11034441 39.22014999 2.38013196
v 6.11013031 39.22245026 2.38118958
v 6.10982466 39.22470093 2.38222504
v 6.10895205 39.22904968 2.38422489
v 6.10943174 39.22690201 2.38323736
v 6.10838795 39.23114395 2.38518643
v 6.10774326 39.23317719 2.38612175
v 6.10701895 39.23514938 2.38702869
v 6.10621738 39.23706055 2.38790727
v 6.10534239 39.23890686 2.38875628
v 6.10439444 39.24068451 2.38957453
v 6.09149408 39.25456619 2.39595675
v 6.09302902 39.25351334 2.39547348
v 6.09595108 39.25118256 2.39440012
v 6.09733486 39.24990082 2.39381146
v 6.09866285 39.24854660 2.39318824
v 6.09451485 39.25238419 2.39495420
v 5.11610460 39.83535385 2.56852794
v 5.63846540 39.53086472 2.52300024
v 5.60121298 39.55587006 2.54983163
v 0.13762037 38.09358978 2.81723309
v 0.33777833 37.80912018 2.81901383
v 0.33777833 37.64360428 2.84626293
v 0.13773890 39.12651443 2.81076789
v 0.33777833 39.12651443 2.81076789
v 0.13775505 39.30701828 2.89376307
v 0.33777833 39.53393555 2.99809790
v 0.33777833 37.33014679 3.13862348
v 0.33777833 37.22349548 3.32347178
v 0.33777833 37.24683380 3.32347178
v 0.33777833 39.75833130 3.23886132
v 0.33777833 39.74591827 3.32347178
v 0.33777833 40.00000000 3.32347178
v 6.11707067 33.12242126 2.64215875
v 6.11702728 33.12067032 2.64379358
v 6.11707401 33.11894226 2.64540553
v 6.11773539 33.11392975 2.65007877
v 6.11812353 33.11232758 2.65157509
v 6.11720848 33.11724091 2.64699173
v 6.11742973 33.11557007 2.64855027
v 6.11914206 33.10923004 2.65446329
v 6.11859322 33.11075974 2.65303707
v 6.11976624 33.10774231 2.65585136
v 6.12046719 33.10629654 2.65720034
v 6.12123919 33.10489273 2.65850806
v 6.12208271 33.10353851 2.65977335
v 6.12299395 33.10223007 2.66099310
v 5.89148617 33.00538635 2.75131917
v 6.19469261 33.00538635 2.75131917
v 5.89148617 32.91983414 2.94149590
v 5.89148617 35.43384552 2.85129309
v 5.89148617 32.96197510 3.32860398
v 6.22662497 32.96197891 3.32860398
v 5.89148617 35.40996170 3.32860398
v 5.89148617 35.62189484 3.32860398
v 3.89448047 37.32679749 2.66378689
v 3.89448047 37.24124527 2.85396528
v 3.89448047 39.75525665 2.76376200
v 4.97707224 39.75525665 2.76376200
v 5.25515509 39.75525665 2.76376200
v 3.89448047 37.20627975 3.30482745
v 3.89448047 37.28208923 3.30482745
v 3.89448047 39.73364258 3.30482745
v 3.89448047 40.00000000 3.30482745
v 4.93952751 39.73364639 3.30482745
v 5.11610460 39.83536148 3.30482745
v 5.29268646 39.73364258 3.30482745
v 8.13684750 28.70700836 1.88224602
v 8.11663437 28.21860504 2.22524786
v 8.09848213 28.05309105 2.25249696
v 8.13812351 28.38418770 2.22421122
v 8.13654423 28.71014977 2.22217083
v 8.33999920 28.21860504 2.22524786
v 8.33999920 28.05309105 2.25249696
v 8.09513283 27.77767181 2.50937915
v 8.09492207 27.77507973 2.51179719
v 8.09455395 27.77249146 2.51421142
v 8.09402847 27.76991081 2.51661682
v 8.09334564 27.76734734 2.51900935
v 8.08412647 27.73935318 2.54511833
v 8.33999920 27.73935318 2.54511833
v 6.60475969 29.49764252 2.21724105
v 6.65066147 29.53600311 2.21700096
v 6.89439917 29.94342232 2.40433240
v 7.58057165 29.53600311 2.21700096
v 7.33651018 29.94342232 2.40433240
v 7.11530828 30.28709221 2.55042791
v 8.13633251 29.07182121 2.21990657
v 8.33999920 29.53600311 2.21700096
v 8.33999920 29.94342232 2.40433240
v 6.54316616 26.63325691 3.01993656
v 6.55906630 26.61632347 3.01993656
v 6.57600021 26.59990311 3.01993656
v 6.61283875 26.56871414 3.01993656
v 6.63267946 26.55399895 3.01993656
v 6.59393692 26.58402634 3.01993656
v 6.46828508 26.75092316 3.01993656
v 6.48025513 26.72455025 3.01993656
v 6.47871733 26.72775269 3.01993656
v 6.48236370 26.72072601 3.01993656
v 6.49053526 26.70551491 3.01993656
v 6.47117424 26.74391174 3.01993656
v 6.46987438 26.74706650 3.01993656
v 6.47687626 26.73158455 3.01993656
v 6.51459980 26.66854286 3.01993656
v 6.50198889 26.68683434 3.01993656
v 6.52833652 26.65067291 3.01993656
v 6.46330929 26.76356125 3.01993656
v 6.69740725 26.51365852 3.01993656
v 6.72059011 26.50156212 3.01993656
v 6.65341330 26.53989983 3.01993656
v 6.67500162 26.52644539 3.01993656
v 6.74450159 26.49017525 3.01993656
v 6.76910210 26.47951698 3.01993656
v 6.82018471 26.46038628 3.01993656
v 6.79431581 26.46959305 3.01993656
v 6.84659815 26.45196533 3.01993656
v 6.87350225 26.44434166 3.01993656
v 6.90085506 26.43753433 3.01993656
v 6.92859983 26.43155098 3.01993656
v 6.95668459 26.42640114 3.01993656
v 6.98506451 26.42209816 3.01993656
v 7.01368189 26.41864204 3.01993656
v 7.04248476 26.41604042 3.01993656
v 7.07142115 26.41430283 3.01993656
v 7.10043907 26.41342735 3.01993656
v 7.12948227 26.41341782 3.01993656
v 7.15850067 26.41427231 3.01993656
v 7.18744087 26.41599083 3.01993656
v 7.21624756 26.41856956 3.01993656
v 7.24486971 26.42200279 3.01993656
v 7.27325344 26.42629051 3.01993656
v 7.30134821 26.43141937 3.01993656
v 7.32910156 26.43738365 3.01993656
v 7.35646200 26.44417191 3.01993656
v 7.38337994 26.45177269 3.01993656
v 7.40980625 26.46017647 3.01993656
v 7.43569326 26.46936226 3.01993656
v 7.46091747 26.47927094 3.01993656
v 7.48553419 26.48991394 3.01993656
v 7.50946379 26.50128174 3.01993656
v 7.53266096 26.51336288 3.01993656
v 7.55508804 26.52613449 3.01993656
v 7.57669544 26.53956985 3.01993656
v 7.59744978 26.55365372 3.01993656
v 7.61730909 26.56835365 3.01993656
v 7.63623810 26.58365250 3.01993656
v 7.65419865 26.59951973 3.01993656
v 7.67116022 26.61592674 3.01993656
v 7.68708086 26.63284874 3.01993656
v 7.70193672 26.65025330 3.01993656
v 7.71570015 26.66811180 3.01993656
v 7.72833443 26.68639183 3.01993656
v 7.75013208 26.72409439 3.01993656
v 7.73982143 26.70506477 3.01993656
v 7.75923824 26.74344635 3.01993656
v 7.76712751 26.76308632 3.01993656
v 6.30831385 27.24806023 3.01993656
v 6.30990124 27.24324608 3.01993656
v 8.33999920 26.21309471 3.01993656
v 8.05590343 27.65380096 2.73529887
v 8.33999920 27.65380096 2.73529887
v 7.92060089 27.24290657 3.01993656
v 7.92219877 27.24772453 3.01993656
v 8.05788231 27.66017723 3.01993656
v 8.06247139 27.67412758 3.01993656
v 8.33999920 27.67412758 3.01993656
v 6.81017971 30.16689110 2.67681408
v 6.85199928 30.16781425 2.64509487
v 7.37863445 30.16781425 2.64509487
v 7.42043638 30.16689110 2.67681456
v 6.78414059 30.15691376 3.01993656
v 7.11530828 30.28748703 3.01993656
v 7.44647598 30.15691185 3.01993656
v 8.33999920 30.16781425 2.64509487
v 8.33999920 30.15691376 3.01993656
v 8.33999920 30.48962212 3.01993656
v 6.59083080 32.46864319 3.32860398
v 6.57291508 32.48977661 3.32860398
v 6.62960005 32.42861557 3.32860398
v 6.60973835 32.44823837 3.32860398
v 6.69451523 32.37473679 3.32860398
v 6.71779490 32.35855103 3.32860398
v 6.65037584 32.40979767 3.32860398
v 6.67202663 32.39182663 3.32860398
v 6.74182367 32.34331131 3.32860398
v 6.76656055 32.32904053 3.32860398
v 6.79190207 32.31577301 3.32860398
v 6.81792974 32.30347061 3.32860398
v 6.92710781 32.26491165 3.32860398
v 6.95540953 32.25801849 3.32860398
v 6.98400974 32.25225449 3.32860398
v 7.01285362 32.24763107 3.32860398
v 6.84451628 32.29220963 3.32860398
v 6.87160730 32.28202057 3.32860398
v 6.89915609 32.27291870 3.32860398
v 7.04188967 32.24415207 3.32860398
v 7.07106304 32.24182129 3.32860398
v 7.10031843 32.24065018 3.32860398
v 7.12960052 32.24063873 3.32860398
v 7.15885735 32.24177933 3.32860398
v 7.18803215 32.24408340 3.32860398
v 7.21707201 32.24753189 3.32860398
v 7.24592209 32.25213242 3.32860398
v 7.27452850 32.25786972 3.32860398
v 7.30283928 32.26473236 3.32860398
v 7.33079910 32.27271271 3.32860398
v 7.35835552 32.28179169 3.32860398
v 7.38546038 32.29195786 3.32860398
v 7.41205835 32.30318832 3.32860398
v 7.43810225 32.31546783 3.32860398
v 7.46345949 32.32871246 3.32860398
v 7.48820925 32.34295654 3.32860398
v 7.51225662 32.35817719 3.32860398
v 7.53555727 32.37433624 3.32860398
v 7.55806351 32.39141083 3.32860398
v 7.57973480 32.40935898 3.32860398
v 7.60053539 32.42815781 3.32860398
v 7.62041569 32.44776535 3.32860398
v 7.63934517 32.46814346 3.32860398
v 7.65728712 32.48926544 3.32860398
v 8.33913136 32.03973389 3.32860398
v 7.11530828 34.74441910 2.05557299
v 6.93576145 34.80203247 2.42320085
v 7.29489613 34.80203247 2.42320085
v 7.11530781 34.94713593 2.48991942
v 8.13684845 34.20957565 2.29890490
v 8.09751511 33.31912231 2.45869637
v 8.33913136 33.31912231 2.45869637
v 8.10523510 33.48463440 2.43144679
v 8.13745689 33.92559814 2.42868662
v 8.13680458 34.26918793 2.42653608
v 8.33913136 33.48463440 2.43144679
v 8.33913136 34.80203247 2.42320085
v 8.33913136 35.20945358 2.61053109
v 6.33772850 37.64053345 2.37116528
v 6.33772850 37.80604553 2.34391570
v 6.33772850 39.12344742 2.33566880
v 6.33772850 39.53086472 2.52300024
v 6.25798941 32.91983414 2.94149590
v 8.11354828 33.12237930 2.64219737
v 8.11359024 33.12062836 2.64383149
v 8.11354065 33.11890030 2.64544320
v 8.11248302 33.11228943 2.65160990
v 8.11287308 33.11389160 2.65011430
v 8.11340427 33.11719894 2.64702892
v 8.11318111 33.11553192 2.64858651
v 8.11201096 33.11072159 2.65307117
v 8.11146069 33.10919571 2.65449619
v 8.11083317 33.10770798 2.65588379
v 8.10935783 33.10486221 2.65853834
v 8.11013222 33.10626221 2.65723157
v 8.10760021 33.10219955 2.66102147
v 8.10851288 33.10350418 2.65980268
v 8.03592491 33.00538635 2.75131917
v 8.33913136 33.00538635 2.75131917
v 7.97262859 32.91983414 2.94149590
v 8.33913136 32.91983414 2.94149590
v 8.33913136 35.43384552 2.85129285
v 6.33100986 32.82105255 3.32860398
v 6.55613756 32.51146698 3.32860398
v 7.67409468 32.51094818 3.32860398
v 7.89940166 32.82077408 3.32860398
v 8.00399303 32.96197891 3.32860398
v 8.33913136 32.96197891 3.32860398
v 8.33913136 35.40995789 3.32860398
v 8.33913136 35.62189484 3.32860398
v 6.33772850 37.32679749 2.66378689
v 6.33772850 37.24124527 2.85396528
v 6.33772850 39.75525665 2.76376200
v 6.33772850 37.20627975 3.30482745
v 6.33772850 37.28209305 3.30482745
v 6.33772850 39.73364258 3.30482745
v 6.33772850 40.00000000 3.30482745
f 1436 1435 1431
f 1444 1443 1445
f 1443 1442 1445
f 1441 1440 1442
f 1440 1439 1442
f 1439 1415 1442
f 1438 1437 1439
f 1437 1436 1439
f 1436 1430 1439
f 1442 1448 1445
f 1435 1434 1432
f 1433 1432 1434
f 1431 1430 1436
f 1432 1431 1435
f 1430 1415 1439
f 1429 1414 1430
f 1420 1424 1428
f 1424 1420 1514
f 1514 1458 1459
f 1461 1459 1460
f 1514 1420 1458
f 1424 1481 1415
f 1457 1456 1451
f 1456 1454 1455
f 1456 1458 1451
f 1454 1456 1457
f 1428 1426 1427
f 1420 1451 1458
f 1451 1453 1457
f 1451 1452 1453
f 1448 1450 1449
f 1446 1448 1447
f 1448 1442 1450
f 1445 1448 1446
f 1964 1377 1963
f 1970 1382 1969
f 1972 1383 1970
f 1969 1381 1968
f 1968 1380 1967
f 1967 1379 1966
f 1966 1378 1965
f 1962 1375 1961
f 1963 1376 1962
f 1971 1384 1972
f 1965 1377 1964
f 1959 1373 1960
f 1961 1374 1959
f 1960 1372 1958
f 1958 1371 1957
f 1957 1370 1956
f 1956 1369 1955
f 1414 1415 1430
f 1424 1426 1428
f 1419 1424 1415
f 1424 1423 1425
f 1423 1424 1419
f 1421 1422 1423
f 1421 1423 1419
f 1418 1419 1415
f 1418 1417 1419
f 1459 1461 1514
f 1414 1416 1415
f 1415 1413 1418
f 1982 1389 1976
f 1976 1388 1974
f 1974 1387 1975
f 1975 1386 1973
f 1973 1385 1971
f 1256 1255 1477
f 1490 1482 1483
f 1481 1482 1490
f 1518 1480 1481
f 1480 1478 1479
f 1480 1518 1478
f 1476 1071 1730
f 1730 994 1698
f 1477 1255 1476
f 1481 1535 1415
f 1604 1442 1443
f 1604 1441 1442
f 1604 1440 1441
f 1604 1439 1440
f 1604 1438 1439
f 1604 1437 1438
f 1604 1436 1437
f 1481 1491 1498
f 1499 1500 1501
f 1524 1497 1499
f 1497 1498 1496
f 1495 1496 1498
f 1498 1492 1494
f 1481 1498 1497
f 1492 1493 1494
f 1498 1491 1492
f 1604 1435 1436
f 1481 1490 1491
f 1489 1486 1488
f 1487 1486 1489
f 1486 1485 1488
f 1485 1523 1488
f 1485 1484 1523
f 1488 1415 1535
f 1604 1421 1419
f 1465 1467 1466
f 1450 1472 1463
f 1464 1467 1465
f 1463 1468 1464
f 1450 1442 1472
f 1415 1488 1442
f 1422 1604 1423
f 1422 1421 1604
f 1467 1464 1468
f 1417 1604 1419
f 1604 1418 1413
f 1604 1417 1418
f 1604 1415 1416
f 1413 1415 1604
f 1514 1461 1462
f 1481 1424 1514
f 1955 1368 1954
f 1468 1463 1471
f 1471 1463 1472
f 1465 1466 1469
f 1468 1471 1470
f 1472 1442 1488
f 1472 1474 1473
f 1474 1472 1520
f 1430 1431 1604
f 1604 1431 1432
f 1604 1432 1433
f 1604 1416 1414
f 1604 1414 1429
f 1604 1429 1430
f 1604 1433 1434
f 1604 1434 1435
f 2007 1353 1354
f 2007 1361 1362
f 1362 1359 2007
f 2007 1360 1361
f 2007 1356 1360
f 2007 1358 1356
f 2007 1357 1358
f 2007 1355 1357
f 2007 1354 1355
f 2007 1359 1363
f 2007 1352 1353
f 2007 1351 1352
f 2007 1350 1351
f 2007 1349 1350
f 2007 1348 1349
f 1347 1348 2007
f 1346 1347 2007
f 1372 1371 1958
f 1380 1379 1967
f 1379 1378 1966
f 1378 1377 1965
f 1377 1376 1963
f 1376 1375 1962
f 1375 1374 1961
f 1374 1373 1959
f 1373 1372 1960
f 2007 1345 1346
f 1371 1370 1957
f 1370 1369 1956
f 1368 1955 1369
f 1367 1954 1368
f 1337 1953 1367
f 2007 1364 1365
f 2007 1363 1364
f 1315 1316 1978
f 1323 1978 1324
f 1322 1978 1323
f 1321 1978 1322
f 1320 1978 1321
f 1319 1978 1320
f 1978 1318 1317
f 1318 1978 1319
f 1317 1315 1978
f 1324 1978 1325
f 1316 1314 1978
f 1314 1313 1978
f 1313 1310 1920
f 1946 1340 1341
f 1945 1339 1340
f 1944 1338 1339
f 1943 1308 1338
f 1332 1978 1333
f 2007 1344 1345
f 2007 1343 1344
f 2007 1342 1343
f 2007 1341 1342
f 1336 1978 1337
f 1335 1978 1336
f 1334 1978 1335
f 1333 1978 1334
f 1381 1380 1968
f 1331 1978 1332
f 1330 1978 1331
f 1329 1978 1330
f 1328 1978 1329
f 1327 1978 1328
f 1326 1978 1327
f 1325 1978 1326
f 1277 1899 1900
f 1909 1907 1269
f 1907 1905 1281
f 1909 1282 1908
f 1280 1905 1906
f 1275 1901 1902
f 1274 1900 1901
f 1897 1896 1276
f 1906 1897 1279
f 1910 1908 1283
f 1899 1278 1898
f 1278 1896 1898
f 1270 1902 1903
f 1271 1903 1904
f 1920 1310 1919
f 1921 1267 1895
f 1894 1895 1267
f 1904 1915 1273
f 1954 1367 1953
f 1697 1268 2053
f 1953 1337 1952
f 1337 1951 1952
f 1950 1313 1920
f 2260 1267 1696
f 1919 1309 1918
f 1312 1917 1918
f 1365 1366 2008
f 1917 1311 1916
f 1916 1272 1915
f 1922 1914 1288
f 1914 1913 1287
f 1913 1912 1286
f 1912 1911 1285
f 1911 1910 1284
f 1389 1388 1976
f 1394 1392 1995
f 1391 1399 1992
f 1399 1398 1991
f 1398 1397 1990
f 1397 1396 1989
f 1396 1395 1984
f 1395 1390 1983
f 1390 1389 1982
f 1411 1410 2000
f 1388 1387 1974
f 1387 1386 1975
f 1386 1385 1973
f 1385 1384 1971
f 1384 1383 1972
f 1383 1382 1970
f 1382 1381 1969
f 1524 1499 1501
f 1410 1409 1998
f 1412 1394 1996
f 1409 1412 1997
f 1404 1405 2005
f 1403 1404 2004
f 1408 1403 2003
f 1401 1400 1988
f 1402 1411 1987
f 1400 1402 1986
f 1405 1401 1985
f 1366 1407 2001
f 1407 1406 2002
f 1406 1408 2006
f 1392 1393 1993
f 1393 1391 1994
f 1609 1605 1624
f 1626 1609 1649
f 1610 1626 1612
f 1609 1610 1611
f 1610 1609 1626
f 1624 1622 1649
f 1606 1605 1608
f 1605 1606 1624
f 1606 1607 1624
f 1605 1609 1613
f 2078 1476 2079
f 2062 1476 2078
f 2062 2063 1476
f 1583 1584 2210
f 1584 1579 2209
f 1579 1580 2208
f 1563 1562 2170
f 1619 1657 1622
f 1630 1628 1632
f 1629 1628 1630
f 1649 1632 1628
f 1649 1622 1632
f 1626 1649 1627
f 1625 1614 1623
f 1622 1623 1614
f 1621 1620 1614
f 1562 1561 2167
f 1620 1618 1619
f 1621 1617 1620
f 1622 1620 1619
f 1621 1616 1617
f 1620 1622 1614
f 1614 1615 1621
f 1649 1609 1624
f 1582 1602 1581
f 1587 1588 1586
f 1599 1585 1587
f 1599 1594 1585
f 1599 1582 1575
f 1599 1575 1594
f 1569 1575 1582
f 1584 1812 1582
f 1812 1584 1583
f 1588 1587 1585
f 1582 1579 1584
f 1582 1580 1579
f 1577 1578 1590
f 1575 1577 1592
f 1575 1576 1577
f 1574 1572 1573
f 1569 1574 1575
f 1594 1597 1598
f 1561 1560 2168
f 1256 1477 2211
f 1255 2166 1476
f 1600 1587 1603
f 1602 1582 1599
f 1599 1600 1601
f 1600 1599 1587
f 1585 1594 1598
f 1631 1630 1632
f 1597 1596 1595
f 1594 1596 1597
f 1594 1592 1593
f 1592 1590 1591
f 1575 1592 1594
f 1592 1577 1590
f 1589 1588 1585
f 1622 1560 1569
f 1680 1647 1676
f 1645 1676 1647
f 1645 1643 1676
f 1677 1679 1678
f 1676 1679 1677
f 1679 1640 1691
f 1640 1622 1582
f 1622 1569 1582
f 1647 1680 1681
f 1672 1669 1671
f 1672 1675 1805
f 1674 1672 1673
f 1672 1674 1675
f 1560 1668 1672
f 1669 1670 1671
f 1672 1666 1669
f 1691 1640 1582
f 1477 1476 1790
f 1696 1266 1695
f 1693 1810 1694
f 1693 1691 1810
f 1691 1693 1692
f 1689 1691 1690
f 1688 1691 1689
f 1688 1679 1691
f 1668 1666 1672
f 1679 1685 1687
f 1685 1688 1686
f 1679 1688 1685
f 1683 1676 1684
f 1680 1676 1683
f 1680 1683 1682
f 1679 1676 1643
f 1639 1637 1640
f 1651 1649 1653
f 1649 1651 1650
f 1642 1643 1648
f 1643 1640 1679
f 1646 1643 1645
f 1643 1646 1644
f 1642 1640 1643
f 1640 1642 1641
f 1651 1653 1652
f 1638 1637 1639
f 1637 1632 1640
f 1632 1622 1640
f 1635 1637 1636
f 1635 1632 1637
f 1634 1633 1635
f 1633 1632 1635
f 1574 1570 1572
f 1653 1649 1654
f 1649 1628 1654
f 1654 1656 1655
f 1654 1628 1656
f 1657 1658 1659
f 1657 1659 1668
f 1668 1659 1660
f 1560 1622 1668
f 1664 1663 1619
f 1619 1661 1664
f 1622 1657 1668
f 1662 1661 1619
f 1657 1619 1663
f 1665 1657 1663
f 1666 1667 1669
f 2057 1463 1464
f 1461 1460 1824
f 1462 1461 1824
f 1458 1456 1824
f 1456 1455 1824
f 1455 1454 1824
f 1454 1457 1824
f 1824 1457 1453
f 2057 1464 1465
f 1459 1458 1824
f 2057 1448 1449
f 2057 1450 1463
f 1449 1450 2057
f 2057 1447 1448
f 2057 1446 1447
f 2057 1445 1446
f 2057 1444 1445
f 1824 1423 1604
f 2057 1473 1474
f 1472 1473 2057
f 2057 1468 1470
f 2057 1467 1468
f 1469 1466 2057
f 1466 1467 2057
f 2057 1465 1469
f 1443 2057 1604
f 2057 1443 1444
f 1478 1518 1824
f 1518 1517 1824
f 1517 1516 1824
f 1516 1515 1824
f 1515 1514 1824
f 1514 1462 1824
f 1460 1459 1824
f 1507 1510 1509
f 1518 1515 1516
f 1514 1515 1518
f 1509 1511 1513
f 1511 1542 1512
f 1511 1509 1542
f 1510 1505 1509
f 1507 1509 1508
f 1488 1547 1509
f 1518 1516 1517
f 1535 1547 1488
f 1505 1510 1506
f 1505 1488 1509
f 1504 1502 1505
f 1502 1504 1503
f 1502 1488 1505
f 1535 1481 1497
f 2057 1470 1471
f 1518 1481 1514
f 1423 1824 1425
f 1425 1824 1424
f 1426 1824 1427
f 1424 1824 1426
f 1452 1451 1824
f 1453 1452 1824
f 1420 1428 1824
f 1451 1420 1824
f 1824 1428 1427
f 1519 1474 1520
f 1520 1472 1523
f 1521 1520 1523
f 1522 1521 1523
f 1523 1472 1488
f 1558 1540 1541
f 1484 2059 1523
f 1482 2147 1483
f 1481 1834 1482
f 1480 1832 1481
f 1479 1831 1480
f 1478 1830 1479
f 1488 1502 2146
f 1483 2086 1490
f 2149 1475 1476
f 1558 1551 1557
f 1559 1558 1556
f 1558 1559 1540
f 1555 1552 1554
f 1552 1553 1554
f 1558 1550 1551
f 1558 1535 1550
f 1560 1562 1563
f 1570 1571 1572
f 1569 1570 1574
f 1569 1567 1568
f 1569 1566 1567
f 1566 1564 1565
f 1560 1566 1569
f 1566 1563 1564
f 1560 1563 1566
f 1535 1555 1550
f 1560 1561 1562
f 2057 1523 2060
f 1488 2153 1489
f 1487 1489 2067
f 1486 1487 2066
f 1485 1486 2065
f 1484 1485 2064
f 1497 1524 1532
f 1532 1533 1534
f 1532 1530 1531
f 1532 1527 1530
f 1527 1529 1530
f 1527 1528 1529
f 1497 1532 1535
f 1532 1524 1527
f 1527 1525 1526
f 1535 1532 1534
f 1524 1525 1527
f 2057 1522 1523
f 2057 1521 1522
f 2057 1520 1521
f 2057 1519 1520
f 1474 1519 2057
f 2057 1471 1472
f 1942 1307 1308
f 1535 1536 1537
f 1535 1537 1555
f 1537 1538 1552
f 1547 1535 1558
f 1539 1547 1541
f 1541 1547 1558
f 1254 1475 2149
f 1547 1542 1509
f 1542 1545 1543
f 1542 1547 1545
f 1546 1544 1545
f 1545 1547 1546
f 1547 1539 1548
f 1552 1538 1549
f 1555 1537 1552
f 1137 1136 1151
f 1148 1126 1151
f 1146 1151 1144
f 1151 1143 1144
f 1146 1145 1151
f 1134 1151 1132
f 1134 1133 1151
f 1138 1151 1136
f 1139 1151 1138
f 1151 1145 1147
f 1142 1151 1140
f 1135 1151 1133
f 1151 1141 1143
f 1151 1139 1140
f 1151 1131 1132
f 1142 1141 1151
f 1151 1130 1131
f 1153 1154 1158
f 1160 1163 1164
f 1160 1162 1163
f 1162 1159 1161
f 1159 1162 1160
f 1243 1153 1158
f 1157 1158 1155
f 1155 1156 1157
f 1158 1154 1155
f 1151 1135 1137
f 1151 1154 1153
f 1151 1152 1154
f 1151 1128 1152
f 1126 1125 1151
f 1127 1151 1125
f 1151 1127 1128
f 1148 1151 1147
f 1100 1099 1098
f 1098 1116 1117
f 1106 1098 1104
f 1098 1103 1104
f 1098 1107 1113
f 1106 1105 1098
f 1098 1105 1107
f 1098 1099 1108
f 1098 1110 1111
f 1115 1114 1098
f 1098 1102 1103
f 1121 1112 1098
f 1112 1110 1098
f 1109 1101 1098
f 1111 1109 1098
f 1108 1102 1098
f 1101 1100 1098
f 1124 1119 1098
f 1168 1150 1149
f 1149 1167 1168
f 1167 1149 1124
f 1124 1098 1167
f 1250 1172 843
f 1130 1097 1129
f 1097 1113 1129
f 1097 1130 1151
f 1162 1161 1166
f 1123 1098 1122
f 1123 1121 1098
f 1098 1114 1122
f 1120 1098 1119
f 1120 1118 1098
f 1117 1115 1098
f 1118 1116 1098
f 1186 934 1238
f 1250 983 1247
f 1248 1243 992
f 1241 946 1239
f 1155 946 1241
f 1247 983 1245
f 1243 1242 983
f 1240 983 1242
f 1213 1245 983
f 1211 1210 1202
f 934 1150 1238
f 1185 1179 1183
f 1181 1183 1182
f 1183 1184 1182
f 1179 1184 1183
f 1181 1180 1183
f 1179 924 1184
f 1195 1202 1194
f 1190 1189 1202
f 1212 1211 1202
f 1212 1202 1187
f 1195 1193 1202
f 1196 1194 1202
f 1202 1197 1198
f 1198 1196 1202
f 1199 1197 1202
f 1176 1180 1181
f 1210 1209 1202
f 1207 1205 1202
f 1205 1204 1202
f 1208 1206 1202
f 1204 1203 1202
f 1207 1202 1206
f 1209 1208 1202
f 1164 1166 1183
f 1173 1169 1172
f 1153 1248 1171
f 1170 1169 1174
f 1150 1175 1246
f 1150 1170 1175
f 1168 1169 1170
f 1150 1168 1170
f 1167 1169 1168
f 1174 1169 1173
f 1176 1160 1164
f 1176 1159 1160
f 1176 146 1159
f 1176 145 146
f 1166 1161 1165
f 1164 1163 1166
f 1163 1162 1166
f 1113 1097 1098
f 1174 1173 1172
f 1175 1170 1174
f 1174 1172 1175
f 1175 1172 1250
f 924 142 1176
f 1183 1166 923
f 924 1176 1181
f 1185 1183 923
f 1176 1164 1177
f 1180 1176 1177
f 1177 1164 1183
f 1183 1180 1177
f 1178 924 1179
f 924 1181 1182
f 1184 924 1182
f 968 967 1228
f 978 976 1226
f 970 978 1227
f 975 974 1234
f 972 975 1235
f 971 972 1230
f 974 973 1231
f 973 969 1232
f 969 968 1233
f 979 982 1222
f 967 966 1229
f 980 979 1221
f 949 980 1220
f 953 949 1218
f 950 952 1217
f 950 1216 951
f 948 951 1215
f 1155 987 988
f 1203 934 1186
f 843 983 1250
f 992 908 1248
f 1155 985 986
f 991 946 1155
f 1155 989 990
f 1155 990 991
f 1155 988 989
f 952 953 1219
f 986 987 1155
f 946 947 1239
f 983 992 1243
f 977 971 1237
f 976 977 1236
f 970 1225 981
f 982 981 1223
f 933 1150 934
f 941 1210 942
f 940 1209 941
f 939 1208 940
f 938 1206 939
f 937 1207 938
f 936 1205 937
f 935 1204 936
f 934 1203 935
f 942 1211 943
f 932 1150 933
f 931 1150 932
f 930 1150 931
f 929 1150 930
f 928 1150 929
f 927 1150 928
f 926 1150 927
f 958 1195 959
f 947 948 1214
f 966 965 1201
f 965 964 1200
f 964 963 1199
f 962 1197 963
f 961 1198 962
f 960 1196 961
f 959 1194 960
f 1204 935 1203
f 957 1193 958
f 956 1191 957
f 955 1192 956
f 954 1190 955
f 944 1187 945
f 945 1189 954
f 943 1212 944
f 1229 966 1201
f 1239 947 1214
f 1230 972 1235
f 1234 974 1231
f 1231 973 1232
f 1235 975 1234
f 1228 967 1229
f 1232 969 1233
f 1233 968 1228
f 1476 1475 1061
f 1202 983 1240
f 1201 965 1200
f 1199 963 1197
f 1200 964 1199
f 1198 961 1196
f 1197 962 1198
f 1196 960 1194
f 1151 1153 843
f 1169 843 1172
f 1248 908 1171
f 1155 1154 906
f 1152 906 1154
f 1153 1171 908
f 1169 1167 843
f 849 1124 1149
f 1150 849 1149
f 1194 959 1195
f 1167 1098 843
f 1176 144 145
f 1176 143 144
f 142 143 1176
f 1165 842 1166
f 1476 1061 1071
f 1071 994 1730
f 1212 943 1211
f 1237 971 1230
f 1193 957 1191
f 1192 955 1190
f 1191 956 1192
f 1190 954 1189
f 1189 945 1188
f 945 1187 1188
f 1187 944 1212
f 1236 977 1237
f 1211 942 1210
f 1210 941 1209
f 1209 940 1208
f 1208 939 1206
f 1206 938 1207
f 1207 937 1205
f 1205 936 1204
f 1188 1187 1202
f 1215 951 1216
f 1214 948 1215
f 1216 950 1217
f 1217 952 1219
f 1219 953 1218
f 1218 949 1220
f 1221 979 1222
f 1223 981 1225
f 1225 970 1224
f 1224 970 1227
f 1227 978 1226
f 1226 976 1236
f 1220 980 1221
f 1202 1213 983
f 1195 958 1193
f 1363 1362 1365
f 1373 1371 1372
f 1373 1370 1371
f 1367 1370 1373
f 1369 1370 1368
f 1370 1367 1368
f 1366 1361 1404
f 1363 1365 1364
f 1365 1361 1366
f 1367 1373 1377
f 1356 1361 1360
f 1361 1365 1362
f 1359 1362 1363
f 1361 1353 1404
f 1358 1361 1356
f 1353 1361 1358
f 1357 1353 1358
f 1383 1380 1381
f 1395 1388 1390
f 1390 1388 1389
f 1395 1384 1388
f 1388 1386 1387
f 1384 1386 1388
f 1383 1384 1395
f 1385 1386 1384
f 1383 1381 1382
f 1354 1357 1355
f 1383 1377 1380
f 1377 1379 1380
f 1377 1378 1379
f 1377 1375 1376
f 1367 1377 1383
f 1377 1374 1375
f 1377 1373 1374
f 1327 1331 1333
f 1325 1383 1353
f 1383 1325 1367
f 1367 1334 1337
f 1336 1337 1334
f 1334 1335 1336
f 1325 1334 1367
f 1333 1331 1332
f 1334 1327 1333
f 1307 1270 1346
f 1331 1329 1330
f 1327 1329 1331
f 1325 1327 1334
f 1327 1328 1329
f 1325 1326 1327
f 1325 1323 1324
f 1322 1323 1325
f 1345 1341 1346
f 1353 1357 1354
f 1352 1349 1353
f 1351 1349 1352
f 1349 1351 1350
f 1353 1349 1346
f 1349 1348 1346
f 1348 1347 1346
f 1343 1345 1344
f 1395 1404 1383
f 1343 1341 1345
f 1341 1343 1342
f 1341 1339 1346
f 1339 1341 1340
f 1339 1307 1346
f 1338 1307 1339
f 1346 1270 1353
f 1285 1286 1912
f 1924 1290 1291
f 1288 1289 1922
f 1310 1309 1919
f 1309 1312 1918
f 1312 1311 1917
f 1311 1272 1916
f 1287 1288 1914
f 1286 1287 1913
f 1923 1289 1290
f 1284 1285 1911
f 1283 1284 1910
f 1282 1283 1908
f 1269 1282 1909
f 1280 1281 1905
f 1906 1279 1280
f 1281 1269 1907
f 1933 1299 1300
f 1941 1306 1307
f 1940 1305 1306
f 1939 1304 1305
f 1938 1303 1304
f 1937 1302 1303
f 1936 1301 1302
f 1934 1300 1301
f 1932 1298 1299
f 1273 1271 1904
f 1931 1297 1298
f 1930 1296 1297
f 1929 1295 1296
f 1928 1294 1295
f 1927 1293 1294
f 1926 1292 1293
f 1925 1291 1292
f 1399 1397 1398
f 1366 1406 1407
f 1406 1366 1404
f 1403 1408 1404
f 1411 1402 1405
f 1400 1405 1402
f 1401 1405 1400
f 1392 1405 1404
f 1404 1353 1383
f 1406 1404 1408
f 1399 1396 1397
f 1395 1396 1399
f 1392 1394 1412
f 1404 1395 1392
f 1392 1391 1393
f 1392 1399 1391
f 1392 1395 1399
f 1270 1325 1353
f 1409 1411 1392
f 1411 1409 1410
f 1405 1392 1411
f 1409 1392 1412
f 2017 1264 1265
f 1266 1256 1893
f 1268 1267 1947
f 1276 1279 1897
f 1272 1273 1915
f 1275 1274 1901
f 1277 1278 1899
f 1900 1274 1277
f 1278 1276 1896
f 1271 1270 1903
f 1902 1270 1275
f 1239 1242 1241
f 1245 1246 1247
f 1244 1246 1245
f 1150 1246 1244
f 1243 1157 1242
f 1153 1243 1248
f 1158 1157 1243
f 1156 1242 1157
f 1156 1241 1242
f 1247 1246 1251
f 1241 1156 1155
f 1242 1239 1240
f 1235 1234 1240
f 1240 1232 1233
f 1240 1228 1229
f 1240 1226 1236
f 1237 1230 1240
f 1252 923 1254
f 1262 1258 1259
f 1261 1257 1262
f 1257 1258 1262
f 1256 1253 1255
f 1253 1254 1255
f 67 1748 1747
f 1475 1254 923
f 1252 1254 1253
f 1233 1228 1240
f 67 1747 1698
f 149 1253 1256
f 1251 1249 1250
f 1247 1251 1250
f 1249 1175 1250
f 1251 1246 1249
f 1246 1175 1249
f 1186 1238 1213
f 1223 1225 1240
f 1239 1214 1240
f 1213 1238 1245
f 1245 1238 1244
f 1150 1244 1238
f 1229 1201 1240
f 1201 1202 1240
f 1213 1202 1186
f 1220 1221 1240
f 1203 1186 1202
f 1200 1199 1202
f 1201 1200 1202
f 1202 1191 1192
f 1193 1191 1202
f 1189 1188 1202
f 1192 1190 1202
f 1262 1259 1263
f 1240 1221 1222
f 1240 1222 1223
f 1225 1224 1240
f 1218 1220 1240
f 1216 1217 1240
f 1215 1216 1240
f 1240 1214 1215
f 1240 1217 1219
f 1219 1218 1240
f 1236 1237 1240
f 1227 1226 1240
f 1240 1224 1227
f 1234 1231 1240
f 1240 1231 1232
f 1230 1235 1240
f 1292 1290 1307
f 1302 1304 1303
f 1301 1304 1302
f 1304 1292 1307
f 1299 1301 1300
f 1301 1292 1304
f 1299 1297 1301
f 1297 1299 1298
f 1297 1292 1301
f 1304 1306 1305
f 1296 1292 1297
f 1294 1296 1295
f 1294 1292 1296
f 1292 1294 1293
f 1290 1292 1291
f 1290 1270 1307
f 1288 1290 1289
f 1314 1316 1315
f 1319 1321 1322
f 1321 1319 1320
f 1270 1322 1325
f 1319 1315 1318
f 1319 1314 1315
f 1317 1318 1315
f 1270 1314 1319
f 1270 1319 1322
f 1288 1286 1290
f 1270 1312 1314
f 1312 1272 1311
f 1314 1312 1313
f 1312 1310 1313
f 1309 1310 1312
f 1307 1338 1308
f 1306 1304 1307
f 1255 1254 1840
f 1270 1271 1273
f 1269 1281 1282
f 1268 1265 1267
f 1264 1267 1265
f 238 1268 1748
f 1696 149 1266
f 1267 149 1696
f 149 1256 1266
f 1272 1312 1273
f 1840 1254 1839
f 1478 1824 1829
f 1825 1839 1254
f 1254 1827 1825
f 1252 1253 1872
f 1263 1259 1814
f 1814 1259 1260
f 1477 1790 1695
f 1270 1273 1312
f 1276 1277 1270
f 1270 1277 1274
f 1270 1274 1275
f 1277 1276 1278
f 1276 1270 1280
f 1279 1276 1280
f 1270 1281 1280
f 1281 1270 1290
f 1282 1281 1283
f 1283 1286 1284
f 1284 1286 1285
f 1283 1281 1290
f 1290 1286 1283
f 1287 1286 1288
f 2154 1489 2153
f 2063 2070 2149
f 2070 2069 2150
f 2069 2070 2068
f 2063 2059 2064
f 2060 2062 2078
f 2063 2062 2059
f 2058 2062 2060
f 2058 2059 2062
f 2063 2064 2065
f 2153 1488 2152
f 1488 2146 2152
f 1489 2154 2150
f 2147 1482 1877
f 1483 2147 2148
f 2097 1483 2148
f 1482 1875 1877
f 2072 1604 2073
f 1568 1567 2172
f 1567 1566 2171
f 1564 1563 2169
f 2076 1604 2075
f 2073 1604 2076
f 2074 2075 1604
f 2166 1255 1881
f 1824 2071 1838
f 1545 2131 2132
f 1604 2057 2074
f 1604 2072 2071
f 1824 1604 2071
f 2070 2063 2068
f 2067 2063 2066
f 2063 2067 2068
f 2065 2066 2063
f 2116 1553 2115
f 2121 1557 2120
f 2126 1541 2125
f 2127 1539 2126
f 2125 1540 2124
f 2120 1551 2119
f 2119 1550 2118
f 2118 1555 2117
f 2117 1554 2116
f 2122 1558 2121
f 1553 2114 2115
f 2114 1552 2113
f 2113 1549 2112
f 2112 1538 2111
f 2111 1537 2110
f 2110 1536 2109
f 2109 1535 2108
f 1508 2138 2139
f 2128 1548 2127
f 2130 1546 2129
f 1544 2130 2131
f 2129 1547 2128
f 1506 2141 2142
f 1510 2140 2141
f 1513 2136 2137
f 1511 2135 2136
f 1565 1564 2173
f 1507 2139 2140
f 1509 2137 2138
f 1512 2134 2135
f 1542 2133 2134
f 1543 2132 2133
f 2124 1559 2123
f 2123 1556 2122
f 1840 2072 2073
f 1882 1256 2211
f 2076 2159 2160
f 2076 2075 2159
f 2075 2079 2159
f 2158 2076 2157
f 2158 2073 2076
f 2158 1840 2073
f 2075 2074 2079
f 2168 1560 2250
f 2072 1839 2071
f 2211 1477 2218
f 2165 1476 2166
f 2164 1476 2165
f 2077 2057 2061
f 2074 2057 2077
f 2079 1476 2164
f 2174 1565 2173
f 2184 1573 2183
f 2183 1572 2178
f 2182 1578 2181
f 2181 1577 2180
f 2180 1576 2179
f 2178 1571 2177
f 2177 1570 2176
f 2176 1569 2175
f 1601 1600 2202
f 2175 1568 2172
f 2172 1567 2171
f 2171 1566 2174
f 2173 1564 2169
f 2170 1562 2167
f 2169 1563 2170
f 2167 1561 2168
f 1573 1572 2183
f 1587 1586 2199
f 1589 1585 2196
f 1598 2195 1585
f 1598 1597 2194
f 1590 1578 2182
f 1578 1577 2181
f 1575 1574 2185
f 1574 1573 2184
f 1588 1589 2197
f 1577 1576 2180
f 1576 1575 2179
f 1572 1571 2178
f 1571 1570 2177
f 1570 1569 2176
f 1569 1568 2175
f 1566 1565 2174
f 2108 1534 2107
f 1586 1588 2198
f 1591 1590 2186
f 1592 1591 2187
f 1593 1592 2189
f 1594 1593 2190
f 1596 1594 2191
f 1595 1596 2192
f 1597 1595 2193
f 1599 1601 2203
f 1602 1599 2204
f 1580 1582 2207
f 1582 1581 2206
f 1581 1602 2205
f 1603 1587 2200
f 1600 1603 2201
f 1501 1500 2083
f 1531 1530 2105
f 1530 1529 2103
f 1529 1528 2102
f 1528 1527 2099
f 1525 1524 2100
f 1527 1526 2098
f 1526 1525 2101
f 1524 1501 2084
f 1532 1531 2104
f 1500 1499 2085
f 1495 1498 2096
f 1499 1497 2082
f 1497 1496 2081
f 1496 1495 2080
f 1498 1494 2094
f 1494 1493 2095
f 2141 1506 1510
f 1559 1556 2123
f 1558 1557 2121
f 1510 1507 2140
f 2137 1509 1513
f 1508 1509 2138
f 2139 1507 1508
f 1505 1506 2142
f 2144 1504 1505
f 1493 1492 2090
f 2143 1503 1504
f 2145 1502 1503
f 1537 1536 2110
f 1536 1535 2109
f 1535 1534 2108
f 1534 1533 2107
f 1533 1532 2106
f 2048 2054 2047
f 2055 2007 2049
f 2048 2007 2055
f 2049 2009 2259
f 2007 2009 2049
f 2048 1949 2007
f 2258 2046 2261
f 2257 2046 2258
f 2045 2046 2257
f 2049 2259 2056
f 2047 1949 2048
f 2044 2040 2043
f 2042 1882 2249
f 2041 1882 2042
f 2042 2039 2041
f 2039 1882 2041
f 2229 2039 2042
f 2261 2050 2260
f 1492 1491 2087
f 1491 1490 2093
f 2263 2056 2262
f 2263 2055 2056
f 2263 2053 2055
f 2056 2259 2262
f 2055 2049 2056
f 2054 2048 2055
f 1556 1558 2122
f 2051 2050 2261
f 2046 2051 2261
f 2053 2054 2055
f 2053 2052 2054
f 2052 2047 2054
f 2053 2047 2052
f 2046 2050 2051
f 2087 1491 2088
f 2080 1495 2096
f 1504 2144 2143
f 2142 2144 1505
f 1503 2143 2145
f 2146 1502 2145
f 2095 1493 2090
f 2090 1492 2089
f 1492 2087 2089
f 2081 1496 2080
f 1491 2093 2088
f 2091 1490 2092
f 2093 1490 2091
f 1490 2086 2092
f 2086 1483 2097
f 2061 2057 2060
f 2150 2069 1489
f 2101 1525 2100
f 2107 1533 2106
f 2106 1532 2104
f 2104 1531 2105
f 2105 1530 2103
f 2103 1529 2102
f 2102 1528 2099
f 2099 1527 2098
f 2098 1526 2101
f 2069 2068 1489
f 2100 1524 2084
f 2096 1498 2094
f 2094 1494 2095
f 2084 1501 2083
f 2083 1500 2085
f 2085 1499 2082
f 2082 1497 2081
f 2133 1542 1543
f 1873 1254 2149
f 1549 1538 2112
f 1538 1537 2111
f 1539 2127 1548
f 1548 2128 1547
f 1546 1547 2129
f 1544 1546 2130
f 2136 1513 1511
f 1552 1549 2113
f 2131 1545 1544
f 2132 1543 1545
f 2134 1512 1542
f 2135 1511 1512
f 1539 1541 2126
f 1540 2125 1541
f 1540 1559 2124
f 2185 1574 2184
f 1553 1552 2114
f 1554 1553 2116
f 1555 1554 2117
f 1555 2118 1550
f 1551 1550 2119
f 1557 1551 2120
f 1482 1836 1875
f 2059 2058 1523
f 2059 1484 2064
f 2060 1523 2058
f 2149 1476 2063
f 2065 1486 2066
f 2064 1485 2065
f 2066 1487 2067
f 2067 1489 2068
f 1808 2036 2038
f 2237 1694 2238
f 2233 1693 2237
f 2234 1692 2233
f 2218 1695 2222
f 2216 1687 2220
f 2217 1685 2230
f 1687 2219 2220
f 2217 2219 1687
f 2239 1809 2241
f 2036 1807 2035
f 2034 2035 1807
f 2034 1806 2033
f 2033 1805 2032
f 2251 2211 2252
f 2251 2210 2211
f 2210 2209 2211
f 2240 1812 2243
f 2250 1808 2249
f 1808 2229 2249
f 1808 2038 2229
f 2248 2224 1695
f 2224 2223 1695
f 2222 1695 2223
f 2242 1813 2244
f 2243 1812 2242
f 2209 2208 2211
f 2236 1691 2234
f 2235 1690 2236
f 2231 1688 2232
f 2232 1689 2235
f 2230 1686 2231
f 2241 1811 2240
f 2238 1810 2239
f 2181 2180 1882
f 2191 2190 2211
f 2190 2189 2211
f 2189 2188 2211
f 2188 2187 2211
f 2187 2186 2211
f 2186 1882 2211
f 2186 2182 1882
f 2182 2181 1882
f 2192 2191 2211
f 2180 2179 1882
f 2185 1882 2179
f 2185 2184 1882
f 2183 2178 1882
f 2178 2177 1882
f 2184 2183 1882
f 1882 2177 2176
f 2200 2199 2211
f 2208 2207 2211
f 2207 2206 2211
f 2206 2205 2211
f 2205 2204 2211
f 2204 2203 2211
f 2203 2202 2211
f 2202 2201 2211
f 2201 2200 2211
f 2252 1813 2251
f 2199 2198 2211
f 2198 2197 2211
f 2197 2196 2211
f 2196 2195 2211
f 2195 2194 2211
f 2194 2193 2211
f 2193 2192 2211
f 2227 1697 2228
f 2248 1893 2224
f 1893 2248 2040
f 2228 1983 2227
f 2262 1697 2263
f 2259 1697 2262
f 2227 1976 2226
f 2260 1696 2258
f 2228 1697 2259
f 2255 2040 2248
f 2257 2258 1696
f 2225 2257 1696
f 2224 2214 2223
f 2214 2221 2223
f 2256 2255 1695
f 2255 2248 1695
f 2221 2214 2216
f 2044 2043 2256
f 2260 2258 2261
f 2253 2211 2254
f 2252 2211 2253
f 2247 2253 2254
f 2211 2247 2254
f 2253 2246 2252
f 2247 2246 2253
f 2256 2043 2255
f 2223 2221 2220
f 2043 2040 2255
f 2249 2229 2042
f 2245 2247 2211
f 2211 2218 2245
f 2247 2244 2246
f 2245 2244 2247
f 2242 2244 2245
f 1893 2213 2215
f 2218 2217 2230
f 2222 2217 2218
f 2219 2217 2222
f 2216 2220 2221
f 2252 2246 1813
f 2246 2244 1813
f 2215 2224 1893
f 2224 2215 2214
f 2218 2231 2232
f 1892 1891 2213
f 2044 2256 1695
f 2215 2212 2214
f 2213 2212 2215
f 2214 2212 2216
f 1891 1885 2213
f 1885 2212 2213
f 2176 2175 1882
f 2218 2232 2235
f 2231 2218 2230
f 2234 2233 2218
f 2236 2234 2218
f 2236 2218 2235
f 2238 2218 2237
f 2239 2241 2218
f 2218 2238 2239
f 2237 2218 2233
f 2243 2242 2218
f 2243 2218 2240
f 2241 2240 2218
f 2245 2218 2242
f 2220 2219 2223
f 2219 2222 2223
f 2110 2109 1873
f 2097 1873 2086
f 2082 2081 1873
f 2081 2080 1873
f 2096 1873 2080
f 2096 2094 1873
f 2094 2095 1873
f 2111 1873 2112
f 2110 1873 2111
f 2090 2089 1873
f 2109 2108 1873
f 2108 2107 1873
f 2107 2106 1873
f 2106 2104 1873
f 2104 2105 1873
f 2105 2103 1873
f 2103 2102 1873
f 2083 2085 1873
f 2112 2149 2113
f 2112 1873 2149
f 2099 2098 1873
f 2101 1873 2098
f 2101 2100 1873
f 2085 2082 1873
f 2100 2084 1873
f 2084 2083 1873
f 2102 2099 1873
f 2089 2087 1873
f 2088 1873 2087
f 2093 1873 2088
f 2093 2091 1873
f 2092 1873 2091
f 2092 2086 1873
f 2090 1873 2095
f 2192 1596 2191
f 2200 1587 2199
f 2199 1586 2198
f 2197 1589 2196
f 2198 1588 2197
f 2196 1585 2195
f 2195 1598 2194
f 2194 1597 2193
f 2193 1595 2192
f 2208 1580 2207
f 2191 1594 2190
f 2190 1593 2189
f 2189 1592 2188
f 1592 2187 2188
f 2187 1591 2186
f 2186 1590 2182
f 2179 1575 2185
f 2114 2149 2115
f 2202 1600 2201
f 2203 1601 2202
f 2204 1599 2203
f 2201 1603 2200
f 2205 1602 2204
f 2206 1581 2205
f 2207 1582 2206
f 2251 1583 2210
f 2210 1584 2209
f 2209 1579 2208
f 2074 2077 2078
f 2074 2078 2079
f 2060 2078 2061
f 2077 2061 2078
f 2159 2079 2164
f 2153 2149 2156
f 2161 2157 2162
f 2161 1880 2157
f 2162 2076 2160
f 2160 2159 2164
f 2157 2076 2162
f 1880 2158 2157
f 2155 2154 2156
f 2154 2153 2156
f 1881 2161 2162
f 2153 2152 2149
f 2156 2151 2155
f 2151 2156 2149
f 2155 2150 2154
f 2149 2070 2151
f 2151 2150 2155
f 2150 2151 2070
f 1882 2168 2250
f 2175 2172 1882
f 2174 1882 2171
f 2174 2173 1882
f 2167 2168 1882
f 1882 2169 2170
f 2169 1882 2173
f 2170 2167 1882
f 2250 2249 1882
f 2152 2146 2149
f 2172 2171 1882
f 2166 2163 2165
f 2160 2164 2165
f 2162 2163 2166
f 2166 1881 2162
f 2160 2165 2163
f 2163 2162 2160
f 2121 2149 2122
f 2129 2149 2130
f 2128 2149 2129
f 2127 2149 2128
f 2126 2149 2127
f 2125 2149 2126
f 2124 2149 2125
f 2123 2149 2124
f 2149 2123 2122
f 2131 2130 2149
f 2120 2149 2121
f 2119 2149 2120
f 2118 2149 2119
f 2117 2149 2118
f 2116 2149 2117
f 2115 2149 2116
f 2149 2114 2113
f 2229 2038 2039
f 2132 2131 2149
f 2133 2132 2149
f 2134 2133 2149
f 2135 2134 2149
f 2136 2135 2149
f 2137 2136 2149
f 2138 2137 2149
f 2139 2138 2149
f 2140 2139 2149
f 2142 2141 2149
f 2141 2140 2149
f 2143 2144 2149
f 2144 2142 2149
f 2145 2143 2149
f 2146 2145 2149
f 1881 1255 1880
f 748 1842 749
f 1842 748 747
f 745 1842 747
f 1882 2039 1256
f 1840 2158 1879
f 1840 1839 2072
f 1839 1838 2071
f 1839 1825 1838
f 749 1842 750
f 1879 1880 1255
f 1837 1824 1838
f 1840 1879 1255
f 1830 1828 1833
f 1836 1833 1874
f 1836 1835 1833
f 1835 1834 1833
f 757 1842 758
f 755 1843 1823
f 1814 1849 1856
f 1852 1821 1822
f 1852 1818 1821
f 756 1823 1820
f 754 1820 1819
f 759 1842 1841
f 758 1842 759
f 1834 1832 1833
f 755 1842 757
f 755 756 1842
f 1842 753 752
f 754 1842 756
f 753 1842 754
f 751 1842 752
f 750 1842 751
f 1850 1817 1818
f 1478 1826 1828
f 1827 1254 1833
f 1873 1874 1254
f 1842 1252 1872
f 1844 1823 1843
f 1844 1822 1823
f 1822 1820 1823
f 1856 1262 1263
f 1833 1254 1874
f 1850 1814 1817
f 1819 1816 753
f 1822 1821 1819
f 1819 1820 1822
f 1263 1814 1856
f 1816 1815 746
f 1815 1260 746
f 1829 1824 1837
f 1832 1831 1833
f 1831 1830 1833
f 1828 1827 1833
f 1825 1837 1838
f 1825 1829 1837
f 1828 1826 1827
f 1825 1826 1829
f 1827 1826 1825
f 757 1846 1843
f 1482 1835 1836
f 1482 1834 1835
f 1834 1481 1832
f 1831 1479 1830
f 1832 1480 1831
f 1826 1478 1829
f 1830 1478 1828
f 1858 1857 1861
f 1872 1859 1860
f 1866 1861 1865
f 1861 1864 1865
f 1863 1858 1866
f 1861 1857 1864
f 1862 1858 1863
f 1853 1859 1872
f 1858 1861 1866
f 1872 1860 1862
f 1841 1842 1868
f 1867 1841 1868
f 1857 1841 1867
f 1862 1848 1858
f 1858 1847 1857
f 1860 1845 1862
f 1859 1845 1860
f 1870 1869 1872
f 1872 1851 1852
f 1872 1850 1851
f 1872 1863 1866
f 1864 1871 1872
f 1865 1864 1872
f 1865 1872 1866
f 1871 1870 1872
f 1869 1868 1872
f 1845 1848 1862
f 1868 1842 1872
f 1871 1867 1870
f 1867 1869 1870
f 1868 1869 1867
f 1857 1871 1864
f 1857 1867 1871
f 1872 1862 1863
f 1822 1844 1859
f 1847 1846 758
f 1843 755 757
f 756 755 1823
f 1820 754 756
f 1848 1846 1858
f 1846 1847 1858
f 1859 1844 1845
f 1848 1843 1846
f 1847 759 1857
f 1845 1843 1848
f 1843 1845 1844
f 1855 1262 1856
f 1262 1855 1854
f 1851 1818 1852
f 1818 1851 1850
f 1849 1814 1850
f 1854 1261 1262
f 1852 1822 1853
f 1846 757 758
f 1847 758 759
f 759 1841 1857
f 766 767 1872
f 1872 767 768
f 1872 768 769
f 1872 769 770
f 1872 770 771
f 1872 771 1854
f 1872 1855 1856
f 1872 1854 1855
f 1856 1849 1872
f 1872 1849 1850
f 1853 1822 1859
f 2212 1631 1632
f 1658 1885 1659
f 1666 1668 1885
f 1660 1885 1668
f 1657 1885 1658
f 1657 1665 1885
f 1663 1885 1665
f 1663 1664 1885
f 2212 1633 1634
f 1885 1660 1659
f 1632 1633 2212
f 2212 1630 1631
f 2212 1629 1630
f 2212 1628 1629
f 2212 1656 1628
f 1656 2212 1655
f 2212 1654 1655
f 1885 1617 1616
f 1885 1664 1661
f 1661 1662 1885
f 1885 1662 1619
f 1614 1885 1615
f 1614 1625 1885
f 1885 1618 1620
f 1618 1885 1619
f 1617 1885 1620
f 2212 1653 1654
f 1885 1621 1615
f 1616 1621 1885
f 1885 1622 1624
f 1623 1885 1625
f 1885 1623 1622
f 1607 1885 1624
f 1885 1607 1606
f 1747 1790 1784
f 2212 1612 1626
f 1610 1612 2212
f 1605 1613 2212
f 1808 1560 1807
f 1805 1807 1560
f 1805 1806 1807
f 1672 1805 1560
f 1805 1675 1804
f 2212 1611 1610
f 1747 1748 1790
f 1784 1790 1476
f 1476 1730 1784
f 1695 1790 1696
f 1790 1697 1696
f 1748 1697 1790
f 1748 1268 1697
f 1635 2216 1634
f 2212 1609 1611
f 1613 1609 2212
f 2212 1606 1608
f 2212 1608 1605
f 1810 1811 1809
f 1811 1810 1812
f 1810 1691 1812
f 1691 1582 1812
f 1812 1583 1813
f 2212 1626 1627
f 2212 1627 1649
f 2212 1649 1650
f 2212 1651 1652
f 2212 1650 1651
f 2212 1652 1653
f 2212 1634 2216
f 1689 1690 2235
f 1691 1692 2234
f 1690 1691 2236
f 1687 1685 2217
f 1688 1689 2232
f 1686 1688 2231
f 1685 1686 2230
f 1266 2044 1695
f 1692 1693 2233
f 1813 1583 2251
f 1885 1606 2212
f 1560 1808 2250
f 1805 2033 1806
f 1804 2032 1805
f 1807 2036 1808
f 1806 2034 1807
f 1696 2226 2225
f 1821 1818 1819
f 1816 1819 1818
f 1817 1816 1818
f 1260 1259 743
f 1817 1815 1816
f 1814 1260 1817
f 1260 1815 1817
f 2226 1696 2227
f 1675 2030 1804
f 1696 1697 2227
f 1809 1811 2241
f 1810 1809 2239
f 1812 1813 2242
f 1811 1812 2240
f 1694 1810 2238
f 1693 1694 2237
f 2216 1641 1642
f 2216 1678 1679
f 2216 1677 1678
f 1679 1687 2216
f 2216 1676 1677
f 1684 1676 2216
f 2216 1683 1684
f 1682 1683 2216
f 2216 1642 1648
f 2216 1643 1644
f 2216 1640 1641
f 1648 1643 2216
f 1637 1638 2216
f 2216 1639 1640
f 2216 1638 1639
f 2216 1636 1637
f 2216 1635 1636
f 1872 1852 1853
f 2216 1644 1646
f 1645 1647 2216
f 2216 1646 1645
f 1477 1695 2218
f 2216 1647 1681
f 2216 1681 1680
f 2216 1680 1682
f 1666 2023 1667
f 1667 2024 1669
f 1669 2025 1670
f 1670 2028 1671
f 1671 2029 1672
f 1672 2026 1673
f 1673 2027 1674
f 1674 2031 1675
f 1952 1951 2225
f 1970 1969 2226
f 1969 1968 2226
f 1968 1967 2226
f 1961 1959 2226
f 1954 1953 2226
f 1959 1960 2226
f 1955 1954 2226
f 1953 1952 2226
f 1971 1972 2226
f 1979 2225 1951
f 2050 1267 2260
f 1947 1948 1949
f 2047 1947 1949
f 1947 1946 1948
f 1947 1921 1946
f 1921 1945 1946
f 1965 1964 2226
f 2226 1952 2225
f 1976 1974 2226
f 1957 1956 2226
f 1955 2226 1956
f 1972 1970 2226
f 1974 1975 2226
f 1962 1961 2226
f 1973 1971 2226
f 1921 1944 1945
f 1963 1962 2226
f 1966 1965 2226
f 1964 1963 2226
f 1960 1958 2226
f 1958 1957 2226
f 1975 1973 2226
f 1967 1966 2226
f 1977 2045 1980
f 1921 1927 1928
f 1921 1925 1926
f 1924 1921 1923
f 1921 1924 1925
f 1921 1922 1923
f 1895 1922 1921
f 1895 1914 1922
f 2047 2053 1268
f 1927 1921 1926
f 1977 1950 2045
f 1950 1894 2045
f 1920 1894 1950
f 1920 1895 1894
f 1919 1895 1920
f 1895 1913 1914
f 1900 1895 1901
f 1921 1935 1936
f 1921 1943 1944
f 1921 1942 1943
f 1941 1921 1940
f 1921 1941 1942
f 1940 1921 1939
f 1921 1938 1939
f 1921 1937 1938
f 1921 1936 1937
f 1978 1977 1980
f 1934 1921 1933
f 1932 1921 1931
f 1921 1932 1933
f 1921 1934 1935
f 1921 1930 1931
f 1929 1921 1928
f 1921 1929 1930
f 2013 2010 2014
f 2020 2021 841
f 830 2016 2020
f 2018 2017 2019
f 830 2015 2016
f 2015 2013 2016
f 2013 2014 2016
f 1884 2015 830
f 1884 2013 2015
f 841 2021 2022
f 2010 2011 2014
f 2013 1883 2010
f 2017 2012 827
f 824 2011 2010
f 2012 2011 822
f 2259 2008 2228
f 2008 2259 2009
f 2030 2031 2037
f 2038 2037 2039
f 2038 2036 2037
f 2036 2035 2037
f 2037 2032 2030
f 2037 2033 2032
f 2035 2034 2037
f 2033 2037 2034
f 2037 2027 2026
f 2008 2001 2228
f 2027 2037 2031
f 2026 2029 2037
f 2028 2037 2029
f 2037 2025 2024
f 2025 2037 2028
f 2023 2037 2024
f 2021 2020 2022
f 1697 2053 2263
f 1994 1992 2228
f 1993 1994 2228
f 1990 1989 2228
f 1992 1991 2228
f 1991 1990 2228
f 1984 1983 2228
f 1989 1984 2228
f 1983 1982 2227
f 1999 1998 2228
f 1982 1976 2227
f 2257 2225 1981
f 2225 1979 1981
f 1981 2045 2257
f 1980 2045 1981
f 1981 1978 1980
f 1979 1978 1981
f 1903 1895 1904
f 1995 1993 2228
f 1997 1996 2228
f 1998 1997 2228
f 1996 1995 2228
f 2001 2002 2228
f 2006 2003 2228
f 2228 2002 2006
f 1985 1988 2228
f 2005 1985 2228
f 1988 1986 2228
f 2004 2005 2228
f 2228 1986 1987
f 1987 2000 2228
f 2000 1999 2228
f 2003 2004 2228
f 1885 1891 1890
f 2044 1266 2040
f 1888 1891 1892
f 1888 1890 1891
f 1888 1889 1890
f 1887 2037 2023
f 1887 1886 2037
f 1889 1886 1887
f 1886 1889 1888
f 1892 2213 1893
f 2040 1266 1893
f 2026 1672 2029
f 2029 1671 2028
f 2025 1669 2024
f 2028 1670 2025
f 2024 1667 2023
f 2032 1804 2030
f 1292 1926 1925
f 1300 1934 1933
f 1299 1933 1932
f 1298 1932 1931
f 1297 1931 1930
f 1296 1930 1929
f 1295 1929 1928
f 1293 1927 1926
f 1294 1928 1927
f 2030 1675 2031
f 1291 1925 1924
f 1290 1924 1923
f 1289 1923 1922
f 1947 2047 1268
f 1921 1947 1267
f 2045 1267 2046
f 1267 2045 1894
f 2147 1873 2148
f 2012 2017 1265
f 2011 1265 2014
f 2011 2012 1265
f 571 1883 1884
f 1880 2161 1881
f 1879 2158 1880
f 1878 1876 1877
f 1877 1876 2147
f 2014 1265 2016
f 1876 1873 2147
f 1875 1878 1877
f 1878 1874 1876
f 1874 1873 1876
f 1875 1874 1878
f 1875 1836 1874
f 1873 2097 2148
f 1301 1935 1934
f 2017 2018 1264
f 2016 1265 2020
f 2020 1265 2022
f 1884 1883 2013
f 1886 1888 1256
f 2037 1886 1256
f 1890 1889 1666
f 1889 1887 1666
f 2023 1666 1887
f 1892 1256 1888
f 1890 1666 1885
f 1893 1256 1892
f 2039 2037 1256
f 2027 1673 2026
f 2031 1674 2027
f 1998 1409 1997
f 1895 1907 1909
f 1895 1912 1913
f 1895 1908 1910
f 2046 1267 2050
f 1365 2008 2009
f 1987 1411 2000
f 2000 1410 1999
f 1410 1998 1999
f 1908 1895 1909
f 1997 1412 1996
f 1996 1394 1995
f 1985 1401 1988
f 2004 1404 2005
f 2003 1403 2004
f 2005 1405 1985
f 1988 1400 1986
f 1899 1895 1900
f 1895 1915 1904
f 1895 1902 1901
f 1906 1895 1897
f 1918 1895 1919
f 1917 1895 1918
f 1916 1895 1917
f 1895 1916 1915
f 1905 1895 1906
f 1986 1402 1987
f 1895 1903 1902
f 1895 1896 1897
f 1895 1898 1896
f 1895 1899 1898
f 1912 1895 1911
f 1895 1910 1911
f 1907 1895 1905
f 1308 1943 1942
f 1951 1337 1979
f 1313 1977 1978
f 1313 1950 1977
f 1948 1341 1949
f 1341 1948 1946
f 1340 1946 1945
f 1339 1945 1944
f 1338 1944 1943
f 1337 1978 1979
f 1307 1942 1941
f 1306 1941 1940
f 1305 1940 1939
f 1304 1939 1938
f 1303 1938 1937
f 1302 1937 1936
f 1935 1301 1936
f 1222 982 1223
f 1949 1341 2007
f 2007 1365 2009
f 1983 1390 1982
f 2008 1366 2001
f 1984 1395 1983
f 1990 1397 1989
f 1989 1396 1984
f 1992 1399 1991
f 1991 1398 1990
f 1994 1391 1992
f 1995 1392 1993
f 1993 1393 1994
f 2001 1407 2002
f 2006 1408 2003
f 2002 1406 2006
f 126 129 139
f 143 126 144
f 141 126 143
f 140 109 1165
f 126 139 140
f 139 138 140
f 137 135 136
f 135 110 136
f 138 134 137
f 139 134 138
f 134 135 137
f 129 130 139
f 139 130 134
f 133 134 130
f 142 141 143
f 129 121 132
f 131 130 129
f 128 129 132
f 924 141 142
f 924 127 141
f 924 126 127
f 924 125 126
f 126 141 127
f 125 124 126
f 124 122 126
f 122 124 123
f 130 106 133
f 125 108 124
f 1185 116 1179
f 258 149 259
f 258 148 149
f 257 258 238
f 257 238 237
f 148 258 257
f 148 257 201
f 604 150 152
f 150 604 151
f 150 432 152
f 150 429 432
f 148 629 149
f 104 148 201
f 184 104 201
f 123 124 108
f 116 1178 1179
f 116 147 1178
f 1178 108 924
f 147 108 1178
f 1185 107 116
f 1161 140 1165
f 1159 144 1161
f 805 500 501
f 805 501 502
f 146 144 1159
f 126 140 1161
f 144 146 145
f 144 126 1161
f 108 125 924
f 111 106 112
f 109 111 112
f 135 111 110
f 138 109 140
f 137 109 138
f 136 109 137
f 110 109 136
f 109 110 111
f 134 106 135
f 106 111 135
f 106 134 133
f 116 105 109
f 923 107 1185
f 114 108 115
f 108 106 120
f 107 923 1252
f 1748 67 68
f 105 842 1165
f 105 843 842
f 105 103 843
f 843 103 67
f 106 108 114
f 107 105 116
f 107 148 103
f 68 104 184
f 805 502 503
f 805 503 504
f 121 122 119
f 122 123 108
f 120 122 108
f 118 106 132
f 106 130 131
f 129 106 131
f 106 129 128
f 106 128 132
f 120 106 119
f 121 119 106
f 117 121 106
f 117 106 118
f 122 129 126
f 119 122 120
f 259 149 441
f 129 122 121
f 118 132 121
f 121 117 118
f 109 105 1165
f 116 115 147
f 116 114 115
f 116 113 114
f 116 112 113
f 116 109 112
f 115 108 147
f 113 106 114
f 106 113 112
f 326 325 356
f 337 340 338
f 331 340 339
f 336 335 339
f 339 335 331
f 327 335 334
f 327 333 331
f 332 329 331
f 329 332 330
f 331 329 356
f 328 326 329
f 327 331 335
f 356 346 331
f 326 356 329
f 338 340 359
f 314 307 323
f 307 324 323
f 322 313 312
f 312 321 322
f 453 314 322
f 320 319 318
f 314 319 322
f 314 316 315
f 314 315 319
f 315 317 319
f 319 320 322
f 322 320 313
f 453 300 314
f 351 341 355
f 473 474 804
f 474 475 804
f 804 491 492
f 492 493 804
f 804 493 494
f 495 496 804
f 804 496 497
f 804 497 498
f 340 331 377
f 358 338 359
f 338 358 357
f 349 274 331
f 331 346 349
f 305 304 311
f 352 261 349
f 352 351 354
f 262 352 353
f 352 341 351
f 350 349 348
f 346 356 347
f 349 345 344
f 345 349 346
f 341 349 350
f 343 350 342
f 341 350 343
f 349 341 352
f 498 499 805
f 282 291 281
f 291 284 281
f 284 279 280
f 300 274 284
f 284 275 279
f 279 277 278
f 275 277 279
f 274 275 284
f 276 278 277
f 269 261 272
f 271 272 261
f 272 271 273
f 268 267 270
f 291 282 283
f 805 499 500
f 274 261 269
f 269 266 268
f 266 269 272
f 266 267 268
f 349 261 274
f 261 262 265
f 261 265 264
f 261 352 262
f 262 263 265
f 260 258 259
f 238 260 456
f 238 258 260
f 299 297 298
f 306 301 304
f 307 309 310
f 308 309 307
f 306 308 307
f 306 307 314
f 314 300 306
f 304 305 306
f 274 300 453
f 303 304 301
f 301 306 300
f 300 302 301
f 300 296 299
f 296 297 299
f 805 504 505
f 296 294 295
f 300 284 296
f 296 293 294
f 296 291 293
f 284 291 296
f 291 292 293
f 289 290 274
f 274 288 289
f 274 287 288
f 286 287 274
f 269 286 274
f 285 287 286
f 617 616 631
f 605 607 708
f 606 604 636
f 610 606 635
f 621 613 701
f 609 610 634
f 611 617 615
f 617 611 616
f 612 609 633
f 608 707 607
f 608 611 705
f 615 617 614
f 616 612 632
f 614 617 619
f 603 605 709
f 611 615 704
f 637 152 715
f 635 606 636
f 636 604 637
f 614 619 622
f 614 622 618
f 618 620 621
f 620 618 625
f 629 613 621
f 620 623 621
f 622 619 628
f 625 618 622
f 629 621 623
f 1265 458 836
f 577 1884 582
f 1884 577 578
f 579 576 1884
f 1884 578 579
f 583 582 1884
f 1884 596 598
f 597 596 1884
f 598 595 1884
f 600 597 1884
f 599 600 1884
f 601 599 1884
f 458 457 820
f 457 1264 2018
f 629 623 624
f 151 606 603
f 606 151 604
f 606 605 603
f 605 606 610
f 629 148 613
f 605 609 607
f 609 605 610
f 607 609 608
f 604 152 637
f 609 612 608
f 611 608 616
f 616 608 612
f 642 641 262
f 629 637 715
f 629 715 716
f 629 716 717
f 629 717 718
f 629 718 719
f 664 259 638
f 674 638 259
f 259 675 674
f 664 668 259
f 668 676 259
f 676 677 260
f 665 639 353
f 642 353 639
f 629 636 637
f 644 643 264
f 641 640 263
f 644 265 640
f 273 648 649
f 272 649 650
f 647 261 643
f 648 271 647
f 266 650 651
f 651 645 267
f 657 286 656
f 658 285 657
f 659 287 658
f 659 654 288
f 631 616 632
f 629 624 625
f 629 625 626
f 623 620 624
f 624 620 625
f 626 625 622
f 627 626 622
f 627 622 628
f 629 626 627
f 629 627 628
f 629 628 630
f 629 630 631
f 634 633 609
f 619 617 630
f 602 1884 576
f 633 632 612
f 615 614 702
f 614 618 701
f 634 610 635
f 701 618 621
f 628 619 630
f 630 617 631
f 629 631 632
f 629 632 633
f 629 633 634
f 629 634 635
f 629 635 636
f 804 469 468
f 540 806 541
f 541 806 542
f 542 806 543
f 543 806 544
f 544 806 545
f 545 806 546
f 546 806 547
f 465 470 804
f 466 467 804
f 467 465 804
f 804 468 466
f 804 470 471
f 463 469 804
f 539 806 540
f 471 461 804
f 805 515 516
f 805 516 517
f 805 517 518
f 805 518 519
f 805 519 520
f 805 520 521
f 805 521 522
f 522 523 828
f 828 523 524
f 828 524 525
f 828 525 526
f 828 526 527
f 464 806 479
f 805 505 506
f 805 506 507
f 805 507 508
f 805 508 509
f 805 509 510
f 805 510 511
f 805 511 512
f 805 512 513
f 805 513 514
f 805 514 515
f 463 806 464
f 477 806 478
f 806 477 479
f 828 527 528
f 478 806 481
f 481 806 480
f 480 806 482
f 482 806 483
f 483 806 484
f 484 806 485
f 806 486 485
f 486 806 487
f 487 806 488
f 488 806 489
f 489 806 490
f 490 806 539
f 828 589 575
f 562 1883 563
f 563 1883 564
f 564 1883 565
f 565 1883 566
f 566 1883 567
f 567 1883 568
f 569 568 1883
f 570 569 1883
f 571 570 1883
f 586 587 828
f 828 585 586
f 828 587 588
f 828 588 589
f 561 1883 562
f 575 580 828
f 572 571 1884
f 573 572 1884
f 574 573 1884
f 590 574 1884
f 590 1884 594
f 594 1884 592
f 593 1884 595
f 1884 593 591
f 591 592 1884
f 580 581 1884
f 1884 581 583
f 602 601 1884
f 549 548 1883
f 828 528 529
f 828 529 530
f 828 530 531
f 828 531 532
f 828 532 533
f 828 533 534
f 828 534 537
f 828 537 538
f 538 535 828
f 828 535 536
f 828 536 584
f 828 584 585
f 548 547 1883
f 475 491 804
f 550 549 1883
f 551 550 1883
f 552 551 1883
f 553 552 1883
f 554 553 1883
f 555 554 1883
f 555 1883 556
f 556 1883 557
f 557 1883 558
f 558 1883 559
f 559 1883 560
f 560 1883 561
f 403 396 410
f 786 324 307
f 795 309 308
f 796 310 309
f 785 307 310
f 148 107 1252
f 1748 68 184
f 393 397 400
f 394 428 398
f 394 393 400
f 398 428 391
f 397 395 402
f 402 395 396
f 402 396 403
f 680 308 306
f 394 400 399
f 428 394 399
f 428 424 391
f 400 397 401
f 401 397 402
f 415 408 409
f 410 396 404
f 410 404 405
f 410 405 411
f 405 406 412
f 412 411 405
f 406 407 413
f 413 412 406
f 294 293 680
f 277 275 662
f 663 278 276
f 663 276 277
f 279 278 680
f 280 279 680
f 284 280 680
f 281 284 680
f 812 259 441
f 282 281 680
f 283 282 680
f 291 283 680
f 292 291 680
f 293 292 680
f 413 407 408
f 295 294 680
f 296 295 680
f 297 296 680
f 298 297 680
f 299 298 680
f 300 299 680
f 302 300 680
f 301 302 680
f 303 301 680
f 304 303 680
f 311 304 680
f 311 680 305
f 306 305 680
f 433 434 439
f 695 391 392
f 723 428 399
f 724 399 400
f 726 401 402
f 727 402 403
f 725 400 401
f 148 1252 1842
f 404 396 729
f 729 405 404
f 730 406 405
f 406 732 407
f 407 733 408
f 418 433 437
f 694 397 393
f 434 435 440
f 440 435 1257
f 440 1257 1261
f 417 437 436
f 437 433 438
f 438 433 439
f 439 434 440
f 408 733 409
f 409 734 416
f 760 403 410
f 761 410 411
f 411 412 762
f 762 412 413
f 424 425 391
f 414 413 408
f 415 414 408
f 419 415 409
f 419 409 416
f 417 419 416
f 437 417 418
f 436 419 417
f 392 425 421
f 425 392 391
f 421 426 420
f 426 422 420
f 422 426 430
f 422 430 423
f 275 274 661
f 421 425 427
f 426 421 427
f 692 395 397
f 693 396 395
f 423 430 431
f 432 429 423
f 432 423 431
f 421 695 392
f 696 421 420
f 393 394 694
f 698 394 398
f 698 398 391
f 262 353 642
f 385 388 384
f 385 372 388
f 385 387 372
f 385 384 386
f 388 390 389
f 449 381 453
f 390 388 449
f 676 260 259
f 261 264 643
f 271 261 647
f 273 271 648
f 265 263 640
f 263 262 641
f 383 386 384
f 264 265 644
f 344 345 667
f 348 349 667
f 342 350 667
f 350 348 667
f 349 344 667
f 325 667 356
f 667 325 326
f 667 326 328
f 330 667 329
f 667 328 329
f 330 332 667
f 332 331 667
f 377 373 367
f 359 362 360
f 360 362 361
f 362 359 363
f 363 359 366
f 359 340 377
f 366 359 367
f 363 366 364
f 364 366 365
f 367 359 377
f 368 373 369
f 373 368 367
f 368 369 370
f 371 382 372
f 346 347 667
f 373 375 374
f 375 373 376
f 376 373 377
f 377 381 378
f 378 381 379
f 379 381 380
f 372 382 381
f 331 453 377
f 453 331 274
f 381 388 372
f 381 377 453
f 388 381 449
f 670 369 373
f 670 337 338
f 670 338 357
f 670 359 360
f 670 360 361
f 670 361 362
f 670 362 363
f 670 363 364
f 670 364 365
f 670 365 366
f 670 366 367
f 670 367 368
f 670 368 370
f 370 369 670
f 340 337 670
f 266 272 650
f 649 272 273
f 267 266 651
f 270 267 645
f 285 286 657
f 653 269 268
f 646 268 270
f 286 269 656
f 290 289 655
f 288 287 659
f 287 285 658
f 289 288 654
f 274 290 660
f 354 351 667
f 667 345 346
f 667 347 356
f 667 331 333
f 333 327 667
f 670 327 334
f 670 334 335
f 335 336 670
f 667 353 352
f 351 355 667
f 343 342 667
f 341 343 667
f 355 341 667
f 667 352 354
f 413 414 764
f 670 339 340
f 670 336 339
f 677 456 260
f 373 374 670
f 670 374 375
f 378 379 801
f 801 379 380
f 801 375 376
f 801 376 377
f 801 377 378
f 357 358 670
f 670 358 359
f 580 575 581
f 569 566 567
f 569 567 568
f 569 570 571
f 569 571 573
f 557 569 581
f 569 573 590
f 573 571 572
f 569 590 592
f 590 573 574
f 581 578 582
f 578 581 597
f 582 578 577
f 576 579 578
f 566 564 565
f 581 582 583
f 584 535 587
f 530 581 575
f 584 587 585
f 587 535 575
f 585 587 586
f 587 575 588
f 589 588 575
f 597 569 592
f 591 593 595
f 592 591 595
f 590 594 592
f 592 595 597
f 545 553 557
f 539 540 541
f 545 539 541
f 541 542 544
f 544 542 543
f 545 541 544
f 482 545 557
f 545 546 548
f 548 546 547
f 545 548 549
f 545 549 553
f 553 549 550
f 550 551 552
f 553 550 552
f 581 569 597
f 553 554 555
f 557 553 555
f 557 555 556
f 557 558 559
f 557 559 560
f 557 560 566
f 560 561 563
f 563 561 562
f 482 557 581
f 566 560 563
f 569 557 566
f 566 563 564
f 792 314 323
f 801 384 388
f 801 449 450
f 450 448 801
f 801 448 455
f 455 451 801
f 454 452 801
f 801 451 454
f 783 313 320
f 789 317 315
f 793 318 319
f 778 320 318
f 790 319 317
f 787 323 324
f 801 390 449
f 791 316 314
f 788 315 316
f 784 321 312
f 781 322 321
f 782 312 313
f 812 441 456
f 804 472 473
f 461 462 804
f 462 459 804
f 459 460 804
f 804 460 476
f 476 472 804
f 494 495 804
f 775 453 443
f 596 597 598
f 597 595 598
f 597 601 576
f 601 600 599
f 601 597 600
f 576 601 602
f 578 597 576
f 772 452 453
f 777 445 442
f 779 442 447
f 780 447 322
f 774 444 446
f 776 443 444
f 537 535 538
f 773 446 445
f 382 371 801
f 371 372 801
f 380 381 801
f 801 381 382
f 801 372 387
f 801 385 386
f 386 383 801
f 387 385 801
f 801 383 384
f 388 389 801
f 801 389 390
f 476 465 463
f 457 458 456
f 1264 149 1267
f 1265 1268 238
f 461 465 460
f 460 465 476
f 461 459 462
f 460 459 461
f 475 476 463
f 465 467 463
f 468 467 466
f 467 468 463
f 463 468 469
f 465 461 470
f 441 457 456
f 470 461 471
f 476 475 472
f 475 474 473
f 472 475 473
f 475 463 503
f 463 464 482
f 482 464 477
f 477 478 481
f 479 477 464
f 482 481 480
f 482 477 481
f 482 483 486
f 486 483 484
f 238 458 1265
f 414 415 765
f 765 415 419
f 416 736 417
f 417 736 418
f 433 418 737
f 434 433 739
f 435 434 739
f 149 1872 1253
f 457 441 149
f 149 1264 457
f 458 238 456
f 1748 184 237
f 1748 237 238
f 486 484 485
f 443 453 322
f 443 445 444
f 444 445 446
f 445 443 442
f 443 322 442
f 442 322 447
f 449 455 450
f 450 455 448
f 455 449 453
f 455 453 451
f 452 454 453
f 453 454 451
f 522 518 530
f 512 503 518
f 511 510 512
f 513 512 516
f 514 513 515
f 516 515 513
f 516 512 518
f 518 503 530
f 517 516 518
f 519 518 522
f 520 519 522
f 521 520 522
f 523 522 524
f 525 524 522
f 510 508 512
f 581 530 482
f 525 522 527
f 526 525 527
f 527 522 530
f 528 527 530
f 529 528 530
f 531 530 532
f 533 532 530
f 533 530 535
f 534 533 537
f 575 535 530
f 535 584 536
f 535 537 533
f 498 496 500
f 486 487 482
f 482 487 539
f 487 488 489
f 539 487 489
f 539 489 490
f 482 539 545
f 475 492 491
f 492 475 493
f 475 500 493
f 493 496 494
f 494 496 495
f 496 493 500
f 496 498 497
f 655 289 654
f 500 475 503
f 498 500 499
f 500 502 501
f 502 500 503
f 503 463 530
f 530 463 482
f 504 503 505
f 506 505 508
f 505 503 512
f 507 506 508
f 508 505 512
f 509 508 510
f 910 909 911
f 899 892 902
f 902 848 905
f 900 899 902
f 901 900 902
f 903 902 905
f 904 903 905
f 906 905 907
f 907 905 912
f 905 848 974
f 909 907 911
f 898 897 899
f 912 911 907
f 912 905 914
f 915 914 905
f 913 912 914
f 915 905 985
f 916 915 921
f 917 916 921
f 918 917 919
f 919 917 921
f 920 919 921
f 889 887 892
f 878 848 871
f 882 881 879
f 880 879 881
f 882 879 887
f 883 882 885
f 884 883 885
f 885 882 887
f 886 885 887
f 879 848 902
f 888 887 889
f 921 915 985
f 891 890 892
f 890 889 892
f 887 879 902
f 892 887 902
f 895 894 893
f 893 892 897
f 895 893 897
f 896 895 897
f 897 892 899
f 893 894 1139
f 884 885 1130
f 885 886 1131
f 886 887 1132
f 887 888 1134
f 888 889 1133
f 889 890 1135
f 890 891 1137
f 891 892 1136
f 892 893 1138
f 894 895 1142
f 883 884 1129
f 895 896 1141
f 896 897 1143
f 848 1123 846
f 846 1122 847
f 847 1114 854
f 850 854 1115
f 850 1117 852
f 852 1116 853
f 853 1118 851
f 1153 908 843
f 985 922 921
f 842 908 923
f 908 992 923
f 1166 842 923
f 872 1100 873
f 844 878 1111
f 845 1121 848
f 844 1112 845
f 873 1101 871
f 871 1109 878
f 879 874 848
f 874 875 1102
f 877 1099 872
f 877 874 1108
f 876 879 1104
f 876 1103 875
f 880 1106 879
f 881 882 1107
f 880 881 1105
f 882 883 1113
f 835 834 839
f 2012 822 827
f 2017 827 826
f 829 805 828
f 1884 830 828
f 837 829 828
f 828 830 838
f 820 829 834
f 834 829 837
f 836 820 834
f 836 834 835
f 825 831 826
f 836 835 839
f 826 831 2017
f 831 833 2017
f 2019 2017 833
f 833 832 2019
f 2019 832 2018
f 828 840 837
f 840 828 838
f 834 837 839
f 838 830 2020
f 806 821 825
f 821 815 814
f 825 816 831
f 815 805 818
f 814 815 818
f 817 814 818
f 817 818 819
f 818 805 819
f 819 805 829
f 820 817 819
f 820 819 829
f 2020 841 838
f 821 816 825
f 825 826 806
f 827 806 826
f 806 827 822
f 806 822 823
f 824 806 823
f 2010 1883 824
f 823 822 2011
f 2011 824 823
f 866 867 868
f 848 857 861
f 857 858 860
f 860 858 859
f 860 861 857
f 861 862 863
f 861 863 864
f 861 864 866
f 848 861 933
f 866 864 865
f 861 866 869
f 855 849 857
f 869 866 868
f 869 870 926
f 933 861 869
f 874 871 848
f 873 871 874
f 872 873 874
f 875 874 879
f 879 876 875
f 877 872 874
f 848 844 845
f 836 839 840
f 839 837 840
f 2022 836 840
f 840 838 841
f 2022 840 841
f 983 843 67
f 67 993 983
f 993 67 994
f 842 843 908
f 878 844 848
f 851 1120 855
f 846 847 848
f 854 848 847
f 848 854 855
f 854 850 852
f 855 852 851
f 855 854 852
f 852 853 851
f 848 855 857
f 856 849 855
f 941 939 940
f 933 930 931
f 848 933 958
f 933 931 932
f 933 934 936
f 936 934 935
f 933 936 937
f 937 938 939
f 937 939 941
f 958 933 937
f 937 941 943
f 933 928 930
f 943 941 942
f 958 937 943
f 954 943 944
f 954 944 945
f 974 848 958
f 985 905 974
f 985 979 988
f 946 989 948
f 989 988 979
f 979 948 989
f 1127 905 1128
f 1142 895 1141
f 1141 896 1143
f 1143 897 1144
f 1144 898 1146
f 1146 899 1145
f 1147 901 1148
f 1145 900 1147
f 1148 902 1126
f 1126 903 1125
f 1125 904 1127
f 948 947 946
f 1128 906 1152
f 994 67 1698
f 1475 923 992
f 993 1061 983
f 926 870 925
f 926 927 928
f 933 869 926
f 933 926 928
f 928 929 930
f 982 970 981
f 974 965 968
f 973 968 969
f 970 979 977
f 971 977 972
f 974 972 977
f 972 974 975
f 976 978 977
f 974 977 979
f 977 978 970
f 979 970 982
f 974 968 973
f 922 985 984
f 985 987 986
f 987 985 988
f 946 990 989
f 990 946 991
f 983 1061 992
f 992 1061 1475
f 103 105 107
f 104 103 148
f 958 956 957
f 979 985 974
f 948 979 980
f 949 953 980
f 948 980 950
f 951 948 950
f 950 953 952
f 980 953 950
f 943 954 955
f 958 943 955
f 958 955 956
f 1139 894 1140
f 958 959 960
f 958 960 962
f 962 960 961
f 964 958 962
f 963 964 962
f 958 964 974
f 974 964 965
f 965 966 968
f 968 966 967
f 1155 911 912
f 900 901 1147
f 901 902 1148
f 902 903 1126
f 903 904 1125
f 904 905 1127
f 905 906 1128
f 906 907 1155
f 1155 907 909
f 1155 909 910
f 1155 910 911
f 899 900 1145
f 1155 912 913
f 1155 913 914
f 1155 914 915
f 1155 915 916
f 1155 916 917
f 1155 917 918
f 1155 918 919
f 1155 919 920
f 1155 920 921
f 868 1150 869
f 855 1119 856
f 849 856 1124
f 860 1150 861
f 861 1150 862
f 862 1150 863
f 863 1150 864
f 864 1150 865
f 865 1150 866
f 866 1150 867
f 867 1150 868
f 1155 921 922
f 869 1150 870
f 870 1150 925
f 925 1150 926
f 849 1150 857
f 857 1150 858
f 858 1150 859
f 1150 860 859
f 897 898 1144
f 898 899 1146
f 1129 884 1130
f 1115 854 1114
f 1116 852 1117
f 1118 853 1116
f 1120 851 1118
f 1099 877 1108
f 1108 874 1102
f 1100 872 1099
f 1119 855 1120
f 1113 883 1129
f 1131 886 1132
f 1117 850 1115
f 1130 885 1131
f 1134 888 1133
f 1132 887 1134
f 1133 889 1135
f 1135 890 1137
f 1136 892 1138
f 1137 891 1136
f 1138 893 1139
f 894 1142 1140
f 1124 856 1119
f 1155 922 984
f 1155 984 985
f 1098 1097 843
f 1151 843 1097
f 1103 876 1104
f 1104 879 1106
f 1102 875 1103
f 1105 881 1107
f 1106 880 1105
f 1107 882 1113
f 660 290 655
f 1122 846 1123
f 1101 873 1100
f 1109 871 1101
f 1111 878 1109
f 1112 844 1110
f 1110 844 1111
f 1121 845 1112
f 1123 848 1121
f 1114 847 1122
f 396 728 729
f 152 432 715
f 1872 149 629
f 699 391 695
f 421 696 695
f 420 697 696
f 399 724 723
f 400 725 724
f 401 726 725
f 402 727 726
f 403 760 727
f 712 429 713
f 405 729 730
f 730 731 406
f 732 406 731
f 734 409 733
f 733 407 732
f 734 735 416
f 736 416 735
f 1257 435 741
f 1258 1257 741
f 1259 1258 742
f 397 694 692
f 420 422 711
f 422 423 712
f 429 150 700
f 425 424 721
f 427 425 720
f 426 427 719
f 430 426 718
f 432 431 716
f 431 430 717
f 391 699 698
f 419 436 767
f 396 693 728
f 395 692 693
f 394 691 694
f 691 394 698
f 424 428 722
f 700 150 151
f 151 603 709
f 697 420 711
f 711 422 712
f 706 613 710
f 695 696 697
f 695 697 711
f 698 695 694
f 699 695 698
f 694 695 733
f 613 704 702
f 704 613 705
f 705 613 707
f 706 708 613
f 707 613 708
f 693 692 729
f 701 613 702
f 710 613 714
f 703 711 700
f 706 710 709
f 695 711 703
f 711 712 713
f 711 713 700
f 733 695 709
f 733 709 714
f 737 418 736
f 767 436 437
f 437 438 769
f 438 439 770
f 770 439 440
f 440 1261 1854
f 410 761 760
f 411 762 761
f 762 413 763
f 763 413 764
f 764 414 765
f 712 423 429
f 737 738 433
f 739 433 738
f 435 739 740
f 741 435 740
f 1258 741 742
f 765 419 766
f 767 766 419
f 694 691 698
f 692 694 729
f 639 638 674
f 676 668 671
f 684 259 812
f 669 667 671
f 668 669 671
f 671 667 670
f 676 671 673
f 671 670 673
f 673 670 672
f 672 670 801
f 673 672 810
f 669 666 667
f 641 642 674
f 640 641 674
f 640 674 644
f 643 644 674
f 674 642 639
f 643 674 647
f 649 674 650
f 650 674 651
f 652 646 674
f 353 666 665
f 661 274 660
f 662 275 661
f 663 277 662
f 646 270 645
f 653 268 652
f 268 646 652
f 269 653 656
f 278 663 680
f 308 680 795
f 353 667 666
f 652 674 653
f 327 670 667
f 375 801 670
f 456 677 811
f 675 259 684
f 638 639 665
f 638 665 664
f 664 665 666
f 668 664 669
f 664 666 669
f 682 685 686
f 680 679 682
f 682 688 680
f 681 680 683
f 683 680 689
f 677 676 811
f 676 673 810
f 811 676 810
f 682 675 685
f 685 675 684
f 685 684 686
f 679 675 682
f 688 682 686
f 680 688 687
f 689 680 687
f 683 689 690
f 686 684 688
f 688 684 687
f 687 684 812
f 689 687 812
f 613 148 1842
f 662 674 663
f 656 653 674
f 656 674 657
f 674 646 645
f 674 645 651
f 647 674 648
f 674 649 648
f 659 674 654
f 661 674 662
f 657 674 658
f 674 661 660
f 821 804 815
f 674 659 658
f 654 674 655
f 674 660 655
f 663 674 678
f 679 674 675
f 680 663 678
f 678 674 679
f 680 678 679
f 680 681 807
f 797 773 777
f 793 790 796
f 790 789 796
f 789 788 796
f 796 788 791
f 796 791 792
f 792 787 796
f 787 786 796
f 772 797 800
f 772 775 797
f 784 782 797
f 796 795 793
f 784 797 781
f 781 797 780
f 780 797 779
f 779 797 777
f 774 773 797
f 776 774 797
f 776 797 775
f 797 793 795
f 797 778 794
f 794 793 797
f 319 790 793
f 310 796 785
f 309 795 796
f 307 785 786
f 317 789 790
f 316 791 788
f 315 788 789
f 314 792 791
f 318 793 794
f 318 794 778
f 320 778 783
f 783 778 797
f 452 799 801
f 456 800 797
f 452 772 798
f 799 452 798
f 797 808 456
f 800 456 803
f 803 456 810
f 810 456 811
f 786 785 796
f 808 681 683
f 833 457 832
f 836 458 820
f 804 805 815
f 832 457 2018
f 806 804 821
f 1883 806 824
f 2022 1265 836
f 807 795 680
f 808 797 807
f 807 681 808
f 831 457 833
f 808 683 809
f 812 808 809
f 809 683 690
f 813 809 690
f 812 809 813
f 690 689 812
f 813 690 812
f 814 816 821
f 703 709 695
f 810 672 803
f 783 797 782
f 797 795 807
f 808 812 456
f 801 799 802
f 798 772 800
f 799 798 803
f 803 798 800
f 801 802 672
f 672 802 803
f 802 799 803
f 709 710 714
f 457 816 814
f 814 817 457
f 816 457 831
f 804 498 805
f 820 457 817
f 806 463 804
f 1883 547 806
f 805 522 828
f 828 580 1884
f 728 693 729
f 629 721 722
f 629 722 723
f 629 723 724
f 629 724 725
f 629 725 726
f 629 726 727
f 629 727 760
f 629 760 761
f 629 761 762
f 629 762 763
f 629 720 721
f 729 694 733
f 730 729 733
f 731 730 732
f 733 732 730
f 734 733 736
f 735 734 736
f 737 736 738
f 738 736 742
f 736 733 747
f 739 738 740
f 718 426 719
f 323 787 792
f 713 429 700
f 700 151 703
f 703 151 709
f 709 605 706
f 708 706 605
f 716 431 717
f 717 430 718
f 719 427 720
f 720 425 721
f 324 786 787
f 715 432 716
f 721 424 722
f 722 428 723
f 708 607 707
f 707 608 705
f 705 611 704
f 704 615 702
f 702 614 701
f 629 719 720
f 445 777 773
f 769 768 437
f 770 769 438
f 771 770 440
f 1854 771 440
f 1872 629 763
f 1872 763 764
f 1872 764 765
f 1872 765 766
f 453 775 772
f 443 776 775
f 714 613 1842
f 444 774 776
f 446 773 774
f 313 783 782
f 322 781 780
f 312 782 784
f 321 784 781
f 442 779 777
f 447 780 779
f 733 714 745
f 1819 753 754
f 768 767 437
f 740 738 742
f 741 740 742
f 742 736 748
f 747 733 745
f 748 736 747
f 742 744 743
f 744 742 746
f 746 742 749
f 749 742 748
f 746 750 751
f 1842 745 714
f 746 751 752
f 1259 742 743
f 1260 743 744
f 1260 744 746
f 1816 746 752
f 1816 752 753
f 746 749 750
f 48 16 47
f 49 17 48
f 50 18 49
f 51 19 50
f 52 20 51
f 53 21 52
f 54 22 53
f 55 23 54
f 56 24 55
f 57 25 56
f 65 33 58
f 58 26 57
f 47 15 42
f 46 14 59
f 45 13 46
f 44 12 45
f 43 11 44
f 38 6 43
f 42 10 41
f 40 8 34
f 41 9 39
f 39 7 40
f 37 5 38
f 36 4 37
f 35 3 36
f 49 48 79
f 72 36 37
f 35 36 72
f 40 34 83
f 34 35 71
f 40 75 39
f 94 51 82
f 82 50 81
f 50 80 81
f 80 49 79
f 79 47 78
f 51 50 82
f 50 49 80
f 59 27 60
f 48 47 79
f 78 42 77
f 77 41 76
f 41 75 76
f 47 42 78
f 42 41 77
f 93 1 69
f 63 31 65
f 64 32 63
f 62 30 64
f 61 29 62
f 60 28 61
f 66 1 93
f 8 2 34
f 7 8 40
f 9 7 39
f 5 6 38
f 4 5 37
f 3 4 36
f 2 3 35
f 67 69 1
f 67 1 18
f 17 18 1
f 16 17 1
f 15 16 1
f 10 9 41
f 13 66 14
f 12 66 13
f 11 66 12
f 6 66 11
f 5 66 6
f 4 66 5
f 3 66 4
f 2 66 3
f 2 1 66
f 1 8 7
f 2 8 1
f 10 1 9
f 22 21 53
f 31 33 65
f 32 31 63
f 32 64 30
f 29 30 62
f 28 29 61
f 27 28 60
f 14 27 59
f 33 26 58
f 26 25 57
f 25 24 56
f 24 23 55
f 23 22 54
f 34 2 35
f 21 20 52
f 20 19 51
f 19 18 50
f 18 17 49
f 17 16 48
f 16 15 47
f 13 14 46
f 12 13 45
f 11 12 44
f 6 11 43
f 15 10 42
f 100 65 102
f 93 74 84
f 93 73 74
f 93 72 73
f 93 71 72
f 93 69 71
f 78 77 69
f 77 76 69
f 75 69 76
f 69 70 71
f 75 83 69
f 83 70 69
f 68 66 104
f 69 103 78
f 102 58 101
f 65 58 102
f 101 58 99
f 99 57 98
f 98 55 97
f 97 54 96
f 54 95 96
f 95 52 94
f 58 57 99
f 57 56 98
f 56 55 98
f 55 54 97
f 103 95 94
f 10 15 1
f 102 104 100
f 104 92 100
f 104 90 91
f 104 91 92
f 101 104 102
f 99 104 101
f 99 103 104
f 103 99 98
f 103 98 97
f 103 97 96
f 103 96 95
f 54 53 95
f 82 103 94
f 81 103 82
f 80 103 81
f 79 103 80
f 78 103 79
f 104 93 90
f 89 90 93
f 88 89 93
f 87 88 93
f 93 86 87
f 93 85 86
f 93 84 85
f 74 38 84
f 64 63 100
f 65 100 63
f 62 64 92
f 62 90 61
f 89 60 61
f 59 60 89
f 53 52 95
f 52 51 94
f 87 46 88
f 86 46 87
f 85 45 86
f 84 44 85
f 88 59 89
f 46 59 88
f 46 86 45
f 45 85 44
f 84 43 44
f 38 43 84
f 73 38 74
f 72 37 73
f 71 35 72
f 75 40 83
f 70 34 71
f 83 34 70
f 41 39 75
f 24 67 23
f 69 67 103
f 68 67 26
f 68 26 33
f 68 33 31
f 32 68 31
f 30 68 32
f 29 68 30
f 28 68 29
f 27 68 28
f 14 68 27
f 26 67 25
f 25 67 24
f 38 73 37
f 23 67 22
f 22 67 21
f 21 67 20
f 67 19 20
f 67 18 19
f 104 66 93
f 66 68 14
f 91 62 92
f 90 62 91
f 92 64 100
f 89 61 90
f 7 9 1
f 1011 1060 1012
f 1034 1001 1035
f 1033 1000 1034
f 1032 999 1033
f 1036 1003 1031
f 1031 998 1030
f 1029 996 1028
f 1028 995 1032
f 1030 997 1029
f 1025 1026 1059
f 1023 1025 1058
f 1013 1024 1057
f 1024 1023 1056
f 1012 1060 1013
f 1035 1002 1040
f 1010 1060 1011
f 1022 1021 1054
f 1021 1020 1053
f 1020 1019 1052
f 1019 1018 1051
f 1026 1022 1055
f 1018 1017 1050
f 1017 1016 1049
f 1016 1015 1048
f 1015 1014 1047
f 1012 1013 1046
f 1048 1015 1047
f 1027 1014 1015
f 1056 1023 1058
f 1058 1025 1059
f 1057 1024 1056
f 1055 1022 1054
f 1053 1020 1052
f 1054 1021 1053
f 1052 1019 1051
f 1059 1026 1055
f 1051 1018 1050
f 1050 1017 1049
f 1049 1016 1048
f 1011 1012 1045
f 1047 1014 1039
f 1046 1013 1057
f 1045 1012 1046
f 1044 1011 1045
f 1043 1010 1044
f 1042 1009 1043
f 1041 1008 1042
f 1040 1007 1041
f 1039 1006 1038
f 1038 1005 1037
f 1037 1004 1036
f 1000 994 1001
f 1067 1028 1066
f 1066 1028 1063
f 1035 1065 1034
f 1064 1033 1034
f 1032 1033 1064
f 1029 1028 1067
f 1028 1032 1063
f 994 1010 1009
f 994 1009 1008
f 1007 994 1008
f 1002 994 1007
f 1001 994 1002
f 1062 1029 1067
f 999 994 1000
f 995 994 999
f 995 993 994
f 993 1027 1061
f 1014 993 1006
f 1006 993 1005
f 1005 993 1004
f 1004 993 1003
f 993 996 997
f 993 995 996
f 1003 993 998
f 998 993 997
f 995 999 1032
f 1010 1011 1044
f 1009 1010 1043
f 1008 1009 1042
f 1007 1008 1041
f 1014 1006 1039
f 1006 1005 1038
f 1005 1004 1037
f 1004 1003 1036
f 1002 1007 1040
f 1001 1002 1035
f 1000 1001 1034
f 999 1000 1033
f 1082 1071 1081
f 1003 998 1031
f 998 997 1030
f 997 996 1029
f 996 995 1028
f 1027 993 1014
f 1096 994 1071
f 1069 1041 1070
f 1068 1035 1069
f 1035 1040 1069
f 1065 1035 1068
f 1064 1034 1065
f 1063 1032 1064
f 1088 1055 1095
f 1071 1064 1065
f 1071 1063 1064
f 1071 1061 1063
f 1061 1074 1073
f 1061 1073 1072
f 1067 1061 1062
f 1061 1072 1062
f 1063 1061 1066
f 1066 1061 1067
f 994 1096 1060
f 994 1060 1010
f 1090 1060 1096
f 1071 1065 1068
f 1087 1059 1088
f 1089 1056 1087
f 1086 1057 1089
f 1085 1057 1086
f 1087 1058 1059
f 1055 1088 1059
f 1056 1058 1087
f 1057 1056 1089
f 1057 1085 1046
f 1055 1094 1095
f 1094 1054 1093
f 1093 1052 1092
f 1094 1093 1090
f 1083 1071 1082
f 1085 1071 1083
f 1061 1090 1074
f 1075 1074 1090
f 1076 1075 1090
f 1077 1076 1090
f 1078 1077 1090
f 1079 1078 1090
f 1084 1079 1090
f 1091 1084 1090
f 1092 1091 1090
f 1093 1092 1090
f 1027 1016 1017
f 1095 1094 1096
f 1096 1088 1095
f 1094 1090 1096
f 1096 1071 1085
f 1096 1085 1086
f 1086 1089 1096
f 1096 1089 1087
f 1087 1088 1096
f 1081 1071 1080
f 1080 1071 1070
f 1071 1069 1070
f 1071 1068 1069
f 1060 1022 1026
f 1047 1039 1076
f 1061 1027 1090
f 1076 1039 1075
f 1075 1037 1074
f 1074 1036 1073
f 1073 1031 1072
f 1031 1062 1072
f 1039 1038 1075
f 1038 1037 1075
f 1036 1074 1037
f 1036 1031 1073
f 1027 1022 1060
f 1051 1084 1091
f 1060 1026 1025
f 1023 1060 1025
f 1060 1023 1024
f 1013 1060 1024
f 1027 1060 1090
f 1027 1021 1022
f 1027 1020 1021
f 1027 1019 1020
f 1027 1018 1019
f 1027 1017 1018
f 1027 1015 1016
f 1092 1051 1091
f 1047 1076 1077
f 1048 1047 1078
f 1084 1049 1079
f 1054 1053 1093
f 1053 1052 1093
f 1055 1054 1094
f 1052 1051 1092
f 1051 1050 1084
f 1050 1049 1084
f 1049 1048 1079
f 1083 1046 1085
f 1082 1044 1083
f 1081 1043 1082
f 1070 1042 1080
f 1080 1043 1081
f 1078 1047 1077
f 1079 1048 1078
f 1029 1062 1030
f 1031 1030 1062
f 1069 1040 1041
f 1042 1070 1041
f 1043 1080 1042
f 1043 1044 1082
f 1044 1045 1083
f 1083 1045 1046
f 180 165 179
f 179 164 178
f 178 163 177
f 177 162 176
f 176 161 175
f 175 160 172
f 174 159 173
f 173 158 169
f 172 157 171
f 171 156 174
f 170 155 220
f 169 154 170
f 215 168 183
f 181 166 180
f 182 167 181
f 183 168 182
f 232 215 183
f 242 153 185
f 174 173 190
f 170 220 239
f 173 169 191
f 169 170 187
f 171 174 190
f 175 172 189
f 171 188 172
f 171 190 192
f 157 156 171
f 158 153 154
f 154 153 202
f 158 159 153
f 153 156 157
f 157 160 153
f 156 153 159
f 184 185 153
f 160 161 153
f 161 162 153
f 162 163 153
f 154 155 170
f 155 203 220
f 168 167 182
f 160 157 172
f 159 158 173
f 158 154 169
f 156 159 174
f 184 153 163
f 161 160 175
f 162 161 176
f 163 162 177
f 164 163 178
f 165 164 179
f 166 165 180
f 167 166 181
f 235 218 234
f 220 203 221
f 221 204 222
f 222 205 223
f 223 206 224
f 224 207 225
f 225 208 226
f 226 209 227
f 227 210 228
f 228 211 229
f 229 212 230
f 233 216 232
f 234 217 233
f 202 237 209
f 231 214 235
f 230 213 236
f 236 219 231
f 239 220 221
f 222 240 221
f 222 223 243
f 243 223 224
f 225 244 224
f 226 245 225
f 226 227 247
f 239 221 240
f 240 222 241
f 206 207 224
f 154 202 155
f 155 202 203
f 203 202 204
f 204 202 205
f 205 202 206
f 206 202 207
f 207 202 208
f 208 202 209
f 202 153 242
f 203 204 221
f 204 205 222
f 205 206 223
f 241 222 243
f 207 208 225
f 208 209 226
f 209 210 227
f 210 211 228
f 211 212 229
f 212 213 230
f 219 214 231
f 216 215 232
f 217 216 233
f 214 218 235
f 218 217 234
f 219 236 213
f 244 245 242
f 233 232 255
f 234 233 256
f 234 254 235
f 254 234 252
f 256 233 255
f 234 256 252
f 253 235 254
f 242 187 239
f 242 239 240
f 242 240 241
f 242 241 243
f 243 244 242
f 237 202 257
f 245 246 242
f 246 247 242
f 247 249 242
f 249 250 242
f 257 242 250
f 257 248 253
f 254 257 253
f 257 250 251
f 257 251 248
f 256 201 257
f 256 257 252
f 252 257 254
f 250 230 251
f 243 224 244
f 244 225 245
f 245 226 246
f 246 226 247
f 227 228 249
f 249 228 229
f 229 230 250
f 230 236 248
f 236 231 253
f 231 235 253
f 247 227 249
f 249 229 250
f 186 169 187
f 251 230 248
f 248 236 253
f 257 202 242
f 209 237 210
f 210 237 211
f 211 237 212
f 212 237 213
f 219 237 214
f 237 217 218
f 237 218 214
f 213 237 219
f 184 217 237
f 192 190 185
f 183 182 200
f 232 183 255
f 198 180 197
f 182 198 199
f 200 182 199
f 255 183 200
f 242 185 187
f 191 185 190
f 191 186 185
f 185 186 187
f 192 185 188
f 189 188 185
f 188 171 192
f 185 201 189
f 190 173 191
f 189 201 193
f 193 201 194
f 194 201 195
f 195 201 196
f 196 201 197
f 201 198 197
f 201 199 198
f 201 200 199
f 201 255 200
f 201 256 255
f 185 184 201
f 189 172 188
f 182 181 198
f 176 175 193
f 177 176 193
f 178 177 194
f 179 178 196
f 180 179 197
f 181 180 198
f 193 175 189
f 194 177 193
f 178 194 195
f 196 178 195
f 184 163 164
f 197 179 196
f 217 184 216
f 216 184 215
f 215 184 168
f 168 184 167
f 167 184 166
f 166 184 165
f 191 169 186
f 187 170 239
f 184 164 165
f 1787 1769 1788
f 1788 1771 1789
f 1803 1747 1784
f 1749 1750 1768
f 1750 1751 1769
f 1751 1752 1770
f 1752 1753 1771
f 1753 1754 1772
f 1754 1755 1773
f 1755 1756 1774
f 1756 1757 1775
f 1757 1758 1776
f 1747 1766 1755
f 1786 1769 1787
f 1785 1768 1786
f 1769 1770 1788
f 1769 1786 1768
f 1785 1767 1768
f 1747 1755 1754
f 1747 1754 1753
f 1752 1747 1753
f 1751 1747 1752
f 1750 1747 1751
f 1749 1747 1750
f 1762 1759 1777
f 1702 1747 1749
f 1783 1781 1800
f 1797 1778 1796
f 1783 1800 1802
f 1796 1783 1802
f 1800 1781 1801
f 1799 1779 1795
f 1798 1779 1799
f 1777 1778 1797
f 1781 1782 1801
f 1783 1796 1778
f 1795 1780 1797
f 1780 1777 1797
f 1779 1780 1795
f 1779 1798 1776
f 1794 1776 1798
f 1793 1774 1794
f 1792 1773 1793
f 1791 1773 1792
f 1789 1772 1791
f 1793 1784 1792
f 1729 1713 1728
f 1796 1802 1803
f 1802 1800 1803
f 1803 1799 1795
f 1803 1798 1799
f 1795 1797 1803
f 1803 1784 1798
f 1798 1784 1794
f 1794 1784 1793
f 1794 1775 1776
f 1792 1784 1791
f 1791 1784 1789
f 1784 1788 1789
f 1784 1787 1788
f 1784 1786 1787
f 1784 1785 1786
f 1784 1731 1785
f 1744 1766 1803
f 1757 1766 1758
f 1775 1757 1776
f 1774 1756 1775
f 1773 1755 1774
f 1772 1754 1773
f 1771 1753 1772
f 1770 1752 1771
f 1769 1751 1770
f 1768 1750 1769
f 1767 1749 1768
f 1776 1758 1779
f 1756 1766 1757
f 1755 1766 1756
f 1765 1763 1781
f 1763 1764 1782
f 1762 1780 1761
f 1758 1761 1779
f 1759 1760 1778
f 1760 1765 1783
f 1766 1761 1758
f 1774 1775 1794
f 1773 1774 1793
f 1773 1791 1772
f 1772 1789 1771
f 1788 1770 1771
f 1765 1766 1714
f 1760 1759 1766
f 1766 1765 1760
f 1761 1766 1762
f 1803 1797 1796
f 1762 1766 1759
f 1747 1803 1766
f 1783 1765 1781
f 1781 1763 1782
f 1780 1762 1777
f 1779 1761 1780
f 1778 1760 1783
f 1777 1759 1778
f 1708 1698 1707
f 1701 1702 1718
f 1703 1700 1716
f 1701 1717 1700
f 1704 1699 1715
f 1714 1698 1708
f 1732 1717 1734
f 1731 1718 1785
f 1717 1731 1734
f 1733 1716 1732
f 1718 1767 1785
f 1717 1718 1731
f 1717 1732 1716
f 1702 1749 1767
f 1707 1698 1706
f 1706 1698 1705
f 1705 1698 1704
f 1699 1698 1703
f 1698 1701 1700
f 1698 1700 1703
f 1704 1698 1699
f 1701 1698 1747
f 1698 1714 1730
f 1801 1746 1744
f 1782 1764 1729
f 1708 1709 1714
f 1720 1704 1715
f 1728 1712 1727
f 1727 1711 1726
f 1726 1710 1725
f 1725 1709 1724
f 1724 1708 1723
f 1723 1707 1722
f 1722 1706 1721
f 1721 1705 1720
f 1718 1702 1767
f 1717 1701 1718
f 1716 1700 1717
f 1719 1703 1716
f 1709 1710 1714
f 1715 1699 1719
f 1764 1713 1729
f 1713 1712 1728
f 1712 1711 1727
f 1711 1710 1726
f 1710 1709 1725
f 1709 1708 1724
f 1708 1707 1723
f 1707 1706 1722
f 1706 1705 1721
f 1705 1704 1720
f 1699 1703 1719
f 1732 1730 1733
f 1724 1739 1740
f 1741 1724 1740
f 1742 1725 1741
f 1743 1726 1742
f 1728 1743 1745
f 1746 1728 1745
f 1801 1729 1746
f 1734 1730 1732
f 1731 1730 1734
f 1730 1731 1784
f 1730 1735 1738
f 1730 1736 1735
f 1782 1729 1801
f 1730 1738 1733
f 1730 1744 1736
f 1737 1736 1744
f 1739 1737 1744
f 1740 1739 1744
f 1741 1740 1744
f 1742 1741 1744
f 1743 1742 1744
f 1745 1743 1744
f 1800 1744 1803
f 1746 1745 1744
f 1800 1801 1744
f 1722 1721 1737
f 1714 1710 1711
f 1714 1711 1712
f 1714 1712 1713
f 1713 1764 1714
f 1764 1763 1714
f 1763 1765 1714
f 1714 1766 1744
f 1730 1714 1744
f 1719 1716 1733
f 1715 1719 1733
f 1720 1715 1735
f 1721 1720 1736
f 1701 1747 1702
f 1723 1722 1737
f 1738 1715 1733
f 1735 1715 1738
f 1736 1720 1735
f 1737 1721 1736
f 1739 1723 1737
f 1724 1723 1739
f 1725 1724 1741
f 1726 1725 1742
f 1727 1726 1743
f 1728 1727 1743
f 1729 1728 1746

