# https://github.com/mikedh/trimesh
v -10.00000000 10.00000000 0.00000000
v -8.99944115 11.08332920 0.00000000
v -8.91667080 11.00055885 0.00000000
v -8.96213245 11.03786755 0.00000000
v -9.02716351 11.13519478 0.00000000
v -9.04423523 11.19147301 0.00000000
v -8.86480522 10.97283649 0.00000000
v -8.80852699 10.95576477 0.00000000
v -8.99944115 11.08332920 0.27499998
v -8.91667080 11.00055885 0.27500001
v -8.96213245 11.03786755 0.27500001
v -9.02716351 11.13519478 0.27500001
v -9.04423523 11.19147301 0.27500001
v -8.86480522 10.97283649 0.27500001
v -8.80852699 10.95576477 0.27500001
v -9.05000019 11.25000000 0.00000000
v -9.04423523 11.30852699 0.00000000
v -9.02716351 11.36480522 0.00000000
v -8.99944115 11.41667080 0.00000000
v -8.96213245 11.46213245 0.00000000
v -8.91667080 11.49944115 0.00000000
v -8.86480522 11.52716351 0.00000000
v -8.80852699 11.54423523 0.00000000
v -9.05000019 11.25000000 0.27500001
v -9.04423523 11.30852699 0.27500001
v -9.02716351 11.36480522 0.27500001
v -8.99944115 11.41667080 0.27499998
v -8.96213245 11.46213245 0.27500001
v -8.91667080 11.49944115 0.27500001
v -8.86480522 11.52716351 0.27500001
v -8.80852699 11.54423523 0.27500001
v -8.75000000 10.94999981 0.00000000
v -8.69147301 10.95576477 0.00000000
v -8.63519478 10.97283649 0.00000000
v -8.58332920 11.00055885 0.00000000
v -8.53786755 11.03786755 0.00000000
v -8.50055885 11.08332920 0.00000000
v -8.47283649 11.13519478 0.00000000
v -8.45576477 11.19147301 0.00000000
v -8.75000000 10.94999981 0.27500001
v -8.69147301 10.95576477 0.27500001
v -8.63519478 10.97283649 0.27500001
v -8.58332920 11.00055885 0.27500001
v -8.53786755 11.03786755 0.27500001
v -8.50055885 11.08332920 0.27499998
v -8.47283649 11.13519478 0.27500001
v -8.45576477 11.19147301 0.27500001
v -8.75000000 11.55000019 0.00000000
v -8.69147301 11.54423523 0.00000000
v -8.63519478 11.52716351 0.00000000
v -8.44999981 11.25000000 0.00000000
v -8.45576477 11.30852699 0.00000000
v -8.47283649 11.36480522 0.00000000
v -8.53786755 11.46213245 0.00000000
v -8.58332920 11.49944115 0.00000000
v -8.50055885 11.41667080 0.00000000
v -8.75000000 11.55000019 0.27500001
v -8.69147301 11.54423523 0.27500001
v -8.63519478 11.52716351 0.27500001
v -8.44999981 11.25000000 0.27500001
v -8.45576477 11.30852699 0.27500001
v -8.47283649 11.36480522 0.27500001
v -8.53786755 11.46213150 0.27500001
v -8.58332920 11.49944115 0.27500001
v -8.50055885 11.41667080 0.27499998
v -10.00000000 10.00000000 0.50000000
v -9.12123108 10.87876892 0.50000000
v -9.23503685 11.04909134 0.50000000
v -9.26491261 11.14757729 0.50000000
v -9.18652153 10.95832539 0.50000000
v -8.95090866 10.76496315 0.50000000
v -9.04167461 10.81347847 0.50000000
v -8.85242271 10.73508739 0.50000000
v -9.27499962 11.25000000 0.50000000
v -9.26491261 11.35242271 0.50000000
v -9.23503685 11.45090866 0.50000000
v -9.18652153 11.54167461 0.50000000
v -9.12123108 11.62123108 0.50000000
v -9.04167461 11.68652153 0.50000000
v -8.95090866 11.73503685 0.50000000
v -8.85242271 11.76491261 0.50000000
v -8.75000000 10.72500038 0.50000000
v -8.64757729 10.73508739 0.50000000
v -8.54909134 10.76496315 0.50000000
v -8.45832539 10.81347847 0.50000000
v -8.37876892 10.87876892 0.50000000
v -8.31347847 10.95832539 0.50000000
v -8.26496315 11.04909134 0.50000000
v -8.23508739 11.14757729 0.50000000
v -8.75000000 11.77499962 0.50000000
v -8.64757729 11.76491261 0.50000000
v -8.45832539 11.68652153 0.50000000
v -8.54909134 11.73503685 0.50000000
v -8.31347847 11.54167461 0.50000000
v -8.22500038 11.25000000 0.50000000
v -8.23508739 11.35242271 0.50000000
v -8.26496315 11.45090866 0.50000000
v -8.37876892 11.62123108 0.50000000
v -10.00000000 12.50000000 0.00000000
v -10.00000000 12.50000000 0.50000000
v -7.50000000 10.00000000 0.00000000
v -7.50000000 10.00000000 0.50000000
v -7.35331106 10.01019096 0.50000000
v -6.89064693 11.56027508 0.63464701
v -6.89087486 11.54007530 0.64225000
v -6.89088249 11.55336857 0.63696802
v -6.89095211 11.54654503 0.63949603
v -6.91043520 11.55829334 0.64725399
v -6.91045141 11.54502392 0.65254498
v -6.91052961 11.55149078 0.64979899
v -6.88815975 11.58869076 0.62762600
v -6.88716173 11.59591961 0.62645298
v -6.88468266 11.61045742 0.62481099
v -6.88323832 11.61770344 0.62435102
v -6.88599396 11.60318089 0.62550700
v -6.88164377 11.62495518 0.62412298
v -6.87989521 11.63218403 0.62414098
v -6.87802601 11.63936520 0.62440002
v -6.87601137 11.64650154 0.62490398
v -6.88972044 11.57435131 0.63067698
v -6.88901567 11.58150864 0.62903798
v -6.89026022 11.56726837 0.63255399
v -6.90914774 11.57926846 0.64090699
v -6.90745831 11.59355450 0.63779300
v -6.90636349 11.60077381 0.63657498
v -6.90838528 11.58639431 0.63924098
v -6.90510798 11.60799694 0.63559198
v -6.90369177 11.61523724 0.63483202
v -6.90211153 11.62248325 0.63431799
v -6.90039253 11.62970066 0.63403499
v -6.89850616 11.63688469 0.63398898
v -6.92621994 11.59880829 0.64866102
v -6.92916393 11.57051182 0.65590900
v -6.92869711 11.57748890 0.65377098
v -6.92804909 11.58455372 0.65184802
v -6.92721701 11.59166336 0.65014601
v -6.92216778 11.62041283 0.64555502
v -6.92503548 11.60599613 0.64739698
v -6.92368221 11.61319828 0.64635998
v -6.92048216 11.62762260 0.64497697
v -6.91861725 11.63481140 0.64463103
v -6.93631411 11.64025688 0.65589100
v -6.91017866 11.56519699 0.64492297
v -6.90974522 11.57218742 0.64280301
v -6.89648819 11.64402008 0.63417500
v -6.89431238 11.65110683 0.63459802
v -6.89199972 11.65812588 0.63525200
v -6.88955259 11.66507435 0.63615203
v -6.88697052 11.67191124 0.63727301
v -6.88426733 11.67864227 0.63862902
v -6.88144112 11.68525600 0.64020503
v -6.87849665 11.69175148 0.64201498
v -6.91660213 11.64194870 0.64451200
v -6.91443062 11.64904976 0.64462501
v -6.93415594 11.64736557 0.65569103
v -6.93184090 11.65443039 0.65572298
v -6.92936087 11.66143036 0.65598202
v -6.91210461 11.65608978 0.64496601
v -6.90963697 11.66305637 0.64553899
v -6.90701580 11.66994858 0.64633799
v -6.90424871 11.67675114 0.64736903
v -6.90134430 11.68342972 0.64862502
v -6.87543774 11.69808865 0.64404303
v -6.89832163 11.68998528 0.65010101
v -6.89517498 11.69641304 0.65180200
v -6.89190531 11.70269394 0.65371197
v -6.88852167 11.70882607 0.65584302
v -6.80742073 11.55877495 0.59720302
v -6.80794859 11.54461956 0.60102600
v -6.80773783 11.55164433 0.59898901
v -6.76379061 11.56071091 0.58363801
v -6.76427746 11.54636478 0.58690602
v -6.76407528 11.55349445 0.58514798
v -6.71957636 11.51549721 0.58755100
v -6.71971178 11.52196598 0.58481503
v -6.74199629 11.55151272 0.58033597
v -6.74178123 11.55872631 0.57884502
v -6.71981764 11.53575611 0.58007598
v -6.71979094 11.54281616 0.57808501
v -6.71970463 11.54995918 0.57634598
v -6.71955967 11.55718422 0.57486397
v -6.74222231 11.53732014 0.58408600
v -6.74222374 11.53037548 0.58633399
v -6.74214029 11.54436874 0.58208501
v -6.71979475 11.52880287 0.58232403
v -6.76428843 11.51906776 0.59640902
v -6.78633165 11.54174519 0.59456599
v -6.78589582 11.55591869 0.59077001
v -6.78615570 11.54878902 0.59254599
v -6.76444578 11.53236008 0.59117299
v -6.76440763 11.53931236 0.58891600
v -6.76440001 11.52553177 0.59367299
v -6.78640127 11.53480434 0.59683299
v -6.78637743 11.52797794 0.59933197
v -6.74204254 11.51705933 0.59156102
v -6.74216557 11.52353382 0.58882499
v -6.69723654 11.54885483 0.57319403
v -6.69717646 11.55607986 0.57172102
v -6.65211678 11.56249905 0.56672901
v -6.67461205 11.54104614 0.57259202
v -6.67466497 11.55540562 0.56940001
v -6.67464590 11.54818344 0.57087201
v -6.65175915 11.53374577 0.57309097
v -6.65187359 11.54081535 0.57110900
v -6.65196466 11.54796696 0.56938899
v -6.65205145 11.55518913 0.56792700
v -6.62966537 11.55541229 0.56729501
v -6.62934923 11.54097843 0.57047498
v -6.62919331 11.53397846 0.57244700
v -6.62950754 11.54813290 0.56875598
v -6.69695044 11.51437759 0.58437097
v -6.69709349 11.52084446 0.58163500
v -6.69724321 11.53465557 0.57690603
v -6.69726372 11.54171658 0.57492298
v -6.69718504 11.52769184 0.57914400
v -6.67433262 11.52018929 0.57930201
v -6.65133238 11.51348591 0.58054602
v -6.65147924 11.51996231 0.57780999
v -6.67418671 11.51371956 0.58202899
v -6.67444801 11.52701569 0.57681203
v -6.67454147 11.53397560 0.57457399
v -6.65163136 11.52680492 0.57532901
v -6.62887859 11.52071667 0.57710397
v -6.62886524 11.52008343 0.57717502
v -6.62871313 11.51371956 0.57990199
v -6.62903214 11.52700901 0.57468498
v -6.84984541 11.55863953 0.61424202
v -6.82859707 11.56205368 0.60441899
v -6.82924461 11.54789352 0.60827100
v -6.82898426 11.55494022 0.60622400
v -6.80806732 11.53768063 0.60329401
v -6.80805826 11.53084850 0.60580200
v -6.82937670 11.54095840 0.61055601
v -6.82939768 11.53415298 0.61307400
v -6.80795717 11.52438354 0.60853899
v -6.85034800 11.53787041 0.62111902
v -6.85031271 11.54469013 0.61860102
v -6.85014963 11.55160904 0.61630702
v -6.87062597 11.55574608 0.62509900
v -6.87082338 11.54882431 0.62740302
v -6.85026026 11.53140163 0.62386501
v -6.82930088 11.52768803 0.61580998
v -6.78626537 11.52150536 0.60206902
v -6.87088013 11.54200363 0.62993002
v -6.87079334 11.53553486 0.63267499
v -6.71936655 11.56446552 0.57364500
v -6.71912622 11.57181168 0.57268399
v -6.71882343 11.57920265 0.57199597
v -6.80581665 11.58053017 0.59332699
v -6.80645227 11.57322598 0.59436297
v -6.80506992 11.58785343 0.59253699
v -6.80422735 11.59521008 0.59200501
v -6.82748795 11.57648087 0.60153300
v -6.82674360 11.58376884 0.60047001
v -6.82589626 11.59106255 0.59964299
v -6.82493639 11.59841251 0.59907502
v -6.80698442 11.56595993 0.59565598
v -6.80327988 11.60256195 0.59172797
v -6.80223417 11.60991955 0.59170198
v -6.80108166 11.61727047 0.59193897
v -6.79984522 11.62456417 0.59243602
v -6.79850769 11.63181114 0.59317797
v -6.79708147 11.63901615 0.59417999
v -6.82386065 11.60576153 0.59876102
v -6.82266617 11.61309433 0.59869701
v -6.82137108 11.62040138 0.59888899
v -6.81996965 11.62766647 0.59933102
v -6.81845808 11.63489437 0.60001802
v -6.81684828 11.64206982 0.60096401
v -6.76245165 11.58267879 0.58066601
v -6.76184416 11.59004498 0.58019000
v -6.76116133 11.59745026 0.57997799
v -6.78454590 11.57771111 0.58695900
v -6.78390503 11.58505630 0.58620501
v -6.78318214 11.59241772 0.58570099
v -6.78236055 11.59980297 0.58546102
v -6.76342392 11.56798458 0.58239102
v -6.76297331 11.57531166 0.58139199
v -6.76040745 11.60483646 0.58003497
v -6.75958204 11.61219501 0.58034599
v -6.75866604 11.61955452 0.58091700
v -6.78146458 11.60716629 0.58548099
v -6.78047609 11.61451721 0.58575499
v -6.77940083 11.62185287 0.58628899
v -6.77823544 11.62914562 0.58708698
v -6.74150753 11.56600761 0.57760799
v -6.74116135 11.57334423 0.57663703
v -6.74074316 11.58070850 0.57592100
v -6.74026299 11.58810902 0.57547301
v -6.73971224 11.59551811 0.57528901
v -6.73911238 11.60291386 0.57537299
v -6.73843288 11.61030674 0.57571298
v -6.73769140 11.61767673 0.57633001
v -6.73690748 11.62497902 0.57720202
v -6.73605013 11.63222694 0.57833397
v -6.73514271 11.63942337 0.57972002
v -6.75768948 11.62686443 0.58176100
v -6.75664568 11.63408566 0.58285600
v -6.78554201 11.56312466 0.58925003
v -6.78509188 11.57037926 0.58797598
v -6.77700233 11.63635445 0.58814400
v -6.75553608 11.64125443 0.58420402
v -6.75435781 11.64835548 0.58581102
v -6.75310707 11.65535164 0.58767098
v -6.73416376 11.64655018 0.58137298
v -6.73315239 11.65355301 0.58328003
v -6.73206997 11.66046047 0.58542597
v -6.73094797 11.66726017 0.58783197
v -6.77569628 11.64349842 0.58944601
v -6.77430201 11.65056992 0.59100598
v -6.77284241 11.65753174 0.59281099
v -6.79557276 11.64614296 0.59543598
v -6.79397869 11.65317917 0.59694099
v -6.79230070 11.66011524 0.59868997
v -6.79053307 11.66694927 0.60067803
v -6.77130508 11.66440678 0.59486300
v -6.76969814 11.67114925 0.59716702
v -6.76803684 11.67774677 0.59969801
v -6.75180721 11.66223431 0.58977902
v -6.75044060 11.66900730 0.59212899
v -6.74901199 11.67564392 0.59472501
v -6.72978020 11.67390823 0.59047502
v -6.72855759 11.68041325 0.59334898
v -6.74754572 11.68212891 0.59755301
v -6.74601460 11.68846321 0.60061401
v -6.72730255 11.68677807 0.59645700
v -6.72599697 11.69297791 0.59980202
v -6.71846151 11.58658695 0.57156700
v -6.71806049 11.59399796 0.57140201
v -6.71759748 11.60142517 0.57150501
v -6.69706440 11.56336403 0.57051200
v -6.69691372 11.57070827 0.56956100
v -6.69672775 11.57810497 0.56888300
v -6.69650507 11.58550930 0.56847298
v -6.69623280 11.59292507 0.56832701
v -6.69592094 11.60035515 0.56844902
v -6.71708345 11.60883141 0.57188201
v -6.71652460 11.61618996 0.57251900
v -6.71591330 11.62351036 0.57341897
v -6.69557333 11.60776234 0.56884497
v -6.69518518 11.61513710 0.56950098
v -6.69475889 11.62248325 0.57042998
v -6.69429207 11.62976074 0.57161897
v -6.69378901 11.63697720 0.57307100
v -6.67458773 11.57006645 0.56726801
v -6.67451954 11.57744980 0.56660002
v -6.67441320 11.58485413 0.56620002
v -6.67427874 11.59228420 0.56606400
v -6.67411709 11.59971714 0.56620598
v -6.65217829 11.56984615 0.56580597
v -6.65221405 11.57722378 0.56513798
v -6.65223598 11.58464718 0.56474799
v -6.65224314 11.59207630 0.56462300
v -6.65223742 11.59950924 0.56477499
v -6.67463398 11.56272030 0.56820101
v -6.67393446 11.60711956 0.56661201
v -6.67372370 11.61450195 0.56728703
v -6.65221548 11.60689735 0.56519097
v -6.65217590 11.61428928 0.56586802
v -6.65212297 11.62165070 0.56682700
v -6.67348385 11.62184715 0.56822699
v -6.67321539 11.62913990 0.56943500
v -6.67292261 11.63636017 0.57090700
v -6.65205479 11.62893009 0.56804597
v -6.65196896 11.63615227 0.56952798
v -6.67259932 11.64350414 0.57263702
v -6.65186691 11.64329720 0.57126999
v -6.65175009 11.65035629 0.57327300
v -6.62982035 11.56271172 0.56609702
v -6.62997150 11.57007217 0.56517500
v -6.63011742 11.57741451 0.56451702
v -6.63015890 11.57954311 0.56441498
v -6.63026428 11.58486462 0.56412798
v -6.63030720 11.58714199 0.56409299
v -6.63045454 11.59475803 0.56404698
v -6.63040781 11.59226036 0.56400400
v -6.63054848 11.59970379 0.56415701
v -6.63059616 11.60234070 0.56429303
v -6.63068342 11.60712051 0.56457502
v -6.63081217 11.61450195 0.56526202
v -6.63086414 11.61749077 0.56563503
v -6.63094044 11.62184906 0.56622303
v -6.63099241 11.62495995 0.56673098
v -6.63106251 11.62913704 0.56744301
v -6.63117886 11.63635826 0.56893599
v -6.63123178 11.63976860 0.56975901
v -6.63128901 11.64351749 0.57068801
v -6.63139677 11.65053749 0.57269400
v -6.71524572 11.63079262 0.57457900
v -6.71453905 11.63800907 0.57601202
v -6.71378756 11.64511585 0.57769400
v -6.71299458 11.65214729 0.57962900
v -6.69325733 11.64410591 0.57478201
v -6.69268227 11.65114689 0.57674599
v -6.69208097 11.65809059 0.57896698
v -6.71215868 11.65908432 0.58182198
v -6.71127415 11.66588974 0.58426499
v -6.71036005 11.67255974 0.58694601
v -6.69144249 11.66490459 0.58143902
v -6.69078302 11.67159081 0.58414900
v -6.69008350 11.67813969 0.58710802
v -6.67225838 11.65055561 0.57463002
v -6.67188931 11.65749168 0.57687098
v -6.67150545 11.66431904 0.57936299
v -6.65162754 11.65730000 0.57553399
v -6.65148640 11.66411781 0.57803798
v -6.65133047 11.67082119 0.58078802
v -6.67109108 11.67101765 0.58210200
v -6.67066050 11.67756748 0.58508098
v -6.65115881 11.67737579 0.58378702
v -6.65097857 11.68377209 0.58701098
v -6.70939159 11.67909241 0.58986700
v -6.70839643 11.68546104 0.59302199
v -6.68935537 11.68452454 0.59029198
v -6.68859673 11.69075108 0.59371299
v -6.70737171 11.69166851 0.59639603
v -6.70630550 11.69770908 0.60000098
v -6.68782330 11.69679356 0.59734702
v -6.68701935 11.70265388 0.60120600
v -6.67020178 11.68396473 0.58829403
v -6.66972446 11.69019508 0.59173602
v -6.65077972 11.69001389 0.59047300
v -6.65056467 11.69606781 0.59415603
v -6.66922903 11.69624519 0.59539902
v -6.66871500 11.70211411 0.59927797
v -6.65034437 11.70193768 0.59805501
v -6.63150167 11.65750217 0.57495701
v -6.63159561 11.66433716 0.57747102
v -6.63168573 11.67100716 0.58023202
v -6.63177299 11.67756271 0.58322501
v -6.63185167 11.68396854 0.58645999
v -6.63192368 11.69020176 0.58993298
v -6.63197041 11.69423389 0.59249097
v -6.63199139 11.69624805 0.59361899
v -6.63205147 11.70211601 0.59752101
v -6.84731674 11.58740139 0.60837799
v -6.84636068 11.59470940 0.60752302
v -6.84883595 11.57291985 0.61082602
v -6.84814405 11.58014202 0.60948700
v -6.84940863 11.56574631 0.61241901
v -6.84527540 11.60202122 0.60690898
v -6.84406614 11.60934925 0.60654998
v -6.84274149 11.61665058 0.60644102
v -6.84129524 11.62393284 0.60657698
v -6.83972931 11.63118362 0.60696399
v -6.83804655 11.63837814 0.60759598
v -6.86387873 11.61332703 0.61508602
v -6.86240864 11.62061501 0.61492199
v -6.86081600 11.62786293 0.61500299
v -6.82810307 11.56921959 0.60285401
v -6.86979055 11.56984901 0.62117398
v -6.86915588 11.57701492 0.61956298
v -6.86838055 11.58420658 0.61818802
v -6.86746168 11.59146118 0.61704201
v -6.86639977 11.59875870 0.61615098
v -6.87028551 11.56275558 0.62302500
v -6.86521292 11.60603619 0.61549997
v -6.85909700 11.63507557 0.61532599
v -6.83626223 11.64551830 0.60847902
v -6.81514168 11.64916325 0.60215598
v -6.81333923 11.65617180 0.60359699
v -6.81144953 11.66307926 0.60528100
v -6.80946064 11.66987896 0.60720497
v -6.83435583 11.65258598 0.60960603
v -6.83235455 11.65955734 0.61098200
v -6.83025503 11.66642094 0.61259401
v -6.82805634 11.67317963 0.61444402
v -6.80739355 11.67655849 0.60936999
v -6.80524158 11.68309784 0.61177301
v -6.80302000 11.68947601 0.61439699
v -6.85724545 11.64225292 0.61589497
v -6.85527802 11.64935207 0.61671299
v -6.85319996 11.65636826 0.61776698
v -6.85099697 11.66330051 0.61906201
v -6.84868670 11.67013073 0.62059098
v -6.87386560 11.65355778 0.62564099
v -6.87160110 11.66053867 0.62662202
v -6.86921549 11.66742420 0.62783402
v -6.84626532 11.67685127 0.62235898
v -6.84374762 11.68343830 0.62435901
v -6.84114313 11.68988705 0.62658799
v -6.82576132 11.67980957 0.61652702
v -6.82337236 11.68631172 0.61883801
v -6.82090092 11.69266129 0.62138802
v -6.80072546 11.69571400 0.61724597
v -6.79834604 11.70177841 0.62032300
v -6.81835794 11.69883919 0.62414598
v -6.81573153 11.70486259 0.62713099
v -6.78869963 11.67366505 0.60291702
v -6.78678465 11.68023586 0.60538399
v -6.78481627 11.68666077 0.60808998
v -6.76630974 11.68421173 0.60246998
v -6.76451874 11.69051743 0.60546601
v -6.78276730 11.69293690 0.61101300
v -6.78065586 11.69904613 0.61417300
v -6.76266813 11.69665718 0.60869002
v -6.76077366 11.70260715 0.61212701
v -6.74444008 11.69463062 0.60389400
v -6.74281263 11.70062542 0.60740399
v -6.72465324 11.69898415 0.60335898
v -6.72327852 11.70480537 0.60713202
v -6.74115705 11.70641518 0.61112100
v -6.73944950 11.71201420 0.61503798
v -6.72185946 11.71042824 0.61110502
v -6.77848482 11.70495701 0.61753601
v -6.75883532 11.70837688 0.61577898
v -6.77626944 11.71068764 0.62111402
v -6.79591751 11.70765114 0.62360299
v -6.79342175 11.71334362 0.62709802
v -6.77399874 11.71621704 0.62489098
v -6.75684500 11.71394920 0.61963898
v -6.72041178 11.71584511 0.61528802
v -6.73771048 11.71740627 0.61916500
v -6.86670494 11.67421341 0.62928098
v -6.86407709 11.68087482 0.63095802
v -6.86134529 11.68741608 0.63285899
v -6.85850525 11.69382381 0.63499600
v -6.83843613 11.69618988 0.62903798
v -6.85556889 11.70006275 0.63734603
v -6.85253096 11.70614815 0.63991100
v -6.83564234 11.70233154 0.63171297
v -6.83276415 11.70829487 0.63459802
v -6.81304312 11.71069622 0.63032901
v -6.81027985 11.71633625 0.63373202
v -6.82981062 11.71407413 0.63769501
v -6.87227774 11.70427513 0.64628398
v -6.86900377 11.71030903 0.64873999
v -6.84941626 11.71206093 0.64269602
v -6.84621716 11.71778202 0.64568400
v -6.86564589 11.71616077 0.65141499
v -6.77167702 11.72153568 0.62887001
v -6.71893644 11.72104073 0.61965603
v -6.75480509 11.71930122 0.62369198
v -6.75274467 11.72443771 0.62793899
v -6.73593330 11.72257328 0.62347698
v -6.73413324 11.72751236 0.62797600
v -6.82678986 11.71965885 0.64098901
v -6.80745316 11.72176838 0.63732600
v -6.80458069 11.72699738 0.64112198
v -6.84292650 11.72331333 0.64886802
v -6.86220551 11.72181416 0.65428501
v -6.83957529 11.72863865 0.65226102
v -6.83616924 11.73374462 0.65582800
v -6.82370520 11.72504520 0.64449197
v -6.82055330 11.73021603 0.64817703
v -6.80164528 11.73200226 0.64510298
v -6.79867077 11.73677444 0.64927000
v -6.81733751 11.73516846 0.65205699
v -6.81408453 11.73987579 0.65610600
v -6.79087162 11.71883011 0.63079298
v -6.78827047 11.72410488 0.63468897
v -6.76931381 11.72663307 0.63303399
v -6.78562832 11.72915363 0.63876098
v -6.76690865 11.73150253 0.63738602
v -6.76448536 11.73612785 0.64190799
v -6.75063229 11.72934341 0.63236499
v -6.73230457 11.73221207 0.63264602
v -6.74850130 11.73401165 0.63696998
v -6.74633932 11.73843193 0.64173698
v -6.73044586 11.73666763 0.63748801
v -6.72856855 11.74086857 0.64248502
v -6.78293037 11.73397923 0.64302099
v -6.78020477 11.73856449 0.64745998
v -6.76202059 11.74051189 0.64660102
v -6.77744913 11.74289608 0.65205300
v -6.79565287 11.74130440 0.65359902
v -6.75952530 11.74463558 0.65144098
v -6.74415731 11.74260139 0.64666897
v -6.72667265 11.74481010 0.64763802
v -6.74194813 11.74650574 0.65174800
v -6.72475910 11.74847889 0.65292901
v -6.70522022 11.70355225 0.60382098
v -6.70409441 11.70920086 0.60785002
v -6.68618679 11.70831013 0.60526299
v -6.70294142 11.71463299 0.61207998
v -6.68534470 11.71376705 0.60953200
v -6.66818380 11.70778561 0.60337400
v -6.66763687 11.71324253 0.60766298
v -6.65011597 11.70760632 0.60216302
v -6.64986944 11.71306705 0.60647202
v -6.66707182 11.71848583 0.61215502
v -6.64960670 11.71831131 0.61097598
v -6.63210440 11.70778751 0.60163999
v -6.63215017 11.71324635 0.60596001
v -6.63218355 11.71725368 0.60959500
v -6.63218927 11.71849251 0.61047602
v -6.68447304 11.71899605 0.61399502
v -6.70176697 11.71984482 0.61649501
v -6.70057297 11.72483635 0.62109798
v -6.68358517 11.72399521 0.61863601
v -6.71743059 11.72601223 0.62422103
v -6.69935226 11.72959042 0.62589002
v -6.68267918 11.72876358 0.62345701
v -6.68175316 11.73328400 0.62844998
v -6.66649723 11.72349453 0.61682600
v -6.66590500 11.72827053 0.62167603
v -6.64934635 11.72332668 0.61566699
v -6.64906931 11.72810745 0.62053800
v -6.66529417 11.73280048 0.62669802
v -6.64877462 11.73264122 0.62558103
v -6.63222313 11.72350121 0.61517000
v -6.63221931 11.72243118 0.61438698
v -6.63225079 11.72827625 0.62005198
v -6.63226986 11.73280334 0.62509799
v -6.71590519 11.73073578 0.62894702
v -6.71436024 11.73522377 0.63385397
v -6.69812298 11.73408890 0.63083500
v -6.68082094 11.73754692 0.63359803
v -6.71279764 11.73945236 0.63891602
v -6.69687510 11.73834133 0.63594502
v -6.67987108 11.74155426 0.63890100
v -6.69561052 11.74233150 0.64121002
v -6.66468763 11.73707390 0.63187599
v -6.64848328 11.73691845 0.63077903
v -6.66405296 11.74108982 0.63720900
v -6.64817429 11.74093342 0.63612401
v -6.64785862 11.74468136 0.64161599
v -6.71121693 11.74341774 0.64412498
v -6.69432688 11.74605274 0.64661402
v -6.70961857 11.74711418 0.64947301
v -6.70806932 11.75042057 0.65495902
v -6.69309187 11.74937820 0.65214801
v -6.67892361 11.74528980 0.64434397
v -6.66342115 11.74483490 0.64268100
v -6.66279507 11.74818516 0.64828199
v -6.64755774 11.74803066 0.64723903
v -6.67798662 11.74862194 0.64991599
v -6.63228273 11.73708344 0.63030702
v -6.63228512 11.73647594 0.62986898
v -6.63228846 11.74109364 0.63566399
v -6.63229179 11.74062443 0.63536799
v -6.63228798 11.74483585 0.64115900
v -6.63228273 11.74818802 0.64679301
v -6.92956066 11.55681705 0.66080397
v -6.92949581 11.55035114 0.66355801
v -6.94796276 11.55605698 0.67526400
v -6.96581554 11.56211948 0.68764299
v -6.95913839 11.62471199 0.66991901
v -6.95741081 11.63184738 0.66899598
v -6.95550585 11.63896656 0.66828102
v -6.96410084 11.59625721 0.67576897
v -6.96574163 11.57539082 0.68230700
v -6.96539116 11.58226776 0.67992997
v -6.96485090 11.58921909 0.67774701
v -6.96201658 11.61040688 0.67241901
v -6.96067667 11.61755753 0.67106497
v -6.96315432 11.60330200 0.67399502
v -6.97594881 11.63097954 0.68266398
v -6.97412539 11.63808441 0.68166798
v -6.95340776 11.64608002 0.66779000
v -6.96749687 11.65926361 0.67995501
v -6.97210646 11.64516258 0.68088198
v -6.96990347 11.65223122 0.68030900
v -6.96492052 11.66622734 0.67981499
v -6.96215343 11.67311573 0.67988300
v -6.95921803 11.67991829 0.68016601
v -6.95610857 11.68664265 0.68065798
v -6.94548464 11.59730530 0.66173297
v -6.92945480 11.56362534 0.65825802
v -6.94758081 11.57621288 0.66758698
v -6.94707870 11.58316898 0.66543102
v -6.94637632 11.59020996 0.66347200
v -6.94314957 11.61158657 0.65890300
v -6.94171429 11.61877537 0.65781200
v -6.94441414 11.60443878 0.66021198
v -6.94007874 11.62597179 0.65695202
v -6.93828297 11.63311386 0.65631002
v -6.94802523 11.56251717 0.67250901
v -6.94789648 11.56932163 0.66994500
v -6.92673159 11.66834354 0.65646398
v -6.92394161 11.67517757 0.65716398
v -6.95113850 11.65313911 0.66751701
v -6.94868755 11.66014957 0.66745901
v -6.94606543 11.66710567 0.66762698
v -6.94326448 11.67397881 0.66800898
v -6.92100620 11.68191624 0.65809399
v -6.91792583 11.68853855 0.65924102
v -6.91470575 11.69505024 0.66060901
v -6.94031239 11.68075562 0.66861802
v -6.93721437 11.68743134 0.66943997
v -6.91134739 11.70142365 0.66219997
v -6.88502884 11.71478939 0.65818202
v -6.90787172 11.70763111 0.66399199
v -6.90428019 11.71369743 0.66600603
v -6.93394947 11.69399738 0.67047900
v -6.93055105 11.70043182 0.67172801
v -6.92700100 11.70673943 0.67319298
v -6.92332315 11.71288681 0.67486697
v -6.95283318 11.69326687 0.68137097
v -6.94940138 11.69976807 0.68229097
v -6.94581413 11.70614338 0.68342400
v -6.96588135 11.56857681 0.68487900
v -6.98293495 11.58181190 0.69531399
v -6.98256207 11.58867264 0.69292003
v -6.98198748 11.59560680 0.69070899
v -6.98019314 11.60968208 0.68688500
v -6.97897911 11.61676121 0.68527299
v -6.98118925 11.60262489 0.68869603
v -6.97757196 11.62386131 0.68386400
v -6.99208784 11.63757324 0.69601101
v -6.99905777 11.59542465 0.70652902
v -6.99945402 11.58858681 0.70894098
v -6.99655151 11.61637783 0.70039397
v -6.99760437 11.60935593 0.70225000
v -6.99527359 11.62344265 0.69873703
v -6.99378538 11.63051224 0.69727403
v -6.99844885 11.60235405 0.70429099
v -6.98304319 11.56856823 0.70065898
v -6.98308563 11.57502365 0.69789600
v -6.98573780 11.65872383 0.69343901
v -6.99018526 11.64463806 0.69494301
v -6.98806143 11.65171528 0.69408399
v -6.98322916 11.66569042 0.69298500
v -6.98050213 11.67262459 0.69275397
v -6.97761393 11.67943859 0.69272399
v -6.97453833 11.68618870 0.69289798
v -6.97127247 11.69286060 0.69328099
v -6.96783733 11.69941235 0.69387603
v -6.96424389 11.70584297 0.69467098
v -6.96048021 11.71214867 0.69567603
v -6.95657969 11.71829605 0.69687903
v -7.00753832 11.64451790 0.70993203
v -7.00554514 11.65155125 0.70880097
v -7.00333929 11.65854931 0.70787001
v -7.00091553 11.66552067 0.70712501
v -6.99827623 11.67245483 0.70659000
v -6.99543667 11.67930698 0.70625103
v -6.99241066 11.68608570 0.70612103
v -6.98920012 11.69276714 0.70618701
v -6.98580074 11.69936657 0.70645201
v -6.98220778 11.70585918 0.70692098
v -6.97845125 11.71221828 0.70758897
v -6.97452497 11.71844769 0.70845902
v -6.94208813 11.71236515 0.68476200
v -6.93822002 11.71844482 0.68629998
v -6.88143587 11.72057343 0.66073000
v -6.90056658 11.71959019 0.66821700
v -6.87775612 11.72617340 0.66348100
v -6.91952276 11.71887970 0.67674500
v -6.91559696 11.72470665 0.67882901
v -6.89675379 11.72530556 0.67063802
v -6.89283991 11.73083115 0.67325401
v -6.88882494 11.73616314 0.67606598
v -6.91156340 11.73034573 0.68111402
v -6.90742111 11.73578930 0.68358499
v -6.88472986 11.74127579 0.67906803
v -6.88056660 11.74616909 0.68224400
v -6.97044849 11.72452164 0.70952600
v -6.96621990 11.73044682 0.71078402
v -6.93420649 11.72436810 0.68804199
v -6.93008280 11.73011494 0.68998998
v -6.92583990 11.73567390 0.69213098
v -6.92148590 11.74104023 0.69445598
v -6.91702747 11.74621296 0.69697797
v -6.90318632 11.74103737 0.68625200
v -6.89886427 11.74607754 0.68910903
v -6.87632132 11.75084591 0.68560600
v -6.89445257 11.75089741 0.69214100
v -6.88996696 11.75549030 0.69535702
v -6.95252323 11.72430611 0.69828099
v -6.94832468 11.73015022 0.69988799
v -6.94401026 11.73580551 0.70168197
v -6.93956184 11.74129009 0.70366901
v -6.93499565 11.74657631 0.70585001
v -6.93032885 11.75165749 0.70820898
v -6.92555237 11.75652885 0.71075898
v -6.91247749 11.75116730 0.69968200
v -6.90784597 11.75589657 0.70255899
v -6.88541842 11.75984001 0.69873399
v -6.88081169 11.76395226 0.70228100
v -6.90312195 11.76040459 0.70561302
v -6.89834261 11.76466751 0.70883602
v -6.87615585 11.76780891 0.70598203
v -7.03409719 11.66626644 0.73815000
v -7.03171110 11.67315674 0.73704797
v -7.04133701 11.63838768 0.74435103
v -7.04420567 11.61762619 0.75080103
v -7.04349375 11.62449169 0.74848199
v -7.04254293 11.63142681 0.74633300
v -7.04485035 11.59758186 0.75868601
v -7.04467297 11.61079979 0.75327700
v -7.04488277 11.60403061 0.75590402
v -7.05597973 11.63938522 0.76207697
v -7.05697489 11.63246822 0.76427102
v -7.03820181 11.65232372 0.74089700
v -7.03627205 11.65930176 0.73942602
v -7.03988600 11.64535618 0.74253100
v -7.04205418 11.68771648 0.75138003
v -7.03911972 11.69446087 0.75054699
v -7.03595829 11.70113564 0.74989301
v -7.03258228 11.70772362 0.74941999
v -7.05323029 11.65324211 0.75817603
v -7.05148363 11.66019154 0.75647801
v -7.04948997 11.66712093 0.75494403
v -7.04724693 11.67402077 0.75357902
v -7.05472851 11.64631462 0.76005000
v -7.04476786 11.68089008 0.75238597
v -7.04795790 11.70893860 0.76538199
v -7.04447603 11.71546650 0.76479203
v -7.04077816 11.72189236 0.76437098
v -7.03685379 11.72820568 0.76412302
v -7.03274107 11.73438835 0.76406002
v -6.99962902 11.58178234 0.71153200
v -6.99957657 11.57532215 0.71430498
v -7.01527023 11.59567070 0.72316098
v -7.01333046 11.61639977 0.71638799
v -7.01221514 11.62340736 0.71448702
v -7.01087761 11.63043499 0.71278501
v -7.00931978 11.63746929 0.71125901
v -7.01485157 11.60251045 0.72073001
v -7.01420927 11.60941696 0.71846497
v -7.01545954 11.58889866 0.72576898
v -7.01541758 11.58244228 0.72853303
v -7.02577019 11.63773155 0.72738898
v -7.02830744 11.62377453 0.73109198
v -7.02715445 11.63073063 0.72915399
v -7.02923393 11.61681175 0.73320502
v -7.03035402 11.60308456 0.73794502
v -7.02991104 11.60992050 0.73549700
v -7.02227879 11.65177345 0.72441900
v -7.02019548 11.65875721 0.72321498
v -7.01262951 11.67949390 0.72073400
v -7.01789761 11.66570663 0.72219402
v -7.01536798 11.67263699 0.72136801
v -7.00968742 11.68629265 0.72029603
v -7.00652790 11.69301987 0.72004801
v -7.00317860 11.69965839 0.72000599
v -6.99963522 11.70617867 0.72015399
v -6.99590683 11.71258640 0.72048801
v -7.02413607 11.64475727 0.72580898
v -7.02319717 11.69358540 0.73485202
v -7.02909184 11.68002129 0.73612303
v -7.02625704 11.68684196 0.73539799
v -7.01992512 11.70024395 0.73449600
v -7.01645470 11.70679760 0.73432702
v -7.01278591 11.71325588 0.73434901
v -7.03055382 11.59629440 0.74056298
v -7.03051329 11.58984852 0.74334502
v -7.02899170 11.71421242 0.74912500
v -6.96184254 11.73621368 0.71224600
v -6.95732832 11.74178982 0.71388698
v -6.99199677 11.71887779 0.72102898
v -6.98792171 11.72502041 0.72175503
v -6.98367357 11.73102856 0.72267699
v -6.97927523 11.73686886 0.72379100
v -7.00891495 11.71959686 0.73455697
v -7.00487041 11.72580147 0.73495400
v -7.00063658 11.73187828 0.73553503
v -6.99622631 11.73780251 0.73631299
v -6.97472620 11.74254036 0.72509003
v -6.97002983 11.74803638 0.72657800
v -6.96520472 11.75333595 0.72824800
v -6.99167728 11.74355030 0.73727399
v -6.96026802 11.75843811 0.73010403
v -6.95520449 11.76333427 0.73212898
v -6.95269012 11.74718189 0.71572000
v -6.94793510 11.75237751 0.71773797
v -6.94305706 11.75736904 0.71993500
v -6.92070866 11.76116180 0.71347398
v -6.91577339 11.76557636 0.71635598
v -6.93808413 11.76214123 0.72231299
v -6.89350367 11.76868534 0.71221101
v -6.88859940 11.77245522 0.71574903
v -6.91075373 11.76975632 0.71941501
v -6.90568542 11.77368069 0.72262800
v -6.88366890 11.77596378 0.71944201
v -6.87869453 11.77920341 0.72326303
v -6.93302202 11.76668835 0.72485602
v -6.92786932 11.77101040 0.72757602
v -6.92264652 11.77508354 0.73045498
v -6.95003176 11.76800823 0.73432702
v -6.94476795 11.77246094 0.73669899
v -6.91736317 11.77891159 0.73348701
v -6.90056276 11.77735233 0.72599399
v -6.89539576 11.78076553 0.72950602
v -6.91201496 11.78248978 0.73668098
v -6.89018726 11.78391361 0.73316503
v -6.88496065 11.78678799 0.73695302
v -7.02519703 11.72059822 0.74901199
v -7.02119493 11.72687244 0.74908400
v -7.01700735 11.73300362 0.74934602
v -7.01264381 11.73898315 0.74978298
v -7.00809622 11.74481010 0.75039899
v -7.00339079 11.75047398 0.75119698
v -6.98695517 11.74913216 0.73841101
v -6.98209763 11.75453281 0.73973602
v -6.97709513 11.75973988 0.74123502
v -6.97196960 11.76474571 0.74291098
v -6.96671820 11.76954651 0.74476498
v -6.96136427 11.77412033 0.74679101
v -6.95591879 11.77846432 0.74897301
v -6.99851370 11.75596714 0.75217199
v -7.02842665 11.74042988 0.76416898
v -7.02393150 11.74632549 0.76445299
v -7.01923943 11.75207043 0.76490700
v -7.01438761 11.75764179 0.76554298
v -6.99349213 11.76127529 0.75332600
v -6.98832560 11.76638699 0.75465399
v -6.98302507 11.77129173 0.75614899
v -6.97760344 11.77598572 0.75782299
v -6.97208214 11.78045559 0.75966001
v -6.96644592 11.78470230 0.76166201
v -6.96071291 11.78870487 0.76381302
v -6.93940592 11.77668095 0.73923701
v -6.93398333 11.78065491 0.74193603
v -6.92848063 11.78438282 0.74478698
v -6.95036745 11.78258038 0.75132197
v -6.92292500 11.78785419 0.74779201
v -6.91732788 11.79106426 0.75094301
v -6.90661907 11.78580189 0.74001199
v -6.90119886 11.78884983 0.74348998
v -6.87991524 11.78928852 0.74087101
v -6.89574003 11.79162312 0.74709803
v -6.89046764 11.79403496 0.75083500
v -6.94474220 11.78645134 0.75383198
v -6.93905354 11.79007530 0.75650299
v -6.93329906 11.79343700 0.75930899
v -6.92749119 11.79653740 0.76226097
v -6.91168785 11.79400730 0.75423098
v -6.90601921 11.79667473 0.75764900
v -6.92165232 11.79937458 0.76536000
v -6.90054178 11.79898643 0.76119697
v -7.05842400 11.61204910 0.77175599
v -7.05819035 11.61880016 0.76911098
v -7.05771208 11.62560654 0.76661700
v -7.05839348 11.60559559 0.77453703
v -7.07090330 11.62706852 0.78542900
v -7.07040071 11.63386726 0.78290802
v -7.07113647 11.62032604 0.78808302
v -7.07111835 11.61388588 0.79087299
v -7.06190014 11.67519760 0.77091998
v -7.06860781 11.64761257 0.77830499
v -7.06731033 11.65450859 0.77622300
v -7.06576777 11.66140175 0.77429599
v -7.06396103 11.66831779 0.77252603
v -7.05703831 11.68888474 0.76819998
v -7.05424166 11.69563961 0.76708603
v -7.05959892 11.68205929 0.76947302
v -7.05121279 11.70233250 0.76615399
v -7.07561255 11.67668915 0.78902203
v -7.07906580 11.66296291 0.79284501
v -7.07747507 11.66982937 0.79086399
v -7.07112026 11.69036102 0.78581601
v -7.07350063 11.68354511 0.78734398
v -7.06963968 11.64071751 0.78053498
v -7.06849623 11.69710445 0.78444302
v -7.06251335 11.71045208 0.78219098
v -7.05916166 11.71699905 0.78130198
v -7.06562901 11.70381069 0.78323102
v -7.08276272 11.63560677 0.80219501
v -7.08301878 11.62886429 0.80486703
v -7.08298969 11.62241364 0.80765700
v -7.08040094 11.65607548 0.79497200
v -7.08224869 11.64239311 0.79965597
v -7.07617092 11.71223354 0.79977900
v -7.08180666 11.69886875 0.80255300
v -7.08642578 11.68530750 0.80593002
v -7.08424187 11.69212341 0.80417103
v -7.07912016 11.70557785 0.80109102
v -7.08996010 11.67164993 0.80987900
v -7.09133053 11.66480064 0.81206000
v -7.08832645 11.67847443 0.80783498
v -7.09323549 11.65115356 0.81681597
v -7.09241724 11.65795994 0.81437099
v -7.09377337 11.64437866 0.81938201
v -7.09164429 11.70761299 0.81967598
v -7.08888531 11.71427536 0.81811500
v -7.05557299 11.72346020 0.78058600
v -7.05177402 11.72980690 0.78003901
v -7.04774761 11.73603630 0.77965599
v -7.04351902 11.74213123 0.77943999
v -7.03908396 11.74809361 0.77939600
v -7.03446531 11.75390053 0.77952701
v -7.07297945 11.71879482 0.79862201
v -7.06196737 11.73793983 0.79609299
v -7.06955004 11.72527313 0.79761702
v -7.06587267 11.73167038 0.79677498
v -7.05785179 11.74408054 0.79556602
v -7.05351734 11.75009918 0.79520601
v -7.04897785 11.75597382 0.79500902
v -7.04423332 11.76169872 0.79497802
v -7.03930330 11.76725197 0.79510802
v -7.03419065 11.77262592 0.79539299
v -7.07534409 11.74008179 0.81333101
v -7.07135296 11.74627686 0.81250501
v -7.08587170 11.72085571 0.81669497
v -7.08260775 11.72735786 0.81542099
v -7.07909393 11.73377228 0.81429899
v -7.06713438 11.75235462 0.81184298
v -7.06269789 11.75828266 0.81133097
v -7.05806112 11.76405525 0.81097198
v -7.05321360 11.76968098 0.81076998
v -7.04817724 11.77513504 0.81072903
v -7.04295111 11.78042316 0.81084400
v -7.03754139 11.78551388 0.81111699
v -7.03198957 11.79040051 0.81154299
v -7.00937366 11.76303387 0.76634598
v -7.00419331 11.76825142 0.76732999
v -6.99886799 11.77325726 0.76847702
v -6.99342203 11.77805424 0.76979202
v -6.98784494 11.78264427 0.77127701
v -6.95490551 11.79246712 0.76613301
v -6.98214102 11.78701019 0.77291602
v -6.97632933 11.79114819 0.77472901
v -6.97043800 11.79504013 0.77669102
v -7.02965450 11.75955296 0.77981901
v -7.02465534 11.76503372 0.78028399
v -7.01950645 11.77032566 0.78091598
v -7.01419306 11.77543545 0.78171998
v -7.00872469 11.78033733 0.78267801
v -7.00312090 11.78503132 0.78380400
v -6.99739075 11.78951645 0.78509998
v -6.99153614 11.79376888 0.78654999
v -6.96445465 11.79868698 0.77880400
v -6.95840597 11.80208302 0.78106898
v -6.98558521 11.79778290 0.78814697
v -6.97951937 11.80156803 0.78991097
v -6.97337484 11.80509758 0.79181701
v -6.94902897 11.79597569 0.76859599
v -6.94308376 11.79923248 0.77121401
v -6.91577387 11.80193615 0.76858902
v -6.93709087 11.80222034 0.77396798
v -6.93105650 11.80494118 0.77686000
v -6.91010571 11.80413628 0.77193803
v -6.95228672 11.80521870 0.78346997
v -6.94611549 11.80809593 0.78602600
v -6.92500019 11.80739117 0.77989000
v -6.91913128 11.80948734 0.78304100
v -6.93990564 11.81069851 0.78871101
v -6.93366432 11.81302834 0.79152501
v -7.02890301 11.77782345 0.79584599
v -7.02345133 11.78282452 0.79645997
v -7.01785469 11.78762436 0.79723901
v -7.01211691 11.79220772 0.79817599
v -7.00624943 11.79657364 0.79926503
v -7.02625942 11.79509258 0.81212401
v -7.00024700 11.80071068 0.80050802
v -6.99414444 11.80461693 0.80190700
v -6.96716022 11.80837727 0.79387498
v -6.96086931 11.81139469 0.79606903
v -6.95453691 11.81414890 0.79840899
v -6.98793030 11.80828190 0.80346400
v -6.98164701 11.81169319 0.80516303
v -7.02038813 11.79956341 0.81285399
v -7.01438522 11.80381489 0.81374502
v -7.00826836 11.80783749 0.81479001
v -7.00202656 11.81161976 0.81597400
v -6.99568033 11.81516457 0.81731498
v -6.97528076 11.81485081 0.80700600
v -6.96883631 11.81774616 0.80898398
v -6.96234131 11.82037830 0.81110799
v -6.95581436 11.82273769 0.81336099
v -6.98924065 11.81845474 0.81879902
v -6.92763853 11.81501102 0.79447800
v -6.94816113 11.81663513 0.80088699
v -6.94174576 11.81884766 0.80349398
v -6.93554926 11.82071304 0.80622202
v -6.94924498 11.82482624 0.81575203
v -6.94289494 11.82657337 0.81826401
v -7.11053562 11.68289089 0.84734601
v -7.09403181 11.63764477 0.82206303
v -7.09401274 11.63120461 0.82486200
v -7.10413170 11.64021015 0.84244299
v -7.10137844 11.67374039 0.82952398
v -7.10250092 11.66692638 0.83187997
v -7.09635830 11.69414043 0.82321501
v -7.09830046 11.68735695 0.82519102
v -7.09413099 11.70090103 0.82137501
v -7.09998465 11.68055916 0.82729900
v -7.10388231 11.65336704 0.83694500
v -7.10333252 11.66012001 0.83435202
v -7.10415077 11.64664841 0.83964300
v -7.10059214 11.71655750 0.83713001
v -7.10314178 11.70988750 0.83892798
v -7.10739756 11.69644833 0.84288800
v -7.10911226 11.68965816 0.84505802
v -7.10539770 11.70319653 0.84084803
v -7.11168194 11.67610359 0.84973800
v -7.11253643 11.66931057 0.85224599
v -7.11336565 11.65585804 0.85757297
v -7.11335754 11.64943218 0.86038202
v -7.11309719 11.66255951 0.85486603
v -7.11557436 11.70571327 0.86090600
v -7.11353588 11.71241665 0.85878599
v -7.12080574 11.67870998 0.87046200
v -7.12138844 11.67196751 0.87309098
v -7.11732197 11.69896698 0.86313999
v -7.11994123 11.68545246 0.86791903
v -7.11877012 11.69221687 0.86547297
v -7.09469891 11.72968578 0.83395100
v -7.09136772 11.73611736 0.83256102
v -7.08396673 11.74869156 0.83020997
v -7.07989407 11.75481033 0.82924998
v -7.08779097 11.74245167 0.83131200
v -7.07559919 11.76079273 0.82843500
v -7.07107639 11.76663685 0.82776999
v -7.06139994 11.77785683 0.82688600
v -7.05625343 11.78321648 0.82666498
v -7.05092096 11.78839302 0.82660002
v -7.04542303 11.79336929 0.82668400
v -7.06634188 11.77232361 0.82724899
v -7.09777403 11.72316074 0.83547002
v -7.09172201 11.75748158 0.84739399
v -7.08757877 11.76352024 0.84628999
v -7.08320093 11.76941872 0.84532201
v -7.07859993 11.77516747 0.84449601
v -7.07378674 11.78075790 0.84381300
v -7.06876040 11.78619671 0.84328002
v -7.06352234 11.79145145 0.84287900
v -7.05810595 11.79652309 0.84263498
v -7.03974247 11.79815578 0.82691300
v -7.03390169 11.80273628 0.82730502
v -7.05250216 11.80139065 0.84252203
v -7.04672861 11.80606842 0.84256101
v -7.04077816 11.81053257 0.84274697
v -7.03470469 11.81477070 0.84308201
v -7.11123276 11.71907139 0.85678500
v -7.11841249 11.72842598 0.87491900
v -7.11578846 11.73497105 0.87294197
v -7.11287880 11.74145985 0.87108397
v -7.10970354 11.74784851 0.86933303
v -7.10578299 11.73221302 0.85313803
v -7.09925556 11.74506760 0.85000497
v -7.09560966 11.75132561 0.84863102
v -7.10265684 11.73867893 0.85150301
v -7.10864067 11.72568130 0.85489702
v -7.08039856 11.78934860 0.86063802
v -7.07528496 11.79469109 0.85992497
v -7.10626507 11.75414848 0.86770898
v -7.09439230 11.77238464 0.86359000
v -7.10255718 11.76035500 0.86620897
v -7.09859180 11.76644611 0.86483800
v -7.08995724 11.77818966 0.86246997
v -7.08528280 11.78385448 0.86149102
v -7.06996965 11.79984283 0.85935402
v -7.06447601 11.80479908 0.85891199
v -7.05878401 11.80956364 0.85860997
v -7.05292177 11.81412506 0.85845202
v -7.04689169 11.81847286 0.85844100
v -7.04072189 11.82259083 0.85856098
v -7.03439808 11.82648182 0.85881501
v -7.06425333 11.81786728 0.87491500
v -7.05831242 11.82231236 0.87456000
v -7.05220890 11.82653999 0.87433302
v -7.04593849 11.83054447 0.87424600
v -7.03954792 11.83430195 0.87428498
v -7.03301668 11.83783340 0.87446803
v -7.02792883 11.80708981 0.82783800
v -7.02180147 11.81122684 0.82852203
v -7.01555490 11.81512833 0.82935202
v -7.00919104 11.81878948 0.83032799
v -7.00273323 11.82220364 0.83144498
v -6.99617100 11.82537270 0.83271301
v -6.98273897 11.82148743 0.82042497
v -6.97615814 11.82425880 0.82218802
v -6.96953344 11.82676315 0.82408702
v -6.96285295 11.82900047 0.82612401
v -6.95614529 11.83095646 0.82828200
v -7.02847767 11.81878185 0.84355098
v -7.02212334 11.82256126 0.84416503
v -7.01565027 11.82610130 0.84492701
v -7.00907469 11.82939339 0.84582800
v -7.00240040 11.83243179 0.84687102
v -6.98952818 11.82827854 0.83411503
v -6.98283052 11.83092022 0.83565301
v -6.97606516 11.83329868 0.83732802
v -6.96926022 11.83540058 0.83913201
v -6.96242380 11.83722878 0.84106499
v -6.95581055 11.83872986 0.84312803
v -6.94966602 11.83257771 0.83056903
v -6.99565077 11.83520508 0.84803998
v -7.02793837 11.83013821 0.85921299
v -7.02137375 11.83355141 0.85975897
v -7.01469803 11.83670807 0.86042702
v -7.00792980 11.83961868 0.86124599
v -6.98882437 11.83771896 0.84935403
v -6.98195696 11.83996582 0.85080397
v -6.97503042 11.84193707 0.85237402
v -6.96806717 11.84363651 0.85408300
v -6.96134329 11.84500313 0.85590303
v -7.00107336 11.84226322 0.86219102
v -6.99415350 11.84464264 0.86327100
v -7.02635145 11.84111786 0.87478101
v -6.98716688 11.84675407 0.86447901
v -6.98013926 11.84859371 0.86582500
v -6.97308302 11.85015297 0.86729097
v -6.96626377 11.85138893 0.86887801
v -6.85867214 11.72728062 0.65735102
v -6.85506821 11.73254776 0.66061699
v -6.87398005 11.73157215 0.66642898
v -6.87012768 11.73675728 0.66955799
v -6.85138226 11.73759747 0.66407502
v -6.84764576 11.74241161 0.66770899
v -6.83268499 11.73863602 0.65959001
v -6.81078529 11.74435043 0.66032600
v -6.82916164 11.74328899 0.66352898
v -6.82558393 11.74769878 0.66763002
v -6.80745459 11.74857998 0.66471797
v -6.80408669 11.75255108 0.66926402
v -6.86619139 11.74173546 0.67287999
v -6.86220503 11.74648666 0.67638701
v -6.84385443 11.74699783 0.67152101
v -6.84000921 11.75133896 0.67549402
v -6.85814667 11.75099850 0.68006301
v -6.83613014 11.75543404 0.67963099
v -6.82197380 11.75186443 0.67190301
v -6.81832409 11.75576973 0.67632198
v -6.80069685 11.75625515 0.67394799
v -6.79727888 11.75969410 0.67877901
v -6.81464481 11.75941181 0.68088800
v -6.79260397 11.74559021 0.65810102
v -6.78952599 11.74961376 0.66274798
v -6.77466202 11.74697781 0.65680999
v -6.77185583 11.75079536 0.66171300
v -6.78641748 11.75338078 0.66755003
v -6.76903152 11.75434303 0.66675502
v -6.75702190 11.74849987 0.65643698
v -6.73973131 11.75014114 0.65696502
v -6.75449085 11.75209808 0.66158003
v -6.72291851 11.75175476 0.65834999
v -6.73758459 11.75338459 0.66231197
v -6.75205851 11.75529385 0.66684401
v -6.78330040 11.75687695 0.67249203
v -6.76628971 11.75750256 0.67192698
v -6.78028536 11.75997734 0.67756301
v -6.87201595 11.75528145 0.68913698
v -6.85404539 11.75526714 0.68390000
v -6.84988832 11.75928879 0.68790001
v -6.86764765 11.75947189 0.69282901
v -6.86324501 11.76341248 0.69668400
v -6.84570217 11.76305199 0.69205499
v -6.84148502 11.76655197 0.69635701
v -6.83220005 11.75927258 0.68392199
v -6.82825136 11.76284504 0.68835998
v -6.81094694 11.76278782 0.68560100
v -6.82428360 11.76614761 0.69293702
v -6.80737162 11.76577663 0.69043398
v -6.85880136 11.76709652 0.70069402
v -6.83723879 11.76977634 0.70078802
v -6.87145710 11.77140522 0.70982802
v -6.85431623 11.77051449 0.70484102
v -6.84981251 11.77366543 0.70913601
v -6.82042980 11.76907158 0.69764298
v -6.83314037 11.77262688 0.70535803
v -6.79397535 11.76274872 0.68374097
v -6.86672544 11.77473736 0.71382201
v -6.84546518 11.77643585 0.71355200
v -6.86197805 11.77779865 0.71795398
v -6.85737848 11.78048706 0.72220600
v -6.87369967 11.78217697 0.72723198
v -6.86886883 11.78477573 0.73132199
v -7.50000000 12.50000000 0.00000000
v -7.50000000 12.50000000 0.50000000
v -7.35331106 13.55394840 0.50000000
v -6.87786388 10.30678940 1.27405596
v -6.87678385 10.30099869 1.27794397
v -6.89676571 10.31208229 1.28499699
v -6.87554264 10.29541206 1.28198195
v -6.89561462 10.30627060 1.28884804
v -6.89430523 10.30066013 1.29285002
v -6.89281082 10.29523087 1.29700601
v -6.91388321 10.31191540 1.30043602
v -6.91249895 10.30627632 1.30440104
v -6.89115238 10.29000854 1.30130899
v -6.91092539 10.30083466 1.30851197
v -6.88933611 10.28500080 1.30575299
v -6.88735437 10.28021908 1.31032002
v -6.88077688 10.33797741 1.25737798
v -6.88053989 10.33163548 1.26033795
v -6.88011980 10.32520103 1.26348495
v -6.89957047 10.33695602 1.27134299
v -6.87953854 10.31891251 1.26682699
v -6.87878323 10.31277084 1.27035105
v -6.91803551 10.34267044 1.28304803
v -6.89913940 10.33051777 1.27448905
v -6.89852476 10.32422638 1.27781296
v -6.89773464 10.31807709 1.28131902
v -6.91694069 10.32991028 1.28949106
v -6.91758060 10.33621693 1.28617704
v -6.93542576 10.34228039 1.29853797
v -6.93589211 10.34875584 1.29541802
v -6.91611528 10.32375908 1.29297900
v -6.91509342 10.31775188 1.29662097
v -6.93388844 10.32979488 1.30529499
v -6.93475151 10.33597088 1.30183399
v -6.95261955 10.34870720 1.31154501
v -6.93281698 10.32377148 1.30891895
v -6.73461342 10.31202698 1.20124197
v -6.66727543 10.30735683 1.18920398
v -6.64451170 10.30667019 1.18686295
v -6.68990231 10.30847073 1.19238400
v -6.68972254 10.30213261 1.19535398
v -6.71217537 10.30368423 1.19936395
v -6.71236706 10.31002808 1.19639397
v -6.71190786 10.29726982 1.20256495
v -6.68917799 10.28946972 1.20198095
v -6.68947983 10.29572105 1.19855595
v -6.66710377 10.30101967 1.19217396
v -6.66686964 10.29459858 1.19537604
v -6.64434290 10.30033970 1.18984103
v -6.64413309 10.29393768 1.19304395
v -6.66660261 10.28834438 1.19880998
v -6.66630077 10.28226852 1.20247102
v -6.64390135 10.28768635 1.19647801
v -6.64364910 10.28159904 1.20014000
v -6.62165833 10.30646515 1.18537903
v -6.62149000 10.30011940 1.18834901
v -6.59903812 10.30666828 1.18473494
v -6.59887886 10.30041218 1.18771398
v -6.59886360 10.29981804 1.18779898
v -6.62112045 10.28747368 1.19499505
v -6.62131691 10.29371071 1.19156003
v -6.62091017 10.28138447 1.19865704
v -6.62068081 10.27550507 1.20253897
v -6.59855366 10.28767776 1.19435096
v -6.59871769 10.29394436 1.19091594
v -6.59836102 10.28065491 1.19844902
v -6.59838867 10.28163433 1.19802296
v -6.59822702 10.27576637 1.20190501
v -6.59819603 10.27468395 1.20246899
v -6.79906225 10.30789471 1.22678697
v -6.79860544 10.30162144 1.23017502
v -6.77806854 10.31100273 1.21634102
v -6.75638723 10.30812550 1.20987105
v -6.73441076 10.30569553 1.20421195
v -6.73413086 10.29928303 1.20740497
v -6.75608587 10.30171680 1.21306396
v -6.75569201 10.29545593 1.21647000
v -6.73331356 10.28693104 1.21445405
v -6.73376799 10.29302311 1.21081996
v -6.77775192 10.30457687 1.21952498
v -6.77730894 10.29831886 1.22293103
v -6.77677441 10.29222775 1.22653699
v -6.77613735 10.28631306 1.23035204
v -6.73150921 10.26982880 1.22658002
v -6.75519228 10.28936577 1.22009397
v -6.73279190 10.28104019 1.21829700
v -6.73218966 10.27532196 1.22233999
v -6.75461292 10.28345776 1.22391903
v -6.75394106 10.27774048 1.22795296
v -6.81999779 10.31160355 1.23483300
v -6.79802132 10.29550076 1.23377204
v -6.81951094 10.30533791 1.23821104
v -6.81888294 10.29921150 1.24179006
v -6.79731321 10.28958321 1.23756802
v -6.83998537 10.30944920 1.24700296
v -6.83932257 10.30333138 1.25057197
v -6.83850670 10.29738426 1.25432396
v -6.81723452 10.28752232 1.24952900
v -6.81812716 10.29327869 1.24556804
v -6.81622982 10.28199005 1.25367606
v -6.77359200 10.26975155 1.24293602
v -6.77538347 10.28058529 1.23435795
v -6.79650307 10.28385448 1.24155605
v -6.77453709 10.27505684 1.23855197
v -6.75317764 10.27223778 1.23216498
v -6.75232077 10.26692581 1.23656797
v -6.73074865 10.26453590 1.23100102
v -6.72992182 10.25947380 1.23561502
v -6.75137424 10.26185608 1.24115300
v -6.72901297 10.25464630 1.24038804
v -6.79451895 10.27298737 1.25007904
v -6.77254009 10.26466656 1.24748504
v -6.79336691 10.26789093 1.25459099
v -6.77139616 10.25979710 1.25220299
v -6.77015305 10.25518417 1.25707197
v -6.79557323 10.27830601 1.24572206
v -6.74923515 10.25240517 1.25080502
v -6.75035143 10.25700855 1.24589896
v -6.72803402 10.25004959 1.24532199
v -6.72699404 10.24572754 1.25041604
v -6.74805212 10.24806690 1.25586200
v -6.72588873 10.24164677 1.25565195
v -6.68795872 10.27179623 1.21356595
v -6.71158266 10.29102325 1.20598996
v -6.71117735 10.28494072 1.20963299
v -6.68882847 10.28338623 1.20563304
v -6.68842125 10.27750015 1.20949495
v -6.71071339 10.27904892 1.21348596
v -6.64306402 10.27003574 1.20810294
v -6.66557455 10.27069664 1.21042395
v -6.66515017 10.26522446 1.21470106
v -6.64271879 10.26454639 1.21238995
v -6.66595459 10.27639198 1.20634305
v -6.64336205 10.27573013 1.20402098
v -6.71018124 10.27334785 1.21754706
v -6.70959282 10.26785469 1.22179699
v -6.68745184 10.26631927 1.21783400
v -6.68690109 10.26104259 1.22229302
v -6.70893717 10.26257992 1.22624600
v -6.68629265 10.25599003 1.22694397
v -6.66468954 10.25995445 1.21916997
v -6.64236212 10.25928879 1.21687698
v -6.64198875 10.25425339 1.22154796
v -6.66367531 10.25009918 1.22867000
v -6.66419744 10.25490379 1.22383106
v -6.64158249 10.24945164 1.22639704
v -6.62045193 10.26981544 1.20662999
v -6.62020111 10.26432705 1.21091795
v -6.61995220 10.25907326 1.21541500
v -6.59790611 10.26454735 1.21028495
v -6.59774637 10.25928116 1.21478403
v -6.61968327 10.25403881 1.22008705
v -6.61940479 10.24923134 1.22494602
v -6.61911821 10.24467373 1.22996604
v -6.59754372 10.25288677 1.22067404
v -6.59758806 10.25426579 1.21946597
v -6.59743357 10.24944782 1.22432601
v -6.59728289 10.24490929 1.22934699
v -6.66121531 10.23340225 1.24960101
v -6.66052198 10.22990799 1.25518405
v -6.70743179 10.25269413 1.23567104
v -6.70821333 10.25752354 1.23086905
v -6.68563032 10.25118637 1.23176503
v -6.68493509 10.24662018 1.23674500
v -6.70658541 10.24811840 1.24063206
v -6.68418407 10.24230671 1.24188602
v -6.66310644 10.24554157 1.23367000
v -6.64115381 10.24489117 1.23140705
v -6.64070368 10.24059772 1.23658705
v -6.66250753 10.24123859 1.23882997
v -6.70569944 10.24381256 1.24575400
v -6.68338776 10.23824787 1.24718797
v -6.70473814 10.23973274 1.25101805
v -6.70372009 10.23592377 1.25643003
v -6.68255424 10.23445797 1.25261796
v -6.66187763 10.23719120 1.24415100
v -6.63975430 10.23277473 1.24738705
v -6.61820698 10.23256207 1.24596798
v -6.63924694 10.22928238 1.25298095
v -6.61788654 10.22907162 1.25158095
v -6.61756086 10.22586441 1.25731504
v -6.59678555 10.23134136 1.24754500
v -6.59684277 10.23277473 1.24536204
v -6.59670496 10.22927856 1.25097704
v -6.59656906 10.22606564 1.25671196
v -6.61882305 10.24038410 1.23515606
v -6.64023924 10.23655605 1.24191797
v -6.61851978 10.23635292 1.24049699
v -6.59723282 10.24345207 1.23093104
v -6.59713459 10.24059772 1.23453796
v -6.59708309 10.23916435 1.23631406
v -6.59698820 10.23655510 1.23988104
v -6.85929775 10.30786037 1.26010203
v -6.85843754 10.30189705 1.26382601
v -6.83755445 10.29161549 1.25826597
v -6.83646536 10.28606987 1.26237702
v -6.85741472 10.29610729 1.26774096
v -6.81383133 10.27151775 1.26247203
v -6.81244373 10.26661110 1.26710701
v -6.81509161 10.27664852 1.25798702
v -6.83523750 10.28070259 1.26665103
v -6.83386946 10.27554607 1.27109897
v -6.85624504 10.29053879 1.27181494
v -6.85493755 10.28516388 1.27606201
v -6.85346365 10.27998257 1.28045595
v -6.85185051 10.27502728 1.28500903
v -6.83238268 10.27063084 1.27569795
v -6.81093884 10.26194477 1.27189302
v -6.80932856 10.25753975 1.27682197
v -6.83075190 10.26594067 1.28042996
v -6.80760193 10.25336742 1.28188300
v -6.72345161 10.23428154 1.26651502
v -6.74250984 10.23328686 1.27741301
v -6.72215271 10.23102856 1.27212501
v -6.72079277 10.22804546 1.27783597
v -6.74095249 10.23028183 1.28307796
v -6.71937227 10.22534847 1.28364599
v -6.79210567 10.26299763 1.25927198
v -6.79073286 10.25835514 1.26410401
v -6.76882267 10.25081635 1.26208305
v -6.78925323 10.25397301 1.26907802
v -6.76738739 10.24668503 1.26724505
v -6.74678278 10.24396324 1.26106095
v -6.72469378 10.23781204 1.26101696
v -6.74542904 10.24011517 1.26638901
v -6.78767729 10.24983025 1.27419400
v -6.76587343 10.24282932 1.27253497
v -6.76426983 10.23925304 1.27793205
v -6.78599739 10.24594593 1.27943003
v -6.78421974 10.24233723 1.28477204
v -6.76258898 10.23594475 1.28344905
v -6.74399900 10.23655796 1.27184105
v -6.85011148 10.27032852 1.28969502
v -6.84823132 10.26585388 1.29450405
v -6.87413931 10.29000092 1.28618395
v -6.87257814 10.28481579 1.29054105
v -6.87086153 10.27982807 1.29503000
v -6.82899666 10.26149845 1.28530300
v -6.82712269 10.25730228 1.29030895
v -6.80575657 10.24944878 1.28706300
v -6.82512569 10.25335121 1.29542601
v -6.80380774 10.24581528 1.29235005
v -6.80176830 10.24244785 1.29774797
v -6.86697912 10.27057934 1.30441594
v -6.84620285 10.26161575 1.29944694
v -6.84405470 10.25762939 1.30449903
v -6.86481237 10.26631260 1.30929506
v -6.84177303 10.25392437 1.30965805
v -6.86898375 10.27507782 1.29966104
v -6.82300615 10.24967575 1.30064905
v -6.79961252 10.23935032 1.30323803
v -6.82078457 10.24627876 1.30598199
v -6.81845617 10.24314976 1.31139898
v -6.79736900 10.23654556 1.30881703
v -6.76082945 10.23291397 1.28906798
v -6.75899363 10.23017502 1.29477501
v -6.73931742 10.22756767 1.28884101
v -6.73762751 10.22515202 1.29467905
v -6.77835464 10.23316669 1.30143094
v -6.77623463 10.23069000 1.30714905
v -6.75708628 10.22773170 1.30055797
v -6.73587179 10.22302628 1.30059195
v -6.75509930 10.22557735 1.30640602
v -6.75305319 10.22372150 1.31232595
v -6.73405218 10.22120380 1.30657601
v -6.78235579 10.23900127 1.29023397
v -6.78039932 10.23594093 1.29578805
v -6.70267010 10.23241520 1.26195598
v -6.68167591 10.23095512 1.25817299
v -6.68075132 10.22772121 1.26384902
v -6.70155668 10.22917747 1.26760304
v -6.67979527 10.22477341 1.26964402
v -6.65979862 10.22669029 1.26088798
v -6.65904522 10.22375202 1.26670301
v -6.70039940 10.22620583 1.27335203
v -6.69917870 10.22352886 1.27920794
v -6.69793653 10.22116566 1.28514802
v -6.67880344 10.22212029 1.27552795
v -6.65827370 10.22110748 1.27261603
v -6.67777967 10.21976185 1.28149700
v -6.65746832 10.21876049 1.27861297
v -6.65664577 10.21671200 1.28469503
v -6.63872147 10.22606754 1.25870395
v -6.63817787 10.22313690 1.26453900
v -6.61722660 10.22293472 1.26316094
v -6.63761377 10.22049427 1.27047098
v -6.61688375 10.22029305 1.26910400
v -6.59650707 10.22472572 1.25932097
v -6.59643602 10.22314167 1.26256800
v -6.59637260 10.22186470 1.26537800
v -6.59630346 10.22048664 1.26852298
v -6.63704252 10.21815872 1.27649796
v -6.61653614 10.21795654 1.27514100
v -6.63645506 10.21612072 1.28259897
v -6.61619329 10.21592236 1.28126299
v -6.59618282 10.21816730 1.27456200
v -6.59612179 10.21707630 1.27779102
v -6.59606409 10.21611214 1.28068495
v -6.71789169 10.22295856 1.28953898
v -6.69663668 10.21908665 1.29115403
v -6.71637392 10.22086620 1.29550803
v -6.69530106 10.21730995 1.29724097
v -6.67672396 10.21770191 1.28754997
v -6.65579605 10.21496582 1.29084802
v -6.67562723 10.21594334 1.29367399
v -6.65493631 10.21353245 1.29704595
v -6.71479464 10.21906185 1.30153799
v -6.69393396 10.21585083 1.30337095
v -6.71316576 10.21758080 1.30762196
v -6.69252300 10.21469307 1.30954099
v -6.67451382 10.21449947 1.29984295
v -6.65404844 10.21240807 1.30330098
v -6.67335749 10.21336079 1.30605900
v -6.67218351 10.21253872 1.31230700
v -6.65314150 10.21159649 1.30957699
v -6.63585949 10.21437740 1.28877199
v -6.61583948 10.21418381 1.28744698
v -6.63524532 10.21295452 1.29499900
v -6.61548424 10.21275902 1.29368401
v -6.59594870 10.21437740 1.28688002
v -6.59583855 10.21295738 1.29312897
v -6.63462687 10.21183681 1.30127394
v -6.61512423 10.21164608 1.29997897
v -6.63398981 10.21103477 1.30757999
v -6.61476564 10.21084595 1.30629599
v -6.59573889 10.21183300 1.29941702
v -6.59564018 10.21103096 1.30574596
v -6.59558105 10.21071243 1.30999005
v -6.59554625 10.21054935 1.31210494
v -6.79940844 10.31430244 1.22361302
v -6.79962492 10.32063580 1.22064304
v -6.82058573 10.32436657 1.22869802
v -6.77828217 10.31733418 1.21337199
v -6.75659084 10.31446552 1.20690203
v -6.84088993 10.32215500 1.24046898
v -6.84111834 10.32850075 1.23750806
v -6.84050703 10.31572437 1.24363399
v -6.82035828 10.31802177 1.23165905
v -6.86096239 10.32669640 1.25003505
v -6.86120081 10.33305359 1.24708295
v -6.86056662 10.32026291 1.25320005
v -6.86000776 10.31398106 1.25655103
v -7.12166119 11.65883636 0.87863398
v -7.12166882 11.66525936 0.87582600
v -7.12459707 11.70844078 0.88148999
v -7.12283182 11.71513081 0.87919402
v -7.12726402 11.69498634 0.88637602
v -7.12608242 11.70172024 0.88388598
v -7.12902784 11.67483711 0.89435500
v -7.12902212 11.66841125 0.89717299
v -7.12873697 11.68152523 0.89161098
v -7.12815237 11.68824863 0.88894701
v -7.13094187 11.71806717 0.90008998
v -7.13542366 11.67813396 0.91595298
v -7.13454342 11.69794846 0.90768200
v -7.13364315 11.70467281 0.90507501
v -7.13244009 11.71137333 0.90254003
v -7.13513947 11.69123650 0.91037297
v -7.13543081 11.68455315 0.91313499
v -7.13905668 11.71448708 0.92398900
v -7.14057636 11.70110607 0.92935002
v -7.13996887 11.70779228 0.92663097
v -7.12076569 11.72181225 0.87700200
v -7.11583471 11.75717163 0.88740402
v -7.11235428 11.76339149 0.88565499
v -7.12705278 11.73135471 0.89546800
v -7.12466335 11.73792076 0.89329499
v -7.12200785 11.74440861 0.89122897
v -7.11905956 11.75084114 0.88926297
v -7.12913942 11.72472954 0.89773101
v -7.11371851 11.77884007 0.90204698
v -7.10967112 11.78474426 0.90038800
v -7.10033083 11.78138828 0.88112301
v -7.09583855 11.78710556 0.87985098
v -7.09110022 11.79268169 0.87870097
v -7.10859871 11.76953316 0.88402897
v -7.10457706 11.77553749 0.88251400
v -7.10537386 11.79051781 0.89885402
v -7.10082865 11.79615307 0.89741999
v -7.08614254 11.79808903 0.87768698
v -7.08097267 11.80331326 0.87679398
v -7.07558966 11.80836487 0.87603498
v -7.07001114 11.81322098 0.87541401
v -7.09102392 11.80693340 0.89492399
v -7.08580112 11.81206608 0.89386100
v -7.08034897 11.81701088 0.89291400
v -7.07471943 11.82174683 0.89209503
v -7.09602928 11.80164337 0.89611799
v -7.06890392 11.82628441 0.89140803
v -7.06289530 11.83061218 0.89083803
v -7.05670977 11.83472061 0.89040500
v -7.05038834 11.83859444 0.89010298
v -7.04392147 11.84223080 0.88992703
v -7.03732300 11.84563351 0.88988602
v -7.12998629 11.74753571 0.91187698
v -7.13238716 11.74102211 0.91412997
v -7.12728977 11.75398445 0.90971202
v -7.12105227 11.76660919 0.90567201
v -7.11752558 11.77278328 0.90380597
v -7.12430811 11.76035500 0.90764803
v -7.13632298 11.72782040 0.91890502
v -7.13450718 11.73444557 0.91647398
v -7.13784122 11.72116756 0.92140901
v -7.11385441 11.79406834 0.91843200
v -7.12176371 11.78227425 0.92211902
v -7.11794090 11.78823280 0.92022502
v -7.13162613 11.76366615 0.92837399
v -7.12862349 11.76996326 0.92619401
v -7.12533283 11.77617836 0.92411000
v -7.10951042 11.79977226 0.91674501
v -7.07858276 11.83037567 0.90893000
v -7.07270288 11.83480549 0.90804601
v -7.09504080 11.81589031 0.91232300
v -7.10490990 11.80531788 0.91515899
v -7.10009480 11.81068420 0.91368699
v -7.08975315 11.82091999 0.91107202
v -7.08426285 11.82575130 0.90994602
v -7.06665277 11.83900738 0.90727800
v -7.06043386 11.84298992 0.90662998
v -7.05404282 11.84674644 0.90611398
v -7.04751301 11.85025692 0.90571302
v -7.04084492 11.85352898 0.90544802
v -7.03406096 11.85654926 0.90531301
v -7.09284544 11.82985687 0.92841703
v -7.08732271 11.83457661 0.92710298
v -7.08160019 11.83909321 0.92589003
v -7.07567596 11.84340191 0.92479998
v -7.05689192 11.85497379 0.92223197
v -7.05031204 11.85835934 0.92161697
v -7.04361296 11.86149883 0.92112797
v -7.03677225 11.86438465 0.92075098
v -7.06958389 11.84748936 0.92382699
v -7.06331110 11.85135078 0.92297298
v -7.01959324 11.84414864 0.87523401
v -7.01273823 11.84691906 0.87581098
v -7.00579977 11.84943008 0.87652200
v -6.99878263 11.85167694 0.87736899
v -6.99171495 11.85365105 0.87834400
v -6.98459482 11.85535240 0.87944800
v -6.97744513 11.85677910 0.88068098
v -6.97053003 11.85788155 0.88202602
v -7.03059006 11.84878731 0.88997501
v -7.02375841 11.85168457 0.89019501
v -7.01681900 11.85432625 0.89054698
v -7.00981140 11.85670280 0.89102602
v -7.00271368 11.85881042 0.89163101
v -6.99556780 11.86064434 0.89236403
v -6.98837805 11.86220551 0.89322501
v -6.98115540 11.86349297 0.89421600
v -6.97415924 11.86446571 0.89532799
v -7.02717543 11.85931301 0.90530002
v -7.02018118 11.86181641 0.90541101
v -7.01309347 11.86405754 0.90565598
v -7.00595379 11.86602306 0.90601897
v -6.99874449 11.86771870 0.90651000
v -6.99148321 11.86914158 0.90713000
v -6.98419189 11.87028790 0.90787899
v -6.97714138 11.87112045 0.90873998
v -7.02982903 11.86701298 0.92050499
v -7.02279568 11.86938000 0.92038298
v -7.01566839 11.87148094 0.92038703
v -7.00846910 11.87331200 0.92051703
v -7.00121641 11.87486649 0.92076600
v -7.14087915 11.69441891 0.93212003
v -7.14087248 11.68799400 0.93494701
v -7.14442921 11.71774197 0.94575900
v -7.14503670 11.71106052 0.94849497
v -7.14533424 11.69797325 0.95411998
v -7.14534092 11.70438957 0.95128399
v -7.14882565 11.71445465 0.97058201
v -7.14881849 11.70804501 0.97342598
v -7.13677645 11.75081539 0.93297100
v -7.13433790 11.75728798 0.93062901
v -7.13891172 11.74427891 0.93539602
v -7.14074564 11.73770046 0.93788999
v -7.14350510 11.72441673 0.94307202
v -7.14227867 11.73107147 0.94044697
v -7.12866592 11.78583050 0.94268203
v -7.12507677 11.79184532 0.94056600
v -7.14418602 11.74766541 0.95700800
v -7.14233923 11.75420666 0.95445198
v -7.13774443 11.76712036 0.94952399
v -7.13500357 11.77344704 0.94716102
v -7.13197994 11.77968502 0.94488198
v -7.14019585 11.76069355 0.95195597
v -7.11273098 11.80909920 0.93476200
v -7.12122679 11.79773521 0.93853801
v -7.11710072 11.80349445 0.93660200
v -7.12357569 11.80730629 0.95694900
v -7.11943913 11.81297874 0.95486897
v -7.11504078 11.81850338 0.95287800
v -7.11039639 11.82385921 0.95097899
v -7.10810804 11.81455135 0.93302399
v -7.10325289 11.81982613 0.93138099
v -7.09816456 11.82493401 0.92984802
v -7.08374786 11.84787846 0.94294101
v -7.07780218 11.85206509 0.94164503
v -7.07167578 11.85603237 0.94046497
v -7.03871346 11.87228394 0.93628001
v -7.03173065 11.87477684 0.93580198
v -7.06537867 11.85976887 0.93939698
v -7.05892658 11.86326790 0.93844199
v -7.05232096 11.86652470 0.93760198
v -7.04557323 11.86953259 0.93688101
v -7.10551119 11.82904720 0.94917500
v -7.10039091 11.83404922 0.94746202
v -7.09505844 11.83885956 0.94585299
v -7.08950424 11.84347248 0.94434202
v -7.06661749 11.86824036 0.95587599
v -7.06014299 11.87161160 0.95470601
v -7.05352116 11.87473583 0.95364302
v -7.14852190 11.72113037 0.96778399
v -7.14696741 11.73445702 0.96229798
v -7.14572954 11.74107552 0.95962799
v -7.14790154 11.72780514 0.96502101
v -7.13438320 11.78948212 0.96366900
v -7.13104916 11.79555607 0.96135300
v -7.14017391 11.77702522 0.96850801
v -7.13742304 11.78329754 0.96605599
v -7.14945316 11.74456024 0.98162198
v -7.14666176 11.75770092 0.97622502
v -7.14820623 11.75114918 0.97890699
v -7.14479637 11.76422787 0.97360599
v -7.14263296 11.77066708 0.97102898
v -7.12745047 11.80149460 0.95911098
v -7.11177397 11.83321953 0.96899599
v -7.12083006 11.82253456 0.97320002
v -7.11642933 11.82795715 0.97105700
v -7.12499571 11.81693649 0.97542202
v -7.13247919 11.80533886 0.98008603
v -7.13582468 11.79933453 0.98251897
v -7.12887812 11.81119061 0.97771901
v -7.09638357 11.84791660 0.96334201
v -7.09082460 11.85241508 0.96164298
v -7.08505106 11.85670948 0.96004599
v -7.07908201 11.86078167 0.95855302
v -7.07294369 11.86462402 0.95715898
v -7.10687542 11.83831120 0.96702200
v -7.10173702 11.84321785 0.96513999
v -7.07335520 11.87319565 0.97387999
v -7.08194256 11.86785889 0.97614002
v -7.08548260 11.86550236 0.97717798
v -7.07951784 11.86946106 0.97548002
v -7.10476065 11.84992981 0.98386598
v -7.09938240 11.85474682 0.98179299
v -7.10219526 11.85232162 0.98283601
v -7.09682369 11.85693264 0.98085999
v -7.09377670 11.85934639 0.97981101
v -7.09123802 11.86133862 0.97897297
v -7.15131664 11.71821404 0.99283099
v -7.15101004 11.73126602 0.98717099
v -7.15038967 11.73791981 0.98438102
v -7.15131330 11.72461987 0.98998600
v -7.14164209 11.78699017 0.98756301
v -7.13887501 11.79321575 0.98501301
v -7.14409971 11.78068066 0.99016500
v -7.14627457 11.77429295 0.99282300
v -7.14814091 11.76780701 0.99551302
v -7.15094471 11.75471592 1.00100803
v -7.15188122 11.74809456 1.00380301
v -7.15281439 11.73482990 1.00946200
v -7.15250015 11.74147320 1.00662005
v -7.14969397 11.76129055 0.99824899
v -7.14213085 11.79686642 1.00664496
v -7.14458752 11.79063511 1.00933599
v -7.11942530 11.83430004 0.99060100
v -7.13168621 11.81710815 0.99801499
v -7.12934923 11.82084465 0.99635398
v -7.12377787 11.82874775 0.99300301
v -7.12546444 11.82650280 0.99392301
v -7.12130213 11.83201599 0.99155802
v -7.11223030 11.84253025 0.98704100
v -7.11689281 11.83736229 0.98926198
v -7.13631630 11.80908966 1.00139499
v -7.13520002 11.81109142 1.00061595
v -7.13296461 11.81504154 0.99884599
v -7.13935566 11.80305386 1.00399601
v -7.13842583 11.80491447 1.00327396
v -7.14134645 11.79863930 1.00598300
v -7.10731030 11.84753704 0.98489702
v -7.15280771 11.72841454 1.01230597
v -7.14991140 11.77253246 1.01723003
v -7.15019512 11.77130413 1.01761699
v -7.14863205 11.77783394 1.01482701
v -7.15144587 11.76474762 1.02042997
v -7.15124846 11.76583958 1.02011704
v -7.15238190 11.75821304 1.02326000
v -7.14676762 11.78427219 1.01206505
v -7.15300322 11.75157833 1.02610397
v -7.15331030 11.73857403 1.03180897
v -7.15330839 11.74487782 1.02895498
v -7.15328836 11.74549580 1.02887595
v -6.99390697 11.87614822 0.92114401
v -6.98656797 11.87714481 0.92163402
v -6.97947550 11.87784672 0.92226201
v -7.04676199 11.87760639 0.95268899
v -7.03988028 11.88022423 0.95185500
v -7.03288555 11.88258171 0.95114398
v -7.05392885 11.88292694 0.96970201
v -7.03491831 11.88986015 0.96669102
v -7.03325176 11.89038467 0.96650600
v -7.04715347 11.88567448 0.96852499
v -7.04026222 11.88816071 0.96745902
v -7.06703043 11.87668324 0.97238201
v -7.06271362 11.87885284 0.97141403
v -7.06054926 11.87993145 0.97098899
v -7.02466583 11.87700176 0.93543798
v -7.01750326 11.87896347 0.93519998
v -7.01026917 11.88065434 0.93508798
v -7.00298071 11.88206387 0.93508703
v -6.99563742 11.88320446 0.93522298
v -6.98826313 11.88405991 0.93547100
v -6.98114395 11.88462162 0.93584901
v -7.01860714 11.88648796 0.95005900
v -7.01134920 11.88803864 0.94970602
v -7.00404024 11.88930702 0.94946402
v -6.99668407 11.89030170 0.94934899
v -7.02579212 11.88466835 0.95053899
v -6.98928642 11.89101601 0.94935602
v -6.98213387 11.89143372 0.94947398
v -7.00437403 11.89656448 0.96385998
v -6.99702215 11.89741611 0.96349502
v -7.02616453 11.89233685 0.96566898
v -7.01896954 11.89402008 0.96494699
v -7.01171207 11.89542961 0.96434402
v -7.00542164 11.89640522 0.96390003
v -6.98962498 11.89798927 0.96325099
v -6.98247623 11.89827347 0.96312797
v -6.93010187 10.31227112 1.31660795
v -6.92845249 10.30678558 1.32067394
v -6.92660856 10.30149746 1.32486701
v -6.88290787 10.27137756 1.31981695
v -6.88045740 10.26731586 1.32472503
v -6.90724611 10.29052544 1.31714904
v -6.90918446 10.29557514 1.31276000
v -6.88520432 10.27568054 1.31501102
v -6.90515661 10.28573132 1.32165396
v -6.92457914 10.29643059 1.32919300
v -6.94341946 10.30778503 1.33761203
v -6.92237949 10.29158592 1.33362496
v -6.91999626 10.28696632 1.33817101
v -6.87786627 10.26352882 1.32972002
v -6.89786720 10.27269077 1.33582199
v -6.87514353 10.26000118 1.33480799
v -6.90290308 10.28115845 1.32627201
v -6.90046310 10.27680111 1.33099699
v -6.95735407 10.30925369 1.35514104
v -6.95493269 10.30430508 1.35942805
v -6.94129324 10.30267143 1.34186602
v -6.93897963 10.29778862 1.34622502
v -6.91744566 10.28257847 1.34282303
v -6.93649197 10.29312611 1.35069001
v -6.91471386 10.27842140 1.34755802
v -6.89512253 10.26885605 1.34073603
v -6.89223862 10.26528263 1.34573305
v -6.88919973 10.26196194 1.35079598
v -6.91182566 10.27453518 1.35238099
v -6.93380404 10.28868103 1.35526001
v -6.93094683 10.28448200 1.35991395
v -6.95232582 10.29961681 1.36381996
v -6.92791414 10.28054714 1.36463702
v -6.90877247 10.27089882 1.35727894
v -6.88602018 10.25891495 1.35592902
v -6.90557003 10.26753044 1.36224997
v -6.87927485 10.25367069 1.36633801
v -6.88270998 10.25615406 1.36110902
v -6.97021294 10.31117439 1.37321305
v -6.96750307 10.30641747 1.37750602
v -6.96458292 10.30187130 1.38189602
v -6.96146202 10.29755974 1.38635099
v -6.95817137 10.29351521 1.39087498
v -6.92136669 10.27342510 1.37428999
v -6.91784668 10.27025890 1.37920499
v -6.94652843 10.29086018 1.37285399
v -6.94953728 10.29512405 1.36829102
v -6.92472696 10.27686501 1.36943495
v -6.94337463 10.28688240 1.37747800
v -6.90222979 10.26442814 1.36727500
v -6.89873409 10.26160526 1.37234604
v -6.87570143 10.25147247 1.37160897
v -6.89512014 10.25906277 1.37745702
v -6.91418648 10.26737309 1.38415897
v -6.94004631 10.28313828 1.38216698
v -6.93653107 10.27963448 1.38691294
v -6.93285275 10.27640724 1.39171100
v -6.89135456 10.25679493 1.38260198
v -6.91038418 10.26476383 1.38915205
v -6.90644169 10.26243019 1.39417005
v -6.88349342 10.25315475 1.39293802
v -6.88747549 10.25483036 1.38776398
v -6.97893810 10.30893517 1.39603996
v -6.97571278 10.30456638 1.40039504
v -6.95470858 10.28971577 1.39545596
v -6.97228813 10.30044842 1.40480196
v -6.98922348 10.31184578 1.41495097
v -6.96489239 10.29295540 1.41378605
v -6.96868706 10.29657745 1.40927505
v -6.98568535 10.30767155 1.41925001
v -6.96092033 10.28958225 1.41832197
v -6.92505169 10.27077103 1.40140498
v -6.92093372 10.26836395 1.40628695
v -6.95105696 10.28614998 1.40008497
v -6.92902994 10.27345085 1.39653802
v -6.94722033 10.28284836 1.40475595
v -6.90237236 10.26039028 1.39919603
v -6.89830256 10.25868607 1.40423405
v -6.91667080 10.26624584 1.41117799
v -6.94323683 10.27982426 1.40945697
v -6.93909502 10.27706909 1.41418803
v -6.93480444 10.27458763 1.41893494
v -6.91239405 10.26445484 1.41608000
v -6.96990204 10.36831188 1.31913805
v -6.96913815 10.35546398 1.32517195
v -6.96841908 10.34914970 1.32843304
v -6.96748686 10.34293842 1.33183897
v -6.96494913 10.33098412 1.33909702
v -6.96632099 10.33687878 1.33539903
v -6.98495483 10.36256599 1.33939195
v -6.98574257 10.37539101 1.33336604
v -6.95192242 10.34239006 1.31482399
v -6.95102453 10.33620262 1.31825697
v -6.93155384 10.31793880 1.31269705
v -6.94990635 10.33015919 1.32184505
v -6.94859219 10.32428265 1.32558703
v -6.94706345 10.31859970 1.32946205
v -6.94534683 10.31309986 1.33347297
v -7.00083923 10.38283539 1.34817803
v -6.98324680 10.35001373 1.34601295
v -6.96335745 10.32527065 1.34292603
v -6.98204708 10.34393406 1.34953797
v -6.98061371 10.33800697 1.35318995
v -6.96156120 10.31974030 1.34688306
v -6.95955896 10.31440735 1.35095894
v -6.98421144 10.35623169 1.34263396
v -6.99702358 10.35128975 1.36424100
v -7.00003862 10.36997318 1.35417700
v -6.99927187 10.36362267 1.35740101
v -7.01517582 10.39054394 1.36351895
v -6.99827051 10.35739040 1.36075306
v -6.97896290 10.33227158 1.35697401
v -6.97709560 10.32670593 1.36086798
v -6.97500896 10.32132339 1.36488104
v -7.03867769 10.38129902 1.40808296
v -7.03976059 10.38758373 1.40481198
v -7.03570938 10.36911488 1.41492605
v -7.03732443 10.37513256 1.41145396
v -7.03385353 10.36326313 1.41848505
v -7.04144335 10.40683651 1.39570606
v -7.04114676 10.40046883 1.39862204
v -7.04058695 10.39397621 1.40165997
v -7.05331564 10.41539288 1.41249001
v -7.05244684 10.40250111 1.41842604
v -7.05302906 10.40901566 1.41540599
v -7.05160904 10.39609909 1.42156005
v -6.99555254 10.34536743 1.36785698
v -6.99385452 10.33959675 1.37157798
v -7.01435661 10.37769318 1.36950803
v -7.01356506 10.37132359 1.37270606
v -7.01253128 10.36508369 1.37602997
v -7.01126003 10.35896873 1.37948298
v -6.97271347 10.31613827 1.36899900
v -6.98974895 10.32855892 1.37936699
v -6.99191236 10.33398247 1.37541795
v -7.00797033 10.34719372 1.38671994
v -7.00597715 10.34157372 1.39050603
v -7.00374365 10.33610249 1.39437497
v -7.02787495 10.38569260 1.38534200
v -7.00973558 10.35299683 1.38305295
v -7.02707148 10.37932110 1.38852096
v -7.02601242 10.37305641 1.39181900
v -6.98736382 10.32333851 1.38341296
v -6.98476934 10.31832600 1.38753796
v -6.98195648 10.31352329 1.39174902
v -7.02871847 10.39855385 1.37937105
v -7.00126553 10.33082199 1.39834797
v -7.01925802 10.34942532 1.40608799
v -6.99858284 10.32577324 1.40239096
v -6.99568033 10.32092285 1.40650403
v -7.02469635 10.36691380 1.39522600
v -7.02312756 10.36092186 1.39875197
v -7.02131462 10.35509396 1.40236497
v -7.01696157 10.34393024 1.40989304
v -7.01441574 10.33860683 1.41377699
v -6.99256659 10.31627750 1.41070402
v -7.00864220 10.32858658 1.42176104
v -7.01163864 10.33348560 1.41772997
v -6.98196268 10.30373764 1.42359698
v -6.97804308 10.30003929 1.42798102
v -6.95678186 10.28648472 1.42289698
v -6.97392988 10.29659271 1.43239105
v -6.99450111 10.31115723 1.43839395
v -6.96520758 10.29050159 1.44126403
v -6.96965456 10.29341793 1.43682206
v -6.99045420 10.30738258 1.44264400
v -6.98620796 10.30385590 1.44691801
v -6.96069527 10.28791237 1.44572198
v -6.93049526 10.27244759 1.42368102
v -6.95249224 10.28365231 1.42748296
v -6.94802618 10.28108501 1.43208599
v -6.99775457 10.31137657 1.46189404
v -6.98179293 10.30060482 1.45121300
v -6.97729445 10.29766178 1.45551097
v -6.99321842 10.30804539 1.46603596
v -7.03173637 10.35754585 1.42213500
v -7.05049372 10.38980579 1.42479503
v -7.04911804 10.38362217 1.42812097
v -7.04746294 10.37756252 1.43154800
v -7.04555941 10.37167740 1.43505299
v -7.04338932 10.36593246 1.43863106
v -7.04097080 10.36034775 1.44229305
v -7.05835867 10.38625145 1.44858205
v -7.03828812 10.35493374 1.44601405
v -7.06433678 10.42417240 1.42969501
v -7.06404209 10.41779709 1.43260205
v -7.07445717 10.43317509 1.44727600
v -7.06259489 10.40485668 1.43871999
v -7.06145477 10.39853668 1.44191897
v -7.06345749 10.41127872 1.43561304
v -7.06004715 10.39233589 1.44520903
v -7.03536940 10.34972668 1.44978702
v -7.03221798 10.34470940 1.45361197
v -7.05641127 10.38033676 1.45202398
v -7.05420160 10.37454891 1.45553899
v -7.05171251 10.36891270 1.45912004
v -7.04897547 10.36346054 1.46275103
v -7.03928804 10.34823418 1.47392797
v -7.06638527 10.38920403 1.46938002
v -7.04599142 10.35819149 1.46643400
v -7.06413507 10.38338661 1.47282398
v -7.06160164 10.37771034 1.47632301
v -7.04275894 10.35311604 1.47016001
v -7.07416105 10.42680168 1.45018303
v -7.07356739 10.42028141 1.45317602
v -7.07153845 10.40749836 1.45942795
v -7.07269382 10.41384888 1.45625603
v -7.07009649 10.40127277 1.46267295
v -7.08278275 10.42949581 1.47109699
v -7.08189726 10.42303848 1.47414994
v -7.08368254 10.44238091 1.46521497
v -7.08337593 10.43601036 1.46811295
v -7.06838322 10.39516258 1.46600103
v -7.00542927 10.32388973 1.42585301
v -7.02676821 10.34664822 1.42967105
v -7.02390909 10.34147835 1.43354297
v -7.00198364 10.31940079 1.42999196
v -6.99834251 10.31516457 1.43417394
v -7.02937126 10.35201645 1.42586899
v -7.01751995 10.33176327 1.44145894
v -7.02082968 10.33652020 1.43746698
v -7.01398277 10.32721138 1.44548202
v -7.01023579 10.32290554 1.44954598
v -7.00628757 10.31882668 1.45363998
v -7.02882242 10.33988476 1.45749605
v -7.02518702 10.33526134 1.46140206
v -7.00211239 10.31497383 1.45775497
v -7.02133179 10.33088207 1.46534002
v -7.01728153 10.32673359 1.46930802
v -7.01300526 10.32280922 1.47328806
v -7.03557491 10.34354877 1.47771597
v -7.03163290 10.33909225 1.48152900
v -7.05881214 10.37220287 1.47987401
v -7.05575657 10.36687183 1.48345804
v -7.05246019 10.36174488 1.48707604
v -7.07061243 10.38671589 1.49387598
v -7.04110336 10.34751797 1.49808502
v -7.03687286 10.34321880 1.50177503
v -7.04891682 10.35679340 1.49072695
v -7.04511833 10.35203648 1.49439800
v -7.06775951 10.38114071 1.49732804
v -7.06464577 10.37575340 1.50081301
v -7.08071804 10.41666222 1.47728598
v -7.07925272 10.41042042 1.48049498
v -7.07751179 10.40429211 1.48376000
v -7.07548094 10.39827251 1.48707700
v -7.09167910 10.44541550 1.48636496
v -7.09107304 10.43886566 1.48932195
v -7.09198618 10.45178413 1.48346806
v -7.07317400 10.39241791 1.49045706
v -7.08897924 10.42603683 1.49546695
v -7.08748817 10.41975403 1.49862194
v -7.08572102 10.41359234 1.50184202
v -7.09016609 10.43240738 1.49236703
v -7.09934616 10.46136856 1.50200605
v -7.07580757 10.39026546 1.51509500
v -7.06128740 10.37056446 1.50433195
v -7.05767632 10.36555004 1.50786602
v -7.05381632 10.36073112 1.51141202
v -7.04973078 10.35613632 1.51496398
v -7.07265472 10.38483524 1.51848197
v -7.06924629 10.37957573 1.52188396
v -7.06162119 10.36957455 1.52873003
v -7.06556940 10.37448883 1.52531099
v -7.08365822 10.40754318 1.50509501
v -7.08131218 10.40163898 1.50839496
v -7.09479952 10.42926121 1.51703501
v -7.07870340 10.39588451 1.51173306
v -7.09842205 10.44844055 1.50784302
v -7.09903812 10.45498466 1.50489402
v -7.09630156 10.43556309 1.51392400
v -7.09751225 10.44195938 1.51085103
v -7.09299612 10.42305660 1.52019203
v -7.09091616 10.41698933 1.52338302
v -7.08588409 10.40522385 1.52986801
v -7.08854008 10.41102791 1.52661097
v -7.10544109 10.46471691 1.52367401
v -7.10482454 10.45816040 1.52660501
v -7.10390377 10.45166016 1.52958596
v -7.10574913 10.47109413 1.52078605
v -7.00854111 10.31913471 1.47727394
v -7.02311850 10.33087158 1.48919797
v -7.02747631 10.33486462 1.48536205
v -6.80810070 10.23349667 1.33376801
v -6.80529642 10.23182964 1.33948398
v -6.86251593 10.26229477 1.31427503
v -6.83937359 10.25048351 1.31491005
v -6.86007357 10.25854778 1.31935203
v -6.85750771 10.25506020 1.32452202
v -6.83685827 10.24731350 1.32025397
v -6.81601191 10.24029922 1.31689596
v -6.83423042 10.24442196 1.32566905
v -6.81347227 10.23774147 1.32245898
v -6.85481071 10.25184059 1.32978404
v -6.85198545 10.24890137 1.33510697
v -6.83148956 10.24181938 1.33114898
v -6.81083298 10.23547363 1.32808697
v -6.82864618 10.23950863 1.33668602
v -6.79504108 10.23403358 1.31446195
v -6.77402830 10.22850418 1.31293297
v -6.77174711 10.22661018 1.31877899
v -6.79262447 10.23180962 1.32017195
v -6.79011488 10.22987556 1.32593596
v -6.76939535 10.22503281 1.32466900
v -6.75093794 10.22217751 1.31827998
v -6.73219061 10.21969128 1.31259501
v -6.73027515 10.21848392 1.31866205
v -6.74878073 10.22093868 1.32428300
v -6.72830534 10.21758747 1.32475102
v -6.78752565 10.22824955 1.33173394
v -6.76698542 10.22375298 1.33058906
v -6.78486633 10.22693062 1.33758104
v -6.76450920 10.22278309 1.33653104
v -6.74655294 10.22000504 1.33029795
v -6.72629213 10.21700764 1.33086205
v -6.74426746 10.21939182 1.33634400
v -6.72435617 10.21674156 1.33697605
v -6.80240107 10.23045731 1.34523106
v -6.79942751 10.22939873 1.35099804
v -6.81953335 10.23433590 1.35353804
v -6.81631136 10.23321819 1.35919595
v -6.81315470 10.23243713 1.36486697
v -6.86926413 10.25373459 1.34520304
v -6.87227392 10.25673103 1.33996999
v -6.84905148 10.24625301 1.34049702
v -6.84600878 10.24388790 1.34593403
v -6.86612892 10.25103188 1.35049200
v -6.84285212 10.24180698 1.35142398
v -6.82570028 10.23747635 1.34226704
v -6.82265806 10.23575878 1.34789205
v -6.86288929 10.24861336 1.35582995
v -6.83959150 10.24003315 1.35693896
v -6.85952997 10.24647713 1.36121094
v -6.85605907 10.24464035 1.36660802
v -6.83624220 10.23855019 1.36247599
v -6.78214216 10.22591496 1.34343100
v -6.76198053 10.22213268 1.34249401
v -6.77940607 10.22522449 1.34930301
v -6.74190569 10.21906662 1.34238505
v -6.79649353 10.22866821 1.35677004
v -6.71151161 10.21640110 1.31374502
v -6.69108915 10.21384811 1.31574202
v -6.70980072 10.21553516 1.31989896
v -6.70806217 10.21498299 1.32606602
v -6.68962002 10.21332455 1.32197297
v -6.67099428 10.21202755 1.31856799
v -6.65222025 10.21110535 1.31588495
v -6.66981649 10.21183109 1.32484996
v -6.65131903 10.21091938 1.32219696
v -6.70636368 10.21474838 1.33225405
v -6.68818283 10.21311092 1.32820904
v -6.63334799 10.21054840 1.31390703
v -6.61440372 10.21036339 1.31264400
v -6.61404371 10.21019173 1.31900597
v -6.63271570 10.21037197 1.32024801
v -6.59549189 10.21042061 1.31652296
v -6.59546566 10.21037197 1.31846905
v -6.85248899 10.24309921 1.37203598
v -6.87202501 10.24957466 1.37688899
v -6.84889650 10.24188423 1.37746704
v -6.83279085 10.23737717 1.36802495
v -6.86824369 10.24796963 1.38219905
v -6.86450243 10.24670792 1.38750303
v -7.11025953 10.46799850 1.54558098
v -7.07630444 10.38876724 1.53971398
v -7.07260799 10.38363838 1.54301500
v -7.08295727 10.39956093 1.53313994
v -7.07975006 10.39406204 1.53642797
v -7.09722376 10.42656994 1.54191995
v -7.10267925 10.44523811 1.53262305
v -7.10115767 10.43892002 1.53568900
v -7.09934044 10.43268013 1.53879201
v -7.09213352 10.41471386 1.54824400
v -7.09482908 10.42057896 1.54507697
v -7.08918047 10.40901947 1.55142701
v -7.08590651 10.40340424 1.55460703
v -7.10932827 10.46149540 1.54853594
v -7.10809422 10.45505810 1.55153704
v -7.10655785 10.44870567 1.55455804
v -7.10472107 10.44244480 1.55760705
v -7.11254263 10.46498775 1.57061994
v -7.11099577 10.45861244 1.57359600
v -7.09745741 10.42435360 1.56682599
v -7.10259151 10.43629265 1.56066298
v -7.10016537 10.43025970 1.56373894
v -7.10914469 10.45231438 1.57659197
v -7.10700130 10.44615173 1.57958496
v -7.11119795 10.48096275 1.53978002
v -7.11088943 10.47456932 1.54265904
v -7.11535168 10.48455429 1.56182301
v -7.11472130 10.47797680 1.56472695
v -7.11566019 10.49094868 1.55895305
v -7.11378908 10.47145557 1.56766403
v -7.11914396 10.50102425 1.57825899
v -7.11820650 10.48803997 1.58401597
v -7.11883640 10.49462986 1.58112097
v -7.11256409 10.46221638 1.59571099
v -7.11445141 10.46863842 1.59277701
v -7.11726141 10.48149109 1.58692503
v -7.11600304 10.47500610 1.58984601
v -7.12164164 10.51116467 1.59766400
v -7.12132311 10.50477123 1.60052502
v -7.11975336 10.49165821 1.60628498
v -7.12069511 10.49818993 1.60340202
v -7.11847210 10.48502636 1.60916996
v -7.12128353 10.50203419 1.62570703
v -7.12282562 10.51501560 1.62000096
v -7.12313366 10.52139378 1.61714005
v -7.12217474 10.50828838 1.62285101
v -7.12363434 10.53146553 1.63664198
v -6.35331154 16.87171555 0.50000000
v -6.35331154 19.84347916 0.50000000
v -6.35331154 19.96339607 0.50000000
v -6.35331154 19.96646118 0.50000000
v -5.65792418 18.64608955 0.54580098
v -5.64309692 18.67075348 0.54126298
v -5.62582731 18.68014908 0.53789097
v -5.94311333 18.42225838 0.63781500
v -5.96370745 18.39452362 0.64863402
v -5.79286337 18.57433128 0.57878602
v -5.80966854 18.55991936 0.58410698
v -5.80578184 18.56343460 0.58284700
v -5.82593679 18.54602623 0.58960998
v -5.83214855 18.54089165 0.59161198
v -5.84342957 18.53300476 0.59525901
v -5.85742807 18.51750374 0.60071599
v -5.77533388 18.58769798 0.57356501
v -5.77839518 18.58508492 0.57442898
v -5.72057152 18.62566757 0.55866897
v -5.70462751 18.63584900 0.55478299
v -5.74996805 18.60587502 0.56636602
v -5.75915051 18.60253334 0.56854802
v -5.74019766 18.61388588 0.56367803
v -5.69469023 18.62306023 0.55437201
v -5.68395758 18.64786530 0.55001599
v -5.69329786 18.64236450 0.55219400
v -5.67420769 18.65385628 0.54779500
v -5.87369633 18.50148964 0.60692298
v -5.88841391 18.48579788 0.61302900
v -5.90373755 18.47039604 0.61921000
v -5.92125177 18.44935989 0.62725103
v -5.89809942 18.47578812 0.61695200
v -5.47621298 18.72124672 0.51587403
v -5.47752619 18.73795509 0.51548499
v -5.57893419 18.70108986 0.52957797
v -5.56687593 18.71408272 0.52736098
v -5.61133099 18.68648720 0.53518999
v -5.60595417 18.69082260 0.53417802
v -5.51789141 18.70742798 0.52125502
v -5.54585838 18.71450806 0.52442503
v -5.51206923 18.72679710 0.51972401
v -5.44226122 18.74770737 0.51171398
v -5.43344259 18.73199844 0.51127702
v -5.45478773 18.72656822 0.51352799
v -5.03907919 18.74685287 0.50546700
v -6.09831572 18.09803963 0.76451898
v -6.09663296 18.10090828 0.76326400
v -6.10892200 18.03480339 0.78906798
v -6.10347986 18.06795120 0.77612799
v -6.10524845 18.05648804 0.78056598
v -6.11291122 18.00152206 0.80208302
v -6.11443186 17.98459816 0.80862498
v -6.11498070 17.97341537 0.81297898
v -6.11638165 17.95045090 0.82197601
v -6.11650181 17.93178940 0.82927197
v -6.11680126 17.91649818 0.83522701
v -6.11650848 17.91062546 0.83742601
v -6.11440468 17.86893082 0.85371399
v -6.11565351 17.88280678 0.84838700
v -6.11295033 17.84915924 0.86147702
v -6.10885525 17.81572723 0.87449598
v -6.03358269 18.27771568 0.69425398
v -6.02009964 18.26774979 0.69489700
v -6.05272532 18.23838234 0.70991999
v -6.04451227 18.25749207 0.70237303
v -6.04112864 18.26195526 0.70035201
v -6.01802158 18.30772209 0.68251097
v -5.97977638 18.34087563 0.66594303
v -6.00127649 18.30497742 0.68023801
v -6.00117159 18.33724976 0.67098600
v -5.98307180 18.36618423 0.65969402
v -6.02675915 18.29658699 0.68754101
v -6.06767511 18.19836044 0.72521502
v -6.07432032 18.17851448 0.73297602
v -6.07873297 18.16612434 0.73780000
v -6.05512762 18.23031616 0.71273297
v -6.08167648 18.15878105 0.74078202
v -6.08839941 18.13363838 0.75048298
v -5.42401075 18.75231361 0.50999498
v -5.35335827 18.76646805 0.50462198
v -5.34949112 18.76721382 0.50442100
v -5.32774973 18.77129745 0.50322098
v -5.31761265 18.77163696 0.50269401
v -5.38883018 18.76003265 0.50705302
v -5.37254047 18.76830864 0.50588500
v -5.30344105 18.75702858 0.50220102
v -5.28167963 18.77548981 0.50128102
v -5.25916338 18.75841522 0.50074703
v -5.23708868 18.75953484 0.50029802
v -5.24556446 18.77798462 0.50037801
v -5.21561337 18.78162766 0.50006300
v -5.20930386 18.77898216 0.50000000
v -5.19275236 18.77861023 0.50006700
v -5.17269993 18.77853966 0.50015098
v -5.14791870 18.77717209 0.50061297
v -5.13590622 18.77668953 0.50083703
v -5.11766958 18.77523232 0.50137198
v -5.08183908 18.77152252 0.50282198
v -5.04612446 18.76644135 0.50477701
v -5.05824709 18.76967621 0.50410599
v -5.01401997 18.76254845 0.50700003
v -5.01061869 18.76004601 0.50724101
v -5.23834181 18.88383865 0.73259503
v -5.98790503 17.49297714 1.00045896
v -5.98241520 17.48408699 1.00391102
v -5.97638035 17.47489357 1.00743496
v -5.95781183 17.47149467 1.01088297
v -5.96301794 17.45584297 1.01497996
v -5.95210218 17.44100380 1.02074599
v -5.93082619 17.41371155 1.03145397
v -5.92498541 17.40630722 1.03425205
v -5.86085272 17.33745956 1.06132603
v -5.85248470 17.32714653 1.06501496
v -5.83570290 17.31399345 1.07053304
v -5.82447672 17.32130623 1.07080197
v -5.81841660 17.29895020 1.07641304
v -5.79075527 17.27634621 1.08529103
v -5.79426146 17.29118919 1.08182001
v -5.91096020 17.39027023 1.04068196
v -5.90844488 17.38731956 1.04178500
v -5.88515043 17.36191368 1.05174398
v -5.89626741 17.37417412 1.04694104
v -5.88137722 17.35826683 1.05312300
v -5.76227045 17.25492668 1.09369898
v -5.64152765 17.18111038 1.12270606
v -5.71259165 17.22173882 1.10676801
v -5.73308563 17.23470497 1.10163903
v -5.70320892 17.21567154 1.10911798
v -5.67267942 17.19780731 1.11614001
v -5.64831161 17.19825554 1.11977196
v -5.62900972 17.18826485 1.12379098
v -5.60969067 17.17832184 1.12760997
v -5.60975885 17.16556740 1.12881601
v -5.59574842 17.15947723 1.13123596
v -5.57739973 17.15126991 1.13446498
v -5.56047869 17.14431953 1.13717604
v -5.55051708 17.15024376 1.13800299
v -5.53489780 17.13353157 1.14109194
v -5.52641296 17.13149261 1.14224195
v -5.49202728 17.12001228 1.14676905
v -5.44893694 17.10784721 1.15158904
v -5.42241335 17.10104942 1.15425098
v -5.40560484 17.09755707 1.15566504
v -5.45735645 17.10988426 1.15076697
v -5.42425728 17.11230850 1.15374398
v -5.38722658 17.09354973 1.15722096
v -5.38350773 17.09300613 1.15746200
v -5.35179901 17.08736038 1.15968502
v -5.33990240 17.08390427 1.16035700
v -5.31618214 17.08245277 1.16164005
v -5.29523516 17.07969666 1.16249597
v -5.28043509 17.07885361 1.16308999
v -5.26228094 17.07751274 1.16362500
v -5.25038338 17.07561111 1.16384900
v -5.22561598 17.07582855 1.16431105
v -5.20561790 17.07261658 1.16439497
v -5.18915176 17.07551956 1.16446197
v -5.18284416 17.07408333 1.16439998
v -5.08109522 17.08261299 1.16176796
v -5.15293550 17.07654953 1.16408503
v -5.11691332 17.07892990 1.16318500
v -5.07124758 17.08407021 1.16124105
v -5.04546642 17.08755684 1.15984404
v -5.05090284 17.09490204 1.16004097
v -5.02943659 17.10055923 1.15857697
v -5.01008177 17.09388161 1.15740895
v -6.35331154 17.31666946 1.47376394
v -6.35331154 17.48218346 1.44651473
v -6.35331154 17.05481339 1.71799719
v -6.35331154 17.05439568 1.71838558
v -6.35331154 17.05222511 1.72040975
v -6.35331154 17.05169487 1.72090471
v -6.35331154 17.05138016 1.72119761
v -6.35331154 17.04829597 1.72407484
v -6.35331154 17.04573059 1.72646797
v -6.35331154 17.04256630 1.72942007
v -6.35331154 17.03975296 1.73204362
v -6.35331154 17.03763390 1.73402023
v -5.97742128 17.47506523 1.44768667
v -5.97852612 17.47669792 1.44741797
v -5.99128151 17.49678802 1.44642329
v -5.98213005 17.48218346 1.44651473
v -5.98350048 17.48426819 1.44650161
v -5.98674393 17.48945045 1.44646919
v -5.96407604 17.45597649 1.45082951
v -5.96598768 17.45877457 1.45036852
v -5.96639109 17.45935059 1.45027387
v -5.95313883 17.44109726 1.45327902
v -5.86173868 17.33737183 1.47035551
v -5.86456537 17.34022903 1.46988523
v -5.86521006 17.34088135 1.46977770
v -5.85311651 17.32715988 1.47203696
v -5.85449934 17.32845497 1.47182369
v -5.83655596 17.31387138 1.47637379
v -5.83858824 17.31577492 1.47459793
v -5.83972836 17.31666946 1.47376394
v -5.92400217 17.40407372 1.45937395
v -5.92680502 17.40740013 1.45882666
v -5.90771532 17.38546562 1.46243787
v -5.91157150 17.38985634 1.46171498
v -5.91194582 17.39029694 1.46164227
v -5.90940666 17.38731766 1.46213281
v -5.91238451 17.39079857 1.46155977
v -5.88556099 17.36134720 1.46640837
v -5.88230562 17.35820389 1.46692610
v -5.88607407 17.36186981 1.46632242
v -5.89723063 17.37415314 1.46430027
v -5.89761353 17.37456703 1.46423221
v -5.88764095 17.36358261 1.46604037
v -5.88798952 17.36396790 1.46597719
v -5.81926441 17.29878998 1.49043989
v -5.79159403 17.27614403 1.51156175
v -5.64225578 17.18069077 1.60059059
v -5.76309729 17.25467873 1.53158283
v -5.73389435 17.23441315 1.55048454
v -5.70399618 17.21533585 1.56827819
v -5.67343950 17.19742775 1.58498049
v -5.61044931 17.16511154 1.61512113
v -5.56110334 17.14380455 1.63499439
v -5.55675650 17.14216042 1.63652754
v -5.57806301 17.15077591 1.62849212
v -5.53405619 17.13264465 1.64540374
v -5.52738667 17.13104057 1.64689946
v -5.52699327 17.13094521 1.64698792
v -5.50004530 17.12194252 1.65538633
v -5.49255514 17.11943626 1.65772355
v -5.45782948 17.10928154 1.66719401
v -5.42282581 17.10042763 1.67545176
v -5.40893745 17.09753990 1.67814517
v -5.40976334 17.09771156 1.67798507
v -5.40600491 17.09691238 1.67873073
v -5.39174175 17.09379959 1.68163359
v -5.39083242 17.09360123 1.68181872
v -5.38691425 17.09279251 1.68257380
v -5.38757896 17.09290886 1.68246436
v -5.38384438 17.09234238 1.68299258
v -5.35928297 17.08796692 1.68707430
v -5.35769987 17.08768463 1.68733752
v -5.35208797 17.08670044 1.68825507
v -5.34990263 17.08639908 1.68853736
v -5.34009647 17.08354759 1.69119573
v -5.32055998 17.08235168 1.69231129
v -5.31640530 17.08178139 1.69284403
v -5.08087254 17.08195305 1.69268334
v -5.04517937 17.08691597 1.68805552
v -5.00972748 17.09324837 1.68214846
v -5.29541636 17.07913017 1.69531596
v -5.28060102 17.07817268 1.69620979
v -5.26024485 17.07673264 1.69755328
v -5.25045776 17.07516670 1.69901335
v -5.23008919 17.07534599 1.69884562
v -5.23135853 17.07533455 1.69885623
v -5.22566319 17.07514763 1.69903040
v -5.20265341 17.07245636 1.70154178
v -5.20923376 17.07250595 1.70149434
v -5.18912601 17.07484245 1.69931471
v -5.18799019 17.07487679 1.69928288
v -5.18280363 17.07369614 1.70038557
v -5.15820456 17.07572556 1.69849229
v -5.15284967 17.07588005 1.69834805
v -5.11676025 17.07826233 1.69612670
v -6.10713053 17.80636215 0.87804300
v -6.10331964 17.78248405 0.88744199
v -6.09638977 17.74946594 0.90030801
v -6.08101892 17.72445869 0.91007102
v -6.08809280 17.71674347 0.91308802
v -6.07847643 17.68400002 0.92581803
v -6.08495951 17.70420074 0.91798002
v -6.08314228 17.69974327 0.91965401
v -6.04869747 17.64686775 0.94134998
v -6.06073570 17.63483429 0.94502097
v -6.04148054 17.62746239 0.94901597
v -6.03316879 17.57264709 0.96930099
v -6.01751757 17.54252434 0.98106802
v -6.04756594 17.60340309 0.95728999
v -6.04259777 17.58594704 0.96413302
v -6.07262325 17.66697693 0.93247801
v -6.05578327 17.66630745 0.93362600
v -6.00058889 17.51300240 0.99260598
v -6.35331154 18.79957771 1.43826902
v -6.35331154 19.20700073 1.62559927
v -6.35331154 19.30195999 1.72748697
v -6.35331154 19.30149460 1.72698724
v -6.09778118 17.75028419 1.44483662
v -6.10473204 17.78339195 1.44462943
v -6.01868868 17.54282951 1.44613516
v -6.03438044 17.57302284 1.44594610
v -6.06202126 17.63535881 1.44555593
v -6.04231405 17.58420181 1.44587624
v -6.04331493 17.58635521 1.44586277
v -6.04748678 17.60098839 1.44577110
v -6.00171804 17.51324272 1.44632030
v -6.08062935 17.68740082 1.44523025
v -6.08099222 17.68865204 1.44522250
v -6.07880259 17.68168068 1.44526613
v -6.08623457 17.70491219 1.44512069
v -6.08473158 17.70123291 1.44514370
v -6.08632565 17.70527649 1.44511831
v -6.08882475 17.71524811 1.44505596
v -6.08946085 17.71748924 1.44504189
v -6.11439705 17.85025024 1.44421101
v -6.11028242 17.81672478 1.44442081
v -6.11710787 17.88398552 1.44399977
v -6.11729908 17.88957787 1.44396472
v -6.11732197 17.89030266 1.44396019
v -6.11800528 17.91189003 1.44382513
v -6.11824322 17.91658020 1.44379580
v -6.11828184 17.91771889 1.44378865
v -6.12147951 18.09043121 1.44270766
v -6.13015795 18.41640663 1.44066727
v -6.13014269 18.41361427 1.44068480
v -6.13015366 18.41501045 1.44067609
v -6.13012695 18.41247177 1.44069195
v -6.13010836 18.41146469 1.44069815
v -6.13009548 18.41077805 1.44070256
v -6.13005114 18.42893982 1.44058895
v -6.13007498 18.44412613 1.44049382
v -6.12996578 18.45298195 1.44043839
v -6.12990570 18.45525360 1.44042420
v -6.12999535 18.45167351 1.44044662
v -6.13004827 18.44846153 1.44046664
v -6.13002682 18.44990349 1.44045758
v -6.13006258 18.44716263 1.44047487
v -6.13005638 18.44778633 1.44047093
v -6.13006973 18.44605064 1.44048178
v -6.13007355 18.44504166 1.44048810
v -6.12980843 18.45827293 1.44040525
v -6.12907124 18.47667885 1.44029009
v -6.12879562 18.48555565 1.44023454
v -6.12843084 18.49401093 1.44018149
v -6.12865353 18.48927498 1.44021118
v -6.12727642 18.51322746 1.44006133
v -6.12809944 18.50004005 1.44014382
v -6.12661123 18.52293396 1.44000053
v -6.12331820 18.56181526 1.43975723
v -6.12240982 18.57052040 1.43970275
v -6.12080097 18.58535194 1.43960989
v -6.12121010 18.58227348 1.43962908
v -6.11887074 18.60109520 1.43951130
v -6.11795378 18.60931969 1.43945992
v -6.11585236 18.62469292 1.43936360
v -6.11285734 18.64600945 1.43923020
v -6.11032248 18.66627121 1.43910336
v -6.10948181 18.66824722 1.43909097
v -6.10459232 18.69750023 1.43890798
v -6.10235405 18.70801353 1.43884218
v -6.09861135 18.72825813 1.43871546
v -6.09560347 18.74349785 1.43861997
v -6.09428740 18.74796295 1.43859208
v -6.08147717 18.79957771 1.43826902
v -6.07522058 18.84289742 1.45818710
v -6.07096386 18.86829567 1.46986544
v -6.07020283 18.87424660 1.47260129
v -6.06760502 18.88831520 1.47906959
v -6.06652164 18.89162445 1.48059106
v -6.06423426 18.90259552 1.48563576
v -6.06230879 18.91500473 1.49134171
v -6.05971336 18.92249870 1.49478745
v -6.05506182 18.94084358 1.50322270
v -6.05029440 18.95774841 1.51099443
v -6.04540730 18.97336197 1.51817334
v -6.04041243 18.98781204 1.52481747
v -6.03529739 19.00120163 1.53097403
v -6.03134584 19.01109695 1.53552389
v -6.03005409 19.01361465 1.53668189
v -6.02788734 19.01816559 1.53877425
v -6.02469063 19.02512550 1.54197454
v -6.02119064 19.03202629 1.54514670
v -6.01831436 19.03842163 1.54808700
v -6.01586342 19.04176521 1.54962516
v -6.00781202 19.05499458 1.55570769
v -6.00487947 19.05912781 1.55760860
v -6.00427341 19.06009102 1.55805171
v -6.00117779 19.06550407 1.56054068
v -5.99922085 19.06685829 1.56116295
v -5.99734449 19.06970978 1.56247342
v -5.99345112 19.07398033 1.56443751
v -5.99035263 19.07754707 1.56607699
v -5.98813772 19.07981110 1.56711841
v -5.98633862 19.08170509 1.56798887
v -5.98448229 19.08372879 1.56891954
v -5.97526503 19.09241295 1.57291245
v -5.97154474 19.09580612 1.57447267
v -5.97248030 19.09448814 1.57386696
v -5.96633530 19.09912872 1.57600033
v -5.96445274 19.10289383 1.57773137
v -5.96006632 19.10330200 1.57791924
v -5.92684269 19.12467575 1.58774662
v -5.91938829 19.12903976 1.58975327
v -5.88278341 19.14760590 1.59828973
v -5.85775709 19.15883064 1.60345054
v -5.84811020 19.16297340 1.60535526
v -5.82888889 19.17062569 1.60887468
v -5.82598877 19.17180824 1.60941792
v -5.82062054 19.17387772 1.61036980
v -5.81522274 19.17585564 1.61127913
v -5.80930042 19.17794609 1.61224008
v -5.80151033 19.18073082 1.61352050
v -5.78528738 19.18597221 1.61593032
v -5.77383041 19.18977737 1.61767983
v -5.75859165 19.19426537 1.61974370
v -5.74757528 19.19714165 1.62106633
v -5.74226952 19.20108604 1.62287986
v -5.73523378 19.20047760 1.62260020
v -5.72376537 19.20322990 1.62386549
v -5.72230959 19.20356178 1.62401819
v -5.71727085 19.20467377 1.62452888
v -5.71152163 19.20585442 1.62507224
v -5.71011448 19.20624161 1.62525034
v -5.70730829 19.20700073 1.62559927
v -5.70270729 19.20893860 1.62767923
v -5.69901943 19.20929718 1.62806368
v -5.69784021 19.20964813 1.62844002
v -5.69446802 19.21061897 1.62948120
v -5.69128513 19.21150208 1.63042927
v -5.68835878 19.21226311 1.63124585
v -5.68671036 19.21266747 1.63168001
v -5.68373299 19.21337318 1.63243759
v -5.68524313 19.21303368 1.63207281
v -5.68228769 19.21368790 1.63277531
v -5.68098068 19.21397209 1.63307846
v -5.66756535 19.21706581 1.63639963
v -5.66564035 19.21744919 1.63681102
v -5.66442204 19.21769333 1.63707113
v -5.66822004 19.21692085 1.63624275
v -5.66314173 19.21792603 1.63732147
v -5.66231155 19.21807671 1.63748384
v -5.66073608 19.21834755 1.63777292
v -5.65994787 19.21847534 1.63791215
v -5.65856934 19.21868515 1.63813519
v -5.65745497 19.21884537 1.63830745
v -5.64311838 19.22089767 1.64051032
v -5.64254475 19.22097778 1.64059615
v -5.64418745 19.22075081 1.64035189
v -5.64011860 19.22125626 1.64089382
v -5.64059687 19.22120094 1.64083624
v -5.64150763 19.22110176 1.64072931
v -5.63871193 19.22139359 1.64104211
v -5.63917112 19.22135162 1.64099705
v -5.60489559 19.23307800 1.65358007
v -5.23913717 19.26199722 1.68460774
v -5.10572195 19.27254295 1.69592321
v -0.13054696 11.67583466 0.50475198
v -0.13086867 11.69040012 0.50209302
v -0.13102862 11.69776344 0.50117099
v -0.13070923 11.68309879 0.50329101
v -0.13107254 11.69969273 0.50102502
v -0.13118654 11.70510483 0.50051397
v -0.13123091 11.70723152 0.50041199
v -0.13134091 11.71254539 0.50012499
v -0.13138783 11.71482277 0.50008899
v -0.10809389 11.67653847 0.50495899
v -0.10857271 11.69106293 0.50230098
v -0.10882117 11.69841003 0.50138003
v -0.10832380 11.68375587 0.50349897
v -0.10909001 11.70578194 0.50071502
v -0.10936916 11.71319675 0.50032699
v -0.08571023 11.68486118 0.50454700
v -0.08605463 11.69216824 0.50335002
v -0.08641171 11.69950962 0.50242102
v -0.08678526 11.70688248 0.50175703
v -0.08719220 11.71427727 0.50136101
v -0.13005769 11.65469742 0.51068199
v -0.13022128 11.66166782 0.50844401
v -0.13038544 11.66867065 0.50647199
v -0.12973647 11.64140987 0.51589799
v -0.12991154 11.64846420 0.51310098
v -0.12989613 11.64783096 0.51317102
v -0.10745826 11.65538120 0.51089603
v -0.10765470 11.66232204 0.50865901
v -0.10786331 11.66938972 0.50667799
v -0.08464175 11.65648746 0.51195198
v -0.08512457 11.67051601 0.50773400
v -0.08541206 11.67764854 0.50601602
v -0.08487284 11.66344452 0.50971401
v -0.10711508 11.64206314 0.51611298
v -0.10728349 11.64853954 0.51337701
v -0.08443101 11.64966679 0.51444101
v -0.08426294 11.64319515 0.51716799
v -0.06362423 11.69369411 0.50524002
v -0.06408431 11.70102692 0.50429398
v -0.06457692 11.70841122 0.50362200
v -0.06510005 11.71580029 0.50321800
v -0.06282069 11.67920589 0.50791401
v -0.06217126 11.66501904 0.51161999
v -0.06247418 11.67207527 0.50963998
v -0.03994629 11.67405891 0.51237899
v -0.06190389 11.65805817 0.51385701
v -0.06149874 11.64474773 0.51908201
v -0.06167079 11.65121460 0.51634598
v -0.03929356 11.66005898 0.51661301
v -0.03959638 11.66700649 0.51436698
v -0.06319924 11.68642235 0.50644499
v -0.04081489 11.68840599 0.50916702
v -0.04132245 11.69567394 0.50795400
v -0.04035257 11.68119144 0.51064402
v -0.04187345 11.70300293 0.50700003
v -0.04248120 11.71037579 0.50631899
v -0.04314308 11.71774006 0.50589901
v -0.03905211 11.65322590 0.51910198
v -0.01759724 11.67649174 0.51595998
v -0.01719177 11.66945076 0.51795602
v -0.01983787 11.70540142 0.51053900
v -0.02056088 11.71274376 0.50983202
v -0.01918184 11.69808578 0.51150101
v -0.01806067 11.68362045 0.51421601
v -0.01859307 11.69081974 0.51273102
v -0.03887280 11.64675617 0.52183801
v -0.01659801 11.65567684 0.52269101
v -0.01640658 11.64920235 0.52542597
v -0.01686643 11.66251278 0.52020198
v -0.13149133 11.71995354 0.50000000
v -0.13154176 11.72244930 0.50004399
v -0.13163868 11.72739410 0.50015301
v -0.13169181 11.73003387 0.50028998
v -0.13178590 11.73480892 0.50057203
v -0.13198851 11.74517345 0.50163102
v -0.13193193 11.74218559 0.50125903
v -0.13207017 11.74953651 0.50221902
v -0.13212803 11.75265121 0.50272697
v -0.13220637 11.75682735 0.50344002
v -0.13233984 11.76404095 0.50493300
v -0.13240167 11.76745510 0.50575501
v -0.10965619 11.72062016 0.50020301
v -0.10995068 11.72805214 0.50035799
v -0.11025392 11.73543072 0.50077802
v -0.11056732 11.74281406 0.50145698
v -0.11088815 11.75017166 0.50241899
v -0.11121351 11.75744343 0.50364202
v -0.08807120 11.72911930 0.50137699
v -0.08853494 11.73650742 0.50178897
v -0.08762066 11.72169590 0.50123000
v -0.08901928 11.74387550 0.50247002
v -0.08952658 11.75120449 0.50341600
v -0.11154839 11.76465321 0.50512701
v -0.09005219 11.75848198 0.50463003
v -0.13247100 11.77120686 0.50668502
v -0.13259248 11.77822399 0.50869000
v -0.13270810 11.78518486 0.51095301
v -0.13282536 11.79202461 0.51346803
v -0.11189057 11.77179241 0.50687200
v -0.11223849 11.77884388 0.50888002
v -0.11258234 11.78577614 0.51114500
v -0.09059583 11.76568890 0.50610900
v -0.09115927 11.77281380 0.50784701
v -0.09173166 11.77984905 0.50984699
v -0.09232096 11.78676510 0.51209700
v -0.11293346 11.79258442 0.51365298
v -0.09291583 11.79357338 0.51459700
v -0.13293566 11.79869556 0.51622897
v -0.13303640 11.80524635 0.51922101
v -0.11329036 11.79927731 0.51640701
v -0.11364951 11.80582428 0.51941001
v -0.09352820 11.80025101 0.51734501
v -0.06566676 11.72320080 0.50307900
v -0.06626774 11.73061371 0.50320899
v -0.06689668 11.73800182 0.50361401
v -0.06755846 11.74535370 0.50427902
v -0.06825203 11.75267696 0.50521702
v -0.04459149 11.73253536 0.50585699
v -0.04383822 11.72513103 0.50574303
v -0.04538696 11.73991299 0.50624502
v -0.04622008 11.74724674 0.50689298
v -0.04709787 11.75453758 0.50780702
v -0.06897601 11.75993156 0.50641602
v -0.06972905 11.76712227 0.50787801
v -0.07050143 11.77422619 0.50959998
v -0.07130711 11.78124237 0.51157600
v -0.04802257 11.76178551 0.50897998
v -0.04997047 11.77604580 0.51212299
v -0.04897927 11.76896954 0.51042598
v -0.07212966 11.78815651 0.51380903
v -0.07297808 11.79494286 0.51629400
v -0.05099477 11.78304005 0.51407403
v -0.05205211 11.78994083 0.51628202
v -0.05314660 11.79670715 0.51874298
v -0.02218702 11.72750282 0.50922197
v -0.02134174 11.72011948 0.50939500
v -0.02307588 11.73486805 0.50932002
v -0.02403674 11.74222755 0.50967300
v -0.02505227 11.74956512 0.51030499
v -0.02610257 11.75682926 0.51119298
v -0.00178024 11.73762894 0.51358002
v -0.00073818 11.73027515 0.51350802
v -0.00288701 11.74495029 0.51390803
v -0.00407781 11.75226688 0.51449698
v -0.02721895 11.76403999 0.51234102
v -0.02837572 11.77119637 0.51374501
v -0.02959499 11.77827835 0.51541698
v -0.03083695 11.78523636 0.51734197
v -0.03214027 11.79209805 0.51950800
v -0.00532038 11.75953007 0.51535898
v -0.00662299 11.76670837 0.51647300
v -0.00798163 11.77382946 0.51784301
v -0.00940124 11.78087807 0.51947200
v -0.07383816 11.80159760 0.51901698
v -0.13313530 11.81165409 0.52245700
v -0.13322772 11.81788158 0.52592999
v -0.13328350 11.82192230 0.52848703
v -0.13331342 11.82393742 0.52961600
v -0.11400775 11.81220913 0.52263898
v -0.11437227 11.81843853 0.52610600
v -0.09414776 11.80678082 0.52033299
v -0.09478401 11.81315517 0.52355498
v -0.11473920 11.82448196 0.52979398
v -0.09542561 11.81936264 0.52700597
v -0.09607506 11.82539177 0.53067899
v -0.13339339 11.82979584 0.53351700
v -0.13346900 11.83547115 0.53763598
v -0.13353845 11.84092808 0.54195702
v -0.13360052 11.84617615 0.54647201
v -0.13358325 11.84493351 0.54559100
v -0.11510190 11.83033752 0.53369802
v -0.09672907 11.83123779 0.53456700
v -0.07842470 11.83249664 0.53614402
v -0.11545853 11.83599758 0.53781003
v -0.09738845 11.83688736 0.53867298
v -0.11581956 11.84144688 0.54212499
v -0.09805129 11.84231853 0.54297298
v -0.11618461 11.84667683 0.54663402
v -0.07938633 11.83811760 0.54021698
v -0.08034368 11.84353828 0.54449999
v -0.01088271 11.78781891 0.52135497
v -0.01240230 11.79464626 0.52348602
v -0.07472576 11.80811596 0.52198899
v -0.07563116 11.81446934 0.52518702
v -0.05425945 11.80333328 0.52144098
v -0.05541733 11.80982780 0.52437901
v -0.07655495 11.82066250 0.52862197
v -0.07748127 11.82667160 0.53227103
v -0.05659027 11.81615448 0.52755302
v -0.05777950 11.82231808 0.53094602
v -0.03347432 11.79885006 0.52193499
v -0.03484104 11.80544662 0.52459902
v -0.01397960 11.80136395 0.52586102
v -0.03625081 11.81190014 0.52749503
v -0.03768367 11.81821346 0.53062600
v -0.01560713 11.80793953 0.52848297
v -0.01726267 11.81436348 0.53133702
v -0.05899906 11.82831287 0.53456998
v -0.06022556 11.83411026 0.53840899
v -0.03915367 11.82435894 0.53399402
v -0.04065154 11.83031082 0.53757602
v -0.06147945 11.83971214 0.54245800
v -0.06274834 11.84509850 0.54670799
v -0.04216684 11.83607197 0.54137403
v -0.04371293 11.84163666 0.54537100
v -0.02071195 11.82673740 0.53773397
v -0.01897026 11.82063580 0.53442502
v -0.00046798 11.82341576 0.53892398
v -0.02249198 11.83266354 0.54127300
v -0.00248313 11.82947826 0.54218102
v -0.00453004 11.83535099 0.54565102
v -0.02428686 11.83838558 0.54501897
v -0.13365650 11.85117912 0.55116600
v -0.13364080 11.85010910 0.55038399
v -0.13370565 11.85595608 0.55604899
v -0.09871954 11.84753799 0.54747498
v -0.11653339 11.85168076 0.55132997
v -0.09938257 11.85252190 0.55215597
v -0.08131690 11.84873295 0.54897898
v -0.08229388 11.85369492 0.55363601
v -0.11688667 11.85644913 0.55620700
v -0.10005099 11.85727501 0.55701703
v -0.08327567 11.85842514 0.55847299
v -0.13374762 11.86048317 0.56109399
v -0.11724187 11.86097050 0.56125498
v -0.13378298 11.86477089 0.56630403
v -0.13377342 11.86416435 0.56586498
v -0.11758224 11.86523533 0.56645799
v -0.13381158 11.86877441 0.57165998
v -0.13380380 11.86830425 0.57136399
v -0.11792611 11.86923599 0.57180899
v -0.10072298 11.86177921 0.56205100
v -0.10137782 11.86602688 0.56723899
v -0.08426300 11.86290932 0.56348097
v -0.10204727 11.87001801 0.57258302
v -0.08524428 11.86713600 0.56864601
v -0.08622789 11.87110233 0.57396603
v -0.06402484 11.85026073 0.55114502
v -0.04527759 11.84699726 0.54957902
v -0.06530663 11.85520172 0.55576903
v -0.04685517 11.85213184 0.55397397
v -0.04844971 11.85704136 0.55856401
v -0.02612344 11.84391403 0.54896498
v -0.02797784 11.84923744 0.55312198
v -0.00660970 11.84104252 0.54933703
v -0.00872809 11.84653187 0.55323201
v -0.02985828 11.85433292 0.55746597
v -0.01088372 11.85180473 0.55732000
v -0.06660284 11.85990715 0.56058103
v -0.06789302 11.86435795 0.56554800
v -0.05005078 11.86170387 0.56331700
v -0.06919013 11.86855888 0.57067901
v -0.05165742 11.86612988 0.56825101
v -0.05326872 11.87029552 0.57334000
v -0.03174698 11.85919857 0.56199598
v -0.03365077 11.86382389 0.56669801
v -0.01304698 11.85685635 0.56160301
v -0.01524781 11.86167717 0.56606501
v -0.03557159 11.86820698 0.57157099
v -0.01745507 11.86626053 0.57070601
v -0.13383383 11.87251663 0.57715601
v -0.11826296 11.87297344 0.57730699
v -0.10269929 11.87373734 0.57806599
v -0.08719615 11.87480164 0.57942402
v -0.07049026 11.87250042 0.57596600
v -0.05488294 11.87419796 0.57857603
v -0.03749742 11.87233257 0.57660002
v -0.01967792 11.87059498 0.57551098
v -0.02190746 11.87467766 0.58047998
v -0.00147005 11.86900616 0.57533401
v -0.00399727 11.87329197 0.58007002
v -0.13384594 11.87586021 0.58279002
v -0.11857131 11.87631130 0.58293402
v -0.10333227 11.87706280 0.58367801
v -0.08814377 11.87810516 0.58501297
v -0.07179479 11.87617016 0.58139199
v -0.07303403 11.87944031 0.58694702
v -0.05650306 11.87783146 0.58394998
v -0.03942766 11.87619781 0.58178502
v -0.04136091 11.87979317 0.58710903
v -0.02415169 11.87849522 0.58559602
v -0.00653918 11.87731457 0.58495200
v -0.05805822 11.88107777 0.58946401
v -0.04320876 11.88299370 0.59256297
v -0.02638968 11.88204193 0.59085101
v -0.00907761 11.88108063 0.58999002
v -0.02854220 11.88520145 0.59623599
v -0.01162988 11.88457966 0.59517598
v -0.01407062 11.88768101 0.60048300
v -0.10006149 10.43435860 1.12073100
v -0.07744090 10.43504238 1.12094605
v -0.09990767 10.42803192 1.12371004
v -0.09974205 10.42163277 1.12691295
v -0.09942523 10.40933514 1.13401997
v -0.09939943 10.40835571 1.13444495
v -0.09958041 10.41536713 1.13034797
v -0.09926712 10.40345478 1.13790202
v -0.09923732 10.40237236 1.13846600
v -0.09895377 10.39223671 1.14628196
v -0.07729390 10.42869663 1.12391603
v -0.07714306 10.42228603 1.12712801
v -0.07690093 10.40996075 1.13422596
v -0.07701576 10.41604996 1.13056302
v -0.05432723 10.42341423 1.12818301
v -0.05423366 10.41715717 1.13161802
v -0.05458694 10.43614578 1.12200105
v -0.05444123 10.42981529 1.12497997
v -0.03158877 10.42496681 1.13008797
v -0.03153124 10.41870594 1.13352394
v -0.00897892 10.42697811 1.13284397
v -0.03182450 10.43772888 1.12391496
v -0.03168158 10.43139076 1.12688506
v -0.00919848 10.43973255 1.12667096
v -0.00906277 10.43339348 1.12964106
v -0.07681082 10.40407562 1.13810802
v -0.05412886 10.40519428 1.13916504
v -0.05416134 10.41106510 1.13528204
v -0.07672238 10.39838409 1.14220095
v -0.07665750 10.39289284 1.14648998
v -0.05410999 10.39949322 1.14324903
v -0.05413947 10.39399624 1.14753902
v -0.03153703 10.40674305 1.14106297
v -0.03151076 10.41262531 1.13718796
v -0.00895594 10.42071915 1.13627100
v -0.00898357 10.41462898 1.13992703
v -0.03159818 10.40103722 1.14514804
v -0.00906915 10.40873241 1.14379299
v -0.00921410 10.40301704 1.14786994
v -0.09880309 10.38696957 1.15077996
v -0.09861559 10.38057518 1.15666997
v -0.09865720 10.38195324 1.15546203
v -0.09850918 10.37713528 1.16032195
v -0.09836689 10.37259960 1.16534400
v -0.09831931 10.37114239 1.16692805
v -0.09822633 10.36828423 1.17053401
v -0.09817804 10.36685181 1.17231095
v -0.07659579 10.38763428 1.15098906
v -0.05418587 10.38873100 1.15202999
v -0.07656013 10.38259411 1.15566301
v -0.07653853 10.37778187 1.16052496
v -0.05425445 10.38368702 1.15670502
v -0.05436107 10.37887478 1.16155899
v -0.03186011 10.39027500 1.15390396
v -0.03204604 10.38521099 1.15857005
v -0.00994950 10.38716507 1.16126800
v -0.07653035 10.37322235 1.16554701
v -0.05449549 10.37430477 1.16657305
v -0.07653743 10.36892509 1.17073905
v -0.05465714 10.36999798 1.17175806
v -0.03226849 10.38038921 1.16341603
v -0.03254160 10.37581635 1.16842306
v -0.01031295 10.38234138 1.16609704
v -0.03285345 10.37149620 1.17358994
v -0.01071352 10.37775230 1.17108703
v -0.03170913 10.39555454 1.14942896
v -0.00940737 10.39752674 1.15214300
v -0.00964743 10.39223385 1.15660906
v -0.09809139 10.36424446 1.17587698
v -0.09796152 10.36046124 1.18135798
v -0.09791005 10.35902882 1.18354201
v -0.09783347 10.35696888 1.18697298
v -0.09778139 10.35559273 1.18936205
v -0.09759478 10.35082817 1.19856501
v -0.09754288 10.34955215 1.20137405
v -0.09771048 10.35375214 1.19270897
v -0.09765909 10.35241318 1.19531703
v -0.07655964 10.36488724 1.17608297
v -0.07659749 10.36109066 1.18155706
v -0.05484019 10.36594391 1.17709398
v -0.05505043 10.36214924 1.18256903
v -0.07665180 10.35759163 1.18717301
v -0.05529119 10.35864162 1.18816996
v -0.03320131 10.36742878 1.17891896
v -0.01169068 10.36933231 1.18155003
v -0.01117712 10.37341595 1.17623794
v -0.03358904 10.36361980 1.18437803
v -0.01225022 10.36551189 1.18699300
v -0.07680368 10.35143852 1.19876003
v -0.07671917 10.35437489 1.19291103
v -0.05555820 10.35541153 1.19389999
v -0.05585210 10.35246372 1.19974101
v -0.03401612 10.36010361 1.18997097
v -0.03448182 10.35686207 1.19568503
v -0.01286256 10.36198330 1.19255996
v -0.03498527 10.35389900 1.20151103
v -0.01352831 10.35871601 1.19824898
v -0.09748509 10.34817410 1.20451903
v -0.09743181 10.34700680 1.20753896
v -0.09737692 10.34585285 1.21055806
v -0.09732076 10.34476280 1.21378803
v -0.09727294 10.34379768 1.21668196
v -0.09717846 10.34206104 1.22287703
v -0.09708979 10.34064198 1.22912502
v -0.07690597 10.34878826 1.20470703
v -0.05617519 10.34980392 1.20568097
v -0.07702257 10.34644222 1.21074796
v -0.05651632 10.34745121 1.21171498
v -0.03551748 10.35122967 1.20743501
v -0.03609199 10.34885502 1.21344399
v -0.01577911 10.35065365 1.21594203
v -0.01423538 10.35573483 1.20405900
v -0.01498733 10.35304832 1.20995796
v -0.07714541 10.34440041 1.21687305
v -0.07728760 10.34265041 1.22306097
v -0.05688322 10.34539318 1.21782506
v -0.07744414 10.34121609 1.22930300
v -0.05726859 10.34363079 1.22400606
v -0.05768186 10.34218884 1.23024094
v -0.03669255 10.34677887 1.21953702
v -0.01661512 10.34855652 1.22201097
v -0.03733109 10.34500313 1.22570300
v -0.01749958 10.34676075 1.22815204
v -0.09700090 10.33951759 1.23541403
v -0.09692200 10.33871555 1.24174201
v -0.09687467 10.33839703 1.24598598
v -0.09685168 10.33823299 1.24810195
v -0.09680393 10.33810425 1.25251997
v -0.09678291 10.33805561 1.25446498
v -0.07820334 10.33860493 1.25464404
v -0.07761577 10.34009266 1.23560297
v -0.05811250 10.34104919 1.23652506
v -0.07779656 10.33928108 1.24192405
v -0.05857206 10.34022713 1.24284005
v -0.03799213 10.34353924 1.23191297
v -0.01841402 10.34527683 1.23433697
v -0.03869130 10.34238434 1.23818099
v -0.01938252 10.34409523 1.24057198
v -0.00021714 10.34617996 1.24368799
v -0.07799397 10.33878803 1.24827695
v -0.05904855 10.33971882 1.24917805
v -0.03942076 10.34154034 1.24447203
v -0.04017824 10.34101582 1.25079405
v -0.05953355 10.33952045 1.25552797
v -0.04093147 10.34079742 1.25712001
v -0.02037877 10.34323120 1.24683797
v -0.00147411 10.34528351 1.24991095
v -0.02140232 10.34267521 1.25311697
v -0.00277725 10.34470558 1.25616598
v -0.02243526 10.34243584 1.25941896
v -0.00407201 10.34443760 1.26242602
v -4.04893923 16.87171555 0.50000000
v -4.94036865 18.74337769 0.51369601
v -4.90565157 18.73303413 0.51769298
v -4.87121630 18.72136116 0.52222002
v -4.86220407 18.72170830 0.52337098
v -4.78786707 18.66996765 0.53685200
v -4.83713531 18.70830917 0.52728599
v -4.82211447 18.70199013 0.52971298
v -4.82015419 18.70125580 0.53000098
v -4.84157896 18.71455002 0.52645898
v -4.78785038 18.68683243 0.53564698
v -4.75606632 18.67113304 0.54175597
v -4.72491932 18.65430069 0.54832202
v -4.70390511 18.64176559 0.55318600
v -4.69440269 18.63630676 0.55534399
v -4.45966101 18.42805290 0.63674599
v -4.43493557 18.39559174 0.64948201
v -4.44579792 18.41042900 0.64371598
v -4.61283922 18.58094406 0.57732701
v -4.60695362 18.57532501 0.57917202
v -4.57930946 18.55264282 0.58804899
v -4.56207228 18.53753281 0.59392899
v -4.54160595 18.53280258 0.59944803
v -4.66455507 18.61715889 0.56282300
v -4.63539171 18.59683990 0.57076299
v -4.53692961 18.51405525 0.60313600
v -4.53136683 18.50825119 0.60532397
v -4.51267576 18.48958588 0.61271900
v -4.50154066 18.47720337 0.61752099
v -4.48938894 18.46415901 0.62267703
v -4.48694515 18.46106911 0.62378001
v -4.47331285 18.44489288 0.63020998
v -4.46706247 18.43773842 0.63300800
v -4.38049078 18.30902290 0.68339801
v -4.39739752 18.33850098 0.67185998
v -4.38816214 18.32212448 0.67826003
v -4.41555166 18.36738205 0.66055101
v -4.37610245 18.30475235 0.68551898
v -4.30170012 18.10252953 0.76415402
v -4.29847002 18.08670807 0.77033597
v -4.28931856 18.03642464 0.78996700
v -4.29429197 18.06594467 0.77835703
v -4.29476309 18.06963539 0.77702099
v -4.28660679 18.04838371 0.78642303
v -4.30047941 17.97946358 0.81074798
v -4.28524303 18.00306702 0.80298501
v -4.28259468 17.96953583 0.81607598
v -4.28008270 17.94232750 0.82704002
v -4.28152657 17.93581963 0.82923502
v -4.28185320 17.92037392 0.83519000
v -4.28196812 17.90176582 0.84248698
v -4.30400896 17.83590508 0.86773098
v -4.28337288 17.87865639 0.85148698
v -4.28391457 17.86752129 0.85583699
v -4.28545570 17.85053444 0.86238301
v -4.36484051 18.27896500 0.69516098
v -4.35328722 18.27083015 0.70033002
v -4.35044670 18.24827003 0.70717198
v -4.32541323 18.18483734 0.73198402
v -4.34178162 18.22718430 0.71544600
v -4.33728743 18.21690559 0.71944499
v -4.31489515 18.15210533 0.74480802
v -4.30999899 18.13516808 0.75137401
v -4.99212313 18.75586891 0.50879699
v -4.97535658 18.75238991 0.51021200
v -4.41554070 17.48519135 1.00476897
v -4.47750568 17.40203476 1.03721201
v -4.45559359 17.42911339 1.02664697
v -4.43494844 17.45684052 1.01582801
v -4.44137287 17.44794846 1.01922905
v -4.42837095 17.46545792 1.01243496
v -4.55141211 17.34242439 1.06345904
v -4.54145527 17.33398819 1.06374705
v -4.62399769 17.26439667 1.09089696
v -4.62064981 17.26669312 1.09003305
v -4.57309914 17.30551147 1.07485199
v -4.55670977 17.32009506 1.06920397
v -4.60535622 17.27710152 1.08567703
v -4.59323311 17.28825378 1.08161497
v -4.58925867 17.29153824 1.08035898
v -4.52115107 17.37238312 1.05143297
v -4.50071001 17.37563324 1.04751396
v -4.52517653 17.34997559 1.05754006
v -4.88708115 17.12646484 1.14473796
v -4.85330582 17.13853073 1.14003694
v -4.87556887 17.12970352 1.14320695
v -4.77355814 17.17287636 1.12657201
v -4.78786707 17.16613388 1.12927604
v -4.83331823 17.14435768 1.13710201
v -4.82025003 17.15175247 1.13488400
v -4.75610590 17.18171310 1.12320006
v -4.97500563 17.10146523 1.15446806
v -4.96126652 17.10404396 1.15318894
v -4.95680237 17.10592079 1.15274799
v -4.93977642 17.11022949 1.15093803
v -4.92157888 17.11557007 1.14897799
v -4.69457531 17.21633148 1.10968304
v -4.72496843 17.19845200 1.11666799
v -4.67856312 17.22634697 1.10579395
v -4.64911747 17.24602890 1.09809601
v -4.65960264 17.23914337 1.10078394
v -4.63970041 17.25056648 1.09591496
v -4.55941057 17.31666946 1.47376394
v -4.54058599 17.33389091 1.47092855
v -4.42505455 17.46908951 1.44867039
v -4.42544031 17.46849632 1.44876790
v -4.41653442 17.48218346 1.44651473
v -4.41446447 17.48536301 1.44649482
v -4.47653341 17.40205574 1.45970654
v -4.52427387 17.34991074 1.46829128
v -4.49977446 17.37560654 1.46406078
v -4.45841360 17.42443275 1.45602238
v -4.45414639 17.42976189 1.45514500
v -4.45458508 17.42918205 1.45524061
v -4.43921280 17.44961739 1.45187604
v -4.44239759 17.44531250 1.45258498
v -4.43370390 17.45722198 1.45062399
v -4.43390465 17.45695877 1.45066738
v -4.42827702 17.46432686 1.44945431
v -4.57205200 17.30550766 1.48417461
v -4.57225847 17.30533791 1.48433328
v -4.56681490 17.30982590 1.48014617
v -4.58563519 17.29375648 1.49513423
v -4.58617163 17.29329300 1.49556744
v -4.59168673 17.28867340 1.49987590
v -4.59239292 17.28807449 1.50043428
v -4.59424686 17.28660965 1.50180125
v -4.58840275 17.29138947 1.49734163
v -4.62304068 17.26423836 1.52266657
v -4.62566233 17.26233101 1.52444458
v -4.62029362 17.26612473 1.52090752
v -4.61981869 17.26647377 1.52058232
v -4.61777449 17.26808739 1.51907718
v -4.61723709 17.26845169 1.51873612
v -4.60467100 17.27700996 1.51075411
v -4.04893923 17.31666946 1.47376394
v -4.04893923 17.48218346 1.44651473
v -4.04893923 17.46126747 1.44995809
v -4.04893923 17.31221199 1.47792089
v -4.85270023 17.13801003 1.64039922
v -4.76929426 17.17424774 1.60660124
v -4.77516365 17.17134857 1.60930562
v -4.77003527 17.17387199 1.60695159
v -4.75537729 17.18130112 1.60002232
v -4.81283569 17.15427780 1.62522721
v -4.78655434 17.16597557 1.61431587
v -4.78717518 17.16568375 1.61458921
v -4.83602381 17.14287567 1.63586187
v -4.83050394 17.14508820 1.63379788
v -4.81959915 17.15126610 1.62803662
v -4.69378948 17.21599579 1.56766248
v -4.72420931 17.19808006 1.58437216
v -4.63909769 17.25048828 1.53549063
v -4.64830208 17.24576378 1.53989673
v -4.64713144 17.24661636 1.53910184
v -4.67775726 17.22604370 1.55829000
v -4.94223881 17.10888863 1.66756117
v -4.93528271 17.11081886 1.66576016
v -4.93615484 17.11056328 1.66599905
v -4.89404058 17.12353706 1.65389836
v -4.88598537 17.12606430 1.65154016
v -4.88652420 17.12591362 1.65168178
v -4.87122583 17.13065910 1.64725614
v -4.87694740 17.12860870 1.64916730
v -4.92107582 17.11499214 1.66186774
v -4.96322680 17.10297966 1.67307150
v -4.98246288 17.09914780 1.67664647
v -4.97392082 17.10097122 1.67494428
v -4.97459316 17.10084534 1.67506206
v -4.95634222 17.10531616 1.67089272
v -4.95981836 17.10385323 1.67225718
v -4.04893923 17.08658028 1.68836796
v -4.04893923 17.08858299 1.68649900
v -4.04893923 17.07989883 1.69459903
v -4.04893923 17.07665634 1.69762325
v -4.04893923 17.07515907 1.69902134
v -4.04893923 17.07062340 1.70324981
v -4.04893923 17.07129669 1.70262194
v -4.04893923 17.06305122 1.71031356
v -4.04893923 17.05815506 1.71488094
v -4.04893923 17.05426216 1.71851134
v -4.04893923 17.05127525 1.72129762
v -4.04893923 17.04735947 1.72494888
v -4.04893923 17.04918671 1.72324550
v -4.04893923 17.04629898 1.72593832
v -4.46076298 17.80157280 0.88125098
v -4.38050032 17.54368973 0.98195499
v -4.39740133 17.51414299 0.99347597
v -4.30173492 17.75095558 0.90119803
v -4.30111170 17.75433922 0.89994299
v -4.29488277 17.78399849 0.88833398
v -4.29275179 17.79547882 0.88389599
v -4.30615282 17.73369598 0.90789598
v -4.31000757 17.71814156 0.91397899
v -4.33319378 17.69491959 0.92368102
v -4.31967878 17.68556976 0.92666602
v -4.33077765 17.65326118 0.93925101
v -4.34135056 17.61447525 0.95454299
v -4.34332800 17.62123299 0.95172900
v -4.36498499 17.57372284 0.97020799
v -4.36374807 17.57548714 0.96956497
v -4.36946154 17.59798050 0.96208900
v -4.35733652 17.58950996 0.96411401
v -4.28943586 17.81722069 0.87539500
v -4.27520466 18.06142044 1.05122697
v -4.39628172 17.51437378 1.44631326
v -4.37934017 17.54398346 1.44612801
v -4.36258554 17.57587433 1.44592834
v -4.35611200 17.58991623 1.44584048
v -4.34047985 17.61624718 1.44567561
v -4.34270620 17.61082649 1.44570959
v -4.34207010 17.62170219 1.44564140
v -4.32948399 17.65381050 1.44544041
v -4.31835318 17.68620110 1.44523776
v -4.31639957 17.69283295 1.44519627
v -4.30853987 17.71930504 1.44503057
v -4.30865145 17.71885490 1.44503331
v -4.30547047 17.73164749 1.44495332
v -4.30476761 17.73446846 1.44493568
v -4.30387115 17.73806381 1.44491315
v -4.30019999 17.75251579 1.44482267
v -4.30399704 17.73757362 1.44491625
v -4.30035543 17.75175476 1.44482744
v -4.29952669 17.75603676 1.44480073
v -4.29970455 17.75519371 1.44480598
v -4.29341745 17.78520966 1.44461811
v -4.29459858 17.77940559 1.44465435
v -4.29347754 17.78488541 1.44462013
v -4.29173422 17.79423714 1.44456160
v -4.29064226 17.80103111 1.44451904
v -4.29138136 17.79641533 1.44454801
v -4.29073381 17.80043221 1.44452286
v -4.28802061 17.81812477 1.44441211
v -4.28210115 17.85185051 1.44420099
v -4.28168869 17.85467339 1.44418335
v -4.27951336 17.87101364 1.44408095
v -4.28034782 17.86388779 1.44412553
v -4.28010225 17.86597443 1.44411254
v -4.27603054 17.90065575 1.44389546
v -4.27653885 17.89544106 1.44392812
v -4.27646112 17.89623070 1.44392323
v -4.27381611 17.92960358 1.44371426
v -4.27425098 17.92140961 1.44376564
v -4.27486515 17.91308022 1.44381773
v -4.27479744 17.91388702 1.44381261
v -4.27457333 17.91659546 1.44379568
v -4.27438116 17.91927910 1.44377899
v -4.27272081 17.94649696 1.44360852
v -4.27262640 17.94826698 1.44359744
v -4.27253342 17.95037460 1.44358420
v -4.27256536 17.94960022 1.44358909
v -4.27225256 17.96851730 1.44347072
v -4.27241468 17.95489693 1.44355595
v -4.27244854 17.95305824 1.44356751
v -4.27243376 17.95373154 1.44356322
v -4.27246857 17.95228767 1.44357228
v -4.27249622 17.95142365 1.44357765
v -4.27242279 17.95434189 1.44355941
v -4.27199745 17.98480606 1.44336879
v -4.27194786 17.98061180 1.44339502
v -4.27195644 17.97974586 1.44340050
v -4.27197075 17.98379517 1.44337511
v -4.27195454 17.98282623 1.44338107
v -4.27194738 17.98107147 1.44339216
v -4.27194834 17.98217964 1.44338512
v -4.27194738 17.98182678 1.44338739
v -4.27095604 17.98951721 1.44333935
v -4.27260590 18.00918579 1.44321609
v -4.26973200 18.07002068 1.44283545
v -4.04893923 17.89955139 1.44390237
v -4.28329086 18.41278076 1.44069004
v -4.28327513 18.41239357 1.44069242
v -4.29775620 18.56848526 1.43971539
v -4.29762316 18.56743240 1.43972206
v -4.29725695 18.56437874 1.43974113
v -4.29692602 18.56153488 1.43975890
v -4.30076027 18.59126472 1.43957293
v -4.29104090 18.49033546 1.44020462
v -4.29086256 18.48708344 1.44022489
v -4.29082918 18.48633194 1.44022965
v -4.29091740 18.48818779 1.44021797
v -4.29096079 18.48900795 1.44021285
v -4.29098797 18.48946571 1.44020998
v -4.29346085 18.52624321 1.43997979
v -4.29340887 18.52569199 1.43998325
v -4.29317904 18.52303314 1.43999994
v -4.29326725 18.52405930 1.43999350
v -4.29303789 18.52127075 1.44001102
v -4.29309320 18.52196503 1.44000661
v -4.29293966 18.51996040 1.44001913
v -4.29281902 18.51819229 1.44003022
v -4.29275990 18.51727486 1.44003594
v -4.29289293 18.51931381 1.44002318
v -4.29611254 18.55369759 1.43980801
v -4.29606771 18.55321312 1.43981099
v -4.29600716 18.55256462 1.43981504
v -4.29622936 18.55492401 1.43980026
v -4.29673672 18.55981064 1.43976974
v -4.29664183 18.55895042 1.43977511
v -4.29649162 18.55752754 1.43978405
v -4.29618359 18.57720184 1.43966091
v -4.30104399 18.59403801 1.43955553
v -4.30245781 18.60452652 1.43948984
v -4.30227613 18.60330772 1.43949747
v -4.30167961 18.59894371 1.43952477
v -4.30395889 18.61457253 1.43942702
v -4.30611706 18.62733459 1.43934715
v -4.30975628 18.64985657 1.43920612
v -4.30798531 18.63906097 1.43927372
v -4.31207371 18.66279221 1.43912518
v -4.31666803 18.68607330 1.43897951
v -4.32122993 18.70875549 1.43883753
v -4.31964016 18.70126915 1.43888438
v -4.32359743 18.71970940 1.43876898
v -4.32244110 18.71454239 1.43880129
v -4.32614231 18.73106003 1.43869793
v -4.32682800 18.73390961 1.43868005
v -4.38012838 18.98014450 1.52129257
v -4.38124275 18.99408913 1.52770376
v -4.38463449 19.00004005 1.53044021
v -4.34069920 18.79115105 1.43832171
v -4.34318638 18.79957771 1.43826902
v -4.33137751 18.75322342 1.43855917
v -4.35294819 18.85470772 1.46361768
v -4.35884857 18.88486862 1.47748470
v -4.36414289 18.91087341 1.48944187
v -4.04893923 18.79957771 1.43826902
v -4.38793850 19.01547813 1.53753853
v -4.38915443 19.01813698 1.53876114
v -4.39369774 19.03468895 1.54637146
v -4.39826727 19.04986763 1.55335093
v -4.40286684 19.06380081 1.55975723
v -4.40533924 19.07078362 1.56296790
v -4.40999365 19.08310890 1.56863499
v -4.41132975 19.08622360 1.57006717
v -4.41465998 19.09439278 1.57382250
v -4.41416264 19.09312630 1.57324052
v -4.41712904 19.09975815 1.57629013
v -4.41932821 19.10470963 1.57856631
v -4.42459583 19.12048149 1.58581853
v -4.42401266 19.11416817 1.58291602
v -4.53872204 19.20700073 1.62559927
v -4.54143953 19.20920753 1.62796617
v -4.54949331 19.21511650 1.63430643
v -4.55569410 19.21956635 1.63908243
v -4.45664120 19.16092491 1.60441434
v -4.47462845 19.17613411 1.61140704
v -4.47516346 19.17765045 1.61210442
v -4.48002148 19.17961311 1.61300683
v -4.47845125 19.17958260 1.61299253
v -4.46678734 19.17024612 1.60869980
v -4.46168852 19.16581154 1.60666060
v -4.47225046 19.17442513 1.61062169
v -4.47193289 19.17422676 1.61052966
v -4.42870808 19.12284660 1.58690548
v -4.43184853 19.12822533 1.58937931
v -4.43777418 19.13787079 1.59381413
v -4.43676710 19.13603783 1.59297132
v -4.44665670 19.14964294 1.59922683
v -4.44170284 19.14315987 1.59624577
v -4.45163250 19.15554810 1.60194206
v -4.48546934 19.18266487 1.61440969
v -4.49097157 19.18532181 1.61563122
v -4.81510687 19.28752899 1.71200228
v -4.84327269 19.29329300 1.71818614
v -4.84226561 19.29335785 1.71825707
v -4.80388784 19.28989029 1.71453607
v -4.80230427 19.28825378 1.71278071
v -4.79989719 19.28837776 1.71291506
v -4.79761171 19.28846359 1.71300447
v -4.79035378 19.28850365 1.71304810
v -4.79608583 19.28849602 1.71303880
v -4.79526043 19.28850365 1.71304822
v -4.79472971 19.28850746 1.71305251
v -4.79238367 19.28852272 1.71307003
v -4.79346323 19.28852463 1.71306968
v -4.76977253 19.28789902 1.71240056
v -4.76730394 19.28776169 1.71225214
v -4.78479433 19.28825378 1.71278095
v -4.77797031 19.28818703 1.71271002
v -4.77665472 19.28816223 1.71268284
v -4.77179718 19.28800011 1.71250844
v -4.77275801 19.28804398 1.71255529
v -4.77364063 19.28807640 1.71259010
v -4.77521133 19.28812599 1.71264291
v -4.73516941 19.28435516 1.70859766
v -4.72739458 19.28317833 1.70733416
v -4.70945501 19.27988625 1.70380116
v -4.72189665 19.28218460 1.70626867
v -4.72147131 19.28208923 1.70616722
v -4.76234436 19.28738976 1.71185362
v -4.76547766 19.28763199 1.71211398
v -4.75822306 19.28701019 1.71144605
v -4.75033712 19.28606033 1.71042669
v -4.74646616 19.28570938 1.71004939
v -4.74145699 19.28517151 1.70947373
v -4.73918962 19.28487015 1.70914996
v -4.57041979 19.22804642 1.64818060
v -4.55877781 19.22126007 1.64089823
v -4.56207752 19.22323990 1.64302289
v -4.56669331 19.22610855 1.64610076
v -4.58471680 19.23546791 1.65614378
v -4.59998417 19.24324226 1.66448522
v -4.60009527 19.24464417 1.66599000
v -4.59970045 19.24341774 1.66467381
v -4.62154102 19.25269318 1.67462480
v -4.65528584 19.26552010 1.68838871
v -4.64910316 19.26428032 1.68705761
v -4.65892982 19.26676178 1.68971992
v -4.64634752 19.26243591 1.68507862
v -4.60731840 19.24689102 1.66840029
v -4.68264437 19.27361488 1.69707346
v -4.04893923 19.18018341 1.61326885
v -4.04893923 19.20700073 1.62559927
v -4.04893923 19.25369835 1.67570353
v -4.04893923 19.25564766 1.67779565
v -4.04893923 19.26090431 1.68343592
v -4.04893923 19.26484871 1.68766940
v -4.04893923 19.26639557 1.68932736
v -4.04893923 19.26817703 1.69123912
v -4.04893923 19.27073860 1.69398725
v -4.04893923 19.27250290 1.69588161
v -4.04893923 19.27921486 1.70308256
v -4.04893923 19.28726578 1.71172130
v -4.04893923 19.28942490 1.71403718
v -4.04893923 19.29469109 1.71968794
v -4.04893923 19.30344772 1.72908270
v -4.04893923 19.30498505 1.73073316
v -4.04893923 19.30623817 1.73207700
v -4.04893923 19.30735779 1.73327780
v -4.04893923 19.31365013 1.74002910
v -4.04893923 19.31953049 1.74633825
v -4.04893923 19.32273293 1.74977529
v -4.04893923 19.32168007 1.74864554
v -7.35331106 10.01019096 3.50000000
v -7.35331106 10.04239273 3.50000000
v -6.99317598 10.30801582 3.50000000
v -6.97722960 10.29762268 3.50000000
v -6.96061754 10.28787136 3.50000000
v -6.93040466 10.27240658 3.50000000
v -6.92613363 10.27049065 3.50000000
v -6.91657877 10.26620388 3.50000000
v -6.94793606 10.28103638 3.50000000
v -6.91232347 10.26443005 3.50000000
v -6.91363716 10.26498032 3.50000000
v -6.90800476 10.26266193 3.50000000
v -6.89819574 10.25864601 3.50000000
v -6.88338137 10.25311279 3.50000000
v -6.87882280 10.25156307 3.50000000
v -7.11257029 10.46224117 3.50000000
v -7.11446190 10.46866989 3.50000000
v -7.07631016 10.38877296 3.50000000
v -7.07257938 10.38360405 3.50000000
v -7.03685379 10.34319878 3.50000000
v -7.06161976 10.36957359 3.50000000
v -7.06796026 10.37759304 3.50000000
v -7.06552458 10.37442684 3.50000000
v -7.06416512 10.37273502 3.50000000
v -7.04973269 10.35613823 3.50000000
v -7.09747124 10.42438030 3.50000000
v -7.08591747 10.40342236 3.50000000
v -7.10701704 10.44618988 3.50000000
v -7.11847925 10.48506546 3.50000000
v -7.11976099 10.49169064 3.50000000
v -7.12162781 10.50449657 3.50000000
v -7.12068367 10.49800968 3.50000000
v -7.12125731 10.50189972 3.50000000
v -7.12217855 10.50833225 3.50000000
v -7.12282991 10.51505089 3.49999976
v -7.12332773 10.52525043 3.49999976
v -7.12363434 10.53148270 3.49999976
v -7.02308226 10.33083916 3.50000000
v -7.00849438 10.31909752 3.50000000
v -6.81628799 10.23320770 3.50000000
v -6.81537485 10.23298168 3.50000000
v -6.81308174 10.23242283 3.50000000
v -6.80825233 10.23133087 3.50000000
v -6.86708832 10.24757481 3.50000000
v -6.86819935 10.24794960 3.50000000
v -6.86440325 10.24667740 3.50000000
v -6.85340405 10.24327850 3.50000000
v -6.84878731 10.24185181 3.50000000
v -6.83268356 10.23734570 3.50000000
v -6.82106066 10.23441219 3.50000000
v -6.79639721 10.22864819 3.50000000
v -6.77931690 10.22520733 3.50000000
v -6.76189899 10.22211742 3.50000000
v -6.74420595 10.21938038 3.50000000
v -6.74354029 10.21928883 3.50000000
v -6.74919653 10.22015285 3.50000000
v -6.74194145 10.21907711 3.50000000
v -6.72428179 10.21673584 3.50000000
v -6.72922897 10.21739197 3.50000000
v -6.70630026 10.21474457 3.50000000
v -6.68812799 10.21310806 3.50000000
v -6.66977119 10.21182919 3.50000000
v -6.65128326 10.21091843 3.50000000
v -6.62754250 10.21032143 3.50000000
v -6.63269091 10.21037102 3.50000000
v -6.61402941 10.21019077 3.50000000
v -6.59545898 10.21037197 3.50000000
v -6.60057306 10.21032238 3.50000000
v -7.15331125 11.73860073 3.49998593
v -7.15005541 12.30074215 3.49998331
v -7.15005255 12.30456638 3.49998331
v -7.15330935 12.98374844 3.49998331
v -7.15329218 12.98435783 3.49998331
v -7.15300751 12.99188900 3.49998331
v -7.15239239 12.99998856 3.49998331
v -7.15147781 13.00789356 3.49998331
v -7.15129948 13.00909615 3.49998331
v -7.15073967 13.01274014 3.49998331
v -7.15025187 13.01585674 3.49998331
v -7.15008116 13.01676559 3.49998331
v -7.14998436 13.01727486 3.49998331
v -7.14871454 13.02381134 3.49998307
v -7.14687538 13.03168011 3.49998307
v -7.14473391 13.03942204 3.49998283
v -7.14434242 13.04065514 3.49998283
v -7.14233065 13.04698372 3.49998283
v -7.14056110 13.05191326 3.49998283
v -7.14159250 13.04904652 3.49998283
v -7.13960266 13.05452824 3.49998260
v -7.13903570 13.05592823 3.49998260
v -7.13872194 13.05670834 3.49998260
v -7.13764191 13.05939007 3.49998260
v -7.13660431 13.06191444 3.49998260
v -7.13554811 13.06425571 3.49998260
v -7.13330650 13.06917477 3.49998236
v -7.13209009 13.07161140 3.49998236
v -7.13118029 13.07343578 3.49998236
v -7.12974548 13.07626534 3.49998212
v -7.12590599 13.08319950 3.49998212
v -7.12427807 13.08588505 3.49998188
v -7.12180519 13.08993721 3.49998188
v -7.12087727 13.09133339 3.49998188
v -7.11997604 13.09270000 3.49998164
v -7.11744118 13.09650135 3.49998164
v -7.11282682 13.10284519 3.49998140
v -7.11143684 13.10460663 3.49998140
v -7.10794067 13.10900974 3.49998116
v -7.10641003 13.11078930 3.49998116
v -7.10287237 13.11489105 3.49998093
v -7.09886026 13.11918736 3.49998069
v -7.10011625 13.11784267 3.49998069
v -7.09570789 13.12236977 3.49998069
v -7.09753180 13.12057781 3.49998069
v -7.09453392 13.12352753 3.49998045
v -7.09330845 13.12473106 3.49998045
v -7.35331106 13.55394840 3.49999309
v -7.20711231 13.55394840 3.49998593
v -7.09194756 13.12603569 3.49998045
v -7.08997583 13.12780762 3.49998021
v -7.08623695 13.13116074 3.49998021
v -7.08410120 13.13292408 3.49997997
v -7.08274031 13.13405323 3.49997997
v -7.08160973 13.13499069 3.49997997
v -7.08025455 13.13608456 3.49997973
v -7.07411766 13.14069557 3.49997950
v -7.06779003 13.14502048 3.49997926
v -7.06126833 13.14907265 3.49997902
v -7.06350136 13.14769840 3.49997902
v -7.06518984 13.14664173 3.49997902
v -7.05461645 13.15280247 3.49997854
v -7.04780626 13.15622234 3.49997830
v -7.04090023 13.15930939 3.49997807
v -7.03767538 13.16058064 3.49997783
v -7.03381109 13.16209316 3.49997759
v -7.03555965 13.16141796 3.49997759
v -7.02668428 13.16452312 3.49997735
v -7.02768946 13.16419125 3.49997735
v -7.02315903 13.16554737 3.49997711
v -7.02046394 13.16633415 3.49997687
v -7.01939535 13.16663265 3.49997687
v -7.01645184 13.16734123 3.49997687
v -7.01209879 13.16838646 3.49997663
v -7.00901651 13.16897678 3.49997640
v -7.00578690 13.16959858 3.49997616
v -7.00466776 13.16980457 3.49997616
v -7.00546312 13.16966057 3.49997616
v -6.99799538 13.17076397 3.49997592
v -6.99722719 13.17086792 3.49997592
v -6.99395704 13.17118073 3.49997568
v -6.98973989 13.17158127 3.49997544
v -6.99037600 13.17152500 3.49997544
v -6.98252964 13.17193031 3.49997520
v -6.98208094 13.17194080 3.49997520
v -6.63313770 13.18052006 3.49997759
v -6.35331154 17.00293159 1.76638675
v -6.35331154 16.91737747 1.95656681
v -6.35331154 19.43139267 1.86636305
v -6.35331154 19.43187523 1.94313824
v -6.35331154 19.43291473 2.10794449
v -6.35331154 19.43292046 2.10893917
v -6.35331154 19.43294907 2.11339784
v -6.35331154 19.43298149 2.11864400
v -6.35331154 19.43297386 2.11743522
v -6.35331154 19.43304443 2.12874150
v -6.35331154 19.43304825 2.12939239
v -6.35331154 19.43311691 2.14001632
v -6.35331154 19.43312263 2.14123321
v -6.35331154 19.43316078 2.14709806
v -6.35331154 19.43320656 2.15433979
v -6.35331154 19.43329811 2.16878080
v -6.35331154 19.43330383 2.16974688
v -6.35331154 19.43334770 2.17672563
v -6.35331154 19.43337822 2.18167090
v -6.35331154 19.43340683 2.18624520
v -5.83291626 19.43341446 2.18738675
v -5.83121586 19.43341255 2.18710613
v -5.82669544 19.43340874 2.18644929
v -5.82895756 19.43341064 2.18676043
v -5.82742929 19.43341064 2.18654418
v -5.82973623 19.43341255 2.18688202
v -5.81512642 19.43338013 2.18179560
v -5.34717798 19.43303490 2.12693977
v -5.59901857 19.43322182 2.15672016
v -5.13769913 19.43288422 2.10319567
v -5.05103779 19.43282127 2.09314275
v -6.35331154 19.43341827 2.18804526
v -6.35331154 19.43355560 2.20977688
v -6.35331154 19.43374062 2.23929811
v -6.35331154 19.43393135 2.26919842
v -6.35331154 19.43396950 2.27524757
v -6.35331154 19.43400955 2.28172636
v -6.35331154 19.43403816 2.28630972
v -6.35331154 19.43427086 2.32328892
v -6.35331154 19.43432617 2.33194208
v -6.35331154 19.43438339 2.34114075
v -6.35331154 19.43447304 2.35535431
v -6.35331154 19.43478012 2.40401530
v -6.35331154 19.43483925 2.41346550
v -6.35331154 19.43522072 2.47384381
v -6.35331154 19.43528557 2.48423743
v -6.35331154 19.43537331 2.49844193
v -6.35331154 19.43544197 2.50918746
v -6.35331154 19.43556404 2.52871418
v -6.35331154 19.43562889 2.53882146
v -6.35331154 19.43569565 2.54952025
v -6.35331154 19.43576622 2.56083822
v -6.35331154 19.43579674 2.56569409
v -6.35331154 19.43589592 2.58112049
v -6.35331154 19.43597221 2.59342408
v -6.35331154 19.43604279 2.60472846
v -5.94167757 19.43364334 2.22381353
v -5.94094324 19.43363953 2.22309709
v -5.94038773 19.43363953 2.22320914
v -5.96459198 19.43371010 2.23441219
v -5.96247959 19.43370438 2.23328710
v -5.97514105 19.43374443 2.23968267
v -5.98253584 19.43379402 2.24745560
v -5.97051859 19.44064522 2.25219202
v -5.96955824 19.44201660 2.25458789
v -5.99629402 19.43389893 2.26420450
v -5.99550009 19.43389320 2.26314688
v -6.00173807 19.43394661 2.27188253
v -6.00554848 19.43398094 2.27729630
v -6.00921106 19.43401146 2.28223610
v -6.01053619 19.43402481 2.28420448
v -5.95952892 19.45539474 2.27924705
v -5.86128235 19.43345642 2.19397140
v -5.87986803 19.43349075 2.19956923
v -5.87150335 19.43347549 2.19691944
v -5.86614847 19.43346405 2.19532013
v -5.86883974 19.43346977 2.19608974
v -5.86359024 19.43346024 2.19460917
v -5.87449312 19.43348122 2.19783783
v -5.91912317 19.43358421 2.21416903
v -5.90734816 19.43355370 2.20947313
v -5.91646481 19.43357658 2.21308470
v -5.89217663 19.43351936 2.20381498
v -5.88581038 19.43350410 2.20158839
v -5.89710999 19.43352890 2.20565176
v -5.89681101 19.43352890 2.20550942
v -5.89512396 19.43352318 2.20471740
v -5.89442444 19.43352318 2.20462179
v -5.84895134 19.43343544 2.19068503
v -5.84752083 19.43343353 2.19034243
v -5.84483290 19.43342972 2.18973446
v -5.84349585 19.43342781 2.18944216
v -5.84118366 19.43342400 2.18897390
v -5.85665703 19.43344688 2.19262886
v -5.85328770 19.43344116 2.19176078
v -5.85115862 19.43343925 2.19121146
v -5.85782528 19.43345070 2.19296098
v -5.83932495 19.43342209 2.18861222
v -5.83387184 19.43341637 2.18756747
v -5.83565235 19.43341827 2.18790007
v -6.02525187 19.43417358 2.30802512
v -5.94862986 19.46837616 2.30332804
v -5.94702911 19.46978569 2.30581594
v -5.94200706 19.47528839 2.31613302
v -6.04241180 19.43437767 2.34041142
v -6.05729628 19.43458557 2.37318945
v -6.06008816 19.43462753 2.37980461
v -6.06284809 19.43467140 2.38694048
v -6.06562662 19.43470192 2.39166737
v -5.93589592 19.48111153 2.32698703
v -5.93450117 19.48227501 2.32912588
v -5.93060827 19.48568726 2.33553290
v -5.92677593 19.48870850 2.34113598
v -5.92458773 19.49048805 2.34442997
v -5.92317677 19.49134064 2.34603095
v -5.92106581 19.49269676 2.34852004
v -5.91924095 19.49398422 2.35092497
v -5.91726637 19.49514008 2.35305500
v -5.91535187 19.49620438 2.35501099
v -5.91362000 19.49716759 2.35678601
v -5.91273403 19.49761772 2.35758495
v -5.91013813 19.49888039 2.35989094
v -5.90844774 19.49962807 2.36121798
v -5.90665960 19.50036812 2.36254692
v -5.90547657 19.50082207 2.36334205
v -5.90320730 19.50162888 2.36475301
v -5.90201330 19.50195694 2.36527705
v -5.89998198 19.50256729 2.36633396
v -5.89829063 19.50299263 2.36703205
v -5.89662933 19.50333405 2.36754799
v -5.89573240 19.50351143 2.36780810
v -5.89407492 19.50376129 2.36814594
v -5.89260960 19.50395393 2.36839700
v -5.89182091 19.50403595 2.36847591
v -5.89026642 19.50419044 2.36863708
v -5.88948584 19.50422668 2.36862707
v -5.01489925 19.53874207 2.35564709
v -6.07997036 19.43495750 2.43220830
v -6.08304262 19.43501663 2.44167686
v -6.08605289 19.43507957 2.45179725
v -6.09113216 19.43517685 2.46715760
v -6.10576773 19.43551064 2.52008224
v -6.10830784 19.43557549 2.53036046
v -6.12237930 19.43599129 2.59618473
v -6.12445498 19.43606186 2.60755301
v -6.12703514 19.43615913 2.62317038
v -6.35331154 16.87171555 3.02032971
v -6.35331154 16.93053436 3.02032971
v -6.35331154 19.43624878 2.63725853
v -6.35331154 19.43632698 2.64949369
v -6.35331154 19.43642044 2.66459918
v -6.35331154 19.43642426 2.66527486
v -6.35331154 19.43648911 2.67537451
v -6.35331154 19.43656731 2.68786478
v -6.35331154 19.43659592 2.69264054
v -6.35331154 19.43662071 2.69620728
v -6.35331154 19.43666267 2.70296693
v -6.35331154 19.43674278 2.71592999
v -6.35331154 19.43677902 2.72144961
v -6.35331154 19.43680573 2.72569966
v -6.35331154 19.43682098 2.72821951
v -6.35331154 19.43690491 2.74173141
v -6.35331154 19.43692589 2.74511933
v -6.35331154 19.43694496 2.74794674
v -6.35331154 19.43696213 2.75054216
v -6.35331154 19.43695450 2.74927497
v -6.35331154 19.43698883 2.75481033
v -6.35331154 19.43697548 2.75277305
v -6.35331154 19.43700027 2.75670481
v -6.35331154 19.43708992 2.77054787
v -6.35331154 19.43710709 2.77343750
v -6.35331154 19.43712616 2.77638340
v -6.35331154 19.43865585 3.01938653
v -6.35331154 19.43866158 3.02032971
v -6.12888336 19.43623352 2.63499999
v -6.13233948 19.43636894 2.65635228
v -6.13413906 19.43643761 2.66735196
v -6.13583231 19.43651199 2.67908692
v -6.13740873 19.43659019 2.69159675
v -6.13804054 19.43662453 2.69698143
v -6.14008093 19.43673325 2.71403217
v -6.14169979 19.43681717 2.72759700
v -6.14305973 19.43689537 2.74011183
v -6.14637375 19.43712425 2.77637863
v -6.14739561 19.43721199 2.79012394
v -6.14863539 19.43731880 2.80707884
v -6.14868212 19.43732262 2.80784273
v -6.14936972 19.43739510 2.81925941
v -6.15018749 19.43748283 2.83338547
v -6.15046740 19.43751717 2.83880544
v -6.15066195 19.43754387 2.84286237
v -6.15098667 19.43759155 2.85057950
v -6.15160179 19.43768501 2.86537409
v -6.15182877 19.43772507 2.87169552
v -6.15197754 19.43775558 2.87658095
v -6.15205526 19.43777275 2.87948465
v -6.15245199 19.43787003 2.89506507
v -6.15254307 19.43789482 2.89897680
v -6.15260935 19.43791771 2.90224838
v -6.15263748 19.43792725 2.90378737
v -6.15266132 19.43793678 2.90525794
v -6.15269756 19.43795204 2.90785122
v -6.15272713 19.43796730 2.91022182
v -6.15274906 19.43798065 2.91243076
v -6.15289927 19.43808556 2.92857647
v -6.15292311 19.43810654 2.93195248
v -6.15293598 19.43812752 2.93540287
v -6.15273523 19.43866158 3.02032971
v -6.15300608 19.47185707 3.02032971
v -6.15299797 19.47294617 3.02032971
v -6.15260029 19.48682213 3.02032971
v -6.15266514 19.48569298 3.02032971
v -6.15271282 19.48473740 3.02032971
v -6.15273285 19.48428154 3.02032971
v -6.15275049 19.48384476 3.02032971
v -6.15277624 19.48306465 3.02032971
v -6.15279770 19.48234558 3.02032971
v -6.15281391 19.48166847 3.02032971
v -6.15298128 19.47399521 3.02032971
v -6.15239286 19.49011040 3.02032971
v -6.15292597 19.47652626 3.02032971
v -6.15042830 19.51115227 3.02032971
v -6.15060902 19.50975800 3.02032971
v -6.15073729 19.50869560 3.02032971
v -6.15095520 19.50662994 3.02032971
v -6.15178776 19.49864769 3.02032971
v -6.15194321 19.49691391 3.02032971
v -6.15204716 19.49554443 3.02032971
v -6.15210199 19.49471664 3.02032971
v -6.15138626 19.50249863 3.02032971
v -6.14804220 19.52630615 3.02032971
v -6.14881468 19.52209091 3.02032971
v -6.14924860 19.51923561 3.02032971
v -6.14978886 19.51553154 3.02032971
v -6.14710760 19.53127861 3.02032971
v -6.14338636 19.54799271 3.02032971
v -6.14649534 19.53453445 3.02032971
v -6.14530420 19.53969765 3.02032971
v -6.13887405 19.56366730 3.02032971
v -6.13918638 19.56261444 3.02032971
v -6.14023066 19.55916786 3.02032971
v -6.14109945 19.55629349 3.02032971
v -6.14186049 19.55352974 3.02032971
v -6.13696909 19.56962776 3.02032971
v -6.13311052 19.58047485 3.02032971
v -6.13617611 19.57210922 3.02032971
v -6.13396502 19.57814217 3.02032971
v -6.12968349 19.58874321 3.02032971
v -6.13059282 19.58654976 3.02032971
v -6.12601900 19.59769249 3.02032971
v -6.12716436 19.59495926 3.02032971
v -6.12801600 19.59280968 3.02032971
v -6.12305021 19.60408974 3.02032971
v -6.12212992 19.60607338 3.02032971
v -6.11883640 19.61244583 3.02032971
v -6.11302185 19.62316895 3.02032971
v -6.10926104 19.62975502 3.02032971
v -6.10418892 19.63782310 3.02032971
v -6.10519886 19.63621521 3.02032971
v -6.09980345 19.64418030 3.02032971
v -6.09428167 19.65204239 3.02032971
v -6.09250784 19.65414810 3.02032971
v -6.08661938 19.66194916 3.02032971
v -6.08765984 19.66057014 3.02032971
v -6.08144855 19.66821861 3.02032971
v -6.08038521 19.66950798 3.02032971
v -6.07490444 19.67559242 3.02032971
v -6.06922007 19.68151093 3.02032971
v -6.07011080 19.68091965 3.02032971
v -6.06335735 19.68747711 3.02032971
v -6.06247568 19.68837547 3.02032971
v -6.05542469 19.69494629 3.02032971
v -6.05631924 19.69411278 3.02032971
v -6.05084991 19.69890976 3.02032971
v -6.04434824 19.70445824 3.02032971
v -6.02544212 19.71851730 3.02032971
v -6.01393175 19.72590065 3.02032971
v -6.00600195 19.73052788 3.02032971
v -6.00637674 19.73031044 3.02032971
v -6.00497293 19.73107338 3.02032971
v -6.00391340 19.73166656 3.02032971
v -6.00241852 19.73249435 3.02032971
v -5.99461412 19.73657799 3.02032971
v -5.99088717 19.73836136 3.02032971
v -5.97963667 19.74344063 3.02032971
v -5.98288488 19.74209976 3.02032971
v -5.96843529 19.74790573 3.02032971
v -5.97148180 19.74680901 3.02032971
v -5.95713663 19.75181580 3.02032971
v -5.96021795 19.75086212 3.02032971
v -5.94842339 19.75448418 3.02032971
v -5.94887543 19.75436592 3.02032971
v -5.94698668 19.75488091 3.02032971
v -5.93866205 19.75704193 3.02032971
v -5.93692017 19.75746727 3.02032971
v -5.93651724 19.75755692 3.02032971
v -5.93538284 19.75780678 3.02032971
v -5.92593002 19.75979042 3.02032971
v -5.92529202 19.75992584 3.02032971
v -5.92425776 19.76009560 3.02032971
v -5.92487860 19.75998878 3.02032971
v -5.92371750 19.76019287 3.02032971
v -5.92313147 19.76028252 3.02032971
v -5.92703724 19.75956154 3.02032971
v -5.91421700 19.76172447 3.02032971
v -5.91370583 19.76180077 3.02032971
v -5.91267347 19.76194000 3.02032971
v -5.91163635 19.76206779 3.02032971
v -5.91216993 19.76200485 3.02032971
v -5.91477919 19.76164055 3.02032971
v -5.90326977 19.76303101 3.02032971
v -5.90224504 19.76314354 3.02032971
v -5.90291929 19.76307106 3.02032971
v -5.90188980 19.76317787 3.02032971
v -5.90077877 19.76327896 3.02032971
v -5.90028238 19.76331902 3.02032971
v -5.90128422 19.76323509 3.02032971
v -5.89132261 19.76394272 3.02032971
v -5.89088535 19.76396942 3.02032971
v -5.89018536 19.76401138 3.02032971
v -5.89181709 19.76390839 3.02032971
v -5.76141119 19.76998901 3.02032971
v -5.63226128 19.77571869 3.02032971
v -4.84401131 10.24478340 3.50000000
v -0.09678347 10.33805561 3.50000000
v -0.09206444 10.33819485 3.50000000
v -0.07821265 10.33860397 3.50000000
v -0.05955337 10.33951950 3.50000000
v -0.06430023 10.33928585 3.50000000
v -0.05481982 10.33984375 3.50000000
v -0.04096170 10.34079552 3.50000000
v -0.02247684 10.34243202 3.50000000
v -0.02720126 10.34201336 3.50000000
v -0.00412356 10.34443283 3.50000000
v -0.15801482 13.33972168 3.50000000
v -0.13379283 13.34031773 3.50000000
v -0.13262399 13.34034634 3.50000000
v -4.04893923 17.00293159 1.76638675
v -4.04893923 16.91737747 1.95656681
v -4.04893923 19.32538414 1.75261915
v -4.04893923 19.32447052 1.75163877
v -4.04893923 19.32392502 1.75105429
v -4.04893923 19.32478333 1.75197661
v -4.04893923 19.32916832 1.75668073
v -4.04893923 19.32845306 1.75591385
v -4.04893923 19.32877159 1.75625455
v -4.04893923 19.33068466 1.75830650
v -4.04893923 19.33456230 1.76246691
v -4.04893923 19.43139267 1.86636305
v -4.70888662 19.43257141 2.05344319
v -4.70762300 19.43256950 2.05332327
v -4.68829679 19.43258476 2.05549717
v -4.69255781 19.43259239 2.05694485
v -4.68695354 19.43259048 2.05650306
v -4.68399382 19.43258858 2.05629230
v -4.68114901 19.43258858 2.05614853
v -4.67922544 19.43258858 2.05609322
v -4.67817545 19.43258667 2.05607986
v -4.67749834 19.43258667 2.05607390
v -4.67450714 19.43258667 2.05604434
v -4.67589092 19.43258667 2.05604482
v -4.66925812 19.43258858 2.05623031
v -4.67188072 19.43258667 2.05607986
v -4.66613007 19.43258858 2.05626988
v -4.65929508 19.43259048 2.05651402
v -4.66441584 19.43258858 2.05631375
v -4.66045952 19.43259048 2.05646086
v -4.66252661 19.43258858 2.05637503
v -4.65801668 19.43259048 2.05658937
v -4.65531397 19.43259239 2.05676031
v -4.65200186 19.43259239 2.05699611
v -4.64952278 19.43259430 2.05721569
v -4.64524412 19.43259811 2.05762959
v -4.63954449 19.43260193 2.05827928
v -4.63584518 19.43260574 2.05881834
v -4.63407707 19.43260574 2.05901694
v -4.62708187 19.43261147 2.05993271
v -4.62385130 19.43261528 2.06044674
v -4.61813259 19.43262100 2.06132841
v -4.60444021 19.43263626 2.06385446
v -4.60684967 19.43263435 2.06335044
v -4.60379171 19.43263817 2.06401849
v -4.58587408 19.43266106 2.06781960
v -4.55615377 19.43271065 2.07548976
v -4.51715231 19.43278694 2.08761883
v -4.51084423 19.43280029 2.08985066
v -4.50969934 19.43280220 2.09011412
v -4.50902843 19.43280411 2.09050012
v -4.46601439 19.43291092 2.10748839
v -4.45492268 19.43299294 2.12037206
v -4.45450592 19.43299675 2.12093258
v -4.45408964 19.43300056 2.12155628
v -4.44999409 19.43302727 2.12590957
v -4.44386387 19.43310165 2.13773322
v -4.43342638 19.43320656 2.15448999
v -4.43009806 19.43323708 2.15915465
v -4.48360395 19.46434784 2.16556311
v -4.48705864 19.46802711 2.17207694
v -4.42871666 19.43325043 2.16144085
v -4.42734051 19.43326759 2.16394830
v -4.42597055 19.43328476 2.16668725
v -4.41906500 19.43335915 2.17843437
v -4.04893923 19.43228722 2.00855374
v -4.04893923 19.43229485 2.00949669
v -4.04893923 19.43235207 2.01867414
v -4.04893923 19.43339920 2.18489218
v -4.49654102 19.48382187 2.20287895
v -4.50572300 19.49613953 2.22636008
v -4.39503098 19.43369484 2.23164606
v -4.39269638 19.43372917 2.23723030
v -4.53179264 19.52569199 2.28502393
v -4.52023363 19.51380920 2.26116896
v -4.39039373 19.43376732 2.24324942
v -4.53120279 19.52550125 2.28475404
v -4.37623072 19.43400383 2.28101730
v -4.37529325 19.43402290 2.28413749
v -4.53908920 19.53275490 2.29955292
v -4.54312086 19.53602791 2.30633402
v -4.54539776 19.53791046 2.31022191
v -4.55057621 19.54174614 2.31828690
v -4.55491066 19.54461288 2.32436705
v -4.55829334 19.54664612 2.32873011
v -4.56310034 19.54916382 2.33419490
v -4.56032753 19.54774666 2.33109593
v -4.56655073 19.55074120 2.33766294
v -4.56543398 19.55024338 2.33656597
v -4.57535362 19.55376816 2.34454012
v -4.57282734 19.55305481 2.34288406
v -4.57120419 19.55253220 2.34169102
v -4.59027576 19.55550003 2.34934497
v -4.58213520 19.55512047 2.34788108
v -4.58011532 19.55479431 2.34703994
v -4.57670975 19.55411720 2.34537196
v -4.57902193 19.55460548 2.34657598
v -4.57834291 19.55445290 2.34620500
v -4.58871603 19.55551338 2.34923196
v -4.58528280 19.55540848 2.34873509
v -4.56947327 19.55188560 2.34022403
v -4.56760454 19.55115128 2.33857703
v -4.37323380 19.43406105 2.29001498
v -4.37120819 19.43410110 2.29632783
v -4.35893488 19.43436050 2.33741093
v -4.34700060 19.43465233 2.38414574
v -4.34088850 19.43482971 2.41206765
v -4.33948088 19.43486977 2.41841960
v -4.33851480 19.43489838 2.42287874
v -4.33716869 19.43494034 2.42959976
v -4.33556271 19.43499374 2.43813777
v -4.33385849 19.43504906 2.44712973
v -4.33153057 19.43512726 2.45941710
v -4.33032608 19.43516922 2.46611500
v -4.32471800 19.43538666 2.50052953
v -4.32112408 19.43554688 2.52584434
v -4.32103777 19.43554878 2.52620888
v -4.32006502 19.43559074 2.53306699
v -4.31641102 19.43578148 2.56298423
v -4.31400204 19.43592262 2.58566642
v -4.31321049 19.43597031 2.59314990
v -4.31291103 19.43598938 2.59636521
v -4.31194210 19.43605614 2.60671926
v -4.31123781 19.43610573 2.61466336
v -4.04893923 16.87171555 3.02032971
v -4.04893923 16.93065834 3.02032971
v -4.31019735 19.43618393 2.62710118
v -4.30998230 19.43620110 2.62988997
v -4.30939293 19.43625259 2.63776231
v -4.30878782 19.43630409 2.64619517
v -4.30825233 19.43635368 2.65387726
v -4.30794716 19.43638229 2.65863276
v -4.30779362 19.43639755 2.66104722
v -4.30755091 19.43642426 2.66514540
v -4.30734396 19.43644714 2.66876626
v -4.30713034 19.43647194 2.67265248
v -4.30662823 19.43652725 2.68171024
v -4.30644131 19.43655205 2.68539238
v -4.30627298 19.43657303 2.68879390
v -4.30619049 19.43658257 2.69048047
v -4.30596781 19.43661499 2.69548607
v -4.30582857 19.43663406 2.69870877
v -4.30569553 19.43665695 2.70209646
v -4.30531454 19.43671799 2.71190333
v -4.30522823 19.43673325 2.71416259
v -4.30500174 19.43677330 2.72070122
v -4.30507517 19.43675804 2.71845603
v -4.30488873 19.43679619 2.72444677
v -4.30471706 19.43683624 2.73067045
v -4.30479813 19.43681717 2.72760415
v -4.30467653 19.43684578 2.73229790
v -4.30443668 19.43691254 2.74275756
v -4.30437040 19.43693161 2.74576831
v -4.30428743 19.43695831 2.74986196
v -4.30423880 19.43697548 2.75268435
v -4.30420828 19.43698883 2.75470400
v -4.70948792 19.81759262 3.02032971
v -4.59063005 19.82298660 3.02032971
v -4.59019661 19.82300186 3.02032971
v -4.58924294 19.82302856 3.02032971
v -4.57734489 19.82320023 3.02032971
v -4.57841492 19.82322121 3.02032971
v -4.57804060 19.82321548 3.02032971
v -4.57905483 19.82322311 3.02032971
v -4.57991886 19.82322121 3.02032971
v -4.57935810 19.82322311 3.02032971
v -4.58079433 19.82320595 3.02032971
v -4.56822252 19.82297516 3.02032971
v -4.56774426 19.82295799 3.02032971
v -4.56867218 19.82298851 3.02032971
v -4.55599546 19.82215500 3.02032971
v -4.56524372 19.82282066 3.02032971
v -4.56599665 19.82287025 3.02032971
v -4.56663370 19.82290840 3.02032971
v -4.56722927 19.82293701 3.02032971
v -4.55655289 19.82219887 3.02032971
v -4.55507517 19.82207489 3.02032971
v -4.55390835 19.82195663 3.02032971
v -4.54213762 19.82051849 3.02032971
v -4.54320383 19.82066917 3.02032971
v -4.54381227 19.82075882 3.02032971
v -4.54521322 19.82092667 3.02032971
v -4.53150082 19.81873894 3.02032971
v -4.53343534 19.81907463 3.02032971
v -4.52855158 19.81813240 3.02032971
v -4.51981115 19.81626511 3.02032971
v -4.50744867 19.81302643 3.02032971
v -4.49653101 19.80958748 3.02032971
v -4.47629499 19.80180931 3.02032971
v -4.46795082 19.79787827 3.02032971
v -4.46119738 19.79473686 3.02032971
v -4.48481655 19.80535507 3.02032971
v -4.41538191 19.76517868 3.02032971
v -4.37508678 19.72639465 3.02032971
v -4.41370583 19.76406479 3.02032971
v -4.40753698 19.75871086 3.02032971
v -4.39998817 19.75218391 3.02032971
v -4.40061331 19.75276947 3.02032971
v -4.39272976 19.74533081 3.02032971
v -4.38249826 19.73477745 3.02032971
v -4.38222885 19.73442841 3.02032971
v -4.38163424 19.73376465 3.02032971
v -4.39334536 19.74596024 3.02032971
v -4.38639021 19.73884201 3.02032971
v -4.37566996 19.72710419 3.02032971
v -4.44371462 19.78513527 3.02032971
v -4.44229460 19.78405952 3.02032971
v -4.43981457 19.78249741 3.02032971
v -4.43901014 19.78205490 3.02032971
v -4.43867350 19.78183556 3.02032971
v -4.45281982 19.79032135 3.02032971
v -4.44465590 19.78552628 3.02032971
v -4.43055296 19.77654457 3.02032971
v -4.43088675 19.77678299 3.02032971
v -4.42267179 19.77089500 3.02032971
v -4.42300224 19.77115440 3.02032971
v -4.30071259 19.43849754 2.99424672
v -4.30033207 19.43866158 3.02032971
v -4.30099344 19.45542526 3.02032971
v -4.30452919 19.54456139 3.02032971
v -4.30448151 19.54367447 3.02032971
v -4.30445290 19.54305649 3.02032971
v -4.30443430 19.54261017 3.02032971
v -4.30456686 19.54520607 3.02032971
v -4.30670643 19.56955338 3.02032971
v -4.30490875 19.55080986 3.02032971
v -4.30652618 19.56816864 3.02032971
v -4.30661201 19.56883812 3.02032971
v -4.30636787 19.56683350 3.02032971
v -4.30648375 19.56783485 3.02032971
v -4.30629444 19.56618118 3.02032971
v -4.30622339 19.56548882 3.02032971
v -4.30601501 19.56344223 3.02032971
v -4.30527020 19.55603218 3.02032971
v -4.30535269 19.55691528 3.02032971
v -4.30523014 19.55556679 3.02032971
v -4.30516815 19.55478096 3.02032971
v -4.30511761 19.55411339 3.02032971
v -4.30507183 19.55345726 3.02032971
v -4.30504894 19.55310631 3.02032971
v -4.30539846 19.55737305 3.02032971
v -4.30992937 19.58938408 3.02032971
v -4.30843687 19.58130836 3.02032971
v -4.30828905 19.58041763 3.02032971
v -4.30809355 19.57917976 3.02032971
v -4.30821371 19.57996178 3.02032971
v -4.30799007 19.57847977 3.02032971
v -4.30788136 19.57772255 3.02032971
v -4.30762196 19.57592010 3.02032971
v -4.30869150 19.58271980 3.02032971
v -4.31340551 19.60518646 3.02032971
v -4.31297255 19.60339165 3.02032971
v -4.31264925 19.60197830 3.02032971
v -4.31059980 19.59289932 3.02032971
v -4.31050014 19.59239578 3.02032971
v -4.31022167 19.59095955 3.02032971
v -4.31353712 19.60573387 3.02032971
v -4.31107330 19.59509087 3.02032971
v -4.33605099 19.66686630 3.02032971
v -4.34528255 19.68393517 3.02032971
v -4.34479809 19.68308258 3.02032971
v -4.34032011 19.67517662 3.02032971
v -4.33985519 19.67427063 3.02032971
v -4.34064960 19.67576981 3.02032971
v -4.31683540 19.61782837 3.02032971
v -4.32369661 19.63821602 3.02032971
v -4.32510376 19.64207458 3.02032971
v -4.32062435 19.62981796 3.02032971
v -4.31579924 19.61403847 3.02032971
v -4.31544495 19.61273956 3.02032971
v -4.33550072 19.66572380 3.02032971
v -4.33490467 19.66449738 3.02032971
v -4.33407164 19.66278076 3.02032971
v -4.33363008 19.66182327 3.02032971
v -4.33022165 19.65443611 3.02032971
v -4.36943531 19.71950912 3.02032971
v -4.36052752 19.70772743 3.02032971
v -4.34731197 19.68755531 3.02032971
v -4.04893923 19.43866158 3.02032971
v -6.35331154 20.12620735 0.50000000
v -7.35331345 22.16237068 0.50000000
v -5.10658979 22.16237068 0.50000000
v -6.88550472 23.35523987 0.53477800
v -6.89980698 23.38412285 0.53730601
v -6.91285992 23.41357994 0.53988600
v -6.93506908 23.47405243 0.54518300
v -6.92462158 23.44357872 0.54251403
v -6.95834446 23.56779861 0.55339301
v -6.94417906 23.50495720 0.54789001
v -6.95194578 23.53622818 0.55062801
v -6.96336269 23.59962273 0.55617899
v -6.96699762 23.63164330 0.55898100
v -6.96923590 23.66378403 0.56179398
v -6.97000313 23.69592857 0.56461197
v -6.96923065 23.72808075 0.56743002
v -6.65356541 23.09091949 0.51168501
v -6.67959642 23.11006355 0.51335198
v -6.57082319 23.04075050 0.50730097
v -6.62672424 23.07289505 0.51011902
v -6.59915829 23.05615234 0.50865698
v -6.51208305 23.01374054 0.50491798
v -6.54174042 23.02660942 0.50605398
v -6.48189354 23.00217247 0.50389701
v -6.45123434 22.99190140 0.50299102
v -6.42017031 22.98295784 0.50220197
v -6.32504559 22.96430397 0.50055301
v -6.29289532 22.96082687 0.50024599
v -6.26063156 22.95873451 0.50006199
v -6.38873148 22.97538567 0.50153202
v -6.35701513 22.96914482 0.50098199
v -6.72902203 23.15164185 0.51697600
v -6.75232840 23.17397499 0.51892400
v -6.81613350 23.24670792 0.52527899
v -6.83522892 23.27269554 0.52755302
v -6.77463913 23.19730568 0.52096099
v -6.79593992 23.22154617 0.52308100
v -6.85317659 23.29948235 0.52989697
v -6.86994076 23.32701492 0.53230602
v -6.70476198 23.13033485 0.51511699
v -6.96699286 23.76024437 0.57024300
v -6.96335888 23.79228210 0.57304603
v -6.95834064 23.82412148 0.57583201
v -6.95194674 23.85571098 0.57859701
v -6.94418526 23.88699150 0.58133602
v -6.93507576 23.91790009 0.58404201
v -6.92461967 23.94838905 0.58671099
v -6.91286182 23.97838974 0.58933800
v -6.89981031 24.00785255 0.59191799
v -6.88549376 24.03673363 0.59444702
v -7.35331345 24.82067490 0.50000000
v -6.86993742 24.06496048 0.59691799
v -6.85317516 24.09249306 0.59932798
v -6.83521986 24.11927986 0.60167199
v -6.81613064 24.14526367 0.60394502
v -6.79592752 24.17041588 0.60614502
v -6.77464533 24.19465828 0.60826403
v -6.75233269 24.21796227 0.61030000
v -6.72902155 24.24028778 0.61224902
v -6.70475340 24.26159668 0.61410803
v -6.67958164 24.28183174 0.61587203
v -6.65355873 24.30096817 0.61753899
v -6.62671852 24.31896210 0.61910498
v -6.59915781 24.33570290 0.62056798
v -6.57081509 24.35111046 0.62192303
v -6.54174232 24.36527061 0.62317002
v -6.51207447 24.37815285 0.62430501
v -6.48188782 24.38974953 0.62532699
v -6.45123482 24.40002823 0.62623298
v -6.42015600 24.40897179 0.62702203
v -6.38872576 24.41657829 0.62769300
v -6.35700130 24.42280197 0.62824202
v -6.32503653 24.42766571 0.62867099
v -6.29288816 24.43114662 0.62897801
v -6.26062536 24.43323326 0.62916201
v -6.22831106 22.95804024 0.50000000
v -6.19598627 22.95873260 0.50006199
v -6.16372156 22.96082687 0.50024700
v -6.13157892 22.96430016 0.50055301
v -6.09961176 22.96915054 0.50098199
v -6.06788969 22.97537613 0.50153100
v -6.03645849 22.98296738 0.50220197
v -6.00537825 22.99189377 0.50299102
v -5.97472620 23.00216484 0.50389701
v -5.94453526 23.01373672 0.50491899
v -5.91488266 23.02661514 0.50605398
v -5.88579559 23.04073715 0.50730097
v -5.85746050 23.05615234 0.50865602
v -5.82989311 23.07289124 0.51011902
v -5.80305576 23.09091187 0.51168501
v -5.77702761 23.11007309 0.51335198
v -5.75185442 23.13032341 0.51511598
v -5.72760153 23.15164185 0.51697499
v -5.70428371 23.17397690 0.51892400
v -5.68197346 23.19729614 0.52096099
v -5.66069651 23.22155762 0.52308100
v -5.64048338 23.24669456 0.52527899
v -5.62139320 23.27268791 0.52755201
v -5.60344362 23.29948044 0.52989602
v -5.58667421 23.32700920 0.53230602
v -5.57112217 23.35523796 0.53477699
v -5.55680370 23.38411522 0.53730601
v -5.54374933 23.41357422 0.53988600
v -5.53199720 23.44358253 0.54251403
v -5.52155304 23.47405434 0.54518300
v -5.51242495 23.50494385 0.54788899
v -5.50467968 23.53622055 0.55062699
v -5.49826860 23.56779671 0.55339199
v -5.49324942 23.59962463 0.55617899
v -5.48962116 23.63163376 0.55898100
v -5.48738289 23.66378021 0.56179398
v -5.48660946 23.69592094 0.56461197
v -5.48738146 23.72807503 0.56743002
v -5.91487455 24.36526680 0.62317002
v -5.88579130 24.35111046 0.62192303
v -5.85745716 24.33569336 0.62056702
v -5.82989120 24.31896400 0.61910498
v -5.80304384 24.30096436 0.61753899
v -5.70428324 24.21796608 0.61030000
v -5.68196869 24.19465256 0.60826302
v -5.66068697 24.17040634 0.60614401
v -5.64048815 24.14526176 0.60394502
v -5.75185728 24.26159477 0.61410803
v -5.72759008 24.24028778 0.61224902
v -5.77702332 24.28182983 0.61587203
v -6.13157940 24.42766571 0.62867099
v -6.09961033 24.42281342 0.62824303
v -6.22830296 24.43393517 0.62922400
v -6.19598246 24.43323135 0.62916201
v -6.16371870 24.43114471 0.62897801
v -6.06787443 24.41657829 0.62769300
v -6.03644705 24.40897369 0.62702203
v -6.00537729 24.40003395 0.62623399
v -5.97472191 24.38975525 0.62532800
v -5.94452715 24.37815857 0.62430602
v -5.48962593 23.76024246 0.57024300
v -5.49325418 23.79227066 0.57304502
v -5.49826908 23.82411385 0.57583201
v -5.51243830 23.88698006 0.58133399
v -5.50466585 23.85569763 0.57859600
v -5.55680132 24.00785446 0.59191799
v -5.57111979 24.03672791 0.59444600
v -5.52154732 23.91789627 0.58404100
v -5.53199482 23.94837570 0.58670998
v -5.54374504 23.97838211 0.58933800
v -5.58666658 24.06496048 0.59691799
v -5.60344172 24.09248543 0.59932703
v -5.62138939 24.11927223 0.60167098
v -5.10658979 24.82067490 0.50000000
v -10.00000000 27.50000000 0.00000000
v -8.99944115 28.58332825 0.00000000
v -8.91667080 28.50055885 0.00000000
v -8.96213245 28.53786850 0.00000000
v -9.02716351 28.63519478 0.00000000
v -9.04423523 28.69147301 0.00000000
v -8.86480522 28.47283554 0.00000000
v -8.80852699 28.45576477 0.00000000
v -8.99944115 28.58332825 0.27499998
v -8.91667080 28.50055885 0.27500001
v -8.96213245 28.53786850 0.27500001
v -9.02716351 28.63519478 0.27500001
v -9.04423523 28.69147301 0.27500001
v -8.86480522 28.47283554 0.27500001
v -8.80852699 28.45576477 0.27500001
v -10.00000000 30.00000000 0.00000000
v -9.05000019 28.75000000 0.00000000
v -9.04423523 28.80852699 0.00000000
v -9.02716351 28.86480522 0.00000000
v -8.99944115 28.91667175 0.00000000
v -8.96213245 28.96213150 0.00000000
v -8.91667080 28.99944115 0.00000000
v -8.86480522 29.02716446 0.00000000
v -8.80852699 29.04423523 0.00000000
v -9.05000019 28.75000000 0.27500001
v -9.04423523 28.80852699 0.27500001
v -9.02716351 28.86480522 0.27500001
v -8.99944115 28.91667175 0.27499998
v -8.96213245 28.96213150 0.27500001
v -8.91667080 28.99944115 0.27500001
v -8.86480522 29.02716446 0.27500001
v -8.80852699 29.04423523 0.27500001
v -8.75000000 28.45000076 0.00000000
v -8.69147301 28.45576477 0.00000000
v -8.63519478 28.47283554 0.00000000
v -8.58332920 28.50055885 0.00000000
v -8.53786755 28.53786850 0.00000000
v -8.50055885 28.58332825 0.00000000
v -8.47283649 28.63519478 0.00000000
v -8.45576477 28.69147301 0.00000000
v -8.75000000 28.45000076 0.27500001
v -8.69147301 28.45576477 0.27500001
v -8.63519478 28.47283554 0.27500001
v -8.58332920 28.50055885 0.27500001
v -8.53786755 28.53786850 0.27500001
v -8.50055885 28.58332825 0.27499998
v -8.47283649 28.63519478 0.27500001
v -8.45576477 28.69147301 0.27500001
v -8.75000000 29.04999924 0.00000000
v -8.69147301 29.04423523 0.00000000
v -8.63519478 29.02716446 0.00000000
v -8.44999981 28.75000000 0.00000000
v -8.45576477 28.80852699 0.00000000
v -8.47283649 28.86480522 0.00000000
v -8.53786755 28.96213150 0.00000000
v -8.58332920 28.99944115 0.00000000
v -8.50055885 28.91667175 0.00000000
v -8.75000000 29.04999924 0.27500001
v -8.69147301 29.04423523 0.27500001
v -8.63519478 29.02716446 0.27500001
v -8.44999981 28.75000000 0.27500001
v -8.45576477 28.80852699 0.27500001
v -8.47283649 28.86480522 0.27500001
v -8.53786755 28.96213150 0.27500001
v -8.58332920 28.99944115 0.27500001
v -8.50055885 28.91667175 0.27499998
v -10.00000000 27.50000000 0.50000000
v -9.12123108 28.37876892 0.50000000
v -9.23503685 28.54909134 0.50000000
v -9.26491261 28.64757729 0.50000000
v -9.18652153 28.45832634 0.50000000
v -8.95090866 28.26496315 0.50000000
v -9.04167461 28.31347847 0.50000000
v -8.85242271 28.23508835 0.50000000
v -10.00000000 30.00000000 0.50000000
v -9.27499962 28.75000000 0.50000000
v -9.26491261 28.85242271 0.50000000
v -9.23503685 28.95090866 0.50000000
v -9.18652153 29.04167366 0.50000000
v -9.12123108 29.12123108 0.50000000
v -9.04167461 29.18652153 0.50000000
v -8.95090866 29.23503685 0.50000000
v -8.85242271 29.26491165 0.50000000
v -8.75000000 28.22500038 0.50000000
v -8.64757729 28.23508835 0.50000000
v -8.54909134 28.26496315 0.50000000
v -8.45832539 28.31347847 0.50000000
v -8.37876892 28.37876892 0.50000000
v -8.31347847 28.45832634 0.50000000
v -8.26496315 28.54909134 0.50000000
v -8.23508739 28.64757729 0.50000000
v -8.75000000 29.27499962 0.50000000
v -8.64757729 29.26491165 0.50000000
v -8.45832539 29.18652153 0.50000000
v -8.54909134 29.23503685 0.50000000
v -8.31347847 29.04167366 0.50000000
v -8.22500038 28.75000000 0.50000000
v -8.23508739 28.85242271 0.50000000
v -8.26496315 28.95090866 0.50000000
v -8.37876892 29.12123108 0.50000000
v -7.35331345 26.37074471 0.50000000
v -6.87603951 27.26146507 0.53631598
v -6.91663122 27.30433846 0.54217201
v -6.93974543 27.33143806 0.54587698
v -6.93618155 27.32746315 0.54534501
v -6.89263821 27.27820969 0.53860199
v -6.88057280 27.28881836 0.53849697
v -6.90980244 27.29067421 0.54074198
v -6.90977859 27.32167816 0.54301798
v -7.03703928 27.47496414 0.56555903
v -7.04808235 27.49721146 0.56855702
v -7.00297165 27.41854477 0.55779999
v -6.97743702 27.38032150 0.55261499
v -6.96184301 27.35950851 0.54971701
v -6.96474791 27.36235619 0.55014199
v -6.98297215 27.38856316 0.55369103
v -6.99147701 27.39792061 0.55512601
v -7.01321268 27.43477440 0.56000900
v -7.00138426 27.44499588 0.56025797
v -7.02595329 27.45530701 0.56289399
v -7.03124189 27.46567345 0.56424099
v -6.95061255 27.34477997 0.54772902
v -6.76484299 27.16755486 0.52349401
v -6.73516321 27.14713860 0.52070898
v -6.64212894 27.09321594 0.51335800
v -6.70480728 27.12791824 0.51809102
v -6.67376614 27.10989571 0.51564002
v -6.62550974 27.08494949 0.51225501
v -6.61323977 27.09778976 0.51191598
v -6.64027023 27.09219170 0.51324099
v -6.59203339 27.06966591 0.51018000
v -6.59980822 27.07340431 0.51065099
v -6.84945440 27.23615074 0.53285497
v -6.82201481 27.21204567 0.52956498
v -6.79952526 27.21451187 0.52816600
v -6.83307457 27.24299622 0.53213298
v -6.81625795 27.22880745 0.53011602
v -6.79379225 27.18920135 0.52644497
v -6.47341061 27.02535248 0.50451702
v -6.45450449 27.02271080 0.50383598
v -6.45085430 27.02194595 0.50372702
v -6.40709591 27.01219559 0.50240701
v -6.41931868 27.01444626 0.50272399
v -6.48938084 27.03236008 0.50513500
v -6.55816507 27.05582047 0.50830400
v -6.52394581 27.04338074 0.50662500
v -6.42593861 27.03230858 0.50303501
v -6.38386297 27.00757217 0.50180101
v -6.34824181 27.00212097 0.50106502
v -6.36041498 27.02182388 0.50136799
v -6.33007526 26.99983978 0.50076699
v -6.31846285 26.99428749 0.50061899
v -6.29339504 26.99636459 0.50031102
v -6.27355051 26.99127197 0.50017101
v -6.25063467 26.99165154 0.50004703
v -6.25684595 26.99437714 0.50005603
v -6.22833061 27.01107407 0.50001198
v -6.22056961 26.99391556 0.50000000
v -6.20622778 27.01274681 0.50005800
v -6.18437624 26.99503708 0.50014102
v -6.16188431 27.01157188 0.50035697
v -6.14830065 26.99758530 0.50047302
v -6.13825989 26.99885178 0.50061601
v -6.11628294 27.00120735 0.50094199
v -6.11234665 27.00151253 0.50099802
v -6.09376907 27.00445747 0.50136799
v -6.07662630 27.00690651 0.50171101
v -6.04113007 27.01363754 0.50261700
v -6.02269363 27.01776695 0.50315899
v -5.98702621 27.02669907 0.50437301
v -5.98818016 27.04449272 0.50450099
v -5.95201015 27.03703690 0.50576597
v -5.93913698 27.03564262 0.50627798
v -5.91768265 27.04865074 0.50733602
v -5.89762068 27.05338287 0.50832802
v -5.88403130 27.06153297 0.50907701
v -5.88248873 27.07704353 0.50944901
v -5.85713482 27.07316780 0.51064801
v -5.85101271 27.07568550 0.51099402
v -5.83653975 27.08270264 0.51192403
v -5.81856394 27.09109306 0.51308602
v -5.78671455 27.10777283 0.51535201
v -5.80153179 27.11288834 0.51466000
v -5.77640152 27.11310959 0.51612800
v -5.77466011 27.13291359 0.51688802
v -5.75553656 27.12570572 0.51779199
v -5.73911524 27.13580132 0.51915503
v -5.71861458 27.14713287 0.52091902
v -5.70884275 27.15561867 0.52186501
v -5.70032692 27.16069221 0.52263701
v -5.68222952 27.17324638 0.52441198
v -5.67950010 27.17655373 0.52471697
v -5.66404200 27.18673325 0.52626503
v -5.65115643 27.19845390 0.52770698
v -5.62604713 27.21004486 0.53011900
v -5.10331345 26.37074471 0.50000000
v -5.62379742 27.22134209 0.53083199
v -5.61325645 27.23103714 0.53213698
v -5.59741879 27.24509811 0.53408998
v -5.58050251 27.26154900 0.53631598
v -5.55494308 27.28787422 0.53992403
v -5.54958057 27.29405212 0.54073799
v -5.53062439 27.31506157 0.54363799
v -5.53251696 27.33832741 0.54535198
v -5.50754881 27.34300041 0.54745901
v -5.50522709 27.37274933 0.55014998
v -5.48571491 27.37167549 0.55138201
v -5.47940874 27.38084030 0.55261499
v -5.46509457 27.40106201 0.55540103
v -5.46755600 27.42675972 0.55767697
v -5.45603848 27.44544792 0.56026202
v -5.44568825 27.43111420 0.55951399
v -5.44276667 27.46307945 0.56289101
v -5.43446493 27.48363113 0.56555998
v -5.42749739 27.46185493 0.56372100
v -5.41067314 27.49318695 0.56801498
v -5.40919971 27.49473763 0.56825101
v -6.22831392 26.94983482 0.74761099
v -7.50000000 27.50000000 0.00000000
v -7.50000000 30.00000000 0.00000000
v -7.50000000 27.50000000 0.50000000
v -7.05655766 27.51501846 0.57099402
v -7.06364584 27.52933311 0.57295102
v -7.07790279 27.56202507 0.57742202
v -7.08394194 27.57610893 0.57938302
v -7.09089422 27.59533882 0.58197898
v -7.09930754 27.61780357 0.58511198
v -7.10260773 27.62932396 0.58662599
v -7.08969212 27.64509392 0.58801198
v -7.11302328 27.66398811 0.59136599
v -7.11760521 27.68234634 0.59387898
v -7.12203503 27.69929886 0.59620500
v -7.12304974 27.70405388 0.59683597
v -7.12618780 27.71755981 0.59868002
v -7.11564350 27.72906494 0.59981501
v -7.13299608 27.75269127 0.60349000
v -7.11590242 27.75134468 0.60280597
v -7.11875057 27.77308464 0.60581303
v -7.13839912 27.78808403 0.60832500
v -7.12375259 27.79454231 0.60882598
v -7.14109945 27.81373978 0.61185199
v -7.14236307 27.82365608 0.61318201
v -7.12723875 27.83823204 0.61488301
v -7.14492464 27.85937691 0.61805803
v -7.14546442 27.88054085 0.62096101
v -7.14603996 27.89521599 0.62295401
v -7.14558697 27.92498016 0.62704700
v -7.14558172 27.93114853 0.62786698
v -7.14458466 27.94753456 0.63008702
v -7.14358950 27.96736526 0.63280702
v -7.14114332 27.99186516 0.63615602
v -7.14009333 28.00371361 0.63777500
v -7.13781977 28.02171516 0.64020902
v -7.13543606 28.03628349 0.64219397
v -7.12368870 28.01326942 0.63918197
v -7.13229704 28.05700874 0.64503902
v -7.13010216 28.08013153 0.64819098
v -7.12537622 28.09213829 0.64983600
v -7.11880827 28.12348557 0.65413201
v -7.10758400 28.09947395 0.65116799
v -7.35331345 28.57296944 0.50000000
v -7.35331345 28.57209206 0.50000000
v -7.35331345 28.60865974 0.50000000
v -7.35331345 28.60974121 0.50000000
v -7.11703205 28.12700081 0.65459597
v -7.15331316 27.86601257 0.87161899
v -7.11294889 28.14529037 0.65707099
v -7.10732412 28.16156197 0.65931797
v -7.09876823 28.18763733 0.66289598
v -7.09619236 28.19581604 0.66399699
v -7.08366966 28.22972107 0.66863102
v -7.06128502 28.24562454 0.67145002
v -7.06970501 28.26328087 0.67321700
v -7.06670284 28.27124023 0.67424899
v -7.05426884 28.29644394 0.67775899
v -7.04603386 28.31292725 0.67999202
v -7.03284883 28.30499840 0.67975599
v -7.03531551 28.33037949 0.68244702
v -7.02911282 28.34426498 0.68428802
v -7.01092958 28.37501907 0.68849301
v -6.99153328 28.40509224 0.69260597
v -6.97090960 28.43448639 0.69662499
v -6.96386957 28.44355392 0.69785798
v -6.94907808 28.46317482 0.70054799
v -6.92601538 28.49113083 0.70436901
v -6.91037655 28.48664665 0.70499003
v -6.89816380 28.50511169 0.70726901
v -6.90169239 28.51832008 0.70808500
v -6.89120150 28.52833939 0.70949399
v -6.87613440 28.54465294 0.71169102
v -6.88627529 28.54834366 0.74321002
v -6.85914898 28.56102180 0.71391702
v -6.84893417 28.57940865 0.71587002
v -6.83285046 28.58485794 0.71717501
v -6.81927109 28.58246803 0.71788800
v -6.80951214 28.60423851 0.71985197
v -6.80546618 28.60774612 0.72030002
v -6.79173660 28.61821938 0.72174197
v -6.77717018 28.62966537 0.72329003
v -6.77376080 28.63193321 0.72359502
v -6.74779749 28.65055656 0.72614199
v -6.73708534 28.65744019 0.72708797
v -6.71751499 28.67035103 0.72885197
v -6.70111132 28.68047333 0.73021603
v -6.66991520 28.69833565 0.73265499
v -6.63806438 28.71499252 0.73492098
v -6.60562229 28.73039627 0.73701400
v -6.57263613 28.74443245 0.73892999
v -6.55804634 28.74983788 0.73967898
v -7.35331345 29.01678848 0.50000000
v -7.50000000 30.00000000 0.50000000
v -6.53894520 28.75716209 0.74067098
v -6.51182890 28.75380325 0.74172902
v -6.50460339 28.76865959 0.74224102
v -6.48971844 28.75741577 0.74264699
v -6.46954775 28.77882957 0.74363399
v -6.45094919 28.78335381 0.74426502
v -6.43386412 28.78767204 0.74484801
v -6.42902040 28.78865623 0.74498701
v -6.41540384 28.79166031 0.74539000
v -6.37994289 28.79830742 0.74629599
v -6.34420490 28.80352211 0.74701101
v -6.31867456 28.80930710 0.74739099
v -6.30830574 28.80734444 0.74753398
v -6.27226448 28.80978966 0.74786800
v -6.25092363 28.81220055 0.74795097
v -5.40234566 27.50964546 0.57024902
v -5.39985704 27.51519585 0.57099003
v -5.39068174 27.53510094 0.57375801
v -5.38693285 27.54278183 0.57479000
v -5.37296057 27.57632065 0.57937700
v -5.36475945 27.59682274 0.58223498
v -5.36042833 27.61020088 0.58401102
v -5.36690617 27.64508629 0.58801103
v -5.34929609 27.64440346 0.58868903
v -5.34480429 27.66084480 0.59093601
v -5.33956623 27.67892838 0.59341103
v -5.33879805 27.68255997 0.59387499
v -5.33126068 27.71377563 0.59817100
v -5.32631683 27.72496986 0.59981698
v -5.33763027 27.77304459 0.60581303
v -5.32432079 27.74887466 0.60296798
v -5.31882906 27.78415680 0.60780001
v -5.33177328 27.79434967 0.60882503
v -5.31651974 27.80212784 0.61023200
v -5.31548309 27.81400299 0.61185199
v -5.31304455 27.83844376 0.61519998
v -5.31428146 27.98216057 0.63482499
v -5.31539011 27.99213409 0.63615602
v -5.31828213 28.01777840 0.63968199
v -5.31775713 28.01390266 0.63918197
v -5.32087231 28.03621101 0.64219397
v -5.32365227 28.05318069 0.64451700
v -5.33045673 28.08835030 0.64932698
v -5.33458042 28.10662651 0.65180200
v -5.31207275 27.85828972 0.61791998
v -5.31103945 27.87462807 0.62014002
v -5.31103516 27.88082504 0.62096101
v -5.31060076 27.91055489 0.62505299
v -5.31171465 27.94641304 0.62994897
v -5.86458349 28.73635101 0.73782700
v -5.85645151 28.73338127 0.73735601
v -5.83672523 28.72360039 0.73609102
v -5.83113480 28.72112083 0.73575199
v -5.78284883 28.68263245 0.73188299
v -5.79649925 28.70332146 0.73334497
v -5.78285933 28.69623184 0.73236698
v -5.81451035 28.71293449 0.73465002
v -5.88322353 28.72908592 0.73854899
v -5.76512194 28.66935539 0.73035097
v -5.74665880 28.65727425 0.72874600
v -5.72146177 28.65901756 0.72729802
v -5.75181007 28.67823410 0.72991598
v -5.69179153 28.63859558 0.72451299
v -5.66283131 28.61697960 0.72156203
v -5.63462067 28.59412575 0.71844202
v -5.30331326 27.86601067 0.87161899
v -5.47364092 28.41760254 0.69431603
v -5.39300060 28.27674866 0.67505699
v -5.36098337 28.14164162 0.65707499
v -5.35401869 28.17667007 0.66138202
v -5.34360361 28.14196014 0.65664101
v -5.37324762 28.22966385 0.66862398
v -5.36573744 28.21067429 0.66602802
v -5.37871647 28.24402046 0.67058498
v -5.43259859 28.32512665 0.68244803
v -5.39840603 28.29163170 0.67701298
v -5.40855026 28.30889320 0.67945099
v -5.43131971 28.35038757 0.68511301
v -5.42535448 28.34045219 0.68376601
v -5.45364428 28.38760948 0.69020700
v -5.43098783 28.36194992 0.68643200
v -5.44346476 28.37133789 0.68799800
v -5.46670008 28.40700912 0.69288099
v -5.56405210 28.52791595 0.70940500
v -5.51687908 28.47474480 0.70213002
v -5.52045584 28.47875786 0.70266300
v -5.53999472 28.50184631 0.70583498
v -5.49474430 28.44669151 0.69828999
v -5.49245834 28.44334221 0.69786501
v -5.50630188 28.46115494 0.70027798
v -5.60718346 28.57003212 0.71515203
v -5.58058548 28.54472923 0.71169102
v -5.10331345 29.01678848 0.50000000
v -6.23607302 28.81080437 0.74800700
v -6.20604324 28.81036377 0.74795997
v -6.19974899 28.81041718 0.74795097
v -6.18331718 28.80945396 0.74783599
v -6.16323757 28.80853844 0.74769598
v -6.13862228 28.80619049 0.74738801
v -6.12659836 28.80521393 0.74724001
v -6.11722422 28.79589081 0.74706697
v -6.10846472 28.80299187 0.74694198
v -6.09381914 28.80071068 0.74664003
v -6.07282734 28.79763222 0.74620599
v -6.04952049 28.79377365 0.74559999
v -6.03737831 28.79088402 0.74528301
v -6.00586128 28.78367233 0.74427998
v -6.00218678 28.78275108 0.74417102
v -5.98395586 28.77768898 0.74348998
v -5.96657658 28.75842094 0.74265498
v -5.96728039 28.77328491 0.74287200
v -5.94085646 28.76537895 0.74173403
v -5.93270111 28.76235580 0.74138200
v -5.91928673 28.75817299 0.74073899
v -5.89844179 28.75008583 0.73970300
v -4.04893923 20.12620735 0.50000000
v -2.55041218 27.23270416 0.50000000
v -2.55041218 29.98981094 0.50000000
v -0.30621466 27.23270416 0.50000000
v -1.87959945 28.40065956 0.52391398
v -1.90476120 28.42074776 0.52707398
v -1.99592686 28.51118469 0.54133701
v -1.97465515 28.48713875 0.53754199
v -2.01613498 28.53611183 0.54527497
v -1.92902160 28.44187355 0.53040200
v -1.95233381 28.46402359 0.53389502
v -2.05317974 28.58842087 0.55354500
v -2.03522372 28.56187439 0.54934698
v -2.11286426 28.70149994 0.57143599
v -2.06994724 28.61571312 0.55786097
v -2.08549953 28.64368820 0.56228697
v -2.09981418 28.67230415 0.56681502
v -2.12463522 28.73122787 0.57614201
v -1.79916251 28.34720230 0.51550400
v -1.82672787 28.36380577 0.51812297
v -1.77082396 28.33194351 0.51307601
v -1.74174809 28.31793594 0.51084298
v -1.85356641 28.38166809 0.52092701
v -1.62016392 28.27469444 0.50394303
v -1.58873928 28.26718330 0.50274199
v -1.65123773 28.28354836 0.50535500
v -1.71207941 28.30519485 0.50880897
v -1.68189490 28.29372215 0.50697798
v -1.55700505 28.26101685 0.50175703
v -1.52504361 28.25620651 0.50098997
v -1.49290359 28.25276947 0.50044101
v -1.46063375 28.25070381 0.50010997
v -1.42831337 28.25001335 0.50000000
v -1.39599299 28.25070381 0.50010997
v -1.36372304 28.25276947 0.50044101
v -1.33158362 28.25620651 0.50098997
v -1.29961145 28.26101685 0.50175703
v -1.26788700 28.26718330 0.50274199
v -2.13506937 28.76144028 0.58092397
v -2.14419055 28.79206467 0.58577102
v -2.15194941 28.82304382 0.59067500
v -2.15834117 28.85432625 0.59562600
v -2.16337061 28.88586998 0.60061699
v -2.16700482 28.91758919 0.60563600
v -2.16923976 28.94944763 0.61067498
v -2.17000890 28.98129845 0.61572200
v -2.16923952 29.01316833 0.62076902
v -2.16700101 29.04506111 0.62580800
v -2.16337061 29.07681465 0.63082600
v -2.15834165 29.10837555 0.63581598
v -2.15194750 29.13969040 0.64076900
v -2.14419079 29.17069244 0.64567202
v -2.13507199 29.20133781 0.65052003
v -2.12463069 29.23155212 0.65530002
v -2.11287045 29.26129341 0.66000599
v -2.09981513 29.29050636 0.66462803
v -2.08550429 29.31912804 0.66915703
v -2.06994772 29.34710693 0.67358297
v -2.05317831 29.37439346 0.67789900
v -2.03522444 29.40093803 0.68209702
v -2.01613903 29.42669487 0.68616903
v -1.99592686 29.45160675 0.69010597
v -1.97465551 29.47563744 0.69390202
v -1.95233023 29.49873161 0.69754899
v -1.92902362 29.52086639 0.70104200
v -1.90476298 29.54196739 0.70437002
v -1.87959337 29.56201935 0.70753002
v -1.85356748 29.58097458 0.71051502
v -1.82675087 29.59872246 0.71332097
v -1.79909682 29.61526871 0.71594000
v -1.77071929 29.63060760 0.71836799
v -1.74170005 29.64469719 0.72060102
v -1.71207941 29.65748978 0.72263402
v -1.68189299 29.66899300 0.72446501
v -1.65123749 29.67918015 0.72608697
v -1.62016296 29.68805885 0.72750098
v -1.58873618 29.69558334 0.72869998
v -1.55700779 29.70176506 0.72968501
v -1.52504623 29.70659256 0.73045403
v -1.49290311 29.71003723 0.73100299
v -1.46063375 29.71211433 0.73133397
v -1.42831337 29.71280289 0.73144400
v -1.39599299 29.71211433 0.73133397
v -1.36372364 29.71003723 0.73100299
v -1.33158100 29.70659256 0.73045403
v -1.29960871 29.70176506 0.72968501
v -1.26789021 29.69558334 0.72869998
v -1.23646283 28.27469444 0.50394303
v -1.20538998 28.28354836 0.50535500
v -1.17472243 28.29372025 0.50697798
v -1.14453602 28.30519485 0.50880897
v -1.11487794 28.31793785 0.51084298
v -1.08580267 28.33194351 0.51307601
v -1.05746424 28.34720230 0.51550400
v -1.02989888 28.36380577 0.51812297
v -1.00306034 28.38166809 0.52092701
v -0.97702730 28.40065956 0.52391398
v -0.95186549 28.42074776 0.52707398
v -0.92760515 28.44187355 0.53040200
v -0.90429300 28.46402359 0.53389502
v -0.88197160 28.48713875 0.53754199
v -0.86069983 28.51118469 0.54133701
v -0.84049338 28.53610992 0.54527497
v -0.82139176 28.56187248 0.54934698
v -0.80344647 28.58842278 0.55354500
v -0.78667939 28.61571312 0.55786097
v -0.77112716 28.64368820 0.56228697
v -0.75681245 28.67230415 0.56681502
v -0.74376243 28.70149994 0.57143599
v -0.73199332 28.73122597 0.57614201
v -0.72154540 28.76144028 0.58092397
v -0.71243805 28.79206467 0.58577102
v -0.70466709 28.82304192 0.59067500
v -0.69827366 28.85433006 0.59562600
v -0.69325644 28.88587189 0.60061699
v -0.68962198 28.91758919 0.60563600
v -0.68738705 28.94944763 0.61067498
v -0.68661773 28.98129845 0.61572200
v -0.68738729 29.01316833 0.62076902
v -0.68962568 29.04506111 0.62580800
v -0.70466894 29.13969231 0.64076900
v -0.71243775 29.17069435 0.64567202
v -0.72154295 29.20133781 0.65052003
v -0.69325650 29.07681274 0.63082600
v -0.69827318 29.10837173 0.63581598
v -0.73199803 29.23155403 0.65530002
v -0.30621466 29.98981094 0.50000000
v -0.78667903 29.34710693 0.67358297
v -0.80344808 29.37439156 0.67789900
v -0.74375618 29.26129341 0.66000599
v -0.75681168 29.29050636 0.66462803
v -0.77112234 29.31912804 0.66915703
v -0.97703338 29.56201935 0.70753002
v -1.00305927 29.58097458 0.71051502
v -0.95186371 29.54196739 0.70437002
v -1.17472422 29.66899300 0.72446501
v -1.20539021 29.67918015 0.72608697
v -1.14453602 29.65748978 0.72263402
v -1.11492598 29.64469719 0.72060102
v -1.02987587 29.59872246 0.71332097
v -1.05752981 29.61526871 0.71594000
v -1.08590734 29.63060760 0.71836799
v -1.23646367 29.68805885 0.72750098
v -0.82139117 29.40093994 0.68209702
v -0.86069989 29.45160675 0.69010597
v -0.88197124 29.47563744 0.69390202
v -0.92760313 29.52086639 0.70104200
v -0.90429652 29.49873161 0.69754899
v -0.84048945 29.42669678 0.68616903
v -7.14991093 23.03078079 2.01233602
v -7.15002394 24.09045982 2.10495210
v -6.22831535 22.50081062 1.96602798
v -5.30671167 23.03077126 2.01233506
v -6.22830725 24.62067604 2.15125990
v -5.30658960 24.09045410 2.10495090
v -6.35331154 20.12620735 3.02032971
v -7.35331345 22.16237068 3.49999499
v -6.44360161 22.48418999 3.49995470
v -6.43746281 22.48063087 3.49995446
v -6.09334850 22.16237068 3.49994373
v -6.22831535 22.36327171 3.49994469
v -5.10658979 22.16237068 3.49990797
v -7.14981890 22.89720154 3.49998808
v -7.14844704 22.98733902 3.49998808
v -7.15159225 23.03684235 3.49998808
v -7.14985704 23.53908539 3.49998736
v -7.14991951 24.09066010 3.49998641
v -7.35331345 24.82067490 3.49999499
v -5.51509285 22.77281761 3.49990988
v -5.50902891 22.77633286 3.49990964
v -5.30680370 22.89720154 3.49989963
v -5.30680275 22.90488052 3.49989963
v -5.30802965 23.71405602 3.49989843
v -6.22830725 24.62066841 3.49994135
v -5.30803967 24.04977989 3.49989796
v -5.30669403 24.09065437 3.49989772
v -5.10658979 24.82067490 3.49988723
v -7.07255554 26.86540031 1.94070804
v -7.08928204 26.87170410 2.02444291
v -7.04266500 26.82427979 2.05487299
v -7.04463100 26.82427597 2.05999708
v -7.03798485 26.81661415 2.07923508
v -7.03415203 26.81290817 2.08942008
v -7.02264214 26.79850578 2.13860703
v -7.01241541 26.78607178 2.18032598
v -7.09201479 26.87524223 2.02739406
v -7.09989166 26.88184166 2.06623793
v -7.10518885 26.88192177 2.10640407
v -7.10628366 26.88401413 2.10804296
v -7.11592340 26.88914299 2.17689800
v -5.38384771 26.86562157 1.94070804
v -5.40583992 26.83440590 2.02299690
v -5.40105772 26.83812332 2.02019596
v -5.41779232 26.82143021 2.05988503
v -5.42346668 26.81061745 2.09803200
v -5.44029427 26.79050064 2.16497898
v -5.35932827 26.87797546 2.06095409
v -5.36042261 26.87507820 2.06634903
v -5.35474634 26.87990189 2.08661103
v -5.35246706 26.88226700 2.09734011
v -5.35094261 26.88316536 2.10786295
v -5.34498835 26.88665199 2.14913511
v -7.00373507 26.77673721 2.21515799
v -6.99116516 26.76578331 2.25222611
v -6.98402596 26.75794792 2.28151298
v -6.98062372 26.75575638 2.28863001
v -6.97040176 26.74720573 2.32227302
v -6.96227980 26.74058723 2.34791994
v -6.95769310 26.73776627 2.35866189
v -6.94796276 26.73109055 2.38580990
v -7.12330818 26.89537048 2.23055410
v -7.12447453 26.89646912 2.23864293
v -7.12640953 26.89879799 2.25260401
v -7.12845898 26.90082932 2.26954198
v -7.13122511 26.90370560 2.29181790
v -7.13317490 26.90653801 2.30736494
v -7.13654852 26.91089821 2.33701611
v -7.14070988 26.91792679 2.37493491
v -7.14085436 26.91789818 2.37773490
v -6.92304516 26.71829605 2.43900108
v -6.91791344 26.71627426 2.44771194
v -6.91358852 26.71475792 2.45427108
v -6.91023159 26.71368027 2.45897198
v -6.93707275 26.72486877 2.41141796
v -6.93571997 26.72466469 2.41171098
v -6.92929935 26.72102547 2.42745709
v -6.92530107 26.71928978 2.43479395
v -6.90820694 26.71309280 2.46151805
v -6.90312529 26.71175957 2.46739507
v -6.90544367 26.71233940 2.46484804
v -6.90202284 26.71149445 2.46857095
v -6.90096617 26.71126747 2.46954989
v -6.89908504 26.71087074 2.47131395
v -6.89737415 26.71052170 2.47288203
v -6.89574289 26.71023178 2.47415590
v -6.89322948 26.70983315 2.47591901
v -6.89187479 26.70963860 2.47680306
v -6.88957405 26.70935631 2.47807598
v -6.88847065 26.70923996 2.47856593
v -6.88645267 26.70904541 2.47944903
v -6.88331079 26.70884514 2.48033094
v -6.88237953 26.70880127 2.48052812
v -6.87987804 26.70872688 2.48082089
v -6.87900782 26.70870781 2.48092008
v -7.14396715 26.92476845 2.40657711
v -7.14668608 26.93196869 2.43484592
v -7.14701891 26.93318367 2.43778610
v -7.14810276 26.93661308 2.44995594
v -7.14924002 26.94098854 2.46283197
v -7.14947844 26.94201279 2.46537209
v -7.15013409 26.94502068 2.47302389
v -7.15069914 26.94799614 2.47975993
v -7.15101719 26.94984627 2.48373199
v -7.15117788 26.95080948 2.48567009
v -7.15142822 26.95249748 2.48870492
v -7.15163803 26.95392418 2.49163294
v -7.15185928 26.95559883 2.49425697
v -7.15204477 26.95718575 2.49667406
v -7.15229082 26.95940018 2.49988389
v -7.15221071 26.95864296 2.49888706
v -7.15262556 26.96302032 2.50449896
v -7.15250111 26.96162033 2.50279808
v -7.15267372 26.96359634 2.50506711
v -7.15282583 26.96573257 2.50725508
v -7.15295362 26.96775055 2.50913191
v -7.15301037 26.96890831 2.50986910
v -7.15306282 26.96980286 2.51070189
v -7.15321589 26.97392464 2.51313996
v -7.15319204 26.97307205 2.51273704
v -7.15326977 26.97626305 2.51414704
v -7.15323687 26.97470284 2.51354408
v -7.15330172 26.97843552 2.51483202
v -7.15329075 26.97766304 2.51463699
v -7.15331316 26.97996330 2.51522303
v -5.45387602 26.77596283 2.21590900
v -5.45609570 26.77370834 2.22358894
v -5.46034002 26.76991653 2.23682594
v -5.47062683 26.75987053 2.27401090
v -5.46468782 26.76561165 2.25288796
v -5.48399210 26.74854279 2.31679797
v -5.49621201 26.73935318 2.35260510
v -5.49716949 26.73867226 2.35524201
v -5.50737190 26.73191452 2.38239002
v -5.34111547 26.88650322 2.18856907
v -5.33843374 26.89085197 2.19306397
v -5.33336496 26.89629173 2.22978210
v -5.33009958 26.90106392 2.25071001
v -5.32453299 26.90460396 2.29973507
v -5.32333994 26.90696335 2.30726600
v -5.31950665 26.91233444 2.34284306
v -5.31649446 26.91674423 2.36996603
v -5.53270388 26.71870232 2.43724108
v -5.53662443 26.71707535 2.44428706
v -5.54049540 26.71563530 2.45045304
v -5.54291821 26.71480370 2.45407605
v -5.54414272 26.71439552 2.45583797
v -5.54623175 26.71376038 2.45858002
v -5.51841974 26.72547913 2.40887594
v -5.52004051 26.72476387 2.41161394
v -5.52511501 26.72208786 2.42295694
v -5.53129339 26.71926689 2.43489194
v -5.55008173 26.71262550 2.46357489
v -5.54805136 26.71316910 2.46122503
v -5.55373383 26.71169853 2.46768904
v -5.55199289 26.71213722 2.46572995
v -5.55724144 26.71092224 2.47111893
v -5.55462408 26.71149063 2.46857095
v -5.56073236 26.71025848 2.47405791
v -5.55893946 26.71058464 2.47258806
v -5.57717276 26.70870972 2.48092008
v -5.57559872 26.70875359 2.48072290
v -5.57334995 26.70884323 2.48033094
v -5.57171869 26.70893288 2.47993898
v -5.57081175 26.70900154 2.47964501
v -5.56912708 26.70913887 2.47905707
v -5.56742716 26.70931435 2.47827291
v -5.56541777 26.70956612 2.47709608
v -5.56420135 26.70970726 2.47650790
v -5.56193018 26.71005821 2.47494006
v -5.31231451 26.92556572 2.41021895
v -5.30969858 26.93268204 2.43756890
v -5.30959225 26.93320274 2.43788505
v -5.30809450 26.93816566 2.45479989
v -5.30738449 26.94109535 2.46273398
v -5.30698442 26.94273376 2.46728492
v -5.30618620 26.94659615 2.47675896
v -5.30559063 26.94993782 2.48394799
v -5.30517435 26.95260239 2.48913193
v -5.30494547 26.95424461 2.49195910
v -5.30465937 26.95651054 2.49568391
v -5.30443621 26.95845032 2.49855804
v -5.30433750 26.95938492 2.49988389
v -5.30424929 26.96029472 2.50100589
v -5.30410194 26.96188736 2.50303102
v -5.30397463 26.96336937 2.50483704
v -5.30386591 26.96479607 2.50632906
v -5.30371571 26.96703911 2.50843310
v -5.30364799 26.96825600 2.50949001
v -5.30354404 26.97035599 2.51108193
v -5.30349874 26.97137642 2.51171088
v -5.30343294 26.97323990 2.51285291
v -5.30335760 26.97623062 2.51414704
v -5.30331373 26.97955704 2.51507592
v -7.07335711 28.53738785 2.16854596
v -5.38337994 28.53750420 2.16854596
v -7.10308790 28.48118591 2.30650902
v -7.10501289 28.47636414 2.31658101
v -7.11248446 28.45801353 2.36521697
v -7.11845684 28.44333076 2.40397310
v -7.12663698 28.41832733 2.46196795
v -7.12880421 28.41151810 2.47705889
v -7.13359690 28.39599037 2.51274395
v -7.13259554 28.39990997 2.50581408
v -7.11900902 28.44185448 2.40646911
v -7.13743067 28.38110733 2.54550791
v -7.14042568 28.36942291 2.57048297
v -7.14163876 28.36368179 2.58086300
v -7.14449310 28.35020828 2.60709000
v -5.36328840 28.50182343 2.25063610
v -5.35034752 28.47390556 2.32514596
v -5.34757090 28.46694183 2.34135389
v -5.33988714 28.44798279 2.39133501
v -5.33154345 28.42433929 2.44904208
v -5.32972383 28.41846466 2.46201992
v -5.32641983 28.40784454 2.48750210
v -5.32492876 28.40300941 2.49847794
v -5.31973028 28.38396454 2.54024196
v -5.31566381 28.36703300 2.57502294
v -5.31473875 28.36266518 2.58304310
v -5.31247663 28.35196495 2.60379910
v -5.31169319 28.34760284 2.61035991
v -7.35331345 26.76781464 2.67474699
v -7.35331345 26.76701164 2.67475200
v -7.35331345 26.76931953 2.67473745
v -7.35331345 26.76159096 2.67478585
v -7.35331345 26.76208496 2.67478275
v -7.35331345 26.77644157 2.67469287
v -7.35331345 26.77090073 2.67472744
v -7.35331345 26.78986359 2.67460895
v -7.35331345 26.78392982 2.67464590
v -7.35331345 26.78763771 2.67462277
v -7.35331345 26.78923607 2.67461276
v -7.35331345 26.79267502 2.67459130
v -7.35331345 26.79573631 2.67457223
v -7.35331345 26.79394150 2.67458344
v -7.35331345 26.79148483 2.67459869
v -7.35331345 26.80147171 2.67453623
v -7.35331345 26.79878807 2.67455292
v -7.35331345 26.79728699 2.67456245
v -7.35331345 26.80294037 2.67452717
v -7.35331345 26.80696106 2.67450190
v -7.35331345 26.80834198 2.67449307
v -7.35331345 26.81216049 2.67446923
v -7.35331345 26.81345558 2.67446113
v -7.35331345 26.82868958 2.67436576
v -7.35331345 26.82728577 2.67437458
v -7.35331345 26.82623863 2.67438126
v -7.35331345 26.82426834 2.67439365
v -7.35331345 26.82208061 2.67440724
v -7.35331345 26.82476425 2.67439032
v -7.35331345 26.81854630 2.67442942
v -7.35331345 26.81911278 2.67442584
v -7.35331345 26.81734657 2.67443681
v -7.35331345 26.82093620 2.67441416
v -7.35331345 26.83144760 2.67434859
v -7.35331345 26.83219528 2.67434382
v -7.35331345 26.83077621 2.67435288
v -7.35331345 26.83000755 2.67435765
v -7.35331345 26.82955933 2.67436028
v -7.35331345 26.83481216 2.67432737
v -7.35331345 26.83384514 2.67433357
v -7.35331345 26.83448601 2.67432952
v -7.35331345 26.83314896 2.67433786
v -7.35331345 26.83966255 2.67429709
v -7.35331345 26.84002876 2.67429495
v -7.35331345 26.84131241 2.67428684
v -7.35331345 26.84164047 2.67428470
v -7.35331345 26.59607506 2.70203686
v -7.35331345 26.61997032 2.69810271
v -7.35331345 26.62085533 2.69795680
v -7.35331345 26.61964226 2.69815660
v -7.35331345 26.61880875 2.69829392
v -7.35331345 26.61787224 2.69844794
v -7.35331345 26.61840248 2.69836092
v -7.35331345 26.61662483 2.69865370
v -7.35331345 26.63354874 2.69586706
v -7.35331345 26.63150024 2.69620419
v -7.35331345 26.63028717 2.69640422
v -7.35331345 26.63249207 2.69604087
v -7.35331345 26.64060974 2.69470453
v -7.35331345 26.63921547 2.69493413
v -7.35331345 26.63533592 2.69557285
v -7.35331345 26.63729095 2.69525123
v -7.35331345 26.63788986 2.69515228
v -7.35331345 26.62753487 2.69685721
v -7.35331345 26.62678337 2.69698095
v -7.35331345 26.62398338 2.69744205
v -7.35331345 26.62543869 2.69720221
v -7.35331345 26.62508965 2.69725966
v -7.35331345 26.62608528 2.69709587
v -7.35331345 26.62125587 2.69789100
v -7.35331345 26.62217140 2.69774032
v -7.35331345 26.62258720 2.69767189
v -7.35331345 26.62308502 2.69758987
v -7.35331345 26.60245132 2.70098710
v -7.35331345 26.65268898 2.69271588
v -7.35331345 26.65145493 2.69291902
v -7.35331345 26.64207077 2.69446397
v -7.35331345 26.64343452 2.69423938
v -7.12368870 26.83411980 2.67433190
v -7.12088919 26.82891083 2.67436433
v -7.12292433 26.83265686 2.67434096
v -7.11612320 26.82005119 2.67441988
v -7.13004732 26.84770775 2.67424679
v -7.13292456 26.85467339 2.67420316
v -7.13158846 26.85124207 2.67422462
v -7.13532829 26.86073685 2.67416525
v -7.13659573 26.86402893 2.67414474
v -7.13964081 26.87304878 2.67408800
v -7.12679148 26.84067726 2.67429066
v -7.12815189 26.84359932 2.67427254
v -7.12553787 26.83790207 2.67430830
v -7.09398842 26.78735924 2.67462444
v -7.09065008 26.78316116 2.67465091
v -7.08560467 26.77690506 2.67469001
v -7.07264233 26.76303291 2.67477679
v -7.07114935 26.76159096 2.67478585
v -7.08713102 26.77910995 2.67467618
v -7.04128647 26.73534203 2.67910767
v -7.03713703 26.73220253 2.67962432
v -7.04916716 26.74163246 2.67807174
v -7.04528856 26.73865700 2.67856193
v -7.06850576 26.75897980 2.67521572
v -7.10451651 26.80162811 2.67453527
v -7.03285217 26.72924423 2.68011141
v -7.01371670 26.71680450 2.68215966
v -7.00964308 26.71450043 2.68253899
v -7.00430393 26.71168709 2.68300223
v -6.98756647 26.70335388 2.68437433
v -6.99118900 26.70520020 2.68407035
v -6.98007488 26.70015335 2.68490100
v -6.98385382 26.70166969 2.68465137
v -6.97785568 26.69935417 2.68503237
v -6.97101688 26.69671631 2.68546700
v -6.95866156 26.69238091 2.68618083
v -6.96189165 26.69333458 2.68602395
v -6.96530342 26.69453049 2.68582702
v -6.95156574 26.69022369 2.68653607
v -6.94837904 26.68926430 2.68669391
v -6.93726587 26.68648529 2.68715143
v -6.94029188 26.68724823 2.68702579
v -6.93141794 26.68524742 2.68735528
v -6.92849112 26.68464661 2.68745422
v -6.92548418 26.68409729 2.68754458
v -6.92376947 26.68378067 2.68759680
v -6.91704273 26.68270302 2.68777418
v -6.91982079 26.68314362 2.68770170
v -6.91372871 26.68223000 2.68785214
v -6.91112900 26.68189430 2.68790746
v -6.90955019 26.68170929 2.68793774
v -6.90687656 26.68140602 2.68798757
v -6.90474129 26.68117714 2.68802547
v -6.90293837 26.68099785 2.68805504
v -6.90125132 26.68084526 2.68808007
v -6.89977646 26.68072319 2.68809986
v -6.90207815 26.68091774 2.68806815
v -6.89457703 26.68035507 2.68816090
v -6.89843035 26.68061829 2.68811727
v -6.89714432 26.68052864 2.68813229
v -6.88972950 26.68008995 2.68820429
v -6.89154196 26.68017387 2.68819046
v -6.89260674 26.68023300 2.68818092
v -6.88726425 26.67999268 2.68822026
v -6.88885880 26.68005180 2.68821096
v -6.88477898 26.67992973 2.68823051
v -6.88158464 26.67986107 2.68824220
v -6.87960768 26.67983246 2.68824673
v -6.88231993 26.67987442 2.68824005
v -6.87892008 26.67982864 2.68824744
v -7.03069973 26.72793579 2.68032694
v -7.02402210 26.72347260 2.68106174
v -7.01768732 26.71928978 2.68175030
v -7.14921713 26.91147804 2.67384768
v -7.14940739 26.91258049 2.67384076
v -7.14993715 26.91587067 2.67382002
v -7.15074825 26.92135048 2.67378569
v -7.15113688 26.92430496 2.67376733
v -7.15100574 26.92329979 2.67377353
v -7.15134192 26.92603493 2.67375660
v -7.15029478 26.91820908 2.67380548
v -7.15169811 26.92923927 2.67373633
v -7.15151501 26.92754936 2.67374682
v -7.15208387 26.93296432 2.67371297
v -7.15193176 26.93138885 2.67372298
v -7.15246105 26.93733788 2.67368555
v -7.15260458 26.93924904 2.67367363
v -7.15256453 26.93870163 2.67367697
v -7.15296936 26.94521523 2.67363644
v -7.15286350 26.94332123 2.67364812
v -7.15273762 26.94129944 2.67366076
v -7.15222025 26.93441963 2.67370391
v -7.15228653 26.93515968 2.67369914
v -7.15306044 26.94711113 2.67362452
v -7.15301704 26.94626808 2.67362976
v -7.15320635 26.95155144 2.67359686
v -7.15318871 26.95085144 2.67360115
v -7.15316868 26.95008850 2.67360592
v -7.14313364 26.88461876 2.67401576
v -7.14067364 26.87611389 2.67406893
v -7.14395905 26.88747978 2.67399788
v -7.14606619 26.89612007 2.67394376
v -7.14696646 26.90003014 2.67391920
v -7.14782095 26.90407372 2.67389369
v -7.14670801 26.89876556 2.67392731
v -7.14832115 26.90661430 2.67387795
v -7.15329409 26.95607376 2.67356849
v -7.15330315 26.95674515 2.67356420
v -7.15327644 26.95484352 2.67357612
v -7.15331316 26.95807266 2.67355585
v -7.15331316 26.95959473 2.67354631
v -7.15324879 26.95346832 2.67358470
v -6.60668373 26.67982864 2.68824744
v -7.35331345 26.37074471 2.91220260
v -5.40813589 26.74106216 2.67816591
v -5.40392447 26.74455070 2.67759132
v -5.39723778 26.75009346 2.67667866
v -5.39988089 26.74821091 2.67698884
v -5.38386726 26.76314926 2.67477608
v -5.37991667 26.76731491 2.67475009
v -5.38548088 26.76159096 2.67478585
v -5.36353874 26.78623390 2.67463160
v -5.36019087 26.79074478 2.67460346
v -5.35702610 26.79472542 2.67457843
v -5.35404205 26.79883194 2.67455268
v -5.35124588 26.80305672 2.67452621
v -5.34995031 26.80526161 2.67451239
v -5.34907961 26.80661964 2.67450404
v -5.34554482 26.81212807 2.67446947
v -5.34309483 26.81554031 2.67444801
v -5.33693933 26.82647896 2.67437959
v -5.33908129 26.82253838 2.67440438
v -5.32596731 26.84911919 2.67423797
v -5.32444715 26.85260582 2.67421603
v -5.32308531 26.85614395 2.67419386
v -5.32228136 26.85844994 2.67417955
v -5.31962442 26.86563110 2.67413449
v -5.31742048 26.87164116 2.67409682
v -5.31637526 26.87474251 2.67407751
v -5.57433367 26.67987251 2.68824029
v -5.57610989 26.67984390 2.68824482
v -5.57735395 26.67983055 2.68824697
v -5.57304668 26.67989922 2.68823552
v -5.56853724 26.68002510 2.68821526
v -5.56986904 26.67997932 2.68822241
v -5.57058620 26.67995644 2.68822622
v -5.56719494 26.68007660 2.68820643
v -5.55936289 26.68053818 2.68813086
v -5.56287146 26.68030167 2.68816924
v -5.56465387 26.68019676 2.68818688
v -5.56561089 26.68014908 2.68819475
v -5.56193352 26.68036461 2.68815947
v -5.55386972 26.68098259 2.68805742
v -5.55251455 26.68111420 2.68803573
v -5.55456495 26.68091393 2.68806863
v -5.55795002 26.68063545 2.68811464
v -5.55661488 26.68074417 2.68809700
v -5.54837799 26.68156433 2.68796182
v -5.55103254 26.68126297 2.68801117
v -5.54537058 26.68191528 2.68790388
v -5.54678917 26.68173599 2.68793321
v -5.54094410 26.68250275 2.68780732
v -5.54280519 26.68224525 2.68784976
v -5.54375076 26.68211555 2.68787098
v -5.53799915 26.68295479 2.68773317
v -5.53111792 26.68408966 2.68754554
v -5.53218842 26.68390465 2.68757629
v -5.53519106 26.68339920 2.68765950
v -5.52352619 26.68558693 2.68729949
v -5.52649117 26.68497658 2.68739963
v -5.51547813 26.68744659 2.68699312
v -5.51972055 26.68642807 2.68716121
v -5.51852179 26.68667984 2.68711925
v -5.50409985 26.69048882 2.68649244
v -5.49671602 26.69269180 2.68612981
v -5.49604082 26.69291687 2.68609262
v -5.49266577 26.69410133 2.68589735
v -5.48408604 26.69711876 2.68540072
v -5.47147655 26.70225906 2.68455434
v -5.50731564 26.68952179 2.68665147
v -5.45294380 26.71125412 2.68307328
v -5.46772242 26.70396423 2.68427396
v -5.46098518 26.70721817 2.68373799
v -5.46378422 26.70585823 2.68396187
v -5.45831299 26.70846939 2.68353176
v -5.45435810 26.71048355 2.68320012
v -5.44904947 26.71345711 2.68271065
v -5.44051218 26.71823883 2.68192363
v -5.42226648 26.73021698 2.67995143
v -5.10331345 26.73450470 2.67924547
v -5.10331345 26.74676323 2.67722702
v -5.10331345 26.74375916 2.67772174
v -5.10331345 26.74992752 2.67670608
v -5.10331345 26.75155640 2.67643762
v -5.10331345 26.76295853 2.67477727
v -5.10331345 26.76159096 2.67478585
v -5.10331345 26.76662445 2.67475438
v -5.10331345 26.78341484 2.67464924
v -5.10331345 26.78744888 2.67462420
v -5.10331345 26.79101944 2.67460155
v -5.10331345 26.79471016 2.67457843
v -5.10331345 26.80049896 2.67454219
v -5.10331345 26.80172348 2.67453480
v -5.10331345 26.80670357 2.67450333
v -5.10331345 26.79851341 2.67455459
v -5.10331345 26.80980301 2.67448401
v -5.10331345 26.81615257 2.67444444
v -5.10331345 26.81973648 2.67442179
v -5.10331345 26.84684372 2.67425203
v -5.10331345 26.84040833 2.67429256
v -5.10331345 26.84360504 2.67427230
v -5.10331345 26.84895515 2.67423892
v -5.10331345 26.85554314 2.67419767
v -5.10331345 26.86392021 2.67414522
v -5.10331345 26.86106873 2.67416310
v -5.10331345 26.59607506 2.70203686
v -5.10331345 26.69536209 2.68568993
v -5.10331345 26.69720078 2.68538713
v -5.10331345 26.69625092 2.68554354
v -5.10331345 26.69766426 2.68531060
v -5.10331345 26.71142578 2.68304515
v -5.10331345 26.71279144 2.68282080
v -5.10331345 26.71642685 2.68222165
v -5.10331345 26.71806717 2.68195152
v -5.10331345 26.71541595 2.68238831
v -5.10331345 26.71869850 2.68184781
v -5.10331345 26.71431732 2.68256927
v -5.10331345 26.69948006 2.68501186
v -5.10331345 26.70411873 2.68424821
v -5.10331345 26.70503235 2.68409777
v -5.10331345 26.70736694 2.68371344
v -5.10331345 26.72445488 2.68090034
v -5.10331345 26.72050667 2.68155003
v -5.31171560 26.89131737 2.67397380
v -5.31240654 26.88846779 2.67399168
v -5.30973101 26.89961624 2.67392182
v -5.30964851 26.90005493 2.67391896
v -5.30846167 26.90585709 2.67388272
v -5.30796957 26.90835190 2.67386723
v -5.30740786 26.91154671 2.67384720
v -5.30708742 26.91336823 2.67383575
v -5.30608749 26.91988373 2.67379498
v -5.30560589 26.92339516 2.67377305
v -5.30526543 26.92616844 2.67375565
v -5.30643892 26.91757774 2.67380953
v -5.30484009 26.93001747 2.67373157
v -5.30460691 26.93229103 2.67371726
v -5.30507660 26.92784882 2.67374516
v -5.30442333 26.93421745 2.67370510
v -5.30434179 26.93514061 2.67369938
v -5.30426884 26.93602371 2.67369390
v -5.30414629 26.93758202 2.67368412
v -5.30363655 26.94567108 2.67363358
v -5.30369329 26.94453430 2.67364073
v -5.30381775 26.94242859 2.67365384
v -5.30404043 26.93902588 2.67367506
v -5.30394936 26.94039345 2.67366672
v -5.30345678 26.95023537 2.67360497
v -5.30354977 26.94761086 2.67362142
v -5.30351210 26.94853783 2.67361569
v -5.30339336 26.95289993 2.67358828
v -5.30335093 26.95481300 2.67357612
v -5.30331373 26.95923615 2.67354870
v -5.30331421 26.95771217 2.67355824
v -5.10331345 26.87653923 2.67406631
v -5.10331345 26.87915611 2.67404985
v -5.10331345 26.88678932 2.67400217
v -5.10331345 26.88719177 2.67399955
v -5.10331345 26.89252472 2.67396617
v -5.10331345 26.90540886 2.67388558
v -5.10331345 26.90329170 2.67389894
v -5.10331345 26.89481926 2.67395186
v -5.10331345 26.89942741 2.67392302
v -5.10331345 26.89775276 2.67393351
v -5.10331345 26.90863228 2.67386556
v -5.10331345 26.91117477 2.67384958
v -5.10331345 26.91271400 2.67383981
v -5.10331345 26.91470146 2.67382741
v -5.10331345 26.91678619 2.67381430
v -5.10331345 26.92606163 2.67375636
v -5.10331345 26.92162895 2.67378402
v -5.10331345 26.92020416 2.67379284
v -5.10331345 26.91939545 2.67379785
v -5.10331345 26.91855049 2.67380309
v -5.10331345 26.92295074 2.67377567
v -5.10331345 26.92420006 2.67376804
v -5.10331345 26.93164062 2.67372155
v -5.10331345 26.92902374 2.67373776
v -5.10331345 26.93079376 2.67372680
v -5.10331345 26.92798615 2.67374420
v -5.10331345 26.93318939 2.67371178
v -5.10331345 26.93736076 2.67368531
v -5.10331345 26.93561745 2.67369652
v -5.10331345 26.94000244 2.67366910
v -5.10331345 26.94138718 2.67366052
v -5.10331345 26.37074471 2.91220236
v -7.35331345 28.07899094 2.66653895
v -7.15331268 28.06896210 2.66660166
v -7.15331268 28.08353233 2.66862702
v -7.15331268 28.07899094 2.66653895
v -7.14705992 28.33602142 2.63164210
v -7.14714956 28.33541489 2.63191795
v -7.14861393 28.32621193 2.64689589
v -7.14969921 28.31850243 2.65778589
v -7.15048218 28.31226730 2.66594410
v -7.14930201 28.32133102 2.65381908
v -7.15106726 28.30712509 2.67202592
v -7.15170002 28.30085564 2.67867303
v -7.15147543 28.30318642 2.67635012
v -7.15331268 28.27024269 2.69458103
v -7.15327024 28.27364731 2.69452000
v -7.15323639 28.27552223 2.69424605
v -7.15319204 28.27702713 2.69403100
v -7.15312910 28.27904701 2.69338989
v -7.15331268 28.21199036 2.72769189
v -7.15198183 28.29767990 2.68168402
v -7.15238476 28.29264069 2.68587208
v -7.15229893 28.29379463 2.68501091
v -7.15220165 28.29504585 2.68395996
v -7.15276480 28.28685570 2.68985796
v -7.15265751 28.28862381 2.68877411
v -7.15253162 28.29053879 2.68741107
v -7.15304232 28.28136253 2.69257593
v -7.15291357 28.28413773 2.69131899
v -7.35331345 28.39969826 2.81400013
v -7.15321589 28.25112343 2.74568558
v -7.15320969 28.25150108 2.74585867
v -7.15320015 28.26847267 2.75366259
v -7.15331268 28.27024269 2.75447631
v -7.15319300 28.27699661 2.75758147
v -7.15323639 28.27552223 2.75690460
v -7.15327072 28.27359772 2.75601888
v -7.15313053 28.27900314 2.75850487
v -7.15304422 28.28131294 2.75956607
v -7.15291357 28.28413963 2.76086688
v -7.15303135 28.28159523 2.75969648
v -7.15253448 28.29049492 2.76378846
v -7.15265703 28.28862762 2.76293015
v -7.15276814 28.28679276 2.76208663
v -7.15238428 28.29264641 2.76477790
v -7.15230083 28.29376984 2.76529431
v -7.15198755 28.29761314 2.76706147
v -7.15220118 28.29505348 2.76588488
v -7.15195131 28.29802322 2.76724958
v -7.15106535 28.30714226 2.77144289
v -7.15148115 28.30312538 2.76959634
v -7.15169907 28.30086708 2.76855707
v -7.15099430 28.30776405 2.77172923
v -7.15142727 28.30364990 2.76983690
v -7.15047932 28.31228828 2.77380943
v -7.15040636 28.31287193 2.77407742
v -7.14972687 28.31828117 2.77656436
v -7.14963865 28.31893349 2.77686429
v -7.14929724 28.32136345 2.77798200
v -7.14922476 28.32187843 2.77821875
v -7.14863920 28.32603073 2.78012776
v -7.14853573 28.32669830 2.78043461
v -7.14836073 28.32780266 2.78094268
v -7.14704990 28.33607674 2.78474712
v -7.14672852 28.33785439 2.78556395
v -7.14463663 28.34941483 2.79088020
v -7.14447498 28.35029602 2.79128480
v -7.14429522 28.35113716 2.79167199
v -7.14387846 28.35310555 2.79257679
v -7.14161396 28.36379242 2.79749131
v -7.14141560 28.36473274 2.79792309
v -7.14049196 28.36910439 2.79993296
v -7.14038992 28.36956406 2.80014491
v -7.14015245 28.37047958 2.80056572
v -7.13963842 28.37248611 2.80148816
v -7.13738346 28.38128281 2.80553269
v -7.13667297 28.38403893 2.80680037
v -7.13391972 28.39472771 2.81171465
v -7.13354254 28.39619255 2.81238794
v -7.13341904 28.39662743 2.81258869
v -7.13321400 28.39743042 2.81295753
v -7.13251543 28.40016365 2.81421399
v -7.13128567 28.40396500 2.81596160
v -7.12724686 28.41644859 2.82170200
v -7.12652588 28.41865158 2.82271504
v -7.12554693 28.42160225 2.82407188
v -7.12379646 28.42699814 2.82655287
v -7.11882925 28.44230843 2.83359241
v -7.11824751 28.44381905 2.83428669
v -7.11676455 28.44746399 2.83596301
v -7.11858511 28.44291687 2.83387232
v -7.11318684 28.45625877 2.84000635
v -7.11225176 28.45855141 2.84106112
v -7.11104441 28.46151733 2.84242463
v -7.35331345 28.48641014 2.85387039
v -7.35331345 28.55091286 2.92307830
v -7.10908461 28.46632957 2.84463739
v -7.10475349 28.47696495 2.84952736
v -7.10422707 28.47828293 2.85013390
v -7.10317087 28.48092842 2.85134983
v -7.10274315 28.48187447 2.85178518
v -7.10034466 28.48641014 2.85387039
v -7.09467745 28.49712563 2.86536765
v -7.07978392 28.52528572 2.89558315
v -7.07289362 28.53783607 2.90904880
v -7.04135895 28.55091095 2.92307830
v -6.81804848 28.64347267 2.92307830
v -6.57480669 28.74834251 2.92307830
v -7.35331345 29.01678848 2.92307830
v -6.54091597 28.76115799 2.92307830
v -6.50635147 28.77271843 2.92307830
v -6.47107792 28.78296852 2.92307830
v -6.45366907 28.78727531 2.92307830
v -6.44884920 28.78848267 2.92307830
v -6.45756197 28.78632927 2.92307830
v -6.45242691 28.78757858 2.92307830
v -6.44770813 28.78877068 2.92307830
v -6.43521261 28.79186630 2.92307830
v -6.43419838 28.79207230 2.92307830
v -6.43387413 28.79213715 2.92307830
v -6.43032360 28.79291534 2.92307830
v -6.42034388 28.79507446 2.92307830
v -6.41749239 28.79570198 2.92307830
v -6.41657877 28.79590416 2.92307830
v -6.40914965 28.79729652 2.92307830
v -6.38090086 28.80255699 2.92307830
v -6.34493303 28.80781364 2.92307830
v -6.33958197 28.80902672 2.92307830
v -6.33785868 28.80941772 2.92307830
v -6.30950165 28.81179237 2.92307830
v -6.31167507 28.81220436 2.92307830
v -6.30880022 28.81166077 2.92307830
v -6.28007555 28.81359863 2.92307830
v -6.27252102 28.81410980 2.92307830
v -6.25697088 28.81454849 2.92307830
v -6.25105238 28.81521797 2.92307830
v -5.30331373 28.06841469 2.66660523
v -5.30331373 28.08378792 2.66874456
v -5.30331373 28.07899094 2.66653895
v -5.10331345 27.95040321 2.66734409
v -5.10331345 28.06936646 2.66659927
v -5.10331345 28.07899094 2.66653895
v -5.30981493 28.33748055 2.62921309
v -5.30920649 28.33374977 2.63498902
v -5.30843544 28.32900620 2.64262795
v -5.30709267 28.31966019 2.65613508
v -5.30645895 28.31479645 2.66274500
v -5.30731344 28.32131767 2.65391994
v -5.30589533 28.31015015 2.66848803
v -5.30517673 28.30341148 2.67598391
v -5.30542278 28.30585480 2.67347407
v -5.30497503 28.30131340 2.67840505
v -5.30352974 28.27982521 2.69318700
v -5.30331373 28.26980972 2.69463205
v -5.30333567 28.27219772 2.69462490
v -5.30332470 28.27139854 2.69462705
v -5.30335665 28.27368355 2.69452000
v -5.30341291 28.27630043 2.69413900
v -5.30338955 28.27536774 2.69433188
v -5.30346680 28.27803993 2.69375896
v -5.30331373 28.21180916 2.72760844
v -5.30456877 28.29676628 2.68247604
v -5.30475140 28.29894638 2.68053699
v -5.30427408 28.29307365 2.68552399
v -5.30440378 28.29476166 2.68422604
v -5.30387306 28.28701782 2.68977594
v -5.30398989 28.28898048 2.68851805
v -5.30411720 28.29084778 2.68724704
v -5.30367088 28.28325272 2.69180894
v -5.30361414 28.28200150 2.69226098
v -5.30379820 28.28572655 2.69051790
v -5.31264114 28.35273743 2.79240751
v -5.31297684 28.35432434 2.79313755
v -5.31491327 28.36348343 2.79734898
v -5.31562042 28.36682320 2.79888487
v -5.31569529 28.36716270 2.79904079
v -5.31476307 28.36277580 2.79702282
v -5.31637430 28.36999130 2.80034137
v -5.32125950 28.38953209 2.80932617
v -5.31941175 28.38263893 2.80615616
v -5.31978083 28.38414955 2.80685091
v -5.32026768 28.38590240 2.80765653
v -5.32549286 28.40481949 2.81635547
v -5.32500982 28.40326881 2.81564164
v -5.32517624 28.40379524 2.81588387
v -5.32651281 28.40812874 2.81787634
v -5.32722664 28.41042137 2.81893086
v -5.32943249 28.41751099 2.82219076
v -5.32982588 28.41877556 2.82277155
v -5.33359766 28.43015480 2.82800436
v -5.33024025 28.42011261 2.82338643
v -5.33167124 28.42469597 2.82549381
v -5.33142281 28.42393112 2.82514215
v -5.33882856 28.44497681 2.83481932
v -5.34008408 28.44846344 2.83642244
v -5.34173632 28.45247269 2.83826613
v -5.34440517 28.45908356 2.84130526
v -5.30341005 28.25077629 2.74552560
v -5.30341673 28.25115013 2.74569798
v -5.30331469 28.26992798 2.75433159
v -5.30342579 28.26804924 2.75346851
v -5.30333710 28.27231026 2.75542712
v -5.30332518 28.27144241 2.75502801
v -5.30347061 28.27814484 2.75811005
v -5.30339098 28.27542114 2.75685787
v -5.30341625 28.27640152 2.75730801
v -5.30335903 28.27381325 2.75611782
v -5.30353689 28.28000450 2.75896454
v -5.30380487 28.28584290 2.76164937
v -5.30368185 28.28346634 2.76055646
v -5.30361748 28.28207970 2.75991917
v -5.30413246 28.29106331 2.76404977
v -5.30399847 28.28911018 2.76315165
v -5.30388069 28.28714943 2.76225019
v -5.30428362 28.29319954 2.76503229
v -5.30477571 28.29920578 2.76779342
v -5.30458832 28.29700089 2.76678014
v -5.30441618 28.29491425 2.76582074
v -5.30548096 28.30638123 2.77109289
v -5.30519819 28.30362701 2.76982594
v -5.30499172 28.30148888 2.76884341
v -5.30544043 28.30601311 2.77092338
v -5.30596924 28.31075668 2.77310538
v -5.30591774 28.31033325 2.77291083
v -5.30654764 28.31547737 2.77527547
v -5.30648613 28.31500626 2.77505827
v -5.30711937 28.31986046 2.77729106
v -5.30743647 28.32216072 2.77834845
v -5.30731821 28.32135010 2.77797580
v -5.30853176 28.32959938 2.78176904
v -5.30838919 28.32868958 2.78135085
v -5.30844259 28.32905006 2.78151631
v -5.30932188 28.33444977 2.78399944
v -5.30917597 28.33356285 2.78359127
v -5.30924702 28.33399200 2.78378868
v -5.30982590 28.33753967 2.78542042
v -5.31016445 28.33938408 2.78626776
v -5.31249523 28.35205460 2.79209352
v -5.31232500 28.35114098 2.79167318
v -5.86242056 28.74029160 2.92307830
v -5.35614872 28.48641014 2.85387039
v -5.35064650 28.47454071 2.84841299
v -5.36374187 28.50266075 2.87130570
v -5.61186123 28.63509941 2.92307830
v -5.41421652 28.55091286 2.92307830
v -5.38389397 28.53799057 2.90921450
v -5.10331345 28.48641014 2.85387039
v -5.10331345 28.55091095 2.92307830
v -6.24793911 28.81492424 2.92307830
v -6.24693298 28.81483078 2.92307830
v -6.23610926 28.81512833 2.92307830
v -6.21430159 28.81488419 2.92307830
v -6.20800638 28.81479073 2.92307830
v -6.20597219 28.81476212 2.92307830
v -6.20554590 28.81476593 2.92307830
v -6.20422649 28.81477737 2.92307830
v -6.19959450 28.81472206 2.92307830
v -6.18300056 28.81385040 2.92307830
v -6.18644524 28.81405258 2.92307830
v -6.18164110 28.81378746 2.92307830
v -6.18755770 28.81411743 2.92307830
v -6.17743206 28.81359673 2.92307830
v -6.16284180 28.81284904 2.92307830
v -6.12598324 28.80950928 2.92307830
v -6.10767126 28.80728912 2.92307830
v -6.07930899 28.80301666 2.92307830
v -6.07623959 28.80253792 2.92307830
v -6.07184076 28.80189323 2.92307830
v -6.06539154 28.80082512 2.92307830
v -6.07027340 28.80163383 2.92307830
v -6.03616571 28.79510307 2.92307830
v -6.03952312 28.79590034 2.92307830
v -6.03870869 28.79570770 2.92307830
v -6.00450563 28.78781128 2.92307830
v -6.00349092 28.78755569 2.92307830
v -6.00074577 28.78691673 2.92307830
v -5.99952936 28.78657913 2.92307830
v -5.99571323 28.78551865 2.92307830
v -5.98234415 28.78188515 2.92307830
v -6.01321173 28.78980064 2.92307830
v -6.01110649 28.78931999 2.92307830
v -5.96563053 28.77736664 2.92307830
v -5.97022867 28.77857971 2.92307830
v -5.96912050 28.77828789 2.92307830
v -5.93914938 28.76914787 2.92307830
v -5.93861008 28.76894760 2.92307830
v -5.94642687 28.77132607 2.92307830
v -5.94467878 28.77080154 2.92307830
v -5.93690443 28.76831627 2.92307830
v -5.92713022 28.76523781 2.92307830
v -5.90207958 28.75625038 2.92307830
v -5.90071106 28.75572014 2.92307830
v -5.89635277 28.75403023 2.92307830
v -5.10331345 29.01678848 2.92307830
v -4.04893923 20.12620735 3.02032971
v -1.42831337 27.68865776 1.93061197
v -2.34991097 28.21391678 2.01355100
v -2.35041213 29.26350975 2.17942905
v -0.50671571 28.21391678 2.01355100
v -0.50621468 29.26350975 2.17942905
v -1.42831337 29.78981018 2.26236892
v -2.55041218 27.23270416 3.49993086
v -2.55041218 29.98981094 3.50000000
v -1.42831337 27.43433380 3.49993753
v -0.30621466 27.23270416 3.49991560
v -2.34971642 27.97273254 3.50000000
v -2.34845281 28.13482475 3.50000000
v -2.34843469 28.48822212 3.50000000
v -2.34982443 28.70573235 3.50000000
v -2.35011101 29.26403427 3.50000000
v -2.15233803 29.39077377 3.50000000
v -1.83071125 29.60286331 3.50000000
v -1.80288696 29.61952209 3.50000000
v -1.77426445 29.63501358 3.50000000
v -1.74506176 29.64922714 3.50000000
v -1.55033994 29.73324013 3.50000000
v -1.42831337 29.78976631 3.50000000
v -0.50691009 27.97273445 3.49998164
v -0.50690615 27.98083878 3.49998283
v -1.16107845 29.67162323 3.50000000
v -1.11156487 29.64922714 3.50000000
v -1.02591550 29.60286331 3.50000000
v -1.08236217 29.63501358 3.50000000
v -1.05373979 29.61952209 3.50000000
v -0.70428884 29.39077377 3.50000000
v -0.50772882 29.19718933 3.50000000
v -0.50651580 29.26403427 3.50000000
v -0.30621466 29.98981094 3.50000000
v 0.62453693 10.01019096 0.50000000
v 0.00401829 11.68647003 0.51861298
v 0.00341625 11.69366932 0.51710999
v 0.00273443 11.70092583 0.51587200
v 0.00197376 11.70822620 0.51488400
v 0.00114760 11.71556759 0.51416898
v 0.00499358 11.67231464 0.52236998
v 0.00454013 11.67935658 0.52036500
v 0.00535618 11.66537094 0.52462399
v 0.00563732 11.65854836 0.52712202
v 0.00583970 11.65208626 0.52985698
v 0.02691705 11.67561150 0.52760899
v 0.02761357 11.66185760 0.53236902
v 0.02731106 11.66867733 0.52987099
v 0.02516760 11.69693851 0.52231503
v 0.02641858 11.68263817 0.52559501
v 0.02583898 11.68975258 0.52382499
v 0.02440304 11.70416927 0.52104998
v 0.02354551 11.71147442 0.52004498
v 0.04481688 11.71512794 0.52601302
v 0.04800037 11.68634224 0.53163201
v 0.04736382 11.69345474 0.52985400
v 0.04661014 11.70061779 0.52831697
v 0.04576280 11.70785713 0.52703601
v 0.02781652 11.65538788 0.53510398
v 0.04897686 11.67240524 0.53592598
v 0.04853398 11.67933369 0.53366297
v 0.04929468 11.66557980 0.53843200
v 0.04950884 11.65911865 0.54116702
v 0.07028763 11.67652130 0.54278803
v 0.07063511 11.66972160 0.54530299
v 0.06924691 11.69047451 0.53846800
v 0.06853986 11.69756603 0.53667301
v 0.06772976 11.70470619 0.53511900
v 0.06679869 11.71193695 0.53381097
v 0.06983085 11.68344402 0.54050797
v 0.09010824 11.69499302 0.54609501
v 0.08745553 11.71640968 0.54137701
v 0.08846042 11.70922089 0.54270202
v 0.08935199 11.70207787 0.54428202
v 0.00023966 11.72290421 0.51370603
v 0.01927750 11.74078655 0.51862901
v 0.01800647 11.74809265 0.51892298
v 0.01665667 11.75537872 0.51947701
v 0.02259999 11.71878910 0.51930499
v 0.02157698 11.72611523 0.51881599
v 0.02046178 11.73346043 0.51859200
v 0.03861112 11.75165558 0.52471799
v 0.01217752 11.77686691 0.52270299
v 0.01373514 11.76977634 0.52137601
v 0.01522564 11.76261902 0.52029699
v 0.01054328 11.78387642 0.52428901
v 0.00885378 11.79077625 0.52612001
v 0.03710118 11.75889301 0.52523798
v 0.03549659 11.76608372 0.52600503
v 0.03381275 11.77322578 0.52703297
v 0.03205392 11.78029060 0.52831697
v 0.02831179 11.79412365 0.53162998
v 0.03022099 11.78725815 0.52985102
v 0.04376553 11.72241592 0.52523798
v 0.04137943 11.73704433 0.52446502
v 0.04262107 11.72973633 0.52472299
v 0.04004695 11.74435520 0.52445900
v 0.06574538 11.71918964 0.53276300
v 0.06459308 11.72644424 0.53195298
v 0.06333137 11.73375130 0.53140301
v 0.06195979 11.74105167 0.53110999
v 0.06047735 11.74833107 0.53106898
v 0.05890147 11.75558186 0.53128499
v 0.05544784 11.76995182 0.53246802
v 0.05722594 11.76278687 0.53175300
v 0.05357971 11.77705669 0.53344399
v 0.05162458 11.78407764 0.53466600
v 0.04958004 11.79101181 0.53613901
v 0.07698542 11.76708126 0.53901303
v 0.07503536 11.77420425 0.53967601
v 0.06859610 11.79514503 0.54316503
v 0.07299361 11.78126717 0.54059100
v 0.07083719 11.78825665 0.54175198
v 0.00709386 11.79758739 0.52819997
v 0.00527657 11.80426121 0.53053302
v 0.00341640 11.81078815 0.53309399
v 0.00150082 11.81718254 0.53589600
v 0.02632302 11.80088425 0.53364903
v 0.02427909 11.80752373 0.53592098
v 0.02216417 11.81401730 0.53842199
v 0.01778131 11.82655048 0.54412198
v 0.02000672 11.82036018 0.54116398
v 0.04746065 11.79784107 0.53785801
v 0.04525021 11.80455780 0.53981698
v 0.04297336 11.81115055 0.54201901
v 0.04062181 11.81760216 0.54445899
v 0.06626634 11.80191898 0.54481298
v 0.06384538 11.80859089 0.54670203
v 0.08367033 11.73815918 0.53885502
v 0.08505540 11.73089409 0.53944802
v 0.08216733 11.74543095 0.53851902
v 0.08055428 11.75267601 0.53843403
v 0.08631732 11.72363186 0.54028499
v 0.10197863 11.75018978 0.54668200
v 0.10022154 11.75741482 0.54654503
v 0.07882559 11.75989723 0.53859699
v 0.09834680 11.76459408 0.54665601
v 0.07085171 11.66325760 0.54803902
v 0.09158334 11.67426205 0.55295599
v 0.09181086 11.66779804 0.55570000
v 0.09073597 11.68798065 0.54815203
v 0.09122356 11.68107224 0.55044103
v 0.10973178 11.70698071 0.55265498
v 0.10878012 11.71411324 0.55105698
v 0.11121137 11.69292259 0.55655998
v 0.11173314 11.68601322 0.55885702
v 0.11054768 11.69991302 0.55449402
v 0.11211511 11.67920017 0.56138098
v 0.11234342 11.67273712 0.56412500
v 0.13242681 11.67806625 0.57332301
v 0.13123317 11.69823647 0.56573200
v 0.13052389 11.70520878 0.56364799
v 0.12966354 11.71226597 0.56178302
v 0.13179232 11.69134903 0.56804699
v 0.13218878 11.68453503 0.57056999
v 0.15000819 11.71089554 0.57353199
v 0.14908905 11.71794701 0.57164901
v 0.15176515 11.69024658 0.58050603
v 0.15134637 11.69704151 0.57796502
v 0.15076466 11.70392895 0.57564199
v 0.15200216 11.68378448 0.58325100
v 0.01550414 11.83257580 0.54731899
v 0.03821117 11.82388973 0.54712301
v 0.03574058 11.83003330 0.55001199
v 0.01318063 11.83839703 0.55071998
v 0.03319599 11.83600330 0.55312997
v 0.01082489 11.84403706 0.55433702
v 0.00842544 11.84947586 0.55815297
v 0.03061289 11.84177685 0.55645299
v 0.02797758 11.84736824 0.55999100
v 0.06133941 11.81512642 0.54882598
v 0.05875117 11.82152939 0.55117899
v 0.05337135 11.83385277 0.55657500
v 0.05609174 11.82777691 0.55377299
v 0.07652261 11.82580280 0.55859101
v 0.05057951 11.83976841 0.55960602
v 0.00598847 11.85470104 0.56217200
v 0.00352267 11.85970306 0.56637698
v 0.02529866 11.85275364 0.56373000
v 0.00102884 11.86447525 0.57077003
v 0.02258166 11.85792255 0.56767100
v 0.01983780 11.86286449 0.57178903
v 0.03889336 11.86145306 0.57378900
v 0.07362758 11.83199501 0.56108803
v 0.04773790 11.84549618 0.56285000
v 0.04483388 11.85102463 0.56630200
v 0.07065749 11.83802414 0.56381202
v 0.06761212 11.84387207 0.56674600
v 0.04188042 11.85634041 0.56994498
v 0.06450600 11.84953022 0.56989503
v 0.06134529 11.85499382 0.57324100
v 0.10769194 11.72127056 0.54969698
v 0.10646220 11.72848320 0.54856998
v 0.10509525 11.73573208 0.54769897
v 0.10360799 11.74295902 0.54707098
v 0.09635381 11.77173328 0.54701000
v 0.09423534 11.77883434 0.54761201
v 0.09200872 11.78585148 0.54846603
v 0.08968183 11.79277992 0.54955697
v 0.11528201 11.77676773 0.55572599
v 0.11300052 11.78382015 0.55626702
v 0.11059739 11.79078484 0.55704200
v 0.12747017 11.72653103 0.55876398
v 0.12864092 11.71938992 0.56015903
v 0.12616313 11.73371506 0.55761099
v 0.12468848 11.74092293 0.55668700
v 0.12307759 11.74814224 0.55601501
v 0.12133913 11.75532627 0.55558199
v 0.11945629 11.76251030 0.55538398
v 0.11742563 11.76966286 0.55543298
v 0.14536366 11.73932362 0.56737101
v 0.14380354 11.74649143 0.56641197
v 0.14208685 11.75366974 0.56567901
v 0.14800984 11.72503376 0.56999898
v 0.14676933 11.73215103 0.56856799
v 0.13603668 11.77509689 0.56493098
v 0.13130087 11.78914452 0.56561500
v 0.12873119 11.79606628 0.56631100
v 0.13374457 11.78214741 0.56515300
v 0.14021154 11.76084709 0.56519300
v 0.13820349 11.76799393 0.56494200
v 0.08723842 11.79962158 0.55089098
v 0.08469767 11.80635452 0.55246103
v 0.08205498 11.81297684 0.55427098
v 0.07932523 11.81946182 0.55631602
v 0.10808334 11.79767323 0.55806297
v 0.10545678 11.80445957 0.55931801
v 0.09692530 11.82412910 0.56448102
v 0.09388376 11.83042240 0.56666702
v 0.10271631 11.81114578 0.56080902
v 0.09986740 11.81769943 0.56253201
v 0.11407720 11.82913780 0.57331097
v 0.09075970 11.83654213 0.56906903
v 0.08754517 11.84250355 0.57168698
v 0.12603484 11.80291176 0.56725299
v 0.12321187 11.80964470 0.56841999
v 0.12027813 11.81626701 0.56982398
v 0.11723049 11.82276344 0.57145000
v 0.01705195 11.86758327 0.57609499
v 0.01425131 11.87205791 0.58058000
v 0.03585459 11.86634254 0.57782000
v 0.03278987 11.87099838 0.58203900
v 0.05813066 11.86025810 0.57679701
v 0.05486334 11.86530209 0.58053702
v 0.07748167 11.85928440 0.58081001
v 0.05154831 11.87012386 0.58447200
v 0.07400313 11.86447334 0.58426100
v 0.07048043 11.86944389 0.58788598
v 0.04820511 11.87470436 0.58857697
v 0.06689265 11.87419701 0.59170800
v 0.15413196 11.78087330 0.57511199
v 0.15168715 11.78788280 0.57526499
v 0.14909495 11.79482555 0.57564700
v 0.11081705 11.83535290 0.57539201
v 0.08091288 11.85388565 0.57756901
v 0.08426604 11.84829044 0.57452500
v 0.10746900 11.84141159 0.57768798
v 0.10401746 11.84731293 0.58020103
v 0.09689980 11.85854626 0.58586299
v 0.10049515 11.85302925 0.58293402
v 0.13411051 11.82815647 0.58102500
v 0.14636807 11.80169010 0.57626402
v 0.14349779 11.80847359 0.57710898
v 0.14049037 11.81516171 0.57818800
v 0.13735531 11.82172489 0.57949501
v 0.13075443 11.83445549 0.58278000
v 0.12728448 11.84060574 0.58474702
v 0.12371361 11.84660053 0.58693802
v 0.09322662 11.86386871 0.58899099
v 0.08949699 11.86898994 0.59231800
v 0.11628506 11.85806274 0.59194601
v 0.08569456 11.87389469 0.59583902
v 0.11245039 11.86351490 0.59476101
v 0.10853437 11.86876202 0.59777403
v 0.10455353 11.87379456 0.60096997
v 0.15393715 11.82748413 0.58979797
v 0.15049589 11.83386421 0.59122097
v 0.12004448 11.85241985 0.58933598
v 0.14325207 11.84616947 0.59472400
v 0.14692527 11.84010124 0.59287101
v 0.13160363 11.86339569 0.60156202
v 0.13558063 11.85783386 0.59907502
v 0.13947079 11.85209084 0.59680003
v 0.16895995 11.71694183 0.58414400
v 0.16975008 11.70998859 0.58627099
v 0.17079663 11.69632435 0.59115398
v 0.17104724 11.68985939 0.59390700
v 0.17036501 11.70311928 0.58861297
v 0.18816613 11.71641350 0.59760398
v 0.18880582 11.70954132 0.59995401
v 0.16684119 11.73104382 0.58054900
v 0.16553207 11.73814583 0.57908398
v 0.16237685 11.75242233 0.57683098
v 0.16403575 11.74528027 0.57784301
v 0.16799144 11.72397423 0.58223498
v 0.16056238 11.75957108 0.57605398
v 0.15642875 11.77381802 0.57519400
v 0.15858175 11.76670742 0.57550699
v 0.16909663 11.79394722 0.58603400
v 0.17412736 11.77996063 0.58612198
v 0.17168638 11.78697968 0.58595997
v 0.17847252 11.76583481 0.58711398
v 0.17638408 11.77289963 0.58650500
v 0.18631890 11.73035049 0.59351403
v 0.18510967 11.73740673 0.59179401
v 0.18372490 11.74448967 0.59029299
v 0.18215077 11.75158024 0.58900797
v 0.18734141 11.72334099 0.59545898
v 0.18040834 11.75870895 0.58794302
v 0.18866962 11.79341793 0.59746599
v 0.19122055 11.78645420 0.59769899
v 0.19360666 11.77943039 0.59815198
v 0.19783312 11.76533031 0.59972298
v 0.19580592 11.77239227 0.59883100
v 0.19967851 11.75824165 0.60083997
v 0.16042349 11.81436825 0.58761400
v 0.16635133 11.80084324 0.58633697
v 0.16346331 11.80764866 0.58686501
v 0.15724650 11.82098961 0.58859599
v 0.16995883 11.83357239 0.60073102
v 0.17345542 11.82713985 0.59963500
v 0.18594314 11.80032921 0.59745097
v 0.18305393 11.80717659 0.59766603
v 0.17999579 11.81393337 0.59809798
v 0.17679530 11.82058907 0.59875900
v 0.12753730 11.86876392 0.60424399
v 0.12337884 11.87393665 0.60712498
v 0.15471281 11.85787201 0.60724801
v 0.14641319 11.86901760 0.61175400
v 0.15061061 11.86354065 0.60939997
v 0.14211744 11.87429523 0.61429602
v 0.18951461 11.69629192 0.60526597
v 0.18926179 11.70274830 0.60251302
v 0.20711873 11.70950794 0.61454803
v 0.20665091 11.71631336 0.61198002
v 0.20736744 11.70305443 0.61730999
v 0.22432241 11.71662998 0.62724203
v 0.22459356 11.71017933 0.63000399
v 0.24112841 11.71758652 0.64333802
v 0.20404305 11.73709393 0.60547900
v 0.20511501 11.73009014 0.60744101
v 0.20277967 11.74409771 0.60372299
v 0.20132802 11.75114918 0.60216999
v 0.20597680 11.72316837 0.60961300
v 0.21464290 11.77225971 0.61215198
v 0.21251982 11.77928352 0.61119002
v 0.21020645 11.78627872 0.61044002
v 0.20771569 11.79325294 0.60990697
v 0.21657224 11.76520920 0.61332202
v 0.21828902 11.75817204 0.61470503
v 0.22225104 11.73715305 0.62008202
v 0.22113265 11.74413204 0.61808503
v 0.21981852 11.75114632 0.61629301
v 0.22384471 11.72340775 0.62466502
v 0.22314781 11.73024940 0.62228000
v 0.23278597 11.77249432 0.62642699
v 0.22616154 11.79345894 0.62334102
v 0.23078403 11.77948570 0.62519503
v 0.22858055 11.78646946 0.62416202
v 0.18907373 11.83358955 0.61127001
v 0.19259061 11.82709599 0.61049902
v 0.16634104 11.83986855 0.60203999
v 0.16258115 11.84603214 0.60356599
v 0.15870254 11.85203362 0.60530400
v 0.18541129 11.83994961 0.61224997
v 0.18160380 11.84617996 0.61344498
v 0.17766593 11.85225296 0.61484802
v 0.20502788 11.80018616 0.60959500
v 0.19914241 11.81381893 0.60961902
v 0.20217597 11.80704498 0.60950100
v 0.19595088 11.82049847 0.60995299
v 0.16939773 11.86393738 0.61826402
v 0.17359896 11.85817623 0.61645299
v 0.16509843 11.86951828 0.62028402
v 0.16068983 11.87490654 0.62249702
v 0.18790077 11.86460114 0.62816203
v 0.19215956 11.85875225 0.62668902
v 0.21127014 11.82737160 0.62239599
v 0.20775495 11.83391094 0.62283498
v 0.21460356 11.82075024 0.62216699
v 0.21775812 11.81405258 0.62214601
v 0.22354904 11.80037117 0.62273800
v 0.22075979 11.80723095 0.62232900
v 0.19627115 11.85276127 0.62541902
v 0.20407867 11.84032440 0.62349099
v 0.20025441 11.84660912 0.62434798
v 0.23458397 11.76549149 0.62786299
v 0.18351613 11.87027264 0.62984103
v 0.22593170 11.83452702 0.63540697
v 0.23269258 11.82132339 0.63536102
v 0.22939955 11.82797813 0.63528502
v 0.22228187 11.84098911 0.63573200
v 0.21446228 11.85354233 0.63699698
v 0.21031439 11.85961246 0.63793498
v 0.20602933 11.86552238 0.63907301
v 0.20159960 11.87127781 0.64040399
v 0.21844892 11.84733391 0.63626403
v 0.23214830 11.85459995 0.64956999
v 0.21925302 11.87254906 0.65197200
v 0.22800764 11.86073303 0.65017998
v 0.22371134 11.86671162 0.65097600
v 0.23964408 11.73764801 0.63557899
v 0.23754762 11.75150871 0.63133103
v 0.23871192 11.74454880 0.63335502
v 0.24036336 11.73083115 0.63798302
v 0.24086586 11.72404289 0.64056802
v 0.23617584 11.75848579 0.62949502
v 0.25018841 11.77309608 0.64161700
v 0.24623238 11.78703785 0.63882601
v 0.24394011 11.79398537 0.63773102
v 0.24832094 11.78006458 0.64012003
v 0.25447196 11.75223064 0.64723301
v 0.25669503 11.73177814 0.65450799
v 0.25618148 11.73853588 0.65190500
v 0.25543761 11.74535656 0.64948398
v 0.25327197 11.75916958 0.64517403
v 0.25183937 11.76612759 0.64329398
v 0.26313707 11.78793335 0.65439099
v 0.26097426 11.79487324 0.65303499
v 0.26508150 11.78097820 0.65594202
v 0.23580696 11.81458473 0.63564998
v 0.24144024 11.80089378 0.63683999
v 0.23872712 11.80776215 0.63613898
v 0.24694295 11.82886982 0.64913702
v 0.24351613 11.83546734 0.64894497
v 0.25318083 11.81544590 0.65010899
v 0.25016147 11.82219028 0.64952302
v 0.25859010 11.80176926 0.65187001
v 0.25599888 11.80862045 0.65088999
v 0.23990987 11.84196758 0.64896202
v 0.23611775 11.84834385 0.64917201
v 0.01143191 11.87628174 0.58521998
v 0.02969695 11.87540627 0.58642000
v 0.00859608 11.88025379 0.59002501
v 0.02658679 11.87957096 0.59097302
v 0.00575567 11.88395882 0.59497601
v 0.00291029 11.88739586 0.60006601
v 0.02346005 11.88347244 0.59567302
v 0.02031752 11.88711643 0.60052800
v 0.04483061 11.87904739 0.59285301
v 0.04143814 11.88314438 0.59730101
v 0.06328268 11.87870884 0.59570700
v 0.05962839 11.88297749 0.59986901
v 0.08185472 11.87856102 0.59953701
v 0.00016221 11.89044762 0.60528600
v 0.01718009 11.89048958 0.60552198
v 0.03802125 11.88698196 0.60190398
v 0.03459853 11.89055252 0.60664600
v 0.01415489 11.89347458 0.61064601
v 0.03115819 11.89385700 0.61153501
v 0.05595581 11.88700104 0.60420400
v 0.07797344 11.88299656 0.60341400
v 0.07405366 11.88718414 0.60745299
v 0.05225879 11.89076042 0.60868502
v 0.04854475 11.89425659 0.61331302
v 0.07011222 11.89112568 0.61165601
v 0.02784658 11.89678192 0.61655498
v 0.04482572 11.89748669 0.61808801
v 0.06613375 11.89480782 0.61601400
v 0.06215240 11.89822388 0.62051898
v 0.04124760 11.90033340 0.62298501
v 0.05816299 11.90137196 0.62516201
v 0.07538527 11.90245152 0.62825602
v 0.09641483 11.88320637 0.60793400
v 0.10050336 11.87861443 0.60435897
v 0.09226823 11.88755703 0.61167902
v 0.11487779 11.88361263 0.61344600
v 0.11915550 11.87888718 0.61019802
v 0.08809002 11.89166355 0.61558598
v 0.08387143 11.89552116 0.61965698
v 0.11053144 11.88812065 0.61688000
v 0.10613549 11.89238548 0.62048399
v 0.07963648 11.89911842 0.62388301
v 0.09722746 11.90016937 0.62818003
v 0.10169198 11.89640331 0.62425101
v 0.13329072 11.88424397 0.61996698
v 0.13774168 11.87937546 0.61703598
v 0.12876385 11.88888645 0.62307400
v 0.12417658 11.89330196 0.62636697
v 0.15618148 11.88010025 0.62489700
v 0.15158273 11.88509560 0.62749600
v 0.05430783 11.90413952 0.62993598
v 0.07111980 11.90550995 0.63275898
v 0.06700832 11.90820217 0.63740098
v 0.09273599 11.90367794 0.63226599
v 0.11485571 11.90140057 0.63344699
v 0.08821693 11.90691853 0.63648897
v 0.08369251 11.90989208 0.64086002
v 0.11013805 11.90507221 0.63722700
v 0.10539217 11.90848255 0.64115298
v 0.11953781 11.89747143 0.62982100
v 0.14690425 11.88986683 0.63027698
v 0.14215690 11.89441395 0.63323402
v 0.13246389 11.90280628 0.63967299
v 0.13733107 11.89873219 0.63636899
v 0.07934424 11.91248798 0.64535201
v 0.10062682 11.91162968 0.64522702
v 0.09585644 11.91450405 0.64943898
v 0.09125102 11.91701031 0.65377200
v 0.11259425 11.91656494 0.65443403
v 0.12754931 11.90663242 0.64313000
v 0.12258184 11.91020775 0.64675099
v 0.15502080 11.90018272 0.64389998
v 0.14998165 11.90440273 0.64686698
v 0.11760221 11.91352367 0.65052801
v 0.14487396 11.90838242 0.65001202
v 0.13973118 11.91210556 0.65331000
v 0.17441137 11.88106155 0.63377303
v 0.17902467 11.87575531 0.63170999
v 0.16969231 11.88616657 0.63603199
v 0.16488194 11.89106274 0.63847101
v 0.15997851 11.89574337 0.64110303
v 0.19703366 11.87686825 0.64194101
v 0.18753937 11.88746929 0.64557302
v 0.19234163 11.88226509 0.64366001
v 0.18263221 11.89247608 0.64767200
v 0.17251173 11.90184689 0.65241599
v 0.16733392 11.90619278 0.65504497
v 0.17761029 11.89727497 0.64995301
v 0.20504320 11.88900852 0.65610802
v 0.21465459 11.87821293 0.65316200
v 0.20991670 11.88370132 0.65453899
v 0.25696772 11.72532749 0.65727001
v 0.27049702 11.75335598 0.66396803
v 0.27126423 11.74654388 0.66640699
v 0.27179113 11.73976994 0.66901898
v 0.26824990 11.76713467 0.65959603
v 0.26677904 11.77404022 0.65768099
v 0.26949695 11.76021481 0.66169101
v 0.27720281 11.79605579 0.66921502
v 0.27206549 11.73332787 0.67179799
v 0.28558266 11.75481987 0.68146998
v 0.28375730 11.76845551 0.67670101
v 0.28248501 11.77534485 0.67457098
v 0.28096226 11.78225231 0.67261100
v 0.27919641 11.78916073 0.67081898
v 0.28479093 11.76162338 0.67900503
v 0.27249137 11.80982399 0.66654301
v 0.26981157 11.81661415 0.66548300
v 0.26690394 11.82337093 0.66460502
v 0.26378867 11.83007145 0.66393101
v 0.25318590 11.84962845 0.66303200
v 0.23642536 11.87407112 0.66451502
v 0.24088143 11.86816502 0.66386002
v 0.24515842 11.86212158 0.66339302
v 0.24926825 11.85593796 0.66311800
v 0.26045489 11.83668995 0.66343802
v 0.25691390 11.84321785 0.66314000
v 0.27496672 11.80295181 0.66777998
v 0.26957110 11.85119629 0.67782497
v 0.27321512 11.84474373 0.67823797
v 0.26167905 11.86376858 0.67754501
v 0.25743583 11.86988068 0.67768699
v 0.26572412 11.85753536 0.67759299
v 0.28818515 11.81128788 0.68304902
v 0.27986518 11.83157349 0.67961800
v 0.28286701 11.82486153 0.68057603
v 0.28564143 11.81809521 0.68172401
v 0.27665088 11.83819580 0.67883700
v 0.28640118 11.74162579 0.68686998
v 0.28611821 11.74806690 0.68409097
v 0.29592139 11.78383255 0.69006199
v 0.29435405 11.79070663 0.68805802
v 0.29723844 11.77696228 0.69223601
v 0.29910135 11.76335335 0.69704998
v 0.29829791 11.77013397 0.69456702
v 0.29965925 11.75661564 0.69968802
v 0.29994395 11.75016880 0.70246798
v 0.30854917 11.79255676 0.70605302
v 0.31098688 11.77889252 0.71061999
v 0.30990341 11.78570843 0.70826298
v 0.27333564 11.87183285 0.69243598
v 0.29048371 11.80444241 0.68454701
v 0.29254049 11.79757118 0.68621302
v 0.29513893 11.83333683 0.69615799
v 0.28521362 11.85301971 0.69350100
v 0.29205304 11.83997822 0.69509399
v 0.28874257 11.84654617 0.69421601
v 0.27751032 11.86567688 0.69261599
v 0.28146511 11.85940456 0.69297302
v 0.30296075 11.81306171 0.70036000
v 0.30693606 11.79939365 0.70399600
v 0.30507880 11.80622292 0.70209700
v 0.29799449 11.82661533 0.69738603
v 0.30059457 11.81985283 0.69879198
v 0.29256290 11.86783218 0.70855701
v 0.28850475 11.87402725 0.70807600
v 0.30004317 11.85510921 0.71003997
v 0.29641783 11.86151886 0.70920998
v 0.31181338 11.77212048 0.71313000
v 0.31237173 11.76539326 0.71577698
v 0.30951431 11.83537388 0.71351200
v 0.31219608 11.82865620 0.71499699
v 0.30659771 11.84200668 0.71218598
v 0.30344045 11.84859657 0.71102399
v 0.30680597 11.87020111 0.72532803
v 0.31051069 11.86386299 0.72627401
v 0.31266853 11.75895977 0.71856499
v 0.32172027 11.79466724 0.72475302
v 0.32283449 11.78788567 0.72714603
v 0.32367209 11.78112698 0.72967303
v 0.32425508 11.77439880 0.73233801
v 0.32454064 11.76795292 0.73512602
v 0.31461352 11.82188797 0.71663702
v 0.31868961 11.80831146 0.72039700
v 0.31678608 11.81510830 0.71844500
v 0.32034412 11.80148411 0.72249800
v 0.32542685 11.83093452 0.73334199
v 0.32763776 11.82417965 0.73521203
v 0.32958466 11.81742668 0.73722601
v 0.32020253 11.84429932 0.73004901
v 0.31722182 11.85089779 0.72863400
v 0.31398353 11.85743141 0.72737402
v 0.32293573 11.83765888 0.73162299
v 0.33468422 11.79033089 0.74665302
v 0.33526748 11.78361130 0.74932700
v 0.33556318 11.77717876 0.75212401
v 0.33127263 11.81063747 0.73938102
v 0.33268023 11.80384636 0.74167103
v 0.33382106 11.79708004 0.74409997
v 0.32013845 11.87280369 0.74289101
v 0.32368350 11.86643600 0.74410701
v 0.33003911 11.85343170 0.74698597
v 0.32698506 11.85997963 0.74547398
v 0.33535931 11.84015560 0.75044000
v 0.33282563 11.84682369 0.74864000
v 0.33960888 11.82672977 0.75445700
v 0.33761129 11.83345509 0.75238103
v 0.34132129 11.81997108 0.75665700
v 0.34276375 11.81320858 0.75899100
v 0.34391910 11.80644131 0.76144600
v 0.34479281 11.79971600 0.76402700
v 0.33587357 11.86921406 0.76266098
v 0.33898693 11.86272717 0.76427197
v 0.34538716 11.79301548 0.76671797
v 0.34568360 11.78658104 0.76951599
v 0.35490769 11.79616356 0.78728199
v 0.35047859 11.82948208 0.77430701
v 0.34439763 11.84956646 0.76790398
v 0.34873724 11.83618736 0.77204502
v 0.34670770 11.84290409 0.76990700
v 0.34183702 11.85616302 0.76602399
v 0.35312280 11.81599236 0.77916801
v 0.35194436 11.82274437 0.77667701
v 0.34703496 11.87216854 0.78188801
v 0.34992659 11.86566734 0.78372800
v 0.35400769 11.80927086 0.78177500
v 0.35460210 11.80258656 0.78447503
v 0.35253748 11.85910797 0.78568798
v 0.35488510 11.85248852 0.78777200
v 0.35871318 11.83913231 0.79227901
v 0.35694644 11.84582043 0.78997302
v 0.36020449 11.83241940 0.79470199
v 0.36139119 11.82571697 0.79722899
v 0.36290506 11.81231499 0.80257201
v 0.36321238 11.80589581 0.80537802
v 0.36229816 11.81900501 0.79984498
v 0.36214262 11.86219311 0.80592299
v 0.35976571 11.86878681 0.80376798
v 0.36873829 11.83554459 0.81557500
v 0.36964735 11.82885170 0.81822699
v 0.36602432 11.84892178 0.81055403
v 0.36752647 11.84224224 0.81302202
v 0.36422145 11.85557938 0.80818599
v 0.37057275 11.81575871 0.82377797
v 0.37026438 11.82218075 0.82096303
v 0.37056589 11.86545563 0.82666701
v 0.36845005 11.87203884 0.82434201
v 0.37390584 11.85217762 0.83160198
v 0.37238312 11.85882473 0.82908899
v 0.37666780 11.83214855 0.83962297
v 0.37697449 11.82573414 0.84243798
v 0.37605000 11.83881474 0.83686900
v 0.37512925 11.84549713 0.83419001
v 0.37932050 11.86220455 0.85041398
v 0.37778389 11.86883259 0.84785700
v 0.38055441 11.85555172 0.85303801
v 0.38148600 11.84889603 0.85574299
v 0.38211462 11.84222794 0.85850602
v 0.38242316 11.83580971 0.86132997
v 0.38376901 11.87230968 0.86941302
v 0.38594812 11.85902500 0.87480497
v 0.38501519 11.86567688 0.87208200
v 0.10757888 11.91934204 0.65848702
v 0.10274702 11.92174721 0.66266203
v 0.13454482 11.91557598 0.65676397
v 0.12933041 11.91878414 0.66036302
v 0.12408701 11.92172813 0.66411000
v 0.11883944 11.92439461 0.66798699
v 0.15140806 11.91779518 0.66394198
v 0.14599895 11.92116356 0.66722798
v 0.11377335 11.92670441 0.67199302
v 0.13509895 11.92709541 0.67422003
v 0.14055344 11.92426205 0.67065001
v 0.12961896 11.92965508 0.67791998
v 0.12435542 11.93185234 0.68175000
v 0.15126298 11.92994499 0.68137199
v 0.14558840 11.93266678 0.68475598
v 0.13989812 11.93511105 0.68826997
v 0.13441315 11.93720627 0.69191301
v 0.15555269 11.93842411 0.69568998
v 0.14965408 11.94075489 0.69901800
v 0.14398463 11.94272900 0.70246601
v 0.16207778 11.91031170 0.65785301
v 0.18976030 11.90371418 0.66191399
v 0.19496423 11.89902115 0.65980202
v 0.18445973 11.90818310 0.66419899
v 0.17907831 11.91242886 0.66666102
v 0.15676589 11.91417789 0.66082102
v 0.17361495 11.91643429 0.66929102
v 0.20005350 11.89411545 0.65786099
v 0.23180661 11.87981510 0.66536897
v 0.22705787 11.88538074 0.66640800
v 0.22214480 11.89077473 0.66762602
v 0.21711123 11.89598083 0.66903597
v 0.16810310 11.92019463 0.67208201
v 0.16252442 11.92370319 0.67502701
v 0.15690802 11.92695522 0.67812598
v 0.19023107 11.91886902 0.67872000
v 0.18457568 11.92276573 0.68116403
v 0.21194528 11.90098667 0.67062002
v 0.20666531 11.90578938 0.67238402
v 0.20127304 11.91038132 0.67432702
v 0.23370343 11.89806366 0.68116701
v 0.22850679 11.90316963 0.68240798
v 0.19579126 11.91474152 0.67644501
v 0.24843347 11.88164711 0.67853397
v 0.23877002 11.89276600 0.68010801
v 0.24367610 11.88729000 0.67922902
v 0.25301886 11.87584305 0.67802203
v 0.17309821 11.92981243 0.68653703
v 0.16728149 11.93294716 0.68944103
v 0.17886251 11.92641258 0.68376899
v 0.16142446 11.93581867 0.69249201
v 0.19492224 11.92929649 0.69345498
v 0.18902536 11.93282890 0.69587398
v 0.21772042 11.91276932 0.68541002
v 0.22317538 11.90807533 0.68382400
v 0.21215799 11.91724682 0.68717599
v 0.20650889 11.92149734 0.68910801
v 0.20075761 11.92552185 0.69120598
v 0.17102498 11.94187927 0.70401102
v 0.18307428 11.93610477 0.69843698
v 0.17706795 11.93912697 0.70115501
v 0.16495535 11.94436073 0.70700502
v 0.15888032 11.94657230 0.71013701
v 0.19244893 11.94258118 0.71072698
v 0.21064200 11.93235493 0.70408201
v 0.22240002 11.92430878 0.70043403
v 0.23371644 11.91536140 0.69744599
v 0.22811803 11.91993999 0.69885403
v 0.21656783 11.92844677 0.70217001
v 0.20464724 11.93601322 0.70614398
v 0.19857398 11.93942451 0.70835900
v 0.23920788 11.91056633 0.69620699
v 0.24456431 11.90555763 0.69513500
v 0.24976701 11.90036583 0.69424498
v 0.25972006 11.88943291 0.69299001
v 0.26898247 11.87784958 0.69244498
v 0.26443726 11.88371754 0.69262803
v 0.25481787 11.89498806 0.69352502
v 0.25469843 11.91324520 0.70951098
v 0.26003355 11.90816212 0.70879000
v 0.27025482 11.89742088 0.70786399
v 0.26523393 11.90288067 0.70823902
v 0.24920611 11.91814518 0.71040601
v 0.27509436 11.89180088 0.70765299
v 0.28422984 11.88008976 0.70776302
v 0.27976236 11.88601494 0.70762002
v 0.15300429 11.94843769 0.71339101
v 0.18626995 11.94547367 0.71323198
v 0.18005064 11.94810867 0.71589297
v 0.17380604 11.95046520 0.71868300
v 0.16754360 11.95254993 0.72160202
v 0.23194663 11.93155575 0.71407300
v 0.21989653 11.93935394 0.71732199
v 0.22596213 11.93557549 0.71562302
v 0.21372841 11.94289875 0.71918899
v 0.20120452 11.94921875 0.72336298
v 0.20749584 11.94618416 0.72119898
v 0.19485134 11.95198822 0.72566402
v 0.22845566 11.94652367 0.73091698
v 0.21576835 11.95310402 0.73438603
v 0.22213954 11.94994354 0.73258001
v 0.16150436 11.95429897 0.72466099
v 0.18206152 11.95672798 0.73069698
v 0.18847242 11.95449257 0.72811198
v 0.17562611 11.95868683 0.73341298
v 0.16942236 11.96030903 0.73624903
v 0.20932479 11.95601177 0.73633599
v 0.23781905 11.92729759 0.71267998
v 0.24357224 11.92282772 0.71145803
v 0.26956871 11.91612720 0.72371799
v 0.26409578 11.92111206 0.72426099
v 0.28975916 11.89437771 0.72319698
v 0.27488151 11.91096020 0.72334403
v 0.28498855 11.90006828 0.72307801
v 0.28002349 11.90560341 0.72312897
v 0.29869896 11.88255978 0.72393698
v 0.30286151 11.87644863 0.72455102
v 0.29433396 11.88853264 0.72348100
v 0.25270420 11.93047333 0.72584403
v 0.24681279 11.93482971 0.72687900
v 0.24080272 11.93896198 0.72806799
v 0.23467375 11.94286060 0.72941399
v 0.25846577 11.92589760 0.72496903
v 0.18971409 11.96313000 0.74302202
v 0.18312585 11.96496105 0.74552399
v 0.17677788 11.96645546 0.74814701
v 0.19627568 11.96102810 0.74065799
v 0.20281813 11.95865250 0.73842400
v 0.21013966 11.96545219 0.75148499
v 0.22336370 11.96016407 0.74787402
v 0.22988820 11.95712948 0.74628103
v 0.21678412 11.96294117 0.74961102
v 0.19002521 11.97136116 0.75791800
v 0.18353534 11.97272968 0.76031899
v 0.20346691 11.96769619 0.75349700
v 0.19675358 11.96966934 0.75564700
v 0.23029153 11.96735573 0.76165402
v 0.21681446 11.97237682 0.76482099
v 0.22357383 11.96999836 0.76316899
v 0.24269624 11.95030117 0.74354202
v 0.24893917 11.94652271 0.74239200
v 0.27273425 11.92914295 0.73936701
v 0.25508469 11.94250965 0.74139798
v 0.26110807 11.93827152 0.74056798
v 0.26700351 11.93380928 0.73988801
v 0.28900328 11.91393852 0.73875099
v 0.31233305 11.88523388 0.74092799
v 0.30808464 11.89126492 0.74017203
v 0.29893884 11.90292072 0.73914802
v 0.29407200 11.90850735 0.73886901
v 0.30361590 11.89717197 0.73958302
v 0.28375611 11.91919136 0.73879701
v 0.27833146 11.92426682 0.73900098
v 0.26262432 11.95033169 0.75623697
v 0.26874956 11.94621563 0.75560200
v 0.30731767 11.91160488 0.75542802
v 0.31208092 11.90594196 0.75601500
v 0.29183227 11.92758942 0.75457901
v 0.28629977 11.93255234 0.75460601
v 0.27475673 11.94186878 0.75511003
v 0.28061625 11.93730831 0.75478500
v 0.30235183 11.91710091 0.75498903
v 0.29718977 11.92243481 0.75471097
v 0.23633702 11.95383644 0.74483103
v 0.24998102 11.95787907 0.75796300
v 0.25635627 11.95422554 0.75702602
v 0.24350195 11.96128750 0.75904799
v 0.23694386 11.96444511 0.76027501
v 0.31635046 11.87907505 0.74182999
v 0.32095593 11.89418030 0.75764501
v 0.32504630 11.88809872 0.75867999
v 0.31662574 11.90013313 0.75675499
v 0.32889837 11.88190746 0.75986499
v 0.33251044 11.87561226 0.76119697
v 0.18968353 11.97912121 0.77275598
v 0.20315859 11.97632217 0.76852900
v 0.20999835 11.97448826 0.76661003
v 0.19630350 11.97788143 0.77057803
v 0.22280745 11.97941017 0.77840400
v 0.22969519 11.97716522 0.77697498
v 0.19523919 11.98560810 0.78542298
v 0.20893033 11.98308468 0.78165799
v 0.20194535 11.98450947 0.78348500
v 0.21589121 11.98138714 0.77997100
v 0.22813655 11.98654461 0.79221803
v 0.28174284 11.95005512 0.77062500
v 0.28769398 11.94560719 0.77048701
v 0.30454966 11.93106461 0.77096498
v 0.30979797 11.92582703 0.77141201
v 0.29348451 11.94096470 0.77050400
v 0.29910094 11.93611050 0.77065498
v 0.29985625 11.94948959 0.78665900
v 0.30554903 11.94475365 0.78700697
v 0.31107348 11.93981552 0.78748602
v 0.26303220 11.96204281 0.77192700
v 0.26940012 11.95827961 0.77135199
v 0.24328330 11.97188473 0.77453500
v 0.24996023 11.96885300 0.77352101
v 0.23652066 11.97465897 0.77569097
v 0.25655028 11.96557045 0.77265000
v 0.27562761 11.95428181 0.77091300
v 0.24890625 11.97942162 0.78902501
v 0.23511939 11.98443604 0.79101998
v 0.24204899 11.98206329 0.78995901
v 0.26895282 11.96997547 0.78707701
v 0.25568521 11.97652912 0.78824300
v 0.26236603 11.97337532 0.78758597
v 0.27541730 11.96633625 0.78671497
v 0.28174073 11.96246338 0.78649002
v 0.28793606 11.95835495 0.78639799
v 0.29397434 11.95402813 0.78645599
v 0.21403836 11.98994255 0.79500902
v 0.20696248 11.99122429 0.79659498
v 0.22110048 11.98837852 0.79354399
v 0.20012857 11.99219322 0.79830098
v 0.23276682 11.99375916 0.80622602
v 0.21132344 11.99802017 0.80989897
v 0.20442335 11.99884892 0.81136501
v 0.21849269 11.99687576 0.80854499
v 0.22565000 11.99545574 0.80732101
v 0.23984271 11.99178982 0.80526000
v 0.24685633 11.98955345 0.80443102
v 0.25380382 11.98705292 0.80373698
v 0.26066318 11.98429012 0.80316901
v 0.26744235 11.98127079 0.80274302
v 0.28705785 11.97073936 0.80228001
v 0.27410302 11.97799778 0.80244797
v 0.28063589 11.97449398 0.80230099
v 0.30539170 11.95812988 0.80305600
v 0.29944453 11.96254635 0.80265599
v 0.29332620 11.96675491 0.80240202
v 0.31117061 11.95349598 0.80358100
v 0.26490274 11.99212551 0.81828099
v 0.27174845 11.98923969 0.81807798
v 0.24385589 11.99921989 0.81968498
v 0.25093806 11.99712086 0.81908798
v 0.25796849 11.99475384 0.81861699
v 0.28508630 11.98271847 0.81807202
v 0.27847606 11.98609924 0.81800598
v 0.29156014 11.97909546 0.81826597
v 0.30409521 11.97114563 0.81906003
v 0.31009880 11.96684074 0.81964803
v 0.29790893 11.97523403 0.81859303
v 0.20803221 12.00557899 0.82459497
v 0.21503423 12.00488091 0.82336098
v 0.22227621 12.00387859 0.82224798
v 0.22950305 12.00260067 0.82126498
v 0.21101892 12.01235104 0.83794898
v 0.22538310 12.01093578 0.83609200
v 0.23267888 12.00979900 0.83534902
v 0.21807083 12.01179504 0.83696401
v 0.23669645 12.00104713 0.82041103
v 0.25430104 12.00474358 0.83388603
v 0.26138651 12.00251484 0.83365703
v 0.26837179 12.00002575 0.83355200
v 0.27527055 11.99727440 0.83357197
v 0.28206763 11.99426651 0.83372301
v 0.23993698 12.00838757 0.83473599
v 0.24713649 12.00670433 0.83425200
v 0.28873953 11.99101543 0.83401197
v 0.29528329 11.98751259 0.83442003
v 0.30166894 11.98377800 0.83496100
v 0.30789414 11.97981644 0.83562499
v 0.21336494 12.01916790 0.85142499
v 0.22044884 12.01874542 0.85067201
v 0.22780640 12.01803780 0.85005897
v 0.22214335 12.02572823 0.86447603
v 0.22953779 12.02516174 0.86410397
v 0.21500507 12.02600956 0.86497903
v 0.23514891 12.01704407 0.84955698
v 0.24245329 12.01577473 0.84918499
v 0.24971333 12.01422787 0.84893298
v 0.27108371 12.00796700 0.84893799
v 0.26403838 12.01032066 0.84881002
v 0.25691646 12.01240826 0.84880799
v 0.31086519 11.98853111 0.85232300
v 0.27803960 12.00535297 0.84919900
v 0.28486955 12.00247765 0.84957302
v 0.29158750 11.99935341 0.85007697
v 0.29815865 11.99598694 0.85070699
v 0.30459780 11.99237442 0.85145402
v 0.23691405 12.02431107 0.86384302
v 0.24425176 12.02318859 0.86372101
v 0.25154799 12.02178288 0.86370999
v 0.25878501 12.02010536 0.86382699
v 0.26594126 12.01815796 0.86407000
v 0.27302530 12.01594162 0.86443001
v 0.28687590 12.01072216 0.86552000
v 0.28000054 12.01346207 0.86491400
v 0.29362270 12.00772762 0.86624700
v 0.30022922 12.00448513 0.86709201
v 0.30668887 12.00100040 0.86805302
v 0.32431173 11.90914536 0.77364999
v 0.32871163 11.90327549 0.77468199
v 0.33678699 11.89116669 0.77716100
v 0.34046951 11.88491726 0.77859902
v 0.33286467 11.89728069 0.77585101
v 0.31484151 11.92043018 0.77201098
v 0.31968284 11.91486740 0.77275801
v 0.34388340 11.87858105 0.78017902
v 0.33558187 11.91250992 0.79199600
v 0.32152420 11.92938042 0.78887999
v 0.33112332 11.91827869 0.79082102
v 0.32643878 11.92390537 0.78977799
v 0.31640902 11.93467903 0.78811097
v 0.34751654 11.89436436 0.79629600
v 0.35097975 11.88810539 0.79799199
v 0.33981380 11.90657997 0.79329801
v 0.34379524 11.90052509 0.79473299
v 0.31676257 11.94865990 0.80424798
v 0.32215324 11.94364357 0.80505103
v 0.32734188 11.93843651 0.80598003
v 0.35418373 11.88173771 0.79979801
v 0.35710710 11.87530231 0.80172801
v 0.34988609 11.91000748 0.81256402
v 0.33232090 11.93305206 0.80704701
v 0.34156713 11.92183590 0.80955899
v 0.33706486 11.92751408 0.80824202
v 0.34585381 11.91599655 0.81100398
v 0.36335775 11.88504219 0.81998700
v 0.36040273 11.89141941 0.81796700
v 0.35715872 11.89773273 0.81605399
v 0.35364726 11.90392876 0.81425202
v 0.32703581 11.95268059 0.82219601
v 0.33227032 11.94759178 0.82330298
v 0.34210664 11.93684196 0.82587701
v 0.33731002 11.94229603 0.82452202
v 0.35097390 11.92550373 0.82892400
v 0.34666011 11.93124294 0.82733703
v 0.36605278 11.87857628 0.82211602
v 0.35886332 11.91357422 0.83242100
v 0.35505611 11.91960144 0.83061802
v 0.34139031 11.95162010 0.84218401
v 0.34624228 11.94625950 0.84368998
v 0.35084409 11.94073105 0.84530199
v 0.36568460 11.90120411 0.83635098
v 0.36240825 11.90745068 0.83433998
v 0.36868277 11.89486599 0.83846903
v 0.37138796 11.88845253 0.84067798
v 0.37381777 11.88196564 0.84298402
v 0.37594748 11.87542057 0.84538102
v 0.35519606 11.93506432 0.84702301
v 0.32159132 11.95760345 0.82122302
v 0.31592819 11.96233082 0.82036901
v 0.31984344 11.97122383 0.83732700
v 0.32554251 11.96661377 0.83835799
v 0.33105299 11.96179390 0.83951902
v 0.31396303 11.97562218 0.83640802
v 0.33633664 11.95679188 0.84079498
v 0.37002122 11.91105556 0.85493201
v 0.37303352 11.90478897 0.85713798
v 0.37577713 11.89841843 0.85943699
v 0.36314407 11.92331028 0.85077900
v 0.35929412 11.92925930 0.84885001
v 0.36672446 11.91722965 0.85280502
v 0.37822184 11.89197445 0.86182302
v 0.38037091 11.88547421 0.86428303
v 0.38222161 11.87891006 0.86681199
v 0.35408989 11.95028400 0.86341000
v 0.36260831 11.93896008 0.86723500
v 0.35848188 11.94469452 0.86527401
v 0.37007999 11.92708206 0.87142998
v 0.36647841 11.93309116 0.86928803
v 0.37339845 11.92096901 0.87365597
v 0.31698066 11.98445702 0.85331100
v 0.32290176 11.98016930 0.85442603
v 0.32863414 11.97567177 0.85564500
v 0.33417529 11.97096157 0.85698402
v 0.33949420 11.96605778 0.85843003
v 0.34458917 11.96097946 0.85998797
v 0.34946302 11.95571327 0.86164600
v 0.32508463 11.98915005 0.87162298
v 0.33084840 11.98476028 0.87303901
v 0.33640000 11.98016644 0.87455601
v 0.31299272 11.99727726 0.86912698
v 0.31912723 11.99332714 0.87032098
v 0.62453693 13.55394840 0.50000000
v 4.17453861 13.24764252 0.50000000
v 0.01326793 10.44216919 1.13025904
v 0.01339182 10.43582535 1.13322997
v 0.03551444 10.44504452 1.13469005
v 0.01345010 10.42940617 1.13643301
v 0.01344878 10.42315292 1.13986099
v 0.01336521 10.41706467 1.14350796
v 0.01322270 10.41115856 1.14736497
v 0.03563412 10.42602634 1.14427400
v 0.03550287 10.41992092 1.14791298
v 0.03562682 10.43871021 1.13766098
v 0.03567134 10.43229580 1.14085495
v 0.05749174 10.44834518 1.13993704
v 0.05760364 10.44200325 1.14290798
v 0.05762609 10.43558979 1.14610302
v 0.07918383 10.45206738 1.14600098
v 0.01196993 10.38956070 1.16478097
v 0.01148876 10.38470650 1.16959298
v 0.01093824 10.38010120 1.17456603
v 0.03306941 10.38750362 1.17390394
v 0.01300730 10.40544128 1.15143299
v 0.03530065 10.41401768 1.15176201
v 0.01273267 10.39993095 1.15568995
v 0.01238719 10.39463615 1.16014802
v 0.03501713 10.40828133 1.15581298
v 0.03464909 10.40276623 1.16006100
v 0.05755777 10.42932129 1.14951301
v 0.05738133 10.42321777 1.15314305
v 0.05712159 10.41729355 1.15697396
v 0.05676844 10.41155529 1.16101694
v 0.03419881 10.39745235 1.16449296
v 0.03367826 10.39236259 1.16911805
v 0.05631717 10.40602684 1.16523898
v 0.05577134 10.40069008 1.16965401
v 0.05513122 10.39558697 1.17425299
v 0.07767741 10.40968704 1.17122495
v 0.07704329 10.40435123 1.17562306
v 0.07896256 10.42692661 1.15918005
v 0.07928441 10.44573307 1.14897096
v 0.07929215 10.43930244 1.15215695
v 0.10052607 10.45620823 1.15287197
v 0.07917456 10.43303204 1.15556800
v 0.10060325 10.44345760 1.15901995
v 0.10062477 10.44987202 1.15584195
v 0.12148536 10.46076202 1.16053295
v 0.07864594 10.42099190 1.16300297
v 0.07821035 10.41524124 1.16701996
v 0.09982336 10.42509460 1.16982198
v 0.09932946 10.41934109 1.17382097
v 0.10047074 10.43717289 1.16241205
v 0.10020965 10.43103409 1.16601598
v 0.12153865 10.44798851 1.16667199
v 0.12157292 10.45441628 1.16349494
v 0.12137638 10.44170761 1.17005599
v 0.12107103 10.43556499 1.17364299
v 0.14210494 10.45935535 1.17191994
v 0.14201841 10.46570396 1.16895795
v 0.14204854 10.45291424 1.17508900
v 0.01033794 10.37576485 1.17970097
v 0.03238678 10.38287640 1.17885196
v 0.00965904 10.37165451 1.18497896
v 0.03163293 10.37851906 1.18396103
v 0.03080788 10.37440109 1.18921304
v 0.05358625 10.38606453 1.18393600
v 0.05269141 10.38168621 1.18901002
v 0.00891641 10.36781120 1.19040501
v 0.00813180 10.36426640 1.19594705
v 0.02988966 10.37052345 1.19459605
v 0.00727543 10.36098957 1.20160997
v 0.02891447 10.36694908 1.20011306
v 0.05170292 10.37753773 1.19422805
v 0.07450355 10.38966465 1.18980896
v 0.07346183 10.38525105 1.19483995
v 0.05062465 10.37364101 1.19957602
v 0.07230927 10.38106823 1.20002306
v 0.05440791 10.39070606 1.17901397
v 0.07629641 10.39923000 1.18018699
v 0.07545213 10.39432049 1.18492103
v 0.09389198 10.38921070 1.20144999
v 0.09797038 10.40840912 1.18237197
v 0.09871411 10.41376209 1.17799997
v 0.09712334 10.40327263 1.18690097
v 0.12063578 10.42961121 1.17743099
v 0.12006149 10.42382431 1.18140399
v 0.11937019 10.41825676 1.18556595
v 0.14185078 10.44662476 1.17846406
v 0.14151090 10.44048786 1.18204200
v 0.14101514 10.43451595 1.18580401
v 0.09616216 10.39833355 1.19160104
v 0.09508401 10.39364529 1.19645405
v 0.11650085 10.40274906 1.19905305
v 0.11758665 10.40770435 1.19439697
v 0.11854244 10.41287708 1.18989396
v 0.14038207 10.42871571 1.18975997
v 0.13960589 10.42313385 1.19388604
v 0.13868737 10.41772366 1.19817901
v 0.13762681 10.41251945 1.20264697
v 0.16217868 10.46468544 1.18110895
v 0.16210788 10.45824242 1.18427801
v 0.16187367 10.45194435 1.18763602
v 0.15938549 10.42837811 1.20295298
v 0.16148594 10.44580269 1.19119596
v 0.16094689 10.43981171 1.19493198
v 0.18166167 10.46395016 1.19419706
v 0.16024178 10.43398762 1.19886100
v 0.18140450 10.45764351 1.19754601
v 0.18097195 10.45147705 1.20107996
v 0.16210106 10.47104549 1.17815697
v 0.18167678 10.47673798 1.18808401
v 0.18175501 10.47039318 1.19104600
v 0.20078650 10.47646141 1.20169306
v 0.00636827 10.35797787 1.20737696
v 0.02787121 10.36365032 1.20574296
v 0.00538967 10.35525894 1.21325099
v 0.02676222 10.36062050 1.21147501
v 0.04946117 10.37003326 1.20504999
v 0.07106885 10.37715816 1.20533705
v 0.04822937 10.36670780 1.21064603
v 0.04692169 10.36364746 1.21633506
v 0.06830810 10.37015438 1.21630204
v 0.06973143 10.37352562 1.21075904
v 0.00329822 10.35072517 1.22523701
v 0.00437777 10.35285091 1.21921003
v 0.02558243 10.35787201 1.21730602
v 0.02433194 10.35542774 1.22322202
v 0.02303487 10.35327911 1.22921503
v 0.04552643 10.36087322 1.22212303
v 0.06679858 10.36706161 1.22194898
v 0.04406887 10.35839653 1.22798800
v 0.06520419 10.36425304 1.22768497
v 0.09259797 10.38501167 1.20659101
v 0.09119293 10.38106537 1.21185195
v 0.11252315 10.38933086 1.21390295
v 0.08968144 10.37739372 1.21722198
v 0.08807602 10.37399006 1.22271299
v 0.11095224 10.38534451 1.21911204
v 0.08636854 10.37085533 1.22829795
v 0.10926984 10.38164139 1.22442997
v 0.10748898 10.37819862 1.22985995
v 0.13032080 10.39000893 1.22711003
v 0.11529140 10.39802837 1.20386195
v 0.11396733 10.39356709 1.20881498
v 0.13643911 10.40755081 1.20726895
v 0.13510267 10.40280247 1.21202505
v 0.15590799 10.41271305 1.21621299
v 0.13363655 10.39829922 1.21692598
v 0.13204326 10.39403248 1.22196102
v 0.15446283 10.40795040 1.22092605
v 0.15287009 10.40341091 1.22576499
v 0.00217327 10.34889889 1.23134398
v 0.02166741 10.35141754 1.23527002
v 0.00100564 10.34739208 1.23749495
v 0.02023899 10.34987640 1.24137998
v 0.04253352 10.35620594 1.23392904
v 0.06352593 10.36174107 1.23349798
v 0.04092326 10.35431576 1.23994100
v 0.06176156 10.35951328 1.23937798
v 0.01877196 10.34863377 1.24752903
v 0.01723846 10.34770679 1.25371099
v 0.03753561 10.35145569 1.25208795
v 0.03926175 10.35273552 1.24599004
v 0.05992658 10.35757923 1.24532998
v 0.05800976 10.35595608 1.25131798
v 0.05604100 10.35463619 1.25735605
v 0.07646665 10.35953808 1.25735605
v 0.08456388 10.36800671 1.23397398
v 0.10558180 10.37502098 1.23538399
v 0.08267632 10.36545181 1.23972595
v 0.10357869 10.37213230 1.24099898
v 0.12846917 10.38625717 1.23236597
v 0.12650527 10.38277626 1.23773503
v 0.12442619 10.37956047 1.24318898
v 0.08069000 10.36318302 1.24554503
v 0.10148029 10.36953259 1.24668097
v 0.07861990 10.36120319 1.25142801
v 0.09928503 10.36721897 1.25243104
v 0.12222298 10.37661934 1.24872506
v 0.14509316 10.38771152 1.24631095
v 0.11991180 10.37396526 1.25432897
v 0.14282803 10.38444805 1.25169504
v 0.14043991 10.38145828 1.25715196
v 0.15112354 10.39909649 1.23073900
v 0.14924915 10.39503002 1.23582602
v 0.14723486 10.39124203 1.24102104
v 0.15838808 10.42295837 1.20721996
v 0.15721974 10.41772652 1.21163499
v 0.18037319 10.44546604 1.20479798
v 0.17961082 10.43964195 1.20870101
v 0.17868353 10.43401146 1.21275699
v 0.20039046 10.46370316 1.20817602
v 0.19992259 10.45753002 1.21169198
v 0.19927537 10.45150375 1.21538401
v 0.17758928 10.42855072 1.21697998
v 0.17633459 10.42330933 1.22136104
v 0.17491768 10.41825962 1.22587705
v 0.19844164 10.44565201 1.21925199
v 0.19744614 10.43999481 1.22327304
v 0.21830340 10.46393490 1.22300696
v 0.19626126 10.43451405 1.22745204
v 0.21760269 10.45789242 1.22666395
v 0.17161873 10.40887260 1.23532295
v 0.17333505 10.41344357 1.23053706
v 0.19490837 10.42923355 1.23178005
v 0.19339253 10.42415905 1.23625195
v 0.16973403 10.40452480 1.24023604
v 0.19170536 10.41930485 1.24084997
v 0.21563992 10.44632721 1.23448205
v 0.21671057 10.45201397 1.23049605
v 0.21437541 10.44083023 1.23861694
v 0.21294020 10.43550777 1.24289203
v 0.16771077 10.40042019 1.24525297
v 0.16553460 10.39658356 1.25036895
v 0.18984374 10.41468906 1.24557495
v 0.18782927 10.41030025 1.25041795
v 0.16322660 10.39300060 1.25557995
v 0.18565291 10.40614796 1.25536394
v 0.20950736 10.42551708 1.25184798
v 0.20754156 10.42086124 1.25650299
v 0.21130396 10.43038940 1.24731100
v 0.23190367 10.44746780 1.25044894
v 0.23324290 10.45301533 1.24635804
v 0.23036480 10.44211483 1.25467098
v 0.23532620 10.46460819 1.23862803
v 0.23438059 10.45873356 1.24242604
v 0.25142008 10.46574688 1.25499594
v 0.20068015 10.47001171 1.20484400
v 0.21925166 10.48290062 1.21305203
v 0.21912156 10.47643375 1.21618497
v 0.21880586 10.47011089 1.21950805
v 0.23696661 10.48320007 1.22821200
v 0.23710762 10.48968506 1.22508705
v 0.23661645 10.47687244 1.23151696
v 0.23607738 10.47066975 1.23498905
v 0.25416011 10.49030209 1.24089706
v 0.25378704 10.48396683 1.24418402
v 0.25321293 10.47774887 1.24763000
v 0.25241494 10.47166729 1.25123405
v 0.27067915 10.49770832 1.25421405
v 0.27028435 10.49137211 1.25748396
v 0.27080271 10.51057434 1.24817204
v 0.01566502 10.34708786 1.25990498
v 0.03574289 10.35048485 1.25820899
v 0.03389462 10.34982967 1.26435304
v 0.01410651 10.34678936 1.26612198
v 0.03209557 10.34948826 1.27049994
v 0.05399005 10.35361958 1.26340795
v 0.07424625 10.35816860 1.26331496
v 0.05187716 10.35292053 1.26949000
v 0.07194804 10.35710335 1.26929700
v 0.04974708 10.35252190 1.27556896
v 0.06956819 10.35635281 1.27530205
v 0.09698750 10.36519051 1.25823498
v 0.09459723 10.36346626 1.26407504
v 0.09212729 10.36204624 1.26996505
v 0.11497322 10.36951828 1.26572502
v 0.11749402 10.37159824 1.25999999
v 0.13793148 10.37875271 1.26267695
v 0.13530712 10.37633324 1.26826096
v 0.08957909 10.36092758 1.27585995
v 0.11236824 10.36774540 1.27148700
v 0.10966285 10.36626339 1.27728105
v 0.08698622 10.36012936 1.28177798
v 0.10686553 10.36509132 1.28309703
v 0.13257234 10.37418938 1.27389002
v 0.15549348 10.38387680 1.27169204
v 0.15267058 10.38139534 1.27717900
v 0.12972935 10.37235641 1.27956402
v 0.14972448 10.37919426 1.28271997
v 0.10406665 10.36424255 1.28891802
v 0.12679504 10.37081528 1.28526103
v 0.12375195 10.36957359 1.29097199
v 0.14666285 10.37729645 1.28828895
v 0.12077482 10.36867905 1.29669702
v 0.14350405 10.37568665 1.29387999
v 0.14021428 10.37437439 1.29948604
v 0.13690421 10.37338257 1.30510604
v 0.16078110 10.38968086 1.26088500
v 0.15819494 10.38663387 1.26625502
v 0.17257084 10.38932705 1.28136301
v 0.18332818 10.40226460 1.26040101
v 0.18086293 10.39863491 1.26553297
v 0.17824289 10.39525604 1.27074206
v 0.20538396 10.41641521 1.26126599
v 0.20058487 10.40826988 1.27109098
v 0.20306347 10.41220760 1.26613295
v 0.22463556 10.42734241 1.26807904
v 0.22863576 10.43697262 1.25902903
v 0.22673032 10.43204880 1.26349604
v 0.17547308 10.39214706 1.27602303
v 0.19516866 10.40115261 1.28124595
v 0.19795869 10.40458870 1.27613401
v 0.22236605 10.42285919 1.27277195
v 0.21990906 10.41860104 1.27755105
v 0.21728778 10.41460609 1.28242004
v 0.25020495 10.46000862 1.25889301
v 0.24879727 10.45444584 1.26293099
v 0.24717498 10.44906235 1.26710105
v 0.24535026 10.44387341 1.27138698
v 0.23872536 10.42960453 1.28490102
v 0.24332952 10.43890190 1.27578294
v 0.26649860 10.46731853 1.27205205
v 0.26501119 10.46172523 1.27603602
v 0.24113001 10.43414974 1.28028798
v 0.26331484 10.45631981 1.28014398
v 0.26141033 10.45108700 1.28436005
v 0.16955154 10.38678455 1.28675306
v 0.16640115 10.38451958 1.29218900
v 0.16313002 10.38255024 1.29764402
v 0.15974823 10.38087177 1.30313003
v 0.18257314 10.39015102 1.30227995
v 0.15629011 10.37950706 1.30862200
v 0.17909758 10.38811207 1.30762005
v 0.19222920 10.39798546 1.28643095
v 0.18915130 10.39509869 1.29166496
v 0.18593580 10.39248371 1.29694998
v 0.21449219 10.41085434 1.28736699
v 0.21154056 10.40736485 1.29239094
v 0.20843984 10.40413570 1.29746997
v 0.23337530 10.42124844 1.29437304
v 0.20517416 10.40118027 1.30259800
v 0.23044664 10.41744709 1.29922199
v 0.22733487 10.41388035 1.30413103
v 0.20178214 10.39850044 1.30776799
v 0.22405718 10.41058064 1.30910397
v 0.23614284 10.42529774 1.28960001
v 0.25928423 10.44604683 1.28868496
v 0.25696510 10.44126225 1.29311895
v 0.25445822 10.43666458 1.29763496
v 0.27876428 10.46384335 1.29377401
v 0.27677009 10.45857334 1.29792905
v 0.24883732 10.42819214 1.30692101
v 0.24576555 10.42432117 1.31166506
v 0.25172558 10.43228912 1.30224597
v 0.27214181 10.44865990 1.30651999
v 0.26950458 10.44400501 1.31095600
v 0.27456260 10.45351601 1.30218303
v 0.29142106 10.46634960 1.31206799
v 0.26967418 10.48513126 1.26090300
v 0.26883107 10.47903252 1.26447999
v 0.26777625 10.47309017 1.26819801
v 0.28607711 10.49907494 1.27138901
v 0.28649682 10.50543213 1.26813698
v 0.28664261 10.51827717 1.26210296
v 0.28543526 10.49282646 1.27478099
v 0.28455546 10.48670483 1.27832305
v 0.28344104 10.48072720 1.28199697
v 0.30173948 10.52631283 1.27663100
v 0.30157951 10.51343155 1.28263795
v 0.28210258 10.47493267 1.28580594
v 0.28054649 10.46930218 1.28972900
v 0.30113655 10.50706005 1.28587306
v 0.30045974 10.50079536 1.28923905
v 0.29953432 10.49465084 1.29274499
v 0.29837927 10.48867607 1.29638302
v 0.29699498 10.48284340 1.30013096
v 0.29536247 10.47716045 1.30400097
v 0.29350653 10.47165871 1.30798399
v 0.31607589 10.53458500 1.29170299
v 0.31589824 10.52171612 1.29770100
v 0.31376845 10.50288773 1.30771995
v 0.31256291 10.49686241 1.31131399
v 0.31543076 10.51532078 1.30090904
v 0.31471965 10.50904655 1.30424905
v 0.32961875 10.54312706 1.30730104
v 0.38657698 11.85237312 0.87758601
v 0.38688534 11.84596348 0.88041902
v 0.38943207 11.86923313 0.89402902
v 0.39006150 11.86257648 0.89681798
v 0.39036933 11.85617161 0.89965999
v 0.39286810 11.86643982 0.91901797
v 0.39254943 11.87283993 0.91617602
v 0.24533190 12.03061485 0.87831801
v 0.25265086 12.02935123 0.87854803
v 0.25991040 12.02781487 0.87890601
v 0.26709571 12.02600956 0.87939000
v 0.27419224 12.02392769 0.87998301
v 0.28118911 12.02158356 0.88069898
v 0.28807563 12.01898003 0.88153702
v 0.30795720 12.00964165 0.88472199
v 0.29483852 12.01611900 0.88248700
v 0.30146766 12.01300430 0.88354701
v 0.28157836 12.02966785 0.89652699
v 0.28848311 12.02718925 0.89758903
v 0.29524711 12.02445412 0.89876300
v 0.29746169 12.02346230 0.89915502
v 0.30187842 12.02146530 0.90004498
v 0.30836961 12.01822758 0.90143502
v 0.22316439 12.03272438 0.87834102
v 0.23058416 12.03230000 0.87820899
v 0.21601999 12.03285885 0.87858403
v 0.21633682 12.03971291 0.89223200
v 0.22347532 12.03971100 0.89222997
v 0.22417244 12.03968811 0.89223301
v 0.23092142 12.03942776 0.89234900
v 0.23797575 12.03159428 0.87819898
v 0.23831074 12.03886509 0.89258802
v 0.23936631 12.03874779 0.89261800
v 0.24569415 12.03802013 0.89294899
v 0.25301147 12.03689861 0.89342898
v 0.26028553 12.03549862 0.89402801
v 0.26914790 12.03337002 0.89490700
v 0.26745439 12.03382778 0.89474499
v 0.27457449 12.03187943 0.89557898
v 0.37919655 11.90843296 0.87835699
v 0.38165030 11.90203476 0.88081503
v 0.38722953 11.88248444 0.88857400
v 0.38567224 11.88904953 0.88592798
v 0.38381034 11.89557457 0.88333702
v 0.37643903 11.91475582 0.87596899
v 0.36498070 11.94870281 0.88573498
v 0.36886129 11.94291115 0.88791400
v 0.38848686 11.87587738 0.89127898
v 0.38410696 11.91215229 0.89992201
v 0.37886837 11.92475700 0.89490700
v 0.37581855 11.93091297 0.89250398
v 0.37248442 11.93697262 0.89017200
v 0.38163272 11.91850185 0.89738399
v 0.34687796 11.97037792 0.87790000
v 0.34175232 11.97536850 0.87617999
v 0.32042986 12.00221062 0.88740098
v 0.31427214 12.00604439 0.88601100
v 0.35642970 11.95986271 0.88163298
v 0.35177141 11.96520901 0.87971801
v 0.36083308 11.95435619 0.88364100
v 0.33774799 11.98938560 0.89220798
v 0.34311688 11.98468590 0.89400202
v 0.34825552 11.97979164 0.89589101
v 0.32640439 11.99814606 0.88889998
v 0.33217317 11.99387074 0.89050299
v 0.36225235 11.96404171 0.90208799
v 0.35782051 11.96947193 0.89993799
v 0.35316017 11.97471809 0.89787102
v 0.38971531 11.89268684 0.90785199
v 0.38814819 11.89922047 0.90516102
v 0.38628668 11.90570354 0.90250701
v 0.37029177 11.95274925 0.90662003
v 0.37392443 11.94688320 0.90899402
v 0.37726980 11.94089031 0.91143399
v 0.38033742 11.93477821 0.91393501
v 0.38963699 11.90942001 0.92447400
v 0.38558501 11.92227650 0.91911101
v 0.38309968 11.92857361 0.91649300
v 0.38776577 11.91587067 0.92176700
v 0.34871030 11.98912239 0.91392702
v 0.32086170 12.01101971 0.90452600
v 0.32681450 12.00708675 0.90622097
v 0.32945031 12.00519562 0.90701699
v 0.31470969 12.01473999 0.90292901
v 0.31721163 12.01323414 0.90355003
v 0.33260977 12.00290680 0.90801197
v 0.33527783 12.00082111 0.90890098
v 0.33820927 11.99850464 0.90989500
v 0.34355137 11.99392986 0.91186798
v 0.36640808 11.95845699 0.90431702
v 0.35630459 11.98118114 0.91736197
v 0.35362324 11.98414135 0.91606802
v 0.35829410 11.97896957 0.91828603
v 0.36271933 11.97362995 0.92057902
v 0.36092594 11.97580433 0.91968799
v 0.36687997 11.96812725 0.92294198
v 0.37077883 11.96246815 0.92537099
v 0.36940229 11.96448135 0.92456198
v 0.37441745 11.95665836 0.92786098
v 0.37320435 11.95861340 0.92710000
v 0.39097562 11.88609028 0.91059202
v 0.39192030 11.87946701 0.91336900
v 0.39120767 11.90289974 0.92720997
v 0.37995896 11.94641113 0.93235803
v 0.37775040 11.95074749 0.93040800
v 0.37672949 11.95257092 0.92970097
v 0.38082901 11.94466877 0.93300802
v 0.38358682 11.93854618 0.93565500
v 0.38607785 11.93227577 0.93834502
v 0.38825649 11.92591667 0.94107199
v 0.39013934 11.91945648 0.94383299
v 0.38979480 11.92067337 0.94344997
v 0.39341006 11.88973331 0.93278998
v 0.39405110 11.88310909 0.93562400
v 0.39246750 11.89632320 0.92998600
v 0.39435902 11.87669659 0.93846601
v 0.39146227 11.91402912 0.94631201
v 0.39171216 11.91294765 0.94662201
v 0.39296746 11.90646172 0.94943398
v 0.39450288 11.89374256 0.95502800
v 0.39455128 11.89312649 0.95510799
v 0.39391407 11.89985752 0.95226401
v 0.39486063 11.88686371 0.95795798
v 0.17550507 10.38636208 1.31299198
v 0.17191519 10.38495064 1.31835997
v 0.19454856 10.39397526 1.31820095
v 0.19074099 10.39214134 1.32343996
v 0.19822837 10.39608860 1.31297505
v 0.22062811 10.40755558 1.31411803
v 0.21704532 10.40480042 1.31917298
v 0.21331319 10.40231609 1.32425702
v 0.18690582 10.39063644 1.32868505
v 0.20944422 10.40011978 1.32934904
v 0.23171437 10.41138458 1.33114696
v 0.20549648 10.39823246 1.33445704
v 0.22780649 10.40881920 1.33609796
v 0.24250084 10.42068481 1.31646800
v 0.23906125 10.41731644 1.32132494
v 0.26665834 10.43957520 1.31546104
v 0.26363352 10.43540668 1.32003903
v 0.26042834 10.43147564 1.32467604
v 0.28912014 10.46123981 1.31623304
v 0.28659603 10.45633316 1.32049000
v 0.28385848 10.45162964 1.32482898
v 0.23547029 10.41421700 1.32621598
v 0.25702649 10.42777252 1.32936394
v 0.25343189 10.42432499 1.33409798
v 0.24967702 10.42114639 1.33886504
v 0.28090733 10.44714069 1.32923698
v 0.27774999 10.44289494 1.33369899
v 0.27440679 10.43888760 1.33823097
v 0.30031949 10.46427155 1.33498597
v 0.29748708 10.45950890 1.33923697
v 0.22374442 10.40653801 1.34105802
v 0.21968193 10.40460014 1.34603298
v 0.24575642 10.41823483 1.34366405
v 0.24167733 10.41558743 1.34848106
v 0.23748253 10.41324139 1.35329998
v 0.26322353 10.42834091 1.35204697
v 0.27086207 10.43512154 1.34280396
v 0.26713130 10.43159676 1.34740496
v 0.29441923 10.45495129 1.34353805
v 0.28768173 10.44656944 1.35230100
v 0.29114681 10.45064354 1.34789395
v 0.25915262 10.42534351 1.35670400
v 0.25061157 10.42021179 1.36605799
v 0.25489849 10.42260551 1.36138105
v 0.28401342 10.44272232 1.35675001
v 0.31034943 10.46762657 1.35414302
v 0.30717936 10.46300888 1.35833800
v 0.28014085 10.43911839 1.36122704
v 0.27609625 10.43577957 1.36572802
v 0.30380395 10.45863438 1.36257899
v 0.30021980 10.45448112 1.36686206
v 0.30942795 10.48530388 1.31882405
v 0.31111172 10.49099731 1.31500804
v 0.30749893 10.47974968 1.32272804
v 0.30532265 10.47437859 1.32674098
v 0.30293381 10.46923065 1.33082700
v 0.27186766 10.43269062 1.37024295
v 0.26753339 10.42991447 1.37477803
v 0.29642364 10.45055199 1.37117803
v 0.29241914 10.44686413 1.37552202
v 0.28823438 10.44344330 1.37988997
v 0.28387693 10.44027710 1.38426304
v 0.31200677 10.46261215 1.38188505
v 0.30808017 10.45860004 1.38606799
v 0.30396432 10.45483875 1.39027905
v 0.29965541 10.45133114 1.39449596
v 0.29526487 10.44813442 1.39871895
v 0.31037965 10.45946026 1.40952098
v 0.32893735 10.52385044 1.31647205
v 0.32941678 10.53024578 1.31328201
v 0.32820097 10.51754951 1.31978405
v 0.32720521 10.51136017 1.32321095
v 0.32595500 10.50531387 1.32676101
v 0.32445547 10.49942017 1.33040202
v 0.32071742 10.48809910 1.33799803
v 0.32270879 10.49367619 1.33415604
v 0.34212819 10.53902912 1.32936096
v 0.34236145 10.54553795 1.32631600
v 0.34162596 10.53261089 1.33252394
v 0.34086603 10.52628899 1.33581102
v 0.33983341 10.52007580 1.33920205
v 0.34234321 10.55191135 1.32339799
v 0.31847298 10.48268223 1.34192204
v 0.31598991 10.47745514 1.34591901
v 0.31328070 10.47244358 1.34999895
v 0.33518654 10.50228786 1.34996998
v 0.33853686 10.51400280 1.34269798
v 0.33699360 10.50808239 1.34628606
v 0.35347399 10.54159260 1.34905005
v 0.35268208 10.53526115 1.35230100
v 0.33082449 10.49120617 1.35758400
v 0.33312637 10.49667168 1.35373998
v 0.32826123 10.48593140 1.36150205
v 0.32546988 10.48085785 1.36547506
v 0.35029069 10.52291107 1.35909903
v 0.34870005 10.51695633 1.36263394
v 0.34683889 10.51113319 1.36624599
v 0.35162747 10.52902985 1.35564804
v 0.35424489 10.55454826 1.34287703
v 0.35421592 10.56093216 1.33995903
v 0.35398769 10.54801846 1.34590399
v 0.36525714 10.56376553 1.35986602
v 0.36523789 10.57014465 1.35695803
v 0.36499944 10.55723095 1.36288500
v 0.36446089 10.55078125 1.36600399
v 0.31569743 10.46684361 1.37772596
v 0.31897461 10.46686554 1.40139496
v 0.31474608 10.46301556 1.40545499
v 0.32244033 10.47597408 1.36952102
v 0.31917822 10.47129059 1.37360096
v 0.34472784 10.50545883 1.36994600
v 0.34234431 10.49994469 1.37371004
v 0.33972013 10.49463081 1.37752998
v 0.36364397 10.54442215 1.36921895
v 0.36255622 10.53817177 1.37252998
v 0.35955212 10.52604294 1.37940097
v 0.36118674 10.53202915 1.37592900
v 0.33374226 10.48454094 1.38534498
v 0.33685648 10.48949432 1.38140500
v 0.33038366 10.47978210 1.38930905
v 0.32679528 10.47525597 1.39331102
v 0.35034221 10.50351048 1.39397705
v 0.35765207 10.52017307 1.38295102
v 0.35546884 10.51444626 1.38657105
v 0.35303283 10.50889301 1.39024603
v 0.37120953 10.54133320 1.39315999
v 0.37537673 10.57316685 1.37725699
v 0.37535787 10.57954693 1.37434900
v 0.37510782 10.56663036 1.38025796
v 0.37455913 10.56017017 1.38335001
v 0.37372637 10.55377960 1.38653898
v 0.37260494 10.54750347 1.38980603
v 0.38458371 10.58911514 1.39211500
v 0.32300100 10.47095203 1.39734495
v 0.34739831 10.49831581 1.39775503
v 0.34420946 10.49330330 1.40157902
v 0.34077007 10.48847580 1.40542805
v 0.36952594 10.53530407 1.39656997
v 0.36758560 10.52940178 1.40004897
v 0.36535642 10.52363110 1.40358901
v 0.36286905 10.51802254 1.40718400
v 0.33709466 10.48387051 1.40930498
v 0.33319718 10.47948551 1.41320598
v 0.32908157 10.47531891 1.41711295
v 0.32478788 10.47141552 1.42103100
v 0.35709903 10.50732613 1.41448796
v 0.35383746 10.50223923 1.41819704
v 0.36010787 10.51257610 1.41081703
v 0.37862298 10.54473019 1.41409600
v 0.37662503 10.53878880 1.41751301
v 0.37436783 10.53299236 1.42097199
v 0.38459197 10.58273697 1.39501500
v 0.38376176 10.56972122 1.40107203
v 0.38432220 10.57620525 1.39800596
v 0.38290736 10.56330585 1.40422499
v 0.38176236 10.55701065 1.40745604
v 0.38033730 10.55082130 1.41074800
v 0.39261356 10.58590126 1.41607594
v 0.39203203 10.57941532 1.41913295
v 0.39288744 10.59884453 1.41021097
v 0.39289472 10.59246731 1.41311097
v 0.35031372 10.49733925 1.42192996
v 0.34656599 10.49267006 1.42568195
v 0.34258503 10.48820019 1.42944098
v 0.33839425 10.48396778 1.43321502
v 0.36899677 10.52180576 1.42800498
v 0.37181687 10.52731133 1.42446899
v 0.36592650 10.51649189 1.43157804
v 0.36259741 10.51134109 1.43517101
v 0.35114962 10.49709320 1.44602394
v 0.35901031 10.50637436 1.43877900
v 0.35519394 10.50162888 1.44239902
v 0.38245866 10.54247856 1.43867695
v 0.37986475 10.53675175 1.44208503
v 0.37388495 10.52581596 1.44897997
v 0.37700513 10.53120327 1.44552302
v 0.38854659 10.56044388 1.42867506
v 0.38999686 10.56666851 1.42542803
v 0.38679913 10.55432129 1.43196106
v 0.38476336 10.54832935 1.43529797
v 0.39116675 10.57300282 1.42225003
v 0.40024737 10.60871696 1.42861104
v 0.40025431 10.60232639 1.43150198
v 0.39996320 10.59576511 1.43445802
v 0.39849022 10.58281612 1.44057000
v 0.39730790 10.57646179 1.44370401
v 0.39582339 10.57019520 1.44688904
v 0.39937779 10.58925533 1.43747997
v 0.40665010 10.61869526 1.44727099
v 0.37048557 10.52058125 1.45246601
v 0.36683720 10.51555443 1.45595002
v 0.36299002 10.51076889 1.45943606
v 0.38701436 10.54632854 1.45999599
v 0.38410169 10.54070854 1.46333504
v 0.38093290 10.53526783 1.46667695
v 0.37749672 10.52997780 1.47003806
v 0.38963968 10.55210018 1.45667601
v 0.39405686 10.56405163 1.45011199
v 0.39199129 10.55800247 1.45337701
v 0.40665713 10.61231041 1.45016205
v 0.40636468 10.60573673 1.45309997
v 0.40486884 10.59274483 1.45914996
v 0.40576869 10.59920883 1.45609498
v 0.40366653 10.58636951 1.46223795
v 0.40216663 10.58006668 1.46537006
v 0.40036505 10.57388115 1.46853101
v 0.39588919 10.56183624 1.47493505
v 0.39827988 10.56780052 1.47172499
v 0.41210443 10.62237930 1.46904504
v 0.41180137 10.61579132 1.47197402
v 0.41119409 10.60925579 1.47494197
v 0.38704395 10.54478836 1.48463202
v 0.39028886 10.55034828 1.48139799
v 0.39323217 10.55602074 1.47816503
v 0.40573201 10.58381271 1.48717296
v 0.40906641 10.59636879 1.48100603
v 0.41028300 10.60277557 1.47796094
v 0.40754795 10.59004402 1.48408401
v 0.39850467 10.56577301 1.49654901
v 0.40121675 10.57169151 1.49341702
v 0.40361410 10.57768822 1.49028695
v 0.41473156 10.61287975 1.49696100
v 0.41565460 10.61939049 1.49398601
v 0.41197160 10.60008526 1.50298500
v 0.41350424 10.60645103 1.49996102
v 0.40557379 10.58159542 1.51208699
v 0.41013619 10.59382820 1.50601196
v 0.40800780 10.58766460 1.50904596
v 0.41819274 10.62303734 1.51612198
v 0.41695580 10.61658669 1.51907694
v 0.41541609 10.61021328 1.52203906
v 0.41354620 10.60383320 1.52500403
v 0.41209775 10.62877846 1.46616304
v 0.41655970 10.63893890 1.48525202
v 0.41656631 10.63254070 1.48812497
v 0.41626289 10.62594414 1.49103701
v 0.41974702 10.63614273 1.51025999
v 0.42005065 10.64275074 1.50735795
v 0.42004356 10.64915085 1.50449300
v 0.41912681 10.62956429 1.51318300
v 0.42254302 10.65938950 1.52385104
v 0.42253929 10.65298939 1.52671504
v 0.42223608 10.64639091 1.52960002
v 0.42161590 10.63979912 1.53249598
v 0.42068142 10.63326454 1.53540003
v 0.41941354 10.62667942 1.53831005
v 0.42403421 10.66967678 1.54329896
v 0.42404068 10.66326523 1.54616296
v 0.42372575 10.65666294 1.54902101
v 0.42309740 10.64996624 1.55189002
v 0.42453563 10.67981148 1.56279194
v 0.42425051 10.66712093 1.56849599
v 0.42450994 10.67277336 1.56572294
v 0.42453346 10.67350197 1.56564701
v 1.50106061 19.51086235 0.50000000
v 1.97832334 19.98730659 0.54690403
v 1.99373996 19.97110176 0.54737097
v 2.00493169 19.96178055 0.54767001
v 2.18060923 19.83440018 0.55148500
v 2.06057477 19.91439056 0.54909098
v 2.08952451 19.89256096 0.54974502
v 2.03236771 19.93746185 0.54839897
v 2.11920214 19.87195396 0.55036199
v 2.14955235 19.85255432 0.55094200
v 2.19424725 19.82725143 0.55170101
v 2.21221042 19.81744957 0.55199099
v 2.22061443 19.82950020 0.55201602
v 2.25456524 19.79758835 0.55259001
v 2.26233196 19.79382324 0.55269498
v 2.22887731 19.80925751 0.55223501
v 2.23446822 19.80676270 0.55230999
v 2.33863759 19.76464462 0.55356002
v 2.27982736 19.79911613 0.55285400
v 2.29621696 19.77988434 0.55311000
v 2.31643391 19.77020073 0.55334002
v 2.33043361 19.76737404 0.55348200
v 2.36499357 19.75624657 0.55381203
v 2.38158059 19.75174904 0.55394900
v 2.39986920 19.74654007 0.55409998
v 2.40351844 19.74575043 0.55412400
v 2.36475229 19.77363968 0.55376399
v 2.43505788 19.73822212 0.55434602
v 2.42879629 19.75662613 0.55427700
v 2.44677114 19.73338509 0.55441701
v 2.47050953 19.73129272 0.55455101
v 2.49144435 19.72816467 0.55464703
v 4.98611259 16.72071457 0.54600298
v 4.95703125 16.73109245 0.55547899
v 4.92869377 16.74243164 0.56578201
v 4.90113020 16.75484085 0.57689297
v 4.87428617 16.76821899 0.58879799
v 4.84825897 16.78242493 0.60146201
v 4.82310009 16.79745102 0.61487401
v 4.79883242 16.81323624 0.62900001
v 4.77552414 16.82977676 0.64380699
v 4.75321245 16.84704781 0.65928698
v 4.73192453 16.86497688 0.67538798
v 4.67467880 16.92260170 0.72718799
v 4.65790892 16.94293976 0.74549901
v 4.64235401 16.96379089 0.76428002
v 4.71172571 16.88358688 0.69209802
v 4.69262648 16.90280342 0.70937598
v 4.62804270 16.98511314 0.78349698
v 4.61498928 17.00685883 0.80310303
v 4.60322809 17.02899361 0.82306898
v 4.59278250 17.05147934 0.84334999
v 4.58366299 17.07426643 0.86392099
v 2.50614572 19.72580910 0.55471402
v 2.52429056 19.72351646 0.55478001
v 2.53624535 19.72211838 0.55481303
v 2.56091738 19.72010422 0.55488098
v 2.58094549 19.71790123 0.55491197
v 2.59746647 19.71822357 0.55493701
v 2.60373974 19.71491241 0.55493999
v 2.63382864 19.71779060 0.55495000
v 2.64863467 19.71833038 0.55493701
v 2.67005849 19.71883011 0.55491900
v 2.70611835 19.72131157 0.55484498
v 2.71645355 19.71954155 0.55481398
v 2.74199891 19.72523308 0.55472898
v 2.77775192 19.73060608 0.55457097
v 2.78000307 19.74790382 0.55454201
v 2.81323576 19.73741722 0.55436999
v 2.82697129 19.74019814 0.55428100
v 2.83169079 19.74154854 0.55425000
v 2.84890223 19.74567223 0.55412102
v 2.86734819 19.75055504 0.55398101
v 2.88734984 19.77370834 0.55376202
v 2.90237427 19.76096153 0.55367202
v 2.93669200 19.77266502 0.55332500
v 2.95583987 19.78016853 0.55310500
v 2.97034717 19.78563118 0.55293900
v 2.97131824 19.80157471 0.55285603
v 3.00336957 19.79990005 0.55251402
v 3.03581643 19.81544685 0.55205101
v 3.06765842 19.83227921 0.55154800
v 3.07844663 19.83691597 0.55137700
v 3.09883881 19.85033417 0.55100799
v 3.11526275 19.86052704 0.55070603
v 3.14553070 19.88052368 0.55010498
v 3.15354013 19.88643074 0.54993403
v 3.17487383 19.90163994 0.54947299
v 3.19029832 19.91214752 0.54913098
v 3.20320392 19.92372704 0.54881102
v 3.20733833 19.92717552 0.54871202
v 3.21409082 19.95326424 0.54827702
v 3.23058987 19.94681931 0.54811901
v 3.24111319 19.95660210 0.54782897
v 3.25691509 19.97085381 0.54739702
v 3.27387738 19.98739433 0.54690403
v 3.28402233 19.97869682 0.57826501
v 4.17453861 17.95995140 0.50000000
v 3.75106072 19.51086235 0.50000000
v 3.75106072 19.90409279 0.50000000
v 4.57590294 17.09733200 0.88473099
v 4.56951094 17.12060547 0.90573901
v 4.56448603 17.14405823 0.92691302
v 4.56085968 17.16764641 0.94820702
v 4.55861282 17.19132233 0.96958500
v 4.55784464 17.21503448 0.99100101
v 4.55860710 17.23881531 1.01241601
v 4.56085539 17.26264763 1.03379202
v 4.56448793 17.28637314 1.05509198
v 4.56951427 17.30993843 1.07626605
v 4.57600832 17.33329773 1.09727204
v 4.58402586 17.35654449 1.11808503
v 4.59341097 17.37948799 1.13864601
v 4.60412931 17.40209579 1.15893400
v 4.61612844 17.42431259 1.17890096
v 4.62943649 17.44610786 1.19850600
v 4.64398623 17.46744347 1.21772301
v 4.65976429 17.48827171 1.23650205
v 4.37795019 15.79625988 1.74273002
v 4.67673111 17.50855827 1.25481403
v 4.69487095 17.52827644 1.27262902
v 4.71411991 17.54737854 1.28990400
v 4.73448324 17.56583786 1.30661201
v 4.75587940 17.58361244 1.32271600
v 4.77827215 17.60068321 1.33819103
v 4.80166626 17.61701012 1.35300303
v 4.82596302 17.63257790 1.36713505
v 4.85115385 17.64733696 1.38054097
v 4.87716436 17.66127396 1.39320695
v 4.90396595 17.67436409 1.40510905
v 4.93149662 17.68658257 1.41622198
v 4.95971155 17.69790649 1.42652500
v 4.98856974 17.70830917 1.43599701
v 6.42434931 13.24764252 0.50000000
v 7.50000000 10.00000000 0.00000000
v 8.50055885 11.08332920 0.00000000
v 8.58332920 11.00055885 0.00000000
v 8.53786755 11.03786755 0.00000000
v 8.47283649 11.13519478 0.00000000
v 8.45576477 11.19147301 0.00000000
v 8.63519478 10.97283649 0.00000000
v 8.69147301 10.95576477 0.00000000
v 8.50055885 11.08332920 0.27499998
v 8.58332920 11.00055885 0.27500001
v 8.53786755 11.03786755 0.27500001
v 8.47283649 11.13519478 0.27500001
v 8.45576477 11.19147301 0.27500001
v 8.63519478 10.97283649 0.27500001
v 8.69147301 10.95576477 0.27500001
v 8.44999981 11.25000000 0.00000000
v 8.45576477 11.30852699 0.00000000
v 8.47283649 11.36480522 0.00000000
v 8.50055885 11.41667080 0.00000000
v 8.53786755 11.46213245 0.00000000
v 8.58332920 11.49944115 0.00000000
v 8.63519478 11.52716351 0.00000000
v 8.69147301 11.54423523 0.00000000
v 8.44999981 11.25000000 0.27500001
v 8.45576477 11.30852699 0.27500001
v 8.47283649 11.36480522 0.27500001
v 8.50055885 11.41667080 0.27499998
v 8.53786755 11.46213245 0.27500001
v 8.58332920 11.49944115 0.27500001
v 8.63519478 11.52716351 0.27500001
v 8.69147301 11.54423523 0.27500001
v 8.75000000 10.94999981 0.00000000
v 8.80852699 10.95576477 0.00000000
v 8.86480522 10.97283649 0.00000000
v 8.91667080 11.00055885 0.00000000
v 8.96213245 11.03786755 0.00000000
v 8.99944115 11.08332920 0.00000000
v 9.02716351 11.13519478 0.00000000
v 9.04423523 11.19147301 0.00000000
v 10.00000000 10.00000000 0.00000000
v 8.75000000 10.94999981 0.27500001
v 8.80852699 10.95576477 0.27500001
v 8.86480522 10.97283649 0.27500001
v 8.91667080 11.00055885 0.27500001
v 8.96213245 11.03786755 0.27500001
v 8.99944115 11.08332920 0.27499998
v 9.02716351 11.13519478 0.27500001
v 9.04423523 11.19147301 0.27500001
v 8.75000000 11.55000019 0.00000000
v 8.80852699 11.54423523 0.00000000
v 8.86480522 11.52716351 0.00000000
v 9.05000019 11.25000000 0.00000000
v 9.04423523 11.30852699 0.00000000
v 9.02716351 11.36480522 0.00000000
v 8.96213245 11.46213245 0.00000000
v 8.91667080 11.49944115 0.00000000
v 8.99944115 11.41667080 0.00000000
v 8.75000000 11.55000019 0.27500001
v 8.80852699 11.54423523 0.27500001
v 8.86480522 11.52716351 0.27500001
v 9.05000019 11.25000000 0.27500001
v 9.04423523 11.30852699 0.27500001
v 9.02716351 11.36480522 0.27500001
v 8.96213245 11.46213150 0.27500001
v 8.91667080 11.49944115 0.27500001
v 8.99944115 11.41667080 0.27499998
v 7.50000000 10.00000000 0.50000000
v 8.37876892 10.87876892 0.50000000
v 8.26496315 11.04909134 0.50000000
v 8.23508739 11.14757729 0.50000000
v 8.31347847 10.95832539 0.50000000
v 8.54909134 10.76496315 0.50000000
v 8.45832539 10.81347847 0.50000000
v 8.64757729 10.73508739 0.50000000
v 8.22500038 11.25000000 0.50000000
v 8.23508739 11.35242271 0.50000000
v 8.26496315 11.45090866 0.50000000
v 8.31347847 11.54167461 0.50000000
v 8.37876892 11.62123108 0.50000000
v 8.45832539 11.68652153 0.50000000
v 8.54909134 11.73503685 0.50000000
v 8.64757729 11.76491261 0.50000000
v 8.75000000 10.72500038 0.50000000
v 8.85242271 10.73508739 0.50000000
v 8.95090866 10.76496315 0.50000000
v 9.04167461 10.81347847 0.50000000
v 9.12123108 10.87876892 0.50000000
v 9.18652153 10.95832539 0.50000000
v 9.23503685 11.04909134 0.50000000
v 9.26491261 11.14757729 0.50000000
v 10.00000000 10.00000000 0.50000000
v 8.75000000 11.77499962 0.50000000
v 8.85242271 11.76491261 0.50000000
v 9.04167461 11.68652153 0.50000000
v 8.95090866 11.73503685 0.50000000
v 9.18652153 11.54167461 0.50000000
v 9.27499962 11.25000000 0.50000000
v 9.26491261 11.35242271 0.50000000
v 9.23503685 11.45090866 0.50000000
v 9.12123108 11.62123108 0.50000000
v 7.50000000 12.50000000 0.00000000
v 10.00000000 12.50000000 0.00000000
v 7.50000000 12.50000000 0.50000000
v 10.00000000 12.50000000 0.50000000
v 5.10768509 16.68867874 0.51673001
v 5.13912058 16.68311119 0.51164299
v 5.07662058 16.69524193 0.52272803
v 5.04596949 16.70277596 0.52961302
v 5.01576996 16.71127129 0.53737402
v 5.20281839 16.67497826 0.50420099
v 5.17084837 16.67853546 0.50745600
v 5.23495960 16.67243004 0.50186998
v 5.26722288 16.67088890 0.50046903
v 5.29954338 16.67038345 0.50000000
v 5.33186769 16.67089272 0.50046802
v 5.36413288 16.67242622 0.50187403
v 5.39627504 16.67497826 0.50420302
v 5.42824173 16.67854500 0.50746202
v 5.45996618 16.68310165 0.51163900
v 5.49139500 16.68868828 0.51673400
v 5.52247524 16.69523621 0.52272701
v 5.55312681 16.70277786 0.52961397
v 5.58331442 16.71127701 0.53737903
v 5.61298227 16.72071648 0.54600501
v 5.64205599 16.73109436 0.55548102
v 5.67039204 16.74243927 0.56578302
v 5.69796228 16.75483322 0.57689703
v 5.72479677 16.76822090 0.58879900
v 5.75082541 16.78243828 0.60146999
v 5.77599764 16.79744911 0.61487699
v 5.80025959 16.81324005 0.62899899
v 5.82356882 16.82978630 0.64381498
v 5.84588289 16.84704208 0.65928602
v 5.86716557 16.86499405 0.67539603
v 5.88737106 16.88358688 0.69210202
v 5.90645647 16.90280724 0.70937699
v 5.92440987 16.92260551 0.72719198
v 5.94117594 16.94294357 0.74550402
v 5.95672894 16.96379471 0.76428300
v 5.97104836 16.98511505 0.78350002
v 5.98409796 17.00686073 0.80310500
v 5.99586535 17.02899933 0.82307398
v 6.00630665 17.05148697 0.84335703
v 6.01542330 17.07426834 0.86392099
v 6.42434931 17.95995140 0.50000000
v 6.02318001 17.09733009 0.88472998
v 6.02958727 17.12060928 0.90574598
v 6.03459597 17.14406776 0.92692000
v 6.03822660 17.16765404 0.94821298
v 6.04046535 17.19133186 0.96959001
v 6.04124117 17.21503448 0.99100399
v 6.04046535 17.23882675 1.01242006
v 6.03823423 17.26264954 1.03379500
v 6.03459263 17.28637695 1.05509305
v 6.02956915 17.30993652 1.07626700
v 6.02308273 17.33329773 1.09727395
v 6.01504421 17.35654831 1.11808503
v 6.00567389 17.37949371 1.13865495
v 5.99495363 17.40209770 1.15893602
v 5.98293829 17.42431831 1.17890298
v 5.96964550 17.44611740 1.19851506
v 5.95509243 17.46744728 1.21772599
v 5.93931818 17.48827553 1.23650706
v 5.29954958 15.40477753 1.39082599
v 6.22114038 15.79626751 1.74273705
v 5.92234135 17.50856209 1.25481701
v 5.90421057 17.52827644 1.27262902
v 5.88495302 17.54737854 1.28990400
v 5.86461353 17.56583786 1.30661404
v 5.01799059 17.71778679 1.44462705
v 5.04794264 17.72631073 1.45239198
v 5.07835436 17.73387146 1.45927894
v 5.10918856 17.74044609 1.46527100
v 5.14037275 17.74603844 1.47036695
v 5.17184639 17.75061989 1.47454298
v 5.20356178 17.75419426 1.47780204
v 5.23545742 17.75675964 1.48013794
v 5.26746893 17.75829124 1.48153698
v 5.29953909 17.75880623 1.48200595
v 5.42723465 17.75062370 1.47454596
v 5.45871115 17.74604034 1.47036898
v 5.58108664 17.71779060 1.44463098
v 5.61051083 17.70831680 1.43600297
v 5.52071857 17.73387718 1.45928395
v 5.48989344 17.74045181 1.46527600
v 5.55114031 17.72631454 1.45239496
v 5.33160686 17.75829315 1.48153698
v 5.36361885 17.75675392 1.48013496
v 5.39551735 17.75419235 1.47780097
v 5.77311754 17.63257599 1.36713398
v 5.84320354 17.58362198 1.32272398
v 5.82079554 17.60069084 1.33819902
v 5.79742289 17.61701965 1.35301197
v 5.74792767 17.64734077 1.38054395
v 5.72191334 17.66127586 1.39320803
v 5.69511032 17.67436790 1.40511203
v 5.66758108 17.68658447 1.41622400
v 5.63936329 17.69790459 1.42652595
v 0.01404602 10.34678268 3.50000000
v 0.01869125 10.34747982 3.50000000
v 0.03202382 10.34947968 3.50000000
v 0.04972516 10.35252285 3.50000000
v 0.05027994 10.35262680 3.50000000
v 0.04512608 10.35173225 3.50000000
v 0.05188454 10.35291767 3.50000000
v 0.06948855 10.35633373 3.50000000
v 0.06488184 10.35544014 3.50000000
v 0.08689892 10.36010838 3.50000000
v 0.10397139 10.36421871 3.50000000
v 0.12067788 10.36865425 3.50000000
v 0.12501286 10.36991787 3.50000000
v 0.13777818 10.37364960 3.50000000
v 0.13688350 10.37338161 3.50000000
v 0.14012717 10.37434483 3.50000000
v 0.15618035 10.37946987 3.50000000
v 0.15182136 10.37807751 3.50000000
v 0.17180508 10.38491154 3.50000000
v 0.18268125 10.38903809 3.50000000
v 0.18684393 10.39061737 3.50000000
v 0.18791063 10.39103603 3.50000000
v 0.19064960 10.39210033 3.50000000
v 0.20126203 10.39648247 3.50000000
v 0.20538674 10.39818478 3.50000000
v 0.21959208 10.40456104 3.50000000
v 0.21557312 10.40275764 3.50000000
v 0.22074547 10.40511131 3.50000000
v 0.22367501 10.40650082 3.50000000
v 0.23346274 10.41127777 3.50000000
v 0.23738717 10.41319275 3.50000000
v 0.24116890 10.41520023 3.50000000
v 0.25177959 10.42086792 3.50000000
v 0.25053385 10.42017269 3.50000000
v 0.25481585 10.42255497 3.50000000
v 0.26375622 10.42772770 3.50000000
v 0.26745388 10.42986679 3.50000000
v 0.27711073 10.43597126 3.50000000
v 0.28068063 10.43822575 3.50000000
v 0.28380480 10.44022751 3.50000000
v 0.29177105 10.44572544 3.50000000
v 0.29519281 10.44808674 3.50000000
v 0.31032717 10.45942116 3.50000000
v 0.62453693 10.01019096 3.50000000
v 0.32474989 10.47138405 3.50000000
v 0.33836436 10.48393917 3.50000000
v 0.35112429 10.49706745 3.50000000
v 0.35514846 10.50157261 3.50000000
v 0.36295253 10.51072693 3.50000000
v 0.36681852 10.51552773 3.50000000
v 0.37270734 10.52345562 3.50000000
v 0.37750539 10.52998924 3.50000000
v 0.38704866 10.54479885 3.50000000
v 0.39027354 10.55031586 3.50000000
v 0.39377975 10.55680847 3.50000000
v 0.39652404 10.56196117 3.50000000
v 0.39851746 10.56579876 3.50000000
v 0.40556303 10.58157635 3.50000000
v 0.40801990 10.58769417 3.50000000
v 0.41355249 10.60385799 3.50000000
v 0.41419485 10.60604954 3.50000000
v 0.41542426 10.61023808 3.50000000
v 0.41841972 10.62254810 3.50000000
v 0.41702965 10.61682129 3.50000000
v 0.42068809 10.63329411 3.50000000
v 0.41942221 10.62672615 3.50000000
v 0.42310092 10.65000725 3.50000000
v 0.42373040 10.65670300 3.50000000
v 0.42404947 10.66318512 3.50000000
v 0.42423636 10.66690922 3.50000000
v 0.42451185 10.67283440 3.50000000
v 0.42441905 10.67081165 3.50000000
v 0.42453328 10.67348576 3.50000000
v 0.42169127 11.05416393 3.50000000
v 0.42169005 11.05835056 3.50000000
v 0.42453691 11.65106201 3.50000000
v 0.40676227 12.55579948 3.50000000
v 0.40662423 12.56282425 3.50000000
v 0.21630681 13.34892368 3.50000000
v 0.22357246 13.34892654 3.50000000
v 0.23104803 13.34857941 3.50000000
v 0.23197240 13.34849644 3.50000000
v 0.23851459 13.34788132 3.50000000
v 0.23967399 13.34772301 3.50000000
v 0.24602404 13.34681892 3.50000000
v 0.25342184 13.34541607 3.50000000
v 0.26073802 13.34367275 3.50000000
v 0.26233214 13.34322071 3.50000000
v 0.26798856 13.34158230 3.50000000
v 0.26973155 13.34100151 3.50000000
v 0.27518430 13.33914280 3.50000000
v 0.28224218 13.33638096 3.50000000
v 0.28916258 13.33330154 3.50000000
v 0.30262023 13.32617283 3.50000000
v 0.29595536 13.32989788 3.50000000
v 0.29743150 13.32908821 3.50000000
v 0.29824618 13.32863045 3.50000000
v 0.30914831 13.32213688 3.50000000
v 0.39022487 13.20102024 3.50000000
v 0.38991106 13.20238018 3.50000000
v 0.38837487 13.20888805 3.50000000
v 0.38623464 13.21663284 3.50000000
v 0.37805730 13.23913288 3.50000000
v 0.37752652 13.24030209 3.50000000
v 0.38063839 13.23281860 3.50000000
v 0.38025260 13.23377419 3.50000000
v 0.37707898 13.24129486 3.50000000
v 0.38380125 13.22423172 3.50000000
v 0.38341606 13.22529411 3.50000000
v 0.38229150 13.22841549 3.50000000
v 0.38107783 13.23173618 3.50000000
v 0.37049451 13.25471687 3.50000000
v 0.36985844 13.25587368 3.50000000
v 0.36733085 13.26041031 3.50000000
v 0.35423082 13.28003788 3.50000000
v 0.36322200 13.26714897 3.50000000
v 0.36215627 13.26874542 3.50000000
v 0.35885504 13.27368736 3.50000000
v 0.36149034 13.26975155 3.50000000
v 0.37119240 13.25345516 3.50000000
v 0.37476593 13.24637508 3.50000000
v 0.37615180 13.24335003 3.50000000
v 0.37415519 13.24758911 3.50000000
v 0.37360805 13.24868393 3.50000000
v 0.37263545 13.25062084 3.50000000
v 0.39486286 13.16131115 3.50000000
v 0.39473259 13.16463470 3.50000000
v 0.39455616 13.16901302 3.50000000
v 0.39451441 13.16964054 3.50000000
v 0.39393145 13.17716312 3.50000000
v 0.39299893 13.18522358 3.50000000
v 0.39177337 13.19307327 3.50000000
v 0.39154288 13.19429588 3.50000000
v 0.31980205 13.31457710 3.50000000
v 0.31547275 13.31782246 3.50000000
v 0.31801161 13.31593037 3.50000000
v 0.32162628 13.31320667 3.50000000
v 0.32756951 13.30833626 3.50000000
v 0.32586801 13.30973148 3.50000000
v 0.33024439 13.30596161 3.50000000
v 0.33603939 13.30056095 3.50000000
v 0.33891848 13.29773712 3.50000000
v 0.34937033 13.28615189 3.50000000
v 0.34423101 13.29209137 3.50000000
v 0.33335721 13.30316067 3.50000000
v 0.33500722 13.30157185 3.50000000
v 0.42712715 13.55394840 3.49999976
v 0.62453693 13.55394840 3.49999928
v 4.17453861 13.24764252 3.49999857
v 4.17453861 14.07178211 3.26969910
v 4.17453861 14.23729610 3.24244976
v 4.49496269 14.32218075 3.24191833
v 4.60326815 14.23729610 3.24244976
v 4.78338003 14.07178211 3.26969910
v 4.37836552 14.41331196 3.24134803
v 4.37506676 14.78676128 3.23901057
v 4.37505245 14.79681778 3.23894763
v 4.17453861 13.91396332 3.49999809
v 4.71296310 13.91396332 3.49999809
v 1.78182232 19.83535385 1.99644196
v 1.76194632 19.86074448 2.08109403
v 1.76442623 19.85691261 2.07821202
v 1.81744349 19.81015778 2.14043093
v 1.82587016 19.80634689 2.16131496
v 1.74881291 19.88068199 2.15805888
v 1.74732745 19.88459587 2.15964603
v 1.83288407 19.80232811 2.20187712
v 1.73819101 19.89953995 2.22655010
v 1.84211075 19.79757881 2.24243999
v 1.84327984 19.79706764 2.24504995
v 1.85223222 19.79367447 2.28097200
v 1.73086321 19.91462898 2.27853608
v 1.72970855 19.91706848 2.28637409
v 1.50106061 19.79505730 2.40111470
v 1.85934734 19.79105568 2.30334902
v 1.87153864 19.78649521 2.34940505
v 1.72780573 19.92168999 2.29985905
v 1.72576153 19.92652512 2.31621909
v 1.72299767 19.93312836 2.33773589
v 1.71771777 19.94775391 2.38123488
v 1.71781254 19.94749069 2.40016055
v 1.71557057 19.95464706 2.40011573
v 1.71365821 19.96587372 2.40004563
v 1.71049261 19.98666191 2.39991546
v 1.87486649 19.78560638 2.35672688
v 1.78185797 19.83530045 2.40086269
v 1.83028591 19.80365944 2.40106082
v 1.83326125 19.80212402 2.40107036
v 1.83161783 19.80298233 2.40106511
v 1.83265245 19.80243874 2.40106845
v 1.81715751 19.81031990 2.40101933
v 1.84202445 19.79761505 2.40109873
v 1.84313428 19.79712868 2.40110159
v 1.84125686 19.79800987 2.40109634
v 1.84859920 19.79505730 2.40111470
v 1.85240281 19.79361153 2.40135288
v 1.85175633 19.79385948 2.40131187
v 1.85123324 19.79405785 2.40127921
v 1.85966945 19.79093170 2.40179396
v 1.85890436 19.79121780 2.40174675
v 1.85925519 19.79109001 2.40176797
v 1.87149990 19.78650856 2.40252233
v 1.87115669 19.78663635 2.40250134
v 1.75009942 19.87871933 2.40059114
v 1.74896538 19.88040543 2.40058041
v 1.75139320 19.87675667 2.40060329
v 1.73827541 19.89936256 2.40046191
v 1.72800255 19.92121124 2.40032530
v 1.73165584 19.91299438 2.40037656
v 1.72981536 19.91683006 2.40035248
v 1.73122513 19.91388130 2.40037107
v 1.73091650 19.91450691 2.40036702
v 1.76249909 19.85988617 2.40070915
v 1.76220381 19.86034203 2.40070605
v 1.76454306 19.85676384 2.40072846
v 1.72593498 19.92610741 2.40029454
v 1.72310579 19.93286324 2.40025210
v 1.72578931 19.92645073 2.40029240
v 1.88878536 19.78183174 2.40329218
v 1.89761031 19.78026009 2.40355086
v 1.92393816 19.77628136 2.40420604
v 1.94252908 19.77384186 2.40460753
v 1.94204009 19.77390862 2.40459657
v 1.94326425 19.77375031 2.40462279
v 1.95497882 19.77238274 2.40484810
v 1.96085560 19.77175903 2.40495038
v 1.96421051 19.77140617 2.40500879
v 1.97143531 19.77071953 2.40512180
v 1.50106061 19.62954140 2.42836595
v 1.50106061 19.69552231 2.41750264
v 1.50106061 19.71182060 2.41481900
v 1.50106061 19.70829201 2.41540003
v 1.50106061 19.51086235 2.53905821
v 2.30512285 19.74223518 2.40981150
v 4.37473202 16.57194519 2.44654393
v 3.47052264 19.83557701 1.99644196
v 3.48532629 19.85542488 2.05604601
v 3.42979431 19.80742264 2.15991402
v 3.42326617 19.80447960 2.17688203
v 3.44754100 19.81823921 2.08206797
v 3.44337130 19.81579018 2.09693408
v 3.49919271 19.87405968 2.13551688
v 3.50001311 19.87531090 2.13879609
v 3.50218081 19.87937164 2.14921808
v 3.41609931 19.80048561 2.21643996
v 3.41290069 19.79888725 2.22919106
v 3.39718437 19.79227257 2.28971004
v 3.39552474 19.79170799 2.29332209
v 3.51174402 19.89603424 2.21363997
v 3.51619196 19.90393829 2.24222803
v 3.38255405 19.78713036 2.34168100
v 3.28234124 19.77085686 2.40509939
v 3.28818774 19.77143478 2.40500426
v 3.28874469 19.77134132 2.40501976
v 3.29203534 19.77184677 2.40493631
v 3.29009461 19.77164459 2.40496993
v 3.30121684 19.77284622 2.40477204
v 3.30704856 19.77354050 2.40465760
v 3.31169367 19.77410316 2.40456510
v 3.32492304 19.77585030 2.40427732
v 3.33039331 19.77658844 2.40415573
v 3.33130956 19.77672768 2.40413284
v 3.34533715 19.77882385 2.40378761
v 3.35120630 19.77972412 2.40363932
v 3.36922455 19.78321266 2.38571501
v 3.36445808 19.78204536 2.39935303
v 3.36447144 19.78204918 2.40325689
v 3.36319494 19.78173447 2.40330839
v 3.36936522 19.78325462 2.40305853
v 3.38301420 19.78729057 2.40239358
v 3.38260150 19.78714561 2.40241742
v 3.39577222 19.79179764 2.40165186
v 3.39514852 19.79157257 2.40168858
v 3.39789581 19.79257584 2.40152359
v 3.39728570 19.79231262 2.40156698
v 3.39875460 19.79293633 2.40146422
v 3.41307497 19.79896545 2.40109038
v 3.40379667 19.79505920 2.40111470
v 3.41582465 19.80033875 2.40108180
v 3.41828680 19.80159760 2.40107393
v 3.43006659 19.80756569 2.40103626
v 3.52401781 19.92177010 2.29984689
v 3.53000188 19.93536568 2.34536791
v 3.44793534 19.81848526 2.40096807
v 3.47053099 19.83556747 2.40086102
v 3.53206110 19.94158363 2.36091805
v 3.48179960 19.85067749 2.40076661
v 3.48360395 19.85309601 2.40075135
v 3.48505449 19.85499573 2.40073943
v 3.48673868 19.85725784 2.40072536
v 3.49983788 19.87501144 2.40061426
v 3.49832606 19.87296295 2.40062714
v 3.51612329 19.90378952 2.40043426
v 3.53579235 19.95255089 2.39419889
v 3.52998757 19.93532562 2.40023685
v 3.53648448 19.95461273 2.40011597
v 3.53791666 19.96257019 2.40006614
v 3.53913760 19.97031975 2.40001774
v 3.54193711 19.98887253 2.39990163
v 3.54187393 19.98848343 2.39990401
v 3.54179049 19.98792839 2.39990759
v 3.54236054 19.99186325 2.39988279
v 2.52396441 19.71920776 2.41360307
v 2.52837396 19.71869087 2.41368818
v 2.55118418 19.71659660 2.41403317
v 2.56028152 19.71585274 2.41415548
v 2.56061721 19.71582603 2.41416001
v 2.57309008 19.71517944 2.41426635
v 2.58097124 19.71434212 2.41440415
v 2.58706117 19.71446037 2.41438460
v 2.59735060 19.71393585 2.41447115
v 2.59966230 19.71271515 2.41467214
v 2.62235665 19.71240997 2.41472220
v 2.63385463 19.71351051 2.41454124
v 2.63344479 19.71347237 2.41454744
v 2.63931179 19.71370888 2.41450834
v 2.64720869 19.71389389 2.41447806
v 2.67025185 19.71454620 2.41437030
v 2.70643520 19.71702385 2.41396260
v 2.93433881 19.74094391 2.41002417
v 3.75106072 19.77615356 2.40422726
v 3.75106072 19.77988815 2.40361238
v 3.75106072 19.78849030 2.40219593
v 3.75106072 19.79228592 2.40157127
v 3.75106072 19.79294586 2.40146255
v 3.75106072 19.79505920 2.40111470
v 3.75106072 19.62954140 2.42836595
v 3.75106072 19.51086235 2.53905892
v 4.37459278 15.10915470 3.23699260
v 4.17453861 15.55469418 3.23420382
v 4.37459040 15.55469418 3.23420382
v 4.37456560 15.72895432 3.35950708
v 4.17453861 15.92433643 3.49999809
v 4.37499571 15.92433643 3.49999833
v 4.37590694 16.57449150 3.49999881
v 4.46359348 16.90561104 3.49999905
v 4.56296444 17.30308914 3.49999928
v 4.56944132 17.32671738 3.49999928
v 4.57740736 17.35040665 3.49999928
v 4.58676100 17.37377548 3.49999928
v 4.59508753 17.39179420 3.49999928
v 4.59746647 17.39679527 3.49999928
v 4.60016346 17.40177536 3.49999928
v 4.60948992 17.41942215 3.49999952
v 4.62283182 17.44161034 3.49999952
v 4.63744688 17.46332550 3.49999952
v 4.64940453 17.47937584 3.49999952
v 4.65330648 17.48451614 3.49999952
v 4.17453861 17.95995140 3.49999905
v 4.66608191 17.50002289 3.49999952
v 4.67038012 17.50515366 3.49999952
v 4.68864012 17.52520561 3.49999952
v 4.70293808 17.53957367 3.49999976
v 4.70803690 17.54462624 3.49999976
v 4.72305059 17.55840111 3.49999976
v 4.72855663 17.56338692 3.49999976
v 4.75012827 17.58144569 3.49999976
v 4.77272129 17.59878540 3.49999976
v 4.79631662 17.61536026 3.49999976
v 4.82084036 17.63116264 3.49999976
v 4.84626770 17.64613914 3.50000000
v 4.87253094 17.66027260 3.50000000
v 4.89959478 17.67354393 3.50000000
v 4.92737913 17.68593216 3.50000000
v 4.95588398 17.69746017 3.50000000
v 4.98507690 17.70808220 3.50000000
v 5.29954958 13.45687866 3.49999857
v 5.81951141 14.07178211 3.26969910
v 5.99718618 14.23729610 3.24244976
v 6.10412884 14.32219315 3.24191833
v 6.22072506 14.41332626 3.24134803
v 6.22159338 14.77853012 3.23906207
v 5.88000202 13.90583229 3.49999952
v 5.89030313 13.91396236 3.49999952
v 6.42434931 13.24764252 3.49999976
v 6.42434931 14.07178211 3.26969910
v 6.42434931 14.23729610 3.24244976
v 6.42434931 13.91396236 3.49999976
v 6.22434950 16.57195091 2.44654799
v 6.22239494 15.55469418 3.23420382
v 6.22246647 15.92433834 3.50000000
v 6.22249317 15.95050621 3.50000000
v 6.22241974 16.31913567 3.50000000
v 6.22317410 16.57449532 3.50000000
v 6.13548851 16.90561295 3.50000000
v 6.03611612 17.30308723 3.50000000
v 6.02964592 17.32672119 3.50000000
v 6.01232290 17.37378311 3.50000000
v 6.01434135 17.36886024 3.50000000
v 5.98958397 17.41942406 3.50000000
v 5.99891520 17.40178299 3.50000000
v 6.00161600 17.39680099 3.50000000
v 6.00399542 17.39180183 3.50000000
v 5.97624826 17.44161987 3.50000000
v 5.94967461 17.47937965 3.50000000
v 5.94577312 17.48452187 3.50000000
v 5.96163225 17.46332741 3.50000000
v 6.02166700 17.35040474 3.50000000
v 6.42434931 15.55469418 3.23420382
v 6.42434931 15.92433834 3.50000000
v 5.01484156 17.71775436 3.50000000
v 5.04513836 17.72644997 3.50000000
v 5.07589865 17.73416138 3.50000000
v 5.10708094 17.74086571 3.50000000
v 5.13861609 17.74656487 3.50000000
v 5.17044067 17.75123405 3.50000000
v 5.20250607 17.75487518 3.50000000
v 5.23475456 17.75748634 3.50000000
v 5.26711702 17.75905037 3.50000000
v 5.29953909 17.75957298 3.50000000
v 5.17207718 17.95995140 3.50000000
v 5.33195877 17.75905037 3.50000000
v 5.36432266 17.75748253 3.50000000
v 5.39657211 17.75487518 3.50000000
v 5.42863941 17.75123787 3.50000000
v 5.46046782 17.74656677 3.50000000
v 5.52317476 17.73416710 3.50000000
v 5.49200010 17.74087143 3.50000000
v 5.55394459 17.72645378 3.50000000
v 5.58423615 17.71776009 3.50000000
v 5.61400175 17.70808983 3.50000000
v 5.75281382 17.64614296 3.50000000
v 5.77824116 17.63116264 3.50000000
v 5.64319468 17.69745827 3.50000000
v 5.67169666 17.68593407 3.50000000
v 5.69948053 17.67354584 3.50000000
v 5.72654867 17.66027451 3.50000000
v 5.80276775 17.61536980 3.50000000
v 5.82634974 17.59879303 3.50000000
v 5.84895277 17.58145523 3.50000000
v 5.87053776 17.56338692 3.50000000
v 5.89104176 17.54462433 3.50000000
v 5.91043997 17.52520561 3.50000000
v 5.92869568 17.50515747 3.50000000
v 5.93299627 17.50002670 3.50000000
v 6.42434931 17.95995140 3.50000000
v 1.87139118 20.11559296 0.54305398
v 1.85140061 20.14586258 0.54214299
v 1.79073107 20.25769615 0.53878701
v 1.78819191 20.26382256 0.53860801
v 1.77645350 20.29071426 0.53779602
v 1.77099884 20.30521774 0.53736103
v 1.79197550 20.28928947 0.53798801
v 1.82312453 20.19344330 0.54071599
v 1.82852721 20.18312645 0.54101503
v 1.80629814 20.22527504 0.53975999
v 1.83209002 20.21046448 0.54042399
v 1.84120595 20.16227150 0.54165399
v 1.71601105 20.51895714 0.53094900
v 1.71564734 20.52287102 0.53083801
v 1.71239984 20.54477310 0.53016800
v 1.71202290 20.55489159 0.52987301
v 1.70946670 20.59095383 0.52879202
v 1.75175250 20.35865974 0.53575701
v 1.76348317 20.32435989 0.53678602
v 1.77126801 20.35239029 0.53609198
v 1.76441789 20.37339020 0.53544903
v 1.72817814 20.44776154 0.53308600
v 1.73771727 20.45810699 0.53283399
v 1.73231959 20.42932510 0.53363401
v 1.74135196 20.39367867 0.53470600
v 1.75274384 20.41598892 0.53414899
v 1.74735558 20.43742371 0.53349400
v 1.72139537 20.48324203 0.53201997
v 1.71893406 20.50037956 0.53150499
v 1.72603691 20.61256409 0.52814901
v 1.70833015 20.62713242 0.52770799
v 1.70851552 20.65715408 0.52680099
v 1.70879507 20.66338921 0.52661902
v 1.70982158 20.67989731 0.52612698
v 1.71078348 20.69992065 0.52552497
v 1.71322489 20.72460365 0.52478302
v 1.71427286 20.73657799 0.52442402
v 1.71657753 20.75472450 0.52388501
v 1.72479856 20.63466263 0.52747500
v 1.72782886 20.74539375 0.52411199
v 1.75816667 20.93033028 0.51861399
v 1.72207439 20.79033470 0.52281398
v 1.72493970 20.81395340 0.52211601
v 1.72900808 20.82576942 0.52175099
v 1.73596740 20.85744095 0.52079999
v 1.73732865 20.86093903 0.52069700
v 1.74255061 20.87921333 0.52014798
v 1.74705243 20.89579582 0.51964998
v 1.76315677 20.94352150 0.51822001
v 1.77070606 20.96453285 0.51758701
v 1.79195511 20.97997665 0.51696199
v 1.78466642 20.99839401 0.51657099
v 1.78842866 21.00615501 0.51634198
v 1.79760349 21.02624512 0.51572901
v 1.80009127 21.03183937 0.51556498
v 1.80751133 21.04653740 0.51512200
v 1.80837989 21.04847908 0.51507002
v 1.82526326 21.08006668 0.51411802
v 1.84344316 21.11110306 0.51318598
v 1.86283672 21.14144707 0.51227498
v 1.90335274 20.07114029 0.54437500
v 1.92636704 20.03226280 0.54541898
v 1.94518852 20.01802444 0.54592299
v 1.93774354 20.03059006 0.54560602
v 1.91820407 20.05389977 0.54490298
v 1.89253128 20.08626938 0.54393399
v 1.87731636 20.10759163 0.54329199
v 1.96176410 20.00425148 0.54639697
v 1.87653160 21.16231537 0.51165801
v 1.88346648 21.17109871 0.51138401
v 1.90529835 21.20004272 0.51051497
v 1.92835975 21.22825241 0.50966901
v 1.94419265 21.22255707 0.50953102
v 1.94733095 21.24945068 0.50902599
v 1.70106065 20.64304161 0.77735800
v 1.50106061 21.81158447 0.50000000
v 1.50106061 21.85157204 0.50000000
v 1.95268726 21.25568199 0.50884598
v 1.97411764 21.25506020 0.50853300
v 1.97824979 21.28224754 0.50804597
v 1.99522007 21.29878044 0.50755298
v 2.02154469 21.32282066 0.50683099
v 2.02764416 21.32852745 0.50667298
v 2.06264043 21.35648918 0.50581902
v 2.07723093 21.36803627 0.50547701
v 2.08060956 21.37034225 0.50540900
v 2.09836316 21.38353348 0.50501603
v 2.10658717 21.38913918 0.50484502
v 2.04889870 21.34592438 0.50613898
v 2.11728668 21.39608765 0.50463498
v 2.13686419 21.40913010 0.50424403
v 2.15326500 21.41934586 0.50394201
v 2.16303825 21.40682983 0.50391001
v 2.17444563 21.43144608 0.50357300
v 2.18445063 21.43742561 0.50340199
v 2.21631718 21.45421410 0.50289899
v 2.24875474 21.46977806 0.50243598
v 2.25488329 21.47231293 0.50235897
v 2.28177881 21.48403358 0.50201100
v 2.29596925 21.49035263 0.50184500
v 2.31543207 21.49701881 0.50162500
v 2.33843946 21.50472832 0.50139099
v 2.34975505 21.50874329 0.50127798
v 2.38563514 21.50292206 0.50099701
v 2.38476801 21.51917648 0.50096899
v 2.40716910 21.50808334 0.50082898
v 2.42043161 21.52819824 0.50070000
v 2.42855000 21.51383209 0.50066900
v 2.43887424 21.53233337 0.50058001
v 2.44733644 21.53383255 0.50053197
v 2.47437358 21.53910065 0.50037903
v 2.49151778 21.54156494 0.50030297
v 1.24668825 23.40213966 0.50000000
v 1.70450425 24.97230148 0.63257998
v 1.68140030 24.94642258 0.64426601
v 1.68452954 24.92329407 0.64964199
v 1.72889626 24.99741554 0.62120700
v 1.56172693 24.76319885 0.72719401
v 1.54778373 24.73225021 0.74124497
v 1.53528941 24.70101357 0.75540203
v 1.60161853 24.83678246 0.69388098
v 1.58479321 24.80792427 0.70695198
v 1.63898647 24.89280891 0.66852403
v 1.61968660 24.86506844 0.68107003
v 1.63310754 24.88412285 0.67237300
v 1.65956855 24.91991806 0.65625000
v 1.64564312 24.90131187 0.66466498
v 1.56840920 24.77685928 0.72100902
v 1.56933749 24.77856255 0.72027898
v 1.52424884 24.66951370 0.76968199
v 1.53824282 24.65519714 0.77306902
v 1.51462936 24.63776398 0.78407699
v 1.51034844 24.62281990 0.79097903
v 1.50643504 24.60577774 0.79857898
v 1.50554574 24.60255814 0.80000299
v 1.49785411 24.56237984 0.81821197
v 1.49961317 24.57358360 0.81317598
v 1.51363146 24.57806206 0.80909002
v 1.49028325 24.50867653 0.84262300
v 1.48295677 24.44257355 0.87348098
v 1.48877621 24.49213409 0.85005099
v 1.48578763 24.48247719 0.85498798
v 1.48687160 24.45877266 0.86520100
v 1.49423683 24.54117775 0.82785797
v 3.29943275 20.01396751 0.54610503
v 3.32375073 20.04140854 0.54528099
v 3.34683347 20.06960297 0.54443502
v 3.36282039 20.08855629 0.54383898
v 3.36865568 20.09855843 0.54356498
v 3.38928151 20.12821388 0.54267502
v 3.39806461 20.17214966 0.54159802
v 3.40868449 20.15855408 0.54176402
v 3.40994763 20.19077873 0.54101503
v 3.42687249 20.18958092 0.54083198
v 3.42557430 20.20755005 0.54042399
v 3.44373822 20.22122383 0.53987998
v 3.45201612 20.23783493 0.53938502
v 3.46625972 20.26243210 0.53860801
v 3.46744275 20.27129173 0.53837901
v 3.48141885 20.30514336 0.53736299
v 3.47644043 20.33050919 0.53672898
v 3.49394393 20.33934784 0.53633600
v 3.49651670 20.34760857 0.53609198
v 3.50508094 20.37390137 0.53530002
v 3.51089859 20.39015770 0.53480202
v 3.51478434 20.40876961 0.53425300
v 3.51557302 20.41241455 0.53415000
v 3.52312803 20.44393921 0.53319901
v 3.52540565 20.45615578 0.53283399
v 3.53005219 20.47937965 0.53213602
v 3.53317618 20.50030327 0.53150499
v 3.53553629 20.51499176 0.53106499
v 3.53784347 20.53314972 0.53052598
v 3.54251933 20.54491425 0.53016800
v 3.54132938 20.56981659 0.52942502
v 3.54470730 20.58979416 0.52882302
v 3.54333925 20.60635185 0.52833098
v 3.54333472 20.61258507 0.52814901
v 3.40368700 21.08763504 0.51364303
v 3.42305088 21.08623314 0.51393503
v 3.42899895 21.07623100 0.51423401
v 3.30460310 21.24959373 0.50902700
v 3.31438661 21.23907089 0.50934398
v 3.31917310 21.23218727 0.50953102
v 3.34806252 21.19798279 0.51057500
v 3.33393478 21.21574211 0.51004702
v 3.33749533 21.21171761 0.51016498
v 3.37571359 21.16274261 0.51165801
v 3.38768458 21.14336777 0.51221400
v 3.38071823 21.15405655 0.51189601
v 3.39880991 21.09756660 0.51335102
v 3.41094995 21.10740662 0.51329601
v 3.40072870 21.12380600 0.51280701
v 3.36192369 21.18002319 0.51111001
v 3.35959744 21.18339157 0.51101601
v 3.54377294 20.64260864 0.52724200
v 3.54464817 20.65752602 0.52680099
v 3.52408767 20.70084953 0.52545398
v 3.54267645 20.67878723 0.52615798
v 3.54009151 20.71484375 0.52507699
v 3.54550958 20.72593498 0.52478302
v 3.51972032 20.74480247 0.52411199
v 3.53612208 20.75074768 0.52400100
v 3.50035405 20.91102219 0.51919299
v 3.49877024 20.92322922 0.51885802
v 3.51372266 20.78861237 0.52277797
v 3.51535177 20.85750961 0.52079999
v 3.49554801 20.87520027 0.52014703
v 3.51083112 20.87604523 0.52024400
v 3.53074741 20.78648376 0.52293003
v 3.52122808 20.83570099 0.52145600
v 3.52392149 20.82194519 0.52186400
v 3.51979518 20.84038925 0.52131599
v 3.47565103 20.97896194 0.51715398
v 3.46138740 21.01196098 0.51616299
v 3.48864388 20.94533157 0.51816398
v 3.48418093 20.96573830 0.51758897
v 3.45492887 21.02674294 0.51573002
v 3.44582558 21.04438782 0.51519001
v 3.55106068 20.64304161 0.77735800
v 2.51010418 21.54447556 0.50022101
v 2.51398873 21.54525185 0.50020897
v 2.53600788 21.54721451 0.50013602
v 2.54604721 21.54849625 0.50010502
v 2.55962372 21.53523636 0.50007898
v 2.58212352 21.55103683 0.50003099
v 2.61831737 21.55216217 0.50000000
v 2.64835501 21.55171585 0.50001001
v 2.65459466 21.55174446 0.50001299
v 2.67111492 21.55070114 0.50003803
v 2.69114232 21.54971313 0.50006902
v 2.71585393 21.54726791 0.50013697
v 2.72782326 21.54622269 0.50016999
v 2.74598956 21.54392433 0.50023597
v 2.78160977 21.53842926 0.50039899
v 2.80484247 21.53377724 0.50053298
v 2.81706762 21.53150749 0.50060397
v 2.84865928 21.52421188 0.50082600
v 2.85224748 21.52316093 0.50085002
v 2.87070370 21.51855469 0.50100100
v 2.88712931 21.51345253 0.50113797
v 2.90890026 21.49046898 0.50138998
v 2.92169619 21.50234795 0.50146800
v 2.93060350 21.48534966 0.50160998
v 2.95591617 21.48980713 0.50184000
v 2.97084427 21.46665001 0.50209498
v 2.98977709 21.47582626 0.50225502
v 2.99880457 21.47490883 0.50235999
v 3.02325034 21.46040726 0.50271499
v 3.03796458 21.45300865 0.50293398
v 3.03988290 21.45211220 0.50296003
v 3.06973267 21.41747475 0.50357199
v 3.07151341 21.43526077 0.50346500
v 3.10255480 21.41708374 0.50400800
v 3.13291001 21.39769173 0.50458801
v 3.15376568 21.38401031 0.50501603
v 3.16258001 21.37707710 0.50520498
v 3.19153929 21.35525131 0.50585902
v 3.17270803 21.37139702 0.50541103
v 3.21403050 21.31595421 0.50667298
v 3.23062921 21.30138779 0.50712001
v 3.27378654 21.28233147 0.50804597
v 3.24720526 21.30788040 0.50727999
v 3.21976042 21.33219910 0.50655103
v 3.29032707 21.26537323 0.50855303
v 2.62606120 21.56761169 0.74988300
v 3.75106072 21.85157204 0.50000000
v 2.55160499 23.40213966 0.50000000
v 3.55331349 23.40213966 0.50000000
v 3.05982566 24.99397469 0.61965001
v 3.08621883 24.99121666 0.62647903
v 3.08991671 24.98769379 0.62804502
v 3.11609936 24.96038055 0.64060301
v 3.10146093 24.97612381 0.63349700
v 3.11322093 24.96289253 0.63935000
v 3.12934208 24.94411469 0.64790201
v 3.13559866 24.93713951 0.65107799
v 3.14300752 24.92767525 0.65532100
v 3.26024222 24.68563461 0.76211900
v 3.20538616 24.84030151 0.69517601
v 3.21076035 24.79714966 0.71067899
v 3.22234011 24.81153488 0.70827198
v 3.15688634 24.91048241 0.66323298
v 3.16786385 24.89609146 0.66977900
v 3.15690875 24.88474083 0.67051899
v 3.18091393 24.87736893 0.67834300
v 3.18718719 24.86848259 0.68234301
v 3.25244880 24.75222206 0.73526102
v 3.23801804 24.78218460 0.72162801
v 3.24410677 24.76921463 0.72749400
v 3.26563287 24.72160339 0.74918598
v 3.25335693 24.70468903 0.75335199
v 3.27755332 24.69029427 0.76342201
v 3.28376889 24.67422867 0.77098101
v 3.28809357 24.65832901 0.77797598
v 3.29304790 24.64180374 0.78542900
v 3.29034138 24.65469360 0.77987701
v 3.30830836 24.57775879 0.81453401
v 3.30135608 24.60992050 0.79993200
v 3.31795049 24.51278305 0.84399998
v 3.32148743 24.45273399 0.87129402
v 3.32175398 24.44709778 0.87379003
v 3.32062626 24.48003006 0.85885602
v 3.32164049 24.49461365 0.85281003
v 3.30374026 24.46921730 0.86204702
v 3.31444192 24.55576897 0.82520002
v 3.31381655 24.54536247 0.82922602
v 1.24668825 23.71991158 1.13358891
v 1.24668825 23.88542747 1.10633779
v 1.24668825 23.91005898 1.10618365
v 1.49047136 24.35980415 0.91002703
v 1.49464333 24.32712936 0.92480099
v 1.49637127 24.31797218 0.92882299
v 1.50830686 24.33719063 0.91964501
v 1.52054715 24.21382523 0.97605097
v 1.50024605 24.29463196 0.93949300
v 1.50399673 24.27779579 0.94707900
v 1.50721014 24.26239395 0.95409501
v 1.49963677 24.29814720 0.93797600
v 1.51558077 24.23041916 0.96859902
v 1.53112137 24.18181992 0.99060601
v 1.54307890 24.15043640 1.00483704
v 1.55485153 24.16181755 1.00067496
v 1.54408157 24.14069557 1.00937605
v 1.55629194 24.11973763 1.01876700
v 1.58646345 24.06031227 1.04575098
v 1.60342455 24.03149414 1.05884802
v 1.62165308 24.00327682 1.07168400
v 1.62807107 23.99436951 1.07568395
v 1.64100766 23.97568512 1.08424902
v 1.65103328 23.98167419 1.08350801
v 1.65202653 23.96123314 1.09079397
v 1.57408369 24.08378220 1.03499103
v 1.57074845 24.08970833 1.03239906
v 1.56465054 24.10260010 1.02653301
v 1.58203626 24.06568718 1.04334402
v 1.48649883 24.42561150 0.88023800
v 1.48551846 24.42040062 0.88273001
v 1.48769784 24.39268875 0.89517200
v 1.50553548 24.37724876 0.90121698
v 1.55630183 24.11934471 1.10487378
v 1.55606687 24.11983681 1.10487068
v 1.54421878 24.14014435 1.10474348
v 1.52020991 24.21402550 1.10428107
v 1.54281712 24.15056610 1.10467815
v 1.54379928 24.14112854 1.10473728
v 1.53082311 24.18198204 1.10448158
v 1.51522589 24.23064423 1.10417700
v 1.50358415 24.27808952 1.10388005
v 1.50001907 24.29402351 1.10378027
v 1.49982393 24.29494286 1.10377455
v 1.50682175 24.26265907 1.10397661
v 1.50665450 24.26344490 1.10397172
v 1.49920869 24.29847717 1.10375249
v 1.49902380 24.29957581 1.10374558
v 1.49428141 24.32694435 1.10357428
v 1.49591649 24.31832314 1.10362828
v 1.49418998 24.32749176 1.10357082
v 1.48998809 24.36021996 1.10336602
v 1.58630991 24.06036568 1.10524285
v 1.62156761 24.00329781 1.10560000
v 1.60330582 24.03152847 1.10542333
v 1.60298014 24.03208542 1.10541987
v 1.66530454 23.94379997 1.09870601
v 1.67334676 23.93460464 1.10294902
v 1.66530645 23.94378090 1.10597253
v 1.67743516 23.92711830 1.10607684
v 1.67333937 23.93460655 1.10602999
v 1.67931819 23.92774773 1.10607290
v 1.64095461 23.97569656 1.10577273
v 1.68340588 23.92897797 1.10606515
v 1.68262649 23.92774773 1.10607290
v 1.70325017 23.93213081 1.10604548
v 1.74624979 23.93364334 1.10603595
v 1.58196771 24.06563187 1.10520983
v 1.58164203 24.06624603 1.10520601
v 1.57055950 24.08978271 1.10505867
v 1.57040727 24.09010124 1.10505664
v 1.56444180 24.10268784 1.10497785
v 1.48506665 24.42088509 1.10298622
v 1.48596978 24.42571449 1.10295606
v 1.48463941 24.49458885 1.10252500
v 1.48104346 24.62808228 1.10168946
v 1.48103368 24.62879944 1.10168493
v 1.48105168 24.62766838 1.10169208
v 1.48102784 24.62965393 1.10167956
v 1.47786784 24.64931488 1.10155654
v 1.48103499 24.66931152 1.10143137
v 1.48112655 24.67522049 1.10139441
v 1.48109090 24.67395592 1.10140228
v 1.48106933 24.67300797 1.10140824
v 1.48105872 24.67246056 1.10141170
v 1.48104799 24.67172241 1.10141635
v 1.48104107 24.67111969 1.10142004
v 1.48103666 24.67057991 1.10142350
v 1.48103499 24.67011452 1.10142636
v 1.48103452 24.66969299 1.10142899
v 1.48001218 24.70282173 1.10122156
v 1.48241818 24.71453667 1.10114825
v 1.48267817 24.72068214 1.10110986
v 1.48256099 24.71820641 1.10112536
v 1.48250461 24.71689034 1.10113358
v 1.48247337 24.71615028 1.10113823
v 1.48378015 24.73987961 1.10098958
v 1.48406589 24.74433136 1.10096180
v 1.48701203 24.78168488 1.10072792
v 1.48857009 24.79864693 1.10062182
v 1.48839331 24.79724312 1.10063052
v 1.48787940 24.79182625 1.10066450
v 1.48749030 24.78782463 1.10068953
v 1.48733199 24.78596115 1.10070121
v 1.49129677 24.82266426 1.10047150
v 1.49260283 24.83517838 1.10039318
v 1.49314415 24.83964348 1.10036516
v 1.49488640 24.85266113 1.10028374
v 1.49995112 24.88811302 1.10006177
v 1.49928963 24.88462830 1.10008359
v 1.50120497 24.89569664 1.10001433
v 1.50324535 24.90763092 1.09993958
v 1.50274456 24.90522575 1.09995461
v 1.50609946 24.92586708 1.09982550
v 1.51711106 24.97989082 1.09948730
v 1.24668825 23.40617943 1.42620981
v 1.24668825 23.40213966 1.43518984
v 2.62606072 21.59814072 1.74941599
v 3.55331349 23.71991158 1.13358891
v 3.31790137 24.36376381 0.91140002
v 3.31391501 24.33118629 0.92616898
v 3.31716752 24.35058975 0.91747302
v 3.28372693 24.20247078 0.98434103
v 3.30165219 24.26639557 0.95544797
v 3.30226159 24.26968575 0.95402402
v 3.31148982 24.31018829 0.93581599
v 3.30848050 24.29869461 0.94085199
v 3.29718041 24.24949646 0.96304798
v 3.29338455 24.23431396 0.96995002
v 3.19599438 24.04406548 1.05782104
v 3.20777321 24.06115341 1.04964900
v 3.20614624 24.03487396 1.06014705
v 3.14971566 23.97566032 1.08935797
v 3.16863322 23.97884560 1.08550406
v 3.18800330 24.00657272 1.07295704
v 3.17452407 23.98740768 1.08165395
v 3.27266097 24.17089462 0.99862099
v 3.26012373 24.13957596 1.01278198
v 3.25667548 24.13229179 1.01597404
v 3.25027657 24.11380768 1.02453697
v 3.22514272 24.09813881 1.03301799
v 3.23854518 24.09314346 1.03374803
v 3.24613023 24.10856628 1.02682996
v 3.23005629 24.07633972 1.04136503
v 3.22299981 24.06377029 1.04707098
v 3.32143092 24.43198776 0.88054699
v 3.32132840 24.41380882 0.88882703
v 3.31943274 24.38034630 0.90397602
v 3.32779837 24.58540154 1.08905101
v 2.57817960 23.93780327 1.10600996
v 2.78721690 23.93937492 1.10600019
v 2.85608625 23.93862152 1.10600483
v 2.95978236 23.93828392 1.10600698
v 3.02311563 23.93361664 1.10603619
v 3.05982208 23.93338013 1.10603762
v 3.11149073 23.93346405 1.10603714
v 3.13291740 23.93349266 1.10603690
v 3.14800572 23.95174026 1.09777701
v 3.14809585 23.95183563 1.10592210
v 3.16868305 23.97885513 1.10575294
v 3.18832994 24.00697708 1.10557699
v 3.18808484 24.00659180 1.10557938
v 3.20626044 24.03490639 1.10540211
v 3.23025346 24.07648087 1.10514200
v 3.23872924 24.09321404 1.10503721
v 3.23851943 24.09281540 1.10503972
v 3.24635625 24.10868073 1.10494041
v 3.25069761 24.11450005 1.10490406
v 3.24609184 24.10815620 1.10494375
v 3.25037432 24.11375427 1.10490870
v 3.25691056 24.13239479 1.10479200
v 3.26036239 24.13968658 1.10474634
v 3.26082730 24.14085770 1.10473907
v 3.27293611 24.17103577 1.10455012
v 3.28403854 24.20264626 1.10435224
v 3.29376411 24.23465729 1.10415196
v 3.29779124 24.25068092 1.10405159
v 3.29755092 24.24973679 1.10405743
v 3.29736710 24.24901199 1.10406196
v 3.30207586 24.26686096 1.10395038
v 3.30270958 24.27022362 1.10392928
v 3.30902600 24.29972839 1.10374463
v 3.30856895 24.29743004 1.10375893
v 3.30889511 24.29899788 1.10374916
v 3.31187749 24.31070328 1.10367596
v 3.31415606 24.33028030 1.10355341
v 3.31743431 24.34976387 1.10343134
v 3.31768656 24.35193253 1.10341787
v 3.31838131 24.36416817 1.10334134
v 3.55331349 23.88542938 1.10633779
v 3.32093596 24.39093781 1.10317373
v 3.32241940 24.40680695 1.10307443
v 3.32251501 24.40797043 1.10306716
v 3.32257986 24.40888977 1.10306132
v 3.32262349 24.40961838 1.10305679
v 3.32464290 24.44456291 1.10283804
v 3.32453513 24.44154549 1.10285699
v 3.32456851 24.44217873 1.10285294
v 3.32460141 24.44293785 1.10284829
v 3.32462788 24.44377136 1.10284305
v 3.32461429 24.44331551 1.10284591
v 3.32484722 24.46183777 1.10272992
v 3.32500529 24.48328590 1.10259569
v 3.32520938 24.47798157 1.10262883
v 3.32522869 24.47640228 1.10263872
v 3.32522559 24.47607803 1.10264075
v 3.32440519 24.50893402 1.10243511
v 3.32797360 24.58639145 1.10195029
v 3.32749629 24.59829712 1.10187578
v 3.27954650 24.96900749 1.09955549
v 3.27618909 24.98578453 1.09945047
v 3.31687737 24.70428467 1.10121238
v 3.31689143 24.70396614 1.10121441
v 3.31758761 24.72234917 1.10109937
v 3.31429744 24.74551964 1.10095429
v 3.31438851 24.74414253 1.10096288
v 3.31433606 24.74497223 1.10095775
v 3.31407213 24.74829102 1.10093701
v 3.31415558 24.74732590 1.10094297
v 3.31419253 24.74688339 1.10094583
v 3.31425500 24.74609756 1.10095084
v 3.31022167 24.80441475 1.10058558
v 3.30975771 24.79294968 1.10065746
v 3.30992460 24.79153252 1.10066628
v 3.31007051 24.79023170 1.10067451
v 3.31019568 24.78906059 1.10068178
v 3.31026316 24.78840828 1.10068583
v 3.31037998 24.78722191 1.10069323
v 3.31047916 24.78614235 1.10070002
v 3.31043243 24.78665924 1.10069680
v 3.30439520 24.83541107 1.10039175
v 3.30448604 24.83479691 1.10039556
v 3.30475163 24.83277702 1.10040820
v 3.30504084 24.83047485 1.10042262
v 3.30510116 24.82999611 1.10042560
v 3.30370712 24.84015656 1.10036206
v 3.29797435 24.87631798 1.10013556
v 3.29713988 24.88156509 1.10010278
v 3.29604793 24.88786697 1.10006332
v 3.28600883 24.93989182 1.09973776
v 3.28715897 24.93438721 1.09977221
v 3.28792834 24.93063164 1.09979570
v 3.28846383 24.92788887 1.09981287
v 3.28936768 24.92302513 1.09984338
v 3.28657198 24.93729401 1.09975398
v 3.28385544 24.95363235 1.09965169
v 3.28211761 24.95772362 1.09962606
v 3.55331349 24.61732864 1.10175669
v 3.55331349 23.40617943 1.42620981
v 3.55331349 23.40213966 1.43518996
v 1.24668825 26.76750755 0.50000000
v 1.86287975 25.10630035 0.57215899
v 1.79671741 25.05806923 0.59390002
v 1.79285526 25.05461693 0.59532398
v 1.80999541 25.06814957 0.58929300
v 1.82406843 25.07926941 0.58435303
v 1.82735169 25.08145142 0.58337200
v 1.84474564 25.09385872 0.57768202
v 1.85249186 25.09959602 0.57520801
v 1.74509990 25.01314926 0.61416698
v 1.77039516 25.03597450 0.60383999
v 1.75833106 25.02955246 0.60797697
v 1.99104273 25.17858505 0.53985202
v 1.95930147 25.16313744 0.54674101
v 1.97664320 25.17212486 0.54291803
v 2.02401471 25.17389107 0.53472900
v 2.02341318 25.19288254 0.53349400
v 2.12479115 25.22898865 0.51752001
v 2.14294338 25.23456001 0.51529998
v 2.17827964 25.24316025 0.51130098
v 2.16002297 25.23863602 0.51324898
v 2.16477156 25.23971748 0.51275003
v 2.03766418 25.19840813 0.53097999
v 2.05646944 25.20606041 0.52765298
v 2.07840514 25.21646881 0.52406001
v 2.09025860 25.21809959 0.52232403
v 2.19011378 25.22863960 0.51051497
v 2.21205354 25.23151779 0.50844598
v 2.24892616 25.25714874 0.50521398
v 2.21344090 25.25078964 0.50796998
v 2.23355269 25.23625183 0.50664699
v 2.27405286 25.26640511 0.50363302
v 2.28464293 25.26224136 0.50303698
v 2.32057691 25.26605606 0.50143498
v 2.34146619 25.27619362 0.50083399
v 2.35668993 25.26854897 0.50042099
v 2.36516738 25.25073433 0.50033200
v 2.38664103 25.27243423 0.50006998
v 2.39294767 25.26957512 0.50000000
v 2.40949869 25.26922607 0.50007898
v 2.42955136 25.26917648 0.50017798
v 2.45434570 25.26787758 0.50070697
v 2.47567153 25.24923515 0.50131702
v 2.46634865 25.26743317 0.50096399
v 2.48459339 25.26601982 0.50157398
v 2.49937439 25.26441383 0.50225103
v 1.93781340 25.15154648 0.55188298
v 1.91845345 25.14071465 0.55666697
v 1.92819571 25.14657211 0.55414802
v 1.90709877 25.11710167 0.56160200
v 1.88185692 25.11898232 0.56647903
v 1.89777279 25.12900734 0.56206799
v 2.36367345 25.38756561 0.72728801
v 2.52042508 25.26244926 0.50322700
v 2.54383397 25.25908661 0.50468802
v 2.55614257 25.25752831 0.50545198
v 2.56338191 25.23882103 0.50623697
v 2.62807512 25.22559166 0.51220798
v 2.58797812 25.25187492 0.50798100
v 2.59166145 25.25135040 0.50825602
v 2.61015821 25.24727440 0.51002502
v 2.62692404 25.24388885 0.51163298
v 2.65357041 25.23708153 0.51465797
v 2.66194296 25.23511696 0.51559299
v 2.69666481 25.22505951 0.52013600
v 2.73110533 25.21369934 0.52528000
v 2.75368857 25.18738174 0.53009498
v 2.73963141 25.21251678 0.52658701
v 2.76520896 25.20098877 0.53103501
v 2.78217387 25.19413567 0.53411502
v 2.79998732 25.18438148 0.53778201
v 2.81362128 25.16164207 0.54190099
v 2.81452227 25.18006325 0.54053199
v 2.87748098 25.14836121 0.55492800
v 2.90802336 25.13083458 0.56290299
v 2.93789101 25.11215401 0.57139498
v 2.96247816 25.07554626 0.58200997
v 2.96709037 25.09236717 0.58041102
v 2.84631538 25.16477013 0.54747099
v 2.97999048 25.06333542 0.58786303
v 2.99554944 25.07136345 0.58995801
v 3.02321577 25.04923630 0.60003799
v 3.04048562 25.03452301 0.60671401
v 3.03280139 25.07804108 0.62662101
v 3.05939388 25.02711487 0.61297899
v 3.06563640 25.01159477 0.61716598
v 3.55331349 26.48134804 0.50000000
v 3.55331349 26.76750755 0.50000000
v 1.24668825 25.20282745 1.09809196
v 1.24668825 25.61164856 1.28692794
v 1.24668825 25.61024666 1.28542244
v 1.24668825 25.61193085 1.28722978
v 1.24668825 25.61287880 1.28824723
v 1.24668825 25.62187195 1.29789674
v 1.24668825 25.62494087 1.30118823
v 1.24668825 25.62516403 1.30142808
v 1.24668825 25.63389587 1.31079614
v 1.53099775 25.03785515 1.09912455
v 1.53936625 25.06830597 1.09893394
v 1.54850340 25.09775352 1.09874964
v 1.55281854 25.11051369 1.09866977
v 1.55341792 25.11207199 1.09865999
v 1.56324553 25.13902664 1.09849131
v 1.57375622 25.16491318 1.09832931
v 1.58485270 25.18973923 1.09817386
v 1.59132540 25.20282745 1.09809196
v 1.59576333 25.21925735 1.10564625
v 1.60608852 25.25309753 1.12120581
v 1.61660552 25.28421974 1.13551581
v 1.62733412 25.31289673 1.14870107
v 1.63829827 25.33926392 1.16082489
v 1.64540219 25.35504913 1.16808343
v 1.65073836 25.37045670 1.17516756
v 1.65626323 25.37712097 1.17823184
v 1.66729534 25.39752197 1.18761230
v 1.67852712 25.41629028 1.19624138
v 1.68999672 25.43357658 1.20419025
v 1.70166159 25.44946480 1.21149516
v 1.70791268 25.45742607 1.21515548
v 1.71979547 25.47109032 1.22143841
v 1.73183501 25.48356819 1.22717595
v 1.73848331 25.49013138 1.23019397
v 1.75646806 25.50506592 1.23706079
v 1.76914299 25.51423836 1.24127746
v 1.79173017 25.52986145 1.24846172
v 1.80042005 25.53715324 1.25181437
v 1.80554008 25.53859520 1.25247765
v 1.81698251 25.54461479 1.25524509
v 1.82308662 25.54809952 1.25684714
v 1.82472706 25.54905701 1.25728774
v 1.83962810 25.55721664 1.26103938
v 1.84077489 25.55784416 1.26132798
v 1.85698783 25.56560707 1.26489758
v 1.86514807 25.56983566 1.26684189
v 1.87290716 25.57303047 1.26831043
v 2.36285686 25.59702682 1.18129897
v 1.88630688 25.57876587 1.27094722
v 1.88834274 25.57965469 1.27135658
v 1.89058709 25.58051491 1.27175188
v 1.90066063 25.58467484 1.27366447
v 1.89690435 25.58320236 1.27298725
v 1.90481174 25.58625031 1.27438891
v 1.91026485 25.58834457 1.27535200
v 1.91438544 25.58979034 1.27601659
v 1.92164743 25.59229279 1.27716732
v 1.93903673 25.59853172 1.28003573
v 1.94902086 25.60166740 1.28147769
v 1.95754743 25.60409927 1.28259611
v 1.97577834 25.60940552 1.28503597
v 1.97904384 25.61024666 1.28542244
v 1.98339510 25.61217499 1.28749239
v 1.98438871 25.61256409 1.28790832
v 1.98756742 25.61387253 1.28931236
v 1.99128532 25.61525536 1.29079580
v 1.99208009 25.61554909 1.29111123
v 2.00918078 25.62215805 1.29820383
v 2.01592684 25.62436867 1.30057418
v 2.00189018 25.62634087 1.30269110
v 2.03908300 25.63074303 1.30741537
v 2.04092646 25.63119316 1.30789781
v 2.03955030 25.63086891 1.30754983
v 2.04176617 25.63138771 1.30810618
v 2.04209232 25.63146973 1.30819452
v 2.04717588 25.63245392 1.30925035
v 1.24668825 25.64189148 1.31937683
v 1.24668825 25.64968872 1.32774222
v 1.24668825 25.65586090 1.33436441
v 1.24668825 25.65839577 1.33708382
v 1.24668825 25.66417694 1.34328854
v 1.24668825 25.66568565 1.34490561
v 1.24668825 25.67894936 1.35913801
v 1.24668825 25.83115578 1.52244782
v 1.24668825 25.83463860 1.52618599
v 2.06587029 25.63564682 1.31267583
v 2.06667542 25.63577271 1.31280994
v 2.06909966 25.63609505 1.31315732
v 2.06840730 25.63601112 1.31306648
v 2.06740737 25.63587761 1.31292272
v 2.06628752 25.63571167 1.31274533
v 2.05450940 25.64361763 1.32122791
v 2.11573291 25.65588760 1.33439422
v 2.26694322 25.67016792 1.34971631
v 2.39864492 25.68260193 1.36305726
v 2.45616531 25.68803215 1.36888337
v 1.94780362 25.83762360 1.74558556
v 2.04754353 25.83747864 1.73496664
v 2.46316338 25.83687592 1.69072831
v 3.12256670 25.43128586 1.20313704
v 3.11864376 25.45361137 1.21340251
v 3.10373068 25.46532631 1.21878839
v 3.09225297 25.48359108 1.22718656
v 3.04600811 25.54100418 1.25358498
v 3.08075333 25.50010872 1.23478103
v 3.06923509 25.51510811 1.24167788
v 3.05765629 25.52869606 1.24792528
v 2.92466116 25.61997795 1.29586375
v 2.93616676 25.60996819 1.28529441
v 2.93322515 25.61213303 1.28744543
v 2.93549514 25.61024666 1.28542233
v 2.91894817 25.62384033 1.30000710
v 3.00375748 25.57552910 1.26945972
v 3.00704694 25.57452393 1.26899683
v 3.02238750 25.56210899 1.26328862
v 3.03425527 25.55213356 1.25870228
v 3.01618409 25.56686020 1.26547337
v 2.99120760 25.58311272 1.27294588
v 2.97852421 25.58969498 1.27597260
v 2.91287565 25.62834167 1.30483747
v 2.90972304 25.63069725 1.30736434
v 3.25459743 25.06516647 1.09895360
v 3.23789763 25.11618233 1.09863424
v 3.23216438 25.13250542 1.09853208
v 3.22802591 25.14477348 1.09845531
v 3.24491954 25.09630775 1.09875870
v 3.24518561 25.09560204 1.09876311
v 3.19526863 25.23689270 1.11375535
v 3.21757913 25.17212105 1.09828413
v 3.20655036 25.19831467 1.09812021
v 3.20446825 25.20282745 1.09809196
v 3.18410778 25.27488327 1.13122356
v 3.17805958 25.29364777 1.13985109
v 3.16366529 25.33500671 1.15886796
v 3.16686583 25.32670784 1.15505183
v 3.15570903 25.35667801 1.16883254
v 3.15714765 25.35376549 1.16749334
v 3.15007758 25.37128067 1.17554688
v 3.13358378 25.40868950 1.19274688
v 3.13136506 25.42265129 1.19916618
v 3.55331349 25.20354462 1.09842205
v 3.55331349 25.20282745 1.09809196
v 3.55331349 25.23219681 1.11159587
v 3.55331349 25.26385117 1.12615061
v 3.55331349 25.27935410 1.13327849
v 3.55331349 25.30644226 1.14573371
v 3.55331349 25.31318283 1.14883304
v 3.55331349 25.33071518 1.15689504
v 3.55331349 25.32838631 1.15582383
v 3.55331349 25.34244537 1.16228843
v 3.55331349 25.34541512 1.16365373
v 3.55331349 25.34840584 1.16502905
v 3.55331349 25.35140991 1.16641057
v 3.55331349 25.35441971 1.16779411
v 3.55331349 25.35742188 1.16917467
v 3.55331349 25.36041069 1.17054856
v 3.55331349 25.36336899 1.17190862
v 3.55331349 25.41405869 1.19521630
v 3.55331349 25.44597435 1.20989025
v 3.55331349 25.45750237 1.21519077
v 3.55331349 25.46509552 1.21868253
v 3.55331349 25.48342133 1.22710896
v 3.55331349 25.49366760 1.23181975
v 3.55331349 25.50886726 1.23880827
v 3.55331349 25.52252579 1.24508798
v 3.55331349 25.53484535 1.25075305
v 3.55331349 25.54593277 1.25585115
v 3.55331349 25.55591011 1.26043868
v 3.55331349 25.56487083 1.26455832
v 3.55331349 25.57284737 1.26822567
v 3.55331349 25.57662582 1.26996338
v 3.55331349 25.58267021 1.27274239
v 3.55331349 25.58348274 1.27311659
v 3.55331349 25.59456825 1.27821326
v 3.55331349 25.58943748 1.27585423
v 3.55331349 25.61024666 1.28542233
v 2.80881023 25.67947197 1.35969925
v 2.81244898 25.67845154 1.35860288
v 2.79114199 25.68420982 1.36478043
v 2.78464913 25.68622017 1.36693847
v 2.80056953 25.68165779 1.36204374
v 2.59576416 25.70120621 1.38301849
v 2.63418508 25.70483208 1.38690901
v 2.63457513 25.70485687 1.38693631
v 2.67432952 25.69432640 1.37563694
v 2.69356799 25.69565201 1.37705815
v 2.69444776 25.69572067 1.37713253
v 2.69402862 25.69567490 1.37708330
v 2.69143605 25.69867516 1.38030255
v 2.69709611 25.69584084 1.37726080
v 2.69631195 25.69581223 1.37723005
v 2.69532657 25.69576645 1.37718117
v 2.69943285 25.69589424 1.37731898
v 2.69818282 25.69587326 1.37729681
v 2.70244026 25.69588470 1.37730813
v 2.70094442 25.69589996 1.37732363
v 2.71075416 25.69546890 1.37686312
v 2.72097993 25.69536400 1.37675023
v 2.72419119 25.69527817 1.37665725
v 2.72301722 25.69531441 1.37669635
v 2.72195506 25.69534492 1.37672842
v 2.72554731 25.69521141 1.37658608
v 2.72484279 25.69524765 1.37662578
v 2.73250961 25.69470024 1.37603760
v 2.73020649 25.69490623 1.37625718
v 2.72704101 25.69512939 1.37649810
v 2.72886086 25.69501305 1.37637305
v 2.74743247 25.69272995 1.37392378
v 2.75327253 25.69212341 1.37327421
v 2.76687121 25.68991852 1.37090671
v 2.76154017 25.69097710 1.37204242
v 2.75859618 25.69141197 1.37251067
v 2.75693846 25.69166946 1.37278533
v 2.73555136 25.69437981 1.37569380
v 2.77525783 25.68812752 1.36898422
v 2.77590036 25.68810844 1.36896515
v 2.88782310 25.64457893 1.32226002
v 2.88564491 25.64584160 1.32361412
v 2.88706946 25.64520454 1.32292974
v 2.87396073 25.65242577 1.33067858
v 2.89736629 25.63852310 1.31576276
v 2.84650207 25.66556931 1.34478080
v 2.82943010 25.67260742 1.35233283
v 2.84143043 25.66750908 1.34686208
v 2.83203125 25.67156410 1.35121298
v 2.81976604 25.67589569 1.35586023
v 3.55331349 25.66416168 1.34327126
v 3.55331349 25.66571808 1.34493995
v 3.55331349 25.67210388 1.35179174
v 3.55331349 25.67532158 1.35524344
v 3.55331349 25.67901802 1.35921025
v 3.55331349 25.68094254 1.36127615
v 3.55331349 25.68740845 1.36821532
v 3.55331349 25.69236755 1.37353539
v 3.55331349 25.69286537 1.37406850
v 3.55331349 25.69340706 1.37464964
v 3.55331349 25.69881058 1.38044834
v 3.55331349 25.71125984 1.39380443
v 3.55331349 25.70963669 1.39206326
v 3.55331349 25.71458054 1.39736700
v 3.55331349 25.71543694 1.39828801
v 3.55331349 25.71819115 1.40124154
v 3.55331349 25.72030830 1.40351415
v 3.55331349 25.72117996 1.40444946
v 3.55331349 25.72305489 1.40645993
v 3.55331349 25.72688103 1.41056490
v 3.55331349 25.72521973 1.40878272
v 3.55331349 25.72856522 1.41237283
v 3.55331349 25.73012161 1.41404307
v 3.55331349 25.73276138 1.41687548
v 3.55331349 25.73213768 1.41620755
v 3.55331349 25.73169518 1.41573024
v 3.55331349 25.73145676 1.41547656
v 3.55331349 25.73105049 1.41503906
v 3.55331349 25.73521614 1.41950941
v 3.55331349 25.73463249 1.41888213
v 3.55331349 25.73497009 1.41924429
v 3.55331349 25.73430824 1.41853499
v 3.55331349 25.73868942 1.42323506
v 3.55331349 25.74455070 1.42952502
v 3.55331349 25.75960159 1.44567347
v 3.55331349 25.82682800 1.51780438
v 3.55331349 25.83463860 1.52618587
v 2.60856056 25.83666611 1.67525387
v 2.69590950 25.83654022 1.66596019
v 2.74642086 25.83646584 1.66058648
v 2.74694109 25.83646584 1.66054869
v 2.79001021 25.83652687 1.66498041
v 2.79298329 25.83655548 1.66710258
v 2.79749632 25.83655167 1.66684711
v 2.79648066 25.83655167 1.66688585
v 2.79408789 25.83655357 1.66700947
v 2.79521441 25.83655357 1.66694927
v 2.79357386 25.83655548 1.66707063
v 2.81046891 25.83655548 1.66707599
v 2.80055189 25.83655167 1.66677439
v 2.79890990 25.83655167 1.66680348
v 2.80456161 25.83655167 1.66678786
v 2.80255795 25.83655167 1.66676795
v 2.78044462 25.83656883 1.66802311
v 2.81752682 25.83655548 1.66714871
v 2.82581830 25.83656120 1.66746712
v 2.82375097 25.83655930 1.66735518
v 2.82277822 25.83655739 1.66730618
v 2.82188320 25.83655739 1.66726649
v 2.82028604 25.83655739 1.66721702
v 2.81884408 25.83655548 1.66717637
v 2.83024836 25.83656502 1.66776872
v 2.82835221 25.83656311 1.66762292
v 2.83788228 25.83657455 1.66847920
v 2.83351493 25.83656883 1.66804647
v 2.84667444 25.83658981 1.66960406
v 2.85087752 25.83659554 1.67001486
v 2.85621500 25.83660316 1.67063200
v 2.85867858 25.83660889 1.67097867
v 2.86304498 25.83661652 1.67157269
v 2.87753320 25.83665276 1.67419791
v 2.87123489 25.83663559 1.67301512
v 2.87841892 25.83665276 1.67422271
v 2.89713025 25.83670425 1.67810571
v 2.89209461 25.83668709 1.67681289
v 2.90419745 25.83672714 1.67972803
v 2.91758513 25.83676910 1.68274927
v 2.92359757 25.83678818 1.68417192
v 2.93629026 25.83683586 1.68776369
v 2.95320511 25.83690071 1.69245052
v 2.95797729 25.83692169 1.69395459
v 2.96846771 25.83696747 1.69734168
v 2.96489525 25.83695221 1.69625759
v 3.02269530 25.83723259 1.71687317
v 3.03028440 25.83727455 1.71993864
v 3.03113389 25.83727837 1.72022915
v 3.03296423 25.83729172 1.72118294
v 3.05440998 25.83741951 1.73058760
v 3.08319211 25.83759117 1.74319446
v 3.09428716 25.83766365 1.74858022
v 3.09700894 25.83768082 1.74982250
v 3.09121037 25.83764267 1.74709153
v 3.55331349 25.83601761 1.62757075
v 3.55331349 25.83601379 1.62717915
v 5.10656404 24.00600243 0.50000000
v 5.82989645 24.98483086 0.51262403
v 5.85746622 24.96812630 0.51079899
v 5.88580370 24.95276070 0.50910801
v 5.91487741 24.93865395 0.50755298
v 5.97472143 24.91426277 0.50486100
v 6.00539064 24.90402222 0.50373000
v 5.94453621 24.92582130 0.50613600
v 6.03646469 24.89511299 0.50274599
v 6.06788731 24.88754082 0.50190997
v 6.09961128 24.88132858 0.50122398
v 6.13158417 24.87648964 0.50068903
v 6.16372395 24.87302780 0.50030702
v 6.19599295 24.87094116 0.50007701
v 6.22831345 24.87025070 0.50000000
v 6.26063395 24.87094116 0.50007701
v 6.29290342 24.87302780 0.50030702
v 6.32504320 24.87648964 0.50068903
v 6.35700560 24.88132858 0.50122398
v 6.38873959 24.88753891 0.50190997
v 6.42016220 24.89511299 0.50274599
v 6.45123768 24.90402222 0.50373000
v 6.48189640 24.91426277 0.50486100
v 6.51207972 24.92582130 0.50613600
v 6.54174900 24.93865204 0.50755298
v 6.57082367 24.95276070 0.50910801
v 6.59916115 24.96812630 0.51079899
v 6.62673092 24.98483086 0.51262403
v 7.35006332 24.00600243 0.50000000
v 5.10656404 24.00600243 1.10558307
v 5.54409647 24.00600243 1.10580647
v 5.56475782 24.98619270 1.14710307
v 5.57192087 24.97269821 1.16946745
v 5.57894945 24.96046829 1.19139063
v 5.58582640 24.94947243 1.21281755
v 5.59253025 24.93970108 1.23368371
v 5.62139177 25.18420029 0.53437299
v 5.60344744 25.21092987 0.53729701
v 5.57112741 25.26656532 0.54338598
v 5.55681276 25.29537392 0.54654002
v 5.58667994 25.23839951 0.54030299
v 5.54376221 25.32476616 0.54975897
v 5.53199482 25.35469437 0.55303699
v 5.52154493 25.38511086 0.55636799
v 5.51243830 25.41594505 0.55974400
v 5.50467014 25.44713402 0.56316000
v 5.49827003 25.47863388 0.56660903
v 5.49325657 25.51039314 0.57008499
v 5.48962545 25.54232979 0.57358098
v 5.48738432 25.57440567 0.57709098
v 5.48661900 25.60647392 0.58060598
v 5.48738527 25.63855362 0.58412200
v 5.48962736 25.67065620 0.58763200
v 5.49325037 25.70261383 0.59112799
v 5.49827528 25.73438072 0.59460300
v 5.50466967 25.76590919 0.59805298
v 5.51243830 25.79711342 0.60146803
v 5.52154732 25.82795906 0.60484499
v 5.53199673 25.85837746 0.60817498
v 5.54375648 25.88831520 0.61145300
v 5.55681181 25.91772079 0.61467201
v 5.57112360 25.94653511 0.61782700
v 5.58667707 25.97470093 0.62090999
v 5.60344839 26.00216866 0.62391597
v 5.62139225 26.02889442 0.62684000
v 5.77703238 25.02193451 0.51665699
v 5.75186205 25.04213905 0.51885903
v 5.66069937 25.13317490 0.52879399
v 5.68197155 25.10897064 0.52614999
v 5.72760344 25.06340599 0.52117699
v 5.70429707 25.08570671 0.52360898
v 5.64049196 25.15826416 0.53153700
v 5.80306005 25.00281143 0.51457697
v 5.64049435 26.05482292 0.62967598
v 5.66069984 26.07990646 0.63241899
v 5.68197346 26.10409927 0.63506299
v 5.70429087 26.12735748 0.63760400
v 5.72760534 26.14963531 0.64003599
v 5.75186586 26.17088318 0.64235401
v 5.77703094 26.19107819 0.64455599
v 5.80305862 26.21016312 0.64663500
v 5.82989788 26.22812271 0.64858902
v 5.85746431 26.24482155 0.65041399
v 5.10656404 26.69541740 0.50000000
v 5.88580227 26.26020050 0.65210497
v 5.91488028 26.27432442 0.65366000
v 5.94453430 26.28718948 0.65507698
v 5.97472429 26.29876137 0.65635198
v 6.00539112 26.30901146 0.65748203
v 6.03646421 26.31794930 0.65846699
v 6.06789064 26.32551956 0.65930200
v 6.09960938 26.33173943 0.65998799
v 6.13158083 26.33660316 0.66052401
v 6.16372395 26.34006691 0.66090602
v 6.19599342 26.34215355 0.66113597
v 6.22831345 26.34285164 0.66121298
v 6.65356731 25.00281143 0.51457697
v 6.67959499 25.02193451 0.51665699
v 6.70476484 25.04213905 0.51885903
v 6.72902346 25.06340599 0.52117699
v 6.75233030 25.08570671 0.52360898
v 6.77465534 25.10897064 0.52614999
v 6.79592800 25.13317490 0.52879399
v 6.81613731 25.15826607 0.53153700
v 6.83522415 25.18420219 0.53437299
v 6.85317898 25.21092796 0.53729701
v 6.86994743 25.23839951 0.54030299
v 6.59916306 26.24482155 0.65041399
v 6.62672949 26.22812271 0.64858902
v 6.70476151 26.17088318 0.64235401
v 6.65356874 26.21016312 0.64663500
v 6.67959642 26.19107819 0.64455599
v 6.86995029 25.97470093 0.62090999
v 6.85317850 26.00217056 0.62391597
v 6.83522415 26.02889442 0.62684000
v 6.79592752 26.07990646 0.63241899
v 6.81613493 26.05482101 0.62967598
v 6.75233650 26.12735748 0.63760400
v 6.72902203 26.14963531 0.64003599
v 6.77465391 26.10409927 0.63506299
v 6.88549948 25.26656532 0.54338598
v 6.89981461 25.29537392 0.54654002
v 6.91286516 25.32476616 0.54975897
v 6.92463446 25.35469627 0.55303699
v 6.93507051 25.38511086 0.55636799
v 6.94419098 25.41594505 0.55974400
v 6.95194674 25.44713783 0.56316000
v 6.95834541 25.47863007 0.56660903
v 6.96337080 25.51039124 0.57008499
v 6.96700191 25.54232979 0.57358098
v 6.96924305 25.57440567 0.57709098
v 6.97000837 25.60647392 0.58060598
v 6.95194721 25.76590538 0.59805298
v 6.96924162 25.63855362 0.58412200
v 6.96700001 25.67065620 0.58763200
v 6.96337748 25.70261574 0.59112799
v 6.95834017 25.73438454 0.59460300
v 6.94419098 25.79711342 0.60146803
v 6.92463255 25.85837364 0.60817498
v 6.93506765 25.82795906 0.60484499
v 6.91287088 25.88831520 0.61145300
v 6.89981508 25.91772079 0.61467201
v 6.88550377 25.94653511 0.61782700
v 6.51208162 26.28718948 0.65507698
v 6.54174614 26.27432632 0.65366000
v 6.57082510 26.26020050 0.65210497
v 7.35006332 26.69541740 0.50000000
v 6.26063395 26.34215355 0.66113597
v 6.29290342 26.34006691 0.66090602
v 6.32504702 26.33660316 0.66052401
v 6.38873625 26.32551956 0.65930200
v 6.35700750 26.33173943 0.65998799
v 6.42016315 26.31794930 0.65846699
v 6.45123720 26.30901146 0.65748203
v 6.48189354 26.29876137 0.65635198
v 7.50000000 27.50000000 0.00000000
v 8.50055885 28.58332825 0.00000000
v 8.58332920 28.50055885 0.00000000
v 8.53786755 28.53786850 0.00000000
v 8.47283649 28.63519478 0.00000000
v 8.45576477 28.69147301 0.00000000
v 8.63519478 28.47283554 0.00000000
v 8.69147301 28.45576477 0.00000000
v 8.50055885 28.58332825 0.27499998
v 8.58332920 28.50055885 0.27500001
v 8.53786755 28.53786850 0.27500001
v 8.47283649 28.63519478 0.27500001
v 8.45576477 28.69147301 0.27500001
v 8.63519478 28.47283554 0.27500001
v 8.69147301 28.45576477 0.27500001
v 7.50000000 30.00000000 0.00000000
v 8.44999981 28.75000000 0.00000000
v 8.45576477 28.80852699 0.00000000
v 8.47283649 28.86480522 0.00000000
v 8.50055885 28.91667175 0.00000000
v 8.53786755 28.96213150 0.00000000
v 8.58332920 28.99944115 0.00000000
v 8.63519478 29.02716446 0.00000000
v 8.69147301 29.04423523 0.00000000
v 8.44999981 28.75000000 0.27500001
v 8.45576477 28.80852699 0.27500001
v 8.47283649 28.86480522 0.27500001
v 8.50055885 28.91667175 0.27499998
v 8.53786755 28.96213150 0.27500001
v 8.58332920 28.99944115 0.27500001
v 8.63519478 29.02716446 0.27500001
v 8.69147301 29.04423523 0.27500001
v 8.75000000 28.45000076 0.00000000
v 8.80852699 28.45576477 0.00000000
v 8.86480522 28.47283554 0.00000000
v 8.91667080 28.50055885 0.00000000
v 8.96213245 28.53786850 0.00000000
v 8.99944115 28.58332825 0.00000000
v 9.02716351 28.63519478 0.00000000
v 9.04423523 28.69147301 0.00000000
v 10.00000000 27.50000000 0.00000000
v 8.75000000 28.45000076 0.27500001
v 8.80852699 28.45576477 0.27500001
v 8.86480522 28.47283554 0.27500001
v 8.91667080 28.50055885 0.27500001
v 8.96213245 28.53786850 0.27500001
v 8.99944115 28.58332825 0.27499998
v 9.02716351 28.63519478 0.27500001
v 9.04423523 28.69147301 0.27500001
v 8.75000000 29.04999924 0.00000000
v 8.80852699 29.04423523 0.00000000
v 8.86480522 29.02716446 0.00000000
v 9.05000019 28.75000000 0.00000000
v 9.04423523 28.80852699 0.00000000
v 9.02716351 28.86480522 0.00000000
v 8.96213245 28.96213150 0.00000000
v 8.91667080 28.99944115 0.00000000
v 8.99944115 28.91667175 0.00000000
v 10.00000000 30.00000000 0.00000000
v 8.75000000 29.04999924 0.27500001
v 8.80852699 29.04423523 0.27500001
v 8.86480522 29.02716446 0.27500001
v 9.05000019 28.75000000 0.27500001
v 9.04423523 28.80852699 0.27500001
v 9.02716351 28.86480522 0.27500001
v 8.96213245 28.96213150 0.27500001
v 8.91667080 28.99944115 0.27500001
v 8.99944115 28.91667175 0.27499998
v 7.50000000 27.50000000 0.50000000
v 8.37876892 28.37876892 0.50000000
v 8.26496315 28.54909134 0.50000000
v 8.23508739 28.64757729 0.50000000
v 8.31347847 28.45832634 0.50000000
v 8.54909134 28.26496315 0.50000000
v 8.45832539 28.31347847 0.50000000
v 8.64757729 28.23508835 0.50000000
v 7.50000000 30.00000000 0.50000000
v 8.22500038 28.75000000 0.50000000
v 8.23508739 28.85242271 0.50000000
v 8.26496315 28.95090866 0.50000000
v 8.31347847 29.04167366 0.50000000
v 8.37876892 29.12123108 0.50000000
v 8.45832539 29.18652153 0.50000000
v 8.54909134 29.23503685 0.50000000
v 8.64757729 29.26491165 0.50000000
v 8.75000000 28.22500038 0.50000000
v 8.85242271 28.23508835 0.50000000
v 8.95090866 28.26496315 0.50000000
v 9.04167461 28.31347847 0.50000000
v 9.12123108 28.37876892 0.50000000
v 9.18652153 28.45832634 0.50000000
v 9.23503685 28.54909134 0.50000000
v 9.26491261 28.64757729 0.50000000
v 10.00000000 27.50000000 0.50000000
v 8.75000000 29.27499962 0.50000000
v 8.85242271 29.26491165 0.50000000
v 9.04167461 29.18652153 0.50000000
v 8.95090866 29.23503685 0.50000000
v 9.18652153 29.04167366 0.50000000
v 9.27499962 28.75000000 0.50000000
v 9.26491261 28.85242271 0.50000000
v 9.23503685 28.95090866 0.50000000
v 9.12123108 29.12123108 0.50000000
v 10.00000000 30.00000000 0.50000000
v 5.10656404 25.20282745 1.09809196
v 5.46272612 25.15003395 1.09842241
v 5.44790697 25.18834877 1.09818256
v 5.45492983 25.16897202 1.09830391
v 5.44136715 25.20743179 1.10020876
v 5.44335318 25.20282745 1.09809196
v 5.43483353 25.22472382 1.10815966
v 5.42920208 25.24198914 1.11609900
v 5.42447710 25.25920486 1.12401438
v 5.42065287 25.27633858 1.13189209
v 5.41771317 25.29334450 1.13971186
v 5.41564608 25.31020546 1.14746416
v 5.53740501 25.03194618 1.09916151
v 5.52473831 25.04708672 1.09906685
v 5.51269484 25.06283951 1.09896815
v 5.48057508 25.11357307 1.09865069
v 5.49059057 25.09610939 1.09875989
v 5.50130177 25.07919121 1.09886575
v 5.47128105 25.13155556 1.09853804
v 5.54945660 25.01879311 1.09924376
v 5.55012894 25.01720047 1.10135007
v 5.55748558 25.00101089 1.12437153
v 5.41448975 25.32684708 1.15511608
v 5.10656404 25.61021233 1.28540695
v 5.40260077 25.61024666 1.28542233
v 5.10656404 25.83463860 1.52618587
v 5.37806988 25.82340431 1.51413107
v 5.37698507 25.83463860 1.52618587
v 5.37218523 25.83516121 1.56473649
v 1.78159475 21.52327156 1.94596100
v 1.80036354 21.54305649 2.02777410
v 1.80359304 21.54536819 2.03065610
v 1.75708866 21.49786568 2.06473088
v 1.75834680 21.50031471 2.07006097
v 1.81533730 21.55434418 2.06855106
v 1.75249374 21.49313736 2.09007406
v 1.75021327 21.48960114 2.10064197
v 1.82121396 21.56094742 2.10773802
v 1.74273515 21.47967720 2.15166807
v 1.83804202 21.57374573 2.17639709
v 1.70668948 20.01589584 2.39973235
v 1.70797205 20.00538254 2.39979839
v 1.70767450 20.00770760 2.39978385
v 1.70566523 20.02516747 2.39967442
v 1.70547986 20.02648163 2.39966607
v 1.70546055 20.02699852 2.39966297
v 1.70525134 20.02902412 2.39965034
v 1.70467448 20.03480911 2.39961410
v 1.70217121 20.06824875 2.39940476
v 1.70180964 20.07744789 2.39934707
v 1.70186555 20.07565689 2.39935851
v 1.70193994 20.07344246 2.39937234
v 1.70199108 20.07217026 2.39938045
v 1.70210433 20.06960297 2.39939642
v 1.70415998 20.04024506 2.39958000
v 1.70350862 20.04795265 2.39953160
v 1.70373178 20.04519081 2.39954901
v 1.70312905 20.05294037 2.39950061
v 1.70282030 20.05750847 2.39947200
v 1.70296538 20.05533791 2.39948559
v 1.70264912 20.05990601 2.39945698
v 1.70257807 20.06099319 2.39945030
v 1.70227611 20.06616402 2.39941788
v 1.70239115 20.06415749 2.39943027
v 1.70172739 20.08003807 2.39933085
v 1.70106077 20.09533882 2.39923525
v 1.70165837 20.08268356 2.39931440
v 1.70167923 20.08176231 2.39932013
v 1.70159066 20.08801842 2.39928102
v 1.70160055 20.08651161 2.39929056
v 1.70162916 20.08431816 2.39930439
v 1.70161045 20.08575249 2.39929533
v 1.70106077 20.44057083 2.39707422
v 1.70310962 20.48313713 2.39680791
v 1.50106061 21.11245918 2.39286900
v 1.70310724 20.84998322 2.39451194
v 1.70106149 21.07759094 2.39308715
v 1.70106149 21.11245918 2.39286900
v 1.73554838 21.46807289 2.19232798
v 1.73877430 21.47538757 2.19051600
v 1.73618066 21.47075462 2.19494510
v 1.73112047 21.46140289 2.23100710
v 1.72786403 21.45449448 2.25155807
v 1.85162377 21.58272934 2.22855711
v 1.85384357 21.58413887 2.23642206
v 1.85808587 21.58648682 2.24996400
v 1.86243415 21.58904076 2.26639390
v 1.86837399 21.59247208 2.28800201
v 1.71725392 21.43323326 2.34186697
v 1.72108734 21.44239807 2.30707097
v 1.72228038 21.44557381 2.29970789
v 1.71424198 21.42592049 2.36839199
v 1.88173962 21.59913063 2.33172703
v 1.89395940 21.60441399 2.36828995
v 1.89499450 21.60480690 2.37098098
v 1.90511906 21.60860443 2.39868212
v 1.50106061 21.32402611 2.49014735
v 1.50106061 21.36120224 2.50724053
v 1.50106061 21.36087990 2.50709200
v 1.50106061 21.36524391 2.50909829
v 1.50106061 21.36899185 2.51082182
v 1.50106061 21.37023544 2.51139402
v 1.50106061 21.37117195 2.51182485
v 1.50106061 21.37219429 2.51229405
v 1.50106061 21.37431335 2.51326895
v 1.50106061 21.37786293 2.51490164
v 1.50106061 21.37556076 2.51384282
v 1.70744503 21.40276527 2.43407607
v 1.70733786 21.40219879 2.43438005
v 1.70584178 21.39544868 2.45068693
v 1.70513356 21.39169312 2.45829606
v 1.71006191 21.41279793 2.40757799
v 1.70473158 21.38955498 2.46265793
v 1.70393348 21.38468742 2.47169995
v 1.70333767 21.38058472 2.47851992
v 1.70292175 21.37737465 2.48341298
v 1.70269251 21.37543106 2.48606706
v 1.70108557 21.34530830 2.49993277
v 1.70106125 21.34495544 2.49977016
v 1.70172191 21.36495399 2.49797010
v 1.70184946 21.36662674 2.49632096
v 1.70146275 21.36091232 2.50118399
v 1.70161319 21.36337471 2.49931407
v 1.70240664 21.37277412 2.48954511
v 1.70199656 21.36843109 2.49446797
v 1.70218372 21.37053299 2.49220991
v 1.70208466 21.36945724 2.49343991
v 1.70124626 21.35623550 2.50401711
v 1.70129132 21.35732269 2.50348711
v 1.70139515 21.35958290 2.50212097
v 1.70118439 21.35387039 2.50386930
v 1.70112038 21.34975243 2.50197530
v 1.70124638 21.35626602 2.50497079
v 1.70121288 21.35523796 2.50449800
v 1.70146191 21.36107826 2.50718379
v 1.70161057 21.36360168 2.50834394
v 1.70139480 21.35971069 2.50655460
v 1.70129144 21.35738564 2.50548553
v 1.70172620 21.36535072 2.50914812
v 1.70185304 21.36708641 2.50994611
v 1.70208514 21.37000847 2.51128936
v 1.70218229 21.37111664 2.51179838
v 1.70199835 21.36895180 2.51080394
v 1.70293725 21.37846947 2.51517987
v 1.70267642 21.37612534 2.51410198
v 1.70239973 21.37341499 2.51285529
v 1.70271266 21.37645912 2.51425600
v 1.50106061 21.37946129 2.51563573
v 1.50106061 21.38104630 2.51636457
v 1.50106061 21.38472748 2.51805687
v 1.50106061 21.38274956 2.51714826
v 1.50106061 21.38371468 2.51759171
v 1.50106061 21.38682938 2.51902318
v 1.50106061 21.38961220 2.52030420
v 1.50106061 21.38930702 2.52016330
v 1.50106061 21.39145279 2.52114916
v 1.50106061 21.39830399 2.52429938
v 1.50106061 21.39447784 2.52254057
v 1.50106061 21.39880753 2.52453136
v 1.50106061 21.40339661 2.52664113
v 1.50106061 21.40539169 2.52755880
v 1.50106061 21.40884399 2.52914643
v 1.50106061 21.40961456 2.52950001
v 1.50106061 21.41590118 2.53239083
v 1.50106061 21.41638947 2.53261542
v 1.50106061 21.42533684 2.53672934
v 1.50106061 21.42656517 2.53729463
v 1.50106061 21.43952942 2.54325461
v 1.50106061 21.44113350 2.54399204
v 1.50106061 21.44757080 2.54695249
v 1.50106061 21.45763397 2.55157876
v 1.50106061 21.45518684 2.55045414
v 1.50106061 21.45976639 2.55256009
v 1.50106061 21.46188545 2.55353403
v 1.50106061 21.48416138 2.56377673
v 1.50106061 21.48686981 2.56502175
v 1.50106061 21.49268913 2.56769800
v 1.50106061 21.49632645 2.56937003
v 1.50106061 21.50868416 2.57505250
v 1.50106061 21.51169395 2.57643676
v 1.50106061 21.51930237 2.57993484
v 1.50106061 21.51462936 2.57778573
v 1.50106061 21.51987839 2.58019924
v 1.50106061 21.53734589 2.59894013
v 1.50106061 21.54063225 2.60246849
v 1.50106061 21.55280685 2.61552930
v 1.50106061 21.55397606 2.61678386
v 1.50106061 21.55677414 2.61978722
v 1.50106061 21.55945396 2.62266302
v 1.70334065 21.38177490 2.51670027
v 1.70390999 21.38595390 2.51862121
v 1.70399368 21.38650513 2.51887441
v 1.70514035 21.39369202 2.52217937
v 1.70476055 21.39151573 2.52117801
v 1.70580006 21.39746094 2.52391243
v 1.70596480 21.39830017 2.52429795
v 1.70745814 21.40569305 2.52769756
v 1.70736027 21.40515900 2.52745199
v 1.70978057 21.41545486 2.53218603
v 1.71010423 21.41679764 2.53280354
v 1.71417391 21.43095398 2.53931189
v 1.71476150 21.43270683 2.54011750
v 1.71732545 21.43973923 2.54335213
v 1.72132409 21.45076752 2.54842186
v 1.72039855 21.44808197 2.54718709
v 1.72222078 21.45310974 2.54949903
v 1.72322810 21.45543289 2.55056739
v 1.73504591 21.47997665 2.56185246
v 1.73666573 21.48297501 2.56323123
v 1.74031484 21.48943138 2.56620026
v 1.74317014 21.49347115 2.56805706
v 1.75191045 21.50727844 2.57440591
v 1.75435114 21.51065636 2.57595944
v 1.75696099 21.51395607 2.57747650
v 1.76086748 21.51922798 2.57990050
v 1.76142192 21.51987839 2.58019924
v 1.77810156 21.53976822 2.60154009
v 1.78160000 21.54354858 2.60559702
v 1.79630339 21.55767441 2.62075257
v 1.79823434 21.55904961 2.62222791
v 1.91616738 21.61215019 2.42568994
v 1.91784799 21.61257744 2.42848110
v 1.92286134 21.61400604 2.44004297
v 1.92904425 21.61552811 2.45220494
v 1.93045449 21.61583328 2.45459795
v 1.93437004 21.61669159 2.46177506
v 1.93824279 21.61745834 2.46805596
v 1.94066775 21.61789513 2.47174501
v 1.94189227 21.61811066 2.47354007
v 1.94397879 21.61844635 2.47633100
v 1.94579625 21.61874008 2.47902393
v 1.94782960 21.61903381 2.48141599
v 1.94973385 21.61928558 2.48360991
v 1.95056236 21.61936760 2.48420811
v 1.95148182 21.61951256 2.48560405
v 1.95237231 21.61962128 2.48650193
v 1.95498359 21.61991119 2.48909402
v 1.95668185 21.62008858 2.49059010
v 1.95848167 21.62025261 2.49208593
v 1.95968044 21.62035751 2.49298310
v 1.96195161 21.62053490 2.49457908
v 1.96316040 21.62060928 2.49517703
v 1.96517348 21.62073326 2.49637389
v 1.96688068 21.62082100 2.49717212
v 1.96854627 21.62089348 2.49777007
v 1.96945250 21.62092781 2.49806905
v 1.97110260 21.62097168 2.49846792
v 1.97335339 21.62101746 2.49886703
v 1.97492564 21.62103462 2.49906707
v 3.47030258 21.52349472 1.94596100
v 3.48664308 21.50843239 2.02871490
v 3.48976088 21.50415802 2.03163099
v 3.44017792 21.55216408 2.06338406
v 3.44226527 21.55145836 2.06865406
v 3.49766803 21.49335670 2.06995797
v 3.43573308 21.55700493 2.08843994
v 3.43189979 21.55959892 2.09888697
v 3.42038965 21.56863213 2.14933491
v 3.50401449 21.48677444 2.11120391
v 3.50293541 21.48899269 2.10959291
v 3.51367068 21.47420120 2.17903805
v 3.54445362 20.00780487 2.39978313
v 3.54436183 20.00708771 2.39978766
v 3.54481888 20.01076317 2.39976478
v 3.54760408 20.03653717 2.39960337
v 3.54787278 20.03721046 2.39959908
v 3.54590011 20.01996803 2.39970708
v 3.54672551 20.02765846 2.39965868
v 3.54689860 20.02925110 2.39964890
v 3.54780459 20.03863144 2.39959025
v 3.55010366 20.06833649 2.39940405
v 3.54986739 20.06694984 2.39941287
v 3.55000806 20.06948662 2.39939690
v 3.54834008 20.04463005 2.39955282
v 3.54891491 20.05177307 2.39950800
v 3.54871082 20.04914474 2.39952445
v 3.54936600 20.05820274 2.39946771
v 3.54916835 20.05530739 2.39948583
v 3.54966021 20.06305504 2.39943719
v 3.54977179 20.06509018 2.39942455
v 3.54952979 20.06080437 2.39945126
v 3.54949856 20.06030083 2.39945436
v 3.55052924 20.08871651 2.39927673
v 3.55105996 20.09491920 2.39923787
v 3.55105972 21.07759094 2.39308715
v 3.55105996 21.11245918 2.39286900
v 3.41016197 21.57649803 2.19212198
v 3.40166426 21.58188820 2.22776699
v 3.38878202 21.58901596 2.26570106
v 3.38177395 21.59357262 2.29567003
v 3.52105546 21.46222687 2.23180199
v 3.52222180 21.46025276 2.23975706
v 3.52415705 21.45642471 2.25345993
v 3.52620602 21.45258331 2.27008390
v 3.52897239 21.44731903 2.29194689
v 3.37837315 21.59498787 2.30294204
v 3.36814880 21.59987450 2.33730888
v 3.35551071 21.60532761 2.37446904
v 3.36002707 21.60368919 2.36350799
v 3.34571052 21.60905647 2.40216994
v 3.53092217 21.44282150 2.30717111
v 3.53429580 21.43528938 2.33620691
v 3.53845716 21.42420387 2.37323809
v 3.53860211 21.42389488 2.37596393
v 3.54171467 21.41398239 2.40404105
v 3.33339572 21.61270142 2.42858100
v 3.33481336 21.61248589 2.42828202
v 3.32704830 21.61457634 2.44462895
v 3.32304883 21.61551666 2.45210505
v 3.32079053 21.61604881 2.45639205
v 3.28105736 21.62097168 2.49846792
v 3.27762008 21.62103081 2.49896693
v 3.31566119 21.61711884 2.46526408
v 3.31133580 21.61791992 2.47194409
v 3.30797601 21.61848259 2.47673011
v 3.30595422 21.61879158 2.47932196
v 3.29976344 21.61961937 2.48650193
v 3.29871082 21.61973953 2.48749900
v 3.30319214 21.61918068 2.48271298
v 3.30087161 21.61948395 2.48530507
v 3.29512119 21.62011719 2.49088907
v 3.29683566 21.61994171 2.48929405
v 3.28961444 21.62056923 2.49487805
v 3.29097390 21.62047386 2.49398088
v 3.29349780 21.62026787 2.49218607
v 3.28420305 21.62086678 2.49757099
v 3.28620863 21.62077332 2.49667311
v 3.28731656 21.62071228 2.49617505
v 3.54443359 21.40377045 2.43144488
v 3.54476619 21.40223694 2.43427992
v 3.54585004 21.39751625 2.44602609
v 3.54698753 21.39177513 2.45839500
v 3.54722571 21.39047623 2.46082997
v 3.54788113 21.38665962 2.46814203
v 3.54844666 21.38297081 2.47454906
v 3.54892492 21.37953186 2.48014903
v 3.54876328 21.38071251 2.47831607
v 3.54917550 21.37752342 2.48300600
v 3.54960632 21.37383461 2.48821402
v 3.54938483 21.37578392 2.48576093
v 3.55106044 21.34438324 2.49950695
v 3.55103493 21.34482193 2.49970865
v 3.55102777 21.34679222 2.50061488
v 3.55037284 21.36534309 2.49766111
v 3.55042100 21.36470413 2.49817610
v 3.55024838 21.36691856 2.49611402
v 3.55070066 21.36012650 2.50180697
v 3.55057311 21.36234093 2.50014305
v 3.55100226 21.34966087 2.50193381
v 3.55101871 21.34778023 2.50106883
v 3.54979205 21.37199402 2.49046612
v 3.54995799 21.37030602 2.49251699
v 3.55003786 21.36944199 2.49343991
v 3.55075788 21.35890770 2.50243902
v 3.55081010 21.35791206 2.50316906
v 3.55093551 21.35413742 2.50399208
v 3.55091023 21.35521507 2.50448751
v 3.55095649 21.35290718 2.50342655
v 3.55097485 21.35178757 2.50291181
v 3.55057478 21.36254311 2.50785685
v 3.55070114 21.36026764 2.50681114
v 3.55075812 21.35902023 2.50623703
v 3.55081010 21.35799217 2.50576425
v 3.55036879 21.36575127 2.50933242
v 3.55041671 21.36509132 2.50902891
v 3.54995918 21.37088013 2.51169038
v 3.55024529 21.36738586 2.51008344
v 3.55003738 21.36999130 2.51128197
v 3.54936576 21.37681770 2.51442027
v 3.54916072 21.37862778 2.51525283
v 3.54979706 21.37261581 2.51248765
v 3.54958391 21.37479782 2.51349163
v 3.54961658 21.37449646 2.51335311
v 3.54845786 21.38421249 2.51781988
v 3.54876137 21.38190460 2.51675892
v 3.54891729 21.38069344 2.51620221
v 3.54698110 21.39376450 2.52221274
v 3.54720569 21.39245224 2.52160907
v 3.54783130 21.38854218 2.51981115
v 3.54792237 21.38794136 2.51953459
v 3.54575181 21.40041161 2.52526879
v 3.54592729 21.39951515 2.52485681
v 3.54474664 21.40519142 2.52746654
v 3.54418492 21.40776253 2.52864885
v 3.54444337 21.40669060 2.52815557
v 3.54131484 21.41934395 2.53397346
v 3.54171300 21.41795540 2.53333521
v 3.53787136 21.43103790 2.53935075
v 3.53856468 21.42899704 2.53841233
v 3.53844047 21.42933846 2.53856945
v 3.51383448 21.48582649 2.56454253
v 3.53354955 21.44363022 2.54514098
v 3.53432918 21.44159317 2.54420400
v 3.53076386 21.45069504 2.54838848
v 3.52818489 21.45707321 2.55132174
v 3.52922201 21.45468140 2.55022144
v 3.52599835 21.46183968 2.55351353
v 3.52443480 21.46521378 2.55506492
v 3.52299666 21.46842194 2.55653977
v 3.51929021 21.47562981 2.55985355
v 3.52165842 21.47117615 2.55780554
v 3.52078056 21.47286987 2.55858493
v 3.50240016 21.50408936 2.57293963
v 3.49143386 21.51902008 2.57980466
v 3.49075508 21.51987839 2.58019924
v 3.48861933 21.52263260 2.58315444
v 3.48562336 21.52616882 2.58694935
v 3.48365879 21.52900505 2.58999205
v 3.47039247 21.54368210 2.60574007
v 3.46669102 21.54734612 2.60967112
v 3.75106072 21.11245918 2.39286900
v 3.75106072 21.51987839 2.58019924
v 1.50106061 21.56880760 2.63269615
v 1.50106061 21.57862473 2.64323115
v 1.50106061 21.58269310 2.64759660
v 1.50106061 21.58431435 2.64933729
v 1.50106061 21.58496094 2.65002871
v 1.50106061 21.58643723 2.65161324
v 1.50106061 21.58747292 2.65272427
v 1.50106061 21.59014320 2.65558934
v 1.50106061 21.58859444 2.65392780
v 1.50106061 21.59136963 2.65690613
v 1.50106061 21.62733459 2.69549370
v 1.50106061 21.63229561 2.70081925
v 1.50106061 21.63531494 2.70405650
v 1.50106061 21.63660240 2.70543957
v 1.50106061 21.63637352 2.70519376
v 1.50106061 21.63882637 2.70782495
v 1.50106061 21.63970566 2.70876813
v 1.50106061 21.64427376 2.71367025
v 1.50106061 21.64368820 2.71304059
v 1.50106061 21.64183235 2.71105099
v 1.50106061 21.64254570 2.71181703
v 1.50106061 21.64521980 2.71468616
v 1.50106061 21.64692116 2.71651030
v 1.50106061 21.64596939 2.71548939
v 1.50106061 21.64721298 2.71682453
v 1.50106061 21.64642143 2.71597385
v 1.80185282 21.56233215 2.62575006
v 1.80565631 21.56549072 2.62913990
v 1.82011199 21.57662392 2.64108348
v 1.83823061 21.58854294 2.65387344
v 1.84719849 21.59358025 2.65927863
v 1.85223782 21.59640503 2.66230845
v 1.85075784 21.59559822 2.66144419
v 1.85867202 21.59957695 2.66571164
v 1.85587764 21.59826279 2.66430163
v 1.86159313 21.60099983 2.66723871
v 1.86568952 21.60297203 2.66935468
v 1.86915159 21.60454750 2.67104506
v 1.50106061 21.74427032 2.82096171
v 1.50106061 21.74324799 2.84302807
v 1.50106061 21.85157204 2.84302807
v 1.88181984 21.60972595 2.67660260
v 1.89066625 21.61284256 2.67994499
v 1.89379430 21.61394119 2.68112493
v 1.89454556 21.61417580 2.68137598
v 1.90207255 21.61644173 2.68380761
v 1.90506160 21.61734200 2.68477345
v 1.91342270 21.61947060 2.68705797
v 1.91625857 21.62018776 2.68782735
v 1.92137492 21.62130737 2.68902755
v 1.92414558 21.62187767 2.68964005
v 1.92887664 21.62278748 2.69061732
v 1.92996895 21.62297440 2.69081664
v 1.93302786 21.62348938 2.69137049
v 1.93565571 21.62390900 2.69181967
v 1.93866110 21.62437057 2.69231343
v 1.94055963 21.62463188 2.69259572
v 1.94317067 21.62496758 2.69295454
v 1.94152296 21.62476349 2.69273496
v 1.94623291 21.62532234 2.69333720
v 1.94461381 21.62514114 2.69314218
v 1.95022249 21.62575531 2.69380045
v 1.94871926 21.62560463 2.69363928
v 1.95160758 21.62589073 2.69394732
v 1.95231521 21.62595749 2.69401717
v 1.95575452 21.62623978 2.69432139
v 1.95439637 21.62613106 2.69420362
v 1.96237445 21.62667084 2.69478369
v 1.96056116 21.62656593 2.69466877
v 1.95719755 21.62633896 2.69442606
v 1.95960641 21.62650108 2.69460058
v 1.96495521 21.62679100 2.69491100
v 1.96334171 21.62671852 2.69483376
v 1.97202337 21.62698936 2.69512320
v 1.96839321 21.62690926 2.69503832
v 1.96766448 21.62688828 2.69501495
v 1.96632588 21.62684250 2.69496703
v 1.97069967 21.62696266 2.69509554
v 1.97509432 21.62702560 2.69516325
v 1.97383094 21.62701607 2.69515324
v 2.27446890 21.62702942 2.69516826
v 2.97765207 21.62702942 2.69516778
v 3.43106508 21.57719803 2.64170146
v 3.43497491 21.57449532 2.63880157
v 3.42876196 21.57860756 2.64321208
v 3.42165804 21.58337021 2.64832330
v 3.41136336 21.59005737 2.65549707
v 3.41497660 21.58778572 2.65306067
v 3.40762615 21.59217644 2.65777111
v 3.40213370 21.59504318 2.66084671
v 3.38835621 21.60190964 2.66821551
v 3.38162208 21.60515785 2.67170048
v 3.38504338 21.60360336 2.67003155
v 3.37811804 21.60656738 2.67321229
v 3.37581229 21.60740089 2.67410803
v 3.36872554 21.61014366 2.67705083
v 3.36283565 21.61240005 2.67946959
v 3.27736807 21.62702560 2.69516206
v 3.28012896 21.62698936 2.69512415
v 3.30881834 21.62498665 2.69297552
v 3.30721331 21.62517548 2.69317818
v 3.31146908 21.62464714 2.69261146
v 3.31484795 21.62416458 2.69209433
v 3.31744695 21.62375069 2.69165039
v 3.35639787 21.61448669 2.68171024
v 3.34308910 21.61837006 2.68587613
v 3.34610343 21.61760712 2.68505859
v 3.34906435 21.61671448 2.68410087
v 3.33499885 21.62038994 2.68804264
v 3.32902884 21.62165451 2.68939972
v 3.32322288 21.62278175 2.69060922
v 3.32147074 21.62310410 2.69095516
v 3.32629514 21.62221718 2.69000363
v 3.28496361 21.62687111 2.69499707
v 3.28243399 21.62693596 2.69506693
v 3.29039168 21.62663651 2.69474483
v 3.29240417 21.62651062 2.69461179
v 3.28930473 21.62669182 2.69480515
v 3.28657508 21.62681580 2.69493866
v 3.28746390 21.62677765 2.69489694
v 3.29481006 21.62634850 2.69443727
v 3.30069804 21.62587547 2.69392967
v 3.29898000 21.62602997 2.69409561
v 3.29981780 21.62595558 2.69401646
v 3.29748392 21.62615204 2.69422603
v 3.29611182 21.62625694 2.69433880
v 3.30470920 21.62545967 2.69348288
v 3.30253506 21.62569237 2.69373226
v 3.35967255 21.61351013 2.68066239
v 3.44640255 21.56547356 2.62912035
v 3.43873048 21.57164764 2.63574648
v 3.75106072 21.64886284 2.71859431
v 3.75106072 21.64929008 2.71905160
v 3.75106072 21.74427032 2.82096171
v 3.75106072 21.74324799 2.84302807
v 3.75106072 21.85157204 2.84302807
v 1.85966420 25.83795929 1.77037430
v 1.86374116 25.83794403 1.76926744
v 1.86638582 25.83793831 1.76875126
v 1.86566687 25.83793831 1.76878262
v 1.86741948 25.83793259 1.76834273
v 1.84185374 25.83798981 1.77255166
v 1.84887111 25.83800316 1.77354872
v 1.85337210 25.83798409 1.77217948
v 1.84396815 25.83802414 1.77511668
v 1.85742450 25.83796883 1.77100170
v 1.85606968 25.83797455 1.77139926
v 1.78791487 25.83831024 1.79609787
v 1.77061355 25.83840942 1.80337274
v 1.83096826 25.83808517 1.77962410
v 1.83260489 25.83807755 1.77907360
v 1.82326770 25.83812141 1.78222489
v 1.81437373 25.83816528 1.78544474
v 1.81647968 25.83815575 1.78470564
v 1.79832816 25.83824921 1.79164636
v 1.71582794 25.83876610 1.82964897
v 1.70346653 25.83885574 1.83622515
v 1.69398010 25.83892441 1.84122527
v 1.67684162 25.83905411 1.85078704
v 1.68171847 25.83901405 1.84792948
v 1.68261945 25.83900833 1.84745145
v 1.68524826 25.83898735 1.84594285
v 1.74964607 25.83853912 1.81290662
v 1.74059725 25.83860016 1.81747460
v 1.72488296 25.83870506 1.82515931
v 1.54540539 25.84019279 1.93449235
v 1.54239929 25.84025764 1.93930113
v 1.54256213 25.84025383 1.93894148
v 1.54472506 25.84019661 1.93485105
v 1.53875625 25.84032822 1.94453526
v 1.55464661 25.85805893 1.95882499
v 1.63920581 25.83935165 1.87267745
v 1.64427602 25.83930969 1.86956775
v 1.64185953 25.83932686 1.87092233
v 1.59734368 25.83970833 1.89884841
v 1.59149063 25.83976173 1.90286148
v 1.59417498 25.83973694 1.90102112
v 1.58691609 25.83980560 1.90613902
v 1.56978488 25.83997154 1.91822445
v 1.90289485 25.83774757 1.75468564
v 1.88701868 25.83786583 1.76340854
v 1.88904381 25.83786011 1.76299608
v 1.89099312 25.83785439 1.76260662
v 1.89003956 25.83785820 1.76289845
v 1.89391458 25.83784676 1.76209092
v 1.90570664 25.83782005 1.76001048
v 1.90711093 25.83781624 1.75978184
v 1.90643489 25.83781815 1.75989139
v 1.91126788 25.83780861 1.75919354
v 1.91009080 25.83781052 1.75934720
v 1.90837610 25.83781242 1.75959063
v 1.87919188 25.83789062 1.76521933
v 1.88263130 25.83787918 1.76439333
v 1.88007843 25.83788681 1.76498926
v 1.88418210 25.83787346 1.76403749
v 1.88479221 25.83787155 1.76388705
v 1.52132988 25.84092140 1.98814821
v 1.52057695 25.84095001 1.99021709
v 1.55843711 25.87498283 1.98443496
v 1.55935812 25.87981224 1.99180102
v 1.56133854 25.88139725 1.99314201
v 1.49854720 25.84185600 2.05677748
v 1.49389863 25.84205437 2.07146931
v 1.49351609 25.84207535 2.07284832
v 1.57568336 25.91919708 2.04995394
v 1.47835767 25.84293175 2.13591576
v 1.47820973 25.84294319 2.13663745
v 1.58884585 25.94840050 2.09437609
v 1.59099853 25.95288849 2.10107803
v 1.59513557 25.96051788 2.11265993
v 1.59936285 25.96946335 2.12671709
v 1.60513675 25.98132896 2.14520502
v 1.60998356 25.98962784 2.15811610
v 1.61819804 26.00511742 2.18274999
v 1.46655905 25.84381676 2.20090532
v 1.46622360 25.84384537 2.20299459
v 1.46557045 25.84391212 2.20792723
v 1.46553600 25.84519768 2.20933890
v 1.46447980 25.84513092 2.21689296
v 1.46450520 25.84401703 2.21570659
v 1.46118116 25.84443474 2.24632311
v 1.46103585 25.85016251 2.25255799
v 1.45858049 25.84475327 2.26981997
v 1.45833504 25.85372925 2.27974796
v 1.45746112 25.84490585 2.28103757
v 1.45720088 25.85413170 2.29132009
v 1.63016188 26.02478409 2.21423602
v 1.63042641 26.02621078 2.21655893
v 1.64111960 26.04098892 2.24046803
v 1.65199637 26.05527115 2.26382303
v 1.65373027 26.05681419 2.26623702
v 1.65859938 26.06287384 2.27624393
v 1.66464245 26.06926918 2.28677392
v 1.66600168 26.07055473 2.28884602
v 1.66999793 26.07433891 2.29506111
v 1.45506239 25.84526634 2.30742359
v 1.45501983 25.84527206 2.30787444
v 1.45471394 25.85686302 2.32058191
v 1.45267773 25.84566307 2.33668756
v 1.45285976 25.84564018 2.33500051
v 1.45236790 25.85667992 2.34899807
v 1.45251715 25.85787964 2.34866309
v 1.45155883 25.84589386 2.35352349
v 1.45099723 25.84601402 2.36251187
v 1.45068192 25.84608459 2.36762452
v 1.45123553 25.85765266 2.36658406
v 1.45068681 25.85714149 2.37494206
v 1.45006502 25.84623718 2.37886739
v 1.45004499 25.84624290 2.37924004
v 1.45037782 25.85689354 2.37974000
v 1.44959509 25.84636497 2.38832927
v 1.44978738 25.85594749 2.38983107
v 1.44928825 25.84645844 2.39520669
v 1.44912100 25.84651375 2.39920735
v 1.44936812 25.85481644 2.39760590
v 1.44891882 25.84658813 2.40464687
v 1.44909000 25.85377884 2.40327692
v 1.67384207 26.07765579 2.30049992
v 1.67620897 26.07959366 2.30369711
v 1.67741907 26.08054733 2.30524993
v 1.67949378 26.08203697 2.30766392
v 1.68128622 26.08346939 2.30999804
v 1.68331301 26.08473206 2.31206298
v 1.68520665 26.08590126 2.31396103
v 1.68605030 26.08615494 2.31447601
v 1.68693924 26.08696175 2.31568193
v 1.68782651 26.08745766 2.31645703
v 1.69042099 26.08884621 2.31869411
v 1.69203150 26.08965302 2.31997895
v 1.69268727 26.08994293 2.32040811
v 1.69509840 26.09098434 2.32203794
v 1.69734883 26.09186554 2.32340503
v 1.69856572 26.09215736 2.32391191
v 1.69959641 26.09261322 2.32450891
v 1.70311058 26.09355354 2.32585812
v 1.70401454 26.09374237 2.32610893
v 1.70484841 26.09392548 2.32635999
v 1.70646799 26.09419441 2.32668591
v 1.70871794 26.09449196 2.32700109
v 1.71029186 26.09465981 2.32715607
v 1.44894385 25.85302734 2.40640807
v 1.44876373 25.84664726 2.40910006
v 1.44877243 25.85194016 2.41058397
v 1.44869661 25.84667587 2.41118741
v 1.44859338 25.85042763 2.41536593
v 1.44864631 25.85092354 2.41385603
v 1.44863665 25.84670258 2.41311193
v 1.44847953 25.84893608 2.41904712
v 1.44854879 25.84989166 2.41666889
v 1.44853985 25.84675026 2.41660333
v 1.44845891 25.84679413 2.41976476
v 1.44842410 25.84805298 2.42117500
v 1.44838333 25.84712791 2.42297697
v 1.44839156 25.84683228 2.42264581
v 1.44837511 25.84684372 2.42346382
v 1.44833410 25.84691238 2.42844248
v 1.44831979 25.84695625 2.43169856
v 1.44830763 25.84703255 2.43728614
v 1.44830608 25.84706688 2.43988085
v 3.10278130 25.83772278 1.75295424
v 3.10142875 25.83771324 1.75225317
v 3.20129418 25.83849716 1.80989742
v 3.20205069 25.83850479 1.81037366
v 3.20252633 25.83851051 1.81077349
v 3.20282507 25.83851242 1.81101036
v 3.20066071 25.83849335 1.80951035
v 3.20338535 25.83852005 1.81148231
v 3.20443559 25.83853340 1.81247294
v 3.20392299 25.83852577 1.81197190
v 3.20492220 25.83853912 1.81298196
v 3.20581436 25.83855438 1.81401408
v 3.20538163 25.83854675 1.81349695
v 3.20621967 25.83856201 1.81453300
v 3.20662999 25.83856583 1.81484008
v 3.20704603 25.83857536 1.81556916
v 3.20714307 25.83857918 1.81586373
v 3.20773697 25.83859253 1.81685913
v 3.20788407 25.83859634 1.81714952
v 3.20802975 25.83860016 1.81743288
v 3.20863295 25.83861923 1.81878376
v 3.20877838 25.83862495 1.81917739
v 3.20901442 25.83863449 1.81992233
v 3.20866179 25.84745407 1.82872796
v 3.55331349 25.83786964 1.76360035
v 3.55331349 25.83788872 1.76509488
v 3.19850612 25.87323189 1.86330497
v 3.22865725 25.83950424 1.88388133
v 3.22944975 25.83953667 1.88629401
v 3.22972393 25.83955002 1.88732398
v 3.22811723 25.86418343 1.90995300
v 3.22891974 25.86459160 1.91281700
v 3.17261839 25.93318748 1.94897604
v 3.24390531 25.84036636 1.94723189
v 3.24351335 25.84034348 1.94555032
v 3.24461555 25.84039307 1.94929123
v 3.16864991 25.93951416 1.95790100
v 3.11707187 26.04579926 2.12690496
v 3.11361170 26.04981613 2.13322711
v 3.10317755 26.06733894 2.16312003
v 3.09488964 26.08080101 2.18590808
v 3.24269485 25.88174057 1.98982000
v 3.24344516 25.88125992 1.99142802
v 3.25555372 25.84111404 2.00226235
v 3.25538015 25.84110069 2.00119758
v 3.25511622 25.84108543 2.00006986
v 3.26458621 25.84175873 2.04968071
v 3.26471114 25.84177208 2.05069423
v 3.26447272 25.84175491 2.04937315
v 3.26674604 25.84192657 2.06204963
v 3.26888871 25.84210396 2.07499504
v 3.25404978 25.89577675 2.05884290
v 3.15678263 25.96707344 2.00100088
v 3.14726758 25.98905754 2.03534698
v 3.14620161 25.99069214 2.03756189
v 3.27176809 25.84233665 2.09211183
v 3.27380848 25.84251022 2.10490894
v 3.27733111 25.84282684 2.12820768
v 3.27780890 25.84286880 2.13129449
v 3.26316810 25.90711784 2.11959505
v 3.26527572 25.90901184 2.13340998
v 3.26748037 25.91207123 2.15016699
v 3.27046371 25.91592216 2.17220402
v 3.28221273 25.84329987 2.16283083
v 3.12957764 26.02157211 2.08747196
v 3.09023285 26.08642769 2.19549394
v 3.08034158 26.10030937 2.21971893
v 3.06931782 26.11325455 2.24264002
v 3.06810284 26.11339951 2.24290204
v 3.06144404 26.12128067 2.25702691
v 3.05740428 26.12491035 2.26362205
v 3.05512691 26.12699699 2.26740289
v 3.04559207 26.13444328 2.28116608
v 3.04221320 26.13670731 2.28541303
v 3.04017687 26.13793182 2.28771591
v 3.03506899 26.14071465 2.29304194
v 3.03740215 26.13951111 2.29073310
v 3.03101087 26.14254761 2.29660606
v 3.03290415 26.14173126 2.29500103
v 3.03396010 26.14126968 2.29411101
v 3.04995346 26.13125801 2.27524900
v 2.58560681 26.12965965 2.31258512
v 2.92279077 26.14314079 2.30697203
v 3.02034807 26.14581680 2.30325389
v 3.02514863 26.14465714 2.30081391
v 3.02255297 26.14535332 2.30225611
v 3.02766085 26.14385796 2.29919910
v 3.02928901 26.14327240 2.29803610
v 3.01090312 26.14666176 2.30550504
v 3.01176715 26.14664268 2.30540299
v 3.01269436 26.14666176 2.30539393
v 3.01348782 26.14665794 2.30529404
v 3.01513124 26.14651680 2.30491304
v 3.01696181 26.14633560 2.30444503
v 3.01842523 26.14618492 2.30407691
v 3.27260160 25.91783333 2.18768191
v 3.27628946 25.92242241 2.21719790
v 3.28569436 25.84367180 2.19024801
v 3.28610992 25.84371567 2.19353294
v 3.28907537 25.84407043 2.21947098
v 3.28947783 25.84411621 2.22289681
v 3.29064488 25.84426880 2.23428130
v 3.28091502 25.92691231 2.25522494
v 3.28089523 25.92842102 2.25805306
v 3.29193068 25.84445000 2.24749422
v 3.29220223 25.84448624 2.25027084
v 3.29256845 25.84451675 2.25253439
v 3.29251838 25.84453011 2.25351548
v 3.29327440 25.84464645 2.26188040
v 3.29393840 25.84475136 2.26965380
v 3.29450917 25.84484863 2.27672815
v 3.29481673 25.84490204 2.28069639
v 3.29535007 25.84500122 2.28796148
v 3.29567671 25.84506607 2.29276586
v 3.29558849 25.84504700 2.29143929
v 3.29580164 25.84509087 2.29463553
v 3.28460193 25.92972565 2.28722191
v 3.55331349 25.84498215 2.28652596
v 3.29600835 25.84513092 2.29758143
v 3.29611182 25.84515190 2.29911113
v 3.29639268 25.84521484 2.30368185
v 3.29656100 25.84525299 2.30649734
v 3.29662657 25.84526825 2.30753636
v 3.29684377 25.84532166 2.31153417
v 3.29703450 25.84537125 2.31525159
v 3.29712319 25.84539795 2.31714177
v 3.29720569 25.84542084 2.31879640
v 3.29743218 25.84549332 2.32419157
v 3.28775215 25.93118477 2.31612301
v 3.28819060 25.93067932 2.31916690
v 3.29759860 25.84551239 2.32563138
v 3.29753685 25.84552765 2.32670975
v 3.29762864 25.84556198 2.32920837
v 3.29758525 25.84554482 2.32800126
v 3.29770541 25.84559441 2.33154273
v 3.29779792 25.84563446 2.33469391
v 3.29785109 25.84566498 2.33683348
v 3.29827762 25.84574127 2.34248304
v 3.29829431 25.84575462 2.34343791
v 3.29839730 25.84584236 2.34983587
v 3.28943229 25.93121910 2.33175111
v 3.29081368 25.93083382 2.34521699
v 3.29110718 25.93061256 2.34788704
v 3.29192495 25.93000031 2.35599709
v 3.29264736 25.92915154 2.36321592
v 3.29302454 25.92883492 2.36750388
v 3.29327035 25.92822647 2.36960411
v 3.29360914 25.92749214 2.37294292
v 3.29388261 25.92709351 2.37616110
v 3.29419661 25.92618370 2.37908196
v 3.29446197 25.92536926 2.38180494
v 3.29481578 25.92421722 2.38545990
v 3.29456353 25.92482185 2.38257504
v 3.29469895 25.92463684 2.38432193
v 3.29513478 25.92295456 2.38884711
v 3.29532695 25.92211533 2.39086008
v 3.29540253 25.92174530 2.39153600
v 3.29608369 25.91749763 2.39856291
v 3.29565525 25.92036819 2.39418411
v 3.29587913 25.91898537 2.39652610
v 3.29598713 25.91809082 2.39750099
v 3.29636216 25.91499329 2.40138292
v 3.29642510 25.91430283 2.40197706
v 3.29648113 25.91369057 2.40256691
v 3.29679179 25.90917778 2.40557098
v 3.29682612 25.90847397 2.40585995
v 3.29671335 25.91050911 2.40480399
v 3.29658437 25.91237450 2.40356207
v 1.24668825 25.85504341 3.02634573
v 1.24668825 26.76750755 3.02634573
v 1.44827509 25.85504341 3.02634573
v 1.44726729 26.12182999 3.02634573
v 1.44725382 26.12090111 3.02634573
v 1.44725084 26.12040138 3.02634573
v 1.44725013 26.11953735 3.02634573
v 1.44725120 26.11913109 3.02634573
v 1.44750452 26.13266373 3.02634573
v 1.44749033 26.13228035 3.02634573
v 1.44746840 26.13158798 3.02634573
v 1.44745088 26.13095474 3.02634573
v 1.44743800 26.13035774 3.02634573
v 1.44827998 26.14558601 3.02634573
v 1.44819200 26.14438629 3.02634573
v 1.44761562 26.13490105 3.02634573
v 1.44756138 26.13390541 3.02634573
v 1.44752133 26.13306236 3.02634573
v 1.44814539 26.14365768 3.02634573
v 1.44841111 26.14711380 3.02634573
v 1.44974983 26.15991211 3.02634573
v 1.44958305 26.15854645 3.02634573
v 1.44948781 26.15776443 3.02634573
v 1.44930339 26.15596008 3.02634573
v 1.45140254 26.17148209 3.02634573
v 1.45101571 26.16884995 3.02634573
v 1.45203626 26.17501068 3.02634573
v 1.45369279 26.18408394 3.02634573
v 1.45675123 26.19767189 3.02634573
v 1.45644045 26.19629097 3.02634573
v 1.45573211 26.19315147 3.02634573
v 1.45992935 26.20927811 3.02634573
v 1.45920038 26.20679855 3.02634573
v 1.46106696 26.21314621 3.02634573
v 1.46080506 26.21225166 3.02634573
v 1.46394026 26.22235489 3.02634573
v 1.46721113 26.23151398 3.02634573
v 1.47087324 26.24055672 3.02634573
v 1.47392428 26.24819565 3.02634573
v 1.47801006 26.25721550 3.02634573
v 1.48252940 26.26618195 3.02634573
v 1.48584783 26.27243614 3.02634573
v 1.49074221 26.28120041 3.02634573
v 1.50272119 26.29969597 3.02634573
v 1.49601579 26.28978729 3.02634573
v 1.50174546 26.29829979 3.02634573
v 1.50705040 26.30561829 3.02634573
v 1.51309240 26.31381035 3.02634573
v 1.51949620 26.32175827 3.02634573
v 1.53023231 26.33362961 3.02634573
v 1.52958345 26.33321190 3.02634573
v 1.52639043 26.32960320 3.02634573
v 1.53735805 26.34104729 3.02634573
v 1.54478478 26.34813499 3.02634573
v 1.55548775 26.35753250 3.02634573
v 1.57710528 26.37370491 3.02634573
v 1.57453620 26.37203217 3.02634573
v 1.58577847 26.37941551 3.02634573
v 1.58535624 26.37914467 3.02634573
v 1.59505701 26.38491249 3.02634573
v 1.59588897 26.38538742 3.02634573
v 1.59426105 26.38447952 3.02634573
v 1.59705842 26.38605118 3.02634573
v 1.60566127 26.39066505 3.02634573
v 1.60663378 26.39112663 3.02634573
v 1.60834241 26.39196968 3.02634573
v 1.61957884 26.39719963 3.02634573
v 1.61705124 26.39613152 3.02634573
v 1.63075006 26.40180016 3.02634573
v 1.62838459 26.40093040 3.02634573
v 1.63966739 26.40508652 3.02634573
v 1.64205575 26.40584373 3.02634573
v 1.65248871 26.40909386 3.02634573
v 1.65102923 26.40868568 3.02634573
v 1.66289186 26.41184044 3.02634573
v 1.66319549 26.41191292 3.02634573
v 1.66155910 26.41150665 3.02634573
v 1.66409612 26.41211700 3.02634573
v 1.67406774 26.41426468 3.02634573
v 1.67460096 26.41436577 3.02634573
v 1.67534637 26.41450310 3.02634573
v 1.67575622 26.41458321 3.02634573
v 1.67622077 26.41465378 3.02634573
v 1.67320967 26.41408730 3.02634573
v 1.68579543 26.41625023 3.02634573
v 1.68618965 26.41630936 3.02634573
v 1.68698597 26.41642189 3.02634573
v 1.68735588 26.41646957 3.02634573
v 1.68536627 26.41618538 3.02634573
v 1.69724000 26.41764450 3.02634573
v 1.69775498 26.41770172 3.02634573
v 1.69907928 26.41782951 3.02634573
v 1.69669020 26.41757965 3.02634573
v 1.69947958 26.41786003 3.02634573
v 1.70971644 26.41859055 3.02634573
v 1.70935452 26.41856766 3.02634573
v 1.70883739 26.41853333 3.02634573
v 1.70846546 26.41850662 3.02634573
v 1.90783203 26.42803955 3.02634573
v 3.30929351 25.85504341 3.02634573
v 3.30831242 25.87958527 3.02634573
v 3.30741978 25.90191078 3.02634573
v 3.30729294 25.90508270 3.02634573
v 3.29563141 26.19632149 3.02634573
v 3.29567289 26.19555092 3.02634573
v 3.29569817 26.19501877 3.02634573
v 3.29559851 26.19687843 3.02634573
v 3.29479837 26.20897293 3.02634573
v 3.29486895 26.20821381 3.02634573
v 3.29490280 26.20779610 3.02634573
v 3.29502201 26.20627213 3.02634573
v 3.29493356 26.20746040 3.02634573
v 3.29504204 26.20597076 3.02634573
v 3.29471946 26.20977020 3.02634573
v 3.29351544 26.22126770 3.02634573
v 3.29358816 26.22069740 3.02634573
v 3.29372311 26.21955109 3.02634573
v 3.29378319 26.21900940 3.02634573
v 3.29343438 26.22188950 3.02634573
v 3.29167366 26.23402786 3.02634573
v 3.29185987 26.23289108 3.02634573
v 3.29178619 26.23335457 3.02634573
v 3.29196215 26.23221588 3.02634573
v 3.29214144 26.23097420 3.02634573
v 3.29204559 26.23165321 3.02634573
v 3.29146099 26.23523712 3.02634573
v 3.28945684 26.24605179 3.02634573
v 3.28954196 26.24563789 3.02634573
v 3.28978181 26.24438095 3.02634573
v 3.28906322 26.24790192 3.02634573
v 3.55331349 25.85504341 3.02634573
v 2.92092180 26.47635269 3.02634573
v 2.99109030 26.47970009 3.02634573
v 3.00928378 26.48056602 3.02634573
v 3.01053071 26.48060036 3.02634573
v 3.01015449 26.48059273 3.02634573
v 3.00981641 26.48058510 3.02634573
v 3.02201891 26.48080254 3.02634573
v 3.02012634 26.48081589 3.02634573
v 3.02097487 26.48081779 3.02634573
v 3.02150655 26.48081207 3.02634573
v 3.02052212 26.48081970 3.02634573
v 3.01982498 26.48081207 3.02634573
v 3.03186798 26.48056602 3.02634573
v 3.03222060 26.48055458 3.02634573
v 3.03153372 26.48057556 3.02634573
v 3.03407717 26.48045349 3.02634573
v 3.03260708 26.48053932 3.02634573
v 3.03304720 26.48051643 3.02634573
v 3.03351927 26.48048973 3.02634573
v 3.04557228 26.47958565 3.02634573
v 3.04470205 26.47967529 3.02634573
v 3.04402065 26.47973442 3.02634573
v 3.04360723 26.47976685 3.02634573
v 3.05657816 26.47825432 3.02634573
v 3.05612683 26.47832108 3.02634573
v 3.05508876 26.47844696 3.02634573
v 3.05737042 26.47814178 3.02634573
v 3.06842113 26.47627640 3.02634573
v 3.06687307 26.47654533 3.02634573
v 3.08002305 26.47377586 3.02634573
v 3.08943295 26.47126961 3.02634573
v 3.09219503 26.47053528 3.02634573
v 3.09133101 26.47075653 3.02634573
v 3.10494637 26.46636581 3.02634573
v 3.10310006 26.46701813 3.02634573
v 3.10155845 26.46755981 3.02634573
v 3.11487937 26.46272659 3.02634573
v 3.12406635 26.45884132 3.02634573
v 3.10554433 26.46617889 3.02634573
v 3.28030849 26.28068924 3.02634573
v 3.27934217 26.28377914 3.02634573
v 3.27029419 26.30750465 3.02634573
v 3.27117825 26.30536461 3.02634573
v 3.27488852 26.29620361 3.02634573
v 3.26450014 26.32026672 3.02634573
v 3.26498342 26.31925011 3.02634573
v 3.26566005 26.31783295 3.02634573
v 3.26405096 26.32121277 3.02634573
v 3.26980376 26.30869293 3.02634573
v 3.23923969 26.36337471 3.02634573
v 3.20646191 26.40221977 3.02634573
v 3.21380377 26.39456940 3.02634573
v 3.21692610 26.39124107 3.02634573
v 3.22401381 26.38318443 3.02634573
v 3.23061800 26.37499619 3.02634573
v 3.25261831 26.34259987 3.02634573
v 3.25947475 26.33026505 3.02634573
v 3.15584397 26.44210052 3.02634573
v 3.15952659 26.43975258 3.02634573
v 3.16013956 26.43941307 3.02634573
v 3.15763927 26.44096375 3.02634573
v 3.13815165 26.45212173 3.02634573
v 3.14710212 26.44732094 3.02634573
v 3.16877174 26.43370628 3.02634573
v 3.17714596 26.42761803 3.02634573
v 3.19080663 26.41650963 3.02634573
v 3.18933797 26.41793442 3.02634573
v 3.19878840 26.40953827 3.02634573
v 3.28651762 26.25907516 3.02634573
v 3.28404927 26.26827812 3.02634573
v 3.28698921 26.25709152 3.02634573
v 3.28318834 26.27147484 3.02634573
v 3.55331349 26.76750755 3.02634573
v 6.22831345 24.38025665 1.95576406
v 5.83261681 24.60729408 1.98056853
v 7.14991140 24.90903664 2.01353502
v 5.99792814 24.00600243 2.50331855
v 6.22831345 24.23992538 3.20742893
v 6.32387018 24.00600243 3.50000000
v 6.32222986 24.09202576 3.50000000
v 6.32343864 24.26235771 3.50000000
v 7.16745043 24.00600243 3.50000000
v 7.35006332 24.00600243 3.50000000
v 7.14978647 24.74215698 3.50000000
v 7.14978743 24.74990654 3.50000000
v 5.30658197 25.84265518 2.11556530
v 5.30656433 25.96630287 2.12907791
v 6.22831345 26.49541664 2.18685007
v 7.15006304 25.96630287 2.12907791
v 5.10656404 25.86148643 3.49999833
v 5.30671501 25.86148643 3.50000000
v 5.30669880 25.96654510 3.50000000
v 5.10656404 26.69541740 3.49999499
v 6.22831345 26.49540138 3.50000000
v 7.14863205 25.58465958 3.50000000
v 7.14861965 25.91709137 3.50000000
v 7.14992857 25.96654510 3.50000000
v 7.35006332 26.69541740 3.50000000
f 7121 7119 7123
f 7085 7125 7130
f 7129 7085 7128
f 7179 7121 7123
f 7127 7121 7179
f 7138 7121 7127
f 7120 7121 7138
f 7126 7124 7120
f 7125 7124 7126
f 7125 7083 7124
f 7123 7122 7165
f 7128 7085 7130
f 7122 7116 7164
f 7119 7122 7123
f 7121 7113 7119
f 7120 7112 7121
f 7119 7116 7122
f 7113 7111 7119
f 7116 7118 7164
f 7118 7115 7161
f 7116 7115 7118
f 7131 7132 7136
f 7147 7106 7148
f 7146 7106 7147
f 7146 7104 7106
f 7156 7105 7146
f 7135 7103 7136
f 7134 7103 7135
f 7131 7136 7103
f 7142 7132 7143
f 7132 7133 7143
f 7136 7132 7142
f 7117 3117 7160
f 7129 7128 7141
f 7133 7129 7141
f 7128 7130 7141
f 7130 7125 7137
f 7126 7120 7137
f 7126 7137 7125
f 7132 7129 7133
f 7132 7097 7129
f 7131 7097 7132
f 7102 7098 7103
f 7105 7104 7146
f 7104 7100 7106
f 7106 7102 7134
f 7102 7103 7134
f 7100 7102 7106
f 7105 7093 7104
f 7101 7100 7104
f 7093 7101 7104
f 7103 7099 7131
f 7103 7098 7099
f 3106 7107 7067
f 7100 7098 7102
f 7100 7091 7098
f 7101 7091 7100
f 7098 7086 7099
f 7131 7096 7097
f 7099 7096 7131
f 7097 7095 7129
f 7084 7129 7095
f 7084 7085 7129
f 7124 7108 7112
f 7115 7117 7161
f 3117 7117 7115
f 7111 7116 7119
f 7111 7109 7116
f 7116 7114 7115
f 7109 7114 7116
f 7114 3108 7115
f 7113 7121 7112
f 7124 7112 7120
f 7112 7108 7113
f 7148 7106 7134
f 7124 7068 7108
f 7113 7110 7111
f 7110 7109 7111
f 7110 7113 7108
f 7110 7107 7109
f 3108 7114 7109
f 7108 7107 7110
f 7107 3106 7109
f 7108 7067 7107
f 7164 7166 7168
f 7173 7170 7174
f 7175 7172 7177
f 7172 7173 7177
f 7173 7171 7170
f 7172 7162 7173
f 7162 7171 7173
f 7169 7168 7182
f 7165 7169 7182
f 7169 7164 7168
f 7168 7166 7167
f 7174 7170 7199
f 7166 7161 7167
f 7165 7122 7169
f 7122 7164 7169
f 7164 7161 7166
f 7167 7163 7172
f 7167 7161 7163
f 7163 7160 7172
f 7160 7162 7172
f 7161 7160 7163
f 7185 7176 7178
f 7183 7187 7182
f 7183 7168 7185
f 7182 7168 7183
f 7181 7180 7184
f 7181 7179 7180
f 7180 7182 7184
f 7180 7165 7182
f 7127 7179 7181
f 7180 7123 7165
f 7179 7123 7180
f 7164 7118 7161
f 7178 7177 7203
f 7178 7175 7177
f 7168 7176 7185
f 7176 7167 7178
f 7168 7167 7176
f 7167 7175 7178
f 7172 7175 7167
f 7177 7173 7202
f 7173 7174 7202
f 7139 7137 7189
f 7149 7143 7144
f 7144 7140 7145
f 7145 7139 7191
f 7140 7139 7145
f 7143 7149 7142
f 7141 7140 7144
f 7143 7133 7144
f 7141 7144 7133
f 7189 7138 7190
f 7138 7127 7190
f 7149 7144 7233
f 7137 7138 7189
f 7140 7130 7139
f 7130 7137 7139
f 7141 7130 7140
f 7137 7120 7138
f 7148 7135 7150
f 7135 7151 7150
f 7135 7136 7151
f 7148 7134 7135
f 7155 7148 7150
f 7161 7117 7160
f 7159 7152 7274
f 7159 7157 7158
f 7158 7152 7159
f 7157 7146 7158
f 7157 7156 7146
f 7154 7155 7238
f 7152 7154 7274
f 7155 7151 7235
f 7151 7153 7235
f 7099 7094 7096
f 7152 7148 7154
f 7148 7155 7154
f 7150 7151 7155
f 7152 7147 7148
f 7152 7146 7147
f 7146 7152 7158
f 7153 7142 7149
f 7151 7142 7153
f 7151 7136 7142
f 7047 7036 7043
f 7471 7042 7470
f 7030 7470 7042
f 7045 7039 7467
f 7044 7039 7045
f 7466 7041 7471
f 7467 7041 7466
f 7467 7040 7041
f 7041 7042 7471
f 7039 7040 7467
f 7043 7038 7044
f 6023 7049 7048
f 7038 7039 7044
f 7046 7036 7047
f 7041 7005 7042
f 7043 7037 7038
f 6947 7036 7046
f 7036 7037 7043
f 7040 7020 7041
f 7039 7018 7040
f 7037 7017 7038
f 6138 7156 7157
f 3045 7051 7050
f 6519 7395 7406
f 7391 7395 6519
f 6327 7288 7391
f 6326 7286 7288
f 7282 7286 6326
f 7279 7282 6326
f 6320 7275 7279
f 7159 7275 6320
f 6149 7157 7159
f 7036 7016 7037
f 7105 7156 6138
f 6137 7093 7105
f 6126 7089 7093
f 6051 7064 7089
f 7061 7064 6051
f 6047 7052 7061
f 7052 2799 7050
f 7049 6023 7990
f 7990 102 7924
f 7007 7022 7021
f 7006 7013 7032
f 7013 7025 7032
f 7028 6664 7029
f 7027 7011 7028
f 7023 7011 7027
f 7022 7009 7023
f 7028 7012 6664
f 7012 7028 7011
f 7023 7010 7011
f 7026 7007 7021
f 7025 7024 7031
f 7005 7030 7042
f 7041 7004 7005
f 7005 7006 7030
f 7020 7004 7041
f 7018 7020 7040
f 7016 7017 7037
f 6934 7019 7036
f 7019 7016 7036
f 7017 7018 7038
f 6669 7454 7029
f 7038 7018 7039
f 7035 7021 7457
f 7458 7031 7034
f 7032 7031 7458
f 7030 7032 7470
f 7033 7026 7035
f 7034 7024 7033
f 7031 7024 7034
f 7452 7027 7453
f 7457 7023 7452
f 3041 7053 7051
f 7028 7029 7456
f 7027 7028 7453
f 7023 7027 7452
f 7457 7022 7023
f 7021 7022 7457
f 7032 7025 7031
f 7030 7006 7032
f 7026 7021 7035
f 7024 7026 7033
f 7086 7077 7094
f 7094 7077 7095
f 7081 7082 7084
f 7081 7079 7082
f 7081 7074 7079
f 7079 7065 7080
f 7072 7065 7079
f 7090 7075 7086
f 7088 7075 7090
f 7088 7063 7075
f 7077 7078 7095
f 7095 7078 7081
f 7086 7076 7077
f 7077 7073 7078
f 7073 7081 7078
f 7073 7074 7081
f 7076 7086 7075
f 7076 7058 7077
f 7070 7077 7058
f 7070 7073 7077
f 7075 7058 7076
f 7089 7064 7092
f 7094 7097 7096
f 7094 7095 7097
f 7086 7094 7099
f 7092 7091 7101
f 7093 7089 7101
f 7089 7092 7101
f 7090 7086 7098
f 7092 7088 7091
f 7088 7098 7091
f 7088 7090 7098
f 7079 7071 7072
f 7064 7087 7092
f 7087 7088 7092
f 7125 7082 7083
f 7085 7082 7125
f 7084 7082 7085
f 7083 7080 7124
f 7082 7079 7083
f 7080 7083 7079
f 7095 7081 7084
f 7052 7051 7059
f 7064 7061 7062
f 7063 7060 7075
f 7062 7060 7063
f 7061 7059 7062
f 7060 7062 7059
f 7061 7052 7059
f 7075 7057 7058
f 7060 7057 7075
f 7060 7051 7053
f 7059 7051 7060
f 7062 7088 7087
f 7058 7055 7056
f 7058 7054 7055
f 7057 7054 7058
f 3056 7056 7055
f 7057 7053 7054
f 7053 7057 7060
f 7054 3055 7055
f 3055 7054 7053
f 7052 7050 7051
f 3059 7071 7069
f 7074 7071 7079
f 7073 7071 7074
f 7072 3088 7065
f 3088 7072 7071
f 7058 7056 7070
f 7056 7073 7070
f 7073 7069 7071
f 7069 7073 7056
f 3059 7069 7056
f 7184 7182 7186
f 7080 7068 7124
f 7068 7066 7108
f 7065 7068 7080
f 7108 7066 7067
f 7065 7066 7068
f 3085 7067 7066
f 3076 7066 7065
f 7088 7062 7063
f 7064 7062 7087
f 7294 7296 7299
f 7302 7295 7307
f 7301 7295 7302
f 7304 7300 7303
f 7300 7301 7303
f 7301 7213 7295
f 7300 7223 7301
f 7310 7297 7299
f 7296 7293 7298
f 7297 7294 7299
f 7295 7294 7297
f 7307 7295 7297
f 7294 7291 7296
f 7295 7212 7294
f 7294 7208 7290
f 7291 7293 7296
f 7290 7291 7294
f 7291 7289 7293
f 7289 7292 7293
f 7290 7289 7291
f 7289 3171 7292
f 7306 7304 7312
f 7309 7311 7319
f 7311 7307 7317
f 7309 7307 7311
f 7307 7310 7317
f 7307 7297 7310
f 7309 7302 7307
f 7313 7305 7314
f 7305 7306 7314
f 7326 7305 7313
f 7304 7303 7312
f 7289 3169 3171
f 7303 7308 7312
f 7325 7229 7326
f 7229 7305 7326
f 7227 7306 7305
f 7229 7227 7305
f 7227 7304 7306
f 7308 7301 7309
f 7301 7302 7309
f 7303 7301 7308
f 7268 7258 7270
f 7274 7276 7159
f 7343 7269 7344
f 7269 7268 7344
f 7273 7269 7343
f 7268 7270 7344
f 7271 7273 7285
f 7272 7269 7273
f 7271 7272 7273
f 7335 7267 7336
f 7270 7258 7335
f 7274 7238 7276
f 7258 7267 7335
f 7267 7265 7336
f 7336 7265 7266
f 7266 7261 7331
f 7266 7254 7261
f 7265 7254 7266
f 7267 7254 7265
f 7261 7262 7331
f 7262 7264 7333
f 7282 7278 7283
f 7288 7286 7391
f 7287 7283 7386
f 7386 7284 7285
f 7286 7282 7287
f 7282 7283 7287
f 7283 7284 7386
f 7284 7281 7285
f 7283 7280 7284
f 7281 7271 7285
f 7280 7281 7284
f 7308 7309 7315
f 7278 7280 7283
f 7282 7279 7278
f 7280 7277 7281
f 7278 7277 7280
f 7278 7276 7277
f 7279 7275 7278
f 7275 7276 7278
f 7276 7238 7277
f 7275 7159 7276
f 7341 7333 7342
f 7346 7270 7335
f 7344 7270 7345
f 7270 7346 7345
f 7373 7341 7342
f 7347 7341 7373
f 7347 7340 7341
f 7351 7340 7347
f 7342 7339 7364
f 7339 7338 7364
f 7351 7334 7340
f 7343 7344 7349
f 7333 7332 7342
f 7332 7339 7342
f 7337 7327 7362
f 7361 7337 7362
f 7338 7330 7361
f 7339 7330 7338
f 7330 7337 7361
f 7336 7334 7351
f 7335 7336 7346
f 7348 7351 7374
f 7363 7355 7358
f 7355 7356 7358
f 7354 7363 7327
f 7354 7355 7363
f 7355 7316 7356
f 7354 7314 7355
f 7350 7352 7398
f 7349 7350 7398
f 7353 7346 7374
f 7346 7348 7374
f 7340 7331 7341
f 7352 7345 7353
f 7350 7344 7352
f 7345 7346 7353
f 7348 7336 7351
f 7349 7344 7350
f 7273 7349 7388
f 7344 7345 7352
f 7346 7336 7348
f 7343 7349 7273
f 7315 7318 7322
f 7359 7322 7323
f 7357 7322 7359
f 7323 7321 7324
f 7356 7322 7357
f 7320 7322 7356
f 7322 7319 7323
f 7319 7321 7323
f 7356 7316 7320
f 7320 7315 7322
f 7318 7319 7322
f 7325 7326 7330
f 7319 7317 7321
f 7319 7311 7317
f 7316 7312 7320
f 7320 7312 7315
f 7318 7309 7319
f 7315 7309 7318
f 7314 7312 7316
f 7314 7306 7312
f 7312 7308 7315
f 7330 7326 7337
f 7334 7331 7340
f 7331 7333 7341
f 7333 7328 7332
f 7336 7266 7334
f 7334 7266 7331
f 7331 7262 7333
f 7332 7329 7339
f 7329 7330 7339
f 7328 7329 7332
f 7264 7259 7328
f 7333 7264 7328
f 7328 7263 7329
f 7330 7263 7325
f 7263 7330 7329
f 7327 7314 7354
f 7314 7316 7355
f 7337 7313 7327
f 7313 7314 7327
f 7326 7313 7337
f 7208 7206 7290
f 7211 7212 7295
f 7223 7211 7213
f 7212 7208 7294
f 7211 7208 7212
f 7210 7211 7223
f 7221 7205 7223
f 7205 7210 7223
f 7209 7208 7211
f 7210 7209 7211
f 7290 7207 7289
f 7213 7211 7295
f 7206 7207 7290
f 7207 3167 7289
f 3167 3169 7289
f 7209 7206 7208
f 7209 7201 7206
f 7206 3167 7207
f 7206 3159 3167
f 7201 3159 7206
f 7216 7205 7221
f 7188 7218 7231
f 7224 7221 7300
f 7221 7223 7300
f 7225 7217 7227
f 7217 7222 7227
f 7222 7221 7224
f 7218 7226 7232
f 7226 7219 7220
f 7220 7215 7225
f 7226 7218 7219
f 7219 7187 7220
f 7216 7203 7205
f 7218 7187 7219
f 7215 7217 7225
f 7222 7216 7221
f 7217 7216 7222
f 7217 7214 7216
f 7187 7215 7220
f 7215 7214 7217
f 7187 7185 7215
f 7185 7214 7215
f 7192 7139 7189
f 7194 7181 7195
f 7234 7191 7193
f 7193 7192 7196
f 7191 7192 7193
f 7190 7181 7194
f 7192 7189 7194
f 7234 7145 7191
f 7233 7144 7234
f 7144 7145 7234
f 7189 7190 7194
f 7195 7181 7188
f 7191 7139 7192
f 7190 7127 7181
f 7188 7184 7218
f 7181 7184 7188
f 7218 7186 7187
f 7184 7186 7218
f 7186 7182 7187
f 7183 7185 7187
f 7185 7178 7214
f 7201 7209 7199
f 7210 7204 7209
f 7210 7202 7204
f 7205 7202 7210
f 7214 7178 7216
f 7178 7203 7216
f 7205 7177 7202
f 7203 7177 7205
f 7204 7199 7209
f 7202 7199 7204
f 7202 7174 7199
f 7223 7213 7301
f 7201 7200 3159
f 7200 7201 7199
f 7199 7198 7200
f 7199 7170 7198
f 7195 7188 7230
f 7197 7195 7230
f 7197 7194 7195
f 7196 7192 7197
f 7192 7194 7197
f 7281 7246 7248
f 7249 7253 7262
f 7259 7231 7260
f 7253 7230 7259
f 7250 7249 7254
f 7252 7243 7254
f 7243 7250 7254
f 7251 7243 7252
f 7249 7230 7253
f 7250 7197 7249
f 7197 7230 7249
f 7254 7249 7261
f 7277 7246 7281
f 7248 7240 7256
f 7256 7245 7255
f 7245 7247 7255
f 7256 7244 7245
f 7246 7239 7248
f 7244 7256 7240
f 7277 7239 7246
f 7239 7240 7248
f 7256 7255 7269
f 7328 7260 7263
f 7259 7260 7328
f 7262 7259 7264
f 7260 7232 7263
f 7253 7259 7262
f 7272 7256 7269
f 7268 7257 7258
f 7268 7255 7257
f 7269 7255 7268
f 7258 7252 7267
f 7247 7241 7251
f 7271 7248 7272
f 7256 7272 7248
f 7281 7248 7271
f 7257 7247 7258
f 7247 7251 7258
f 7255 7247 7257
f 7252 7254 7267
f 7251 7252 7258
f 7261 7249 7262
f 7263 7228 7325
f 7153 7149 7237
f 7235 7153 7236
f 7241 7234 7242
f 7241 7233 7234
f 7149 7233 7241
f 7232 7226 7263
f 7260 7231 7232
f 7230 7231 7259
f 7231 7218 7232
f 7230 7188 7231
f 7236 7153 7237
f 7228 7229 7325
f 7226 7228 7263
f 7229 7225 7227
f 7226 7220 7228
f 7228 7220 7229
f 7220 7225 7229
f 7227 7224 7304
f 7224 7300 7304
f 7227 7222 7224
f 7234 7193 7243
f 7245 7241 7247
f 7244 7237 7245
f 7237 7241 7245
f 7242 7243 7251
f 7243 7196 7250
f 7196 7197 7250
f 7242 7251 7241
f 7243 7193 7196
f 7242 7234 7243
f 7018 6996 7020
f 7238 7239 7277
f 7244 7236 7237
f 7240 7235 7244
f 7235 7236 7244
f 7237 7149 7241
f 7239 7155 7240
f 7238 7155 7239
f 7155 7235 7240
f 7274 7154 7238
f 6814 6790 6815
f 6823 6786 6817
f 6821 6785 6820
f 6817 6785 6821
f 6584 6840 6788
f 6819 6787 6788
f 6789 6787 6819
f 6789 6822 6783
f 6786 6785 6817
f 6784 6786 6823
f 6785 6783 6820
f 6822 6789 6819
f 6790 6816 6815
f 6816 6782 6813
f 6782 6824 6813
f 6812 6792 6814
f 6811 6792 6812
f 6770 6793 6811
f 6792 6791 6814
f 6793 6792 6811
f 6782 6781 6824
f 6777 6797 6805
f 6806 6799 6800
f 6799 6803 6800
f 6795 6798 6806
f 6801 6771 6802
f 6803 6778 6801
f 6771 6801 6778
f 6799 6806 6798
f 6778 6803 6799
f 6805 6797 6796
f 6795 6804 6796
f 6790 6794 6816
f 6797 6777 6796
f 6777 6776 6796
f 6796 6774 6795
f 6835 6802 6770
f 6824 6784 6823
f 6781 6784 6824
f 6820 6783 6822
f 6818 6788 6840
f 6819 6788 6818
f 6776 6774 6796
f 6781 6753 6784
f 6753 6786 6784
f 6781 6751 6753
f 6753 6752 6786
f 6750 6751 6781
f 6802 6771 6772
f 6798 6775 6799
f 6799 6767 6778
f 6775 6769 6799
f 6769 6767 6799
f 6779 6780 6790
f 6798 6795 6774
f 6774 6775 6798
f 6777 6762 6776
f 6762 6774 6776
f 6773 6762 6777
f 6777 6758 6773
f 6762 6761 6774
f 6772 6770 6802
f 6771 6766 6772
f 6575 6789 6756
f 6794 6782 6816
f 6791 6790 6814
f 6789 6575 6787
f 6575 6788 6787
f 6786 6755 6785
f 6785 6757 6783
f 6757 6789 6783
f 6752 6755 6786
f 6757 6756 6789
f 6755 6757 6785
f 6795 6806 6807
f 6782 6750 6781
f 6794 6754 6782
f 6763 6792 6793
f 6792 6779 6791
f 6779 6790 6791
f 6790 6780 6794
f 6763 6779 6792
f 6754 6750 6782
f 6780 6754 6794
f 6829 6859 6862
f 6837 6825 6866
f 6808 6839 6868
f 6838 6836 6869
f 6839 6838 6869
f 6836 6811 6837
f 6839 6835 6838
f 6835 6836 6838
f 6839 6802 6835
f 6835 6811 6836
f 6861 6829 6862
f 6836 6837 6871
f 6833 6827 6860
f 6829 6834 6859
f 6834 6833 6859
f 6857 6832 6858
f 6832 6861 6858
f 6857 6831 6832
f 6830 6829 6861
f 6832 6830 6861
f 6826 6831 6857
f 6828 6843 6964
f 6849 6847 6853
f 6851 6808 6870
f 6809 6810 6851
f 6810 6808 6851
f 6853 6847 6848
f 6848 6809 6855
f 6846 6886 6777
f 6846 6804 6849
f 6843 6841 6964
f 6827 6828 6970
f 6825 6826 6872
f 6841 6842 6968
f 6842 6844 6966
f 6844 6609 6845
f 6842 6609 6844
f 6841 6840 6842
f 6819 6841 6843
f 6609 6842 6840
f 6819 6818 6841
f 6818 6840 6841
f 6803 6801 6808
f 6814 6815 6825
f 6811 6812 6837
f 6812 6814 6837
f 6770 6811 6835
f 6809 6803 6810
f 6849 6807 6847
f 6807 6848 6847
f 6848 6806 6809
f 6803 6808 6810
f 6808 6802 6839
f 6815 6816 6831
f 6806 6800 6809
f 6807 6806 6848
f 6800 6803 6809
f 6805 6804 6846
f 6804 6807 6849
f 6777 6805 6846
f 6804 6795 6807
f 6805 6796 6804
f 6801 6802 6808
f 6828 6819 6843
f 6834 6817 6833
f 6831 6816 6832
f 6830 6824 6829
f 6829 6823 6834
f 6832 6824 6830
f 6824 6823 6829
f 6823 6817 6834
f 6816 6813 6832
f 6813 6824 6832
f 6772 6766 6770
f 6827 6822 6828
f 6833 6821 6827
f 6822 6819 6828
f 6827 6820 6822
f 6821 6820 6827
f 6817 6821 6833
f 6825 6815 6826
f 6815 6831 6826
f 6837 6814 6825
f 6701 6700 6716
f 6714 6711 6728
f 6725 6710 6726
f 6726 6709 6713
f 6713 6702 6712
f 6711 6725 6727
f 6711 6710 6725
f 6709 6703 6713
f 6713 6703 6702
f 6716 6712 6701
f 6702 6701 6712
f 6707 6714 6728
f 6710 6709 6726
f 6721 6704 6708
f 6706 6705 6720
f 6719 6704 6721
f 6685 6706 6720
f 6705 6704 6719
f 6708 6696 6707
f 6708 6698 6696
f 6704 6698 6708
f 6721 6708 6723
f 6725 6726 6739
f 6726 6713 6743
f 6732 6720 6731
f 6731 6721 6724
f 6721 6723 6724
f 6722 6720 6730
f 6720 6719 6731
f 6723 6708 6729
f 6731 6719 6721
f 6708 6707 6729
f 6705 6678 6704
f 6722 6685 6720
f 6720 6705 6719
f 6541 6748 6718
f 6715 6718 6746
f 6715 6531 6718
f 6717 6531 6715
f 6700 6717 6716
f 6531 6717 6700
f 6728 6711 6727
f 6688 6690 6691
f 6692 6696 6698
f 6696 6506 6695
f 6695 6507 6693
f 6693 6504 6694
f 6692 6506 6696
f 6506 6505 6695
f 6758 6690 6734
f 6758 6691 6690
f 6690 6689 6734
f 6688 6691 6758
f 6696 6695 6707
f 6690 6686 6689
f 6686 6722 6689
f 6687 6686 6690
f 6688 6687 6690
f 6686 6685 6722
f 6683 6686 6687
f 6688 6683 6687
f 6684 6683 6688
f 6683 6681 6686
f 6387 6531 6700
f 6706 6678 6705
f 6714 6695 6711
f 6707 6695 6714
f 6703 6510 6702
f 6710 6699 6709
f 6711 6693 6710
f 6709 6508 6703
f 6693 6694 6710
f 6694 6699 6710
f 6701 6387 6700
f 6743 6738 6726
f 6510 6701 6702
f 6509 6387 6701
f 6510 6509 6701
f 6699 6508 6709
f 6510 6703 6508
f 6704 6692 6698
f 6697 6692 6704
f 6678 6697 6704
f 6695 6693 6711
f 6780 6738 6743
f 6762 6733 6761
f 6758 6734 6762
f 6762 6734 6733
f 6761 6730 6760
f 6777 6688 6758
f 6757 6560 6756
f 6755 6747 6757
f 6560 6757 6747
f 6739 6780 6779
f 6780 6743 6754
f 6760 6730 6759
f 6738 6780 6739
f 6754 6744 6750
f 6744 6751 6750
f 6753 6746 6752
f 6751 6745 6753
f 6745 6749 6753
f 6749 6746 6753
f 6746 6755 6752
f 6748 6755 6746
f 6767 6742 6768
f 6793 6770 6764
f 6778 6768 6771
f 6768 6766 6771
f 6767 6768 6778
f 6774 6760 6775
f 6766 6764 6770
f 6764 6765 6793
f 6765 6763 6793
f 6764 6740 6765
f 6768 6741 6766
f 6748 6747 6755
f 6741 6764 6766
f 6735 6742 6767
f 6742 6741 6768
f 6774 6761 6760
f 6775 6759 6769
f 6769 6759 6767
f 6760 6759 6775
f 6758 6762 6773
f 6759 6735 6767
f 6689 6722 6730
f 6729 6740 6736
f 6735 6731 6742
f 6732 6731 6759
f 6731 6735 6759
f 6730 6732 6759
f 6733 6730 6761
f 6734 6689 6733
f 6731 6724 6742
f 6742 6724 6723
f 6689 6730 6733
f 6741 6729 6736
f 6730 6720 6732
f 6737 6725 6739
f 6728 6737 6740
f 6739 6726 6738
f 6727 6725 6737
f 6729 6728 6740
f 6723 6729 6741
f 6728 6727 6737
f 6707 6728 6729
f 6712 6744 6713
f 6744 6745 6751
f 6743 6744 6754
f 6713 6744 6743
f 6746 6718 6748
f 6748 6541 6747
f 6749 6715 6746
f 6744 6716 6745
f 6716 6749 6745
f 6744 6712 6716
f 6846 6849 6854
f 6717 6715 6749
f 6716 6717 6749
f 6740 6763 6765
f 6779 6763 6737
f 6736 6740 6764
f 6740 6737 6763
f 6741 6736 6764
f 6737 6739 6779
f 6742 6723 6741
f 7421 6955 7422
f 7427 6963 7046
f 6961 6962 7429
f 6962 6963 7427
f 6960 6959 7425
f 6958 6960 7425
f 6959 6961 7428
f 6963 6952 7046
f 6962 6952 6963
f 7423 6958 7424
f 7422 6956 7423
f 6968 6842 6966
f 7423 6956 6957
f 6957 6958 7423
f 6955 6956 7422
f 7443 6953 7420
f 7437 6953 7443
f 7420 6954 7421
f 7421 6954 6955
f 6953 6954 7420
f 6961 6950 6962
f 6970 6975 6969
f 6977 6967 6978
f 6980 6967 6977
f 6633 6984 6971
f 6965 6968 6979
f 6968 6966 6979
f 6966 6967 6980
f 6967 6971 6978
f 6964 6972 6974
f 6964 6965 6972
f 6975 6970 6964
f 6952 6947 7046
f 6976 6860 6969
f 6969 6827 6970
f 6967 6621 6971
f 6966 6844 6967
f 6967 6845 6621
f 6844 6845 6967
f 6965 6841 6968
f 6964 6841 6965
f 6970 6828 6964
f 6949 6928 6950
f 6938 6939 7437
f 7436 6940 6938
f 6938 6937 6939
f 6939 6941 6953
f 6940 6936 6938
f 6938 6936 6937
f 6937 6941 6939
f 6940 6935 6936
f 6940 6919 6935
f 6950 6932 6951
f 7437 6939 6953
f 6948 6928 6949
f 6944 6927 6948
f 6927 6928 6948
f 6950 6931 6932
f 6928 6931 6950
f 6952 6934 6947
f 6934 7036 6947
f 6932 6952 6951
f 6952 6933 6934
f 6955 6943 6956
f 6950 6951 6962
f 6951 6952 6962
f 6960 6948 6959
f 6959 6950 6961
f 6958 6948 6960
f 6959 6949 6950
f 6948 6949 6959
f 6944 6948 6958
f 6957 6945 6958
f 6956 6945 6957
f 6978 6971 6984
f 6953 6941 6954
f 6954 6943 6955
f 6943 6946 6956
f 6946 6945 6956
f 6945 6944 6958
f 6941 6942 6954
f 6942 6943 6954
f 7436 6938 7437
f 6940 7436 7438
f 6992 6991 7009
f 7000 6999 7013
f 7007 6992 7009
f 7008 6993 7007
f 7002 6993 7008
f 7009 7001 7010
f 6656 7011 7001
f 7003 6994 7002
f 6993 6992 7007
f 6994 6993 7002
f 7009 6991 7001
f 7020 6998 7004
f 6998 6997 7005
f 6997 7000 7005
f 6998 7020 6996
f 6997 6989 7000
f 6999 6990 7003
f 7000 6990 6999
f 6903 7014 7015
f 6903 6981 7014
f 7003 6986 6994
f 7024 7002 7008
f 7017 7014 7018
f 7016 7015 7017
f 7019 7015 7016
f 7014 6995 7018
f 6995 6996 7018
f 6913 7015 7019
f 7015 7014 7017
f 7024 7008 7026
f 7013 7003 7025
f 7003 7024 7025
f 6991 6647 7001
f 7003 7002 7024
f 7013 6999 7003
f 7009 7010 7023
f 7007 7009 7022
f 7008 7007 7026
f 7010 7001 7011
f 7005 7000 7006
f 7000 7013 7006
f 7004 6998 7005
f 6983 6973 6975
f 6972 6990 6988
f 6983 6975 6987
f 6975 6989 6987
f 6974 6972 6989
f 6903 6865 6981
f 6982 6976 6983
f 6865 6982 6981
f 6865 6976 6982
f 6976 6973 6983
f 6975 6974 6989
f 6989 6972 6988
f 6990 6980 6986
f 6980 6977 6986
f 6972 6979 6990
f 6979 6980 6990
f 6975 6964 6974
f 6973 6969 6975
f 6976 6969 6973
f 6979 6966 6980
f 6972 6965 6979
f 6988 6990 7000
f 6994 6977 6993
f 6993 6984 6992
f 6984 6991 6992
f 6991 6985 6647
f 6985 6991 6984
f 6998 6989 6997
f 6996 6983 6998
f 6990 6986 7003
f 6989 6988 7000
f 6932 6933 6952
f 7014 6982 6995
f 6982 6996 6995
f 6998 6987 6989
f 6987 6998 6983
f 6982 6983 6996
f 6981 6982 7014
f 6986 6977 6994
f 6993 6978 6984
f 6978 6993 6977
f 6876 6879 6898
f 6856 6874 6892
f 6882 6863 6901
f 6881 6882 6901
f 6879 6880 6897
f 6880 6881 6897
f 6880 6857 6881
f 6857 6882 6881
f 6879 6872 6880
f 6896 6878 6876
f 6877 6878 6896
f 6883 6885 6891
f 6877 6871 6878
f 6876 6867 6879
f 6871 6876 6878
f 6873 6868 6877
f 6874 6851 6875
f 6875 6868 6873
f 6870 6868 6875
f 6851 6870 6875
f 6872 6857 6880
f 6890 6891 6917
f 6875 6894 6893
f 6892 6874 6875
f 6875 6873 6894
f 6917 6891 6918
f 6916 6890 6917
f 6891 6923 6918
f 6916 6888 6890
f 6915 6889 6916
f 6889 6888 6916
f 6891 6887 6923
f 6867 6872 6879
f 6915 6886 6889
f 6890 6883 6891
f 6886 6888 6889
f 6888 6884 6890
f 6884 6883 6890
f 6886 6884 6888
f 6891 6856 6887
f 6856 6892 6887
f 6885 6856 6891
f 6855 6850 6856
f 6860 6827 6969
f 6859 6833 6860
f 6872 6826 6857
f 6885 6855 6856
f 6856 6851 6874
f 6884 6853 6883
f 6853 6885 6883
f 6886 6854 6884
f 6884 6854 6853
f 6886 6852 6854
f 6857 6858 6882
f 6853 6855 6885
f 6850 6851 6856
f 6846 6854 6852
f 6777 6886 6915
f 6886 6846 6852
f 6850 6809 6851
f 6855 6809 6850
f 6853 6848 6855
f 6854 6849 6853
f 6903 6864 6865
f 6876 6866 6867
f 6869 6871 6877
f 6871 6866 6876
f 6868 6869 6877
f 6867 6825 6872
f 6866 6825 6867
f 6871 6837 6866
f 6870 6808 6868
f 6868 6839 6869
f 6869 6836 6871
f 6873 6877 6895
f 6863 6864 6903
f 6865 6859 6976
f 6864 6862 6865
f 6863 6862 6864
f 6882 6858 6863
f 6863 6861 6862
f 6858 6861 6863
f 6862 6859 6865
f 6859 6860 6976
f 6906 6907 6924
f 6909 6911 6932
f 6905 6910 6928
f 6926 6904 6927
f 6925 6908 6926
f 6924 6908 6925
f 6929 6906 6930
f 6906 6924 6930
f 6907 6908 6924
f 6926 6908 6904
f 6904 6905 6927
f 6910 6909 6931
f 6923 6906 6929
f 6929 6918 6923
f 6937 6920 6941
f 6936 6920 6937
f 6919 6936 6935
f 6936 6922 6920
f 6919 6922 6936
f 6915 6919 6940
f 6920 6921 6941
f 6929 6930 6943
f 6945 6925 6944
f 6924 6945 6946
f 6941 6929 6942
f 6929 6943 6942
f 6943 6924 6946
f 6925 6926 6944
f 6926 6927 6944
f 6924 6925 6945
f 6941 6921 6929
f 6930 6924 6943
f 6920 6918 6921
f 6927 6905 6928
f 6934 6912 7019
f 6932 6914 6933
f 6914 6934 6933
f 6931 6909 6932
f 6928 6910 6931
f 6932 6911 6914
f 6914 6912 6934
f 6912 6913 7019
f 6900 6863 6903
f 6906 6893 6907
f 6887 6892 6906
f 6892 6893 6906
f 6904 6896 6905
f 6896 6910 6905
f 6908 6895 6904
f 6904 6895 6896
f 6896 6898 6910
f 6894 6895 6908
f 6893 6894 6908
f 6923 6887 6906
f 6901 6863 6900
f 6902 6881 6901
f 6898 6879 6899
f 6899 6879 6897
f 6897 6881 6902
f 6892 6875 6893
f 6896 6876 6898
f 6894 6873 6895
f 6895 6877 6896
f 6900 6903 6913
f 6922 6916 6920
f 6920 6916 6917
f 6918 6929 6921
f 6919 6916 6922
f 6915 6916 6919
f 6917 6918 6920
f 6913 6903 7015
f 6912 6900 6913
f 6914 6901 6912
f 7356 7357 7360
f 6914 6902 6901
f 6901 6900 6912
f 6910 6898 6909
f 6909 6897 6911
f 6897 6914 6911
f 6899 6897 6909
f 6898 6899 6909
f 6897 6902 6914
f 6907 6893 6908
f 8621 8281 8620
f 7805 7801 8281
f 7800 7794 8281
f 7801 7800 8281
f 7799 8281 7794
f 7799 7798 8281
f 7798 7796 8281
f 7795 7797 8281
f 7796 7795 8281
f 7793 7792 8281
f 7792 7791 8281
f 7806 7805 8281
f 8622 8281 8619
f 8621 8619 8281
f 8625 8281 7791
f 8625 8620 8281
f 7797 7793 8281
f 8622 8618 8281
f 8623 8281 8618
f 8702 7885 7886
f 7885 7884 7886
f 7815 7814 8291
f 8288 8290 7814
f 7814 8285 8288
f 7814 8284 8285
f 8284 7811 8281
f 8345 7844 7843
f 8342 7843 7821
f 7821 7820 8342
f 8297 7820 7819
f 7819 7817 8297
f 7817 7815 8291
f 8702 7883 7885
f 7814 7813 8284
f 7813 7812 8284
f 7812 7807 8284
f 7811 8284 7807
f 7811 7810 8281
f 7810 7809 8281
f 7809 7804 8281
f 7804 7803 8281
f 7803 7806 8281
f 7857 7856 7858
f 7868 7865 7866
f 7868 7864 7865
f 7863 7864 7868
f 7851 7863 7871
f 7863 7862 7864
f 7863 7858 7862
f 7862 7860 7861
f 7858 7860 7862
f 7858 7859 7860
f 7863 7855 7858
f 7863 7868 7869
f 7855 7857 7858
f 7855 7856 7857
f 7851 7855 7863
f 7855 7853 7854
f 7851 7853 7855
f 7851 7852 7853
f 7848 7850 7851
f 7848 7849 7850
f 7848 7846 7847
f 7876 7871 7875
f 7883 7884 7885
f 8706 7871 7883
f 7883 7881 7882
f 7883 7879 7881
f 7881 7880 7882
f 7879 7880 7881
f 7883 7877 7879
f 7877 7878 7879
f 7871 7877 7883
f 7871 7876 7877
f 8291 7814 8290
f 7875 7873 7874
f 7871 7873 7875
f 8706 7851 7871
f 7871 7872 7873
f 7871 7869 7870
f 7869 7868 7867
f 7871 7863 7869
f 8718 7848 7851
f 7868 7866 7867
f 8356 7898 7899
f 7873 7872 8357
f 7872 7871 8357
f 7871 7870 8357
f 7870 7869 8357
f 7869 7867 8357
f 7867 7866 8357
f 7864 7862 8359
f 7865 7864 8361
f 7866 7865 8357
f 8356 7908 7895
f 7874 7873 8357
f 8356 7897 7898
f 8356 7896 7897
f 7895 7896 8356
f 8470 7887 7049
f 7907 7903 7910
f 7906 7905 7907
f 7905 7903 7907
f 7904 7903 7905
f 7902 7901 7903
f 8703 8702 8357
f 8434 7850 7849
f 8432 7849 7848
f 8431 7848 7847
f 8429 7847 7846
f 8426 7846 7845
f 8424 7845 7844
f 8702 7886 8357
f 7886 7884 8357
f 8705 8704 8357
f 8704 8703 8357
f 7901 7900 7903
f 7884 7883 8357
f 7883 7882 8357
f 7882 7880 8357
f 7879 7878 8357
f 7880 7879 8357
f 7878 7877 8357
f 7875 7874 8357
f 7877 7876 8357
f 7876 7875 8357
f 7908 7832 7836
f 7890 7895 7891
f 7891 7893 7892
f 7890 7841 7895
f 7841 7831 7903
f 7908 7834 7835
f 7833 7834 7908
f 7837 7833 7908
f 7908 7836 7837
f 7831 7832 7908
f 7908 7830 7831
f 7893 7891 7895
f 7908 7829 7830
f 7828 7829 7908
f 7827 7828 7908
f 7826 7827 7908
f 7824 7825 7908
f 7908 7825 7826
f 8087 7824 7908
f 8297 7817 8296
f 7817 8291 8296
f 7908 7838 7839
f 7900 7899 7903
f 7908 7894 7895
f 7908 7893 7894
f 7908 7892 7893
f 7908 7891 7892
f 7890 7891 7908
f 7908 7842 7890
f 7908 7841 7842
f 7908 7839 7840
f 7848 7844 7846
f 7908 7835 7838
f 7908 7840 7841
f 7903 7831 7913
f 7899 7895 7903
f 7897 7899 7898
f 7897 7895 7899
f 7895 7897 7896
f 7895 7841 7903
f 7893 7895 7894
f 7756 7763 7750
f 7775 7757 7764
f 7757 7760 7764
f 7763 7755 7761
f 7758 7757 7775
f 7762 7750 7763
f 7759 7750 7762
f 7757 7752 7760
f 7760 7751 7759
f 7753 7750 7759
f 7756 7755 7763
f 7760 7759 7765
f 7758 7752 7757
f 7771 7745 7758
f 7752 7751 7760
f 7751 7753 7759
f 7745 7746 7758
f 7746 7752 7758
f 7744 7745 7771
f 7751 7740 7753
f 7756 7743 7755
f 7768 7770 7769
f 7772 7775 7779
f 7774 7773 7776
f 7773 7772 7778
f 7772 7758 7775
f 7773 7770 7772
f 7771 7758 7772
f 7769 7773 7774
f 7771 7772 7770
f 7769 7770 7773
f 7770 7744 7771
f 7755 7749 7754
f 7768 7744 7770
f 7535 7782 7786
f 7782 7418 7776
f 7765 7766 7781
f 7764 7765 7780
f 7765 7759 7766
f 7764 7760 7765
f 7759 7767 7766
f 7762 7767 7759
f 7749 7728 7748
f 7744 7735 7736
f 7735 7744 7724
f 7738 7723 7737
f 7740 7733 7741
f 7739 7721 7740
f 7743 7734 7732
f 7734 7743 7733
f 7740 7722 7733
f 7737 7721 7739
f 7721 7722 7740
f 7736 7738 7745
f 7732 7708 7728
f 7734 7708 7732
f 7748 7729 7730
f 7729 7748 7728
f 7730 7710 7731
f 7729 7710 7730
f 7728 7711 7729
f 7725 7731 7710
f 7711 7710 7729
f 7751 7739 7740
f 7748 7754 7749
f 7750 7743 7756
f 7743 7742 7755
f 7740 7750 7753
f 7742 7749 7755
f 7748 7730 7747
f 7746 7737 7752
f 7737 7751 7752
f 7745 7738 7746
f 7744 7736 7745
f 7778 7772 7779
f 7739 7751 7737
f 7738 7737 7746
f 7750 7741 7743
f 7740 7741 7750
f 7742 7728 7749
f 7741 7733 7743
f 7743 7732 7742
f 7732 7728 7742
f 7724 7744 7768
f 7818 7815 7817
f 7825 7827 7826
f 7823 7825 7824
f 7823 8032 7825
f 8032 7823 7822
f 7888 7049 7887
f 7049 7888 7790
f 7848 7818 7817
f 7820 7821 7817
f 7817 7819 7820
f 7848 7808 7818
f 7827 7825 7828
f 7816 7811 7807
f 7808 7816 7818
f 7818 7813 7815
f 7813 7814 7815
f 7816 7813 7818
f 7816 7812 7813
f 7807 7812 7816
f 8583 7808 7848
f 7808 7811 7816
f 7835 7833 7831
f 7844 7845 7846
f 7848 7817 7821
f 7848 7821 7844
f 7843 7844 7821
f 4744 8024 7924
f 7831 8035 7913
f 7841 7890 7842
f 7839 7841 7840
f 7839 7835 7841
f 7835 7839 7838
f 7809 7810 7811
f 7837 7831 7833
f 7836 7831 7837
f 7835 7831 7841
f 7833 7835 7834
f 7831 7836 7832
f 7830 7828 7831
f 7829 7828 7830
f 7828 7825 7831
f 7831 7825 8035
f 7784 7778 7785
f 6915 6940 8200
f 4096 6777 6915
f 4096 6688 6777
f 6023 7048 8269
f 7788 7783 7787
f 7789 7783 7788
f 7786 7783 7789
f 7786 7782 7783
f 7784 7787 7783
f 7782 7776 7783
f 7790 7048 7049
f 7783 7778 7784
f 7779 7785 7778
f 7777 7783 7776
f 7777 7778 7783
f 7780 7765 7781
f 7779 7775 7780
f 7777 7773 7778
f 7776 7773 7777
f 7775 7764 7780
f 7808 7797 7800
f 7808 7809 7811
f 7808 7804 7809
f 7808 7802 7803
f 7802 7806 7803
f 7802 7805 7806
f 7808 7800 7802
f 7808 7803 7804
f 7800 7801 7802
f 7802 7801 7805
f 8437 7851 7850
f 7797 7794 7800
f 7797 7799 7794
f 8559 7797 7808
f 7797 7798 7799
f 7795 7798 7797
f 7798 7795 7796
f 7793 7791 7792
f 7791 7793 8625
f 7793 8621 8625
f 7705 7699 8168
f 7755 7754 8179
f 7754 7748 8176
f 7748 7747 8174
f 7747 7730 8173
f 7730 7731 8173
f 7731 7725 8172
f 7726 7727 8170
f 7725 7726 8172
f 7727 7707 8169
f 7707 7705 8169
f 7761 7755 8179
f 7699 7700 8168
f 7700 7679 8167
f 7679 7680 8166
f 7680 7643 8164
f 7643 7603 8164
f 7603 7601 8163
f 7601 7602 8163
f 7602 7597 8162
f 7597 7592 8159
f 8206 7446 7447
f 8216 7431 7432
f 8217 7432 7433
f 8218 7433 7434
f 7450 7449 8210
f 8210 7448 7450
f 8212 7449 7451
f 8207 7447 7448
f 8205 7445 7446
f 8204 7442 7444
f 8205 7444 7445
f 8159 7592 7593
f 8201 7440 7441
f 8201 7439 7440
f 7441 7442 8201
f 8200 6940 7439
f 7781 7766 8185
f 7766 7767 8182
f 7767 7762 8180
f 7762 7763 8180
f 7763 7761 8180
f 8110 8102 8111
f 8068 7887 8557
f 8119 8120 8121
f 8121 8118 8119
f 8117 8118 8121
f 8121 8111 8091
f 8117 8114 8113
f 8113 8114 8116
f 8114 8115 8116
f 8091 8114 8117
f 8091 8117 8121
f 7292 3171 4093
f 8108 8104 8107
f 8109 8107 8111
f 8109 8111 8121
f 8106 8105 8121
f 8109 8121 8105
f 8112 8107 8104
f 8104 8103 8112
f 8112 8111 8107
f 8102 8101 8111
f 7359 7323 8139
f 7593 7579 8157
f 7579 7578 8154
f 7578 7570 8152
f 7570 7566 8151
f 7566 7567 8149
f 7567 7547 8148
f 7547 7539 8145
f 7539 7544 8143
f 7544 7537 8141
f 7537 7359 8138
f 8219 7434 7435
f 7323 7324 8135
f 7324 7321 8133
f 7321 7317 8132
f 7317 7310 8131
f 7310 7299 8129
f 7299 7296 8130
f 7296 7298 8126
f 7298 7293 8127
f 7293 7292 8122
f 8279 7049 8270
f 8128 7296 8126
f 8130 7296 8128
f 8127 7293 8124
f 8123 7293 8122
f 7293 8123 8124
f 7292 4093 8122
f 8451 8454 7049
f 8272 8451 7049
f 8271 8272 7049
f 8270 7049 8496
f 7298 8127 8125
f 7049 8279 8271
f 4096 6915 8200
f 8269 8165 6023
f 7786 7789 8196
f 7789 7788 8192
f 7788 7787 8192
f 7787 7784 8190
f 7784 7785 8188
f 7785 7779 8186
f 8139 7323 8137
f 7567 8148 8147
f 8148 7547 8146
f 7547 8145 8146
f 8143 7544 8142
f 8145 7539 8144
f 7539 8143 8144
f 7544 8141 8142
f 8140 7537 8138
f 8141 7537 8140
f 8138 7359 8139
f 8186 7780 7781
f 7323 8135 8137
f 8135 7324 8136
f 8136 7324 8134
f 7324 8133 8134
f 8133 7321 8132
f 8132 7317 8131
f 8131 7310 8129
f 8129 7299 8130
f 8126 7298 8125
f 8251 7531 7534
f 8264 7501 7492
f 8265 7500 7501
f 8263 7499 7500
f 8266 7498 7499
f 7495 7498 8261
f 8261 7494 7495
f 8260 7493 7494
f 8255 7497 7493
f 8257 7496 7497
f 7492 7504 8264
f 8224 7517 7516
f 8253 7530 7531
f 7534 7532 8251
f 8249 7532 7533
f 8248 7533 7535
f 8254 7529 7530
f 8254 7523 7529
f 8213 7430 7431
f 7451 7430 8212
f 8219 7435 7496
f 8238 7507 7506
f 7779 7780 8186
f 7535 7786 8198
f 8229 7520 7521
f 7524 7523 8221
f 8221 7522 7524
f 8222 7521 7522
f 8244 7512 7511
f 8228 7511 7518
f 8241 7509 7512
f 8100 8099 8101
f 8239 7505 7507
f 8239 7503 7505
f 8236 7504 7503
f 8233 7510 7509
f 8234 7508 7510
f 8235 7506 7508
f 8230 7519 7520
f 8226 7516 7519
f 8225 7518 7517
f 8035 8041 8049
f 8052 8053 8054
f 8049 8052 8057
f 8049 8051 8052
f 8049 8050 8051
f 8049 8047 8048
f 8049 8046 8047
f 8049 8043 8046
f 8049 8041 8043
f 8043 8045 8046
f 8043 8044 8045
f 8052 8054 8056
f 8041 8042 8043
f 8041 8037 8040
f 8040 8038 8039
f 8037 8038 8040
f 8035 8037 8041
f 8035 8036 8037
f 8035 8034 8033
f 8034 8032 8028
f 8032 8035 7825
f 8087 8035 8033
f 8046 8045 8087
f 8045 8044 8087
f 8044 8043 8087
f 8043 8042 8087
f 8042 8041 8087
f 8041 8040 8087
f 8040 8039 8087
f 7823 8087 7822
f 8087 8032 7822
f 8087 7823 7824
f 8032 8031 8028
f 8087 8028 8030
f 8034 8087 8033
f 8034 8029 8087
f 8029 8028 8087
f 8030 8031 8087
f 8031 8032 8087
f 8057 8052 8056
f 8056 8054 8055
f 8049 8057 8059
f 8382 7856 7855
f 8360 8359 7862
f 8359 8362 7864
f 8361 8357 7865
f 8362 8361 7864
f 8449 7888 7889
f 7913 7912 7910
f 7911 7910 7912
f 7909 7907 7910
f 7910 7903 7913
f 8386 7858 7856
f 8366 8360 7862
f 8375 7855 7854
f 8374 7854 7853
f 7860 7859 8369
f 7859 7858 8369
f 7862 7861 8367
f 7861 7860 8367
f 8449 7790 7888
f 8440 7853 7852
f 8438 7852 7851
f 7920 7919 7917
f 8031 8030 8028
f 8032 8034 8035
f 8028 8029 8034
f 8038 8087 8039
f 8037 8087 8038
f 8036 8087 8037
f 8035 8087 8036
f 8496 7049 7923
f 7990 7923 7049
f 7921 7920 7922
f 8047 8046 8087
f 7918 7917 7919
f 7917 7916 7920
f 7916 7913 7920
f 7916 7915 7913
f 7914 7913 7915
f 8372 8369 7858
f 8369 8368 7860
f 8368 8367 7860
f 8367 8366 7862
f 8070 8069 8088
f 8083 8084 8089
f 8091 8082 8083
f 8091 8083 8089
f 8091 8075 8082
f 8082 8080 8081
f 8082 8079 8080
f 8074 8073 8088
f 8073 8072 8088
f 8072 8071 8088
f 8071 8070 8088
f 8086 8084 8085
f 8069 8067 8088
f 8067 8066 8088
f 8066 8065 8088
f 8065 8064 8088
f 8064 8063 8088
f 8063 8062 8088
f 8075 8079 8082
f 8079 8077 8078
f 8075 8077 8079
f 7913 8091 7920
f 8099 8098 8096
f 8101 7920 8111
f 8097 8096 8098
f 7920 8101 8099
f 8095 8094 8096
f 8099 8096 7920
f 8096 8094 7922
f 8093 7922 8094
f 7922 7920 8096
f 7920 8091 8111
f 8075 8076 8077
f 8091 8092 8114
f 8091 8089 8090
f 8557 7923 8068
f 8500 8074 8088
f 8500 8078 8077
f 8077 8076 8500
f 8076 8075 8500
f 8075 8074 8500
f 8089 8084 8086
f 8062 8063 8064
f 8087 8088 8049
f 9746 8026 8024
f 9551 8068 7923
f 9551 7887 8068
f 9669 7990 8026
f 7923 7990 9551
f 8069 8066 8067
f 8069 8062 8066
f 8066 8064 8065
f 8062 8064 8066
f 7913 8035 8091
f 8075 8049 8069
f 8062 8060 8061
f 8062 8059 8060
f 8049 8062 8069
f 8059 8057 8058
f 8035 8049 8075
f 8049 8059 8062
f 8048 8087 8049
f 8047 8087 8048
f 8059 8058 8088
f 8075 8073 8074
f 8075 8072 8073
f 8075 8069 8072
f 8071 8072 8069
f 8069 8070 8071
f 8035 8075 8091
f 8062 8061 8088
f 8061 8060 8088
f 8060 8059 8088
f 7726 7707 7727
f 8058 8057 8088
f 8057 8056 8088
f 8056 8055 8088
f 8055 8054 8088
f 8054 8053 8088
f 8053 8052 8088
f 8052 8051 8088
f 8051 8050 8088
f 8050 8049 8088
f 7044 7473 7477
f 7474 7466 7475
f 7475 7471 7480
f 7471 7470 7480
f 7468 7043 7476
f 7476 7044 7477
f 7046 7468 7469
f 7468 7047 7043
f 7046 7047 7468
f 7473 7467 7474
f 7467 7466 7474
f 7473 7474 7500
f 7466 7471 7475
f 7473 7045 7467
f 7044 7045 7473
f 7043 7044 7476
f 7464 7463 7486
f 7459 7464 7485
f 7487 7462 7465
f 7463 7462 7487
f 7484 7459 7485
f 7477 7473 7499
f 7482 7481 7488
f 7483 7482 7488
f 7461 7483 7489
f 7481 7460 7513
f 7502 7458 7484
f 7478 7458 7502
f 7480 7470 7479
f 7470 7478 7479
f 7470 7472 7478
f 7472 7458 7478
f 7462 7457 7465
f 7493 7468 7494
f 7494 7476 7495
f 7495 7477 7498
f 7497 7468 7493
f 7496 7468 7497
f 7476 7494 7468
f 7476 7477 7495
f 7469 7468 7496
f 7474 7475 7492
f 7420 7421 7446
f 7454 6669 7460
f 7456 7029 7455
f 7029 7454 7455
f 7453 7028 7456
f 7448 7423 7450
f 7421 7448 7447
f 7446 7421 7447
f 7444 7443 7445
f 7445 7420 7446
f 7443 7420 7445
f 7457 7452 7465
f 7444 7437 7443
f 7439 7436 7440
f 7436 7441 7440
f 7442 7437 7444
f 7441 7437 7442
f 7436 7437 7441
f 7439 7438 7436
f 6940 7438 7439
f 7435 7427 7496
f 7464 7035 7463
f 7458 7459 7484
f 7483 7455 7482
f 7455 7481 7482
f 7460 7415 7513
f 7481 7454 7460
f 7461 7453 7483
f 7456 7483 7453
f 7456 7455 7483
f 7465 7452 7461
f 7455 7454 7481
f 7465 7461 7489
f 7463 7457 7462
f 7459 7034 7464
f 7035 7457 7463
f 7464 7033 7035
f 7458 7034 7459
f 7470 7032 7472
f 7032 7458 7472
f 7034 7033 7464
f 7452 7453 7461
f 7526 7418 7528
f 7532 7526 7533
f 7534 7526 7532
f 7526 7535 7533
f 7526 7528 7535
f 7530 7515 7531
f 7529 7515 7530
f 7527 7525 7531
f 7525 7526 7534
f 7527 7531 7515
f 7488 7515 7529
f 7531 7525 7534
f 7524 7488 7523
f 7488 7529 7523
f 7522 7491 7524
f 7521 7491 7522
f 7491 7488 7524
f 7520 7489 7521
f 7525 7514 7526
f 7527 7514 7525
f 7515 7513 7527
f 7542 7371 7540
f 7542 7543 7548
f 7545 7539 7547
f 7557 7542 7546
f 7541 7542 7557
f 7545 7538 7539
f 7543 7540 7545
f 7540 7538 7545
f 7557 7372 7541
f 7372 7557 7550
f 7542 7540 7543
f 7514 7419 7526
f 7371 7542 7541
f 7360 7539 7538
f 7360 7538 7540
f 7539 7537 7544
f 7539 7536 7537
f 7360 7536 7539
f 7535 7528 7782
f 7528 7418 7782
f 7418 7417 7776
f 7486 7487 7516
f 7474 7492 7501
f 7492 7475 7504
f 7519 7487 7520
f 7516 7487 7519
f 7511 7486 7518
f 7486 7517 7518
f 7486 7516 7517
f 7489 7491 7521
f 7490 7489 7520
f 7487 7490 7520
f 7498 7477 7499
f 7485 7486 7511
f 7488 7481 7515
f 7491 7483 7488
f 7484 7485 7512
f 7489 7483 7491
f 7490 7465 7489
f 7487 7465 7490
f 7486 7463 7487
f 7485 7464 7486
f 7504 7479 7503
f 7513 7514 7527
f 7481 7513 7515
f 7513 7415 7514
f 7509 7484 7512
f 7512 7485 7511
f 7510 7484 7509
f 7508 7502 7510
f 7505 7478 7507
f 7503 7479 7505
f 7434 7429 7435
f 7478 7506 7507
f 7478 7508 7506
f 7502 7484 7510
f 7478 7502 7508
f 7504 7475 7480
f 7480 7479 7504
f 7479 7478 7505
f 7499 7473 7500
f 7500 7474 7501
f 7384 7554 7378
f 7387 7393 7386
f 7391 7286 7390
f 7287 7386 7392
f 7286 7287 7390
f 7387 7285 7388
f 7285 7273 7388
f 7386 7285 7387
f 7554 7384 7382
f 7554 7385 7378
f 7405 7378 7385
f 7393 7387 7388
f 7377 7378 7405
f 7381 7379 7551
f 7551 7383 7376
f 7384 7374 7382
f 7383 7382 7376
f 7376 7381 7551
f 7382 7375 7376
f 7549 7380 7370
f 7380 7379 7367
f 7397 7349 7398
f 7400 7393 7401
f 7401 7394 7402
f 7403 7397 7398
f 7394 7397 7403
f 7406 7395 7396
f 7395 7391 7396
f 7399 7392 7400
f 7396 7389 7399
f 7392 7393 7400
f 7393 7394 7401
f 7380 7369 7370
f 7394 7349 7397
f 7389 7392 7399
f 7390 7389 7396
f 7393 7388 7394
f 7388 7349 7394
f 7391 7390 7396
f 7389 7287 7392
f 7390 7287 7389
f 7392 7386 7393
f 7361 7362 7366
f 7368 7362 7371
f 7540 7358 7360
f 7363 7358 7540
f 7369 7364 7370
f 7367 7342 7369
f 7364 7365 7370
f 7365 7366 7370
f 7366 7362 7368
f 7342 7364 7369
f 7373 7342 7367
f 7366 7368 7541
f 7338 7366 7365
f 7364 7338 7365
f 7361 7366 7338
f 7362 7363 7371
f 7362 7327 7363
f 7537 7357 7359
f 7537 7536 7357
f 7536 7360 7357
f 7358 7356 7360
f 7375 7351 7376
f 7369 7380 7367
f 7381 7373 7379
f 7398 7377 7405
f 7398 7352 7377
f 7378 7374 7384
f 7377 7353 7378
f 7375 7382 7374
f 7376 7373 7381
f 7353 7374 7378
f 7377 7352 7353
f 7394 7403 7402
f 7376 7347 7373
f 7374 7351 7375
f 7351 7347 7376
f 7373 7367 7379
f 7370 7372 7549
f 7541 7372 7366
f 7368 7371 7541
f 7540 7371 7363
f 7370 7366 7372
f 7416 7417 7418
f 7422 7423 7448
f 7417 7414 7769
f 6668 7769 7414
f 6660 7724 6668
f 6653 7724 6660
f 6644 7695 6653
f 6625 7668 6644
f 7419 7418 7526
f 7419 7416 7418
f 7514 7416 7419
f 7421 7422 7448
f 7415 7416 7514
f 7415 7413 7416
f 7416 7414 7417
f 7460 6671 7415
f 7415 6670 7413
f 7413 7414 7416
f 6670 7415 6671
f 6671 7460 6669
f 7668 6625 6624
f 7424 7425 7430
f 7432 7428 7433
f 7433 7429 7434
f 7427 7435 7429
f 7469 7496 7427
f 7431 7428 7432
f 7430 7425 7431
f 7424 7430 7451
f 7423 7449 7450
f 7449 7424 7451
f 7428 7429 7433
f 7663 6624 6605
f 7425 7426 7431
f 7426 7428 7431
f 7428 6961 7429
f 7427 7046 7469
f 7429 6962 7427
f 7425 6959 7426
f 6959 7428 7426
f 7424 6958 7425
f 7423 7424 7449
f 7411 7400 7408
f 7411 7408 7606
f 7411 7606 7410
f 7605 7412 7406
f 7406 7407 7605
f 7407 7410 7604
f 7588 7409 7403
f 7589 7404 7405
f 7403 7404 7588
f 7409 7408 7401
f 7409 7402 7403
f 7605 7407 7604
f 7402 7409 7401
f 7404 7398 7405
f 7410 7400 7411
f 7407 7396 7410
f 7406 7396 7407
f 7399 7410 7396
f 7400 7401 7408
f 7399 7400 7410
f 7403 7398 7404
f 7724 6653 7717
f 7635 6605 6591
f 6591 6586 7635
f 6586 6556 7412
f 6556 6548 7412
f 6548 6519 7406
f 7776 7417 7774
f 7417 7769 7774
f 7769 6668 7768
f 6668 7724 7768
f 7546 7542 7548
f 6653 7695 7717
f 7695 6644 7668
f 7663 7668 6624
f 6605 7638 7663
f 7635 7638 6605
f 6586 7617 7635
f 7412 7617 6586
f 7406 7412 6548
f 7606 7604 7410
f 7665 7640 7666
f 7655 7656 7677
f 7689 7664 7688
f 7687 7662 7689
f 7668 7662 7687
f 7666 7667 7690
f 7665 7688 7664
f 7665 7666 7688
f 7662 7664 7689
f 7663 7662 7668
f 7664 7639 7665
f 7677 7656 7669
f 7638 7662 7663
f 7662 7639 7664
f 7639 7640 7665
f 7649 7666 7640
f 7651 7674 7673
f 7661 7651 7673
f 7658 7659 7675
f 7667 7650 7661
f 7666 7650 7667
f 7660 7676 7659
f 7672 7677 7697
f 7682 7671 7672
f 7679 7643 7680
f 7678 7669 7679
f 7692 7661 7684
f 7684 7673 7674
f 7676 7657 7683
f 7661 7673 7684
f 7667 7661 7692
f 7675 7659 7676
f 7652 7651 7661
f 7660 7657 7676
f 7674 7658 7675
f 7683 7670 7681
f 7657 7670 7683
f 7671 7682 7670
f 7669 7642 7679
f 7677 7669 7678
f 7671 7653 7672
f 7672 7655 7677
f 7598 7599 7642
f 7645 7641 7655
f 7644 7645 7653
f 7654 7629 7653
f 7648 7628 7654
f 7647 7626 7648
f 7644 7653 7629
f 7628 7629 7654
f 7642 7643 7679
f 7642 7599 7643
f 7598 7642 7669
f 7646 7647 7660
f 7641 7598 7656
f 7645 7585 7641
f 7638 7637 7662
f 7637 7639 7662
f 7639 7624 7640
f 7637 7634 7639
f 7636 7624 7639
f 7636 7639 7634
f 7638 7634 7637
f 7655 7641 7656
f 7651 7658 7674
f 7646 7660 7659
f 7670 7654 7671
f 7657 7654 7670
f 7654 7653 7671
f 7653 7655 7672
f 7656 7598 7669
f 7657 7648 7654
f 7660 7647 7657
f 7648 7657 7647
f 7677 7678 7699
f 7653 7645 7655
f 7652 7661 7650
f 7649 7650 7666
f 7658 7646 7659
f 7651 7631 7658
f 7650 7633 7652
f 7652 7631 7651
f 7658 7632 7646
f 7632 7658 7631
f 7711 7701 7710
f 7714 7715 7734
f 7712 7714 7733
f 7714 7684 7715
f 7712 7684 7714
f 7708 7709 7728
f 7709 7711 7728
f 7725 7706 7726
f 7710 7704 7725
f 7706 7707 7726
f 7709 7702 7711
f 7715 7708 7734
f 7704 7706 7725
f 7710 7703 7704
f 7701 7703 7710
f 7707 7699 7705
f 7708 7702 7709
f 7715 7686 7708
f 7702 7701 7711
f 7686 7702 7708
f 7685 7715 7684
f 7712 7733 7722
f 7735 7718 7736
f 7736 7723 7738
f 7723 7720 7737
f 7717 7735 7724
f 7717 7718 7735
f 7718 7719 7736
f 7719 7723 7736
f 7720 7721 7737
f 7733 7714 7734
f 7721 7712 7722
f 7685 7686 7715
f 7719 7693 7723
f 7718 7693 7719
f 7695 7718 7717
f 7720 7716 7721
f 7723 7716 7720
f 7713 7712 7721
f 7713 7721 7716
f 7723 7694 7716
f 7693 7694 7723
f 7685 7674 7686
f 7668 7687 7696
f 7689 7688 7693
f 7689 7693 7687
f 7691 7667 7692
f 7690 7667 7691
f 7688 7666 7690
f 7702 7683 7701
f 7681 7682 7703
f 7686 7676 7702
f 7683 7681 7701
f 7696 7687 7693
f 7684 7674 7685
f 7675 7686 7674
f 7676 7683 7702
f 7675 7676 7686
f 7681 7670 7682
f 7697 7677 7698
f 7682 7672 7697
f 7677 7699 7698
f 7678 7679 7699
f 7695 7696 7718
f 7703 7682 7704
f 7701 7681 7703
f 7706 7697 7707
f 7682 7706 7704
f 7682 7697 7706
f 7707 7698 7699
f 7698 7707 7697
f 7699 7679 7700
f 7696 7693 7718
f 7635 7634 7638
f 7716 7690 7713
f 7713 7692 7712
f 7692 7684 7712
f 7694 7688 7716
f 7693 7688 7694
f 7688 7690 7716
f 7691 7713 7690
f 7691 7692 7713
f 7668 7696 7695
f 7564 7565 7620
f 7577 7579 7592
f 7579 7570 7578
f 7577 7569 7579
f 7569 7570 7579
f 7574 7576 7585
f 7581 7574 7582
f 7620 7565 7581
f 7575 7563 7580
f 7580 7572 7573
f 7565 7574 7581
f 7573 7571 7584
f 7574 7562 7576
f 7562 7575 7576
f 7563 7572 7580
f 7562 7563 7575
f 7572 7558 7573
f 7571 7560 7577
f 7577 7568 7569
f 7573 7560 7571
f 7573 7559 7560
f 7586 7575 7594
f 7619 7564 7620
f 7591 7564 7619
f 7590 7591 7619
f 7589 7590 7618
f 7589 7385 7590
f 7404 7587 7588
f 7404 7589 7587
f 7385 7589 7405
f 7645 7582 7585
f 7581 7582 7645
f 7560 7568 7577
f 7594 7580 7583
f 7585 7576 7586
f 7576 7575 7586
f 7582 7574 7585
f 7575 7580 7594
f 7583 7573 7584
f 7580 7573 7583
f 7584 7577 7592
f 7584 7571 7577
f 7552 7380 7553
f 7554 7555 7564
f 7561 7551 7562
f 7556 7383 7561
f 7385 7554 7590
f 7555 7382 7556
f 7382 7555 7554
f 7382 7383 7556
f 7562 7552 7553
f 7551 7552 7562
f 7551 7561 7383
f 7590 7554 7591
f 7379 7552 7551
f 7380 7558 7553
f 7550 7559 7549
f 7380 7549 7558
f 7379 7380 7552
f 7372 7550 7549
f 7548 7545 7566
f 7545 7547 7566
f 7548 7543 7545
f 7563 7558 7572
f 7569 7548 7570
f 7568 7548 7569
f 7548 7566 7570
f 7566 7547 7567
f 7565 7561 7574
f 7561 7562 7574
f 7564 7555 7565
f 7591 7554 7564
f 7565 7556 7561
f 7555 7556 7565
f 7592 7579 7593
f 7563 7553 7558
f 7562 7553 7563
f 7558 7559 7573
f 7568 7546 7548
f 7557 7546 7568
f 7559 7557 7560
f 7557 7568 7560
f 7558 7549 7559
f 7559 7550 7557
f 7611 7610 7621
f 7633 7616 7630
f 7630 7622 7623
f 7622 7630 7616
f 7624 7615 7625
f 7636 7612 7624
f 7615 7616 7633
f 7627 7610 7626
f 7621 7610 7627
f 7618 7619 7626
f 7623 7609 7621
f 7623 7621 7631
f 7610 7618 7626
f 7634 7612 7636
f 7617 7634 7635
f 7617 7613 7634
f 7624 7614 7615
f 7612 7614 7624
f 7622 7608 7623
f 7616 7608 7622
f 7613 7612 7634
f 7621 7646 7632
f 7649 7633 7650
f 7633 7630 7652
f 7624 7649 7640
f 7630 7631 7652
f 7649 7625 7633
f 7624 7625 7649
f 7631 7621 7632
f 7630 7623 7631
f 7646 7626 7647
f 7626 7628 7648
f 7615 7607 7616
f 7646 7627 7626
f 7644 7581 7645
f 7629 7581 7644
f 7627 7646 7621
f 7628 7619 7629
f 7626 7619 7628
f 7620 7581 7629
f 7619 7620 7629
f 7625 7615 7633
f 7594 7595 7599
f 7409 7588 7609
f 7408 7409 7607
f 7643 7600 7603
f 7600 7601 7603
f 7599 7600 7643
f 7601 7596 7602
f 7600 7595 7601
f 7599 7595 7600
f 7595 7596 7601
f 7596 7597 7602
f 7587 7589 7611
f 7598 7594 7599
f 7641 7585 7598
f 7596 7592 7597
f 7598 7586 7594
f 7586 7598 7585
f 7595 7584 7596
f 7584 7592 7596
f 7583 7584 7595
f 7594 7583 7595
f 7612 7605 7614
f 7614 7606 7615
f 7606 7607 7615
f 7616 7607 7608
f 7611 7621 7609
f 7608 7609 7623
f 7618 7590 7619
f 7610 7589 7618
f 7609 7588 7611
f 7611 7589 7610
f 6686 6682 6685
f 7613 7605 7612
f 7617 7605 7613
f 7604 7614 7605
f 7604 7606 7614
f 7412 7605 7617
f 7408 7607 7606
f 7608 7409 7609
f 7588 7587 7611
f 7607 7409 7608
f 5706 5744 5708
f 5715 5741 5718
f 5717 5718 5742
f 5716 5717 5740
f 5707 5746 5715
f 5780 5300 5781
f 5779 5300 5780
f 5300 5779 5778
f 5702 5755 5705
f 5705 5753 5703
f 5704 5749 5706
f 5716 5739 5721
f 5703 5751 5704
f 5702 5700 5758
f 5727 5726 5709
f 5728 5727 5709
f 5726 5725 5709
f 5714 5709 5725
f 5709 5710 5728
f 5712 5713 5729
f 5711 5712 5730
f 5763 5308 5764
f 5767 5306 5768
f 5766 5306 5767
f 5777 5303 5778
f 5781 5300 5782
f 5303 5777 5776
f 5770 5305 5771
f 5774 5302 5775
f 5773 5302 5774
f 5302 5773 5772
f 5302 5776 5775
f 5722 5732 5713
f 5760 5308 5761
f 5762 5308 5763
f 5308 5762 5761
f 5758 5700 5759
f 5719 5738 5723
f 5722 5723 5734
f 5707 5708 5745
f 5720 5721 5736
f 5719 5720 5737
f 5685 5655 5684
f 5692 5657 5690
f 5692 5691 5660
f 5689 5687 5653
f 5688 5686 5658
f 5688 5652 5687
f 5690 5659 5686
f 5694 5663 5693
f 5693 5661 5691
f 5676 5643 5675
f 5685 5679 5656
f 5662 5694 5834
f 5684 5651 5680
f 5689 5654 5679
f 5677 5647 5676
f 5675 5642 5674
f 5683 5682 5648
f 5682 5681 5649
f 5681 5680 5650
f 5683 5646 5678
f 5678 5645 5677
f 5696 5731 5730
f 5710 5711 5731
f 5714 5698 5709
f 5308 5760 5700
f 5307 5764 5308
f 5306 5766 5307
f 5305 5770 5306
f 5702 5701 5700
f 5732 5696 5729
f 5696 5732 5733
f 5696 5730 5729
f 5768 5306 5769
f 5696 5728 5731
f 5696 5727 5728
f 5696 5726 5727
f 5696 5725 5726
f 5696 5714 5725
f 5696 5698 5714
f 5696 5699 5698
f 5699 5367 5697
f 5367 5699 5696
f 5724 5761 5762
f 5724 5771 5772
f 5770 5724 5769
f 5724 5770 5771
f 5768 5724 5767
f 5724 5768 5769
f 5724 5766 5767
f 5765 5724 5764
f 5724 5765 5766
f 5763 5724 5762
f 5724 5763 5764
f 5724 5772 5773
f 5724 5760 5761
f 5724 5759 5760
f 5758 5724 5757
f 5758 5759 5724
f 5756 5724 5755
f 5754 5724 5753
f 5752 5753 5724
f 5724 5754 5755
f 5724 5751 5752
f 5724 5784 5786
f 5732 5729 5713
f 5730 5712 5729
f 5791 5724 5788
f 5724 5791 5792
f 5724 5787 5788
f 5724 5786 5787
f 5724 5795 5789
f 5785 5724 5782
f 5785 5783 5724
f 5784 5724 5783
f 5724 5756 5757
f 5724 5781 5782
f 5724 5780 5781
f 5724 5779 5780
f 5724 5778 5779
f 5724 5777 5778
f 5776 5724 5775
f 5724 5776 5777
f 5774 5724 5773
f 5724 5774 5775
f 5294 5799 5798
f 5298 5792 5791
f 5299 5784 5783
f 5304 5785 5782
f 5299 5786 5784
f 5304 5783 5785
f 5788 5298 5791
f 5298 5787 5786
f 5298 5788 5787
f 5800 5294 5801
f 5799 5294 5800
f 5797 5296 5798
f 5796 5296 5797
f 5793 5297 5794
f 5795 5296 5796
f 5296 5795 5794
f 5297 5793 5792
f 5771 5305 5772
f 5765 5307 5766
f 5764 5307 5765
f 5769 5306 5770
f 5724 5743 5746
f 5724 5750 5751
f 5724 5749 5750
f 5747 5749 5724
f 5724 5744 5747
f 5742 5741 5724
f 5743 5724 5741
f 5748 5724 5745
f 5748 5744 5724
f 5746 5745 5724
f 5673 5672 5640
f 5738 5724 5734
f 5738 5737 5724
f 5740 5724 5739
f 5737 5736 5724
f 5724 5736 5739
f 5724 5740 5742
f 5735 5734 5724
f 5724 5733 5735
f 5696 5733 5724
f 5585 5584 5622
f 5517 5515 5590
f 5515 5514 5591
f 5520 5516 5593
f 5588 5589 5514
f 5588 5587 5631
f 5587 5586 5632
f 5583 5581 5621
f 5584 5582 5624
f 5583 5626 5582
f 5578 5620 5581
f 5517 5592 5516
f 5585 5623 5580
f 5586 5580 5625
f 5619 5565 5566
f 5569 5565 5619
f 5567 5617 5566
f 5627 5568 5569
f 5578 5577 5630
f 5577 5576 5629
f 5574 5573 5628
f 5524 5600 5525
f 5536 5535 5611
f 5537 5536 5612
f 5538 5537 5614
f 5533 5532 5609
f 5535 5534 5608
f 5534 5533 5610
f 5532 5530 5607
f 5531 5606 5530
f 5529 5528 5603
f 5531 5529 5605
f 5576 5575 5628
f 5526 5525 5604
f 5528 5527 5602
f 5527 5526 5601
f 5524 5523 5599
f 5522 5521 5597
f 5523 5522 5598
f 5521 5519 5596
f 5520 5595 5518
f 5519 5518 5594
f 5395 5544 5545
f 5547 5551 5618
f 5546 5543 5616
f 5549 5616 5548
f 5550 5546 5616
f 5549 5550 5616
f 5695 5615 5513
f 5616 5368 5615
f 5543 5395 5616
f 5542 5539 5395
f 5545 5542 5395
f 5556 5555 5618
f 5395 5543 5544
f 5540 5395 5539
f 5541 5395 5540
f 5368 5513 5615
f 5512 5395 5541
f 5368 5616 5395
f 5367 5510 5697
f 5506 5367 5508
f 5507 5367 5506
f 5552 5554 5618
f 5575 5574 5628
f 5579 5570 5628
f 5579 5628 5573
f 5571 5568 5627
f 5572 5571 5627
f 5572 5627 5570
f 5618 5554 5556
f 5618 5557 5558
f 5558 5553 5618
f 5553 5552 5618
f 5593 5516 5592
f 5563 5559 5618
f 5559 5560 5618
f 5567 5564 5617
f 5564 5561 5617
f 5560 5557 5618
f 5561 5562 5617
f 5562 5563 5617
f 5555 5547 5618
f 5551 5548 5618
f 5644 5670 5641
f 5645 5647 5677
f 5647 5643 5676
f 5643 5642 5675
f 5642 5641 5674
f 5646 5645 5678
f 5650 5649 5681
f 5649 5648 5682
f 5655 5651 5684
f 5648 5646 5683
f 5651 5650 5680
f 5657 5659 5690
f 5640 5639 5673
f 5644 5640 5672
f 5636 5635 5666
f 5637 5636 5667
f 5639 5638 5671
f 5638 5637 5668
f 5634 5538 5613
f 5634 5664 5633
f 5635 5633 5665
f 5660 5657 5692
f 5668 5637 5667
f 5673 5639 5671
f 5671 5638 5668
f 5670 5669 5641
f 5674 5641 5669
f 5672 5670 5644
f 5665 5633 5664
f 5664 5634 5613
f 5666 5635 5665
f 5667 5636 5666
f 5589 5588 5631
f 5661 5660 5691
f 5663 5661 5693
f 5662 5663 5694
f 5654 5656 5679
f 5656 5655 5685
f 5652 5653 5687
f 5659 5658 5686
f 5653 5654 5689
f 5658 5652 5688
f 5598 5522 5597
f 5609 5532 5607
f 5611 5535 5608
f 5608 5534 5610
f 5607 5530 5606
f 5601 5526 5604
f 5602 5527 5601
f 5603 5528 5602
f 5606 5531 5605
f 5605 5529 5603
f 5604 5525 5600
f 5610 5533 5609
f 5597 5521 5596
f 5599 5523 5598
f 5600 5524 5599
f 5594 5518 5595
f 5596 5519 5594
f 5595 5520 5593
f 5590 5515 5591
f 5591 5514 5589
f 5592 5517 5590
f 5632 5586 5625
f 5631 5587 5632
f 5626 5583 5621
f 5621 5581 5620
f 5620 5578 5630
f 5630 5577 5629
f 5629 5576 5628
f 5623 5585 5622
f 5625 5580 5623
f 5624 5582 5626
f 5733 5732 5722
f 5622 5584 5624
f 5628 5570 5627
f 5617 5563 5618
f 5627 5569 5619
f 5619 5566 5617
f 5618 5548 5616
f 5538 5614 5613
f 5614 5537 5612
f 5612 5536 5611
f 5915 5910 5941
f 5925 5922 5941
f 5926 5925 5941
f 5926 5941 5924
f 5922 5923 5941
f 5923 5921 5941
f 5941 5917 5918
f 5941 5919 5920
f 5921 5919 5941
f 5920 5917 5941
f 5941 5914 5915
f 5928 5924 5941
f 5918 5913 5941
f 5910 5911 5941
f 5916 5914 5941
f 5913 5916 5941
f 5912 5941 5911
f 5909 5906 5941
f 5908 5903 5941
f 5941 5907 5908
f 5912 5909 5941
f 5871 5867 5941
f 5879 5878 5941
f 5880 5877 5941
f 5941 5873 5876
f 5878 5873 5941
f 5876 5875 5941
f 5874 5872 5941
f 5875 5874 5941
f 5872 5870 5941
f 5870 5869 5941
f 5869 5868 5941
f 5906 5907 5941
f 5868 5871 5941
f 5867 5866 5941
f 5941 5932 5933
f 5866 5932 5941
f 5933 5931 5941
f 5929 5928 5941
f 5930 5927 5941
f 5927 5929 5941
f 5931 5930 5941
f 5906 5861 5907
f 5918 5845 5913
f 5917 5843 5918
f 5916 5844 5914
f 5914 5846 5915
f 5845 5916 5913
f 5921 5841 5919
f 5920 5843 5917
f 5923 5840 5921
f 5841 5920 5919
f 5903 5863 5904
f 5839 5926 5924
f 5907 5860 5908
f 5908 5865 5903
f 5909 5862 5906
f 5912 5858 5909
f 5911 5859 5912
f 5910 5856 5911
f 5915 5857 5910
f 5863 5905 5904
f 5855 5832 5941
f 5897 5941 5896
f 5904 5941 5903
f 5902 5898 5941
f 5905 5902 5941
f 5900 5899 5941
f 5905 5941 5904
f 5898 5900 5941
f 5941 5894 5895
f 5897 5894 5941
f 5901 5896 5941
f 5901 5941 5899
f 5941 5877 5879
f 5895 5893 5941
f 5893 5892 5941
f 5892 5855 5941
f 5933 5837 5931
f 5925 5842 5922
f 5928 5839 5924
f 5926 5839 5925
f 5930 5838 5927
f 5842 5923 5922
f 5988 5984 5985
f 5090 5994 6019
f 5089 6015 5995
f 5022 5995 6010
f 5019 6005 5992
f 5996 4952 5999
f 5996 5997 4952
f 5988 5934 5938
f 5988 5987 5934
f 5988 5986 5987
f 5988 5985 5986
f 5991 6000 5990
f 5988 5983 5984
f 5979 5988 5982
f 5988 5980 5983
f 5979 5980 5988
f 5988 5981 5982
f 5988 5978 5976
f 5988 5977 5978
f 5976 5981 5988
f 5988 5972 5973
f 5993 6013 5994
f 5998 5990 6000
f 6003 5991 6004
f 6002 5991 6003
f 6001 5991 6002
f 6000 5991 6001
f 5998 5996 5999
f 5090 6019 6016
f 5091 6016 6018
f 5092 6018 6017
f 6015 5089 6017
f 5973 5977 5988
f 4954 6022 5999
f 5990 5998 5993
f 6009 5022 6010
f 5022 6009 6008
f 5020 6008 6007
f 6006 5019 6007
f 5997 6022 4953
f 6005 5019 6006
f 5991 5992 6004
f 5889 5888 5941
f 5945 5830 5943
f 5938 5942 5988
f 5942 5939 5940
f 5940 5937 5942
f 5942 5935 5941
f 5937 5935 5942
f 5935 5936 5941
f 5936 5891 5941
f 5891 5890 5941
f 5938 5939 5942
f 5945 5943 5944
f 5890 5889 5941
f 5888 5884 5941
f 5882 5881 5941
f 5887 5885 5941
f 5884 5886 5941
f 5886 5887 5941
f 5883 5882 5941
f 5885 5883 5941
f 5881 5880 5941
f 5968 5969 5988
f 5988 5969 5970
f 5988 5971 5972
f 5970 5971 5988
f 5988 5965 5974
f 5988 5966 5967
f 5965 5988 5967
f 5988 5963 5966
f 5988 5975 5968
f 5988 5974 5975
f 5896 5849 5897
f 5988 5962 5964
f 5988 5961 5962
f 5988 5960 5961
f 5963 5988 5964
f 5960 5988 5803
f 5953 5948 5955
f 5955 5950 5951
f 5955 5949 5950
f 5948 5949 5955
f 5803 5815 5816
f 5828 5830 5803
f 5803 5827 5828
f 5825 5827 5803
f 5823 5803 5822
f 5823 5825 5803
f 5820 5822 5803
f 5819 5820 5803
f 5818 5803 5817
f 5803 5816 5817
f 5803 5818 5819
f 5830 5945 5803
f 5813 5815 5803
f 5808 5803 5810
f 5811 5803 5808
f 5812 5803 5811
f 5803 5812 5813
f 5807 5803 5809
f 5803 5807 5810
f 5809 5803 5806
f 5803 5805 5806
f 5958 5959 5803
f 5833 5835 5836
f 5835 5831 5834
f 5833 5831 5835
f 5831 5662 5834
f 5830 5828 5829
f 5827 5825 5824
f 5824 5826 5827
f 5822 5820 5821
f 5815 5813 5814
f 5959 5960 5803
f 5803 5804 5805
f 5957 5958 5803
f 5956 5957 5803
f 5803 5954 5956
f 5803 5952 5954
f 5803 5953 5952
f 5948 5953 5803
f 5948 5803 5947
f 5946 5803 5945
f 5803 5946 5947
f 5736 5721 5739
f 5744 5706 5747
f 5706 5749 5747
f 5746 5707 5745
f 5750 5704 5751
f 5749 5704 5750
f 5752 5703 5753
f 5751 5703 5752
f 5734 5723 5738
f 5737 5720 5736
f 5738 5719 5737
f 5708 5744 5748
f 5739 5716 5740
f 5742 5718 5741
f 5740 5717 5742
f 5743 5715 5746
f 5741 5715 5743
f 5735 5722 5734
f 5733 5722 5735
f 5731 5711 5730
f 5731 5728 5710
f 5793 5724 5792
f 5803 5802 5804
f 5803 5801 5802
f 5803 5800 5801
f 5790 5799 5800
f 5790 5798 5799
f 5790 5797 5798
f 5790 5796 5797
f 5796 5789 5795
f 5790 5800 5803
f 5789 5796 5790
f 5317 5318 5874
f 5795 5724 5794
f 5724 5793 5794
f 5759 5700 5760
f 5757 5702 5758
f 5756 5702 5757
f 5754 5705 5755
f 5753 5705 5754
f 5755 5702 5756
f 5745 5708 5748
f 5941 5833 5836
f 5857 5856 5910
f 5846 5857 5915
f 5842 5840 5923
f 5845 5844 5916
f 5843 5845 5918
f 5841 5843 5920
f 5840 5841 5921
f 5839 5842 5925
f 5838 5839 5928
f 5837 5838 5930
f 5856 5859 5911
f 5832 5833 5941
f 5895 5848 5893
f 5894 5848 5895
f 5848 5892 5893
f 5848 5855 5892
f 5850 5848 5894
f 5851 5849 5896
f 5853 5899 5852
f 5853 5851 5901
f 5837 5930 5931
f 5897 5850 5894
f 5898 5854 5900
f 5902 5847 5898
f 5901 5851 5896
f 5899 5853 5901
f 5900 5852 5899
f 5905 5847 5902
f 5932 5320 5933
f 5838 5929 5927
f 5838 5928 5929
f 5854 5852 5900
f 5865 5863 5903
f 5860 5865 5908
f 5864 5905 5863
f 5864 5847 5905
f 5844 5846 5914
f 5862 5861 5906
f 5861 5860 5907
f 5858 5862 5909
f 5859 5858 5912
f 5866 5320 5932
f 5319 5871 5868
f 5880 5316 5877
f 5879 5316 5878
f 5316 5879 5877
f 5881 5315 5880
f 5882 5315 5881
f 5876 5317 5875
f 5317 5874 5875
f 5317 5876 5873
f 5871 5320 5867
f 5318 5869 5870
f 5320 5866 5867
f 5887 5314 5885
f 5314 5883 5885
f 5314 5882 5883
f 5888 5313 5884
f 5313 5886 5884
f 5886 5313 5887
f 5319 5320 5871
f 5318 5319 5869
f 5937 5310 5935
f 5854 5898 5847
f 5850 5897 5849
f 5848 5832 5855
f 5320 5837 5933
f 5844 5857 5846
f 5936 5312 5891
f 5312 5890 5891
f 5889 5312 5888
f 5312 5889 5890
f 5367 5511 5508
f 5940 5309 5937
f 5310 5936 5935
f 5939 5295 5940
f 5295 5938 5934
f 5938 5295 5939
f 5878 5317 5873
f 5872 5318 5870
f 5869 5319 5868
f 5874 5318 5872
f 5545 5263 5542
f 5562 5246 5563
f 5567 5243 5564
f 5566 5243 5567
f 5571 5250 5568
f 5250 5569 5568
f 5565 5242 5566
f 5569 5251 5565
f 5539 5261 5540
f 5542 5262 5539
f 5540 5260 5541
f 5564 5244 5561
f 5550 5266 5546
f 5543 5264 5544
f 5546 5265 5543
f 5544 5263 5545
f 5551 5269 5548
f 5548 5268 5549
f 5549 5267 5550
f 5547 5258 5551
f 5555 5258 5547
f 5241 5536 5537
f 5278 5643 5279
f 5277 5642 5278
f 5276 5641 5277
f 5275 5640 5276
f 5274 5639 5275
f 5273 5638 5274
f 5272 5636 5273
f 5271 5635 5272
f 5270 5538 5634
f 5538 5241 5537
f 5554 5256 5556
f 5536 5240 5535
f 5270 5633 5271
f 5241 5538 5270
f 5240 5536 5241
f 5239 5535 5240
f 5534 5239 5238
f 5559 5253 5560
f 5563 5247 5559
f 5561 5245 5562
f 5258 5555 5259
f 5580 5226 5585
f 5587 5225 5586
f 5225 5580 5586
f 5581 5228 5578
f 5578 5230 5577
f 5260 5540 5261
f 5267 5549 5268
f 5266 5550 5267
f 5268 5548 5269
f 5258 5269 5551
f 5585 5226 5584
f 5256 5259 5556
f 5263 5544 5264
f 5264 5543 5265
f 5262 5542 5263
f 5265 5546 5266
f 5261 5539 5262
f 5247 5253 5559
f 5246 5247 5563
f 5244 5245 5561
f 5577 5231 5576
f 5552 5257 5554
f 5556 5259 5555
f 5252 5558 5557
f 5553 5254 5552
f 5558 5255 5553
f 5574 5233 5573
f 5233 5579 5573
f 5572 5249 5571
f 5570 5248 5572
f 5579 5248 5570
f 5279 5645 5280
f 5231 5575 5576
f 5575 5232 5574
f 5239 5534 5535
f 5533 5238 5532
f 5238 5533 5534
f 5583 5228 5581
f 5532 5236 5530
f 5582 5229 5583
f 5584 5227 5582
f 4780 5302 5305
f 5224 4790 5697
f 5801 5294 4832
f 5701 4777 5700
f 4777 5308 5700
f 5308 4780 5307
f 4780 5306 5307
f 4780 5305 5306
f 5303 5302 4780
f 5303 4782 5301
f 4782 5300 5301
f 5699 5697 4790
f 5304 5300 4782
f 5304 4789 5299
f 4789 5298 5299
f 5297 5298 4789
f 4789 5296 5297
f 5367 5696 4788
f 5662 5831 5293
f 5293 5663 5662
f 5293 5661 5663
f 5705 5703 4776
f 5717 5716 4774
f 5718 4774 5715
f 4774 5707 5715
f 4774 5716 5721
f 5722 5713 4772
f 5711 5710 4772
f 5713 5712 4772
f 5710 5709 4772
f 5712 5711 4772
f 5704 4776 5703
f 5660 5292 5657
f 4776 5702 5705
f 5701 5702 4776
f 5706 4774 5704
f 5708 5707 4774
f 4774 5706 5708
f 5789 4788 5724
f 5696 5724 4788
f 5709 5698 4790
f 5698 5699 4790
f 5290 5659 5291
f 5640 5275 5639
f 5639 5274 5638
f 5638 5273 5637
f 5273 5636 5637
f 5636 5272 5635
f 5635 5271 5633
f 5633 5270 5634
f 5292 5661 5293
f 5287 5653 5288
f 5288 5652 5289
f 5641 5276 5644
f 5289 5658 5290
f 5291 5657 5292
f 5284 5651 5285
f 5285 5655 5286
f 5286 5654 5287
f 5281 5648 5282
f 5283 5650 5284
f 5282 5649 5283
f 5280 5646 5281
f 5649 5282 5648
f 5661 5292 5660
f 5658 5289 5652
f 5659 5290 5658
f 5657 5291 5659
f 5652 5288 5653
f 5653 5287 5654
f 5651 5284 5650
f 5650 5283 5649
f 5648 5281 5646
f 5245 5246 5562
f 5656 5286 5655
f 5654 5286 5656
f 5655 5285 5651
f 5643 5278 5642
f 5646 5280 5645
f 5647 5279 5643
f 5645 5279 5647
f 5644 5276 5640
f 5642 5277 5641
f 5209 5212 5492
f 5219 5218 5497
f 5217 5219 5493
f 5215 5216 5488
f 5216 5217 5494
f 5213 5214 5490
f 5211 5213 5487
f 5214 5215 5489
f 5212 5211 5485
f 5408 5407 5167
f 5405 5167 5407
f 5218 5221 5496
f 5210 5209 5491
f 5208 5210 5483
f 5207 5208 5484
f 5206 5207 5482
f 5205 5206 5479
f 5203 5204 5478
f 5204 5205 5477
f 5202 5203 5476
f 5201 5202 5480
f 5504 5197 5502
f 5505 5503 5198
f 5503 5502 5198
f 5478 5476 5203
f 5480 5202 5476
f 5478 5204 5477
f 5475 5474 5201
f 5480 5475 5201
f 5474 5473 5200
f 5505 5199 5473
f 5501 5500 5196
f 5200 5201 5474
f 5504 5501 5196
f 5500 5498 5195
f 5499 5195 5498
f 5499 5409 5168
f 5409 5408 5168
f 5223 5222 5507
f 5224 5509 5222
f 5221 5220 5511
f 5220 5223 5508
f 5452 5180 5451
f 5462 5461 5187
f 5459 5185 5458
f 5458 5184 5455
f 5459 5457 5185
f 5456 5454 5182
f 5456 5181 5453
f 5455 5183 5454
f 5450 5178 5449
f 5451 5178 5450
f 5449 5173 5448
f 5461 5460 5188
f 5453 5179 5452
f 5448 5172 5446
f 5445 5170 5444
f 5447 5171 5445
f 5447 5446 5171
f 5444 5177 5443
f 5442 5176 5440
f 5443 5176 5442
f 5441 5440 5174
f 5406 5165 5166
f 5199 5200 5473
f 5197 5198 5502
f 5198 5199 5505
f 5205 5207 5206
f 5196 5197 5504
f 5195 5196 5500
f 5499 5169 5195
f 5168 5169 5499
f 5167 5168 5408
f 5405 5166 5167
f 5479 5477 5205
f 5411 5164 5165
f 5468 5466 5192
f 5468 5191 5465
f 5467 5193 5466
f 5194 5467 5469
f 5464 5189 5460
f 5191 5463 5465
f 5464 5463 5190
f 5462 5186 5457
f 5521 5141 5519
f 5231 5232 5575
f 5250 5251 5569
f 5249 5250 5571
f 5248 5249 5572
f 5248 5579 5233
f 5247 5252 5253
f 5516 5142 5517
f 5520 5143 5516
f 5142 5515 5517
f 5142 5514 5515
f 5232 5233 5574
f 5141 5518 5519
f 5141 5520 5518
f 5230 5231 5577
f 5228 5230 5578
f 5541 5260 5512
f 5238 5236 5532
f 5236 5238 5237
f 5229 5228 5583
f 5227 5229 5582
f 5530 5235 5531
f 5243 5244 5564
f 5242 5243 5566
f 5242 5565 5251
f 5254 5553 5255
f 5256 5554 5257
f 5254 5257 5552
f 5253 5252 5560
f 5255 5558 5252
f 5529 5234 5528
f 5531 5235 5529
f 5227 5584 5226
f 5528 5152 5527
f 5588 5146 5587
f 5527 5151 5526
f 5526 5150 5525
f 5522 5149 5521
f 5523 5149 5522
f 5524 5149 5523
f 5525 5149 5524
f 5514 5145 5588
f 5492 5212 5485
f 5511 5220 5508
f 5509 5507 5222
f 5507 5506 5223
f 5496 5221 5495
f 5494 5217 5493
f 5508 5223 5506
f 5510 5509 5224
f 5494 5488 5216
f 5490 5214 5489
f 5489 5215 5488
f 5497 5218 5496
f 5491 5483 5210
f 5492 5491 5209
f 5490 5486 5213
f 5487 5485 5211
f 5487 5213 5486
f 5482 5207 5481
f 5484 5481 5207
f 5482 5479 5206
f 5484 5208 5483
f 5149 5148 5521
f 5235 5530 5236
f 5235 5234 5529
f 5225 5226 5580
f 5146 5225 5587
f 5234 5152 5528
f 5151 5527 5152
f 5145 5146 5588
f 5150 5526 5151
f 5149 5525 5150
f 5718 5717 4774
f 5142 5145 5514
f 5148 5141 5521
f 5143 5142 5516
f 5141 5143 5520
f 5260 5194 5512
f 5194 5469 5512
f 5697 5510 5224
f 5497 5493 5219
f 5511 5495 5221
f 5378 5385 5428
f 5376 5379 5472
f 5377 5426 5379
f 5382 5470 5383
f 5376 5471 5382
f 5385 5386 5430
f 5387 5433 5389
f 5386 5390 5429
f 5388 5389 5431
f 5388 5432 5390
f 5377 5378 5427
f 5396 5397 5417
f 5383 5425 5384
f 5380 5381 5419
f 5381 5384 5420
f 5380 5422 5398
f 5398 5421 5399
f 5375 5395 5459
f 5373 5445 5374
f 5372 5374 5443
f 5373 5375 5446
f 5417 5325 5396
f 5470 5382 5471
f 5430 5386 5429
f 5421 5398 5422
f 5423 5399 5421
f 5416 5325 5417
f 5424 5328 5413
f 5413 5324 5414
f 5415 5326 5416
f 5418 5323 5415
f 5414 5322 5418
f 5498 5343 5499
f 5369 5371 5441
f 5370 5438 5391
f 5369 5439 5370
f 5371 5372 5440
f 5387 5394 5434
f 5393 5437 5394
f 5392 5436 5393
f 5391 5435 5392
f 5397 5399 5423
f 5359 5478 5358
f 5354 5503 5349
f 5353 5501 5351
f 5343 5498 5344
f 5352 5502 5354
f 5351 5504 5352
f 5344 5500 5353
f 5349 5505 5348
f 5363 5484 5361
f 5362 5491 5360
f 5361 5483 5362
f 5322 5323 5418
f 5358 5477 5357
f 5357 5479 5355
f 5356 5481 5363
f 5347 5475 5346
f 5346 5480 5345
f 5345 5476 5359
f 5360 5488 5364
f 5355 5482 5356
f 5350 5474 5347
f 5412 5329 5400
f 5501 5353 5500
f 5500 5344 5498
f 5504 5351 5501
f 5502 5352 5504
f 5408 5340 5407
f 5409 5341 5408
f 5499 5342 5409
f 5407 5338 5405
f 5410 5336 5412
f 5400 5332 5402
f 5425 5383 5470
f 5404 5335 5411
f 5411 5333 5410
f 5405 5339 5406
f 5406 5334 5404
f 5403 5327 5424
f 5402 5331 5401
f 5401 5330 5403
f 5323 5326 5415
f 5325 5416 5326
f 5366 5497 5367
f 5503 5354 5502
f 5475 5347 5474
f 5473 5348 5505
f 5474 5350 5473
f 5480 5346 5475
f 5477 5358 5478
f 5479 5357 5477
f 5476 5345 5480
f 5478 5359 5476
f 5364 5494 5365
f 5505 5349 5503
f 5365 5493 5366
f 5468 5459 5466
f 5465 5462 5457
f 5467 5459 5469
f 5465 5459 5468
f 5457 5459 5465
f 5465 5461 5462
f 5465 5460 5461
f 5465 5464 5460
f 5360 5485 5487
f 5367 5509 5510
f 5367 5495 5511
f 5367 5496 5495
f 5367 5507 5509
f 5367 5497 5496
f 5488 5360 5489
f 5486 5360 5487
f 5360 5490 5489
f 5497 5366 5493
f 5492 5360 5491
f 5459 5467 5466
f 5491 5362 5483
f 5360 5486 5490
f 5360 5492 5485
f 5482 5355 5479
f 5484 5363 5481
f 5481 5356 5482
f 5493 5365 5494
f 5494 5364 5488
f 5483 5361 5484
f 5429 5390 5432
f 5372 5443 5442
f 5438 5370 5439
f 5439 5369 5441
f 5435 5391 5438
f 5441 5371 5440
f 5436 5392 5435
f 5434 5394 5437
f 5431 5389 5433
f 5433 5387 5434
f 5437 5393 5436
f 5440 5372 5442
f 5432 5388 5431
f 5428 5385 5430
f 5472 5379 5426
f 5426 5377 5427
f 5427 5378 5428
f 5420 5384 5425
f 5419 5381 5420
f 5422 5380 5419
f 5471 5376 5472
f 5445 5373 5447
f 5463 5464 5465
f 5469 5395 5512
f 5417 5397 5423
f 5459 5395 5469
f 5455 5375 5458
f 5375 5459 5458
f 5448 5375 5449
f 5447 5373 5446
f 5446 5375 5448
f 5348 5473 5350
f 5443 5374 5444
f 5374 5445 5444
f 5456 5375 5454
f 5452 5375 5453
f 5451 5375 5452
f 5375 5456 5453
f 5450 5375 5451
f 5375 5450 5449
f 5375 5455 5454
f 5865 4884 5863
f 5776 5302 5303
f 5778 5303 5300
f 5782 5300 5304
f 5792 5298 5297
f 5794 5297 5296
f 5798 5296 5294
f 5300 5303 5301
f 5802 5801 4832
f 5847 4884 5854
f 5863 4884 5864
f 5772 5305 5302
f 4884 5847 5864
f 5860 4884 5865
f 5856 4872 5859
f 5857 4872 5856
f 5844 4872 5857
f 5861 4884 5860
f 5862 4884 5861
f 5858 4884 5862
f 4884 5858 5859
f 5811 5808 4842
f 5821 5820 4846
f 5820 5819 4845
f 5819 5818 4845
f 5818 5817 4844
f 5817 5816 4844
f 5816 5815 4843
f 5812 5811 4842
f 5815 5814 4843
f 5814 5813 4843
f 5813 5812 4843
f 5852 4883 5853
f 5810 4842 5808
f 5809 4841 5807
f 5810 5807 4841
f 5809 5806 4840
f 5806 5805 4840
f 5805 5804 4838
f 5804 5802 4836
f 5783 5304 5299
f 5786 5299 5298
f 4906 5311 5310
f 5319 4877 5320
f 4874 5321 5320
f 5318 4877 5319
f 4877 5318 5317
f 5316 4878 5317
f 5315 4878 5316
f 5314 4878 5315
f 4878 5314 5313
f 4879 5313 5312
f 5311 4906 5312
f 5321 4874 5837
f 5835 4720 5836
f 5934 4885 5295
f 5988 4834 5803
f 5803 4788 5790
f 5789 5790 4788
f 5723 5722 4772
f 4772 5719 5723
f 5720 5719 4774
f 5721 5720 4774
f 5843 4872 5845
f 5851 4883 5849
f 4883 5850 5849
f 4883 5852 5854
f 4883 5848 5850
f 4883 5851 5853
f 5840 4872 5841
f 5839 4874 5842
f 4872 5840 5842
f 5838 4874 5839
f 5845 4872 5844
f 5823 5822 4847
f 4872 5843 5841
f 5942 4720 5988
f 4901 5832 5848
f 5941 4720 5942
f 4901 5833 5832
f 4901 5831 5833
f 5836 4720 5941
f 4901 5293 5831
f 5837 4874 5838
f 5971 4943 5972
f 5984 5983 4948
f 5982 5981 4946
f 4946 5979 5982
f 5980 4947 5983
f 5980 5979 4947
f 5981 5976 4946
f 5978 5977 4944
f 5978 4944 5976
f 5977 5973 4944
f 5973 5972 4944
f 4949 5987 5986
f 5971 5970 4943
f 5970 5969 4943
f 5969 5968 4942
f 5968 5975 4941
f 5975 5974 4941
f 5974 5965 4941
f 5967 5966 4940
f 4940 5965 5967
f 5966 5963 4940
f 5329 5412 5336
f 5338 5339 5405
f 5407 5337 5338
f 5337 5407 5340
f 5341 5409 5342
f 5342 5499 5343
f 5340 5408 5341
f 5333 5336 5410
f 5329 5332 5400
f 5331 5402 5332
f 5330 5401 5331
f 5964 5962 4939
f 5334 5335 5404
f 5333 5411 5335
f 5334 5406 5339
f 5327 5328 5424
f 5327 5403 5330
f 5324 5413 5328
f 5322 5414 5324
f 5986 5985 4949
f 5985 5984 4949
f 5310 5311 5312
f 5944 5943 4929
f 5320 5321 5837
f 5312 5313 5888
f 5310 5312 5936
f 5316 5317 5878
f 5315 5316 5880
f 5314 5315 5882
f 5313 5314 5887
f 5309 5310 5937
f 5295 5309 5940
f 5830 4929 5943
f 5987 4950 5934
f 5830 5829 4850
f 5829 5828 4849
f 5828 5827 4849
f 5827 5826 4848
f 5826 5824 4848
f 5825 4848 5824
f 5825 5823 4847
f 5822 5821 4847
f 5954 5952 4932
f 4939 5963 5964
f 5962 5961 4938
f 5961 5960 4937
f 5960 5959 4937
f 5959 5958 4935
f 5958 5957 4934
f 5957 5956 4933
f 5956 5954 4932
f 4931 5953 5955
f 6004 5992 6005
f 4931 5952 5953
f 5955 5951 4931
f 5951 5950 4931
f 5949 5948 4930
f 5948 5947 4930
f 5950 5949 4930
f 5947 5946 4930
f 5946 5945 4929
f 5945 5944 4929
f 6462 6457 6463
f 6467 6459 6466
f 6479 6459 6467
f 6464 6465 6469
f 6465 6319 6468
f 6466 6455 6464
f 6459 6455 6466
f 6462 6463 6474
f 6463 6460 6479
f 6460 6459 6479
f 6461 6462 6473
f 6466 6464 6481
f 6461 6458 6462
f 6457 6460 6463
f 6462 6458 6457
f 6457 6454 6460
f 6444 6457 6458
f 6456 6315 6464
f 6455 6456 6464
f 6315 6465 6464
f 6460 6452 6459
f 6472 6476 6484
f 6476 6475 6486
f 6475 6473 6478
f 6471 6475 6476
f 6477 6462 6474
f 6478 6462 6477
f 6473 6462 6478
f 6474 6463 6479
f 6471 6451 6475
f 6451 6461 6475
f 6461 6473 6475
f 6454 6452 6460
f 6472 6471 6476
f 6472 6450 6471
f 6470 6450 6472
f 6472 6449 6470
f 6688 3005 6472
f 6481 6464 6480
f 6464 6469 6480
f 6469 6465 6468
f 6467 6466 6483
f 6444 6431 6441
f 6449 6438 6446
f 6472 6433 6445
f 6445 6438 6449
f 6448 6442 6447
f 6442 6444 6447
f 6444 6441 6457
f 6438 6443 6446
f 6443 6442 6448
f 6443 6436 6442
f 6442 6439 6444
f 6443 6448 6450
f 6439 6431 6444
f 6431 6440 6441
f 6436 6435 6442
f 6442 6429 6439
f 6435 6429 6442
f 6438 6436 6443
f 6445 6434 6438
f 6437 6434 6445
f 6433 6437 6445
f 6451 6471 6450
f 6459 6453 6455
f 6452 6453 6459
f 6441 6440 6457
f 6440 6454 6457
f 6455 6263 6456
f 6453 6263 6455
f 6263 6315 6456
f 6454 6440 6452
f 6452 6432 6453
f 6440 6432 6452
f 6475 6478 6485
f 6450 6448 6451
f 6448 6461 6451
f 6472 6445 6449
f 6449 6450 6470
f 6449 6446 6450
f 6448 6447 6461
f 6461 6444 6458
f 6447 6444 6461
f 6446 6443 6450
f 6492 6491 6506
f 6501 6384 6510
f 6504 6699 6694
f 6507 6504 6693
f 6505 6507 6695
f 6504 6502 6699
f 6697 6492 6692
f 6492 6506 6692
f 6506 6500 6505
f 6502 6503 6699
f 6505 6499 6507
f 6503 6501 6510
f 6491 6500 6506
f 6500 6499 6505
f 6499 6504 6507
f 6502 6496 6503
f 6504 6496 6502
f 6496 6497 6503
f 6497 6501 6503
f 6499 6498 6504
f 6498 6496 6504
f 6402 6401 6514
f 6516 6515 6523
f 6515 6517 6522
f 6516 6523 6408
f 6406 6408 6524
f 6407 6406 6537
f 6514 6511 6519
f 6513 6402 6514
f 6512 6403 6513
f 6517 6400 6512
f 6514 6401 6511
f 6500 6480 6499
f 6531 6389 6532
f 6137 6128 7093
f 6128 6126 7093
f 6126 6051 7089
f 6051 6047 7061
f 6047 6033 7052
f 6699 6503 6508
f 6503 6510 6508
f 6510 6384 6509
f 6490 6477 6489
f 6493 6478 6490
f 6485 6478 6493
f 6487 6476 6486
f 6484 6476 6487
f 6486 6475 6485
f 6472 6484 6487
f 6491 6481 6500
f 6492 6481 6491
f 6482 6483 6492
f 6483 6481 6492
f 6485 6493 6488
f 6489 6479 6482
f 6477 6474 6489
f 6481 6480 6500
f 6480 6469 6499
f 6474 6479 6489
f 6479 6483 6482
f 6479 6467 6483
f 6483 6466 6481
f 6478 6477 6490
f 6495 6494 6678
f 6499 6468 6498
f 6468 6496 6498
f 6469 6468 6499
f 6363 6362 6496
f 6468 6363 6496
f 6362 6497 6496
f 6488 6493 6675
f 6675 6490 6674
f 6493 6490 6675
f 6434 6436 6438
f 6494 6492 6697
f 6674 6489 6495
f 6489 6494 6495
f 6482 6492 6494
f 6490 6489 6674
f 6489 6482 6494
f 6487 6486 6672
f 6672 6485 6488
f 6486 6485 6672
f 6497 6376 6501
f 6365 6372 6382
f 6381 6374 6385
f 6382 6374 6381
f 6372 6374 6382
f 6377 6379 6413
f 6379 6368 6378
f 6380 6366 6377
f 6366 6379 6377
f 6378 6371 6409
f 6371 6411 6409
f 6384 6365 6383
f 6376 6364 6501
f 6364 6365 6384
f 6342 6325 6394
f 6392 6343 6390
f 6385 6373 6367
f 6374 6373 6385
f 6374 6348 6373
f 6348 6367 6373
f 6368 6369 6378
f 6384 6387 6509
f 6393 6342 6394
f 6390 6342 6393
f 6389 6388 6532
f 6388 6386 6532
f 6387 6389 6531
f 6389 6381 6388
f 6387 6382 6389
f 6381 6386 6388
f 6419 6380 6418
f 6386 6380 6419
f 6366 6368 6379
f 6384 6383 6387
f 6383 6382 6387
f 6382 6381 6389
f 6385 6380 6386
f 6380 6377 6418
f 6381 6385 6386
f 6501 6364 6384
f 6385 6367 6380
f 6383 6365 6382
f 6318 6316 6362
f 6363 6318 6362
f 6348 6349 6367
f 6359 6357 6366
f 6349 6359 6366
f 6358 6356 6371
f 6356 6336 6371
f 6357 6358 6368
f 6358 6310 6356
f 6354 6350 6353
f 6316 6361 6360
f 6362 6316 6360
f 6316 6352 6361
f 6352 6351 6361
f 6351 6355 6361
f 6351 6354 6355
f 6351 6350 6354
f 6350 6308 6353
f 6353 6309 6348
f 6349 6312 6359
f 6309 6349 6348
f 6364 6361 6365
f 6371 6370 6411
f 6369 6371 6378
f 6370 6345 6411
f 6367 6366 6380
f 6371 6336 6370
f 6366 6357 6368
f 6367 6349 6366
f 6369 6358 6371
f 6368 6358 6369
f 6497 6360 6376
f 6395 6391 6404
f 6360 6364 6376
f 6362 6360 6497
f 6361 6355 6365
f 6360 6361 6364
f 6372 6354 6374
f 6365 6354 6372
f 6353 6348 6374
f 6354 6353 6374
f 6355 6354 6365
f 6419 6418 6534
f 6423 6421 6428
f 6426 6420 6423
f 6424 3017 6422
f 6422 6420 6426
f 6421 6230 6428
f 6420 6421 6423
f 6422 3013 6420
f 3013 3002 6420
f 6418 6413 6530
f 6386 6419 6534
f 6426 6423 6429
f 6418 6377 6413
f 6415 6414 6528
f 6414 6417 6528
f 6413 6412 6535
f 6412 6415 6529
f 6416 6398 6407
f 6413 6378 6412
f 6412 6409 6415
f 6417 6398 6416
f 6430 6237 6238
f 6434 6427 6436
f 6433 6434 6437
f 6433 6425 6434
f 6432 6260 6453
f 6440 6430 6432
f 6431 6430 6440
f 6430 6238 6432
f 6429 6431 6439
f 6429 6428 6431
f 6428 6430 6431
f 6414 6411 6417
f 6428 6237 6430
f 6436 6426 6435
f 6426 6429 6435
f 6427 6426 6436
f 6425 6424 6434
f 6424 6427 6434
f 6427 6422 6426
f 6424 6422 6427
f 6429 6423 6428
f 6398 6347 6397
f 6401 6394 6511
f 6403 6390 6402
f 6400 6392 6403
f 6402 6394 6401
f 6394 6327 6511
f 6402 6393 6394
f 6405 6395 6404
f 6396 6375 6405
f 6399 6375 6396
f 6397 6346 6399
f 6404 6400 6517
f 6345 6398 6410
f 6346 6344 6399
f 6347 6346 6397
f 6375 6395 6405
f 6344 6375 6399
f 6392 6390 6403
f 6404 6392 6400
f 6404 6391 6392
f 6390 6393 6402
f 6516 6405 6515
f 6415 6411 6414
f 6378 6409 6412
f 6379 6378 6413
f 6411 6410 6417
f 6409 6411 6415
f 6410 6398 6417
f 6411 6345 6410
f 6406 6399 6408
f 6515 6404 6517
f 6537 6406 6518
f 6408 6405 6516
f 6407 6399 6406
f 6399 6396 6408
f 6396 6405 6408
f 6405 6404 6515
f 6398 6397 6407
f 6397 6399 6407
f 6403 6402 6513
f 6400 6403 6512
f 6631 6619 6620
f 6630 6627 6637
f 6627 6629 6637
f 6622 6630 6634
f 6971 6621 6622
f 6635 6623 6636
f 6631 6620 6635
f 6626 6617 6632
f 6632 6618 6631
f 6628 6617 6626
f 6620 6623 6635
f 6629 6628 6640
f 6618 6619 6631
f 6623 6624 6625
f 7391 6519 6511
f 6511 6327 7391
f 7288 6327 6326
f 7279 6326 6324
f 6324 6320 7279
f 7159 6320 6275
f 6275 6149 7159
f 6635 6636 6645
f 6645 6636 6643
f 6647 6637 6638
f 6634 6637 6647
f 6640 6628 6639
f 6638 6629 6640
f 6641 6631 6642
f 6631 6645 6642
f 6639 6632 6641
f 6636 6625 6644
f 6635 6645 6631
f 7157 6149 6138
f 6632 6631 6641
f 6628 6626 6639
f 6626 6632 6639
f 6636 6623 6625
f 6984 6633 6634
f 6637 6629 6638
f 6634 6630 6637
f 6633 6622 6634
f 6971 6622 6633
f 6596 6597 6616
f 6612 6600 6611
f 6615 6606 6617
f 6616 6597 6615
f 6596 6616 6613
f 6606 6618 6617
f 6608 6603 6619
f 6618 6607 6608
f 6606 6607 6618
f 6615 6598 6606
f 6597 6598 6615
f 6611 6602 6614
f 6623 6605 6624
f 6603 6623 6620
f 6623 6604 6605
f 6603 6604 6623
f 6604 6590 6605
f 6603 6590 6604
f 6608 6588 6603
f 6591 6605 6590
f 6840 6584 6609
f 6617 6618 6632
f 7105 6138 6137
f 6622 6611 6630
f 6627 6613 6629
f 6630 6613 6627
f 6621 6612 6622
f 6613 6616 6629
f 6611 6614 6630
f 6614 6613 6630
f 6845 6610 6621
f 6612 6611 6622
f 6643 6636 6644
f 6629 6615 6628
f 6615 6617 6628
f 6616 6615 6629
f 6619 6603 6620
f 6618 6608 6619
f 6845 6609 6610
f 6612 6621 6610
f 6610 6601 6612
f 6614 6596 6613
f 6666 6667 6670
f 6487 6673 6680
f 6672 6488 6676
f 6487 6672 6673
f 6688 6472 6487
f 7414 7413 6668
f 7413 6670 6667
f 6671 6666 6670
f 6671 6669 6665
f 7029 6664 6669
f 6667 6668 7413
f 6672 6677 6680
f 6665 6666 6671
f 6669 6663 6665
f 6664 6663 6669
f 6666 6661 6667
f 6665 6662 6666
f 6667 6660 6668
f 6663 6657 6665
f 6664 6657 6663
f 6661 6659 6667
f 6675 6679 6682
f 6688 6680 6684
f 6680 6683 6684
f 6685 6679 6706
f 6681 6682 6686
f 6682 6679 6685
f 6680 6677 6683
f 6677 6676 6683
f 6676 6681 6683
f 6688 6487 6680
f 6679 6678 6706
f 6662 6661 6666
f 6681 6675 6682
f 6676 6675 6681
f 6674 6678 6679
f 6674 6495 6678
f 6675 6674 6679
f 6676 6488 6675
f 6678 6494 6697
f 6673 6672 6680
f 6677 6672 6676
f 6652 6640 6650
f 6651 6648 6657
f 6650 6651 6657
f 7001 6647 6646
f 6651 6641 6648
f 6654 6644 6653
f 6649 6645 6654
f 6648 6645 6649
f 6645 6643 6654
f 6643 6644 6654
f 6650 6641 6651
f 6652 6655 6646
f 6646 6640 6652
f 6985 6634 6647
f 6647 6638 6646
f 6985 6984 6634
f 6650 6639 6641
f 6640 6639 6650
f 6638 6640 6646
f 6648 6642 6645
f 6642 6648 6641
f 6657 6648 6662
f 7012 6655 6664
f 7012 7011 6655
f 6658 6657 6664
f 6658 6664 6655
f 6657 6662 6665
f 6659 6660 6667
f 6659 6653 6660
f 6662 6648 6661
f 7011 6656 6655
f 6609 6601 6610
f 6655 6650 6658
f 6650 6657 6658
f 6661 6654 6659
f 6654 6653 6659
f 6661 6649 6654
f 6649 6661 6648
f 6656 6646 6655
f 7001 6646 6656
f 6652 6650 6655
f 6537 6518 6561
f 6520 6549 6555
f 6549 6548 6555
f 6539 6547 6564
f 6538 6539 6564
f 6561 6524 6562
f 6546 6537 6543
f 6537 6561 6543
f 6545 6526 6546
f 6544 6528 6545
f 6527 6526 6545
f 6555 6548 6556
f 6526 6537 6546
f 6540 6542 6567
f 6542 6538 6567
f 6747 6541 6540
f 6541 6534 6540
f 6540 6530 6542
f 6539 6535 6547
f 6538 6535 6539
f 6542 6536 6538
f 6554 6553 6558
f 6544 6545 6565
f 6545 6546 6572
f 6560 6540 6567
f 6747 6540 6560
f 6578 6555 6579
f 6558 6553 6578
f 6559 6552 6558
f 6557 6550 6559
f 6551 6557 6570
f 6553 6555 6578
f 6718 6532 6541
f 6552 6554 6558
f 6555 6556 6586
f 6551 6550 6557
f 6550 6552 6559
f 6554 6520 6553
f 6520 6555 6553
f 6552 6525 6554
f 6550 6522 6552
f 6525 6520 6554
f 6549 6514 6548
f 6417 6416 6526
f 6551 6523 6550
f 6562 6523 6551
f 6523 6522 6550
f 6522 6521 6552
f 6521 6525 6552
f 6524 6523 6562
f 6518 6524 6561
f 6521 6517 6525
f 6522 6517 6521
f 6416 6407 6537
f 6520 6513 6549
f 6525 6513 6520
f 6513 6514 6549
f 6519 6548 6514
f 6524 6408 6523
f 6523 6515 6522
f 6517 6512 6525
f 6512 6513 6525
f 6518 6406 6524
f 6536 6413 6535
f 6547 6529 6544
f 6528 6527 6545
f 6534 6530 6540
f 6536 6535 6538
f 6530 6536 6542
f 6541 6533 6534
f 6718 6531 6532
f 6532 6533 6541
f 6532 6386 6533
f 6386 6534 6533
f 6546 6543 6572
f 6530 6413 6536
f 6534 6418 6530
f 6535 6529 6547
f 6529 6528 6544
f 6529 6415 6528
f 6535 6412 6529
f 6526 6416 6537
f 6527 6417 6526
f 6528 6417 6527
f 6588 6558 6578
f 6603 6589 6590
f 6588 6589 6603
f 6587 6588 6607
f 6590 6586 6591
f 6589 6578 6590
f 6588 6578 6589
f 6587 6559 6588
f 6595 6559 6587
f 6590 6579 6586
f 6578 6579 6590
f 6607 6588 6608
f 6559 6558 6588
f 6595 6557 6559
f 6584 6585 6609
f 6585 6583 6601
f 6584 6576 6585
f 6788 6577 6584
f 6583 6600 6601
f 6582 6580 6600
f 6576 6583 6585
f 6581 6596 6602
f 6601 6600 6612
f 6585 6601 6609
f 6602 6596 6614
f 6600 6599 6611
f 6599 6602 6611
f 6599 6581 6602
f 6606 6595 6607
f 6598 6595 6606
f 6597 6594 6598
f 6596 6594 6597
f 6577 6576 6584
f 6595 6587 6607
f 6598 6593 6595
f 6594 6593 6598
f 6600 6580 6599
f 6580 6581 6599
f 6596 6592 6594
f 6581 6592 6596
f 6593 6570 6595
f 6594 6571 6593
f 6547 6565 6566
f 6573 6569 6581
f 6570 6557 6595
f 6571 6570 6593
f 6569 6571 6594
f 6572 6573 6581
f 6563 6572 6582
f 6571 6551 6570
f 6567 6538 6568
f 6568 6538 6564
f 6564 6547 6566
f 6572 6581 6580
f 6547 6544 6565
f 6572 6543 6573
f 6543 6569 6573
f 6569 6562 6571
f 6562 6551 6571
f 6565 6545 6563
f 6545 6572 6563
f 6569 6561 6562
f 6561 6569 6543
f 6566 6565 6576
f 6788 6574 6577
f 6788 6575 6574
f 6583 6582 6600
f 6592 6569 6594
f 6579 6555 6586
f 6577 6564 6576
f 6583 6563 6582
f 6576 6565 6583
f 6565 6563 6583
f 6313 6312 6349
f 6756 6567 6575
f 6574 6568 6577
f 6567 6574 6575
f 6567 6568 6574
f 6756 6560 6567
f 6568 6564 6577
f 6564 6566 6576
f 6581 6569 6592
f 6582 6572 6580
f 6120 6119 6123
f 6124 6123 6125
f 6185 6097 6184
f 6098 6097 6185
f 6097 6124 6184
f 6181 6060 6180
f 6182 6118 6181
f 6122 6117 6183
f 6123 6119 6122
f 6117 6182 6183
f 6119 6117 6122
f 6184 6124 6125
f 6124 6120 6123
f 6121 6060 6181
f 6117 6118 6182
f 6118 6121 6181
f 6118 6087 6121
f 6115 6099 6211
f 6116 6111 6115
f 6114 6113 6160
f 6113 6112 6159
f 6059 6129 6133
f 6132 6131 6141
f 6134 6127 6136
f 6133 6129 6134
f 6130 6127 6134
f 6131 6059 6135
f 6180 6061 6132
f 6061 6131 6132
f 6059 6133 6135
f 6129 6130 6134
f 6062 6059 6131
f 6112 6116 6159
f 6127 6137 6136
f 6128 6137 6127
f 6127 6126 6128
f 6130 6052 6127
f 6127 6053 6126
f 6052 6053 6127
f 6186 6100 6185
f 6100 6186 6187
f 6100 6098 6185
f 6097 6093 6124
f 6103 6107 6104
f 6101 6100 6187
f 6099 6101 6210
f 6099 6096 6101
f 6115 6096 6099
f 6101 6095 6100
f 6095 6094 6100
f 6100 6092 6098
f 6092 6097 6098
f 6124 6093 6091
f 6107 6103 6102
f 6094 6092 6100
f 6092 6093 6097
f 6096 6095 6101
f 6096 6081 6095
f 6080 6096 6111
f 6120 6089 6119
f 6119 6088 6117
f 6124 6090 6120
f 6089 6088 6119
f 6109 6105 6110
f 6112 6111 6116
f 6111 6096 6115
f 6112 6106 6111
f 6109 6110 6151
f 6151 6108 6114
f 6110 6108 6151
f 6108 6113 6114
f 2941 6150 2942
f 2941 6109 6150
f 2939 6109 2941
f 6141 6131 6135
f 6108 6107 6113
f 6107 6106 6113
f 6106 6112 6113
f 6106 6080 6111
f 6105 6109 2939
f 6105 6108 6110
f 6108 6104 6107
f 6104 6108 6105
f 6107 6102 6106
f 6160 6163 6172
f 6158 6174 6177
f 6167 6156 6158
f 6170 6165 6169
f 6165 6170 6166
f 6165 6167 6169
f 6165 6156 6167
f 6173 6157 6164
f 6161 6172 6175
f 6161 6162 6172
f 6162 6160 6172
f 6167 6158 6177
f 6160 6213 6163
f 6164 6152 6161
f 6154 6152 6164
f 6160 6159 6213
f 6212 6116 6211
f 6213 6159 6212
f 6159 6116 6212
f 6116 6115 6211
f 6162 6151 6160
f 6176 6161 6175
f 6179 6178 6243
f 6178 6176 6243
f 6176 6175 6222
f 6171 6177 6231
f 6177 6179 6231
f 6177 6174 6179
f 6174 6173 6179
f 6173 6178 6179
f 6175 6172 6222
f 6178 6173 6176
f 6161 6151 6162
f 6173 6164 6176
f 6164 6161 6176
f 6158 6173 6174
f 6170 6169 6171
f 6171 6167 6177
f 6169 6167 6171
f 6227 6168 6166
f 6168 6227 3001
f 6166 6170 6227
f 6140 6135 6139
f 6143 6138 6149
f 6147 6143 6146
f 6144 6139 6148
f 6139 6147 6148
f 6140 6139 6144
f 6145 6141 6144
f 6147 6142 6143
f 6142 6147 6139
f 6141 6140 6144
f 6192 6141 6145
f 6146 6143 6149
f 6142 6134 6143
f 6139 6134 6142
f 6136 6143 6134
f 6143 6137 6138
f 6136 6137 6143
f 6141 6135 6140
f 6132 6141 6192
f 6135 6133 6139
f 6133 6134 6139
f 2976 6155 6156
f 6152 6151 6161
f 6151 6114 6160
f 6160 6113 6159
f 6158 6157 6173
f 6157 6154 6164
f 6155 6157 6158
f 6156 6155 6158
f 2979 6156 6165
f 6155 6153 6157
f 6090 6089 6120
f 6157 6150 6154
f 6153 6150 6157
f 2976 6153 6155
f 2976 2942 6153
f 6152 6109 6151
f 6150 6109 6154
f 6109 6152 6154
f 2942 6150 6153
f 6145 6144 6283
f 6025 6024 6039
f 6082 6041 6042
f 6041 6046 6042
f 6040 6037 6045
f 6067 6041 6082
f 6041 6040 6046
f 6037 6039 6045
f 6039 6030 6038
f 6040 6025 6037
f 6025 6039 6037
f 6039 6024 6030
f 6046 6040 6045
f 6036 6035 6048
f 6048 6034 6036
f 6036 6031 6035
f 6034 6031 6036
f 6035 6033 6047
f 6031 6032 6035
f 6032 6033 6035
f 6030 6034 6038
f 6029 6034 6030
f 6042 6057 6086
f 6053 6051 6126
f 6052 6048 6053
f 6053 6050 6051
f 6058 6048 6052
f 6049 6048 6058
f 6048 6050 6053
f 6050 6035 6051
f 6048 6035 6050
f 6047 6051 6035
f 6057 6045 6056
f 6029 6031 6034
f 6045 6044 6056
f 6046 6045 6057
f 6046 6057 6042
f 6043 6034 6049
f 6045 6039 6044
f 6039 6043 6044
f 6034 6048 6049
f 6039 6038 6043
f 6038 6034 6043
f 5996 6003 6004
f 5997 6010 6011
f 5997 6009 6010
f 5997 6008 6009
f 5997 6007 6008
f 5997 6006 6007
f 5997 6005 6006
f 5997 6004 6005
f 5997 5996 6004
f 6011 5995 6014
f 6010 5995 6011
f 6022 5997 6011
f 5996 6002 6003
f 6000 5996 5998
f 5996 6001 6002
f 5996 6000 6001
f 6021 5994 6020
f 6019 5994 6021
f 6013 6020 5994
f 6013 5993 6012
f 5998 6012 5993
f 6018 6016 6022
f 6028 6041 6067
f 6041 6027 6040
f 6026 6025 6040
f 6026 6040 6027
f 6027 6041 6028
f 2799 7052 6033
f 103 7990 6023
f 6021 6020 6022
f 6019 6021 6022
f 6020 6013 6022
f 6044 6043 6054
f 6022 6017 6018
f 6015 6017 6022
f 6022 6014 6015
f 6022 6016 6019
f 6022 6011 6014
f 6014 5995 6015
f 6013 5999 6022
f 6013 6012 5999
f 6012 5998 5999
f 6071 6078 6079
f 6084 6082 6088
f 6081 6079 6095
f 6080 6081 6096
f 6106 6075 6080
f 6081 6071 6079
f 6075 6081 6080
f 6075 6074 6081
f 6102 6075 6106
f 6077 6066 6076
f 6078 6071 6072
f 6088 6082 6087
f 6078 6073 6077
f 6073 6066 6077
f 6072 6073 6078
f 6074 6071 6081
f 2912 6075 6102
f 2884 6074 6075
f 6071 6074 2884
f 2882 6072 6071
f 6066 6070 6076
f 6090 6085 6089
f 6091 6090 6124
f 6117 6087 6118
f 6087 6086 6121
f 6088 6087 6117
f 6095 6078 6094
f 6079 6078 6095
f 6092 6076 6093
f 6078 6092 6094
f 6077 6076 6092
f 6078 6077 6092
f 6085 6069 6083
f 6085 6083 6089
f 6076 6070 6093
f 6091 6085 6090
f 6070 6085 6091
f 6070 6091 6093
f 6087 6042 6086
f 6082 6042 6087
f 6083 6088 6089
f 6083 6084 6088
f 6058 6052 6130
f 2873 6064 2872
f 6063 6028 6068
f 6061 6062 6131
f 6060 6061 6180
f 6061 6056 6062
f 6129 6058 6130
f 6059 6058 6129
f 6062 6054 6059
f 6121 6057 6060
f 6057 6061 6060
f 6063 6068 2873
f 6059 6054 6058
f 6057 6056 6061
f 6056 6055 6062
f 6086 6057 6121
f 6055 6054 6062
f 6054 6043 6058
f 6056 6044 6055
f 6044 6054 6055
f 6043 6049 6058
f 2875 6073 2881
f 6070 6065 6085
f 6065 6064 6085
f 6064 6069 6085
f 6066 6065 6070
f 6068 6067 6082
f 6084 6068 6082
f 6083 6068 6084
f 6069 6068 6083
f 6073 2882 2881
f 6243 6176 6244
f 2882 6073 6072
f 6065 2874 6064
f 6066 2875 6065
f 2875 6066 6073
f 2872 6064 2874
f 2874 6065 2875
f 6068 6028 6067
f 6064 2873 6069
f 2873 6068 6069
f 6241 6287 6305
f 6296 6277 6329
f 6292 6296 6329
f 6293 6292 6330
f 6295 6294 6303
f 6297 6295 6303
f 6296 6272 6277
f 6292 6272 6296
f 6293 6283 6292
f 6289 6285 6288
f 6287 6239 6289
f 6294 6293 6331
f 6288 6286 6291
f 6290 6284 6297
f 6286 6290 6291
f 6239 6285 6289
f 6241 6240 6287
f 6240 6239 6287
f 6285 6286 6288
f 6286 6284 6290
f 6294 6280 6293
f 6298 6288 6299
f 6265 6264 6350
f 6312 6306 6311
f 6304 6306 6312
f 6306 6305 6311
f 6305 6287 6311
f 6306 6250 6305
f 6331 6293 6330
f 6330 6292 6328
f 6302 6297 6301
f 6297 6303 6301
f 6295 6282 6294
f 6310 6289 6298
f 6288 6300 6299
f 6291 6300 6288
f 6289 6288 6298
f 6300 6290 6302
f 6291 6290 6300
f 6290 6297 6302
f 6287 6289 6310
f 6303 6294 6331
f 6268 6265 6351
f 6147 6274 6276
f 6274 6146 6149
f 6147 6146 6274
f 6283 6144 6272
f 6148 6147 6273
f 6148 6273 6144
f 6270 6271 6316
f 6267 6351 6352
f 6271 6267 6316
f 6267 6268 6351
f 6272 6144 6273
f 6314 6259 6269
f 6261 6259 6314
f 6259 6270 6269
f 6267 6255 6268
f 6268 6254 6265
f 6259 6266 6270
f 6270 6256 6271
f 6256 6267 6271
f 6266 6256 6270
f 6281 6199 6282
f 6297 6282 6295
f 6282 6280 6294
f 6283 6272 6292
f 6293 6279 6283
f 6280 6279 6293
f 6284 6281 6297
f 6281 6282 6297
f 6282 6199 6280
f 6279 6145 6283
f 6280 6203 6279
f 6264 6307 6309
f 6278 6274 6321
f 6321 6275 6320
f 6274 6275 6321
f 6276 6274 6278
f 6278 6273 6276
f 6277 6273 6278
f 6272 6273 6277
f 6274 6149 6275
f 6273 6147 6276
f 6336 6299 6300
f 6341 6340 6395
f 6343 6323 6342
f 6339 6332 6343
f 6335 6334 6345
f 6336 6335 6345
f 6337 6331 6338
f 6333 6301 6337
f 6335 6300 6334
f 6356 6298 6336
f 6336 6300 6335
f 6339 6343 6392
f 6298 6299 6336
f 6337 6303 6331
f 6334 6301 6333
f 6301 6303 6337
f 6302 6301 6334
f 6300 6302 6334
f 6341 6328 6340
f 6340 6329 6339
f 6330 6328 6341
f 6336 6345 6370
f 6353 6308 6309
f 6309 6313 6349
f 6359 6311 6357
f 6311 6358 6357
f 6312 6311 6359
f 6345 6347 6398
f 6344 6337 6375
f 6375 6341 6395
f 6347 6333 6346
f 6345 6334 6347
f 6331 6341 6338
f 6334 6333 6347
f 6375 6338 6341
f 6346 6337 6344
f 6333 6337 6346
f 6337 6338 6375
f 6395 6340 6391
f 6340 6392 6391
f 6340 6339 6392
f 6343 6342 6390
f 6263 6262 6315
f 6317 6318 6363
f 6314 6317 6319
f 6465 6314 6319
f 6315 6314 6465
f 6318 6270 6316
f 6269 6318 6317
f 6269 6270 6318
f 6316 6267 6352
f 6314 6269 6317
f 6315 6261 6314
f 6319 6317 6468
f 6351 6265 6350
f 6310 6298 6356
f 6311 6310 6358
f 6308 6264 6309
f 6309 6304 6313
f 6350 6264 6308
f 6304 6312 6313
f 6311 6287 6310
f 6307 6304 6309
f 6342 6322 6325
f 6332 6323 6343
f 6339 6329 6332
f 6328 6329 6340
f 6331 6330 6341
f 6329 6277 6332
f 6328 6292 6329
f 6394 6326 6327
f 6325 6326 6394
f 6325 6322 6326
f 6256 6255 6267
f 6324 6326 6322
f 6323 6322 6342
f 6322 6320 6324
f 6323 6321 6322
f 6277 6323 6332
f 6321 6320 6322
f 6278 6323 6277
f 6278 6321 6323
f 6468 6317 6363
f 6206 6205 6241
f 6240 6207 6239
f 6241 6207 6240
f 6207 6204 6239
f 6205 6207 6241
f 6286 6201 6284
f 6239 6209 6285
f 6209 6286 6285
f 6208 6201 6286
f 6209 6208 6286
f 6204 6209 6239
f 6211 6099 6210
f 6205 6188 6207
f 6206 6189 6205
f 6209 6197 6208
f 6207 6198 6204
f 6198 6209 6204
f 6201 6281 6284
f 6200 6199 6281
f 6201 6200 6281
f 6199 6203 6280
f 6172 6163 6217
f 6216 6226 6220
f 6217 6216 6242
f 6226 6219 6218
f 6216 6219 6226
f 6218 6225 6226
f 6218 6224 6225
f 6215 6214 6223
f 6218 6215 6224
f 6172 6217 6221
f 6217 6163 6216
f 6202 6145 6279
f 6215 6187 6214
f 6216 6212 6219
f 6163 6213 6216
f 6213 6212 6216
f 6212 6218 6219
f 6218 6211 6215
f 6211 6210 6215
f 6212 6211 6218
f 6210 6187 6215
f 6210 6101 6187
f 6187 6190 6214
f 6190 6185 6189
f 6185 6188 6189
f 6186 6185 6190
f 6198 6125 6197
f 6188 6184 6198
f 6125 6123 6197
f 6184 6125 6198
f 6185 6184 6188
f 6187 6186 6190
f 6214 6190 6206
f 6183 6182 6194
f 6195 6183 6194
f 6197 6122 6196
f 6122 6195 6196
f 6122 6183 6195
f 6123 6122 6197
f 6180 6132 6191
f 6181 6180 6191
f 6182 6181 6194
f 6189 6188 6205
f 6203 6202 6279
f 6200 6194 6199
f 6201 6194 6200
f 6192 6145 6202
f 6203 6192 6202
f 6199 6191 6203
f 6208 6196 6201
f 6194 6193 6199
f 6191 6192 6203
f 6193 6191 6199
f 6242 6216 6220
f 6190 6189 6206
f 6197 6196 6208
f 6188 6198 6207
f 6198 6197 6209
f 6196 6195 6201
f 6195 6194 6201
f 6191 6132 6192
f 6194 6181 6193
f 6181 6191 6193
f 6266 6245 6256
f 6251 6250 6306
f 6242 6220 6255
f 6220 6254 6255
f 6254 6226 6249
f 6253 6225 6252
f 6220 6226 6254
f 6226 6253 6249
f 6252 6224 6251
f 6247 6248 6259
f 6248 6246 6259
f 6250 6241 6305
f 6246 6266 6259
f 6246 6245 6266
f 6235 6233 6258
f 6233 6257 6258
f 6257 6243 6247
f 6233 6243 6257
f 6247 6244 6248
f 6245 6242 6255
f 6246 6222 6245
f 6255 6254 6268
f 6262 6261 6315
f 6453 6258 6263
f 6258 6262 6263
f 6260 6258 6453
f 6262 6257 6261
f 6261 6247 6259
f 6257 6247 6261
f 6258 6257 6262
f 6432 6236 6260
f 6236 6258 6260
f 6244 6246 6248
f 6256 6245 6255
f 6264 6252 6307
f 6265 6253 6264
f 6254 6249 6265
f 6249 6253 6265
f 6253 6252 6264
f 6252 6251 6307
f 6304 6251 6306
f 6251 6304 6307
f 6224 6223 6251
f 6228 6227 6421
f 6227 6229 6230
f 6229 6170 6171
f 6227 6170 6229
f 3002 3001 6420
f 3001 6228 6420
f 3001 6227 6228
f 6251 6206 6250
f 6206 6241 6250
f 6226 6225 6253
f 6420 6228 6421
f 6225 6224 6252
f 6223 6206 6251
f 6224 6215 6223
f 6223 6214 6206
f 6222 6221 6245
f 6221 6217 6245
f 6176 6222 6244
f 6222 6172 6221
f 6217 6242 6245
f 6230 6237 6428
f 6243 6244 6247
f 6244 6222 6246
f 6238 6236 6432
f 6236 6235 6258
f 6237 6234 6238
f 6238 6232 6236
f 6232 6231 6236
f 6231 6235 6236
f 6234 6232 6238
f 8151 7566 8150
f 6237 6229 6234
f 6231 6233 6235
f 6233 6179 6243
f 6231 6179 6233
f 6229 6232 6234
f 6232 6171 6231
f 6171 6232 6229
f 6230 6229 6237
f 6421 6227 6230
f 9950 9949 9982
f 9956 9955 9988
f 9954 9952 9985
f 9955 9954 9987
f 9953 9986 9952
f 9953 9951 9984
f 9951 9950 9983
f 9983 9950 9982
f 9982 9949 9981
f 9981 9948 9980
f 9980 9947 9978
f 9957 9956 9989
f 9949 9948 9981
f 9948 9947 9980
f 9947 9946 9978
f 9946 9945 9979
f 9979 9978 9946
f 9979 9945 9977
f 9945 9944 9977
f 9944 9976 9977
f 9975 9974 9942
f 9991 9958 9990
f 9995 9963 9994
f 9994 9961 9993
f 9993 9960 9992
f 9965 9964 9997
f 9963 9995 9962
f 9964 9962 9996
f 9963 9961 9994
f 9961 9960 9993
f 9960 9959 9992
f 9992 9959 9991
f 9976 9943 9974
f 9990 9957 9989
f 9989 9956 9988
f 9988 9955 9987
f 9987 9954 9985
f 9986 9985 9952
f 9986 9953 9984
f 9984 9951 9983
f 9959 9958 9991
f 9958 9957 9990
f 9984 9870 9986
f 9869 9874 10231
f 9868 9869 10229
f 9986 9871 9985
f 9987 9872 9988
f 9985 9872 9987
f 9978 9889 9980
f 9981 9893 9982
f 9980 9893 9981
f 9983 9873 9984
f 9982 9873 9983
f 10221 9819 10222
f 9973 9895 9975
f 9975 9894 9974
f 9923 9922 9908
f 9924 9906 9922
f 9927 9905 9926
f 9927 9923 9907
f 9924 9921 9902
f 9971 9896 9972
f 9926 9898 9928
f 9940 9938 9972
f 9975 9941 9973
f 9972 9939 9971
f 9973 9940 9972
f 9937 9925 9971
f 9928 9925 9935
f 9936 9926 9928
f 9943 9942 9974
f 9944 9943 9976
f 9941 9940 9973
f 9942 9941 9975
f 9996 9962 9995
f 9939 9937 9971
f 9938 9939 9972
f 9928 9935 9936
f 9933 9923 9931
f 9936 9934 9926
f 9934 9931 9927
f 9937 9935 9925
f 10223 9865 10224
f 10222 9821 10223
f 10267 10028 10029
f 10243 10242 10004
f 10244 10243 10004
f 10242 10241 10002
f 10241 10240 10002
f 10240 10239 9877
f 10239 10238 9877
f 10237 9876 10238
f 10237 10236 9875
f 10236 10235 9875
f 10273 10029 10030
f 10245 10244 10005
f 10269 10026 10027
f 10271 10027 10028
f 10266 10023 10024
f 10270 10025 10026
f 10265 10024 10025
f 10261 10022 10023
f 10262 10021 10022
f 10260 10018 10019
f 10259 10019 10020
f 10256 10253 10013
f 8423 10044 8729
f 8421 8420 8728
f 8727 8419 8422
f 8727 8418 8419
f 8422 8421 8727
f 8727 8415 8418
f 8727 8407 8415
f 10257 10255 10016
f 10256 10014 10255
f 10258 10257 10017
f 10264 10020 10021
f 10254 10013 10253
f 10254 10251 10012
f 10252 10011 10251
f 10250 10249 10009
f 10252 10250 10010
f 10248 10247 10007
f 10249 10248 10008
f 10246 10245 10006
f 10247 10246 10007
f 10001 9968 10000
f 9874 9875 10235
f 10002 10003 10004
f 10230 10229 9869
f 10231 10230 9869
f 10227 9868 10229
f 10228 9867 10227
f 10228 10225 9866
f 10226 9866 10225
f 10224 9865 10226
f 10220 9969 10001
f 9875 9876 10237
f 10000 9967 9999
f 9999 9966 9998
f 9970 9969 10220
f 9969 9968 10001
f 9968 9967 10000
f 9967 9966 9999
f 9966 9965 9998
f 9998 9965 9997
f 9997 9964 9996
f 10008 10009 10249
f 10017 10018 10258
f 10235 10231 9874
f 10014 10016 10255
f 10016 10017 10257
f 10013 10014 10256
f 10012 10013 10254
f 10010 10011 10252
f 10011 10012 10251
f 10009 10010 10250
f 9898 9925 9928
f 10007 10008 10248
f 10006 10007 10246
f 10005 10006 10245
f 10004 10005 10244
f 10002 10004 10242
f 9877 10002 10240
f 10014 10015 10016
f 10011 10013 10012
f 9876 9877 10238
f 9817 9814 9815
f 9859 8295 9858
f 9856 8295 9859
f 8295 9857 9858
f 8295 9855 9857
f 8295 9854 9855
f 8295 9847 9854
f 10329 8634 10234
f 9820 9861 9862
f 9860 9820 9862
f 9813 9816 9819
f 9878 9856 9859
f 9814 9811 9815
f 9811 9813 9812
f 10234 8633 10232
f 10218 10232 8633
f 10217 8633 10215
f 10219 10216 8633
f 8633 10217 10219
f 8633 10211 10215
f 8633 10216 10218
f 9861 9820 9992
f 9865 9866 10226
f 9821 9865 10223
f 9819 9821 10222
f 9998 9811 9999
f 9870 9871 9986
f 9872 9985 9871
f 9997 9811 9998
f 9872 9863 9988
f 9863 9862 9989
f 9862 9861 9991
f 10212 10211 8633
f 9820 9818 9992
f 9813 9819 10221
f 9818 9817 9992
f 9817 9815 9996
f 9872 9864 9863
f 9812 9813 10000
f 9864 9862 9863
f 9811 9812 9999
f 9815 9811 9997
f 10004 8778 10005
f 10015 8781 10016
f 10014 8781 10015
f 10013 8781 10014
f 10011 8781 10013
f 10009 8781 10010
f 8781 10011 10010
f 10008 8781 10009
f 10007 8781 10008
f 10006 8781 10007
f 10005 8781 10006
f 10016 8783 10017
f 10003 8778 10004
f 10002 8778 10003
f 9877 8778 10002
f 9876 8668 9877
f 10205 8633 10204
f 10205 10206 8633
f 10203 10204 8633
f 10201 8633 10202
f 10200 8633 10199
f 10026 8784 10027
f 8633 10214 10212
f 8633 10213 10214
f 10210 8633 10209
f 10210 10213 8633
f 10208 8633 10206
f 10207 10209 8633
f 8633 10208 10207
f 8784 10029 10028
f 8784 10030 10029
f 10027 8784 10028
f 9866 9867 10228
f 10025 8784 10026
f 10024 8783 10025
f 10022 8783 10023
f 8783 10024 10023
f 10021 8783 10022
f 10018 8783 10019
f 8783 10020 10019
f 8783 10021 10020
f 10017 8783 10018
f 9930 9921 9924
f 9908 9907 9923
f 9905 9898 9926
f 9907 9905 9927
f 9897 9896 9971
f 9898 9897 9925
f 9896 9895 9972
f 9902 9921 9901
f 9933 9922 9923
f 9932 9924 9922
f 9923 9927 9931
f 9902 9906 9924
f 9926 9934 9927
f 9920 9887 9917
f 9929 9920 9921
f 9916 9886 9918
f 9917 9888 9916
f 9919 9884 9914
f 9914 9883 9915
f 9915 9882 9912
f 9918 9885 9919
f 9919 9914 9910
f 9925 9897 9971
f 9972 9895 9973
f 9917 9916 9903
f 9921 9920 9901
f 9920 9917 9904
f 9914 9909 9910
f 9919 9910 9918
f 9910 9911 9918
f 9912 9909 9915
f 9909 9914 9915
f 9913 9912 9881
f 9904 9901 9920
f 9911 9916 9918
f 9911 9903 9916
f 9904 9917 9903
f 9974 9892 9976
f 9976 9891 9977
f 9891 9979 9977
f 9979 9890 9978
f 9908 9922 9906
f 9995 9817 9996
f 9890 9889 9978
f 9991 9861 9992
f 9988 9863 9989
f 9990 9862 9991
f 9989 9862 9990
f 10220 9813 10221
f 10000 9813 10001
f 9813 10220 10001
f 9999 9812 10000
f 9996 9815 9997
f 9891 9890 9979
f 9994 9817 9995
f 9993 9817 9994
f 9992 9817 9993
f 9893 9980 9889
f 9893 9873 9982
f 9873 9870 9984
f 9878 9859 9900
f 10030 8982 10274
f 9867 9868 10227
f 9884 9883 9914
f 9900 9899 9880
f 9913 9879 9899
f 9933 9932 9922
f 9932 9930 9924
f 9930 9929 9921
f 9887 9888 9917
f 9929 9887 9920
f 9886 9885 9918
f 9888 9886 9916
f 8729 8420 8423
f 9885 9884 9919
f 9883 9882 9915
f 9882 9881 9912
f 9881 9879 9913
f 9879 9880 9899
f 9880 9878 9900
f 9895 9894 9975
f 9894 9892 9974
f 9892 9891 9976
f 10132 10152 10154
f 10175 10083 10173
f 10083 10174 10173
f 10177 10082 10175
f 10178 10076 10176
f 10076 10177 10176
f 10160 10115 10161
f 10115 10160 10159
f 10133 10147 10152
f 10127 10148 10149
f 10134 10149 10147
f 10084 10171 10169
f 10120 10153 10150
f 10121 10150 10151
f 10119 10151 10157
f 10120 10154 10153
f 10116 10155 10161
f 10117 10157 10156
f 10118 10156 10155
f 10126 10146 10145
f 10141 10128 10142
f 10090 10089 10306
f 10101 10100 10321
f 10100 10097 10320
f 10098 10101 10315
f 10317 10099 10098
f 10097 10096 10293
f 10096 10095 10295
f 10095 10094 10296
f 10283 10284 10071
f 10091 10090 10304
f 10094 10091 10305
f 10146 10129 10141
f 10089 10088 10302
f 10292 10093 10092
f 10037 10323 10324
f 10122 10067 10193
f 10110 10165 10168
f 10086 10167 10170
f 10086 10168 10167
f 10084 10169 10174
f 10085 10170 10171
f 10111 10112 10164
f 10151 10119 10121
f 10157 10117 10119
f 10155 10116 10118
f 10145 10125 10126
f 10127 10125 10148
f 10114 10115 10159
f 10161 10115 10116
f 10119 10120 10121
f 10113 10114 10158
f 10112 10113 10163
f 10118 10117 10156
f 10110 10111 10166
f 10179 10075 10178
f 10180 10074 10179
f 10172 10072 10181
f 10183 10073 10182
f 10073 10180 10182
f 10072 10183 10181
f 10168 10086 10110
f 10170 10085 10086
f 10158 10114 10159
f 10125 10145 10148
f 10143 10128 10135
f 10135 10136 10143
f 10136 10144 10143
f 10138 10136 10137
f 10136 10138 10144
f 10126 10129 10146
f 10129 10128 10141
f 10128 10143 10142
f 10163 10113 10158
f 10319 10106 10102
f 10164 10112 10162
f 10112 10163 10162
f 10166 10111 10164
f 10165 10110 10166
f 10147 10133 10134
f 10134 10127 10149
f 10152 10132 10133
f 10154 10120 10132
f 10150 10121 10120
f 10152 10147 10193
f 10193 10158 10159
f 10163 10158 10193
f 10193 10155 10156
f 10156 10157 10193
f 10157 10151 10193
f 10161 10155 10193
f 10151 10150 10193
f 10193 10153 10154
f 10153 10193 10150
f 10149 10148 10193
f 10193 10159 10160
f 10154 10152 10193
f 10193 10145 10146
f 10148 10145 10193
f 10147 10149 10193
f 10138 10137 10193
f 10146 10141 10193
f 10141 10142 10193
f 10142 10143 10193
f 10143 10144 10193
f 10171 10170 10193
f 10181 10183 10193
f 10180 10179 10193
f 10182 10180 10193
f 10178 10176 10193
f 10179 10178 10193
f 10176 10177 10193
f 10177 10175 10193
f 10175 10173 10193
f 10173 10174 10193
f 10174 10169 10193
f 10144 10138 10193
f 10170 10167 10193
f 10169 10171 10193
f 10168 10165 10193
f 10167 10168 10193
f 10193 10164 10162
f 10166 10164 10193
f 10162 10163 10193
f 10165 10166 10193
f 10193 10160 10161
f 10286 10071 10284
f 10299 10302 10088
f 10322 10080 10290
f 10080 10289 10290
f 10300 10299 10081
f 10298 10301 10081
f 10301 10300 10081
f 10322 10298 10079
f 10288 10289 10078
f 10288 10077 10287
f 10287 10071 10285
f 10302 10303 10089
f 10286 10285 10071
f 10307 10092 10107
f 10312 10107 10108
f 10311 10109 10104
f 10310 10105 10106
f 10313 10108 10109
f 10309 10104 10105
f 10316 10103 10099
f 10318 10102 10103
f 10320 10097 10294
f 10140 10130 10193
f 10193 10139 10140
f 10139 10193 10137
f 10123 10122 10193
f 10124 10123 10193
f 10130 10131 10193
f 10131 10124 10193
f 10305 10091 10304
f 10321 10315 10101
f 10184 10042 10172
f 10321 10100 10320
f 10097 10293 10294
f 10296 10295 10095
f 10295 10293 10096
f 10317 10098 10315
f 10297 10296 10094
f 10094 10305 10297
f 10306 10089 10303
f 10306 10304 10090
f 10125 8756 10126
f 10107 8786 10108
f 8786 10109 10108
f 8786 10107 10092
f 10095 8788 10094
f 10095 10096 8788
f 10094 8790 10091
f 8790 10090 10091
f 10123 8777 10122
f 10067 10122 8777
f 10129 8756 10128
f 8786 10106 10105
f 10127 8756 10125
f 8756 10129 10126
f 10132 8757 10133
f 10120 8757 10132
f 10119 8757 10120
f 10134 8756 10127
f 10133 8756 10134
f 10130 8753 10131
f 10139 8753 10140
f 10102 8788 10103
f 10033 10036 10041
f 10037 10034 10035
f 10034 10031 10035
f 10031 10033 10032
f 8790 10089 10090
f 8790 10087 10089
f 10087 8791 10088
f 8791 10081 10088
f 10081 8792 10080
f 10093 8786 10092
f 10136 8756 10137
f 8788 10099 10103
f 10106 8788 10102
f 10101 8788 10100
f 10098 10099 8788
f 8788 10101 10098
f 10097 8788 10096
f 8788 10097 10100
f 10109 8786 10104
f 8786 10105 10104
f 8732 10061 10053
f 10052 8732 10053
f 10054 8733 10052
f 10055 8732 10051
f 10057 8732 10055
f 10056 8732 10057
f 10063 8732 10058
f 10061 8732 10060
f 8732 10062 10060
f 8732 10063 10062
f 8732 10059 10058
f 10064 8734 10054
f 8732 10056 10059
f 10051 8731 10047
f 10050 8730 10049
f 10047 8730 10046
f 8730 10050 10046
f 10048 8730 10045
f 8730 10048 10049
f 10043 8729 10044
f 8730 10043 10045
f 10116 8757 10118
f 8753 10130 10140
f 10135 8756 10136
f 8756 10135 10128
f 10137 8753 10139
f 10124 8753 10123
f 8753 10124 10131
f 10113 8760 10114
f 10112 8760 10113
f 10117 8757 10119
f 10118 8757 10117
f 10041 10040 10042
f 10115 8757 10116
f 10114 8757 10115
f 8777 10066 10067
f 10111 8760 10112
f 10110 8760 10111
f 10086 8760 10110
f 10084 8767 10086
f 8777 10065 10066
f 8777 10064 10065
f 10072 10073 10183
f 10084 10086 10085
f 10188 10033 10187
f 10032 10188 10189
f 10186 10033 10185
f 10033 10186 10187
f 10323 10031 10191
f 10031 10190 10191
f 10075 10076 10178
f 10074 10075 10179
f 10073 10074 10180
f 10076 10082 10177
f 10042 10072 10172
f 10071 10069 10283
f 10081 10080 10079
f 10069 10068 10282
f 10068 10039 10279
f 10039 10038 10278
f 10041 10042 10184
f 10037 10035 10323
f 10033 10041 10185
f 10278 10038 10276
f 10171 10084 10085
f 10174 10083 10084
f 10185 10041 10184
f 10190 10032 10189
f 10283 10069 10282
f 10282 10068 10280
f 10281 10280 10068
f 10281 10068 10279
f 10088 10081 10299
f 10278 10279 10039
f 10033 10188 10032
f 10081 10079 10298
f 10079 10080 10322
f 10277 10037 10324
f 10277 10276 10037
f 10080 10078 10289
f 10078 10077 10288
f 10089 10087 10088
f 10077 10071 10287
f 10082 10083 10175
f 10044 8423 10192
f 10055 10051 10192
f 10051 10047 10192
f 10047 10050 10192
f 10059 10056 10192
f 10058 10059 10192
f 10048 10045 10192
f 10049 10048 10192
f 10050 10049 10192
f 10192 10043 10044
f 10045 10043 10192
f 10192 10056 10057
f 8423 8447 10192
f 10052 10053 10061
f 10047 10046 10050
f 10327 8824 10329
f 10327 10326 7889
f 10326 10325 7889
f 10325 10193 7889
f 10193 10192 7889
f 8447 7889 10192
f 10066 10065 10192
f 10035 10031 10323
f 10031 10032 10190
f 10038 10037 10276
f 10070 10068 10071
f 10068 10069 10071
f 10275 8982 10093
f 10275 10274 8982
f 10067 10192 10193
f 10067 10066 10192
f 8633 10200 10202
f 10065 10064 10192
f 10063 10058 10192
f 10192 10062 10063
f 10192 10060 10062
f 10064 10054 10192
f 10192 10052 10061
f 10061 10060 10192
f 10054 10052 10192
f 10057 10055 10192
f 9537 9536 10865
f 9552 9796 9799
f 9796 9552 9795
f 9552 9794 9795
f 9552 9800 9783
f 9802 9553 9803
f 9801 9553 9802
f 9794 9552 9801
f 9782 9552 9787
f 9553 9801 9552
f 9538 9537 10865
f 9552 9798 9797
f 9536 9535 10865
f 9535 9534 10865
f 9534 9533 10865
f 9533 9532 10865
f 9532 9531 10865
f 9529 9528 10865
f 9531 9529 10865
f 9528 9530 10865
f 9530 9527 10865
f 9542 9541 10865
f 9620 9619 10867
f 9619 9550 10867
f 9550 9549 10867
f 9549 9548 10865
f 9548 9547 10865
f 9547 9546 10865
f 9546 9545 10865
f 9545 9544 10865
f 9544 9543 10865
f 9543 9542 10865
f 9526 9525 10865
f 9541 9540 10865
f 9540 9539 10865
f 9539 9538 10865
f 10865 9525 9558
f 9784 9552 9785
f 9787 9552 9784
f 9552 9783 9785
f 9800 9552 9797
f 9798 9552 9799
f 9593 9531 9534
f 9537 9538 9539
f 9525 9524 9557
f 9524 9595 9556
f 9595 9588 9555
f 9523 9551 9553
f 9534 9537 9540
f 9537 9535 9536
f 9534 9535 9537
f 9534 9532 9533
f 9534 9531 9532
f 9540 9537 9539
f 9531 9530 9529
f 9528 9529 9530
f 9530 9526 9527
f 9530 9531 9593
f 9588 9525 9530
f 9530 9525 9526
f 9524 9525 9595
f 9525 9588 9595
f 9523 8824 9551
f 9549 9550 9619
f 9527 9526 10865
f 9525 9557 9558
f 9557 9524 9556
f 9595 9555 9556
f 9555 9588 9554
f 9782 9805 9523
f 9552 9782 9523
f 9552 9523 9553
f 8024 9678 9746
f 9620 9549 9619
f 9620 10867 9621
f 9546 9549 9620
f 9623 9543 9546
f 9548 9549 9546
f 9546 9547 9548
f 9540 9543 9623
f 9546 9544 9545
f 9543 9544 9546
f 9542 9543 9540
f 9540 9541 9542
f 9601 9603 9602
f 9564 9785 9562
f 9561 9562 9783
f 9563 9561 9800
f 9559 9796 9594
f 9590 9594 9795
f 9606 9523 9805
f 9604 9579 9631
f 9579 9573 9654
f 9604 9607 9605
f 9603 9601 9604
f 9564 9565 9784
f 9600 9597 9601
f 9598 9600 9599
f 9597 9600 9598
f 9596 9601 9597
f 9601 9579 9604
f 9596 9583 9601
f 9573 9562 9654
f 9562 9534 9644
f 9593 9534 9562
f 9573 9804 9572
f 9610 9612 9611
f 9608 9667 9617
f 9608 9604 9667
f 9608 9610 9609
f 9607 9604 9608
f 9794 9591 9590
f 9588 9589 9554
f 9589 9592 9803
f 9593 9802 9592
f 9593 9591 9794
f 9588 9530 9593
f 9572 9793 9571
f 9570 9791 9569
f 9569 9790 9568
f 9567 9568 9789
f 9566 9567 9788
f 9565 9566 9786
f 9570 9571 9792
f 9563 9797 9560
f 9559 9560 9799
f 9559 9563 9560
f 9571 9573 9572
f 9570 9567 9573
f 9568 9570 9569
f 9567 9562 9573
f 9568 9567 9570
f 9567 9565 9564
f 9565 9567 9566
f 9567 9564 9562
f 9563 9562 9561
f 9562 9563 9593
f 9570 9573 9571
f 10867 9549 10865
f 9553 9551 10868
f 10865 9558 10866
f 9558 9557 10868
f 9557 9556 10868
f 9556 9555 10868
f 9555 9554 10868
f 9803 10868 9554
f 9803 9553 10868
f 9585 9583 9586
f 9594 9590 9559
f 9563 9559 9593
f 9592 9588 9593
f 9591 9593 9590
f 9559 9590 9593
f 9588 9592 9589
f 9587 9583 9596
f 9586 9583 9587
f 9583 9579 9601
f 9746 9669 8026
f 9583 9585 9584
f 9581 9583 9582
f 9580 9583 9581
f 9579 9583 9580
f 9577 9579 9578
f 9577 9573 9579
f 9575 9577 9576
f 9575 9573 9577
f 9573 9575 9574
f 9412 9417 9451
f 9414 9455 9415
f 9412 9456 9413
f 9411 9415 9453
f 9413 9455 9414
f 9391 9404 9461
f 9458 9406 9416
f 9457 9408 9409
f 9407 9459 9409
f 9406 9458 9407
f 9408 9457 9404
f 9410 9460 9416
f 9382 9450 9417
f 9381 9448 9382
f 9385 9391 9462
f 9426 9440 9427
f 9440 9426 9424
f 9422 9439 9424
f 9438 9420 9421
f 9420 9438 9422
f 9419 9437 9421
f 9310 9431 9314
f 9437 9419 9436
f 9419 9435 9436
f 9435 9423 9434
f 9434 9323 9433
f 9432 9314 9431
f 9433 9322 9432
f 9312 9430 9431
f 9313 9429 9430
f 9322 9433 9323
f 9314 9432 9322
f 9423 9435 9419
f 9465 9286 9464
f 9463 9464 9286
f 9381 9383 9449
f 9379 9447 9383
f 9379 9380 9446
f 9425 9443 9428
f 9427 9443 9425
f 9380 9428 9445
f 9410 9411 9452
f 9462 9461 9201
f 10517 9201 9202
f 10517 9521 9201
f 9522 9201 9521
f 9465 9201 9522
f 9429 9313 9378
f 9431 9310 9312
f 9430 9312 9313
f 9464 9201 9465
f 9463 9201 9464
f 9462 9201 9463
f 9391 9385 9386
f 9459 9201 9457
f 9460 9201 9458
f 9460 9452 9201
f 9453 9201 9452
f 9461 9457 9201
f 9459 9458 9201
f 9456 9451 9201
f 9451 9450 9201
f 9450 9448 9201
f 9399 9391 9397
f 9323 9434 9423
f 9463 9285 9462
f 9418 9382 9417
f 9391 9386 9387
f 9403 9391 9400
f 9403 9402 9391
f 9404 9391 9405
f 9391 9401 9405
f 9402 9401 9391
f 9398 9397 9391
f 9438 9421 9437
f 9391 9399 9400
f 9396 9395 9391
f 9391 9395 9398
f 9392 9396 9391
f 9391 9388 9390
f 9390 9389 9391
f 9394 9391 9389
f 9394 9393 9391
f 9393 9392 9391
f 9522 9484 9485
f 10517 9500 9498
f 9499 9500 10517
f 9497 9521 9498
f 9496 9521 9497
f 9495 9521 9496
f 9521 9495 9494
f 9492 9521 9494
f 9521 9490 9491
f 9521 9493 9490
f 9492 9493 9521
f 9503 9499 10517
f 9484 9522 9491
f 9468 9522 9485
f 9499 9503 9501
f 9470 9487 9488
f 9470 9480 9481
f 9470 9477 9480
f 9470 9483 9477
f 9470 9489 9483
f 9489 9470 9488
f 9510 9511 10517
f 7990 9669 9551
f 7888 7887 9551
f 9115 10864 9202
f 9516 10517 9517
f 9515 10517 9516
f 10517 9514 9513
f 9514 10517 9515
f 9512 10517 9513
f 9510 10517 9512
f 10517 9509 9508
f 9475 9474 9470
f 9509 10517 9511
f 9507 10517 9508
f 9506 10517 9507
f 9505 10517 9506
f 9504 10517 9505
f 10517 9498 9521
f 9521 9491 9522
f 9502 10517 9504
f 9502 9503 10517
f 9443 9427 9442
f 9456 9412 9451
f 9455 9413 9456
f 9415 9455 9454
f 9448 9381 9449
f 9450 9382 9448
f 9449 9383 9447
f 9447 9379 9446
f 9446 9380 9445
f 9444 9428 9443
f 9445 9428 9444
f 9451 9417 9450
f 9440 9442 9427
f 9440 9424 9441
f 9439 9441 9424
f 9462 9391 9461
f 9461 9404 9457
f 9457 9409 9459
f 9459 9407 9458
f 9458 9416 9460
f 9439 9422 9438
f 9487 9470 9468
f 9470 9473 9475
f 9472 9470 9479
f 9470 9478 9479
f 9470 9481 9478
f 9487 9468 9486
f 9470 9472 9473
f 9468 9485 9486
f 9476 9470 9474
f 9476 9471 9470
f 9610 9608 9617
f 9470 9482 9469
f 9468 9470 9469
f 9522 9468 9287
f 9522 9287 9465
f 10518 9202 10610
f 9202 10518 10517
f 9453 9415 9454
f 9452 9411 9453
f 9460 9410 9452
f 9836 9829 8573
f 9835 9830 8574
f 8574 9834 9835
f 8574 9833 9834
f 9846 9831 8574
f 9843 9842 8574
f 9839 9837 8573
f 9842 9840 8573
f 9841 8573 9840
f 9841 9839 8573
f 9838 8573 9837
f 9845 9843 8574
f 9838 9836 8573
f 9827 9826 8572
f 9829 9828 8573
f 9828 9827 8573
f 9824 9823 8570
f 9826 9825 8571
f 9825 9822 8570
f 8570 9822 9824
f 9823 8305 8570
f 9851 8588 9850
f 7790 9883 9884
f 9885 9886 7790
f 9879 9881 7790
f 7790 9880 9879
f 9878 9880 7790
f 9856 9878 7790
f 9854 8632 9855
f 9847 8632 9854
f 9850 8632 9847
f 8301 8300 8579
f 8305 8304 8586
f 9852 9848 8588
f 9853 9852 8588
f 9849 9846 8588
f 8588 9851 9853
f 8588 9848 9849
f 9844 8574 9830
f 9832 8574 9831
f 9845 8574 9844
f 9833 8574 9832
f 9642 9638 10880
f 10879 9672 9674
f 9674 9673 10879
f 10879 9671 9672
f 10879 9670 9671
f 9636 9635 10880
f 9635 9665 10880
f 9641 9640 10880
f 9639 9637 10880
f 10880 9638 9639
f 9640 9642 10880
f 10879 9673 9675
f 9637 9636 10880
f 9665 9664 10880
f 9663 9661 10880
f 10880 9661 9662
f 9662 9660 10880
f 9664 9663 10880
f 9660 9655 10880
f 9655 9659 10880
f 9659 9658 10880
f 9809 9805 9808
f 8304 8301 8585
f 8295 9856 7790
f 9669 9606 10889
f 10880 9654 10867
f 10879 9630 10880
f 9551 9669 10889
f 10878 9605 10879
f 9810 9809 10878
f 9810 10877 9807
f 9809 9810 9807
f 9883 7790 9882
f 9807 9805 9809
f 9809 9574 10878
f 9806 9808 9805
f 9668 9630 10879
f 10879 9667 9668
f 10879 9666 9667
f 9677 9666 10879
f 10879 9676 9677
f 10879 9675 9676
f 9904 8592 9901
f 9958 9959 7790
f 7790 9956 9957
f 9955 9956 7790
f 9954 9955 7790
f 9952 9954 7790
f 7790 9953 9952
f 9951 9953 7790
f 9950 9951 7790
f 9949 7790 9948
f 9949 9950 7790
f 9958 7790 9957
f 8592 9902 9901
f 9907 8592 9905
f 9908 8592 9907
f 9906 8592 9908
f 8592 9906 9902
f 8592 9898 9905
f 9909 8590 9910
f 9913 8590 9912
f 9911 8590 9903
f 9966 9967 8633
f 8633 10201 10203
f 10198 8633 10197
f 10198 10199 8633
f 10196 10197 8633
f 10195 10196 8633
f 10194 10195 8633
f 9970 10194 8633
f 9969 9970 8633
f 9968 9969 8633
f 8633 9967 9968
f 8590 9904 9903
f 9965 9966 8633
f 9964 9965 8633
f 8633 9962 9964
f 8633 9963 9962
f 9900 8632 9899
f 9859 8632 9900
f 9961 7790 9960
f 9963 7790 9961
f 9959 9960 7790
f 9929 7790 9887
f 7790 9943 9944
f 9940 7790 9938
f 9942 7790 9941
f 9940 9941 7790
f 7790 9942 9943
f 9935 7790 9936
f 9934 9936 7790
f 9939 7790 9937
f 9935 9937 7790
f 7790 9939 9938
f 9944 9945 7790
f 9930 7790 9929
f 9888 7790 9886
f 9932 7790 9930
f 7790 9888 9887
f 9931 7790 9933
f 9931 9934 7790
f 7790 9932 9933
f 9882 7790 9881
f 9885 7790 9884
f 9858 8632 9859
f 8590 9911 9910
f 8590 9909 9912
f 9899 8590 9913
f 9894 8594 9892
f 8594 9891 9892
f 9897 8592 9896
f 8592 9895 9896
f 8592 9897 9898
f 9895 8594 9894
f 9658 9657 10880
f 8594 9890 9891
f 9890 8595 9889
f 8595 9893 9889
f 9893 8599 9873
f 9857 8632 9858
f 9855 8632 9857
f 7790 9947 9948
f 9946 9947 7790
f 7790 9945 9946
f 9661 9664 9662
f 9670 9667 9677
f 9674 9671 9673
f 9675 9671 9677
f 9671 9675 9673
f 9670 9677 9671
f 9617 9667 9670
f 9671 9674 9672
f 9667 9631 9668
f 9666 9677 9667
f 9635 9664 9665
f 9675 9677 9676
f 9663 9664 9661
f 9660 9662 9664
f 9660 9654 9659
f 9659 9657 9658
f 9654 9657 9659
f 9654 9656 9657
f 9660 9659 9655
f 9654 9652 9653
f 9654 9651 9652
f 9803 9592 9802
f 9803 9554 9589
f 9787 9565 9786
f 9787 9784 9565
f 9797 9563 9800
f 9785 9783 9562
f 9785 9564 9784
f 9800 9561 9783
f 9795 9594 9796
f 9794 9801 9593
f 9802 9593 9801
f 9654 9648 9651
f 9794 9590 9795
f 9799 9560 9798
f 9797 9798 9560
f 9796 9559 9799
f 9788 9567 9789
f 9786 9566 9788
f 9669 9746 9754
f 9754 9606 9669
f 9754 9201 9606
f 9644 9540 9623
f 9631 9579 9660
f 9579 9654 9660
f 9654 9562 9644
f 9629 9627 9628
f 9644 9623 9629
f 9623 9627 9629
f 9627 9625 9626
f 9623 9625 9627
f 9623 9624 9625
f 9623 9620 9622
f 9604 9631 9667
f 9620 9621 9622
f 9623 9546 9620
f 9644 9534 9540
f 9617 9670 9618
f 9614 9616 9615
f 9613 9616 9614
f 9616 9610 9617
f 9612 9616 9613
f 9612 9610 9616
f 9641 9642 9640
f 9651 9649 9650
f 9648 9649 9651
f 9654 9644 9648
f 9648 9646 9647
f 9648 9645 9646
f 9644 9645 9648
f 9644 9629 9643
f 9642 9641 9638
f 9638 9632 9639
f 9638 9641 9632
f 9789 9568 9790
f 9632 9631 9660
f 9639 9632 9664
f 9637 9639 9664
f 9637 9664 9636
f 9664 9635 9636
f 9632 9660 9664
f 9631 9632 9633
f 9633 9632 9634
f 9630 9668 9631
f 10879 9614 9615
f 9627 9626 10867
f 9626 9625 10867
f 9625 9624 10867
f 9624 9623 10867
f 9623 9622 10867
f 9622 9621 10867
f 10879 9618 9670
f 10879 9617 9618
f 10879 9616 9617
f 10879 9615 9616
f 9628 9627 10867
f 10879 9613 9614
f 10879 9612 9613
f 10879 9611 9612
f 10879 9610 9611
f 10879 9609 9610
f 10879 9608 9609
f 10879 9607 9608
f 9605 9607 10879
f 10878 9604 9605
f 9651 9650 10867
f 9657 9656 10880
f 9656 9654 10880
f 10880 9632 9641
f 10880 9634 9632
f 10880 9631 9633
f 10880 9633 9634
f 9630 9631 10880
f 9654 9653 10867
f 9653 9652 10867
f 9652 9651 10867
f 10878 9603 9604
f 9650 9649 10867
f 9649 9648 10867
f 9648 9647 10867
f 9647 9646 10867
f 9646 9645 10867
f 9645 9644 10867
f 9644 9643 10867
f 9643 9629 10867
f 9629 9628 10867
f 9786 9788 9782
f 9806 9573 9808
f 10878 9575 9576
f 9574 9575 10878
f 9805 9807 9606
f 9805 9782 9806
f 9792 9793 9782
f 9791 9792 9782
f 9790 9791 9782
f 9789 9790 9782
f 9788 9789 9782
f 10878 9576 9577
f 9787 9786 9782
f 9804 9806 9782
f 9793 9804 9782
f 9573 9574 9808
f 9804 9573 9806
f 9793 9572 9804
f 9792 9571 9793
f 9791 9570 9792
f 9790 9569 9791
f 10878 9586 9587
f 10878 9602 9603
f 9808 9574 9809
f 10878 9601 9602
f 10878 9600 9601
f 10878 9599 9600
f 10878 9598 9599
f 10878 9597 9598
f 9596 9597 10878
f 10878 9587 9596
f 10183 10182 10193
f 10878 9585 9586
f 10878 9584 9585
f 10878 9583 9584
f 10878 9582 9583
f 10878 9581 9582
f 10878 9580 9581
f 10878 9579 9580
f 10878 9578 9579
f 10878 9577 9578
f 10492 10491 10667
f 10699 10400 10700
f 10714 10393 10715
f 10704 10395 10707
f 10712 10390 10711
f 10707 10391 10708
f 10391 10709 10708
f 10709 10390 10712
f 10713 10361 10714
f 10711 10363 10710
f 10710 10361 10713
f 10399 10702 10701
f 10491 10490 10666
f 10490 10489 10665
f 10489 10486 10664
f 10577 10801 10578
f 10576 10802 10587
f 10578 10800 10576
f 10587 10799 10586
f 10582 10794 10581
f 10584 10797 10583
f 10718 10402 10722
f 10411 10699 10698
f 10690 10419 10689
f 10689 10417 10693
f 10417 10692 10693
f 10692 10415 10695
f 10695 10412 10694
f 10694 10411 10696
f 10661 10492 10663
f 10720 10404 10721
f 10722 10403 10720
f 10585 10796 10584
f 10719 10402 10718
f 10716 10401 10719
f 10717 10401 10716
f 10715 10398 10717
f 10705 10396 10706
f 10396 10704 10706
f 10703 10397 10705
f 10702 10397 10703
f 10700 10399 10701
f 10640 10641 10783
f 10657 10658 10766
f 10660 10659 10764
f 10656 10660 10767
f 10655 10656 10773
f 10654 10655 10771
f 10650 10654 10772
f 10653 10650 10770
f 10652 10653 10769
f 10643 10646 10775
f 10642 10643 10779
f 10659 10657 10766
f 10641 10642 10785
f 10639 10640 10781
f 10638 10639 10782
f 10637 10638 10780
f 10636 10637 10786
f 10635 10636 10788
f 10634 10635 10787
f 10633 10634 10790
f 10621 10633 10860
f 10566 10813 10567
f 10582 10583 10794
f 10586 10795 10585
f 10575 10581 10793
f 10570 10805 10580
f 10580 10804 10579
f 10808 10571 10572
f 10569 10810 10568
f 10568 10809 10572
f 10571 10808 10570
f 10579 10798 10577
f 10696 10411 10697
f 10567 10807 10569
f 10565 10812 10566
f 10617 10610 10791
f 10651 10652 10768
f 10649 10651 10774
f 10648 10649 10778
f 10647 10648 10777
f 10776 10644 10647
f 10646 10644 10776
f 10735 10427 10736
f 10749 10457 10745
f 10743 10456 10749
f 10741 10455 10742
f 10740 10454 10741
f 10742 10456 10743
f 10744 10451 10739
f 10739 10452 10740
f 10738 10428 10744
f 10736 10428 10738
f 10737 10426 10735
f 10745 10459 10746
f 10733 10425 10737
f 10734 10425 10733
f 10732 10423 10734
f 10731 10423 10732
f 10730 10422 10729
f 10422 10731 10729
f 10727 10420 10730
f 10728 10420 10727
f 10726 10407 10728
f 10752 10470 10754
f 10683 10682 10662
f 10682 10681 10662
f 10673 10672 10662
f 10662 10670 10676
f 10672 10671 10662
f 10662 10668 10673
f 10671 10670 10662
f 10759 10574 10792
f 10755 10473 10759
f 10754 10470 10758
f 10725 10407 10726
f 10751 10468 10752
f 10758 10471 10757
f 10757 10472 10756
f 10756 10473 10755
f 10753 10464 10750
f 10750 10465 10751
f 10748 10463 10753
f 10747 10462 10748
f 10746 10461 10747
f 10683 10443 10682
f 10670 10482 10669
f 10669 10478 10678
f 10678 10479 10677
f 10677 10476 10676
f 10674 10448 10680
f 10675 10450 10674
f 10676 10474 10679
f 10474 10675 10679
f 10663 10492 10668
f 10684 10445 10683
f 10664 10486 10673
f 10681 10439 10686
f 10439 10685 10686
f 10682 10440 10681
f 10680 10445 10684
f 10685 10435 10687
f 10691 10431 10690
f 10688 10431 10691
f 10687 10431 10688
f 10697 10411 10698
f 10665 10664 10666
f 10724 10406 10725
f 10723 10405 10724
f 10721 10405 10723
f 10677 10676 10678
f 10676 10669 10678
f 10670 10669 10676
f 10668 10667 10673
f 10667 10664 10673
f 10667 10666 10664
f 10609 10621 10863
f 10662 10663 10668
f 10662 10661 10663
f 10668 10492 10667
f 10673 10486 10672
f 10671 10481 10670
f 10672 10485 10671
f 10667 10491 10666
f 10666 10490 10665
f 10665 10489 10664
f 10604 10610 10605
f 10523 10524 10844
f 10519 10858 10525
f 10516 10523 10843
f 10516 10857 10519
f 10611 10610 10612
f 10610 10613 10612
f 10610 10611 10608
f 10606 10610 10608
f 10606 10607 10610
f 10605 10610 10607
f 10601 10602 10637
f 10603 10610 10604
f 10602 10610 10603
f 10601 10610 10602
f 10622 10593 10633
f 10621 10592 10622
f 10600 10601 10636
f 10635 10598 10599
f 10599 10600 10635
f 10597 10598 10635
f 10621 10622 10633
f 10615 10616 10651
f 10648 10614 10615
f 10613 10614 10648
f 10612 10613 10647
f 10608 10611 10646
f 10611 10612 10646
f 10616 10610 10617
f 10615 10610 10616
f 10614 10610 10615
f 10613 10610 10614
f 10594 10597 10634
f 10635 10600 10636
f 10634 10597 10635
f 10608 10645 10606
f 10607 10606 10643
f 10605 10607 10643
f 10604 10605 10642
f 10633 10594 10634
f 10603 10604 10640
f 10637 10602 10603
f 10588 10555 10548
f 10610 9202 10864
f 10610 10551 10550
f 10550 10549 10610
f 10549 10548 10610
f 10548 10543 10610
f 10543 10542 10610
f 10542 10540 10610
f 10595 10551 10556
f 10589 10588 10549
f 10589 10550 10551
f 10560 10562 10561
f 10549 10550 10589
f 10610 10539 10541
f 10540 10539 10610
f 10541 10536 10610
f 10536 10537 10610
f 10537 10538 10610
f 10538 10528 10610
f 10555 10554 10543
f 10548 10549 10588
f 10592 10593 10622
f 10600 10610 10601
f 10599 10610 10600
f 10598 10610 10599
f 10597 10610 10598
f 10594 10610 10597
f 10594 10593 10610
f 10593 10592 10610
f 10595 10609 10596
f 10609 10591 10621
f 10593 10594 10633
f 10636 10601 10637
f 10591 10592 10621
f 10591 10610 10592
f 10591 10590 10610
f 10556 10609 10595
f 10609 10590 10591
f 10590 10556 10610
f 10551 10610 10556
f 10556 10590 10609
f 10551 10595 10589
f 10532 10826 10533
f 10552 10553 10839
f 10573 10811 10565
f 10564 10816 10573
f 10563 10815 10564
f 10562 10818 10563
f 10574 10575 10792
f 10562 10560 10819
f 10559 10821 10560
f 10558 10824 10559
f 10533 10823 10558
f 10553 10554 10836
f 10531 10825 10532
f 10530 10830 10531
f 10557 10829 10530
f 10547 10853 10557
f 10546 10849 10547
f 10545 10852 10546
f 10544 10552 10847
f 10841 10535 10544
f 10529 10850 10545
f 10624 10623 10791
f 10832 10596 10609
f 10632 10631 10791
f 10631 10630 10791
f 10658 10632 10760
f 10630 10629 10791
f 10629 10628 10791
f 10628 10627 10791
f 10791 10625 10626
f 10626 10624 10791
f 10627 10625 10791
f 10525 10851 10529
f 10623 10620 10791
f 10619 10618 10791
f 10620 10619 10791
f 10618 10617 10791
f 10595 10596 10832
f 10589 10595 10835
f 10588 10589 10833
f 10555 10588 10840
f 10554 10555 10837
f 10642 10605 10643
f 10629 10630 10657
f 10659 10628 10629
f 10646 10612 10644
f 10612 10647 10644
f 10645 10608 10646
f 10643 10606 10645
f 10627 10628 10659
f 10625 10655 10626
f 10654 10624 10626
f 10625 10627 10656
f 10657 10630 10631
f 10640 10604 10642
f 10639 10603 10640
f 10654 10620 10623
f 10623 10624 10654
f 10619 10620 10654
f 10652 10617 10618
f 10619 10653 10618
f 10616 10617 10652
f 10637 10603 10639
f 10654 10626 10655
f 10534 10535 10841
f 10524 10534 10846
f 10643 10645 10646
f 10657 10631 10658
f 10659 10629 10657
f 10660 10627 10659
f 10656 10627 10660
f 10640 10642 10641
f 10637 10639 10638
f 10662 10681 10686
f 10655 10625 10656
f 10650 10619 10654
f 10653 10619 10650
f 10652 10618 10653
f 10651 10616 10652
f 10631 10632 10658
f 10648 10615 10649
f 10615 10651 10649
f 10647 10613 10648
f 10856 10525 10858
f 10803 10799 10798
f 10797 10796 10794
f 10796 10793 10794
f 10795 10793 10796
f 10864 10662 10795
f 10829 10557 10853
f 10854 10547 10849
f 10849 10546 10852
f 10853 10547 10854
f 10852 10545 10850
f 10801 10798 10799
f 10851 10525 10855
f 10525 10856 10855
f 10850 10529 10851
f 10811 10573 10817
f 10573 10816 10817
f 10815 10563 10818
f 10816 10564 10815
f 10820 10562 10819
f 10818 10562 10820
f 10864 10850 10851
f 10864 10843 10844
f 10864 10845 10846
f 10844 10845 10864
f 10842 10843 10864
f 10858 10857 10864
f 10857 10859 10864
f 10859 10842 10864
f 10864 10856 10858
f 10854 10849 10864
f 10849 10852 10864
f 10819 10560 10821
f 10851 10855 10864
f 10852 10850 10864
f 10864 10855 10856
f 10848 10839 10864
f 10847 10848 10864
f 10864 10853 10854
f 10829 10853 10864
f 10802 10800 10799
f 10801 10799 10800
f 10835 10832 10791
f 10559 10824 10822
f 10824 10558 10823
f 10821 10559 10822
f 10823 10533 10827
f 10533 10826 10827
f 10826 10532 10825
f 10792 10575 10793
f 10825 10531 10830
f 10830 10530 10828
f 10530 10829 10828
f 10793 10581 10794
f 10832 10831 10791
f 10863 10791 10831
f 10779 10775 10791
f 10784 10779 10791
f 10791 10777 10778
f 10791 10783 10785
f 10785 10784 10791
f 10791 10781 10783
f 10778 10774 10791
f 10801 10577 10798
f 10808 10572 10809
f 10804 10580 10805
f 10579 10804 10806
f 10805 10570 10808
f 10803 10586 10799
f 10794 10583 10797
f 10797 10584 10796
f 10796 10585 10795
f 10795 10586 10803
f 10802 10576 10800
f 10841 10847 10864
f 10800 10578 10801
f 10798 10579 10806
f 10799 10587 10802
f 10809 10568 10810
f 10810 10569 10807
f 10814 10567 10813
f 10813 10566 10812
f 10807 10567 10814
f 10812 10565 10811
f 10869 10868 10871
f 9807 10877 10882
f 9807 10884 9606
f 10877 9810 10878
f 10876 10874 10886
f 10876 10875 10873
f 10873 10874 10876
f 10875 10872 10873
f 10872 10871 10873
f 10871 10870 10873
f 10872 10869 10871
f 10877 10878 10883
f 10868 10870 10871
f 10867 10875 10876
f 10867 10872 10875
f 10867 10869 10872
f 10874 9551 10889
f 10873 9551 10874
f 10870 9551 10873
f 10867 10865 10869
f 10869 10866 10868
f 10880 10876 10886
f 10889 10885 10888
f 10888 10874 10889
f 10888 10887 10874
f 10886 10874 10887
f 10889 10884 10885
f 10884 10883 10885
f 10884 10881 10883
f 10881 10882 10883
f 10888 10880 10887
f 10880 10886 10887
f 10865 10866 10869
f 10885 10880 10888
f 10883 10879 10885
f 10882 10877 10883
f 10884 9807 10881
f 10881 9807 10882
f 10880 10885 10879
f 10880 10867 10876
f 10889 9606 10884
f 10883 10878 10879
f 10803 10798 10864
f 10816 10815 10864
f 10811 10817 10864
f 10815 10818 10864
f 10864 10805 10808
f 10864 10804 10805
f 10808 10809 10864
f 10809 10810 10864
f 10806 10804 10864
f 10810 10807 10864
f 10864 10795 10803
f 10817 10816 10864
f 10798 10806 10864
f 10839 10836 10864
f 10836 10837 10864
f 10837 10838 10864
f 10840 10833 10864
f 10838 10840 10864
f 10864 10834 10835
f 10833 10834 10864
f 10846 10841 10864
f 10822 10824 10864
f 10868 9551 10870
f 10866 9558 10868
f 10835 10791 10864
f 10864 10828 10829
f 10827 10826 10864
f 10826 10825 10864
f 10830 10828 10864
f 10825 10830 10864
f 10864 10823 10827
f 10782 10781 10791
f 10824 10823 10864
f 10864 10821 10822
f 10864 10818 10820
f 10864 10819 10821
f 10820 10819 10864
f 10814 10813 10864
f 10813 10812 10864
f 10864 10807 10814
f 10812 10811 10864
f 10729 10731 10662
f 10744 10739 10662
f 10662 10738 10744
f 10740 10662 10739
f 10662 10740 10741
f 10662 10735 10736
f 10743 10749 10662
f 10734 10662 10732
f 10733 10737 10662
f 10734 10733 10662
f 10662 10731 10732
f 10662 10741 10742
f 10730 10662 10727
f 10730 10729 10662
f 10728 10727 10662
f 10725 10662 10724
f 10726 10662 10725
f 10726 10728 10662
f 10724 10662 10723
f 10662 10721 10723
f 10722 10662 10718
f 10754 10662 10752
f 10793 10795 10662
f 10792 10793 10662
f 10759 10792 10662
f 10755 10759 10662
f 10757 10756 10662
f 10758 10757 10662
f 10756 10755 10662
f 10752 10662 10751
f 10662 10750 10751
f 10753 10750 10662
f 10719 10718 10662
f 10662 10748 10753
f 10662 10754 10758
f 10749 10745 10662
f 10746 10662 10745
f 10747 10662 10746
f 10662 10747 10748
f 10743 10662 10742
f 10737 10735 10662
f 10738 10662 10736
f 10686 10685 10662
f 10662 10697 10698
f 10662 10696 10697
f 10699 10700 10662
f 10695 10694 10662
f 10694 10696 10662
f 10662 10692 10695
f 10689 10693 10662
f 10693 10692 10662
f 10690 10689 10662
f 10662 10687 10688
f 10662 10698 10699
f 10685 10687 10662
f 10691 10690 10662
f 10688 10691 10662
f 10662 10676 10679
f 10684 10683 10662
f 10662 10674 10680
f 10675 10674 10662
f 10679 10675 10662
f 10680 10684 10662
f 10712 10711 10662
f 10662 10716 10719
f 10717 10716 10662
f 10720 10721 10662
f 10722 10720 10662
f 10715 10717 10662
f 10714 10715 10662
f 10714 10662 10713
f 10662 10711 10713
f 10712 10662 10709
f 10662 10708 10709
f 10857 10516 10859
f 10662 10707 10708
f 10704 10707 10662
f 10706 10662 10705
f 10662 10703 10705
f 10706 10704 10662
f 10662 10702 10703
f 10711 10710 10713
f 10662 10701 10702
f 10662 10700 10701
f 10770 10650 10772
f 10773 10767 10791
f 10766 10763 10791
f 10763 10762 10791
f 10761 10760 10791
f 10762 10761 10791
f 10791 10610 10864
f 10765 10659 10766
f 10764 10659 10765
f 10767 10660 10764
f 10773 10656 10767
f 10771 10773 10791
f 10771 10655 10773
f 10772 10654 10771
f 10769 10653 10770
f 10789 10636 10786
f 10788 10636 10789
f 10778 10649 10774
f 10777 10648 10778
f 10776 10647 10777
f 10784 10642 10779
f 10789 10786 10791
f 10791 10780 10782
f 10775 10776 10791
f 10776 10777 10791
f 10862 10791 10860
f 10862 10790 10791
f 10791 10787 10788
f 10790 10787 10791
f 10788 10789 10791
f 10863 10861 10791
f 10861 10860 10791
f 10775 10646 10776
f 10786 10780 10791
f 10767 10764 10791
f 10764 10765 10791
f 10765 10766 10791
f 10772 10771 10791
f 10791 10769 10770
f 10791 10768 10769
f 10770 10772 10791
f 10774 10768 10791
f 10552 10839 10848
f 10833 10589 10834
f 10840 10588 10833
f 10838 10555 10840
f 10837 10555 10838
f 10658 10762 10763
f 10761 10658 10760
f 10658 10761 10762
f 10760 10632 10791
f 10836 10554 10837
f 10839 10553 10836
f 10834 10589 10835
f 10847 10552 10848
f 10841 10544 10847
f 10846 10534 10841
f 10844 10524 10845
f 10843 10523 10844
f 10524 10846 10845
f 10842 10516 10843
f 10859 10516 10842
f 10858 10519 10857
f 10787 10635 10788
f 10779 10643 10775
f 10785 10642 10784
f 10783 10641 10785
f 10768 10652 10769
f 10774 10651 10768
f 10782 10639 10781
f 10780 10638 10782
f 10781 10640 10783
f 10786 10637 10780
f 10554 10553 10542
f 10790 10634 10787
f 10861 10621 10860
f 10863 10621 10861
f 10862 10633 10790
f 10860 10633 10862
f 10766 10658 10763
f 10831 10609 10863
f 10832 10609 10831
f 10835 10595 10832
f 10364 10372 10392
f 10366 10352 10401
f 10368 10365 10398
f 10398 10365 10367
f 10367 10366 10398
f 10372 10371 10392
f 10370 10368 10394
f 10393 10369 10370
f 10371 10369 10393
f 10362 10364 10392
f 10361 10362 10393
f 10354 10355 10402
f 10362 10359 10364
f 10359 10372 10364
f 10363 10362 10361
f 10360 10363 10361
f 9287 10400 10408
f 9287 10399 10400
f 10397 9287 10396
f 9287 10395 10396
f 9287 10397 10399
f 10358 10357 10407
f 10343 10344 10427
f 10338 10336 10428
f 10344 10335 10427
f 10335 10338 10427
f 10346 10347 10424
f 10347 10345 10425
f 10341 10348 10422
f 10342 10341 10422
f 10348 10346 10422
f 10356 10342 10420
f 10335 10341 10342
f 10393 10370 10394
f 10392 10371 10393
f 10356 10407 10357
f 10349 10358 10406
f 10350 10349 10405
f 10350 10404 10351
f 10355 10351 10403
f 10352 10353 10402
f 10353 10354 10402
f 10327 10314 10326
f 9287 10372 10359
f 9287 10362 10363
f 10372 9287 10371
f 9287 10369 10371
f 10368 9287 10365
f 10367 9287 10366
f 9287 10367 10365
f 9287 10370 10369
f 9287 10368 10370
f 10328 10327 10329
f 9287 10359 10362
f 10327 10310 10314
f 10311 10309 10327
f 10313 10311 10327
f 10309 10310 10327
f 10327 10292 10308
f 10308 10307 10327
f 10327 10312 10313
f 10307 10312 10327
f 10327 10291 10292
f 10335 10336 10338
f 10341 10335 10348
f 10348 10335 10346
f 10335 10347 10346
f 10345 10335 10343
f 10345 10347 10335
f 10336 10335 10337
f 10335 10340 10337
f 10330 10335 10331
f 10339 10335 10330
f 10335 10339 10340
f 10345 10343 10426
f 10334 10335 10385
f 10332 10333 10334
f 10333 10335 10334
f 10335 10333 10331
f 10373 10385 10335
f 10335 10344 10343
f 9287 10391 10395
f 9287 10390 10391
f 9287 10363 10390
f 9287 10418 10429
f 10403 10351 10404
f 10402 10355 10403
f 10401 10352 10402
f 10393 10394 10398
f 10398 10366 10401
f 10394 10368 10398
f 9287 10432 10436
f 9287 10433 10432
f 9287 10430 10433
f 9287 10429 10430
f 10404 10350 10405
f 9287 10416 10418
f 10393 10362 10392
f 10414 10416 9287
f 9287 10413 10414
f 9287 10410 10413
f 9287 10409 10410
f 9287 10408 10409
f 9300 9301 10574
f 10473 9299 9300
f 9287 10446 10447
f 10489 9287 10488
f 9287 10489 10490
f 10487 9287 10484
f 9287 10487 10488
f 9287 10483 10484
f 9287 10480 10483
f 9287 10477 10480
f 9287 10475 10477
f 9287 10449 10475
f 9287 10447 10449
f 10389 10388 10374
f 9287 10444 10446
f 9287 10442 10444
f 9287 10441 10442
f 9287 10438 10441
f 9287 10437 10438
f 9287 10436 10437
f 10407 10356 10420
f 10406 10358 10407
f 10405 10349 10406
f 10385 10387 10460
f 10468 10373 10379
f 10461 10387 10386
f 10386 10388 10462
f 10388 10389 10463
f 10375 10377 10466
f 10464 10389 10374
f 10378 10468 10376
f 10467 10377 10376
f 10374 10375 10465
f 10459 10334 10385
f 9299 10473 10382
f 10331 10333 10457
f 10332 10334 10459
f 10330 10331 10456
f 10333 10332 10458
f 10340 10339 10453
f 10339 10330 10454
f 10373 10468 10378
f 10337 10340 10452
f 10336 10337 10451
f 10375 10374 10373
f 10373 9299 10382
f 10381 10373 10380
f 10384 10380 10373
f 10373 10383 10384
f 10373 10382 10383
f 10379 10373 10381
f 10378 10376 10373
f 10373 10376 10377
f 10388 10386 10373
f 10327 10275 10291
f 10373 10374 10388
f 10385 10373 10387
f 10373 10386 10387
f 10377 10375 10373
f 10470 10381 10380
f 10473 10383 10382
f 10472 10384 10383
f 10471 10380 10384
f 10469 10379 10381
f 10244 10211 10243
f 10253 10218 10254
f 10218 10253 10256
f 10249 10216 10248
f 10218 10251 10254
f 10252 10218 10250
f 10218 10252 10251
f 10218 10249 10250
f 10248 10219 10247
f 10247 10217 10246
f 10246 10215 10245
f 10218 10256 10255
f 10215 10244 10245
f 10243 10212 10242
f 10214 10241 10242
f 10213 10240 10241
f 10210 10239 10240
f 10209 10238 10239
f 10207 10237 10238
f 10208 10236 10237
f 10206 10235 10236
f 10028 10267 10271
f 10260 10259 10263
f 10218 10272 10274
f 10272 10030 10274
f 10029 10273 10267
f 10030 10272 10273
f 10024 10265 10266
f 10027 10268 10269
f 10025 10270 10265
f 10026 10269 10270
f 10027 10271 10268
f 10205 10231 10235
f 10023 10266 10261
f 10018 10260 10258
f 10022 10261 10262
f 10263 10020 10264
f 10019 10259 10260
f 10021 10262 10264
f 10020 10263 10259
f 10232 10233 10234
f 10218 10255 10272
f 10222 10194 10221
f 10226 10225 10198
f 10224 10196 10223
f 10223 10195 10222
f 10204 10203 10231
f 10230 10203 10201
f 10229 10201 10202
f 10202 10200 10227
f 10228 10200 10199
f 10225 10199 10198
f 10198 10197 10226
f 10226 10197 10224
f 10197 10196 10224
f 10196 10195 10223
f 10195 10194 10222
f 10194 9970 10221
f 10221 9970 10220
f 10185 10184 10193
f 10193 10186 10185
f 10184 10172 10193
f 10172 10181 10193
f 10239 10210 10209
f 10217 10247 10219
f 10219 10248 10216
f 10216 10249 10218
f 10215 10246 10217
f 10212 10243 10211
f 10211 10244 10215
f 10242 10212 10214
f 10240 10213 10210
f 10241 10214 10213
f 10237 10207 10208
f 10262 10261 10266
f 10238 10209 10207
f 10235 10206 10205
f 10236 10208 10206
f 10231 10205 10204
f 10203 10230 10231
f 10201 10229 10230
f 10200 10228 10227
f 10229 10202 10227
f 10199 10225 10228
f 10325 10283 10282
f 10289 10288 10325
f 10325 10287 10285
f 10285 10286 10325
f 10325 10288 10287
f 10325 10290 10289
f 10290 10325 10322
f 10284 10325 10286
f 10284 10283 10325
f 10325 10186 10193
f 10325 10282 10280
f 10304 10306 10325
f 10325 10281 10279
f 10280 10281 10325
f 10279 10278 10325
f 10325 10276 10277
f 10276 10325 10278
f 10191 10325 10323
f 10324 10325 10277
f 10325 10324 10323
f 10190 10325 10191
f 10314 10319 10326
f 10326 10316 10325
f 10325 10298 10322
f 10325 10301 10298
f 10299 10300 10325
f 10300 10301 10325
f 10325 10297 10305
f 10325 10295 10296
f 10296 10297 10325
f 10325 10293 10295
f 10325 10321 10320
f 10189 10325 10190
f 10318 10316 10326
f 10325 10294 10293
f 10319 10318 10326
f 10316 10321 10325
f 10294 10325 10320
f 10325 10303 10302
f 10302 10299 10325
f 10325 10306 10303
f 10304 10325 10305
f 10271 10267 10255
f 10327 10328 10233
f 10327 10274 10275
f 10327 10218 10274
f 10234 10233 10329
f 10233 10232 10327
f 10218 10327 10232
f 10270 10264 10265
f 10269 10268 10263
f 10272 10255 10273
f 10255 10267 10273
f 10329 10233 10328
f 10271 10263 10268
f 10270 10269 10264
f 10266 10265 10264
f 10271 10260 10263
f 10255 10257 10271
f 10264 10262 10266
f 10258 10260 10271
f 10257 10258 10271
f 10263 10264 10269
f 10102 10318 10319
f 10188 10325 10189
f 10325 10188 10187
f 10186 10325 10187
f 10315 10321 10317
f 10316 10317 10321
f 10108 10313 10312
f 10109 10311 10313
f 10107 10312 10307
f 10308 10092 10307
f 9287 10490 10491
f 10099 10317 10316
f 10103 10316 10318
f 10106 10314 10310
f 10104 10309 10311
f 10105 10310 10309
f 10106 10319 10314
f 10092 10308 10292
f 10291 10093 10292
f 10093 10291 10275
f 9518 9520 10517
f 10500 10498 10518
f 10498 10497 10518
f 10497 10496 10518
f 10496 10495 10518
f 10502 10500 10518
f 10495 10499 10517
f 10499 10493 10517
f 10493 10494 10517
f 9519 10517 10494
f 9518 10517 9519
f 10505 10503 10518
f 9517 10517 9520
f 10547 10557 9512
f 10547 9515 10546
f 9488 9487 10571
f 9485 9484 10569
f 9484 9491 10569
f 9486 9485 10572
f 9487 9486 10572
f 10579 9483 9489
f 10510 10509 10518
f 10516 10495 10496
f 10495 10516 10499
f 10516 10497 10498
f 10516 10502 10501
f 10498 10500 10516
f 10500 10502 10516
f 10501 10503 10516
f 10496 10497 10516
f 10494 10493 10525
f 10518 10495 10517
f 9489 9488 10580
f 10508 10507 10518
f 10509 10508 10518
f 10507 10506 10518
f 10506 10504 10518
f 10512 10511 10518
f 10511 10510 10518
f 10503 10501 10518
f 10501 10502 10518
f 10505 10518 10504
f 10575 9466 9467
f 9501 9503 10560
f 9500 9499 10561
f 9499 9501 10561
f 10573 9495 9496
f 9496 9497 10564
f 10573 9494 9495
f 10573 9492 9494
f 9497 9498 10563
f 9493 9492 10573
f 9301 9466 10575
f 10559 9504 9505
f 10530 9510 9512
f 9505 9506 10558
f 9506 9507 10533
f 9507 9508 10532
f 9509 9511 10530
f 9508 9509 10531
f 9511 9510 10530
f 9516 9517 10545
f 9515 9516 10546
f 9471 9476 10583
f 9480 9477 10579
f 10587 9472 9479
f 9481 9480 10577
f 10578 9478 9481
f 9479 9478 10578
f 9477 9483 10579
f 9474 9475 10585
f 10582 9470 9471
f 9473 10586 9475
f 9474 10584 9476
f 10509 10510 10516
f 9482 9470 10582
f 9472 10587 9473
f 10582 9469 9482
f 9468 9469 10582
f 9467 9468 10581
f 10546 9516 10545
f 9490 9493 10566
f 9491 9490 10567
f 9498 9500 10562
f 10572 10571 9487
f 10535 10534 10526
f 10566 9493 10565
f 10567 9490 10566
f 10585 10584 9474
f 10583 10582 9471
f 10584 10583 9476
f 10586 10585 9475
f 10587 10586 9473
f 10577 9480 10579
f 10578 9481 10577
f 10528 10538 10544
f 10571 10570 9488
f 10580 9488 10570
f 10580 10579 9489
f 10587 9479 10576
f 10578 10576 9479
f 10569 9491 10567
f 10572 9485 10568
f 10569 10568 9485
f 10582 10581 9468
f 10536 10541 10552
f 10543 10548 10555
f 10553 10552 10540
f 10542 10543 10554
f 10540 10542 10553
f 10528 10526 10610
f 10526 10527 10610
f 10527 10522 10610
f 10552 10541 10539
f 10539 10540 10552
f 10552 10544 10536
f 10581 10575 9467
f 10522 10521 10610
f 10521 10520 10610
f 10520 10515 10610
f 10515 10514 10610
f 10513 10512 10610
f 10514 10513 10610
f 10544 10535 10528
f 10544 10537 10536
f 10544 10538 10537
f 10516 10513 10514
f 10520 10521 10524
f 10521 10522 10524
f 10545 9517 10529
f 10523 10515 10520
f 10525 10516 10519
f 10529 9520 10525
f 10525 10499 10516
f 10523 10516 10515
f 10525 10493 10499
f 10516 10514 10515
f 10524 10523 10520
f 10516 10510 10511
f 10511 10512 10516
f 10512 10513 10516
f 10516 10506 10507
f 10516 10505 10504
f 10516 10503 10505
f 10516 10508 10509
f 10506 10516 10504
f 10508 10516 10507
f 10532 9508 10531
f 10575 10574 9301
f 10573 10565 9493
f 10564 9497 10563
f 10573 9496 10564
f 10563 9498 10562
f 10562 9500 10561
f 10561 9501 10560
f 10560 9503 10559
f 10559 9505 10558
f 10547 9513 9514
f 10558 9506 10533
f 10533 9507 10532
f 10531 9509 10530
f 10530 9512 10557
f 10518 10610 10512
f 10526 10528 10535
f 10534 10527 10526
f 10534 10524 10522
f 10522 10527 10534
f 10433 10430 10435
f 10441 10438 10445
f 10443 10437 10440
f 10438 10437 10443
f 10437 10436 10440
f 10436 10439 10440
f 10436 10432 10439
f 10439 10434 10435
f 10434 10439 10432
f 10432 10435 10434
f 10432 10433 10435
f 10445 10438 10443
f 10431 10435 10430
f 10430 10429 10431
f 10429 10418 10431
f 10419 10431 10418
f 9287 10492 10661
f 10423 10424 10425
f 10420 10422 10421
f 10418 10416 10419
f 10416 10417 10419
f 10363 10360 10710
f 10393 10398 10715
f 10457 10458 10459
f 10454 10456 10455
f 10397 10396 10705
f 10396 10395 10704
f 10395 10391 10707
f 10391 10390 10709
f 10361 10393 10714
f 10390 10363 10711
f 10710 10360 10361
f 10416 10414 10417
f 10476 10447 10474
f 10449 10447 10476
f 10474 10446 10450
f 10447 10446 10474
f 10450 10444 10448
f 10446 10444 10450
f 10448 10442 10445
f 10444 10442 10448
f 10442 10441 10445
f 10451 10337 10452
f 10386 10462 10461
f 10388 10463 10462
f 10389 10464 10463
f 10456 10331 10457
f 10457 10333 10458
f 10385 10460 10459
f 10454 10330 10456
f 10453 10339 10454
f 10452 10340 10453
f 10428 10336 10451
f 10387 10461 10460
f 10427 10338 10428
f 10426 10343 10427
f 10425 10345 10426
f 10424 10347 10425
f 10423 10346 10424
f 10422 10346 10423
f 10420 10342 10422
f 10408 10400 10411
f 9287 10491 10492
f 10383 10473 10472
f 10415 10417 10414
f 10414 10413 10415
f 10413 10412 10415
f 10413 10410 10412
f 10411 10412 10410
f 10410 10409 10411
f 10409 10408 10411
f 10662 9287 10661
f 10864 9115 10662
f 10574 10473 9300
f 10398 10401 10717
f 10384 10472 10471
f 10380 10471 10470
f 10375 10466 10465
f 10376 10468 10467
f 10381 10470 10469
f 10379 10469 10468
f 10377 10467 10466
f 10374 10465 10464
f 10458 10332 10459
f 10427 10428 10736
f 10746 10460 10461
f 10459 10460 10746
f 10457 10459 10745
f 10456 10457 10749
f 10455 10456 10742
f 10740 10453 10454
f 10454 10455 10741
f 10452 10453 10740
f 10451 10452 10739
f 10428 10451 10744
f 10461 10462 10747
f 10426 10427 10735
f 10425 10426 10737
f 10423 10425 10734
f 10486 10485 10672
f 10485 10481 10671
f 10478 10479 10678
f 10481 10482 10670
f 10482 10478 10669
f 10479 10476 10677
f 10470 10471 10758
f 9514 9515 10547
f 9512 9513 10547
f 10525 9518 9519
f 9519 10494 10525
f 9517 9520 10529
f 9520 9518 10525
f 10559 9502 9504
f 9503 9502 10559
f 10473 10574 10759
f 10472 10473 10756
f 10476 10474 10676
f 10752 10469 10470
f 10751 10467 10468
f 10468 10469 10752
f 10471 10472 10757
f 10464 10465 10750
f 10465 10466 10751
f 10466 10467 10751
f 10463 10464 10753
f 10462 10463 10748
f 10483 10482 10481
f 10401 10402 10719
f 10415 10412 10695
f 10412 10411 10694
f 10411 10400 10699
f 10399 10397 10702
f 10400 10399 10700
f 10489 10488 10486
f 10487 10485 10486
f 10487 10484 10485
f 10488 10487 10486
f 10402 10403 10722
f 10485 10483 10481
f 10484 10483 10485
f 10480 10478 10482
f 10483 10480 10482
f 10478 10477 10479
f 10480 10477 10478
f 10479 10449 10476
f 10477 10475 10479
f 10475 10449 10479
f 10419 10417 10689
f 10474 10450 10675
f 10450 10448 10674
f 10448 10445 10680
f 10445 10443 10683
f 10443 10440 10682
f 10440 10439 10681
f 10439 10435 10685
f 10435 10431 10687
f 10431 10419 10690
f 9455 9456 9201
f 10417 10415 10692
f 10422 10423 10731
f 10730 10421 10422
f 10420 10421 10730
f 10407 10420 10728
f 10406 10407 10725
f 10405 10406 10724
f 10404 10405 10721
f 10403 10404 10720
f 8557 8517 8516
f 8563 8564 8561
f 8561 8567 8563
f 8567 8561 8560
f 8624 8559 8558
f 8559 8624 8623
f 8557 8512 8513
f 8513 8514 8557
f 8511 8512 8557
f 8518 8515 8557
f 8557 8555 8556
f 8562 8561 8564
f 8556 8517 8557
f 8516 8518 8557
f 8557 8515 8511
f 8557 8510 8519
f 8519 8508 8557
f 8514 8509 8557
f 8509 8510 8557
f 8508 8507 8557
f 8553 8554 8557
f 8571 8573 8572
f 8579 8584 8580
f 8578 8563 8583
f 8578 8575 8577
f 8578 8576 8563
f 8577 8576 8578
f 8576 8577 8575
f 8575 8578 8582
f 8574 8587 8588
f 8573 8571 8574
f 8571 8586 8574
f 8557 8554 8555
f 8586 8571 8570
f 8559 8565 8569
f 8568 8567 8565
f 8559 8563 8567
f 8565 8559 8568
f 8566 8569 8565
f 8567 8568 8559
f 8564 8563 8562
f 8563 8559 8583
f 8543 8117 8544
f 8532 8531 8533
f 8532 8530 8531
f 8532 8529 8530
f 8532 8528 8529
f 8532 8527 8528
f 8532 8526 8527
f 8532 8525 8526
f 8547 8119 8548
f 8546 8120 8547
f 8545 8121 8546
f 8532 8533 8534
f 8548 8118 8543
f 8552 8092 8553
f 8553 8091 8554
f 8550 8115 8551
f 8544 8113 8549
f 8549 8116 8550
f 8551 8114 8552
f 8554 8090 8555
f 8555 8089 8556
f 8532 8535 8536
f 8552 8553 8557
f 8557 8551 8552
f 8549 8550 8557
f 8557 8550 8551
f 8557 8544 8549
f 8557 8543 8544
f 8557 8548 8543
f 8557 8532 8548
f 8532 8537 8539
f 8532 8536 8537
f 8580 8583 8586
f 8532 8547 8548
f 8532 8546 8547
f 8532 8545 8546
f 8532 8542 8545
f 8532 8541 8542
f 8532 8540 8541
f 8532 8538 8540
f 8532 8539 8538
f 8532 8534 8535
f 8559 7793 7797
f 8636 8631 8637
f 8635 8636 8637
f 8631 8636 8635
f 8627 8583 8718
f 8629 8630 8631
f 8631 8628 8637
f 8627 8637 8628
f 8630 8628 8631
f 8628 8630 8629
f 8583 8559 7808
f 8637 8639 8638
f 7793 8622 8621
f 8623 8622 8559
f 8559 8622 7793
f 8620 8625 8621
f 8619 8621 8622
f 8622 8623 8618
f 8617 8627 8626
f 8616 8627 8617
f 8615 8627 8616
f 8641 8637 8650
f 8658 8650 8663
f 8655 8653 8658
f 8653 8655 8654
f 8653 8651 8658
f 8651 8650 8658
f 8651 8653 8652
f 8650 8637 8665
f 8649 8650 8651
f 8648 8650 8649
f 8648 8641 8650
f 8615 8606 8627
f 8646 8639 8641
f 8639 8646 8640
f 8647 8641 8648
f 8645 8641 8647
f 8643 8645 8644
f 8643 8641 8645
f 8641 8643 8642
f 8637 8627 8665
f 8639 8637 8641
f 8596 8587 8574
f 8597 8591 8599
f 8574 8586 8601
f 8593 8597 8594
f 8593 8591 8597
f 8591 8574 8601
f 8591 8593 8592
f 8596 8591 8590
f 8589 8596 8590
f 8588 8596 8589
f 8596 8574 8591
f 8601 8583 8606
f 8587 8596 8588
f 8586 8583 8601
f 8585 8580 8586
f 8583 8580 8584
f 8584 8579 8581
f 8581 8583 8584
f 8582 8583 8581
f 8583 8582 8578
f 8579 8580 8585
f 8606 8583 8627
f 8613 8615 8614
f 8613 8610 8615
f 8613 8611 8610
f 8611 8613 8612
f 8610 8606 8615
f 8608 8610 8609
f 8607 8608 8609
f 8606 8610 8608
f 8606 8608 8607
f 8540 8109 8541
f 8606 8605 8601
f 8604 8601 8605
f 8601 8603 8602
f 8601 8604 8603
f 8599 8601 8600
f 8605 8606 8598
f 8599 8591 8601
f 8597 8599 8595
f 8594 8597 8595
f 8087 8275 8488
f 8495 8496 8499
f 8494 8496 8495
f 8494 8488 8496
f 8488 8270 8496
f 8088 8492 8493
f 8088 8491 8492
f 8489 8087 8494
f 8490 8491 8087
f 8489 8490 8087
f 8087 8488 8494
f 8490 8489 8498
f 8520 7923 8521
f 8498 7923 8520
f 8497 7923 8498
f 7923 8499 8496
f 8497 8499 7923
f 8532 8470 8525
f 8470 8524 8525
f 8470 8523 8524
f 8470 8522 8523
f 8078 8507 8079
f 8078 8500 8506
f 8088 8493 8500
f 8085 8516 8086
f 8084 8515 8085
f 8086 8556 8089
f 8083 8511 8084
f 8082 8513 8083
f 8081 8514 8082
f 8080 8510 8081
f 8079 8508 8080
f 8470 8487 8522
f 8491 8088 8087
f 8493 8492 8520
f 8492 8498 8520
f 8499 8497 8495
f 8495 8489 8494
f 8497 8489 8495
f 8492 8491 8498
f 8491 8490 8498
f 8498 8489 8497
f 8483 7919 8484
f 8470 8463 8464
f 8464 8465 8470
f 8470 8462 8463
f 8470 8460 8461
f 8461 8462 8470
f 8470 8459 8460
f 8487 7922 8522
f 8486 7921 8487
f 8485 7921 8486
f 8484 7919 8485
f 8470 8465 8466
f 8482 7917 8483
f 8481 7917 8482
f 8480 7915 8481
f 8479 7915 8480
f 8478 7914 8479
f 8477 7913 8478
f 8476 7912 8477
f 8474 7911 8475
f 7911 8476 8475
f 8470 8476 8477
f 8470 8486 8487
f 8470 8485 8486
f 8470 8484 8485
f 8470 8483 8484
f 8470 8482 8483
f 8470 8481 8482
f 8470 8480 8481
f 8470 8479 8480
f 8470 8478 8479
f 8470 8477 8478
f 8521 7923 8557
f 8470 8475 8476
f 8470 8474 8475
f 8470 8473 8474
f 8470 8472 8473
f 8471 8472 8470
f 8470 8469 8471
f 8470 8468 8469
f 8470 8467 8468
f 8470 8466 8467
f 8502 8503 8500
f 8504 8503 8557
f 8557 8502 8521
f 8503 8502 8557
f 8502 8501 8521
f 8501 8520 8521
f 8501 8493 8520
f 8507 8506 8557
f 8506 8500 8505
f 8500 8504 8505
f 8500 8503 8504
f 8505 8504 8557
f 8556 8086 8517
f 8086 8516 8517
f 8516 8085 8518
f 8085 8515 8518
f 8515 8084 8511
f 8512 8083 8513
f 8511 8083 8512
f 8513 8082 8514
f 8514 8081 8509
f 8530 8102 8531
f 8537 8104 8539
f 8539 8108 8538
f 8538 8107 8540
f 8542 8106 8545
f 8541 8105 8542
f 8536 8103 8537
f 8535 8112 8536
f 8534 8111 8535
f 8533 8110 8534
f 8531 8102 8533
f 8081 8510 8509
f 8529 8101 8530
f 8528 8099 8529
f 8527 8098 8528
f 8526 8097 8527
f 8525 8097 8526
f 8524 8095 8525
f 8523 8095 8524
f 8522 8094 8523
f 8506 8505 8557
f 8101 8102 8530
f 8107 8538 8108
f 8108 8539 8104
f 8109 8540 8107
f 8104 8537 8103
f 8103 8536 8112
f 8111 8534 8110
f 8112 8535 8111
f 8110 8533 8102
f 8106 8542 8105
f 8105 8541 8109
f 8089 8555 8090
f 8529 8100 8101
f 8099 8100 8529
f 8098 8099 8528
f 8097 8098 8527
f 8525 8096 8097
f 8095 8096 8525
f 8094 8095 8523
f 8522 8093 8094
f 7922 8093 8522
f 8120 8546 8121
f 8519 8080 8508
f 8510 8080 8519
f 8508 8079 8507
f 8507 8078 8506
f 8501 8502 8500
f 8500 8493 8501
f 8532 8557 7887
f 8121 8545 8106
f 8119 8547 8120
f 8663 8650 8665
f 8118 8548 8119
f 8113 8544 8117
f 8117 8543 8118
f 8116 8549 8113
f 8114 8551 8115
f 8115 8550 8116
f 8092 8552 8114
f 8091 8553 8092
f 8090 8554 8091
f 8837 8844 8838
f 8845 8847 8848
f 9194 8864 8847
f 8844 8835 8847
f 8842 8840 8844
f 8841 8842 8843
f 8842 8844 8843
f 8840 8842 8841
f 8835 8844 8840
f 8838 8844 8847
f 8837 8838 8839
f 8839 8838 8846
f 8836 8849 8852
f 9164 9014 8864
f 8835 9194 8847
f 8864 9194 9164
f 8833 8835 8834
f 8832 8833 8830
f 8829 8827 8832
f 8832 8827 8833
f 8829 8832 8831
f 8852 8856 8853
f 9010 8864 9011
f 9010 8862 8857
f 8862 8858 8860
f 8857 8860 8861
f 8857 8864 9010
f 8857 8862 8860
f 8858 8862 9010
f 8856 8849 8864
f 8855 8856 8864
f 8852 8853 8854
f 8833 8827 8835
f 8850 8852 8851
f 8852 8849 8856
f 8849 8847 8864
f 8850 8836 8852
f 8826 9201 9112
f 8849 8836 8850
f 8848 8849 8850
f 8848 8847 8849
f 8846 8838 8847
f 8809 8803 8819
f 8809 8812 8811
f 8807 8810 8808
f 8810 8809 8811
f 8810 8806 8809
f 8806 8810 8807
f 8806 8804 8809
f 8804 8803 8809
f 8804 8806 8805
f 8802 8803 8804
f 8812 8809 8814
f 8634 8824 8826
f 8800 8801 8802
f 8800 8799 8801
f 8801 8793 8803
f 8798 8799 8800
f 8801 8803 8802
f 8803 8665 8819
f 8798 8796 8799
f 8799 8793 8801
f 8796 8798 8797
f 8815 8814 8819
f 8828 8827 8829
f 8827 8828 9200
f 8827 9194 8835
f 9114 8825 8826
f 8634 8826 8825
f 8024 4744 9678
f 7889 9551 8824
f 7888 9551 7889
f 8741 8739 8819
f 8739 8822 8819
f 8855 8864 8863
f 8817 8821 8815
f 8820 8818 8819
f 8817 8815 8819
f 8821 8818 8820
f 8818 8817 8819
f 8817 8818 8821
f 8814 8815 8816
f 8814 8809 8819
f 8812 8814 8813
f 8633 7790 9963
f 9895 8593 8594
f 8595 8599 9893
f 8594 8595 9890
f 9872 8600 8601
f 8599 8600 9872
f 8590 8591 9904
f 8591 8592 9904
f 9899 8589 8590
f 8588 8589 9899
f 8592 8593 9895
f 8632 8588 9899
f 8588 8632 9850
f 8574 8588 9846
f 8573 8574 9842
f 8572 8573 9827
f 8570 8571 9825
f 8571 8572 9826
f 8305 8586 8570
f 8304 8585 8586
f 8301 8579 8585
f 9811 8654 8655
f 9811 8646 8641
f 9811 8640 8646
f 9811 8639 8640
f 9811 8638 8639
f 9811 8637 8638
f 9811 8635 8637
f 9811 8631 8635
f 9811 8629 8631
f 9811 8657 8658
f 9811 8656 8657
f 8581 8579 8294
f 8655 8656 9811
f 9811 8653 8654
f 9811 8652 8653
f 8651 8652 9811
f 9811 8628 8629
f 9811 8627 8628
f 9811 8626 8627
f 9811 8617 8626
f 9811 8616 8617
f 9201 8826 9523
f 8624 8558 8281
f 8569 8566 8281
f 8281 8559 8569
f 8566 8565 8281
f 8558 8559 8281
f 8561 8281 8560
f 8561 8562 8281
f 8562 8563 8281
f 8281 8563 8576
f 8560 8281 8567
f 8623 8624 8281
f 8824 9523 8826
f 8845 8848 9329
f 8847 8845 9325
f 8846 8847 9326
f 8837 8839 9331
f 8839 8846 9327
f 8843 8844 9330
f 8844 8837 9332
f 8848 8850 9324
f 9811 8611 8612
f 8289 8582 8581
f 9817 8605 8598
f 9862 8602 8603
f 8601 8602 9862
f 9817 8604 8605
f 8603 8604 9817
f 9811 8614 8615
f 9811 8615 8616
f 8613 8614 9811
f 8796 8793 8799
f 8612 8613 9811
f 9811 8610 8611
f 9811 8609 8610
f 9811 8607 8609
f 9811 8606 8607
f 8598 8606 9811
f 8286 8575 8582
f 8576 8575 8282
f 8565 8567 8281
f 8676 8675 9213
f 8665 8718 8819
f 8627 8718 8665
f 7848 8718 8583
f 9164 8695 9014
f 8679 8678 9217
f 8678 8681 9218
f 8685 8686 9215
f 8686 8679 9216
f 8681 8682 9219
f 8682 8680 9220
f 7851 8706 8718
f 8675 8685 9214
f 8677 8676 9212
f 8687 8677 8979
f 8701 8698 8695
f 8700 8894 8698
f 8699 8700 8698
f 8695 8698 8871
f 8697 8894 8700
f 8696 8698 8701
f 8710 8709 8711
f 8719 8720 8718
f 8718 8717 8719
f 8718 8716 8717
f 8718 8714 8716
f 8714 8715 8716
f 8714 8710 8713
f 8712 8711 8713
f 8710 8712 8713
f 8710 8711 8712
f 8718 8706 8714
f 8688 8691 8695
f 8706 8710 8714
f 8710 8708 8709
f 8710 8707 8708
f 8707 8709 8708
f 8706 8707 8710
f 8706 8704 8705
f 7883 8704 8706
f 7883 8703 8704
f 7883 8702 8703
f 8664 8665 8666
f 8686 9164 9125
f 8674 8672 9125
f 8672 8673 8684
f 8672 8683 8673
f 8672 8674 8671
f 9125 8672 8682
f 8670 8825 9114
f 8667 8780 8668
f 8667 8665 8780
f 8666 8665 8667
f 8686 8677 8695
f 8664 8663 8665
f 8662 8663 8664
f 8662 8661 8663
f 8660 8661 8662
f 8661 8658 8663
f 8659 8661 8660
f 8658 8661 8659
f 8656 8658 8657
f 8655 8658 8656
f 9125 8682 8686
f 8695 8694 8693
f 8695 8692 8694
f 8693 8701 8695
f 8692 8695 8691
f 8688 8695 8687
f 8691 8689 8690
f 8689 8691 8688
f 8695 8677 8687
f 8689 8688 8687
f 8675 8686 8685
f 8718 8720 8724
f 8684 8673 8683
f 8682 8672 8684
f 8682 8684 8680
f 9164 8686 8695
f 8686 8678 8679
f 8686 8681 8678
f 8681 8686 8682
f 8677 8686 8676
f 8675 8676 8686
f 8761 8762 8773
f 8776 8772 8775
f 8774 8771 8773
f 8772 8761 8771
f 8771 8761 8773
f 8764 8769 8770
f 8764 8763 8769
f 8768 8770 8769
f 8763 8767 8769
f 8761 8765 8766
f 8765 8764 8766
f 8772 8776 8737
f 8761 8772 8765
f 8764 8765 8772
f 8763 8760 8767
f 8759 8763 8757
f 8763 8759 8760
f 8757 8758 8760
f 8757 8760 8759
f 8764 8732 8763
f 8763 8755 8757
f 8785 8787 8786
f 8794 8796 8795
f 8793 8796 8794
f 8791 8793 8792
f 8793 8785 8803
f 8791 8785 8793
f 8789 8785 8790
f 8785 8791 8790
f 8785 8780 8803
f 8787 8789 8788
f 8787 8785 8789
f 8753 8755 8763
f 8780 8665 8803
f 8783 8785 8784
f 8783 8780 8785
f 8781 8782 8783
f 8782 8780 8783
f 8780 8782 8781
f 8778 8780 8779
f 8669 8780 8778
f 8668 8780 8669
f 8729 8730 8732
f 8741 8740 8739
f 8737 8736 8772
f 8737 8776 8738
f 8748 8736 8737
f 8819 8764 8772
f 8819 8718 8764
f 8735 8753 8732
f 8734 8735 8732
f 8732 8733 8734
f 8732 8730 8731
f 8743 8742 8744
f 8728 8726 8727
f 8729 8724 8728
f 8718 8729 8764
f 8726 8724 8725
f 8726 8728 8724
f 8718 8724 8729
f 8723 8721 8722
f 8724 8720 8723
f 8720 8721 8723
f 8741 8736 8747
f 8732 8753 8763
f 8755 8756 8757
f 8753 8756 8755
f 8753 8754 8756
f 8764 8729 8732
f 8742 8747 8751
f 8748 8737 8749
f 8750 8748 8749
f 8745 8751 8747
f 8473 7910 8474
f 8748 8750 8746
f 8748 8747 8736
f 8736 8741 8772
f 8747 8748 8746
f 8742 8743 8741
f 8741 8743 8740
f 8742 8741 8747
f 8742 8751 8752
f 8772 8741 8819
f 8268 8209 8210
f 8258 8260 8268
f 8268 8217 8218
f 8218 8215 8268
f 8268 8216 8217
f 8268 8214 8216
f 8215 8219 8268
f 8213 8214 8268
f 8268 8212 8213
f 8211 8212 8268
f 8268 8207 8208
f 8260 8259 8268
f 8210 8211 8268
f 8208 8209 8268
f 8219 8256 8268
f 8268 8241 8246
f 8235 8234 8268
f 8233 8241 8268
f 8234 8233 8268
f 8268 8206 8207
f 8268 8203 8204
f 8264 8236 8268
f 8248 8247 8268
f 8251 8250 8268
f 8250 8249 8268
f 8249 8248 8268
f 8268 8239 8240
f 8240 8238 8268
f 8238 8237 8268
f 8237 8235 8268
f 8268 8236 8239
f 8265 8264 8268
f 8268 8202 8203
f 8268 8262 8263
f 8265 8268 8263
f 8257 8255 8268
f 8268 8256 8257
f 8255 8258 8268
f 8267 8262 8268
f 8261 8266 8268
f 8266 8267 8268
f 8268 8259 8261
f 7493 8258 8255
f 7501 8264 8265
f 7500 8265 8263
f 8267 7499 8262
f 7498 8266 8261
f 7499 8263 8262
f 7499 8267 8266
f 8259 7494 8261
f 7494 8259 8260
f 8258 7493 8260
f 8256 7496 8257
f 7509 8241 8233
f 7497 8255 8257
f 7496 8256 8219
f 7535 8247 8248
f 8252 7531 8251
f 7531 8252 8253
f 7530 8253 8254
f 7523 8254 8220
f 8250 7532 8249
f 7533 8248 8249
f 8246 7512 8245
f 8201 8202 8268
f 8204 8205 8268
f 8205 8206 8268
f 8247 8199 8268
f 8198 8268 8199
f 8197 8269 8198
f 8243 7511 8228
f 7511 8242 8244
f 7511 8243 8242
f 8245 7512 8244
f 8254 8253 8268
f 7512 8246 8241
f 7503 8239 8236
f 7504 8236 8264
f 8240 7507 8238
f 8237 7506 8235
f 7506 8237 8238
f 7507 8240 8239
f 7508 8234 8235
f 7510 8233 8234
f 7844 8346 8347
f 8284 8288 8285
f 8281 8307 8284
f 8281 8283 8307
f 8281 8282 8283
f 7844 8355 8424
f 7844 8349 8355
f 8354 7790 8449
f 8348 7844 8347
f 7844 8348 8349
f 8346 7844 8345
f 8287 8289 8286
f 8344 8343 7843
f 7843 8343 8345
f 8344 7843 8342
f 7820 8341 8342
f 7820 8340 8341
f 7820 8306 8340
f 7820 8297 8306
f 8350 7790 8354
f 8353 7790 8351
f 8336 8282 8334
f 8315 8290 8309
f 8314 8291 8313
f 8313 8290 8315
f 8296 8292 8317
f 8308 8288 8312
f 8310 8288 8308
f 8311 8288 8310
f 8309 8288 8311
f 8312 8284 8307
f 8292 8291 8314
f 8350 8351 7790
f 8282 8335 8334
f 8307 8283 8336
f 8286 8289 8326
f 8290 8313 8291
f 8288 8309 8290
f 8291 8292 8296
f 8288 8284 8312
f 8282 8286 8335
f 8283 8282 8336
f 8231 8230 8268
f 8227 8226 8268
f 8243 8228 8268
f 8244 8242 8268
f 8246 8245 8268
f 8245 8244 8268
f 8242 8243 8268
f 8228 8225 8268
f 8268 8224 8227
f 8225 8224 8268
f 8226 8232 8268
f 8268 8198 8269
f 8229 8223 8268
f 8230 8229 8268
f 8223 8222 8268
f 8222 8221 8268
f 8232 8231 8268
f 8252 8251 8268
f 8253 8252 8268
f 8221 8220 8268
f 8220 8254 8268
f 8272 8277 8278
f 7790 8352 8295
f 7790 8353 8352
f 8280 8488 8275
f 8275 8271 8280
f 8280 8271 8279
f 8274 8273 8272
f 8275 8274 8271
f 8272 8450 8452
f 8272 8278 8450
f 7532 8250 8251
f 8272 8276 8277
f 8272 8273 8276
f 8272 8271 8274
f 8280 8270 8488
f 8279 8270 8280
f 7908 8277 8276
f 7908 8276 8273
f 8275 8087 8274
f 8087 8273 8274
f 4086 8165 4088
f 8124 8123 8165
f 8127 8124 8165
f 8123 8122 8165
f 8122 4093 8165
f 4091 8165 4093
f 4091 4092 8165
f 8165 4090 4089
f 4090 8165 4092
f 4087 8165 4089
f 4087 4088 8165
f 8130 8128 8165
f 8165 4086 4085
f 4084 8165 4085
f 8198 7786 8197
f 8199 7535 8198
f 7786 8196 8197
f 8196 7789 8195
f 7789 8194 8195
f 7789 8192 8194
f 8191 7787 8190
f 8136 8134 8165
f 8146 8145 8165
f 8148 8146 8165
f 8143 8142 8165
f 8144 8143 8165
f 8141 8140 8165
f 8142 8141 8165
f 8140 8138 8165
f 8165 8138 8139
f 8139 8137 8165
f 8165 8135 8136
f 8193 8192 7787
f 8137 8135 8165
f 8134 8133 8165
f 8133 8132 8165
f 8132 8131 8165
f 8131 8129 8165
f 8165 8129 8130
f 8128 8126 8165
f 8165 8125 8127
f 8126 8125 8165
f 8159 7593 8158
f 8170 7727 8169
f 8169 7705 8168
f 8168 7700 8167
f 8167 7679 8166
f 8166 7680 8164
f 8164 7603 8163
f 8163 7602 8162
f 8160 7597 8159
f 8161 7597 8160
f 8162 7597 8161
f 7726 8170 8171
f 7593 8157 8158
f 8157 7579 8156
f 8156 7579 8154
f 8154 7578 8155
f 8153 7578 8152
f 7578 8153 8155
f 8152 7570 8151
f 8150 7566 8149
f 8149 7567 8147
f 8182 7767 8181
f 7787 8191 8193
f 8188 7785 8186
f 8190 7784 8189
f 7784 8188 8189
f 8187 8186 7781
f 7781 8184 8187
f 8185 8184 7781
f 8185 7766 8183
f 7766 8182 8183
f 8181 7767 8180
f 8145 8144 8165
f 8180 7761 8179
f 8179 7754 8178
f 7754 8177 8178
f 7754 8176 8177
f 8176 7748 8175
f 8175 7748 8174
f 8174 7747 8173
f 8173 7731 8172
f 8172 7726 8171
f 7439 8201 8200
f 8209 7448 8210
f 7448 8208 8207
f 7448 8209 8208
f 7444 8205 8204
f 7446 8206 8205
f 7447 8207 8206
f 7434 8219 8215
f 8203 7442 8204
f 7442 8202 8201
f 7442 8203 8202
f 7449 8212 8211
f 8196 8269 8197
f 8196 8165 8269
f 8195 8165 8196
f 8194 8165 8195
f 8165 8193 8191
f 8165 8192 8193
f 8192 8165 8194
f 8165 8189 8188
f 8186 8165 8188
f 7516 8227 8224
f 7522 8221 8222
f 7523 8220 8221
f 7521 8223 8229
f 7521 8222 8223
f 8232 7519 8231
f 7520 8229 8230
f 7519 8230 8231
f 7519 8232 8226
f 7517 8224 8225
f 8227 7516 8226
f 8165 8190 8189
f 7518 8225 8228
f 7535 8199 8247
f 7432 8217 8216
f 7433 8218 8217
f 7434 8215 8218
f 7430 8213 8212
f 8214 7431 8216
f 7431 8214 8213
f 7449 8211 8210
f 8159 8158 8165
f 8168 8167 8165
f 8167 8166 8165
f 8166 8164 8165
f 8161 8160 8165
f 8162 8161 8165
f 8163 8162 8165
f 8164 8163 8165
f 8160 8159 8165
f 8158 8157 8165
f 8157 8156 8165
f 8169 8168 8165
f 8165 8154 8155
f 8156 8154 8165
f 8155 8153 8165
f 8153 8152 8165
f 8150 8149 8165
f 8152 8151 8165
f 8151 8150 8165
f 8165 8147 8148
f 8149 8147 8165
f 8165 8176 8175
f 8190 8165 8191
f 8165 8185 8183
f 8165 8184 8185
f 8187 8165 8186
f 8184 8165 8187
f 8165 8182 8181
f 8182 8165 8183
f 8165 8180 8179
f 8180 8165 8181
f 8296 8320 8297
f 8165 8178 8177
f 8178 8165 8179
f 8176 8165 8177
f 8165 8173 8172
f 8165 8174 8173
f 8174 8165 8175
f 8165 8172 8171
f 8171 8170 8165
f 8170 8169 8165
f 8399 8368 8397
f 8389 8387 8385
f 8387 8389 8388
f 8392 8386 8390
f 8386 8387 8390
f 8394 8372 8391
f 8372 8392 8391
f 8374 8373 8375
f 8372 8386 8392
f 8393 8369 8394
f 8396 8369 8393
f 8390 8387 8388
f 8398 8368 8399
f 8395 8368 8396
f 8368 8395 8397
f 8402 8366 8401
f 8400 8367 8398
f 8366 8400 8401
f 8369 8372 8394
f 8368 8369 8396
f 8405 8359 8402
f 8377 8375 8442
f 8394 8391 8444
f 8444 8388 8389
f 8390 8388 8444
f 8389 8385 8444
f 8385 8384 8444
f 8384 8383 8443
f 8381 8380 8443
f 8382 8381 8443
f 8383 8382 8443
f 8442 8376 8377
f 8367 8368 8398
f 8378 8376 8442
f 8380 8379 8443
f 8379 8378 8443
f 8375 8373 8442
f 8403 8416 8404
f 8371 8414 8403
f 8414 8365 8412
f 8412 8364 8413
f 8413 8364 8411
f 7910 7911 8474
f 8485 7920 7921
f 7919 7920 8485
f 8483 7918 7919
f 7917 7918 8483
f 8481 7916 7917
f 7915 7916 8481
f 7914 7915 8479
f 7913 7914 8478
f 7912 7913 8477
f 7911 7912 8476
f 7921 7922 8487
f 7909 7910 8472
f 8406 8357 8361
f 8357 8406 8358
f 8358 8364 8363
f 8359 8360 8366
f 8387 7856 8385
f 7856 8387 8386
f 7856 8382 8383
f 8384 7856 8383
f 8362 8405 8361
f 8370 8414 8371
f 8410 8358 8409
f 8411 8358 8410
f 8408 8358 8406
f 8358 8408 8409
f 8365 8414 8370
f 8406 8361 8405
f 8364 8412 8365
f 8364 8358 8411
f 8405 8362 8359
f 8395 8396 8446
f 8366 8367 8400
f 8359 8366 8402
f 8448 7889 8442
f 8446 8445 7889
f 8447 8446 7889
f 8445 8444 7889
f 8443 8442 7889
f 8444 8443 7889
f 8448 8449 7889
f 8470 8532 7887
f 8462 7903 8463
f 7902 8462 8461
f 8460 7902 8461
f 8459 7901 8460
f 8458 7899 8459
f 8457 7899 8458
f 8452 8356 8453
f 8452 8450 8356
f 8450 8278 7908
f 8277 7908 8278
f 8463 7904 8464
f 8442 8373 8441
f 8441 8440 8442
f 8440 8439 8442
f 8448 8354 8449
f 8442 8350 8448
f 8439 8438 8434
f 8439 8350 8442
f 8437 8435 8436
f 8436 8434 8437
f 8451 8453 8455
f 8472 7910 8473
f 8471 7909 8472
f 8454 8458 8459
f 8454 8457 8458
f 8470 8454 8459
f 8454 8456 8457
f 8456 8356 8457
f 8455 8356 8456
f 8454 8455 8456
f 8454 8451 8455
f 8438 8437 8434
f 8453 8356 8455
f 8451 8452 8453
f 8451 8272 8452
f 8469 7907 8471
f 8468 7907 8469
f 8467 7906 8468
f 8466 7906 8467
f 8465 7904 8466
f 8464 7904 8465
f 8402 8401 8447
f 8413 8447 8412
f 8404 8416 8407
f 8416 8403 8414
f 8413 8411 8447
f 8411 8410 8447
f 8410 8409 8447
f 8409 8408 8447
f 8408 8406 8447
f 8406 8405 8447
f 8405 8402 8447
f 8414 8412 8447
f 8397 8395 8446
f 8400 8398 8447
f 8400 8447 8401
f 8399 8397 8447
f 8398 8399 8447
f 8392 8390 8444
f 8444 8391 8392
f 8445 8393 8394
f 8396 8393 8445
f 8417 8416 8447
f 8433 8432 8431
f 8431 8430 8433
f 8428 8427 8429
f 8447 8421 8422
f 8447 8420 8421
f 8420 8447 8423
f 8419 8447 8422
f 8418 8447 8419
f 8418 8417 8447
f 7856 8384 8385
f 8416 8414 8447
f 8447 8397 8446
f 8446 8396 8445
f 8445 8394 8444
f 8444 8384 8443
f 8443 8378 8442
f 8415 8417 8418
f 8417 8415 8416
f 8407 8416 8415
f 8333 8331 8295
f 8305 8295 8304
f 8295 8302 8303
f 8295 8338 8302
f 8295 8339 8338
f 8335 8327 8295
f 8295 8326 8328
f 8327 8325 8295
f 8295 8325 8326
f 8330 8295 8328
f 8333 8295 8332
f 8304 8295 8303
f 8295 8330 8332
f 8295 8337 8339
f 8295 8329 8337
f 8331 8329 8295
f 9853 8295 9852
f 8295 9848 9852
f 8295 9850 9847
f 9832 8295 9833
f 9849 8295 9846
f 8297 8323 8306
f 8315 8295 8313
f 8315 8309 8295
f 8311 8295 8309
f 8311 8310 8295
f 8352 8319 8316
f 8352 8318 8319
f 8352 8317 8318
f 8352 8322 8321
f 8322 8352 8320
f 8352 8321 8317
f 8295 9849 9848
f 8320 8296 8322
f 8321 8296 8317
f 8296 8321 8322
f 8316 8292 8314
f 8319 8318 8292
f 8292 8316 8319
f 8317 8292 8318
f 8303 8302 8301
f 8304 8303 8301
f 8295 8352 8316
f 9826 8295 9825
f 8295 9826 9827
f 9823 8295 8305
f 9824 8295 9823
f 8295 9824 9822
f 8312 8307 8295
f 8336 8295 8307
f 8295 8308 8312
f 8295 8334 8335
f 8336 8334 8295
f 8295 9827 9828
f 8299 8300 8339
f 8298 8299 8329
f 8326 8289 8328
f 8294 8298 8331
f 8293 8294 8333
f 8327 8286 8325
f 8335 8286 8327
f 8286 8326 8325
f 8289 8293 8328
f 9839 8295 9837
f 8295 9831 9846
f 8295 9832 9831
f 8295 9851 9850
f 8295 9853 9851
f 9835 8295 9830
f 9834 8295 9835
f 9844 8295 9845
f 8295 9844 9830
f 8295 9843 9845
f 8295 9842 9843
f 8310 8308 8295
f 8295 9840 9842
f 9841 8295 9839
f 8295 9841 9840
f 8295 9838 9837
f 8295 9834 9833
f 9836 8295 9829
f 9825 8295 9822
f 8295 9828 9829
f 8295 9836 9838
f 7907 7909 8471
f 8430 7847 8429
f 7847 8430 8431
f 7846 8428 8429
f 7846 8427 8428
f 7846 8426 8427
f 7845 8425 8426
f 7845 8424 8425
f 7899 8457 8356
f 8356 8450 7908
f 8454 8470 7049
f 7848 8431 8432
f 7906 7907 8468
f 8466 7905 7906
f 7904 7905 8466
f 7903 7904 8463
f 7902 7903 8462
f 7901 7902 8460
f 8459 7900 7901
f 7899 7900 8459
f 8273 8087 7908
f 7853 8441 8373
f 8381 7855 8380
f 7855 8381 8382
f 7858 8386 8372
f 8380 7855 8379
f 8378 7855 8376
f 8377 7855 8375
f 7855 8377 8376
f 7855 8378 8379
f 7854 8374 8375
f 7853 8373 8374
f 8426 8425 8350
f 7853 8440 8441
f 7852 8439 8440
f 7852 8438 8439
f 7851 8437 8438
f 8436 7850 8434
f 8435 7850 8436
f 7850 8435 8437
f 7849 8433 8434
f 7849 8432 8433
f 8329 8299 8337
f 8324 8320 8353
f 8323 8351 8340
f 8351 8350 8345
f 8353 8351 8323
f 8320 8352 8353
f 8340 8306 8323
f 8338 8301 8302
f 8339 8300 8338
f 8300 8301 8338
f 8337 8299 8339
f 8353 8323 8324
f 8331 8298 8329
f 8333 8294 8331
f 8332 8293 8333
f 8328 8293 8330
f 8293 8332 8330
f 8323 8297 8324
f 8297 8320 8324
f 8314 8313 8295
f 8295 8316 8314
f 8349 8350 8355
f 8350 8354 8448
f 8434 8350 8439
f 8430 8350 8433
f 8434 8433 8350
f 8430 8429 8350
f 8427 8350 8429
f 8427 8426 8350
f 8425 8424 8350
f 8424 8355 8350
f 8641 8642 9811
f 8346 8350 8347
f 8348 8350 8349
f 8350 8348 8347
f 8345 8350 8346
f 8342 8351 8344
f 8351 8343 8344
f 8351 8345 8343
f 8341 8351 8342
f 8340 8351 8341
f 8833 8834 9337
f 9754 4954 9115
f 9693 4744 9754
f 4744 9693 9678
f 9523 9606 9201
f 8840 8841 9334
f 8841 8843 9334
f 9337 8834 8835
f 8830 8833 9336
f 8832 8830 9339
f 8835 8840 9335
f 9115 9202 9754
f 9183 9184 9319
f 9182 9183 9316
f 9180 9182 9315
f 9197 9199 9302
f 9198 9197 9302
f 9190 9192 9307
f 9304 9195 9198
f 9192 9195 9304
f 9189 9190 9308
f 9211 9279 9115
f 9219 8682 9220
f 9215 8686 9216
f 9286 9287 9115
f 9285 9286 9115
f 9284 9285 9115
f 9283 9284 9115
f 9282 9283 9115
f 9281 9282 9115
f 9280 9281 9115
f 9279 9280 9115
f 9341 8828 8829
f 9210 9211 9115
f 9115 9209 9210
f 9208 9209 9115
f 9207 9208 9115
f 9206 9115 9204
f 9206 9207 9115
f 9115 9205 9204
f 9203 9205 9115
f 9754 9202 9201
f 9195 9194 9200
f 9155 9156 9416
f 9156 9158 9410
f 9154 9155 9399
f 9153 9154 9397
f 9197 9200 9199
f 9198 9196 9197
f 9196 9195 9200
f 9195 9196 9198
f 9196 9200 9197
f 9194 8827 9200
f 9158 9159 9412
f 9192 9194 9195
f 9191 9194 9192
f 9193 9186 9188
f 9190 9191 9192
f 9188 9190 9189
f 9191 9186 9194
f 9190 9186 9191
f 9186 9190 9188
f 9186 9181 9194
f 9177 9178 9312
f 9200 8828 9341
f 9199 9200 9341
f 8831 8832 9338
f 8829 8831 9340
f 9309 9188 9189
f 9193 9188 9309
f 9187 9193 9318
f 9184 9187 9317
f 9179 9180 9320
f 9178 9179 9321
f 9216 8679 9217
f 9176 9177 9310
f 9173 9174 9420
f 9170 9173 9422
f 9175 9176 9314
f 9174 9175 9322
f 9168 9169 9427
f 9169 9170 9426
f 9160 9168 9381
f 9159 9160 9382
f 9269 9146 9272
f 9150 9293 9288
f 9278 9149 9294
f 9274 9148 9276
f 9148 9277 9276
f 9148 9278 9277
f 9275 9148 9274
f 9273 9148 9275
f 9271 9148 9273
f 9270 9147 9271
f 9272 9147 9270
f 9150 9292 9289
f 9268 9143 9269
f 9265 9264 9143
f 9266 9265 9143
f 9267 9266 9143
f 9143 9268 9267
f 9264 9263 9143
f 9262 9143 9263
f 9262 9261 9144
f 9261 9260 9144
f 9216 9203 9215
f 9226 9227 9203
f 9203 9225 9226
f 9203 9224 9225
f 9203 9223 9224
f 9203 9222 9223
f 9203 9221 9222
f 9203 9220 9221
f 9203 9219 9220
f 9203 9218 9219
f 9203 9217 9218
f 9259 9144 9260
f 9203 9216 9217
f 9203 9214 9215
f 9203 9213 9214
f 9203 9212 9213
f 9167 9250 9295
f 9294 9150 9288
f 9293 9150 9289
f 9291 9150 9290
f 9292 9150 9291
f 9227 9125 9228
f 9237 9137 9238
f 9236 9127 9237
f 9235 9128 9236
f 9234 9161 9235
f 9233 9163 9234
f 9232 9165 9233
f 9231 9165 9232
f 9230 9123 9231
f 9229 9120 9230
f 9228 9117 9229
f 9238 9138 9239
f 9226 9126 9227
f 9225 9124 9226
f 9224 8674 9225
f 9223 8671 9224
f 9222 8672 9223
f 9221 8683 9222
f 9220 8680 9221
f 9218 8681 9219
f 9217 8678 9218
f 9248 9135 9249
f 9256 9254 9134
f 9257 9256 9134
f 9258 9257 9134
f 9259 9258 9134
f 9253 9134 9255
f 9134 9254 9255
f 9252 9136 9253
f 9252 9251 9135
f 9251 9249 9135
f 9187 9186 9193
f 9247 9133 9248
f 9247 9246 9132
f 9246 9245 9132
f 9244 9132 9245
f 9244 9243 9140
f 9243 9242 9140
f 9241 9140 9242
f 9240 9139 9241
f 9239 9138 9240
f 9137 9131 9130
f 9130 9140 9137
f 9135 9132 9136
f 9136 9141 9134
f 9132 9142 9136
f 9132 9135 9133
f 9127 9130 9131
f 9140 9130 9164
f 9127 9164 9130
f 9128 9127 9129
f 9128 9161 9127
f 9140 9138 9137
f 9124 9125 9126
f 8674 9125 9124
f 9122 9116 9123
f 9164 9121 9119
f 9117 9118 9119
f 9119 9121 9120
f 9125 9164 9119
f 9119 9118 9125
f 9122 9164 9116
f 9145 9143 9144
f 9154 9151 9157
f 9153 9151 9154
f 9150 9153 9152
f 9150 9151 9153
f 9150 9148 9151
f 9148 9132 9151
f 9148 9150 9149
f 9147 9143 9148
f 9143 9147 9146
f 9143 9145 9148
f 9122 9121 9164
f 9144 9142 9145
f 9145 9132 9148
f 9134 9141 9144
f 9144 9141 9142
f 9142 9132 9145
f 9136 9142 9141
f 9164 9151 9132
f 9140 9164 9132
f 9138 9140 9139
f 9076 9077 9112
f 9093 9082 9344
f 9081 9080 9344
f 9080 9078 9344
f 9082 9083 9344
f 9085 9079 9344
f 9344 9084 9085
f 9083 9084 9344
f 9079 9081 9344
f 9077 9073 9112
f 9078 9076 9112
f 9089 9090 9344
f 9073 9072 9112
f 9077 9013 9073
f 9013 9072 9073
f 9013 9071 9072
f 9071 9067 9072
f 9072 9054 9112
f 9067 9054 9072
f 9068 9054 9067
f 9069 9054 9068
f 9099 9086 9344
f 8670 9203 9115
f 9114 9113 8980
f 8983 8980 9113
f 9344 9078 9112
f 9102 9101 9344
f 9103 9102 9344
f 9101 9100 9344
f 9100 9095 9344
f 9095 9096 9344
f 9344 9097 9098
f 9154 9156 9155
f 9098 9099 9344
f 9096 9097 9344
f 9344 9090 9091
f 9344 9088 9089
f 9344 9087 9088
f 9087 9344 9086
f 9091 9092 9344
f 9094 9093 9344
f 9092 9094 9344
f 9147 9148 9271
f 9169 9160 9171
f 9160 9169 9168
f 9160 9151 9181
f 4954 9754 5077
f 9167 9150 9387
f 9150 9167 9290
f 9152 9153 9391
f 9150 9152 9387
f 9149 9150 9294
f 9148 9149 9278
f 9169 9171 9170
f 9146 9147 9272
f 9143 9146 9269
f 9135 9136 9252
f 9132 9133 9247
f 9140 9132 9244
f 9138 9139 9240
f 9140 9241 9139
f 9138 9238 9137
f 9131 9137 9237
f 9177 9179 9178
f 9187 9185 9186
f 9185 9187 9184
f 9185 9181 9186
f 9183 9185 9184
f 9180 9183 9182
f 9180 9181 9183
f 9183 9181 9185
f 9181 9151 9194
f 9179 9181 9180
f 9179 9177 9181
f 9131 9237 9127
f 9176 9172 9177
f 9172 9176 9175
f 9175 9173 9172
f 9173 9171 9172
f 9173 9175 9174
f 9177 9160 9181
f 9171 9177 9172
f 9171 9160 9177
f 9170 9171 9173
f 9165 9116 9164
f 9125 9118 9228
f 9124 9126 9226
f 8671 8674 9224
f 8674 9124 9225
f 8683 8672 9222
f 8672 8671 9223
f 8680 8684 9221
f 8684 8683 9221
f 9151 9164 9194
f 9166 9165 9164
f 9126 9125 9227
f 9163 9162 9161
f 9162 9164 9161
f 9164 9127 9161
f 9166 9164 9162
f 9157 9158 9156
f 9158 9157 9159
f 9159 9151 9160
f 9156 9154 9157
f 9157 9151 9159
f 9162 9233 9166
f 9129 9236 9128
f 9129 9127 9236
f 9161 9128 9235
f 9144 9143 9262
f 9134 9144 9259
f 9136 9134 9253
f 9133 9135 9248
f 9165 9166 9233
f 9161 9234 9163
f 9203 9227 9228
f 9233 9162 9163
f 9231 9116 9165
f 9123 9116 9231
f 9230 9122 9123
f 9121 9122 9230
f 9120 9121 9230
f 9229 9119 9120
f 9117 9119 9229
f 9118 9117 9228
f 9201 9372 9371
f 9431 9430 9201
f 9430 9429 9201
f 9378 9201 9429
f 9376 9201 9378
f 9375 9201 9377
f 9376 9377 9201
f 9374 9201 9375
f 9373 9201 9374
f 9372 9201 9373
f 9370 9201 9371
f 9432 9431 9201
f 9369 9201 9370
f 9368 9201 9369
f 9367 9201 9368
f 9366 9201 9367
f 9365 9201 9366
f 9364 9201 9365
f 9363 9201 9364
f 9362 9201 9363
f 9361 9201 9362
f 9386 9167 9387
f 9344 9104 9109
f 9106 9107 9344
f 9111 9110 9344
f 9110 9104 9344
f 9107 9108 9344
f 9326 9325 9344
f 9325 9328 9344
f 9329 9324 9344
f 9328 9329 9344
f 9385 9167 9386
f 9360 9201 9361
f 9384 9167 9385
f 9441 9439 9201
f 9439 9438 9201
f 9437 9436 9201
f 9436 9435 9201
f 9438 9437 9201
f 9434 9433 9201
f 9435 9434 9201
f 9433 9432 9201
f 9302 9303 9198
f 9344 9112 9201
f 9335 8840 9334
f 9337 8835 9335
f 9327 8846 9326
f 9326 8847 9325
f 9331 8839 9327
f 9332 8837 9331
f 9334 8843 9330
f 9330 8844 9333
f 8844 9332 9333
f 9336 8833 9337
f 9304 9198 9303
f 9309 9189 9308
f 9318 9193 9306
f 9193 9309 9306
f 9308 9190 9307
f 9307 9192 9305
f 9305 9192 9304
f 9311 9178 9321
f 9310 9177 9312
f 9349 9201 9351
f 9359 9201 9360
f 9358 9201 9359
f 9355 9201 9356
f 9201 9357 9356
f 9201 9358 9357
f 9354 9201 9355
f 9352 9201 9353
f 9201 9354 9353
f 9351 9201 9350
f 9201 9352 9350
f 9109 9105 9344
f 9348 9201 9349
f 9347 9201 9348
f 9346 9201 9347
f 9345 9201 9346
f 9343 9201 9345
f 9344 9201 9343
f 9340 8831 9338
f 9338 8832 9339
f 9339 8830 9336
f 9366 9367 9307
f 9376 9321 9320
f 9320 9315 9375
f 9311 9321 9376
f 9316 9319 9373
f 9315 9316 9375
f 9373 9319 9317
f 9370 9309 9369
f 9368 9369 9309
f 9366 9305 9365
f 9368 9307 9367
f 9317 9318 9372
f 9365 9303 9364
f 9363 9364 9303
f 9363 9302 9362
f 9362 9342 9361
f 9318 9306 9370
f 9306 9309 9370
f 9309 9308 9368
f 9308 9307 9368
f 9307 9305 9366
f 9442 9440 9201
f 9454 9201 9453
f 9454 9455 9201
f 9449 9201 9448
f 9449 9447 9201
f 9445 9444 9201
f 9447 9446 9201
f 9446 9445 9201
f 9443 9442 9201
f 9444 9443 9201
f 9441 9201 9440
f 9305 9304 9365
f 9377 9376 9320
f 9375 9316 9374
f 9375 9377 9320
f 9373 9374 9316
f 9373 9317 9372
f 9371 9318 9370
f 9372 9318 9371
f 9378 9311 9376
f 9313 9311 9378
f 9333 9332 9344
f 9342 9341 9361
f 9341 9340 9361
f 9347 9348 9337
f 9347 9335 9346
f 9346 9334 9345
f 9337 9335 9347
f 9335 9334 9346
f 9345 9330 9343
f 9344 9343 9333
f 9334 9330 9345
f 9336 9337 9349
f 9332 9331 9344
f 9327 9326 9344
f 9331 9327 9344
f 9330 9333 9343
f 9324 9075 9344
f 9344 9074 9111
f 9075 9074 9344
f 9108 9103 9344
f 9344 9105 9106
f 9340 9354 9355
f 9365 9304 9303
f 9303 9302 9363
f 9302 9342 9362
f 9361 9340 9360
f 9340 9359 9360
f 9340 9358 9359
f 9340 9357 9358
f 9340 9356 9357
f 9340 9355 9356
f 9322 9175 9314
f 9353 9340 9352
f 9340 9353 9354
f 9350 9352 9340
f 9351 9350 9339
f 9349 9351 9339
f 9349 9337 9348
f 9340 9338 9350
f 9338 9339 9350
f 9339 9336 9349
f 9268 9269 9272
f 9287 10662 9115
f 9298 9250 9384
f 9297 9250 9298
f 9296 9250 9297
f 9295 9250 9296
f 9294 9274 9276
f 9275 9272 9273
f 9272 9271 9273
f 9272 9270 9271
f 9272 9267 9268
f 9279 9211 9294
f 9250 9167 9384
f 9290 9167 9295
f 9274 9210 9275
f 9275 9209 9272
f 9211 9210 9274
f 9210 9209 9275
f 9272 9208 9267
f 9267 9207 9266
f 9264 9205 9263
f 9277 9278 9294
f 9285 9284 9462
f 9384 9283 9298
f 9298 9282 9297
f 9295 9294 9290
f 9293 9289 9294
f 9294 9288 9293
f 9291 9290 9294
f 9289 9292 9294
f 9292 9291 9294
f 9294 9276 9277
f 9265 9204 9264
f 9297 9281 9296
f 9296 9280 9295
f 9295 9279 9294
f 9294 9211 9274
f 9284 9283 9384
f 9283 9282 9298
f 9282 9281 9297
f 9281 9280 9296
f 9280 9279 9295
f 9203 9237 9238
f 9205 9241 9242
f 9241 9205 9240
f 9209 9208 9272
f 9208 9207 9267
f 9204 9205 9264
f 9207 9206 9266
f 9206 9204 9265
f 9205 9203 9240
f 9203 9239 9240
f 9203 9238 9239
f 9205 9244 9245
f 9203 9236 9237
f 9203 9235 9236
f 9203 9234 9235
f 9203 9233 9234
f 9203 9232 9233
f 9203 9231 9232
f 9203 9230 9231
f 9203 9229 9230
f 9203 9228 9229
f 9255 9205 9253
f 9266 9206 9265
f 9205 9262 9263
f 9205 9261 9262
f 9205 9260 9261
f 9205 9259 9260
f 9258 9205 9257
f 9205 9256 9257
f 9205 9258 9259
f 9205 9254 9256
f 9205 9255 9254
f 9284 9384 9385
f 9205 9252 9253
f 9205 9251 9252
f 9205 9249 9251
f 9205 9248 9249
f 9205 9247 9248
f 9205 9246 9247
f 9205 9245 9246
f 9243 9205 9242
f 9244 9205 9243
f 9174 9419 9421
f 9168 9379 9383
f 9428 9380 9168
f 9168 9425 9428
f 9425 9168 9427
f 9159 9382 9418
f 9382 9160 9381
f 9422 9173 9420
f 9424 9170 9422
f 9424 9426 9170
f 9421 9420 9174
f 9380 9379 9168
f 9174 9423 9419
f 9174 9323 9423
f 9174 9322 9323
f 9411 9410 9158
f 9416 9156 9410
f 9402 9155 9401
f 9400 9155 9403
f 9155 9402 9403
f 9406 9155 9416
f 9342 9199 9341
f 9314 9176 9310
f 9312 9178 9313
f 9178 9311 9313
f 9317 9187 9318
f 9319 9184 9317
f 9315 9182 9316
f 9316 9183 9319
f 9320 9180 9315
f 9321 9179 9320
f 9302 9199 9342
f 9407 9155 9406
f 9341 8829 9340
f 9427 9169 9426
f 9417 9412 9159
f 9415 9158 9414
f 9415 9411 9158
f 9158 9413 9414
f 9158 9412 9413
f 9159 9418 9417
f 9383 9381 9168
f 10353 9287 10354
f 9467 9466 9287
f 9466 9301 9287
f 10358 9287 10357
f 9287 10356 10357
f 10356 9287 10342
f 10335 10342 9287
f 9299 9287 9300
f 10373 10335 9287
f 9287 9299 10373
f 10354 9287 10355
f 9467 9287 9468
f 10352 9287 10353
f 9287 10351 10355
f 10366 9287 10352
f 9287 10350 10351
f 10350 9287 10349
f 10358 10349 9287
f 9287 9286 9465
f 9286 9285 9463
f 9462 9284 9385
f 9392 9153 9396
f 9409 9155 9407
f 9408 9404 9155
f 9409 9408 9155
f 9405 9155 9404
f 9155 9405 9401
f 9399 9155 9400
f 9397 9154 9399
f 9398 9153 9397
f 9153 9398 9395
f 9070 9054 9069
f 9393 9153 9392
f 9394 9153 9393
f 9390 9153 9389
f 9153 9394 9389
f 9388 9153 9390
f 9153 9395 9396
f 9391 9153 9388
f 9387 9152 9391
f 9300 9287 9301
f 8867 8937 8939
f 8912 8867 8911
f 8867 8908 8911
f 8867 8907 8908
f 8867 8912 8914
f 8910 8906 8867
f 8867 8909 8910
f 8867 8901 8905
f 8867 8905 8909
f 8901 8867 8900
f 8867 8939 8944
f 8907 8867 8906
f 8867 8918 8919
f 8918 8867 8927
f 8867 8924 8927
f 8867 8933 8900
f 8933 8867 8932
f 8920 8867 8919
f 8867 8920 8932
f 9014 8695 8931
f 8979 8677 9212
f 8937 8867 8916
f 8888 8922 8928
f 8928 8922 8926
f 8925 8923 8924
f 8922 8924 8926
f 8922 8923 8925
f 8922 8925 8924
f 8921 8923 8922
f 8927 8886 8918
f 8918 8885 8919
f 8920 8917 8932
f 8978 8687 8979
f 8904 8901 8900
f 8904 8900 8903
f 8903 8902 8904
f 8899 8900 8898
f 8936 8900 8935
f 8936 8898 8900
f 8915 8916 8867
f 8867 8913 8915
f 8914 8913 8867
f 8948 8700 8947
f 8956 8698 8960
f 8946 8699 8955
f 8955 8698 8956
f 8943 8697 8944
f 8942 8894 8940
f 8941 8894 8943
f 8894 8941 8940
f 8945 8700 8954
f 8944 8700 8945
f 8947 8700 8946
f 8960 8698 8959
f 8949 8700 8948
f 8950 8700 8949
f 8951 8700 8950
f 8952 8700 8951
f 8953 8700 8952
f 8700 8953 8954
f 8938 8894 8939
f 8937 8895 8938
f 8916 8896 8937
f 8965 8701 8964
f 8977 8691 8976
f 8974 8691 8973
f 8691 8975 8973
f 8691 8977 8975
f 8972 8692 8974
f 8976 8690 8978
f 8964 8693 8969
f 8971 8694 8972
f 8970 8694 8971
f 8969 8694 8970
f 8922 8889 8921
f 8966 8701 8965
f 8962 8701 8963
f 8967 8701 8966
f 8701 8968 8963
f 8701 8967 8968
f 8957 8696 8961
f 8696 8962 8961
f 8958 8698 8957
f 8959 8698 8958
f 8958 8957 8955
f 8706 8705 8357
f 8980 8981 9114
f 9020 8867 9021
f 9019 8867 9020
f 9014 8924 9018
f 8931 8929 9014
f 8924 8867 9019
f 8929 8924 9014
f 8866 8865 9054
f 8867 8866 9054
f 8707 8706 8357
f 8959 8958 8955
f 8960 8959 8955
f 8955 8956 8960
f 9203 8867 9212
f 8955 8944 8946
f 8954 8953 8944
f 8944 8945 8954
f 8951 8950 8944
f 8953 8952 8944
f 8722 8721 8364
f 8738 8776 10031
f 10031 8737 8738
f 10031 8775 8772
f 8776 8775 10031
f 8771 8774 10031
f 8773 10031 8774
f 8772 8771 10031
f 8749 8737 10031
f 8723 8722 8364
f 8721 8720 8364
f 8950 8949 8944
f 8720 8719 8364
f 8719 8717 8357
f 8713 8711 8357
f 8717 8716 8357
f 8716 8715 8357
f 8715 8714 8357
f 8714 8713 8357
f 8711 8709 8357
f 8709 8707 8357
f 8867 8944 8955
f 8965 8964 8867
f 8966 8965 8867
f 8967 8966 8867
f 8968 8867 8963
f 8968 8967 8867
f 8867 8964 8969
f 8867 8962 8963
f 8961 8867 8957
f 8867 8961 8962
f 8867 8955 8957
f 8867 8970 8971
f 8935 8933 8934
f 8933 8935 8900
f 8930 8929 8931
f 8928 8926 8929
f 8926 8924 8929
f 8923 8927 8924
f 8923 8889 8927
f 8929 8888 8928
f 8923 8921 8889
f 8867 8978 8979
f 8947 8946 8944
f 8948 8947 8944
f 8949 8948 8944
f 8952 8951 8944
f 8942 8940 8944
f 8940 8941 8944
f 8941 8943 8944
f 9212 8867 8979
f 8944 8939 8942
f 8939 8894 8942
f 8867 8976 8978
f 8977 8976 8867
f 8867 8975 8977
f 8867 8973 8975
f 8974 8973 8867
f 8972 8867 8971
f 8867 8972 8974
f 8939 8937 8938
f 8970 8867 8969
f 9868 8666 9869
f 8981 8670 9114
f 8867 9203 8670
f 8980 8670 8981
f 8865 8670 8980
f 8866 8867 8670
f 8865 8866 8670
f 10030 8823 8982
f 9875 8668 9876
f 9874 8668 9875
f 9869 8666 9874
f 8865 8980 8983
f 9867 8666 9868
f 9866 8666 9867
f 9865 8664 9866
f 9821 8664 9865
f 9819 8662 9821
f 9816 8660 9819
f 9813 8660 9816
f 9864 8601 9862
f 9862 8603 9860
f 8876 8874 8870
f 8879 8882 8892
f 8890 8880 8879
f 8880 8878 8879
f 8890 8872 8880
f 8878 8880 8872
f 8879 8881 8882
f 8695 8890 8931
f 8869 8868 8916
f 8868 8896 8916
f 8875 8877 8872
f 9820 9860 8603
f 8871 8870 8874
f 8871 8875 8872
f 8871 8874 8875
f 8874 8876 8873
f 8890 8871 8872
f 8871 8890 8695
f 8871 8868 8869
f 8870 8871 8869
f 8868 8871 8897
f 8660 8662 9819
f 10005 8780 8781
f 8779 8780 10005
f 8778 8779 10005
f 9877 8669 8778
f 8668 8669 9877
f 8667 8668 9874
f 8666 8667 9874
f 8634 8633 10234
f 8664 8666 9866
f 8662 8664 9821
f 8781 8783 10016
f 9813 8659 8660
f 8659 9813 8658
f 9811 8649 8651
f 9811 8648 8649
f 9811 8647 8648
f 9811 8645 8647
f 9811 8644 8645
f 9811 8642 8643
f 8643 8644 9811
f 8299 8298 8579
f 8603 9818 9820
f 8603 9817 9818
f 9817 8598 9814
f 9811 8658 9813
f 8598 9811 9814
f 8599 9871 9870
f 8599 9872 9871
f 8599 9870 9873
f 9872 8601 9864
f 8300 8299 8579
f 8879 8892 8891
f 8298 8294 8579
f 8294 8293 8581
f 8293 8289 8581
f 8289 8287 8582
f 8287 8286 8582
f 8286 8282 8575
f 8282 8281 8576
f 8784 8823 10030
f 8783 8784 10025
f 8890 8891 8893
f 8698 8894 8897
f 8894 8895 8896
f 8934 8891 8935
f 8891 8936 8935
f 8933 8893 8934
f 8932 8893 8933
f 8932 8883 8893
f 8893 8891 8934
f 8892 8936 8891
f 8883 8890 8893
f 8871 8698 8897
f 8890 8879 8891
f 8889 8887 8927
f 8888 8889 8922
f 8931 8890 8930
f 8888 8887 8889
f 8890 8929 8930
f 8919 8884 8920
f 8886 8885 8918
f 8884 8917 8920
f 8896 8895 8937
f 9214 8685 9215
f 9213 8675 9214
f 9212 8676 9213
f 8690 8689 8978
f 8691 8690 8976
f 8692 8691 8974
f 8689 8687 8978
f 8698 8696 8957
f 8700 8699 8946
f 8699 8698 8955
f 8917 8883 8932
f 8895 8894 8938
f 8894 8697 8943
f 8697 8700 8944
f 8693 8694 8969
f 8694 8692 8972
f 8701 8693 8964
f 8696 8701 8962
f 8896 8868 8897
f 8897 8894 8896
f 8882 8881 8900
f 8907 8873 8908
f 8904 8878 8901
f 8903 8881 8902
f 8900 8881 8903
f 8902 8879 8904
f 8882 8900 8899
f 8936 8892 8898
f 8898 8882 8899
f 8881 8879 8902
f 8892 8882 8898
f 8908 8873 8911
f 8877 8905 8872
f 8876 8911 8873
f 8870 8869 8913
f 8876 8870 8914
f 8875 8874 8906
f 8877 8875 8909
f 8874 8873 8907
f 8879 8878 8904
f 8878 8872 8901
f 8869 8916 8915
f 8890 8888 8929
f 8885 8884 8919
f 8884 8883 8917
f 8887 8886 8927
f 8888 8886 8887
f 8884 8885 8883
f 8886 8883 8885
f 8890 8886 8888
f 8883 8886 8890
f 8773 8762 10033
f 8912 8876 8914
f 8911 8876 8912
f 8914 8870 8913
f 8913 8869 8915
f 8910 8875 8906
f 8909 8875 8910
f 8901 8872 8905
f 8905 8877 8909
f 8906 8874 8907
f 8845 9329 9328
f 9011 9065 9064
f 9066 9011 9060
f 9011 9063 9065
f 9062 9011 9061
f 9011 9062 9063
f 9057 9012 9056
f 9058 9012 9057
f 9059 9012 9058
f 9061 9012 9059
f 9325 8845 9328
f 9060 9011 9064
f 9329 8848 9324
f 9075 8851 8852
f 8853 8856 9108
f 8852 8854 9110
f 8854 8853 9104
f 8850 8851 9075
f 8857 8861 9078
f 8861 8860 9078
f 9012 8984 9056
f 8857 9081 9079
f 8864 9094 9092
f 8864 9093 9094
f 9324 8850 9075
f 9056 8984 9055
f 9084 8857 9085
f 8857 9079 9085
f 9082 8857 9083
f 8857 9084 9083
f 9080 8857 9078
f 9081 8857 9080
f 9010 9011 9066
f 9076 8860 9077
f 9078 8860 9076
f 8860 9013 9077
f 9071 8858 9067
f 9070 9010 9066
f 9068 8859 9069
f 8859 9070 9069
f 9067 8859 9068
f 8860 9071 9013
f 9030 9008 9028
f 9045 8988 9044
f 9041 8992 9042
f 8992 9043 9042
f 9044 8992 9041
f 9043 8993 9040
f 9040 8987 9039
f 9039 9001 9038
f 9038 9002 9037
f 9029 9006 9030
f 9033 9006 9029
f 9047 8989 9045
f 9002 9036 9037
f 9036 9003 9035
f 9035 9004 9032
f 9004 9034 9032
f 9034 9007 9031
f 9007 9033 9031
f 9007 9006 9033
f 9006 9008 9030
f 9008 9009 9028
f 8858 9010 8859
f 9011 9012 9061
f 8860 8858 9071
f 8858 8859 9067
f 8859 9010 9070
f 8863 8864 9086
f 8855 8863 9099
f 8856 8855 9100
f 8864 8857 9082
f 9011 8984 9012
f 8989 8984 8864
f 8864 9092 9091
f 9011 8864 8984
f 9053 8986 9052
f 8984 9053 9055
f 9051 8985 9050
f 8986 9051 9052
f 9050 8990 9049
f 9048 8991 9047
f 9046 8991 9048
f 9049 8991 9046
f 9034 9031 9033
f 9044 9054 9049
f 9044 9041 9054
f 9043 9040 9054
f 9054 9042 9043
f 9041 9042 9054
f 9040 9039 9054
f 9039 9038 9054
f 9038 9037 9032
f 9035 9032 9037
f 9036 9035 9037
f 9049 9054 9051
f 9033 9032 9034
f 9033 9030 9032
f 9030 9028 9032
f 9033 9029 9030
f 9038 9032 9054
f 9032 9028 9054
f 9028 9027 9054
f 9027 9025 9054
f 9026 9054 9025
f 9059 9058 9054
f 9064 9054 9060
f 9066 9060 9054
f 9070 9066 9054
f 9062 9061 9054
f 9063 9062 9054
f 9065 9063 9054
f 9054 9064 9065
f 9061 9059 9054
f 9056 9055 9054
f 9057 9056 9054
f 9026 9024 9054
f 9058 9057 9054
f 9055 9053 9051
f 9052 9051 9053
f 9050 9049 9051
f 9049 9046 9048
f 9048 9047 9049
f 9047 9044 9049
f 9045 9044 9047
f 9051 9054 9055
f 8855 9097 9096
f 8856 9100 9101
f 9102 8856 9101
f 8856 9102 9103
f 9107 8853 9108
f 9106 8853 9107
f 9109 8853 9105
f 8853 9106 9105
f 9104 8853 9109
f 9100 8855 9095
f 8855 9096 9095
f 9108 8856 9103
f 8855 9098 9097
f 9099 8863 9086
f 8855 9099 9098
f 9090 8864 9091
f 9086 8864 9087
f 8864 9088 9087
f 8864 9089 9088
f 8864 9090 9089
f 9093 8864 9082
f 9017 9016 9018
f 9024 9023 9054
f 9023 9021 9054
f 9027 8999 9025
f 8999 9026 9025
f 9026 8998 9024
f 9024 9022 9023
f 9022 9021 9023
f 8998 9022 9024
f 9022 9020 9021
f 9003 9004 9035
f 9016 9015 9018
f 9014 9018 9015
f 9054 8865 8983
f 9021 8867 9054
f 9018 8924 9019
f 9075 8852 9074
f 9111 8852 9110
f 8852 9111 9074
f 9110 8854 9104
f 8743 10031 8740
f 8739 8740 10031
f 8750 8749 10031
f 10031 8746 8750
f 10031 8747 8746
f 10031 8745 8747
f 8751 8745 10031
f 10031 8744 8742
f 10031 8743 8744
f 8742 8752 10031
f 8752 8751 10031
f 8792 8793 10071
f 10031 8820 8819
f 10031 8819 8822
f 8822 8739 10031
f 10031 8821 8820
f 10031 8815 8821
f 8813 8814 10031
f 10031 8814 8816
f 8816 8815 10031
f 10031 8812 8813
f 8823 8784 10093
f 8725 8403 8404
f 8725 8371 8403
f 8723 8370 8371
f 8723 8365 8370
f 8723 8364 8365
f 8719 8363 8364
f 8719 8358 8363
f 8719 8357 8358
f 7889 8824 10327
f 8824 8634 10329
f 8811 8812 10031
f 10094 8789 8790
f 8788 8789 10094
f 8786 8787 10106
f 8787 8788 10106
f 10093 8785 8786
f 8784 8785 10093
f 8790 8791 10087
f 8791 8792 10081
f 10071 8793 8794
f 8729 8728 8420
f 8754 8753 10137
f 8756 8754 10137
f 8753 10064 8777
f 8735 8734 10064
f 8753 8735 10064
f 8734 8733 10054
f 8733 8732 10052
f 8732 8731 10051
f 8731 8730 10047
f 8730 8729 10043
f 8757 8756 10133
f 8728 8727 8421
f 8727 8726 8404
f 8726 8725 8404
f 8725 8724 8371
f 8724 8723 8371
f 10042 8764 8770
f 8766 8764 10042
f 8766 10041 8761
f 8762 8761 10033
f 10037 8797 8798
f 10031 8810 8811
f 10031 8805 8806
f 10031 8804 8805
f 10031 8802 8804
f 10031 8808 8810
f 10031 8807 8808
f 8806 8807 10031
f 8795 8796 10068
f 8794 8795 10068
f 10037 8798 8800
f 8727 8404 8407
f 8796 8797 10037
f 8800 8802 10031
f 8753 8777 10123
f 8758 8757 10114
f 8760 8758 10114
f 8767 8760 10086
f 8769 8767 10083
f 8770 8768 10073
f 8768 8769 10073
f 8997 9022 8998
f 9028 8996 9027
f 9009 8996 9028
f 9000 8998 9026
f 8999 9000 9026
f 8996 8999 9027
f 8999 8995 9022
f 9022 9003 9020
f 9003 9019 9020
f 9022 9000 8999
f 9000 8997 8998
f 9001 9003 9002
f 8997 9000 9022
f 9003 9022 8995
f 8996 8995 8994
f 8996 9009 8995
f 8996 8994 8999
f 8994 8995 8999
f 9054 8826 9112
f 8986 8985 9051
f 8984 8986 9053
f 8991 8989 9047
f 9004 9007 9034
f 9002 9003 9036
f 9006 9009 9008
f 9005 8995 9009
f 9019 9003 9001
f 8993 8987 9040
f 8992 8993 9043
f 8990 8991 9049
f 8985 8990 9050
f 8988 8992 9044
f 8989 9001 8992
f 8989 8988 9045
f 9001 9039 8987
f 9001 9002 9038
f 9006 9005 9009
f 9003 8995 9005
f 9007 9005 9006
f 9003 9007 9004
f 9003 9005 9007
f 9018 9001 8989
f 10037 8800 10034
f 8792 10071 10077
f 10071 8794 10070
f 8794 10068 10070
f 10040 8766 10042
f 10041 8766 10040
f 10036 8761 10041
f 10033 8761 10036
f 10068 8796 10039
f 10038 10039 8796
f 8796 10037 10038
f 8792 10077 10078
f 8982 8823 10093
f 10031 8773 10033
f 8800 10031 10034
f 10083 8767 10084
f 10082 8769 10083
f 10076 8769 10082
f 10075 8769 10076
f 10074 8769 10075
f 10073 8769 10074
f 9001 9018 9019
f 8989 8992 8988
f 8985 8989 8991
f 8985 8984 8989
f 8985 8991 8990
f 8993 9001 8987
f 9001 8993 8992
f 8864 9015 8989
f 8985 8986 8984
f 9015 8864 9014
f 5560 5252 5557
f 8989 9017 9018
f 8989 9016 9017
f 8989 9015 9016
f 9114 8826 9113
f 8983 9113 8826
f 9054 8983 8826
f 10072 8770 10073
f 10042 8770 10072
f 8792 10078 10080
f 1952 1951 1960
f 1957 1956 1958
f 1940 1956 1957
f 1956 1939 1952
f 1938 1952 1939
f 1960 1951 1954
f 1960 1954 1959
f 1955 1953 1950
f 1954 1955 1959
f 1954 1936 1955
f 1955 1935 1953
f 1956 1952 1958
f 1938 1951 1952
f 1938 1954 1951
f 1950 1947 2039
f 1947 1948 2039
f 1959 1950 2040
f 1948 2038 2039
f 2038 1945 1949
f 1950 1953 1947
f 1945 1946 1949
f 1965 1286 1964
f 1968 1966 1981
f 1980 1975 1967
f 1965 1985 1966
f 1968 1974 1966
f 1974 1968 1967
f 1975 1974 1967
f 1964 1963 1970
f 1974 1972 1966
f 1971 1965 1966
f 1971 1966 1972
f 1945 2038 1948
f 1286 1965 1971
f 1957 1958 1962
f 1961 1960 2050
f 2049 1959 2040
f 1960 1959 2049
f 1959 1955 1950
f 2048 1952 1961
f 1952 2048 1958
f 1952 1960 1961
f 1931 1916 1937
f 1935 1923 1934
f 1934 1928 1922
f 1933 1954 1938
f 1954 1924 1936
f 1924 1954 1933
f 1916 1932 1937
f 2238 1931 1937
f 1932 1930 1933
f 1929 1924 1933
f 1930 1929 1933
f 1936 1924 1935
f 1932 1917 1930
f 1916 1917 1932
f 1929 1923 1924
f 1929 1915 1923
f 1923 1935 1924
f 1923 1927 1934
f 1921 1925 1926
f 1925 1921 1928
f 1934 1912 1928
f 1937 1939 1956
f 1946 1943 2035
f 1948 1944 1945
f 1953 1948 1947
f 1953 1944 1948
f 1943 1946 1945
f 1943 1942 2035
f 1945 1921 1943
f 1944 1922 1945
f 1941 1956 1940
f 1937 1956 1941
f 1964 1970 1969
f 1940 2238 1941
f 2238 1937 1941
f 1937 1932 1939
f 1932 1938 1939
f 1932 1933 1938
f 1936 1935 1955
f 1934 1944 1953
f 1935 1934 1953
f 1934 1922 1944
f 1994 2005 2056
f 2001 2003 2005
f 2001 2004 2003
f 2005 1995 2001
f 1999 2002 2004
f 2001 2000 2004
f 2000 1999 2004
f 2018 2000 2001
f 2058 1996 1997
f 1994 2056 2057
f 1997 1994 2057
f 2004 2002 2064
f 1996 2058 1998
f 1994 1995 2005
f 1996 2031 1997
f 1994 1997 2030
f 2020 1995 1994
f 1995 2018 2001
f 2018 1999 2000
f 2018 2025 1999
f 1995 2020 2018
f 2009 2008 2020
f 2022 2013 2017
f 2023 2012 2022
f 2023 1918 2012
f 2012 2013 2022
f 1992 2007 2014
f 2012 1993 2013
f 2013 1992 2014
f 1993 1992 2013
f 1986 2011 2019
f 2025 2018 2008
f 2012 1898 1993
f 2010 2009 2021
f 2011 1990 2010
f 1986 1990 2011
f 1990 2009 2010
f 2008 1989 2025
f 2014 2007 2015
f 2007 2019 2015
f 2007 2006 2019
f 2006 1986 2019
f 1976 1980 1977
f 1967 1981 1982
f 1982 1991 1980
f 1981 1967 1968
f 1984 1977 1983
f 1980 1967 1982
f 1977 1980 1983
f 1979 1966 1985
f 1981 1966 1979
f 1988 1985 1987
f 1987 1970 1978
f 1981 1979 1990
f 1976 1975 1980
f 1977 1880 1976
f 1880 1975 1976
f 1284 1972 1974
f 1973 1975 1880
f 1287 1974 1975
f 1287 1975 1973
f 1985 1965 1969
f 1964 1969 1965
f 1988 2009 1990
f 1982 2006 2007
f 1991 1982 2007
f 1992 1991 2007
f 1982 1986 2006
f 1984 1993 1898
f 1984 1992 1993
f 1982 1981 1986
f 1980 1991 1992
f 2009 1987 2008
f 1987 1989 2008
f 1927 1912 1934
f 1988 1987 2009
f 1987 1978 1989
f 1990 1979 1988
f 1981 1990 1986
f 1985 1988 1979
f 1985 1969 1987
f 1969 1970 1987
f 1984 1983 1992
f 1980 1992 1983
f 1865 1860 1866
f 1868 1870 1878
f 1870 1863 1871
f 1868 1863 1870
f 1867 1868 1872
f 1866 1867 1877
f 1865 1866 1876
f 1869 1865 1874
f 1849 1869 1874
f 1867 1861 1868
f 1866 1861 1867
f 1878 1870 1871
f 1849 1858 1869
f 1869 1859 1865
f 1863 1864 1871
f 1864 1846 1871
f 1863 1846 1864
f 1868 1862 1863
f 1860 1861 1866
f 1861 1862 1868
f 1859 1860 1865
f 2159 1605 1716
f 1886 1882 1889
f 1886 1881 1882
f 1881 1880 1977
f 1263 1880 1881
f 1265 1881 1886
f 1832 1841 2289
f 2280 1801 1832
f 1722 1801 2280
f 1719 1722 2273
f 1716 1719 2267
f 1849 1751 1858
f 1601 1605 2159
f 1878 1871 1879
f 1873 1868 1878
f 1872 1868 1873
f 1877 1867 1872
f 1876 1866 1877
f 1852 1849 1874
f 1875 1865 1876
f 1874 1865 1875
f 1840 1813 1838
f 1844 1845 1863
f 1845 1709 1846
f 1861 1714 1844
f 1713 1714 1861
f 1838 1810 1836
f 1810 1837 1836
f 1837 1814 1834
f 1842 1812 1843
f 1841 1812 1842
f 1840 1843 1812
f 1846 1709 1871
f 1812 1813 1840
f 1832 1812 1841
f 1830 1806 1828
f 1829 1806 1825
f 1825 1782 1826
f 1806 1829 1828
f 1826 1781 1827
f 1781 1818 1827
f 1819 1780 1821
f 1854 1849 1851
f 1858 1859 1869
f 1861 1844 1862
f 1844 1863 1862
f 1860 1713 1861
f 1859 1713 1860
f 1858 1711 1859
f 1857 1761 1850
f 1856 1761 1857
f 1853 1848 1854
f 1851 1849 1852
f 1495 1887 1883
f 1850 1847 1853
f 1853 1847 1848
f 1761 1762 1850
f 1762 1847 1850
f 1848 1849 1854
f 1847 1750 1848
f 1750 1849 1848
f 1750 1751 1849
f 1863 1845 1846
f 1909 1903 1926
f 1907 1913 1915
f 1913 1927 1923
f 1927 1908 1912
f 1903 1911 1926
f 1910 1926 1925
f 1910 1909 1926
f 1908 1910 1912
f 1908 1927 1913
f 1910 1904 1909
f 1903 1899 1911
f 1929 1907 1915
f 1894 1904 1908
f 1897 1902 1904
f 2203 1907 1914
f 2202 2203 1914
f 1906 1913 1907
f 1906 1908 1913
f 2203 1906 1907
f 2203 1895 1906
f 1895 1905 1906
f 1918 2023 1919
f 1928 1910 1925
f 1912 1910 1928
f 1922 1921 1945
f 1921 1920 1943
f 1920 1942 1943
f 1919 2024 1942
f 1942 1920 1919
f 1922 1928 1921
f 1926 1920 1921
f 1926 1919 1920
f 1905 1908 1906
f 1926 1911 1919
f 1918 1899 2012
f 1919 1899 1918
f 1914 1929 1917
f 1917 1929 1930
f 1915 1913 1923
f 1914 1907 1929
f 1917 2202 1914
f 2206 1917 1916
f 1891 1885 1889
f 1888 1891 1896
f 1895 1893 1905
f 1893 1894 1905
f 1893 1884 1894
f 1884 1883 1894
f 1891 1889 1900
f 1900 1882 1890
f 1889 1882 1900
f 1882 1881 1977
f 1892 1896 1891
f 1896 1892 1897
f 1882 1977 1890
f 1887 1897 1883
f 1886 1889 1885
f 1897 1887 1896
f 1885 1891 1888
f 1896 1267 1888
f 1267 1896 1887
f 1267 1885 1888
f 2165 1883 1884
f 1892 1891 1903
f 1905 1894 1908
f 1904 1910 1908
f 1902 1909 1904
f 1902 1903 1909
f 1901 1899 1903
f 1899 1900 1898
f 1900 1899 1901
f 1891 1901 1903
f 1892 1903 1902
f 2014 2015 2016
f 1900 1890 1898
f 1891 1900 1901
f 1890 1977 1984
f 1911 1899 1919
f 1899 1898 2012
f 1898 1890 1984
f 1897 1892 1902
f 1904 1894 1897
f 1894 1883 1897
f 2149 2128 2134
f 2139 2119 2138
f 2136 2121 2141
f 2121 2120 2140
f 2117 2116 2139
f 2140 2120 2135
f 2120 2147 2135
f 2148 2127 2149
f 2151 2127 2148
f 2151 2133 2127
f 2133 2151 2130
f 2138 2137 2143
f 2149 2126 2128
f 2126 2149 2127
f 2115 2129 2145
f 2144 2125 2132
f 2145 2125 2144
f 2130 2146 2131
f 2132 2124 2131
f 2131 2122 2130
f 2129 2125 2145
f 2132 2146 2152
f 2135 2147 2246
f 2151 2148 2157
f 2156 2134 2159
f 2148 2149 2157
f 2149 2134 2156
f 2146 2130 2150
f 2130 2151 2150
f 2147 2145 2155
f 2145 2144 2155
f 2132 2152 2153
f 2125 2124 2132
f 2144 2132 2153
f 2132 2131 2146
f 2147 2115 2145
f 2143 2141 2245
f 2143 2137 2141
f 2138 2143 2142
f 2141 2140 2247
f 2141 2121 2140
f 2137 2136 2141
f 2111 2117 2162
f 2120 2115 2147
f 2112 2120 2113
f 2115 2080 2129
f 2114 2082 2113
f 2082 2114 2118
f 2118 2077 2082
f 2112 2081 2115
f 2081 2080 2115
f 2113 2079 2112
f 2119 2110 2118
f 2111 2119 2116
f 2110 2119 2111
f 2110 2077 2118
f 2105 2110 2111
f 2108 2107 2111
f 2160 2106 2109
f 2051 2106 2160
f 2107 2105 2111
f 2104 2110 2105
f 2109 2103 2108
f 2116 2119 2139
f 2133 2089 2127
f 2127 2091 2126
f 2126 2090 2128
f 2089 2088 2127
f 2124 2123 2131
f 2130 2089 2133
f 2123 2122 2131
f 2129 2080 2125
f 2122 2089 2130
f 2125 2092 2124
f 2147 2155 2154
f 2119 2118 2138
f 2138 2118 2137
f 2118 2136 2137
f 2136 2114 2121
f 2113 2120 2121
f 2120 2112 2115
f 2118 2114 2136
f 2114 2113 2121
f 2117 2111 2116
f 2168 2203 2173
f 2176 2177 2208
f 2176 2175 2177
f 2176 2172 2175
f 2172 2171 2175
f 2175 2204 2205
f 2175 2174 2204
f 2203 2168 1895
f 2173 2203 2174
f 2175 2171 2174
f 2171 2173 2174
f 2175 2205 2177
f 1893 1895 2168
f 2181 2172 2176
f 2170 2171 2172
f 2172 1505 2170
f 2178 2172 2181
f 2178 1505 2172
f 1504 2171 2170
f 1504 2169 2171
f 2166 2169 1504
f 2184 2180 2183
f 2186 2193 2188
f 2187 2193 2186
f 2187 2184 2190
f 2220 2186 2188
f 2185 2187 2186
f 2220 2185 2186
f 2185 2184 2187
f 2185 1515 2184
f 2184 2183 2190
f 2180 2189 2183
f 2169 2168 2173
f 2182 2189 2180
f 2182 2179 2181
f 1515 2180 2184
f 2180 1514 2179
f 1515 1514 2180
f 2179 2182 2180
f 2179 1511 2181
f 1511 2178 2181
f 2208 2163 2176
f 2157 2149 2156
f 2162 2117 2161
f 2108 2111 2162
f 2161 2108 2162
f 2160 2109 2161
f 2109 2108 2161
f 2268 2156 2159
f 2157 2156 2268
f 2250 2146 2249
f 2251 2146 2250
f 2158 2151 2157
f 2159 1716 2267
f 2146 2150 2249
f 2249 2151 2158
f 2150 2151 2249
f 2247 2140 2246
f 2246 2147 2154
f 2152 2146 2251
f 2153 2152 2251
f 2144 2153 2155
f 2140 2135 2246
f 2189 2164 2197
f 2171 2169 2173
f 2166 2168 2169
f 2167 1893 2168
f 2165 1884 1893
f 2167 2165 1893
f 2168 1499 2167
f 1499 2168 2166
f 1498 1883 2165
f 1497 2165 2167
f 2103 2109 2106
f 2163 2208 2164
f 2163 2164 2189
f 2182 2176 2163
f 2176 2182 2181
f 2287 1832 2289
f 2280 1832 2287
f 2273 1722 2280
f 2271 1719 2273
f 2267 1719 2271
f 2049 2040 2044
f 2050 1960 2049
f 2043 2044 2052
f 2044 2046 2052
f 2050 2043 2047
f 2046 2041 2045
f 2041 2046 2044
f 2045 2042 2103
f 2044 1950 2041
f 2050 2049 2043
f 2049 2044 2043
f 2048 1961 2050
f 2039 2045 2041
f 2038 2042 2045
f 2039 2038 2045
f 2039 2041 1950
f 2040 1950 2044
f 2038 1949 2042
f 1949 1946 2097
f 2042 1949 2097
f 2032 1998 2055
f 2055 2059 2060
f 2060 2059 2074
f 2074 2059 2073
f 2059 2062 2073
f 2059 2058 2062
f 2094 2061 2063
f 2062 2057 2070
f 2058 2057 2062
f 2071 2094 2063
f 2061 2055 2060
f 2098 2061 2094
f 2031 1996 1998
f 2055 2061 2098
f 2058 1997 2057
f 2059 1998 2058
f 1998 2059 2055
f 2052 2046 2054
f 2043 2052 2053
f 2046 2045 2051
f 2054 2046 2051
f 2051 2045 2106
f 2019 2032 2015
f 2026 2017 2034
f 2026 2037 2028
f 2017 2027 2033
f 2017 2016 2027
f 2029 2023 2028
f 2023 2026 2028
f 2027 2015 2032
f 2023 2022 2026
f 2024 1919 2023
f 2019 2030 2031
f 2034 2017 2033
f 2030 2011 2021
f 2021 2009 2020
f 2020 2008 2018
f 2019 2011 2030
f 2011 2010 2021
f 2015 2027 2016
f 2022 2017 2026
f 2017 2014 2016
f 2017 2013 2014
f 2029 2028 2037
f 2027 2032 2055
f 2036 2093 2035
f 1946 2035 2093
f 2029 2037 2036
f 2033 2055 2098
f 2098 2094 2033
f 2037 2034 2094
f 2034 2033 2094
f 2037 2026 2034
f 2035 2029 2036
f 2061 2060 2074
f 2033 2027 2055
f 2035 2024 2029
f 2035 1942 2024
f 2024 2023 2029
f 2032 2031 1998
f 2030 1997 2031
f 2030 2021 1994
f 2020 1994 2021
f 2032 2019 2031
f 2087 2123 2124
f 2093 2036 2100
f 1946 2093 2096
f 2100 2036 2037
f 2037 2094 2095
f 2125 2078 2092
f 2088 2091 2127
f 2091 2090 2126
f 2088 2083 2091
f 2122 2085 2089
f 2123 2087 2122
f 2097 1946 2096
f 2092 2087 2124
f 2085 2086 2089
f 2089 2084 2088
f 2087 2085 2122
f 2092 2070 2087
f 2070 2085 2087
f 2092 2062 2070
f 2085 2067 2086
f 2083 2090 2091
f 2095 2071 2072
f 2103 2107 2108
f 2103 2102 2107
f 2102 2105 2107
f 2106 2045 2103
f 2101 2104 2105
f 2100 2072 2104
f 2102 2101 2105
f 2097 2102 2103
f 2097 2101 2102
f 2101 2099 2104
f 2083 2066 2090
f 2099 2100 2104
f 2103 2042 2097
f 2097 2096 2101
f 2100 2095 2072
f 2094 2071 2095
f 2101 2093 2099
f 2093 2101 2096
f 2100 2037 2095
f 2093 2100 2099
f 2084 2065 2083
f 2073 2062 2092
f 2072 2077 2104
f 2071 2079 2072
f 2086 2069 2084
f 2068 2085 2070
f 2068 2067 2085
f 2067 2069 2086
f 2069 2065 2084
f 2065 2064 2066
f 2070 2057 2068
f 2061 2074 2075
f 2065 2066 2083
f 2068 2005 2067
f 2057 2056 2068
f 2056 2005 2068
f 2005 2069 2067
f 2069 2004 2065
f 2064 2065 2004
f 2069 2003 2004
f 2005 2003 2069
f 2076 2075 2112
f 2086 2084 2089
f 2084 2083 2088
f 2082 2079 2113
f 2080 2078 2125
f 2112 2075 2081
f 2082 2072 2079
f 2081 2074 2080
f 2075 2074 2081
f 2074 2078 2080
f 1780 1820 1821
f 2079 2076 2112
f 2104 2077 2110
f 2077 2072 2082
f 2079 2063 2076
f 2073 2092 2078
f 2074 2073 2078
f 2071 2063 2079
f 2061 2075 2076
f 2063 2061 2076
f 1588 1341 1586
f 1270 1590 1269
f 1588 1592 1593
f 1590 1268 1269
f 1268 1590 1591
f 1592 1270 1593
f 1590 1270 1592
f 1593 1346 1588
f 1588 1590 1592
f 1586 1590 1588
f 1587 1591 1590
f 1593 1270 1272
f 1341 1321 1589
f 1589 1586 1341
f 1589 1587 1586
f 1589 1583 1587
f 1590 1586 1587
f 1323 1582 1581
f 1324 1585 1584
f 1582 1323 1584
f 1321 1581 1589
f 1602 1086 1603
f 1603 1607 1606
f 1609 1602 1603
f 1600 1602 1609
f 1599 1604 1608
f 1607 1598 1599
f 1603 1598 1607
f 1601 1600 1610
f 1594 1600 1601
f 1604 1596 1597
f 1599 1596 1604
f 1581 1582 1589
f 1087 1596 1599
f 1598 1088 1599
f 1603 1088 1598
f 1603 1085 1088
f 1600 1086 1602
f 1594 1595 1600
f 1086 1600 1595
f 1085 1603 1086
f 1273 1593 1272
f 1562 1559 1561
f 1564 1565 1566
f 1564 2221 1565
f 1563 1564 1566
f 1573 1563 1566
f 1573 1557 1563
f 1557 1564 1563
f 1557 1562 1564
f 1564 1561 2221
f 1561 1559 2220
f 1559 1560 2220
f 1567 1570 1568
f 1562 1553 1559
f 1561 1564 1562
f 1559 1558 1560
f 1553 1558 1559
f 1569 1557 1573
f 1567 1555 1557
f 1557 1569 1567
f 1556 1562 1557
f 1555 1556 1557
f 1574 1573 1576
f 1582 1583 1589
f 1579 2232 1580
f 1578 2232 1579
f 2232 1576 2231
f 1578 1576 2232
f 1576 1575 2231
f 1575 1566 2231
f 1573 1566 1575
f 1577 1576 1578
f 1577 1574 1576
f 1609 1603 1606
f 1573 1575 1576
f 1570 1574 1577
f 1572 1570 1577
f 1570 1569 1573
f 1573 1574 1570
f 1570 1567 1569
f 1571 1570 1572
f 1571 1568 1570
f 1568 1545 1567
f 1636 1632 1633
f 1642 1144 1643
f 1641 1144 1642
f 1643 1145 1146
f 1144 1145 1643
f 1641 1143 1144
f 1634 1142 1640
f 1142 1143 1641
f 1638 1634 1640
f 1636 1633 1637
f 1633 1638 1637
f 1640 1142 1641
f 1631 1632 1636
f 1639 1626 1631
f 1633 1634 1638
f 1629 1624 1630
f 1623 1624 1629
f 1630 1626 1639
f 1627 1628 1623
f 1624 1625 1630
f 1625 1626 1630
f 1638 1640 1662
f 1670 1643 1671
f 1669 1641 1670
f 1670 1642 1643
f 1670 1641 1642
f 1672 1644 1645
f 1645 1693 1673
f 1643 1644 1672
f 1663 1641 1669
f 1640 1641 1663
f 1636 1637 1667
f 1628 1624 1623
f 1637 1638 1662
f 1664 1635 1636
f 1639 1635 1664
f 1636 1635 1631
f 1639 1631 1635
f 1644 1146 1645
f 1643 1146 1644
f 1645 1147 1693
f 1146 1147 1645
f 1613 1607 1611
f 1617 1614 1618
f 1597 1614 1617
f 1119 1120 1620
f 1120 1121 1620
f 1618 1118 1119
f 1614 1118 1618
f 1605 1715 1716
f 1715 1609 1612
f 1612 1606 1613
f 1611 1607 1654
f 1620 1121 1615
f 1605 1610 1715
f 1610 1609 1715
f 1606 1607 1613
f 1607 1608 1654
f 1609 1606 1612
f 1608 1604 1654
f 1610 1600 1609
f 1601 1610 1605
f 1607 1599 1608
f 1616 1627 1650
f 1616 1129 1627
f 1627 1132 1628
f 1132 1624 1628
f 1649 1615 1650
f 1651 1620 1649
f 1650 1627 1622
f 1627 1623 1622
f 1620 1615 1649
f 1615 1616 1650
f 1567 1533 1555
f 1648 1620 1651
f 1617 1618 1646
f 1618 1619 1646
f 1619 1620 1648
f 1604 1597 1621
f 1597 1617 1621
f 1615 1129 1616
f 1618 1119 1619
f 1619 1119 1620
f 1494 1503 1504
f 1467 1506 1507
f 1467 1482 1506
f 1506 1518 1510
f 1507 1506 1510
f 2170 1502 1504
f 1505 1502 2170
f 2166 1504 1503
f 1501 1499 2166
f 1501 2166 1503
f 1502 1494 1504
f 1467 1507 1508
f 1494 1501 1503
f 1501 1492 1497
f 1500 1267 1495
f 2167 1499 1497
f 2165 1497 1496
f 1883 1498 1495
f 1496 1498 2165
f 1497 1492 1496
f 1485 1495 1496
f 1512 1511 1514
f 1558 1516 2185
f 1516 1515 2185
f 1513 1515 1516
f 1513 1514 1515
f 1513 1516 1558
f 1558 1552 1513
f 1509 1514 1513
f 1509 1512 1514
f 1511 2179 1514
f 1511 1510 2178
f 1501 1497 1499
f 1510 1511 1512
f 1512 1507 1510
f 1552 1550 1513
f 1550 1509 1513
f 1509 1507 1512
f 1508 1507 1509
f 1509 1468 1508
f 1550 1468 1509
f 1468 1467 1508
f 1480 1473 1477
f 1479 1482 1483
f 1476 1479 1483
f 1479 1481 1482
f 1478 1481 1479
f 1491 1481 1480
f 1478 1480 1481
f 1477 1462 1480
f 1476 1478 1479
f 1478 1473 1480
f 1477 1472 1462
f 1482 1464 1483
f 1475 1483 1463
f 1475 1476 1483
f 1476 1474 1473
f 1475 1373 1474
f 1474 1476 1475
f 1474 1372 1471
f 1476 1473 1478
f 1471 1477 1473
f 1472 1470 1460
f 1489 1490 1462
f 1495 1498 1496
f 1485 1500 1495
f 1494 1493 1501
f 1490 1496 1492
f 1493 1492 1501
f 1491 1492 1493
f 1481 1491 1493
f 1491 1462 1492
f 1492 1462 1490
f 1489 1485 1490
f 1558 2185 1560
f 1484 1488 1500
f 1488 1456 1487
f 1484 1457 1488
f 1456 1486 1487
f 1457 1456 1488
f 1496 1490 1485
f 1500 1485 1484
f 1489 1461 1485
f 1484 1485 1461
f 1436 1432 1536
f 1538 1537 1544
f 1537 1543 1544
f 1542 1538 1547
f 1541 1538 1542
f 1541 1536 1538
f 1538 1535 1537
f 1536 1535 1538
f 1540 1536 1541
f 1539 1536 1540
f 1436 1536 1539
f 1544 1543 1545
f 1536 1534 1535
f 1534 1536 1432
f 1519 1475 1463
f 1519 1425 1475
f 1545 1532 1533
f 1543 1532 1545
f 1532 1554 1533
f 1532 1531 1554
f 1532 1529 1531
f 1531 1528 1551
f 1545 1533 1567
f 1554 1556 1555
f 1533 1554 1555
f 1556 1553 1562
f 1556 1551 1553
f 1551 1558 1553
f 1551 1552 1558
f 1550 1552 1551
f 1554 1551 1556
f 1531 1551 1554
f 1537 1532 1543
f 1550 1551 1528
f 1549 1568 1571
f 1546 1568 1549
f 1548 1546 1549
f 1546 1545 1568
f 1544 1545 1546
f 1547 1544 1548
f 1544 1546 1548
f 1547 1538 1544
f 1510 1502 1505
f 1411 1520 1521
f 1526 1521 1522
f 1521 1526 1523
f 1522 1465 1526
f 1522 1519 1465
f 1463 1465 1519
f 1520 1519 1521
f 1519 1522 1521
f 1520 1425 1519
f 2178 1510 1505
f 1524 1411 1521
f 1518 1494 1502
f 1502 1510 1518
f 1517 1494 1518
f 1518 1506 1482
f 1482 1517 1518
f 1482 1481 1517
f 1493 1494 1481
f 1494 1517 1481
f 2185 2220 1560
f 1523 1526 1529
f 1530 1532 1537
f 1530 1529 1532
f 1530 1525 1529
f 1531 1527 1528
f 1529 1527 1531
f 1527 1550 1528
f 1468 1550 1527
f 1526 1468 1527
f 1529 1526 1527
f 1643 1672 1671
f 1526 1466 1468
f 1526 1465 1466
f 1525 1530 1537
f 1535 1525 1537
f 1525 1523 1529
f 1525 1521 1523
f 1534 1524 1535
f 1524 1525 1535
f 1524 1521 1525
f 1749 1752 1788
f 1765 1731 1772
f 1766 1764 1771
f 1731 1732 1772
f 1766 1763 1717
f 1788 1752 1760
f 1761 1754 1762
f 1754 1847 1762
f 1760 1753 1761
f 1761 1753 1754
f 1752 1753 1760
f 1764 1765 1771
f 1786 1748 1787
f 1748 1788 1787
f 1785 1759 1786
f 1758 1785 1784
f 1790 1757 1758
f 1758 1759 1785
f 1748 1749 1788
f 1786 1747 1748
f 1759 1747 1786
f 1803 1766 1771
f 1774 1775 1808
f 1775 1769 1805
f 1806 1767 1782
f 1769 1770 1805
f 1770 1767 1806
f 1771 1765 1773
f 1765 1772 1773
f 1721 1802 1804
f 1802 1763 1803
f 1721 1763 1802
f 1756 1757 1790
f 1763 1766 1803
f 1767 1768 1782
f 1772 1732 1774
f 1774 1736 1775
f 1770 1734 1767
f 1769 1733 1770
f 1775 1733 1769
f 1732 1736 1774
f 1736 1733 1775
f 1738 1655 1739
f 1744 1745 1743
f 1746 1675 1758
f 1776 1738 1740
f 1742 1744 1743
f 1741 1737 1742
f 1738 1741 1740
f 1776 1730 1738
f 1737 1744 1742
f 1739 1737 1741
f 1738 1739 1741
f 1745 1746 1756
f 1768 1729 1776
f 1767 1729 1768
f 1735 1729 1767
f 1734 1735 1767
f 1733 1734 1770
f 1729 1730 1776
f 1736 1723 1733
f 1765 1728 1731
f 1766 1727 1764
f 1759 1677 1747
f 1743 1756 1789
f 1743 1745 1756
f 1755 1750 1847
f 1754 1755 1847
f 1755 1681 1750
f 1750 1710 1751
f 1754 1681 1755
f 1752 1679 1753
f 1679 1754 1753
f 1749 1683 1752
f 1772 1774 1808
f 1677 1748 1747
f 1758 1675 1759
f 1748 1683 1749
f 1748 1678 1683
f 1759 1676 1677
f 1677 1678 1748
f 1675 1676 1759
f 1756 1746 1757
f 1746 1758 1757
f 1804 1802 1812
f 1807 1805 1816
f 1805 1806 1830
f 1809 1814 1772
f 1772 1808 1809
f 1808 1775 1807
f 1773 1772 1814
f 1811 1803 1810
f 1810 1771 1814
f 1802 1803 1811
f 1801 1804 1812
f 1808 1807 1816
f 1803 1771 1810
f 1771 1773 1814
f 1801 1721 1804
f 1081 1594 2090
f 1594 1601 2128
f 1751 1711 1858
f 1823 1789 1831
f 1789 1795 1831
f 1789 1797 1795
f 1809 1808 1839
f 1780 1822 1820
f 1822 1778 1817
f 1818 1783 1819
f 1806 1782 1825
f 1781 1783 1818
f 1782 1781 1826
f 1835 1809 1839
f 1839 1808 1816
f 1816 1805 1815
f 1805 1830 1815
f 1800 1786 1793
f 1833 1809 1835
f 1814 1833 1834
f 1810 1814 1837
f 1814 1809 1833
f 1813 1811 1838
f 1811 1810 1838
f 1813 1802 1811
f 1801 1812 1832
f 1812 1802 1813
f 1778 1741 1779
f 1789 1823 1777
f 1778 1824 1817
f 1778 1779 1824
f 1780 1778 1822
f 1783 1780 1819
f 1779 1777 1824
f 1783 1776 1780
f 1782 1768 1781
f 1781 1776 1783
f 1780 1741 1778
f 1824 1777 1823
f 1779 1742 1777
f 1768 1776 1781
f 1777 1743 1789
f 1741 1742 1779
f 1742 1743 1777
f 1776 1740 1780
f 1740 1741 1780
f 1775 1805 1807
f 1805 1770 1806
f 1786 1794 1792
f 1786 1792 1793
f 1799 1785 1800
f 1797 1790 1796
f 1796 1784 1798
f 1784 1799 1798
f 1789 1790 1797
f 1791 1760 1855
f 1760 1856 1855
f 1760 1761 1856
f 1764 1728 1765
f 1794 1788 1791
f 1786 1787 1794
f 1800 1785 1786
f 1790 1784 1796
f 1784 1785 1799
f 1788 1760 1791
f 1787 1788 1794
f 1790 1758 1784
f 1789 1756 1790
f 1672 1673 1681
f 1676 1667 1668
f 1675 1667 1676
f 1664 1667 1675
f 1744 1665 1666
f 1661 1665 1744
f 1666 1664 1745
f 1682 1702 1710
f 1681 1673 1682
f 1682 1674 1702
f 1673 1674 1682
f 1676 1668 1677
f 1663 1669 1683
f 1670 1671 1679
f 1671 1672 1679
f 1669 1670 1683
f 1668 1662 1677
f 1662 1663 1677
f 1661 1630 1665
f 1662 1640 1663
f 1667 1637 1668
f 1684 1679 1752
f 1687 1688 1696
f 1686 1687 1695
f 1693 1147 1183
f 1694 1685 1686
f 1183 1685 1694
f 1680 1681 1754
f 1681 1682 1750
f 1682 1710 1750
f 1679 1680 1754
f 1683 1684 1752
f 1637 1662 1668
f 1680 1672 1681
f 1684 1670 1679
f 1679 1672 1680
f 1683 1670 1684
f 1677 1663 1678
f 1678 1663 1683
f 1746 1664 1675
f 1745 1664 1746
f 1744 1666 1745
f 1622 1623 1655
f 1647 1646 1723
f 1653 1647 1723
f 1646 1648 1658
f 1650 1657 1656
f 1657 1622 1655
f 1655 1623 1661
f 1651 1659 1648
f 1660 1649 1650
f 1651 1649 1660
f 1650 1622 1657
f 1652 1653 1726
f 1654 1604 1652
f 1604 1653 1652
f 1646 1619 1648
f 1647 1617 1646
f 1653 1617 1647
f 1604 1621 1653
f 1621 1617 1653
f 1672 1645 1673
f 1673 1693 1674
f 1660 1656 1730
f 1630 1666 1665
f 1666 1639 1664
f 1630 1639 1666
f 1664 1636 1667
f 1661 1629 1630
f 1623 1629 1661
f 1739 1661 1737
f 1661 1744 1737
f 1655 1661 1739
f 1656 1657 1738
f 1693 1183 1694
f 1657 1655 1738
f 1659 1651 1660
f 1660 1650 1656
f 1658 1648 1659
f 1653 1723 1725
f 1724 1646 1658
f 1723 1646 1724
f 1611 1654 1728
f 1654 1652 1726
f 1612 1613 1717
f 1719 1721 1722
f 1763 1721 1720
f 1719 1720 1721
f 1718 1717 1763
f 1720 1718 1763
f 1720 1715 1718
f 1716 1720 1719
f 1718 1612 1717
f 1715 1612 1718
f 1716 1715 1720
f 1721 1801 1722
f 1613 1611 1717
f 1844 1707 1845
f 1859 1712 1713
f 1710 1711 1751
f 1711 1712 1859
f 1714 1706 1844
f 1845 1708 1709
f 1707 1708 1845
f 1707 1700 1708
f 1660 1730 1729
f 1717 1727 1766
f 1731 1725 1732
f 1725 1736 1732
f 1726 1725 1731
f 1728 1726 1731
f 1727 1728 1764
f 1735 1660 1729
f 1733 1658 1734
f 1734 1659 1735
f 1723 1724 1733
f 1700 1709 1708
f 1730 1656 1738
f 1659 1660 1735
f 1658 1659 1734
f 1724 1658 1733
f 1725 1723 1736
f 1717 1611 1727
f 1726 1653 1725
f 1611 1728 1727
f 1728 1654 1726
f 1690 1691 1700
f 1703 1696 1704
f 1702 1694 1703
f 1703 1695 1696
f 1702 1674 1693
f 1694 1695 1703
f 1693 1694 1702
f 1709 1701 1180
f 1169 1871 1180
f 1700 1691 1692
f 1698 1689 1699
f 1696 1697 1705
f 1689 1690 1699
f 1180 1701 1692
f 1692 1691 1187
f 1185 1691 1690
f 1697 1689 1698
f 1696 1688 1697
f 1695 1687 1696
f 1697 1688 1689
f 1694 1686 1695
f 1702 1703 1711
f 1709 1180 1871
f 1713 1706 1714
f 1712 1705 1713
f 1706 1707 1844
f 1712 1704 1705
f 1705 1706 1713
f 1710 1702 1711
f 1711 1703 1712
f 1712 1703 1704
f 2182 2163 2189
f 1700 1701 1709
f 1707 1699 1700
f 1699 1690 1700
f 1700 1692 1701
f 1706 1699 1707
f 1705 1697 1706
f 1696 1705 1704
f 1706 1697 1698
f 1698 1699 1706
f 3792 3793 2293
f 2586 2585 2457
f 2457 2585 2587
f 3800 3801 2293
f 3799 3800 2293
f 3798 3799 2293
f 3797 3798 2293
f 2293 3796 3797
f 3795 3796 2293
f 3794 3795 2293
f 3793 3794 2293
f 2586 2457 2583
f 3791 3792 2293
f 2293 3779 3791
f 3778 3779 2293
f 3777 3778 2293
f 3776 3777 2293
f 2293 3775 3776
f 3775 2292 3774
f 3773 3774 2292
f 3772 2292 3771
f 2584 2582 2457
f 2595 2457 2594
f 2596 2457 2595
f 2457 2596 2597
f 2592 2457 2590
f 2457 2592 2593
f 2457 2591 2590
f 2457 2574 2591
f 2457 2573 2574
f 2583 2457 2582
f 2584 2457 2577
f 3772 3773 2292
f 2581 2575 2457
f 2579 2457 2578
f 2576 2578 2457
f 2580 2457 2579
f 2580 2577 2457
f 2575 2576 2457
f 2589 2457 2588
f 2589 2573 2457
f 2457 2587 2588
f 2372 2709 2707
f 2718 2376 2719
f 2713 2376 2715
f 2717 2376 2718
f 2716 2376 2717
f 2376 2716 2715
f 2712 2376 2713
f 2711 2376 2712
f 2714 2376 2711
f 2710 2376 2714
f 2708 2372 2707
f 2719 2376 2720
f 2704 2372 2705
f 2372 2706 2705
f 2372 2710 2709
f 2372 2708 2706
f 2700 2372 2701
f 2703 2372 2704
f 2372 2702 2701
f 2372 2703 2702
f 2698 2370 2699
f 2291 2572 2571
f 3770 3771 2292
f 2292 3769 3770
f 3769 2291 3767
f 3768 2291 3766
f 2291 3768 3767
f 3765 2291 3764
f 3765 3766 2291
f 3763 3764 2291
f 3762 3763 2291
f 2571 3762 2291
f 2594 2457 2593
f 2569 2457 2632
f 2720 2379 2723
f 2721 2379 2722
f 2725 2379 2724
f 2728 2379 2727
f 2379 2728 2724
f 2379 2726 2722
f 2379 2725 2726
f 2379 2721 2723
f 2569 2647 2648
f 2569 2657 2658
f 2569 2656 2657
f 2569 2655 2656
f 2569 2654 2655
f 2569 2653 2654
f 2569 2652 2653
f 2569 2651 2652
f 2569 2650 2651
f 2569 2649 2650
f 2569 2648 2649
f 2569 2658 2659
f 2569 2646 2647
f 2569 2645 2646
f 2569 2644 2645
f 2569 2643 2644
f 2569 2642 2643
f 2569 2641 2642
f 2569 2640 2641
f 2569 2639 2640
f 2569 2638 2639
f 2569 2669 2670
f 2675 2676 2677
f 2673 2672 2671
f 2665 2663 2664
f 2570 2569 2672
f 2731 2392 3536
f 2730 2392 2731
f 2729 2392 2730
f 2727 2392 2729
f 2569 2671 2672
f 2569 2670 2671
f 2569 2637 2638
f 2569 2668 2669
f 2569 2667 2668
f 2569 2666 2667
f 2665 2666 2569
f 2663 2569 2662
f 2569 2661 2662
f 2569 2663 2665
f 2569 2660 2661
f 2569 2659 2660
f 2615 2614 2457
f 2457 2608 2616
f 2611 2609 2457
f 2609 2607 2457
f 2457 2607 2608
f 2614 2612 2457
f 2620 2619 2457
f 2457 2619 2622
f 2618 2457 2617
f 2457 2618 2620
f 2605 2457 2599
f 2617 2457 2616
f 2457 2606 2615
f 2457 2605 2606
f 2602 2600 2457
f 2604 2603 2457
f 2603 2602 2457
f 2601 2599 2457
f 2457 2600 2601
f 2457 2598 2604
f 2457 2597 2598
f 2457 2628 2629
f 2569 2636 2637
f 2569 2635 2636
f 2569 2634 2635
f 2569 2632 2633
f 2633 2634 2569
f 2632 2457 2631
f 2457 2630 2631
f 2457 2629 2630
f 2628 2457 2626
f 2697 2369 2698
f 2627 2457 2625
f 2457 2624 2625
f 2627 2626 2457
f 2457 2623 2624
f 2622 2621 2457
f 2457 2621 2623
f 2611 2457 2610
f 2613 2457 2612
f 2613 2610 2457
f 2626 2339 2628
f 2607 2343 2608
f 2611 2343 2609
f 2343 2616 2608
f 2612 2343 2613
f 2610 2343 2611
f 2343 2610 2613
f 2343 2607 2609
f 2338 2630 2629
f 2628 2338 2629
f 2627 2337 2626
f 2616 2342 2617
f 2625 2337 2627
f 2624 2337 2625
f 2623 2337 2624
f 2621 2340 2623
f 2622 2340 2621
f 2620 2341 2619
f 2341 2622 2619
f 2618 2341 2620
f 2617 2341 2618
f 2639 2362 2640
f 2311 2310 2664
f 2306 2311 2662
f 2647 2359 2648
f 2646 2356 2647
f 2645 2361 2646
f 2643 2355 2644
f 2642 2354 2643
f 2644 2351 2645
f 2641 2353 2642
f 2640 2365 2641
f 2603 2345 2602
f 2638 2364 2639
f 2636 2366 2637
f 2637 2364 2638
f 2635 2367 2636
f 2630 2338 2631
f 2634 2336 2635
f 2632 2336 2633
f 2336 2634 2633
f 2631 2335 2632
f 2575 2563 2576
f 2556 2586 2583
f 2588 2555 2589
f 2555 2573 2589
f 2587 2557 2588
f 2586 2558 2585
f 2585 2557 2587
f 2470 2393 2581
f 2581 2568 2575
f 2579 2565 2580
f 2578 2565 2579
f 2584 2556 2582
f 2576 2562 2578
f 2580 2564 2577
f 2573 2553 2574
f 2574 2551 2591
f 2558 2557 2585
f 2566 2556 2584
f 2558 2586 2556
f 2393 2568 2581
f 2568 2563 2575
f 2597 2345 2598
f 2601 2345 2599
f 2604 2345 2603
f 2345 2600 2602
f 2345 2601 2600
f 2615 2343 2614
f 2605 2343 2606
f 2343 2615 2606
f 2343 2612 2614
f 2599 2344 2605
f 2598 2345 2604
f 2664 2310 2312
f 2594 2348 2595
f 2596 2345 2597
f 2595 2346 2596
f 2593 2348 2594
f 2592 2348 2593
f 2590 2347 2592
f 2591 2350 2590
f 2577 2566 2584
f 2582 2556 2583
f 2666 2308 2667
f 2676 2329 2677
f 2675 2325 2676
f 2674 2325 2675
f 2673 2326 2672
f 2671 2296 2673
f 2672 2327 2674
f 2670 2295 2671
f 2669 2314 2670
f 2668 2315 2669
f 2667 2309 2668
f 2677 2329 2678
f 2664 2312 2665
f 2312 2666 2665
f 2662 2311 2663
f 2311 2664 2663
f 2661 2306 2662
f 2660 2307 2661
f 2659 2299 2660
f 2658 2303 2659
f 2657 2304 2658
f 2685 2368 2686
f 2370 2700 2699
f 2696 2369 2697
f 2695 2369 2696
f 2693 2369 2694
f 2369 2695 2694
f 2692 2374 2693
f 2691 2374 2692
f 2690 2373 2691
f 2689 2373 2690
f 2688 2368 2689
f 2655 2317 2656
f 2368 2687 2686
f 2368 2688 2687
f 2684 2368 2685
f 2683 2331 2684
f 2331 2683 2682
f 2681 2331 2682
f 2680 2323 2681
f 2679 2323 2680
f 2678 2330 2679
f 2674 2324 2325
f 2370 2698 2369
f 2369 2693 2374
f 2373 2374 2691
f 2368 2373 2689
f 2331 2368 2684
f 2323 2331 2681
f 2330 2323 2679
f 2329 2330 2678
f 2325 2329 2676
f 2327 2324 2674
f 2371 2372 2700
f 2314 2316 2670
f 2296 2326 2673
f 2326 2327 2672
f 2295 2296 2671
f 2316 2295 2670
f 2315 2314 2669
f 2312 2308 2666
f 2309 2315 2668
f 2308 2309 2667
f 2384 2385 3565
f 2656 2305 2657
f 2654 2318 2655
f 2653 2321 2654
f 2652 2319 2653
f 2651 2320 2652
f 2650 2297 2651
f 2649 2298 2650
f 2648 2360 2649
f 2392 2379 3535
f 2570 2672 2674
f 2383 2384 3564
f 2382 2383 3550
f 2381 2382 3542
f 2380 2381 3538
f 2379 2380 3535
f 2379 2392 2727
f 2376 2379 2720
f 2372 2376 2710
f 2370 2371 2700
f 2741 2760 2762
f 2769 2747 2782
f 2770 2748 2769
f 2767 2766 2768
f 2761 2766 2767
f 2766 2765 2768
f 2766 2755 2765
f 2764 2759 2761
f 2762 2760 2764
f 2763 2741 2762
f 2760 2759 2764
f 2771 2750 2770
f 2760 2753 2759
f 2761 2758 2766
f 2759 2758 2761
f 2758 2752 2766
f 2753 2758 2759
f 2766 2756 2757
f 2757 2755 2766
f 2754 2753 2760
f 2732 2754 2760
f 2762 2764 2774
f 2779 2797 2789
f 2779 2768 2778
f 2777 2761 2779
f 2779 2767 2768
f 2767 2779 2761
f 2785 2775 2776
f 2773 2775 2785
f 2775 2774 2776
f 2775 2762 2774
f 2774 2764 2777
f 2753 2752 2758
f 2773 2762 2775
f 2763 2762 2773
f 2764 2761 2777
f 2771 2770 2786
f 2787 2771 2786
f 2772 2771 2788
f 2771 2787 2788
f 2770 2769 2784
f 2772 2751 2771
f 2735 2732 2744
f 2734 2742 2743
f 2741 2763 2747
f 2741 2732 2760
f 2744 2732 2741
f 2736 2734 2745
f 2740 2739 2746
f 2801 2740 2746
f 2739 2738 2746
f 2737 2736 2745
f 2738 2737 2745
f 2743 2742 2749
f 2733 2735 2744
f 2734 2733 2742
f 2797 3044 2799
f 2778 3044 2797
f 2768 3037 2778
f 2765 3037 2768
f 2755 3022 2765
f 633 3004 3005
f 633 3003 3004
f 2749 2742 2748
f 2752 2756 2766
f 2750 2749 2770
f 2821 2751 2772
f 2751 2750 2771
f 2750 2745 2749
f 2751 2745 2750
f 2746 2751 2821
f 2749 2748 2770
f 2748 2747 2769
f 2748 2742 2747
f 2777 2789 2780
f 2813 2746 2821
f 2745 2743 2749
f 2746 2745 2751
f 2813 2801 2746
f 2746 2738 2745
f 2745 2734 2743
f 2747 2742 2744
f 2744 2741 2747
f 2742 2733 2744
f 2800 2798 6031
f 2816 2806 2807
f 2808 2806 2816
f 2807 2805 2816
f 2803 2802 2814
f 2802 2801 2813
f 2804 2803 2814
f 2805 2815 2816
f 2815 2804 2814
f 2805 2804 2815
f 6033 6032 2798
f 2808 2816 2817
f 6031 6029 2800
f 6030 2791 6029
f 2791 2800 6029
f 2799 6033 2798
f 2798 6032 6031
f 2798 2789 2799
f 2800 2780 2798
f 2797 2799 2789
f 6027 2794 6026
f 2814 2802 2813
f 2823 2822 2847
f 2823 2816 2822
f 2825 2817 2823
f 2816 2820 2822
f 2845 2819 2821
f 2820 2819 2845
f 2819 2813 2821
f 2820 2814 2819
f 2818 2817 2825
f 2817 2816 2823
f 6028 2793 6027
f 2813 2819 2814
f 2815 2814 2820
f 2816 2815 2820
f 2812 2811 2824
f 2824 2810 2818
f 2811 2810 2824
f 2810 2809 2817
f 2810 2817 2818
f 2809 2808 2817
f 2782 2773 2785
f 2790 2791 6030
f 2791 2781 2800
f 2781 2780 2800
f 2790 2776 2791
f 2795 2776 2790
f 2776 2781 2791
f 2780 2789 2798
f 2785 2776 2795
f 2786 2770 2784
f 2783 2782 2785
f 2786 2784 2794
f 2783 2769 2782
f 2784 2769 2783
f 2782 2747 2773
f 2763 2773 2747
f 2776 2774 2781
f 2774 2777 2781
f 2777 2780 2781
f 2779 2778 2797
f 2789 2777 2779
f 2793 2792 6027
f 6025 2795 6024
f 2795 6030 6024
f 2795 2790 6030
f 6025 2794 2796
f 2796 2795 6025
f 6025 6026 2794
f 2792 2794 6027
f 2867 2793 6063
f 2793 6028 6063
f 633 2992 3003
f 2792 2786 2794
f 2793 2786 2792
f 2867 2787 2793
f 2787 2786 2793
f 2788 2787 2867
f 2796 2783 2795
f 2794 2783 2796
f 2783 2785 2795
f 2784 2783 2794
f 2726 2725 2572
f 2735 207 210
f 1308 2755 225
f 3536 4107 2571
f 2571 2731 3536
f 2571 2730 2731
f 2730 2571 2729
f 2728 2727 2729
f 2571 2728 2729
f 2571 2724 2728
f 2725 2724 2572
f 371 370 2734
f 2726 2572 2722
f 2572 2721 2722
f 2723 2721 2572
f 2572 2724 2571
f 2572 2570 2723
f 2702 2700 2701
f 2694 2692 2693
f 2692 2690 2691
f 2723 2570 2720
f 378 377 2803
f 2757 223 224
f 210 208 2732
f 2752 209 226
f 2754 208 209
f 2755 224 225
f 382 381 2808
f 383 382 2808
f 384 383 2809
f 381 380 2806
f 380 379 2807
f 2719 2570 2718
f 379 378 2804
f 373 372 2739
f 372 371 2738
f 374 373 2740
f 376 374 2740
f 2801 375 376
f 377 375 2803
f 370 369 2733
f 369 207 2733
f 2684 2570 2683
f 2570 2699 2700
f 2570 2697 2698
f 2570 2694 2695
f 2570 2692 2694
f 2570 2690 2692
f 2570 2689 2690
f 2570 2688 2689
f 2687 2570 2686
f 2570 2687 2688
f 2570 2685 2686
f 2699 2570 2698
f 2570 2682 2683
f 2570 2684 2685
f 2570 2681 2682
f 2570 2680 2681
f 2570 2679 2680
f 2570 2678 2679
f 2570 2677 2678
f 2570 2675 2677
f 2570 2674 2675
f 2702 2570 2700
f 2570 2719 2720
f 2715 2570 2713
f 2714 2711 2570
f 2570 2717 2718
f 2570 2716 2717
f 2570 2715 2716
f 2570 2712 2713
f 2570 2711 2712
f 2570 2710 2714
f 2570 2709 2710
f 226 223 2752
f 2704 2570 2703
f 2570 2702 2703
f 2705 2570 2704
f 2570 2707 2709
f 2708 2707 2570
f 2706 2570 2705
f 2570 2706 2708
f 2696 2570 2695
f 2697 2570 2696
f 378 2803 2804
f 427 2827 2828
f 385 2811 2812
f 387 2826 2827
f 387 2812 2826
f 384 2810 2811
f 383 2808 2809
f 384 2809 2810
f 381 2806 2808
f 380 2807 2806
f 375 2802 2803
f 428 2829 2839
f 379 2805 2807
f 379 2804 2805
f 371 2737 2738
f 372 2738 2739
f 373 2739 2740
f 376 2740 2801
f 375 2801 2802
f 371 2736 2737
f 207 2735 2733
f 584 2899 2901
f 632 2960 2992
f 630 2961 2960
f 628 2957 2961
f 628 2958 2957
f 629 2955 2958
f 603 2946 2955
f 603 2944 2946
f 602 2945 2944
f 602 2900 2945
f 585 2901 2900
f 371 2734 2736
f 584 2898 2899
f 435 2897 2898
f 2889 434 2888
f 434 2889 2897
f 432 2887 2888
f 432 2886 2887
f 431 2840 2886
f 429 2839 2840
f 2829 428 2828
f 432 431 2886
f 603 601 2944
f 601 602 2944
f 586 585 2900
f 602 586 2900
f 585 584 2901
f 584 583 2898
f 583 435 2898
f 435 434 2897
f 434 433 2888
f 433 432 2888
f 1249 625 3005
f 431 430 2840
f 430 429 2840
f 429 428 2839
f 428 427 2828
f 388 387 2827
f 427 388 2827
f 386 385 2812
f 387 386 2812
f 385 384 2811
f 7924 101 1252
f 370 2733 2734
f 224 2755 2757
f 2756 223 2757
f 223 2756 2752
f 209 2753 2754
f 208 2754 2732
f 209 2752 2753
f 210 2732 2735
f 103 102 7990
f 2562 2565 2578
f 101 7924 102
f 625 633 3005
f 633 632 2992
f 632 630 2960
f 631 628 2961
f 2961 630 631
f 2958 628 629
f 629 604 2955
f 604 603 2955
f 2339 2336 2338
f 2349 2346 2347
f 2341 2346 2349
f 2339 2341 2551
f 2344 2342 2343
f 2346 2342 2344
f 2344 2345 2346
f 2346 2348 2347
f 2339 2551 2352
f 2339 2340 2341
f 2338 2336 2335
f 2551 2341 2349
f 2337 2340 2339
f 2341 2342 2346
f 2367 2339 2364
f 2336 2339 2367
f 2373 2333 3192
f 3177 2391 2373
f 2373 2368 2332
f 2332 2333 2373
f 2331 2323 2333
f 2356 2358 2359
f 2364 2339 2363
f 2367 2364 2366
f 2365 2363 2352
f 2339 2352 2363
f 2362 2363 2365
f 2358 2356 2352
f 2356 2351 2352
f 2351 2356 2361
f 2357 2298 2360
f 2358 2357 2359
f 2368 2331 2332
f 2352 2318 2358
f 2357 2360 2359
f 2358 2298 2357
f 2551 2313 2352
f 2365 2355 2353
f 2353 2355 2354
f 2355 2365 2352
f 2355 2352 2351
f 2551 2349 2350
f 2310 2307 2318
f 2310 2308 2312
f 2306 2310 2311
f 2310 2313 2308
f 2308 2313 2309
f 2310 2318 2313
f 2307 2310 2306
f 2305 2318 2302
f 2305 2303 2304
f 2307 2302 2318
f 2303 2305 2302
f 2313 2314 2315
f 2302 2307 2300
f 2301 2307 2299
f 2300 2307 2301
f 2313 2551 2333
f 2297 2358 2318
f 2297 2298 2358
f 2295 2326 2296
f 2295 2294 2326
f 2294 2295 2316
f 2322 2329 2333
f 2331 2333 2332
f 2328 2329 2322
f 2329 2328 2330
f 2326 2313 2329
f 2324 2329 2325
f 2329 2313 2333
f 2326 2329 2324
f 2324 2327 2326
f 2323 2322 2333
f 2323 2330 2322
f 2333 2551 2444
f 2330 2328 2322
f 2318 2352 2313
f 2318 2320 2297
f 2321 2320 2318
f 2320 2321 2319
f 2318 2305 2317
f 2309 2313 2315
f 2313 2294 2314
f 2294 2316 2314
f 2411 2412 2401
f 2415 2423 2424
f 2398 2477 2399
f 2398 2397 2474
f 2397 2395 2468
f 2395 2394 2472
f 2394 2393 2470
f 2444 2551 2439
f 2396 2415 2426
f 2415 2401 2413
f 2396 2411 2415
f 2414 2421 2420
f 2411 2410 2412
f 2411 2408 2409
f 2411 2399 2408
f 2407 2406 2413
f 2413 2404 2407
f 2407 2405 2406
f 2405 2407 2404
f 2401 2404 2413
f 2411 2401 2415
f 2409 2488 2411
f 2473 2394 2470
f 2472 2394 2473
f 2469 2395 2471
f 2468 2395 2469
f 2395 2472 2471
f 2401 2412 2494
f 2412 2410 2493
f 2410 2411 2496
f 2409 2408 2489
f 2408 2400 2486
f 2404 2403 2405
f 2400 2399 2487
f 2402 2401 2478
f 2403 2402 2481
f 2419 2414 2420
f 2419 2418 2414
f 2423 2415 2419
f 2415 2418 2419
f 2415 2417 2418
f 2415 2413 2416
f 2379 2376 2377
f 2385 2384 2386
f 2384 2382 2386
f 2383 2382 2384
f 2382 2381 2378
f 2382 2373 2391
f 2380 2379 2381
f 2379 2378 2381
f 2378 2377 2382
f 2379 2377 2378
f 2377 2375 2382
f 2386 2382 2391
f 2376 2375 2377
f 2375 2373 2382
f 2376 2372 2375
f 2372 2371 2370
f 2372 2373 2375
f 2370 2369 2372
f 2369 2373 2372
f 2374 2373 2369
f 2444 3357 2333
f 2394 2395 2396
f 2401 2403 2404
f 2401 2402 2403
f 2396 2439 2551
f 2398 2411 2396
f 2399 2411 2398
f 2399 2400 2408
f 2396 2397 2398
f 2393 2394 2396
f 2396 2395 2397
f 2294 2313 2326
f 2458 2290 2459
f 2456 2290 2458
f 2456 2457 2290
f 2390 2388 2391
f 2388 2334 2391
f 2386 2391 2334
f 2389 2387 2388
f 2388 2386 2334
f 2387 2386 2388
f 2215 2198 2219
f 1566 1565 2225
f 2225 2224 2230
f 2224 2223 2230
f 2224 2221 2223
f 2222 2188 2223
f 2220 2188 2222
f 2221 2222 2223
f 2221 1561 2220
f 2221 2224 2225
f 2221 2220 2222
f 2225 1565 2221
f 2217 2215 2219
f 2217 2192 2215
f 2216 2192 2217
f 2215 2197 2198
f 2191 2197 2215
f 2200 2214 2240
f 2200 2199 2214
f 2199 2209 2214
f 2209 2211 2214
f 2231 2228 2234
f 2237 2241 2242
f 2237 2238 2241
f 2214 2237 2239
f 2240 2214 2239
f 2238 2213 1931
f 2237 2213 2238
f 2235 2233 2236
f 2232 2234 2233
f 2232 2233 2235
f 1580 2232 2235
f 2214 2213 2237
f 2232 2231 2234
f 2196 2229 2223
f 2230 2223 2229
f 2225 2230 2227
f 2228 2225 2227
f 2231 2226 2228
f 2226 2225 2228
f 2231 1566 2226
f 1566 2225 2226
f 2223 2188 2194
f 2198 2200 2219
f 2197 2200 2198
f 2197 2199 2200
f 2197 2209 2199
f 2197 2164 2209
f 2194 2195 2218
f 2196 2194 2218
f 2193 2192 2216
f 2195 2193 2216
f 2223 2194 2196
f 2219 2200 2201
f 2188 2193 2194
f 2193 2195 2194
f 2193 2187 2190
f 2190 2215 2192
f 2190 2191 2215
f 2189 2197 2191
f 2190 2189 2191
f 2193 2190 2192
f 2190 2183 2189
f 2208 2177 2205
f 2211 2213 2214
f 2212 1931 2213
f 1916 1931 2212
f 2210 1916 2212
f 2207 2212 2213
f 2211 2207 2213
f 2207 2210 2212
f 2210 2206 1916
f 2208 2211 2209
f 2209 2164 2208
f 2237 2242 2239
f 2208 2207 2211
f 2205 2210 2207
f 2206 2210 2205
f 2206 2202 1917
f 2208 2205 2207
f 2205 2204 2206
f 2204 2202 2206
f 2204 2174 2202
f 2174 2203 2202
f 2269 2271 2275
f 2279 2278 2284
f 2274 2275 2283
f 2278 2274 2282
f 2276 2261 2277
f 2273 2280 2275
f 2279 2260 2278
f 2278 2272 2274
f 2275 2271 2273
f 2274 2269 2275
f 2260 2272 2278
f 2277 2279 2284
f 2272 2270 2274
f 2270 2269 2274
f 2272 2243 2270
f 2268 2159 2267
f 2270 2268 2269
f 2269 2267 2271
f 2243 2268 2270
f 2268 2267 2269
f 2266 2263 2265
f 2285 2283 2288
f 102 4377 4426
f 4377 1254 2291
f 4743 1252 1253
f 2290 1254 3172
f 1254 2290 2291
f 1253 102 4834
f 102 1254 4377
f 1871 1249 3758
f 1254 103 3721
f 2287 2289 2286
f 2265 2258 2261
f 2283 2286 2288
f 2286 2280 2287
f 2281 2280 2286
f 2282 2283 2285
f 2283 2281 2286
f 2284 2278 2282
f 2274 2283 2282
f 2283 2275 2281
f 2275 2280 2281
f 2253 2154 2155
f 2243 2157 2268
f 2158 2243 2256
f 2251 2250 2258
f 2250 2249 2258
f 2249 2158 2257
f 2158 2157 2243
f 2244 2247 2255
f 2246 2252 2254
f 2247 2246 2255
f 2154 2253 2252
f 2257 2158 2256
f 2246 2154 2252
f 2248 2153 2251
f 2253 2153 2248
f 2155 2153 2253
f 2245 2141 2244
f 2141 2247 2244
f 2257 2256 2272
f 2256 2243 2272
f 2241 2238 1940
f 2263 2251 2259
f 2264 2263 2266
f 2258 2257 2260
f 2263 2259 2265
f 2259 2258 2265
f 2261 2279 2277
f 2265 2261 2276
f 2261 2260 2279
f 2261 2258 2260
f 2260 2257 2272
f 2397 2476 2475
f 2258 2249 2257
f 2251 2258 2259
f 2263 2248 2251
f 2264 2253 2263
f 2262 2253 2264
f 2252 2262 2254
f 2252 2253 2262
f 2255 2246 2254
f 2253 2248 2263
f 2514 2458 2515
f 2525 2463 2526
f 2523 2462 2525
f 2523 2522 2461
f 2521 2460 2522
f 2520 2460 2521
f 2519 2458 2518
f 2518 2459 2520
f 2517 2458 2519
f 2516 2458 2517
f 2515 2458 2516
f 2530 2527 2464
f 2514 2511 2458
f 2509 2458 2511
f 2508 2458 2509
f 2510 2458 2508
f 2507 2458 2510
f 2502 2458 2507
f 2466 2467 2539
f 2465 2466 2536
f 2464 2465 2530
f 2532 2530 2536
f 2549 2548 2547
f 2545 2547 2546
f 2543 2547 2545
f 2540 2544 2542
f 2540 2541 2544
f 2539 2544 2541
f 2537 2539 2538
f 2536 2539 2537
f 2544 2467 2543
f 2467 2544 2539
f 2463 2464 2527
f 2530 2532 2531
f 2530 2528 2527
f 2528 2530 2529
f 2522 2523 2524
f 2514 2512 2511
f 2513 2512 2514
f 2539 2536 2466
f 2536 2530 2465
f 2526 2463 2527
f 2538 2442 2537
f 2548 2447 2547
f 2547 2446 2546
f 2446 2545 2546
f 2545 2445 2543
f 2544 2445 2542
f 2544 2543 2445
f 2541 2540 2444
f 2542 2444 2540
f 2444 2539 2541
f 2539 2443 2538
f 2450 2550 2533
f 2537 2441 2536
f 2536 2439 2532
f 2531 2439 2530
f 2439 2531 2532
f 2530 2438 2529
f 2529 2437 2528
f 2528 2437 2527
f 2437 2526 2527
f 2437 2525 2526
f 2500 2483 2458
f 2462 2463 2525
f 2460 2461 2522
f 2461 2462 2523
f 2459 2460 2520
f 2458 2459 2518
f 2506 2458 2502
f 2506 2505 2458
f 2505 2504 2458
f 2503 2501 2458
f 2501 2500 2458
f 2543 2467 3356
f 2483 2484 2458
f 2484 2485 2458
f 2485 2456 2458
f 2504 2503 2458
f 2455 2535 3338
f 2452 2534 2535
f 2448 2533 2534
f 2449 2549 2550
f 2449 2548 2549
f 2361 2356 2646
f 2307 2306 2661
f 2297 2320 2651
f 2298 2297 2650
f 2355 2351 2644
f 2354 2355 2643
f 2365 2353 2641
f 2353 2354 2642
f 2359 2360 2648
f 2360 2298 2649
f 2356 2359 2647
f 2318 2317 2655
f 2351 2361 2645
f 2319 2321 2653
f 2320 2319 2652
f 2321 2318 2654
f 2362 2365 2640
f 2364 2363 2639
f 2363 2362 2639
f 2367 2366 2636
f 2366 2364 2637
f 2338 2335 2631
f 2565 2564 2580
f 2563 2562 2576
f 2564 2560 2577
f 2566 2577 2560
f 2335 2336 2632
f 2342 2341 2617
f 2343 2342 2616
f 2341 2340 2622
f 2337 2339 2626
f 2339 2338 2628
f 2336 2367 2635
f 2340 2337 2623
f 2317 2305 2656
f 2299 2307 2660
f 2659 2301 2299
f 2300 2301 2659
f 2302 2300 2659
f 2304 2303 2658
f 2303 2302 2659
f 2305 2304 2657
f 2551 2554 2567
f 2564 2567 2559
f 2564 2559 2561
f 2560 2561 2559
f 2551 2567 2393
f 2559 2566 2560
f 2567 2554 2558
f 2558 2555 2557
f 2558 2566 2567
f 2556 2566 2558
f 2554 2555 2558
f 2561 2560 2564
f 2554 2553 2555
f 2551 2553 2554
f 2551 2552 2553
f 2570 2572 2291
f 2292 3775 2293
f 2291 3769 2292
f 2570 2290 2569
f 2457 2569 2290
f 2291 2290 2570
f 2553 2573 2555
f 2348 2346 2595
f 2349 2347 2590
f 2350 2349 2590
f 2551 2350 2591
f 2348 2592 2347
f 2345 2344 2599
f 2344 2343 2605
f 2346 2345 2596
f 2557 2555 2588
f 2524 2523 2435
f 2552 2551 2574
f 2553 2552 2574
f 2563 2568 2393
f 2567 2566 2559
f 2551 2393 2396
f 2567 2564 2563
f 2564 2565 2562
f 2567 2563 2393
f 2563 2564 2562
f 2427 2425 2509
f 2465 2290 2466
f 2290 2467 2466
f 2463 2290 2464
f 2290 2465 2464
f 2461 2290 2462
f 2290 2463 2462
f 2290 2461 2460
f 2429 2428 2513
f 2428 2427 2511
f 2425 2424 2510
f 2459 2290 2460
f 2424 2423 2510
f 2423 2422 2507
f 3263 2454 2455
f 2453 2454 3265
f 2454 2452 2455
f 2453 2452 2454
f 2453 2451 2452
f 2453 2444 2450
f 2450 2446 2449
f 2483 2403 2484
f 2496 2411 2497
f 2488 2409 2491
f 2489 2408 2490
f 2408 2492 2490
f 2408 2486 2492
f 2409 2489 2491
f 2486 2400 2487
f 2487 2399 2477
f 2497 2411 2488
f 2501 2406 2500
f 2453 2450 2451
f 2500 2405 2483
f 2403 2485 2484
f 2482 2402 2478
f 2481 2402 2482
f 2485 2403 2481
f 2478 2401 2479
f 2401 2480 2479
f 3760 2290 3761
f 2467 2290 3760
f 2417 2415 2505
f 2426 2427 2428
f 2426 2424 2425
f 2427 2426 2425
f 2423 2421 2422
f 2423 2419 2420
f 2421 2414 2422
f 2420 2421 2423
f 2426 2415 2424
f 2418 2506 2414
f 2418 2417 2505
f 2426 2428 2434
f 2415 2416 2504
f 2416 2413 2503
f 2406 2501 2413
f 2406 2405 2500
f 2405 2403 2483
f 2414 2502 2422
f 2476 2397 2468
f 2477 2398 2474
f 2474 2397 2475
f 2439 2436 2437
f 2450 2448 2451
f 2446 2447 2449
f 2444 2446 2450
f 2444 2445 2446
f 2442 2443 2444
f 2444 2441 2442
f 2444 2439 2441
f 2439 2440 2441
f 2439 2396 2426
f 2439 2437 2438
f 2410 2498 2495
f 2434 2429 2430
f 2426 2434 2436
f 2429 2433 2430
f 2436 2434 2432
f 2432 2435 2436
f 2434 2431 2432
f 2426 2436 2439
f 2434 2430 2431
f 2434 2428 2429
f 2440 2439 2536
f 2451 2448 2534
f 2533 2448 2450
f 2548 2449 2447
f 2447 2446 2547
f 2446 2445 2545
f 2445 2444 2542
f 2444 2443 2539
f 2443 2442 2538
f 2442 2441 2537
f 2441 2440 2536
f 2534 2452 2451
f 2439 2438 2530
f 2438 2437 2529
f 2437 2436 2525
f 2436 2435 2523
f 2435 2432 2520
f 2432 2431 2517
f 2431 2430 2517
f 2430 2433 2516
f 2433 2429 2515
f 2513 2514 2429
f 2525 2436 2523
f 2435 2522 2524
f 2435 2521 2522
f 2435 2520 2521
f 2519 2518 2432
f 2520 2432 2518
f 2432 2517 2519
f 2517 2430 2516
f 2515 2516 2433
f 2515 2429 2514
f 2506 2418 2505
f 2512 2513 2428
f 2512 2428 2511
f 2511 2427 2509
f 2509 2425 2508
f 2425 2510 2508
f 2510 2423 2507
f 2422 2502 2507
f 2550 2450 2449
f 2535 2455 2452
f 2473 2470 2457
f 2482 2478 2456
f 2482 2456 2481
f 2469 2456 2468
f 2471 2456 2469
f 2475 2456 2474
f 2476 2456 2475
f 2476 2468 2456
f 2457 2456 2471
f 2472 2457 2471
f 2473 2457 2472
f 2456 2479 2480
f 2457 2470 2581
f 2505 2415 2504
f 2504 2416 2503
f 2503 2413 2501
f 2480 2401 2494
f 2410 2496 2499
f 2493 2410 2495
f 2498 2410 2499
f 2494 2412 2493
f 2456 2489 2490
f 2502 2414 2506
f 2494 2493 2456
f 2497 2456 2496
f 2499 2456 2498
f 2495 2456 2493
f 2499 2496 2456
f 2456 2495 2498
f 2497 2488 2456
f 2492 2456 2490
f 1471 1470 1472
f 2491 2489 2456
f 2492 2486 2456
f 2487 2456 2486
f 2456 2488 2491
f 2477 2474 2456
f 2477 2456 2487
f 2485 2481 2456
f 2456 2480 2494
f 2479 2456 2478
f 566 563 565
f 570 568 561
f 570 561 569
f 569 561 618
f 567 559 568
f 564 559 567
f 559 561 568
f 564 555 559
f 565 567 1213
f 567 565 564
f 566 565 1211
f 567 568 1217
f 565 555 564
f 563 555 565
f 562 555 563
f 566 562 563
f 547 562 566
f 546 562 547
f 561 559 560
f 560 606 561
f 557 560 559
f 504 572 573
f 575 573 576
f 512 575 588
f 512 504 573
f 573 575 512
f 573 574 576
f 574 578 576
f 573 572 574
f 574 419 425
f 572 419 574
f 572 504 501
f 555 558 559
f 500 417 501
f 417 572 501
f 1220 571 620
f 1218 571 1220
f 571 569 620
f 1218 570 569
f 569 571 1218
f 1217 570 1218
f 1217 568 570
f 544 538 545
f 548 546 549
f 546 547 549
f 1194 545 548
f 548 549 1194
f 543 545 1194
f 543 542 544
f 543 544 545
f 545 546 548
f 545 539 546
f 540 544 542
f 549 547 566
f 537 544 540
f 1188 540 1189
f 540 542 1189
f 542 543 1189
f 1188 529 540
f 736 530 541
f 541 529 1188
f 529 537 540
f 538 539 545
f 555 554 556
f 559 558 557
f 555 556 558
f 560 605 606
f 557 605 560
f 557 536 605
f 556 557 558
f 556 534 536
f 536 557 556
f 552 534 556
f 562 554 555
f 575 576 588
f 552 554 562
f 546 553 562
f 553 552 562
f 539 551 553
f 554 552 556
f 552 553 531
f 551 531 553
f 550 551 539
f 550 531 551
f 606 607 610
f 612 611 619
f 610 608 611
f 612 610 611
f 618 610 612
f 618 609 610
f 561 609 618
f 561 606 609
f 609 606 610
f 610 594 608
f 607 594 610
f 608 599 613
f 605 607 606
f 604 629 614
f 598 603 604
f 597 601 603
f 597 602 601
f 582 586 602
f 614 600 604
f 599 600 614
f 600 598 604
f 624 615 616
f 619 622 621
f 620 621 1220
f 621 620 619
f 619 623 627
f 619 611 623
f 620 618 619
f 569 618 620
f 618 612 619
f 617 616 632
f 624 616 617
f 599 596 598
f 623 611 624
f 611 615 624
f 611 613 615
f 616 614 628
f 614 616 615
f 613 614 615
f 613 599 614
f 611 608 613
f 608 594 599
f 576 578 581
f 532 512 588
f 597 582 602
f 595 582 597
f 581 582 595
f 590 587 581
f 582 585 586
f 582 584 585
f 580 583 584
f 587 576 581
f 581 578 582
f 532 589 591
f 582 580 584
f 578 580 582
f 578 579 580
f 580 579 583
f 578 574 577
f 577 425 579
f 578 577 579
f 574 425 577
f 588 576 587
f 607 593 594
f 599 598 600
f 594 593 599
f 593 596 599
f 598 597 603
f 596 597 598
f 593 590 596
f 590 595 596
f 596 595 597
f 590 581 595
f 553 546 539
f 607 592 593
f 592 589 593
f 605 592 607
f 605 589 592
f 591 589 605
f 590 593 589
f 588 590 589
f 588 587 590
f 589 532 588
f 482 480 479
f 484 470 487
f 487 470 485
f 483 470 484
f 480 482 483
f 475 466 467
f 479 467 482
f 516 480 481
f 516 479 480
f 481 480 483
f 479 516 515
f 485 486 488
f 515 475 479
f 478 475 514
f 475 515 514
f 473 478 477
f 478 474 475
f 119 471 476
f 476 473 477
f 467 479 475
f 475 474 465
f 315 489 468
f 491 470 490
f 470 491 494
f 494 493 496
f 494 492 493
f 493 492 324
f 318 492 491
f 492 494 491
f 490 318 491
f 468 489 490
f 490 489 318
f 474 473 464
f 508 509 524
f 488 508 523
f 488 486 508
f 487 485 488
f 487 488 522
f 487 521 518
f 518 484 487
f 481 483 518
f 483 484 518
f 116 448 449
f 460 459 269
f 459 268 269
f 465 466 475
f 464 465 474
f 472 471 459
f 473 472 459
f 459 464 473
f 471 446 459
f 117 116 449
f 118 117 458
f 464 461 465
f 118 458 471
f 117 449 458
f 455 457 115
f 116 447 448
f 457 447 113
f 453 454 111
f 454 455 115
f 456 227 451
f 438 452 451
f 463 468 482
f 478 473 474
f 472 476 471
f 476 472 473
f 118 471 119
f 483 469 470
f 468 469 483
f 469 468 490
f 490 470 469
f 482 468 483
f 467 462 463
f 494 495 486
f 467 463 482
f 466 465 462
f 462 467 466
f 315 468 463
f 462 315 463
f 313 462 461
f 465 461 462
f 461 464 460
f 459 460 464
f 528 520 522
f 537 525 523
f 509 538 524
f 508 524 523
f 509 550 538
f 525 522 523
f 523 524 537
f 522 488 523
f 521 487 522
f 529 522 525
f 528 522 529
f 529 525 537
f 526 517 519
f 519 520 526
f 163 517 526
f 152 516 163
f 163 516 517
f 151 516 152
f 520 521 522
f 520 518 521
f 520 519 518
f 531 510 533
f 550 539 538
f 537 524 538
f 537 538 544
f 536 591 605
f 536 532 591
f 536 535 532
f 534 535 536
f 533 513 535
f 534 533 535
f 535 513 532
f 519 517 518
f 531 533 552
f 533 534 552
f 550 510 531
f 527 530 736
f 530 528 541
f 541 528 529
f 527 528 530
f 520 527 526
f 527 520 528
f 498 327 500
f 494 486 485
f 503 502 504
f 503 504 512
f 502 501 504
f 506 502 503
f 506 499 502
f 497 499 506
f 502 499 500
f 502 500 501
f 499 498 500
f 495 505 508
f 497 498 499
f 496 493 498
f 498 497 496
f 498 493 325
f 505 496 497
f 497 506 505
f 495 496 505
f 495 494 496
f 470 494 485
f 506 503 511
f 516 481 517
f 481 518 517
f 151 515 516
f 151 514 515
f 478 514 149
f 513 503 512
f 512 532 513
f 511 503 533
f 503 513 533
f 622 619 627
f 510 511 533
f 509 510 550
f 509 507 510
f 508 507 509
f 510 506 511
f 507 506 510
f 507 505 506
f 486 495 508
f 508 505 507
f 745 742 755
f 735 739 750
f 840 762 841
f 733 721 748
f 721 749 748
f 749 760 840
f 760 761 840
f 721 760 749
f 743 746 756
f 746 747 756
f 747 746 1191
f 740 744 752
f 755 742 743
f 744 740 741
f 744 742 745
f 746 743 1191
f 743 1190 1191
f 742 738 743
f 740 739 737
f 741 742 744
f 740 737 741
f 763 752 753
f 767 754 756
f 768 756 758
f 768 767 756
f 754 753 755
f 754 755 756
f 756 747 758
f 758 747 757
f 753 745 755
f 755 743 756
f 744 745 753
f 739 740 751
f 751 752 763
f 761 750 762
f 750 761 760
f 760 735 750
f 750 751 762
f 721 735 760
f 752 744 753
f 750 739 751
f 751 740 752
f 720 691 721
f 727 728 826
f 728 729 826
f 729 730 827
f 722 711 723
f 725 713 726
f 713 727 726
f 724 712 725
f 723 712 724
f 722 700 711
f 711 712 723
f 712 710 725
f 719 691 720
f 715 716 728
f 718 689 719
f 719 689 690
f 690 691 719
f 717 716 657
f 718 717 689
f 716 656 657
f 716 655 656
f 733 720 721
f 1190 743 738
f 741 736 742
f 742 736 738
f 737 682 741
f 682 736 741
f 734 721 691
f 734 735 721
f 719 733 732
f 719 731 718
f 720 733 719
f 758 757 759
f 717 731 730
f 731 719 732
f 717 718 731
f 728 716 729
f 716 730 729
f 727 715 728
f 716 717 730
f 727 713 714
f 725 710 713
f 782 781 923
f 794 786 795
f 793 786 794
f 795 774 797
f 787 785 793
f 785 786 793
f 776 787 792
f 774 795 786
f 797 775 832
f 774 775 797
f 780 782 926
f 788 832 833
f 925 777 784
f 923 781 924
f 781 925 924
f 777 778 784
f 778 779 784
f 781 777 925
f 784 779 783
f 779 776 783
f 818 781 782
f 793 794 935
f 937 789 939
f 938 797 936
f 797 937 936
f 798 790 791
f 791 839 800
f 789 790 798
f 937 788 789
f 797 788 937
f 792 793 935
f 794 938 931
f 818 777 781
f 794 795 938
f 796 792 933
f 795 797 938
f 783 776 796
f 776 792 796
f 792 787 793
f 832 788 797
f 788 833 789
f 789 831 790
f 841 762 763
f 771 769 772
f 771 759 769
f 771 758 759
f 768 758 771
f 859 768 860
f 766 768 859
f 767 766 765
f 767 768 766
f 857 764 765
f 763 764 857
f 771 772 860
f 840 761 762
f 765 754 767
f 764 753 765
f 763 753 764
f 765 753 754
f 762 751 763
f 769 1226 770
f 757 769 759
f 757 1226 769
f 785 830 786
f 817 779 778
f 816 776 779
f 777 817 778
f 819 777 818
f 777 819 817
f 837 782 780
f 780 838 837
f 782 837 818
f 830 785 787
f 657 689 717
f 815 816 779
f 779 817 815
f 776 814 787
f 776 816 814
f 773 1240 863
f 862 770 773
f 862 769 770
f 769 862 772
f 860 768 771
f 133 134 660
f 658 641 662
f 668 634 669
f 669 133 660
f 662 661 134
f 658 132 665
f 662 135 658
f 134 135 662
f 659 133 669
f 660 134 661
f 634 659 669
f 661 662 644
f 649 640 652
f 655 674 656
f 654 674 655
f 673 654 651
f 654 673 674
f 640 653 652
f 653 672 651
f 651 672 673
f 640 650 653
f 672 142 155
f 676 677 680
f 673 156 674
f 674 670 675
f 675 671 679
f 640 142 650
f 142 672 650
f 155 673 672
f 670 671 675
f 156 157 674
f 157 670 674
f 650 672 653
f 673 155 156
f 664 639 638
f 666 640 639
f 665 645 658
f 663 646 665
f 667 142 640
f 640 666 667
f 639 664 666
f 664 646 663
f 630 616 631
f 645 665 646
f 646 664 638
f 636 635 668
f 635 634 668
f 635 109 634
f 636 692 637
f 692 636 668
f 633 617 632
f 616 630 632
f 616 628 631
f 658 645 647
f 614 629 628
f 625 622 627
f 625 626 633
f 625 624 626
f 626 617 633
f 624 617 626
f 627 623 625
f 623 624 625
f 622 625 1221
f 643 644 695
f 699 638 648
f 638 649 648
f 641 647 696
f 647 645 696
f 697 645 699
f 645 697 696
f 646 638 699
f 639 649 638
f 639 640 649
f 699 645 646
f 671 676 680
f 644 641 698
f 692 668 642
f 643 660 644
f 644 660 661
f 641 658 647
f 644 662 641
f 668 669 642
f 660 643 642
f 669 660 642
f 705 699 706
f 704 703 806
f 809 705 706
f 706 700 809
f 707 698 704
f 701 707 810
f 803 693 702
f 708 803 804
f 693 701 702
f 707 701 694
f 700 648 711
f 807 703 705
f 699 700 706
f 698 703 704
f 696 705 703
f 698 696 703
f 705 697 699
f 699 648 700
f 648 649 711
f 696 697 705
f 698 641 696
f 653 651 713
f 714 715 727
f 716 715 655
f 715 654 655
f 713 651 654
f 654 714 713
f 654 715 714
f 712 653 710
f 653 713 710
f 711 649 712
f 649 652 712
f 692 708 637
f 652 653 712
f 693 694 701
f 708 709 803
f 709 693 803
f 705 808 807
f 705 809 808
f 700 722 809
f 704 806 707
f 806 703 807
f 681 166 683
f 685 686 690
f 690 680 685
f 656 675 657
f 657 679 680
f 679 657 675
f 675 656 674
f 683 684 739
f 684 167 737
f 682 737 167
f 167 684 683
f 687 683 688
f 683 166 167
f 678 165 681
f 686 678 687
f 681 687 678
f 687 681 683
f 685 677 686
f 677 678 686
f 680 677 685
f 679 671 680
f 739 684 737
f 707 695 698
f 694 695 707
f 692 709 708
f 709 692 693
f 694 642 643
f 692 642 693
f 643 695 694
f 695 644 698
f 642 694 693
f 453 452 438
f 735 688 739
f 687 688 735
f 734 687 735
f 686 734 691
f 690 686 691
f 657 680 689
f 680 690 689
f 686 687 734
f 688 683 739
f 206 205 210
f 174 212 175
f 212 216 220
f 212 219 216
f 205 208 210
f 207 206 210
f 204 209 208
f 209 222 226
f 369 206 207
f 205 200 204
f 205 204 208
f 212 174 211
f 206 201 205
f 199 201 206
f 204 203 209
f 203 222 209
f 204 221 203
f 202 200 205
f 201 202 205
f 355 201 199
f 200 221 204
f 200 214 213
f 221 220 203
f 218 217 225
f 219 217 218
f 218 216 219
f 220 216 218
f 215 175 212
f 215 185 175
f 220 215 212
f 221 215 220
f 221 213 215
f 369 199 206
f 213 221 200
f 214 197 180
f 180 179 214
f 180 198 181
f 213 178 215
f 178 185 215
f 179 178 213
f 214 179 213
f 219 212 211
f 185 183 196
f 194 192 190
f 191 187 190
f 191 172 187
f 187 172 189
f 257 188 299
f 188 170 189
f 188 189 172
f 190 187 193
f 243 186 194
f 185 196 175
f 190 193 194
f 185 178 183
f 184 182 178
f 182 183 178
f 172 191 184
f 176 172 184
f 173 172 176
f 176 171 173
f 191 182 184
f 182 191 183
f 190 192 196
f 202 197 200
f 197 214 200
f 201 197 202
f 198 197 201
f 331 201 355
f 331 198 201
f 197 198 180
f 331 181 198
f 181 331 246
f 183 190 196
f 222 203 220
f 191 190 183
f 196 195 175
f 195 174 175
f 186 195 196
f 192 186 196
f 192 194 186
f 189 170 187
f 187 231 193
f 231 194 193
f 252 258 256
f 249 251 255
f 168 257 450
f 257 250 253
f 250 249 253
f 254 249 255
f 251 256 255
f 253 249 254
f 228 168 450
f 257 253 450
f 251 252 256
f 259 260 266
f 252 275 258
f 251 275 252
f 249 273 251
f 250 257 300
f 249 250 273
f 338 339 293
f 292 330 337
f 337 338 292
f 291 330 292
f 266 260 267
f 300 278 273
f 314 315 462
f 269 263 460
f 312 461 460
f 313 314 462
f 461 312 313
f 263 312 460
f 268 263 269
f 268 261 262
f 263 268 262
f 328 289 248
f 267 261 268
f 265 264 259
f 266 265 259
f 256 264 442
f 264 265 443
f 265 266 444
f 264 256 258
f 261 267 260
f 258 259 264
f 238 237 229
f 231 169 229
f 169 170 229
f 234 232 231
f 194 232 235
f 231 232 194
f 228 440 230
f 230 229 170
f 230 168 228
f 229 233 231
f 229 237 233
f 231 233 234
f 227 238 229
f 227 229 230
f 230 440 227
f 233 236 234
f 224 218 225
f 223 218 224
f 218 223 226
f 226 222 218
f 220 218 222
f 244 236 240
f 328 329 289
f 290 329 330
f 330 291 290
f 329 290 289
f 247 248 288
f 194 235 243
f 237 240 236
f 238 239 240
f 245 241 236
f 180 176 179
f 236 244 245
f 241 242 236
f 242 234 236
f 237 236 233
f 237 238 240
f 239 227 456
f 239 238 227
f 242 235 232
f 232 234 242
f 136 126 124
f 125 111 112
f 115 125 112
f 122 104 456
f 121 124 126
f 111 125 124
f 121 111 124
f 120 121 123
f 122 120 144
f 128 137 139
f 137 128 140
f 144 120 123
f 118 119 146
f 119 476 147
f 116 117 130
f 116 129 114
f 117 118 145
f 115 113 128
f 114 128 113
f 113 115 457
f 116 114 447
f 130 117 131
f 136 124 132
f 134 143 144
f 135 144 123
f 153 141 130
f 141 140 130
f 129 140 128
f 140 129 130
f 153 130 131
f 127 139 125
f 128 139 127
f 114 113 447
f 117 145 131
f 129 116 130
f 125 115 127
f 115 128 127
f 128 114 129
f 125 132 124
f 126 123 121
f 143 104 144
f 144 104 122
f 174 1291 211
f 244 240 107
f 240 239 104
f 245 244 107
f 239 456 104
f 105 1591 245
f 241 245 1583
f 217 1308 225
f 219 1306 217
f 211 1289 219
f 195 1291 174
f 107 240 106
f 186 1288 195
f 186 243 1585
f 235 1585 243
f 235 242 1582
f 241 1582 242
f 109 635 1271
f 636 1271 635
f 105 109 1591
f 102 103 1254
f 107 108 110
f 452 111 121
f 454 112 111
f 454 115 112
f 120 122 456
f 120 452 121
f 456 451 120
f 451 452 120
f 111 452 453
f 110 109 107
f 109 105 107
f 126 136 123
f 634 108 659
f 109 110 634
f 108 634 110
f 108 143 659
f 245 107 105
f 108 106 104
f 106 108 107
f 143 108 104
f 106 240 104
f 161 150 162
f 678 164 165
f 162 164 678
f 677 161 162
f 163 526 166
f 166 152 163
f 164 151 165
f 162 151 164
f 165 152 166
f 151 152 165
f 676 160 161
f 677 162 678
f 160 149 161
f 161 677 676
f 671 160 676
f 670 160 671
f 670 159 160
f 157 159 670
f 158 157 156
f 155 153 156
f 142 141 155
f 169 187 170
f 176 184 179
f 177 176 181
f 286 177 181
f 176 180 181
f 184 178 179
f 176 177 171
f 177 286 171
f 172 173 188
f 171 188 173
f 188 171 299
f 157 158 159
f 168 230 170
f 188 168 170
f 231 187 169
f 168 188 257
f 167 526 682
f 682 527 736
f 166 526 167
f 526 527 682
f 165 166 681
f 137 140 666
f 145 118 146
f 146 119 147
f 666 140 667
f 140 142 667
f 138 665 132
f 138 139 664
f 139 137 664
f 664 137 666
f 665 138 663
f 138 664 663
f 147 476 477
f 140 141 142
f 125 138 132
f 138 125 139
f 135 136 658
f 136 132 658
f 659 143 133
f 144 135 134
f 143 134 133
f 123 136 135
f 154 153 145
f 141 153 155
f 153 154 156
f 154 158 156
f 150 151 162
f 148 149 160
f 150 161 149
f 151 150 514
f 160 147 148
f 160 159 147
f 299 171 300
f 158 154 145
f 159 158 147
f 131 145 153
f 158 146 147
f 145 146 158
f 149 148 478
f 148 147 477
f 150 149 514
f 477 478 148
f 344 393 391
f 397 396 399
f 396 397 307
f 399 395 404
f 396 395 399
f 394 393 366
f 395 394 403
f 392 395 396
f 392 394 395
f 393 394 392
f 391 393 392
f 308 397 398
f 390 344 391
f 389 344 390
f 388 367 387
f 368 388 427
f 367 386 387
f 385 365 384
f 365 385 386
f 360 383 384
f 360 382 383
f 402 394 366
f 409 400 408
f 407 406 428
f 404 406 407
f 406 405 428
f 405 368 427
f 403 405 406
f 403 368 405
f 404 403 406
f 404 407 408
f 404 395 403
f 381 359 380
f 403 394 402
f 402 368 403
f 401 409 414
f 401 400 409
f 412 400 401
f 400 399 404
f 397 399 400
f 398 397 400
f 398 400 412
f 349 354 356
f 365 362 364
f 361 360 364
f 361 364 362
f 362 365 363
f 360 359 382
f 358 354 378
f 359 358 379
f 356 354 358
f 359 356 358
f 361 359 360
f 363 365 367
f 357 359 361
f 356 359 357
f 199 345 355
f 353 352 376
f 354 353 375
f 353 348 352
f 352 347 351
f 349 353 354
f 350 199 370
f 371 351 370
f 359 381 382
f 379 358 378
f 359 379 380
f 376 352 374
f 373 352 372
f 375 353 376
f 377 354 375
f 354 377 378
f 352 373 374
f 199 369 370
f 408 400 404
f 351 371 372
f 368 367 388
f 368 366 367
f 366 368 402
f 363 367 366
f 393 344 366
f 364 360 384
f 365 364 384
f 367 365 386
f 454 437 455
f 441 457 455
f 447 457 441
f 441 256 442
f 442 264 443
f 439 436 454
f 441 455 437
f 437 454 436
f 439 453 438
f 440 450 438
f 453 439 454
f 447 442 448
f 451 440 438
f 436 255 437
f 255 441 437
f 439 253 436
f 253 439 438
f 435 583 579
f 423 434 435
f 434 422 433
f 432 422 431
f 440 228 450
f 440 451 227
f 446 268 459
f 445 267 268
f 444 267 445
f 444 266 267
f 268 446 445
f 443 265 444
f 436 254 255
f 255 256 441
f 436 253 254
f 422 432 433
f 450 253 438
f 449 448 444
f 471 458 446
f 458 449 444
f 445 446 458
f 458 444 445
f 442 447 441
f 443 444 448
f 448 442 443
f 412 413 326
f 416 415 418
f 417 418 572
f 500 416 417
f 417 416 418
f 416 326 413
f 415 414 421
f 415 421 418
f 414 415 416
f 412 401 414
f 416 413 414
f 418 425 419
f 413 412 414
f 412 323 398
f 420 409 411
f 414 409 420
f 411 410 430
f 409 410 411
f 410 407 430
f 407 410 409
f 408 407 409
f 425 418 424
f 411 430 431
f 407 429 430
f 407 428 429
f 405 427 428
f 579 426 435
f 425 426 579
f 426 423 435
f 425 423 426
f 424 423 425
f 352 351 372
f 418 421 424
f 423 422 434
f 424 422 423
f 422 411 431
f 421 411 422
f 421 422 424
f 420 411 421
f 421 414 420
f 572 418 419
f 295 294 389
f 259 258 276
f 260 259 283
f 260 283 284
f 274 251 273
f 275 251 274
f 300 257 299
f 273 250 300
f 302 298 296
f 294 339 389
f 296 389 390
f 261 260 284
f 293 339 294
f 296 295 389
f 292 338 293
f 294 297 281
f 294 298 297
f 295 298 294
f 298 295 296
f 292 281 280
f 281 293 294
f 305 306 304
f 313 312 309
f 397 308 307
f 307 392 396
f 306 305 392
f 307 306 392
f 307 304 306
f 305 304 303
f 304 307 319
f 303 302 296
f 303 296 305
f 281 292 293
f 391 296 390
f 305 391 392
f 305 296 391
f 309 302 303
f 263 262 285
f 284 285 262
f 262 261 284
f 263 301 309
f 263 285 301
f 270 275 274
f 285 298 301
f 298 285 297
f 281 297 285
f 280 282 279
f 281 283 280
f 282 272 279
f 283 281 284
f 283 282 280
f 259 282 283
f 259 276 282
f 301 302 309
f 271 275 270
f 276 272 282
f 276 275 272
f 275 271 272
f 171 277 300
f 278 274 273
f 274 278 270
f 277 278 300
f 275 276 258
f 271 270 288
f 279 292 280
f 279 272 291
f 279 291 292
f 277 171 286
f 288 248 289
f 286 181 246
f 288 287 247
f 287 286 247
f 246 247 286
f 272 271 289
f 312 263 309
f 289 271 288
f 272 290 291
f 272 289 290
f 278 287 288
f 278 286 287
f 278 277 286
f 270 278 288
f 301 298 302
f 284 281 285
f 332 331 355
f 338 341 339
f 338 337 341
f 340 330 336
f 341 337 340
f 337 330 340
f 349 356 336
f 347 334 333
f 335 334 348
f 348 336 335
f 355 345 332
f 339 341 342
f 346 332 345
f 346 333 332
f 334 328 333
f 335 329 334
f 336 329 335
f 329 328 334
f 330 329 336
f 332 246 331
f 246 332 247
f 361 362 343
f 351 350 370
f 350 345 199
f 351 345 350
f 347 352 348
f 348 353 349
f 346 351 347
f 345 351 346
f 363 344 362
f 344 363 366
f 344 343 362
f 248 247 333
f 343 342 361
f 340 336 356
f 341 340 356
f 361 341 357
f 341 356 357
f 342 341 361
f 339 342 389
f 342 343 389
f 343 344 389
f 314 313 311
f 308 398 322
f 322 321 320
f 307 320 319
f 492 318 324
f 489 316 317
f 317 318 489
f 318 317 320
f 489 315 316
f 315 311 316
f 315 314 311
f 320 308 322
f 320 316 319
f 317 316 320
f 316 304 319
f 316 311 304
f 310 303 311
f 303 304 311
f 309 303 310
f 313 309 310
f 310 311 313
f 493 324 325
f 328 248 333
f 333 247 332
f 334 347 348
f 336 348 349
f 333 346 347
f 327 416 500
f 326 327 498
f 327 326 416
f 324 323 326
f 939 789 798
f 326 325 324
f 498 325 326
f 323 412 326
f 323 324 321
f 318 321 324
f 318 320 321
f 321 322 323
f 322 398 323
f 308 320 307
f 621 622 1221
f 1251 1249 914
f 1250 1249 1251
f 1250 1248 1249
f 867 1248 1250
f 867 1246 1248
f 1249 1242 1247
f 1247 1243 1249
f 1248 1242 1249
f 1240 1246 867
f 1246 1241 1248
f 637 708 1281
f 1247 1244 1243
f 1243 1237 1249
f 1239 1243 1244
f 1245 1249 1237
f 1241 1242 1248
f 1242 1244 1247
f 1242 1239 1244
f 1241 1239 1242
f 1240 1241 1246
f 1274 637 1281
f 1582 241 1583
f 1288 186 1585
f 1585 235 1584
f 1288 1294 195
f 1308 217 1306
f 1063 1081 2090
f 1062 1063 2066
f 952 1062 2002
f 1999 930 952
f 926 930 1999
f 1240 1238 1241
f 1271 636 1274
f 1268 109 1271
f 1591 109 1268
f 1978 838 780
f 1970 813 838
f 1989 780 926
f 1970 804 813
f 1963 708 804
f 636 637 1274
f 1245 1225 1224
f 1226 1229 770
f 1227 1230 1229
f 1231 1205 1233
f 1228 1205 1231
f 1227 1228 1230
f 1227 1205 1228
f 1226 1227 1229
f 1226 1204 1227
f 757 1201 1226
f 1249 1224 625
f 770 1229 1230
f 1245 1223 1225
f 1245 1209 1223
f 1223 1224 1225
f 1223 1216 1224
f 1209 1208 1223
f 1208 1215 1223
f 1224 1222 1221
f 1219 1222 1224
f 1221 625 1224
f 1236 1239 1234
f 773 1230 1240
f 1241 1238 1231
f 1231 1232 1241
f 1232 1239 1241
f 1230 1238 1240
f 770 1230 773
f 1249 1245 1224
f 1235 1237 1243
f 1239 1236 1243
f 1232 1234 1239
f 1583 245 1587
f 1243 1236 1235
f 1235 1245 1237
f 1236 1234 1210
f 1233 1234 1232
f 1233 1210 1234
f 1210 1235 1236
f 1231 1233 1232
f 1231 1230 1228
f 1230 1231 1238
f 1278 1280 1285
f 1974 1287 1284
f 1262 1283 1973
f 1283 1284 1287
f 1284 1278 1285
f 1285 1280 1971
f 1286 1280 1281
f 1262 1257 1283
f 1277 1282 1283
f 1257 1277 1283
f 1277 1278 1282
f 1280 1286 1971
f 1280 1274 1281
f 1282 1284 1283
f 1278 1284 1282
f 1280 1279 1274
f 1278 1279 1280
f 1273 1277 1257
f 1271 1274 1279
f 1279 1278 1276
f 1277 1276 1278
f 1989 926 2025
f 1294 1288 1293
f 2128 1601 2134
f 2159 2134 1601
f 2090 1594 2128
f 2090 2066 1063
f 2066 2064 1062
f 2064 2002 1062
f 2002 1999 952
f 780 1989 1978
f 2025 926 1999
f 1275 1279 1276
f 838 1978 1970
f 804 1970 1963
f 708 1963 1964
f 1286 708 1964
f 708 1286 1281
f 1973 1880 1262
f 1973 1283 1287
f 1285 1971 1972
f 1972 1284 1285
f 1258 1256 1260
f 1880 1263 1262
f 1260 1261 1486
f 1488 1487 1264
f 1487 1486 1264
f 1261 1264 1486
f 1260 1263 1261
f 1260 1259 1262
f 1486 1258 1260
f 1260 1256 1259
f 1259 1257 1262
f 1881 1265 1263
f 1257 1259 1255
f 1256 1255 1259
f 1255 1273 1257
f 1587 245 1591
f 1306 219 1290
f 1289 1290 219
f 1291 195 1294
f 1289 211 1291
f 1584 235 1582
f 1886 1261 1265
f 1277 1272 1276
f 1273 1272 1277
f 1272 1275 1276
f 1275 1271 1279
f 1270 1275 1272
f 1270 1271 1275
f 1269 1271 1270
f 1269 1268 1271
f 1887 1495 1267
f 1220 621 1221
f 1885 1267 1266
f 1886 1885 1266
f 1886 1266 1264
f 1267 1488 1266
f 1500 1488 1267
f 1488 1264 1266
f 1264 1261 1886
f 1261 1263 1265
f 1263 1260 1262
f 1165 1166 1177
f 1170 1059 1169
f 1158 1059 1170
f 1158 1058 1059
f 1059 1057 1169
f 1168 1169 1180
f 1178 1167 1168
f 1176 1165 1177
f 1177 1166 1178
f 1166 1167 1178
f 1171 1165 1176
f 1871 1169 1249
f 1168 1158 1169
f 1169 1158 1170
f 1167 1166 1157
f 1157 1168 1167
f 1164 1165 1171
f 1163 1153 1171
f 1162 1153 1163
f 1153 1164 1171
f 1161 1152 1162
f 1171 1176 1182
f 1186 1178 1179
f 1186 1179 1180
f 1184 1178 1185
f 1182 1177 1184
f 1184 1177 1178
f 1178 1168 1179
f 1168 1180 1179
f 1182 1176 1177
f 1181 1171 1182
f 1175 1171 1181
f 1161 1151 1152
f 1162 1175 1174
f 1173 1162 1174
f 1175 1163 1171
f 1162 1163 1175
f 1172 1160 1173
f 1172 1141 1160
f 1173 1161 1162
f 1159 1160 1141
f 1160 1161 1173
f 1136 1142 1634
f 1152 1047 1048
f 1149 1046 1150
f 1148 1112 1036
f 1148 1044 1149
f 1145 1141 1146
f 1141 1147 1146
f 1144 1140 1145
f 1143 1138 1144
f 1142 1138 1143
f 1633 1136 1634
f 1150 1047 1151
f 1140 1141 1145
f 1141 1172 1147
f 1138 1139 1144
f 1139 1140 1144
f 1135 1136 1633
f 1142 1137 1138
f 1136 1137 1142
f 1631 1128 1632
f 1128 1633 1632
f 1165 1155 1156
f 1152 1153 1162
f 1159 1149 1160
f 1160 1150 1161
f 1161 1150 1151
f 1159 1116 1148
f 1149 1150 1160
f 1157 1158 1168
f 1156 1157 1166
f 1165 1156 1166
f 1164 1154 1165
f 1172 1173 1147
f 1153 1154 1164
f 1156 1052 1157
f 1052 1158 1157
f 1154 1155 1165
f 1153 1053 1154
f 1152 1048 1153
f 1148 1149 1159
f 1151 1047 1152
f 1048 1053 1153
f 1202 1203 1227
f 1208 1210 1207
f 1205 1207 1233
f 1207 1199 1208
f 1207 1198 1199
f 1206 1198 1207
f 1207 1205 1206
f 1203 1197 1205
f 1197 1206 1205
f 1204 1202 1227
f 1227 1203 1205
f 1233 1207 1210
f 1201 1204 1226
f 1201 757 747
f 747 1200 1201
f 1204 1201 1202
f 1202 1196 1203
f 1193 1202 1201
f 1191 1200 747
f 1200 1193 1201
f 1199 1212 1208
f 1216 1217 1219
f 1221 1218 1220
f 1219 1218 1222
f 1218 1221 1222
f 1219 1217 1218
f 1216 1219 1224
f 1215 1214 1216
f 1215 1216 1223
f 1208 1212 1215
f 1212 1214 1215
f 1216 1214 1217
f 1198 1212 1199
f 1214 567 1217
f 1213 567 1214
f 1212 1213 1214
f 1212 1198 1211
f 1212 565 1213
f 1211 565 1212
f 1235 1209 1245
f 1210 1208 1235
f 1208 1209 1235
f 1688 1687 1182
f 738 541 1188
f 736 541 738
f 1691 1186 1187
f 1692 1187 1180
f 1690 1689 1184
f 1690 1184 1185
f 1691 1185 1186
f 1182 1184 1689
f 1186 1180 1187
f 1185 1178 1186
f 1188 1190 738
f 1689 1688 1182
f 1687 1686 1175
f 1686 1685 1175
f 1183 1147 1173
f 1685 1183 1174
f 1687 1181 1182
f 1175 1181 1687
f 1174 1175 1685
f 1173 1174 1183
f 1193 1196 1202
f 1195 1198 1206
f 1197 1195 1206
f 1196 1197 1203
f 1197 1196 1195
f 1195 549 566
f 1198 566 1211
f 566 1198 1195
f 1194 549 1196
f 549 1195 1196
f 1288 1325 1293
f 1193 1200 1192
f 1193 1194 1196
f 1189 1200 1191
f 1190 1188 1191
f 1189 1192 1200
f 1193 543 1194
f 1189 543 1192
f 543 1193 1192
f 1188 1189 1191
f 1408 1404 1409
f 1524 1534 1430
f 1430 1411 1524
f 1410 1411 1430
f 1410 1520 1411
f 1426 1520 1410
f 1428 1410 1430
f 1410 1428 1438
f 1425 1520 1426
f 1409 1405 1440
f 1404 1405 1409
f 1413 1412 1391
f 1404 1419 1405
f 1404 1397 1419
f 1403 1397 1404
f 1402 1403 1407
f 1406 1404 1408
f 1403 1404 1406
f 1403 1406 1407
f 1403 1393 1394
f 1400 1393 1403
f 1395 1414 1415
f 1422 1424 1417
f 1422 1371 1424
f 1421 1427 1438
f 1420 1421 1438
f 1421 1417 1427
f 1421 1418 1417
f 1418 1415 1417
f 1419 1421 1420
f 1419 1418 1421
f 1419 1395 1418
f 1394 1397 1403
f 1415 1418 1395
f 1416 1422 1417
f 1415 1416 1417
f 1416 1370 1422
f 1415 1412 1416
f 1412 1370 1416
f 1414 1412 1415
f 1391 1412 1414
f 1361 1412 1413
f 1338 1387 1386
f 1392 1388 1389
f 1392 1382 1388
f 1386 1379 1338
f 1413 1391 1389
f 1358 1413 1390
f 1389 1390 1413
f 1387 1358 1390
f 1389 1388 1387
f 1388 1374 1387
f 1389 1387 1390
f 1392 1389 1396
f 1374 1386 1387
f 1305 1384 1385
f 1384 1380 1385
f 1303 1378 1384
f 1383 1392 1393
f 1382 1392 1383
f 1380 1382 1383
f 1380 1381 1382
f 1381 1374 1382
f 1398 1380 1399
f 1385 1380 1314
f 1402 1400 1403
f 1399 1400 1402
f 1401 1399 1402
f 1399 1383 1393
f 1393 1400 1399
f 1399 1380 1383
f 1398 1399 1401
f 1320 1398 1401
f 1314 1398 1320
f 1417 1424 1423
f 1314 1380 1398
f 1397 1395 1419
f 1394 1396 1397
f 1396 1395 1397
f 1396 1391 1414
f 1396 1389 1391
f 1414 1395 1396
f 1392 1396 1394
f 1393 1392 1394
f 1451 1452 1449
f 1453 1452 1456
f 1452 1455 1456
f 1452 1454 1455
f 1258 1448 1256
f 1448 1258 1454
f 1448 1255 1256
f 1454 1486 1455
f 1461 1457 1484
f 1457 1461 1458
f 1452 1453 1449
f 1458 1453 1456
f 1451 1351 1452
f 1447 1452 1351
f 1470 1459 1460
f 1470 1469 1459
f 1469 1450 1459
f 1453 1458 1450
f 1449 1453 1450
f 1364 1449 1450
f 1469 1364 1450
f 1462 1460 1489
f 1477 1471 1472
f 1471 1366 1470
f 1474 1471 1473
f 1469 1470 1366
f 1466 1467 1468
f 1464 1482 1467
f 1465 1467 1466
f 1465 1464 1467
f 1483 1464 1465
f 1483 1465 1463
f 1364 1451 1449
f 1480 1462 1491
f 1459 1461 1489
f 1472 1460 1462
f 1460 1459 1489
f 1461 1450 1458
f 1459 1450 1461
f 1457 1458 1456
f 1486 1454 1258
f 1455 1486 1456
f 1438 1428 1429
f 1419 1420 1405
f 1431 1432 1436
f 1435 1431 1436
f 1432 1430 1534
f 1431 1430 1432
f 1433 1431 1435
f 1429 1431 1433
f 1434 1429 1433
f 1429 1428 1430
f 1430 1431 1429
f 1420 1437 1405
f 1429 1434 1443
f 1427 1410 1438
f 1410 1423 1426
f 1427 1417 1423
f 1423 1410 1427
f 1426 1424 1425
f 1424 1373 1475
f 1424 1475 1425
f 1423 1424 1426
f 1444 1593 1273
f 1446 1448 1454
f 1447 1454 1452
f 1445 1255 1448
f 1445 1273 1255
f 1273 1445 1444
f 1446 1445 1448
f 1445 1347 1444
f 1446 1348 1445
f 1447 1446 1454
f 1374 1381 1384
f 1439 1429 1443
f 1443 1437 1439
f 1439 1438 1429
f 1437 1420 1438
f 1438 1439 1437
f 1441 1437 1442
f 1437 1443 1442
f 1440 1437 1441
f 1440 1405 1437
f 1585 1324 1288
f 1330 1329 1376
f 1326 1328 1330
f 1326 1327 1328
f 1326 1324 1327
f 1328 1329 1330
f 1295 1326 1330
f 1330 1375 1295
f 1326 1293 1325
f 1375 1330 1376
f 1325 1324 1326
f 1329 1337 1379
f 1325 1288 1324
f 1327 1331 1328
f 1324 1331 1327
f 1324 1323 1331
f 1584 1323 1324
f 1317 1314 1319
f 1314 1320 1319
f 1314 1317 1313
f 1318 1313 1317
f 1333 1332 1322
f 1339 1337 1329
f 1329 1328 1336
f 1387 1335 1358
f 1356 1358 1335
f 1335 1338 1356
f 1338 1335 1387
f 1353 1340 1339
f 1339 1334 1353
f 1333 1334 1339
f 1333 1322 1342
f 1315 1313 1318
f 1332 1331 1322
f 1331 1321 1322
f 1342 1334 1333
f 1328 1332 1333
f 1331 1332 1328
f 1336 1333 1339
f 1333 1336 1328
f 1581 1321 1331
f 1323 1581 1331
f 1297 1296 1299
f 1304 1299 1302
f 1302 1377 1303
f 1299 1296 1302
f 1301 1298 1299
f 1300 1290 1298
f 1298 1301 1300
f 1299 1304 1301
f 1298 1292 1299
f 1289 1291 1298
f 1295 1296 1297
f 1304 1302 1305
f 1292 1297 1299
f 1292 1293 1297
f 1296 1377 1302
f 1297 1293 1295
f 1294 1293 1292
f 1291 1292 1298
f 1291 1294 1292
f 1290 1289 1298
f 1293 1326 1295
f 1301 1311 1312
f 1313 1305 1314
f 1385 1314 1305
f 1311 1304 1313
f 1304 1305 1313
f 1316 1307 1312
f 1315 1311 1313
f 1312 1311 1315
f 1316 1312 1315
f 1301 1312 1307
f 1307 1300 1301
f 1329 1336 1339
f 1301 1304 1311
f 1310 1307 1316
f 1309 1307 1310
f 1308 1306 1307
f 1307 1309 1308
f 1306 1290 1307
f 1290 1300 1307
f 1384 1305 1303
f 1305 1302 1303
f 1359 1369 1361
f 1362 1352 1367
f 1369 1365 1366
f 1471 1368 1366
f 1365 1469 1366
f 1363 1469 1365
f 1363 1364 1469
f 1369 1363 1365
f 1369 1360 1363
f 1363 1352 1364
f 1352 1362 1364
f 1368 1370 1369
f 1369 1370 1361
f 1412 1361 1370
f 1360 1369 1359
f 1413 1359 1361
f 1358 1360 1359
f 1358 1359 1413
f 1358 1357 1360
f 1356 1357 1358
f 1355 1367 1352
f 1296 1295 1375
f 1381 1380 1384
f 1378 1379 1374
f 1374 1379 1386
f 1376 1329 1379
f 1384 1378 1374
f 1377 1379 1378
f 1378 1303 1377
f 1377 1296 1375
f 1377 1375 1376
f 1379 1377 1376
f 1355 1353 1367
f 1382 1374 1388
f 1424 1371 1373
f 1371 1372 1373
f 1369 1366 1368
f 1372 1474 1373
f 1372 1368 1471
f 1370 1372 1371
f 1422 1370 1371
f 1370 1368 1372
f 1343 1588 1346
f 1344 1346 1347
f 1348 1349 1350
f 1364 1362 1451
f 1347 1593 1444
f 1348 1347 1445
f 1347 1346 1593
f 1344 1350 1342
f 1354 1345 1350
f 1345 1342 1350
f 1344 1343 1346
f 1350 1344 1348
f 1341 1588 1343
f 1322 1344 1342
f 1322 1343 1344
f 1322 1341 1343
f 1341 1322 1321
f 1356 1338 1340
f 1338 1339 1340
f 1379 1337 1338
f 1337 1339 1338
f 1356 1355 1357
f 1354 1367 1353
f 1353 1355 1356
f 1340 1353 1356
f 1334 1354 1353
f 1334 1345 1354
f 1342 1345 1334
f 1357 1352 1363
f 1360 1357 1363
f 1355 1352 1357
f 1128 1135 1633
f 1367 1451 1362
f 1367 1351 1451
f 1351 1349 1447
f 1349 1446 1447
f 1348 1446 1349
f 1367 1349 1351
f 1354 1350 1349
f 1367 1354 1349
f 1347 1348 1344
f 878 912 914
f 917 908 909
f 903 907 915
f 916 906 917
f 920 911 913
f 919 911 920
f 919 909 910
f 910 911 919
f 914 1249 922
f 911 878 913
f 878 914 913
f 909 919 918
f 912 1251 914
f 910 908 876
f 906 908 917
f 908 910 909
f 907 905 915
f 915 906 916
f 905 906 915
f 891 872 907
f 906 873 908
f 921 920 1021
f 927 928 954
f 927 925 928
f 925 945 928
f 927 924 925
f 923 930 926
f 924 927 923
f 925 784 945
f 784 783 945
f 926 782 923
f 1021 920 922
f 905 873 906
f 920 921 919
f 922 913 914
f 920 913 922
f 918 919 921
f 917 918 1020
f 1002 915 1019
f 1019 916 917
f 915 916 1019
f 917 909 918
f 901 890 891
f 893 881 894
f 894 882 895
f 893 802 880
f 802 801 880
f 895 883 884
f 884 892 997
f 882 883 895
f 881 882 894
f 879 880 801
f 880 881 893
f 895 884 896
f 889 890 901
f 897 887 898
f 888 899 898
f 899 888 889
f 887 888 898
f 890 871 891
f 889 871 890
f 888 855 889
f 897 886 887
f 902 901 891
f 873 876 908
f 904 905 907
f 872 904 907
f 871 872 891
f 903 915 1002
f 1001 900 901
f 901 902 1003
f 899 900 1001
f 898 899 1000
f 902 891 903
f 954 928 945
f 903 891 907
f 901 900 889
f 899 889 900
f 999 898 1000
f 998 898 999
f 897 998 997
f 997 892 897
f 998 897 898
f 896 884 997
f 962 960 942
f 950 954 965
f 953 961 964
f 959 955 967
f 959 949 955
f 949 974 955
f 957 944 958
f 956 943 959
f 944 956 958
f 957 940 944
f 953 960 961
f 954 964 963
f 942 957 962
f 954 953 964
f 960 941 942
f 953 941 960
f 942 940 957
f 951 1061 1062
f 965 1061 951
f 952 951 1062
f 951 950 965
f 966 959 967
f 968 800 969
f 800 970 969
f 802 893 972
f 801 802 971
f 800 801 970
f 968 799 800
f 966 1068 958
f 1069 962 1067
f 1067 957 1066
f 957 1068 1066
f 930 951 952
f 967 955 986
f 958 956 966
f 966 956 959
f 1068 957 958
f 957 1067 962
f 961 1065 964
f 960 1069 961
f 960 962 1069
f 954 963 965
f 931 944 935
f 947 949 937
f 948 799 968
f 946 936 949
f 944 931 938
f 949 936 937
f 938 936 946
f 798 799 948
f 947 937 939
f 939 798 947
f 934 935 942
f 947 798 948
f 945 783 932
f 935 794 931
f 934 792 935
f 783 933 932
f 933 792 934
f 933 783 796
f 930 923 929
f 927 929 923
f 929 927 951
f 943 946 959
f 951 927 950
f 927 954 950
f 930 929 951
f 974 947 976
f 949 947 974
f 947 948 976
f 944 938 943
f 938 946 943
f 959 946 949
f 892 886 897
f 944 943 956
f 954 945 953
f 953 932 941
f 941 934 942
f 942 935 940
f 935 944 940
f 945 932 953
f 941 933 934
f 932 933 941
f 823 824 832
f 833 832 824
f 825 831 833
f 833 822 825
f 831 825 826
f 821 774 786
f 775 774 823
f 832 775 823
f 830 787 814
f 821 823 774
f 824 822 833
f 831 826 834
f 820 821 786
f 830 820 786
f 842 732 843
f 732 842 829
f 733 843 732
f 829 731 732
f 730 731 829
f 827 730 828
f 730 829 828
f 831 834 791
f 844 749 845
f 749 850 845
f 850 840 841
f 850 749 840
f 843 733 844
f 733 748 844
f 748 749 844
f 791 790 831
f 839 791 834
f 879 839 836
f 826 729 827
f 834 835 839
f 835 836 839
f 831 789 833
f 835 827 836
f 836 829 846
f 826 827 835
f 827 828 836
f 828 829 836
f 834 826 835
f 813 803 812
f 812 805 818
f 805 810 818
f 814 809 830
f 807 814 816
f 807 808 814
f 806 807 815
f 811 806 817
f 810 707 811
f 707 806 811
f 808 809 814
f 813 812 837
f 803 805 812
f 804 803 813
f 805 702 810
f 803 702 805
f 702 701 810
f 800 879 801
f 800 839 879
f 799 791 800
f 798 791 799
f 723 724 823
f 727 826 825
f 821 723 823
f 820 723 821
f 830 809 820
f 823 725 824
f 725 822 824
f 822 726 825
f 825 726 727
f 725 726 822
f 823 724 725
f 841 856 851
f 809 722 820
f 722 723 820
f 816 815 807
f 819 818 810
f 819 811 817
f 810 811 819
f 817 806 815
f 813 837 838
f 837 812 818
f 870 864 873
f 867 1250 878
f 875 867 877
f 874 875 876
f 865 873 864
f 873 865 874
f 905 870 873
f 905 869 870
f 904 869 905
f 872 869 904
f 868 872 871
f 877 867 878
f 869 860 870
f 868 869 872
f 855 858 871
f 871 861 868
f 858 861 871
f 875 866 867
f 866 875 863
f 874 862 863
f 874 863 875
f 880 847 881
f 885 886 892
f 884 853 892
f 849 884 883
f 882 848 883
f 853 885 892
f 884 849 853
f 881 848 882
f 883 848 849
f 846 847 880
f 848 881 847
f 865 862 874
f 879 836 880
f 880 836 846
f 878 1251 912
f 878 911 877
f 878 1250 1251
f 911 875 877
f 876 875 910
f 875 911 910
f 876 873 874
f 844 845 853
f 854 857 855
f 887 852 854
f 887 851 852
f 886 851 887
f 853 850 885
f 850 886 885
f 844 853 849
f 852 857 854
f 853 845 850
f 850 851 886
f 854 855 888
f 843 844 848
f 848 844 849
f 847 843 848
f 846 829 847
f 847 829 842
f 842 843 847
f 851 850 841
f 851 856 852
f 852 856 857
f 861 766 868
f 864 862 865
f 863 1240 866
f 867 866 1240
f 862 773 863
f 860 772 864
f 772 862 864
f 868 860 869
f 860 864 870
f 868 859 860
f 970 801 971
f 766 859 868
f 857 858 855
f 765 766 861
f 858 765 861
f 857 765 858
f 841 763 856
f 763 857 856
f 855 871 889
f 887 854 888
f 1089 1076 1087
f 1614 1083 1084
f 1084 1117 1614
f 1595 1080 1086
f 1595 1594 1080
f 1086 1079 1085
f 1080 1082 1086
f 1088 1085 1079
f 1081 1080 1594
f 1087 1075 1083
f 1088 1078 1089
f 1087 1083 1597
f 1075 1084 1083
f 1078 1060 1089
f 1060 1076 1089
f 1076 1075 1087
f 1082 1079 1086
f 1079 1078 1088
f 1082 1070 1079
f 1081 1072 1080
f 1072 1082 1080
f 1095 1093 985
f 1097 993 1098
f 1101 992 1097
f 1096 990 1101
f 1106 1096 1101
f 1105 1095 1096
f 1095 989 1096
f 1091 1090 987
f 1102 986 1090
f 1094 988 1092
f 1092 985 1093
f 1077 1074 1084
f 1094 1091 987
f 1090 986 987
f 987 988 1094
f 1102 967 986
f 1084 1074 1117
f 1596 1087 1597
f 1614 1597 1083
f 1599 1088 1089
f 1089 1087 1599
f 1058 1057 1059
f 1072 1061 1070
f 1070 965 1071
f 1071 963 1065
f 1065 961 1064
f 961 1069 1064
f 1061 965 1070
f 963 964 1065
f 965 963 1071
f 1062 1072 1063
f 1062 1061 1072
f 966 967 1073
f 1052 1056 1058
f 1058 1056 1057
f 1057 922 1169
f 1041 1055 1052
f 1055 1056 1052
f 1056 1030 1057
f 1030 1054 1057
f 1054 1028 1057
f 1056 1055 1030
f 1072 1070 1082
f 1074 1073 1117
f 1075 1077 1084
f 1077 1066 1074
f 1060 1064 1076
f 1076 1069 1075
f 1075 1066 1077
f 1079 1065 1078
f 1070 1071 1079
f 1078 1064 1060
f 1063 1072 1081
f 994 1100 1099
f 1071 1065 1079
f 1065 1064 1078
f 1074 966 1073
f 1066 1068 1074
f 1073 967 1102
f 1064 1069 1076
f 1069 1067 1075
f 1067 1066 1075
f 1068 966 1074
f 1104 1133 1130
f 1127 1128 1631
f 1120 1125 1121
f 1125 1129 1121
f 1128 1109 1135
f 1109 1128 1108
f 1127 1108 1128
f 1133 1106 1134
f 1106 1127 1134
f 1131 1103 1132
f 1132 1104 1130
f 1134 1127 1626
f 1127 1107 1108
f 1106 1107 1127
f 1133 1104 1105
f 1105 1106 1133
f 1103 1104 1132
f 1129 1123 1131
f 1123 1124 1131
f 1123 1129 1125
f 1122 1125 1120
f 1113 1114 1137
f 1139 1115 1140
f 1140 1116 1141
f 1116 1159 1141
f 1114 1139 1138
f 1139 1114 1115
f 1116 1140 1115
f 1136 1110 1137
f 1137 1114 1138
f 1135 1109 1136
f 1110 1113 1137
f 1103 1131 1124
f 1109 1110 1136
f 1626 1127 1631
f 1624 1133 1625
f 1133 1626 1625
f 1627 1131 1132
f 1129 1131 1627
f 1132 1130 1624
f 1130 1133 1624
f 1626 1133 1134
f 1124 1094 1092
f 1104 1095 1105
f 1096 1106 1105
f 1093 1095 1104
f 1092 1104 1103
f 1125 1091 1123
f 1124 1123 1094
f 1092 1103 1124
f 1125 1122 1102
f 1122 1073 1102
f 1104 1092 1093
f 1101 1107 1106
f 1091 1094 1123
f 1102 1090 1125
f 1090 1091 1125
f 1110 1098 1099
f 1099 1100 1110
f 1108 1097 1098
f 1108 1101 1097
f 1111 1100 996
f 1098 994 1099
f 1115 1148 1116
f 1126 1073 1122
f 1073 1126 1117
f 1121 1129 1615
f 1118 1117 1119
f 1117 1118 1614
f 1119 1122 1120
f 1117 1126 1119
f 1126 1122 1119
f 1114 1112 1115
f 1055 1029 1030
f 1100 1114 1113
f 1100 1113 1110
f 1114 1111 1112
f 1100 1111 1114
f 1112 1148 1115
f 1111 1036 1112
f 1107 1101 1108
f 1098 1109 1108
f 1109 1098 1110
f 895 896 1006
f 1010 999 1000
f 999 1010 998
f 1008 997 1009
f 1007 997 1008
f 1006 896 1007
f 997 998 1009
f 896 997 1007
f 1006 973 894
f 894 972 893
f 894 895 1006
f 1009 998 1010
f 994 995 1100
f 995 996 1100
f 1036 1111 996
f 993 994 1098
f 989 990 1096
f 1101 991 992
f 992 993 1097
f 990 991 1101
f 985 989 1095
f 1001 1003 1012
f 1031 1009 1032
f 1010 1033 1032
f 1032 1009 1010
f 1031 983 1008
f 1008 1009 1031
f 1011 1001 1012
f 1007 983 1006
f 983 1007 1008
f 1005 903 1014
f 1003 1004 1016
f 988 984 1092
f 1014 1002 1019
f 903 1002 1014
f 1005 1004 903
f 1004 902 903
f 1003 902 1004
f 1001 901 1003
f 1000 899 1001
f 1010 1000 1011
f 1001 1011 1000
f 977 969 975
f 987 974 976
f 955 974 987
f 976 977 988
f 1006 982 981
f 982 1006 983
f 981 973 1006
f 980 973 981
f 971 980 979
f 978 971 979
f 975 969 978
f 975 978 985
f 976 948 977
f 977 948 968
f 980 972 973
f 971 972 980
f 978 970 971
f 968 969 977
f 969 970 978
f 971 802 972
f 972 894 973
f 982 983 994
f 984 985 1092
f 984 977 985
f 986 955 987
f 988 977 984
f 987 976 988
f 995 1031 996
f 994 1031 995
f 993 982 994
f 992 981 993
f 993 981 982
f 1033 1010 1011
f 983 1031 994
f 980 981 992
f 990 980 991
f 980 992 991
f 979 990 989
f 985 978 989
f 990 979 980
f 989 978 979
f 977 975 985
f 1046 1037 1038
f 1050 1041 1051
f 1050 1049 1039
f 1050 1040 1041
f 1043 1039 1049
f 1039 1040 1050
f 1038 1017 1042
f 1017 1043 1042
f 1043 1018 1039
f 1038 1016 1017
f 1017 1018 1043
f 1044 1035 1045
f 1035 1037 1046
f 1037 1016 1038
f 1036 996 1033
f 1033 1044 1036
f 1044 1034 1035
f 1032 996 1031
f 996 1032 1033
f 1033 1034 1044
f 1035 1012 1037
f 1043 1049 1154
f 1041 1026 1055
f 1052 1058 1158
f 1155 1050 1156
f 1050 1051 1156
f 1051 1052 1156
f 1154 1050 1155
f 1053 1043 1154
f 1048 1043 1053
f 1051 1041 1052
f 1154 1049 1050
f 1033 1011 1034
f 1042 1043 1048
f 1046 1047 1150
f 1149 1045 1046
f 1044 1045 1149
f 1036 1044 1148
f 1046 1038 1047
f 1038 1048 1047
f 1038 1042 1048
f 1035 1046 1045
f 1005 1014 1018
f 1022 918 1023
f 1023 918 921
f 1020 918 1022
f 1019 917 1020
f 1040 1025 1041
f 1039 1025 1040
f 1018 1015 1039
f 1015 1025 1039
f 1017 1005 1018
f 1018 1014 1015
f 921 1021 1027
f 1016 1005 1017
f 1037 1013 1016
f 1015 1019 1025
f 1014 1019 1015
f 1013 1003 1016
f 1016 1004 1005
f 1012 1003 1013
f 1012 1013 1037
f 1011 1012 1035
f 1025 1020 1026
f 1011 1035 1034
f 1030 1028 1054
f 1026 1029 1055
f 1025 1026 1041
f 1030 1027 1028
f 922 1057 1028
f 1023 1027 1030
f 1026 1023 1029
f 1023 1030 1029
f 5438 5160 5435
f 922 1249 1169
f 1024 922 1028
f 1021 922 1024
f 1027 1024 1028
f 1023 921 1027
f 1027 1021 1024
f 1020 1022 1026
f 1022 1023 1026
f 1019 1020 1025
f 102 4625 4785
f 4381 4386 4382
f 4381 4382 4383
f 4380 4409 4388
f 4414 4380 4379
f 1253 4834 4745
f 102 4788 4834
f 1253 4745 4743
f 4951 4378 4376
f 4376 4378 4377
f 4785 4788 102
f 4380 4388 4381
f 4377 2293 4376
f 4377 2292 2293
f 4377 2291 2292
f 102 4426 4625
f 4319 4315 5989
f 5989 4291 4292
f 4311 4289 5989
f 4289 4291 5989
f 5989 4295 4300
f 4394 4395 4396
f 4397 4399 4456
f 4402 4405 4406
f 4399 4405 4402
f 4451 4403 4404
f 4402 4403 4451
f 4405 4400 4401
f 4399 4400 4405
f 4397 4394 4398
f 4392 4394 4397
f 4300 4296 5989
f 4392 4395 4394
f 4392 4415 4393
f 4390 4418 4391
f 4390 4388 4418
f 4388 4390 4389
f 4386 4381 4388
f 4382 4386 4385
f 4387 4386 4388
f 4386 4387 4384
f 4279 4281 5989
f 4303 4304 5989
f 5989 4287 4307
f 5989 4285 4286
f 4286 4287 5989
f 5989 4284 4288
f 4288 4285 5989
f 4283 4284 5989
f 5989 4282 4283
f 4280 4279 5989
f 4305 4306 5989
f 4281 4282 5989
f 4371 4363 5989
f 5989 4370 4371
f 5989 4358 4359
f 4360 4358 5989
f 5989 4357 4360
f 5989 4356 4357
f 4374 4356 5989
f 4373 4374 5989
f 4299 4295 5989
f 4296 4297 5989
f 4297 4298 5989
f 5989 4372 4373
f 4298 4301 5989
f 4301 4290 5989
f 4290 4372 5989
f 4292 4294 5989
f 4294 4293 5989
f 4293 4299 5989
f 4456 4399 4402
f 5989 4275 4280
f 5989 4306 4310
f 4310 4309 5989
f 4309 4312 5989
f 4312 4311 5989
f 4307 4308 5989
f 4308 4302 5989
f 4302 4303 5989
f 5989 4304 4305
f 4456 4454 4455
f 4463 4465 4466
f 4463 4464 4465
f 4467 4456 4463
f 4463 4461 4462
f 4456 4461 4463
f 4461 4459 4460
f 4456 4459 4461
f 4459 4457 4458
f 4456 4457 4459
f 4467 4463 4466
f 4456 4451 4454
f 4454 4452 4453
f 4451 4452 4454
f 4456 4402 4451
f 4447 4449 4448
f 4449 4444 4450
f 4447 4444 4449
f 4445 4447 4446
f 4444 4447 4445
f 4476 4477 4479
f 4483 4486 4511
f 4485 4486 4483
f 4483 4484 4485
f 4482 4480 4481
f 4514 4467 4483
f 4482 4479 4480
f 4483 4474 4482
f 4482 4476 4479
f 4479 4477 4478
f 4442 4444 4443
f 4474 4476 4482
f 4483 4469 4474
f 4474 4475 4476
f 4467 4469 4483
f 4473 4471 4472
f 4469 4473 4474
f 4469 4471 4473
f 4469 4470 4471
f 4467 4468 4469
f 4388 4392 4397
f 4422 4418 4423
f 4421 4419 4422
f 4419 4421 4420
f 4418 4422 4419
f 4416 4418 4417
f 4391 4418 4416
f 4444 4388 4467
f 4388 4456 4467
f 4388 4397 4456
f 4423 4418 4430
f 4415 4392 4411
f 4388 4409 4392
f 4410 4414 4413
f 4414 4410 4409
f 4409 4380 4414
f 4411 4409 4412
f 4392 4409 4411
f 4408 4415 4411
f 4415 4408 4407
f 4434 4430 4435
f 4440 4442 4441
f 4442 4436 4444
f 4440 4436 4442
f 4438 4440 4439
f 4438 4436 4440
f 4436 4438 4437
f 4436 4418 4444
f 4435 4430 4436
f 4432 4434 4433
f 4359 4355 5989
f 4432 4430 4434
f 4430 4432 4431
f 4430 4418 4436
f 4429 4427 4430
f 4427 4429 4428
f 4427 4423 4430
f 4418 4388 4444
f 4424 4427 4425
f 4423 4427 4424
f 4274 4278 5989
f 4278 4277 5989
f 4277 4276 5989
f 4276 4275 5989
f 4270 4269 5989
f 4271 4270 5989
f 4269 4268 5989
f 4268 4272 5989
f 4272 4267 5989
f 4267 4273 5989
f 4273 4274 5989
f 4371 4211 4363
f 5989 4256 4263
f 5989 4257 4266
f 4259 4257 5989
f 4262 4260 5989
f 5989 4261 4262
f 4263 4261 5989
f 5989 4258 4259
f 5989 4265 4271
f 5989 4264 4265
f 4349 4220 4354
f 4344 4233 4345
f 4233 4321 4345
f 4343 4232 4344
f 4352 4226 4338
f 4226 4346 4338
f 4346 4227 4339
f 4351 4225 4352
f 4350 4224 4351
f 4354 4223 4350
f 4266 4264 5989
f 4348 4220 4349
f 4366 4217 4353
f 4365 4217 4366
f 4347 4219 4348
f 4353 4218 4347
f 4361 4216 4365
f 4364 4215 4361
f 4362 4214 4364
f 4363 4212 4362
f 4249 4250 4316
f 4250 4249 4375
f 4249 4248 4375
f 4248 4247 4375
f 4247 4245 4375
f 4245 4246 4375
f 4246 4244 4375
f 4244 4242 4375
f 4242 4243 4375
f 4243 4241 4375
f 4252 4251 4375
f 4251 4252 4318
f 4250 4251 4317
f 4248 4249 4320
f 4247 4248 4336
f 4245 4247 4335
f 4245 4334 4246
f 4244 4246 4333
f 4242 4244 4332
f 4242 4330 4243
f 4355 4207 4367
f 4260 4258 5989
f 5989 4254 4255
f 4255 4256 5989
f 5989 4253 4254
f 5989 4082 4253
f 4370 4210 4371
f 4369 4210 4370
f 4368 4209 4369
f 4367 4208 4368
f 4321 4234 4324
f 4358 4206 4359
f 4206 4355 4359
f 4360 4205 4358
f 4356 4204 4357
f 4374 4203 4356
f 4204 4360 4357
f 4373 4202 4374
f 4372 4201 4373
f 4251 4250 4375
f 5989 4325 4327
f 4342 4341 5989
f 4340 4342 5989
f 4341 4343 5989
f 4343 4344 5989
f 4331 4330 5989
f 4337 4331 5989
f 4344 4345 5989
f 5989 4328 4329
f 5989 4327 4328
f 5989 4339 4340
f 4326 4325 5989
f 5989 4323 4326
f 4324 4323 5989
f 5989 4321 4324
f 4345 4321 5989
f 4329 4337 5989
f 4346 4339 5989
f 5989 4318 4319
f 4336 4322 5989
f 5989 4350 4351
f 4355 4367 5989
f 5989 4369 4370
f 5989 4368 4369
f 4367 4368 5989
f 4361 4365 5989
f 4364 4361 5989
f 5989 4362 4364
f 4363 4362 5989
f 5989 4351 4352
f 5989 4317 4318
f 4354 4350 5989
f 5989 4349 4354
f 5989 4348 4349
f 5989 4347 4348
f 4353 4347 5989
f 4366 4353 5989
f 5989 4338 4346
f 4352 4338 5989
f 4365 4366 5989
f 4331 4243 4330
f 4316 4250 4317
f 4318 4252 4319
f 4248 4320 4322
f 4320 4249 4316
f 4334 4245 4335
f 4335 4247 4336
f 4333 4246 4334
f 4332 4244 4333
f 4330 4242 4332
f 4317 4251 4318
f 4328 4240 4329
f 4337 4241 4331
f 4240 4337 4329
f 4325 4238 4327
f 4327 4239 4328
f 4252 4313 4319
f 4323 4236 4326
f 4326 4237 4325
f 4324 4235 4323
f 4315 4314 5989
f 5989 4335 4336
f 5989 4334 4335
f 5989 4333 4334
f 5989 4332 4333
f 4330 4332 5989
f 4322 4320 5989
f 4320 4316 5989
f 4316 4317 5989
f 5989 4314 4375
f 4483 4511 4512
f 4314 4313 4375
f 4319 4313 4315
f 4313 4314 4315
f 4313 4252 4375
f 4341 4231 4343
f 4342 4230 4341
f 4339 4228 4340
f 4340 4229 4342
f 4336 4248 4322
f 4645 4644 4643
f 4654 4652 4653
f 4631 4649 4671
f 4651 4649 4650
f 4650 4649 4647
f 4648 4650 4647
f 4631 4647 4649
f 4646 4628 4638
f 4645 4629 4631
f 4644 4642 4643
f 4643 4636 4645
f 4649 4653 4656
f 4642 4636 4643
f 4640 4645 4636
f 4638 4645 4640
f 4638 4629 4645
f 4639 4638 4637
f 4640 4637 4638
f 4641 4640 4636
f 4628 4629 4638
f 4746 4635 4645
f 4657 4660 4661
f 4671 4665 4667
f 4668 4665 4671
f 4668 4663 4664
f 4664 4665 4668
f 4631 4675 4645
f 4631 4626 4659
f 4662 4631 4659
f 4661 4660 4658
f 4660 4657 4658
f 4635 4634 4645
f 4658 4659 4661
f 4662 4647 4631
f 4659 4658 4662
f 4659 4657 4661
f 4657 4659 4626
f 4649 4656 4669
f 4656 4655 4669
f 4649 4654 4653
f 4653 4652 4656
f 4489 4490 5104
f 4523 4522 5105
f 4499 4494 5105
f 5105 4494 4495
f 5105 4498 4499
f 4500 4498 5105
f 4495 4496 5105
f 4517 4516 5105
f 4516 4520 5105
f 5104 4490 4491
f 4496 4497 5105
f 5104 4507 4508
f 4510 4489 5104
f 5104 4509 4510
f 4508 4509 5104
f 5104 4506 4507
f 5104 4502 4506
f 4501 4502 5104
f 4505 4501 5104
f 5104 4504 4505
f 4524 4426 5127
f 4633 4631 4629
f 4633 4627 4631
f 4632 4630 4627
f 4630 4626 4631
f 4627 4630 4631
f 4629 4627 4633
f 4720 4625 4426
f 5105 5104 4491
f 5127 4378 4524
f 4671 4667 4666
f 5105 4487 5103
f 5103 4463 5102
f 5104 5101 4439
f 4426 4377 5118
f 5101 5100 4390
f 5102 4396 5100
f 4521 4517 5105
f 5105 4522 4521
f 4497 4523 5105
f 4709 4708 4710
f 4718 4721 4722
f 4718 4719 4721
f 4716 4717 4718
f 4716 4714 4715
f 4716 4713 4714
f 4716 4709 4713
f 4713 4711 4712
f 4713 4710 4711
f 4709 4710 4713
f 4718 4722 4724
f 4709 4706 4708
f 4709 4707 4706
f 4707 4705 4706
f 4707 4704 4705
f 4709 4701 4707
f 4707 4702 4704
f 4702 4703 4704
f 4701 4702 4707
f 4701 4700 4702
f 4740 4718 4734
f 4735 4736 4737
f 4734 4736 4735
f 4734 4733 4736
f 4716 4740 4853
f 4733 4730 4732
f 4734 4728 4733
f 4731 4732 4730
f 4728 4730 4733
f 4730 4729 4731
f 4709 4695 4701
f 4728 4729 4730
f 4728 4727 4729
f 4718 4728 4734
f 4728 4724 4727
f 4724 4726 4727
f 4716 4718 4740
f 4724 4725 4726
f 4718 4724 4728
f 4724 4722 4723
f 4675 4676 4677
f 4685 4683 4684
f 4681 4683 4685
f 4683 4682 4684
f 4680 4681 4688
f 4681 4682 4683
f 4680 4682 4681
f 4680 4679 4682
f 4677 4678 4680
f 4675 4677 4680
f 4688 4681 4685
f 4675 4674 4673
f 4674 4672 4673
f 4674 4666 4672
f 4671 4674 4675
f 4671 4666 4674
f 4675 4631 4671
f 4671 4649 4669
f 4669 4670 4668
f 4671 4669 4668
f 4695 4693 4694
f 4716 4680 4709
f 4700 4698 4699
f 4701 4696 4700
f 4696 4698 4700
f 4696 4697 4698
f 4695 4696 4701
f 4695 4709 4680
f 4695 4694 4696
f 4675 4680 4716
f 5104 4503 4504
f 4693 4691 4692
f 4693 4690 4691
f 4680 4693 4695
f 4693 4688 4690
f 4688 4689 4690
f 4680 4688 4693
f 4687 4685 4686
f 4688 4685 4687
f 4685 4684 4686
f 5100 4381 4383
f 4395 4392 5100
f 5100 4389 4390
f 5100 4388 4389
f 5100 4387 4388
f 5100 4384 4387
f 5100 4386 4384
f 5100 4382 4385
f 5100 4385 4386
f 4383 4382 5100
f 4396 4395 5100
f 5100 4411 4412
f 5100 4408 4411
f 4412 4409 5100
f 4410 4413 5100
f 4409 4410 5100
f 4380 4381 5100
f 4379 4380 5100
f 5100 4414 4379
f 4413 4414 5100
f 4399 4397 5102
f 5101 4418 4419
f 5101 4417 4418
f 5101 4416 4417
f 5101 4391 4416
f 4390 4391 5101
f 4406 4405 5102
f 4405 4401 5102
f 4401 4400 5102
f 4400 4399 5102
f 4407 4408 5100
f 4398 5102 4397
f 4398 4394 5102
f 4394 4396 5102
f 4404 4403 5102
f 4403 4402 5102
f 4402 4406 5102
f 5100 4392 4393
f 5100 4393 4415
f 4415 4407 5100
f 4492 4500 4493
f 4504 4450 4507
f 4450 4444 4507
f 4499 4500 4495
f 4498 4500 4499
f 4500 4491 4495
f 4496 4495 4497
f 4497 4495 4523
f 4494 4499 4495
f 4495 4491 4517
f 4507 4444 4491
f 4491 4500 4492
f 4489 4491 4490
f 4507 4491 4489
f 4517 4444 4514
f 4444 4467 4514
f 4491 4444 4517
f 4514 4483 4512
f 4511 4486 4488
f 4486 4487 4488
f 4514 4512 4515
f 5110 4377 4378
f 4376 2293 5106
f 4523 4495 4517
f 4517 4522 4523
f 4522 4517 4521
f 4516 4519 4520
f 4517 4514 4516
f 4516 4518 4519
f 4518 4516 4514
f 5101 4419 4420
f 4512 4513 4515
f 4509 4489 4510
f 4507 4489 4509
f 4507 4509 4508
f 4502 4507 4506
f 4501 4507 4502
f 4504 4501 4505
f 4450 4504 4503
f 4501 4504 4507
f 4471 4470 5103
f 4480 4479 5103
f 4479 4478 5103
f 4478 4477 5103
f 4477 4476 5103
f 4476 4475 5103
f 4475 4474 5103
f 4474 4473 5103
f 4473 4472 5103
f 4472 4471 5103
f 4481 4480 5103
f 4470 4469 5103
f 4469 4468 5103
f 4468 4467 5103
f 4467 4466 5103
f 4466 4465 5103
f 4465 4464 5103
f 4464 4463 5103
f 4463 4462 5102
f 4462 4461 5102
f 4511 4488 5105
f 5104 4450 4503
f 5105 4493 4500
f 5105 4492 4493
f 4491 4492 5105
f 4520 4519 5105
f 4519 4518 5105
f 4518 4514 5105
f 4514 4515 5105
f 4515 4513 5105
f 4461 4460 5102
f 4513 4512 5105
f 4512 4511 5105
f 4488 4487 5105
f 4487 4486 5103
f 4486 4485 5103
f 4485 4484 5103
f 4484 4483 5103
f 4483 4482 5103
f 4482 4481 5103
f 5101 4430 4431
f 4439 4440 5104
f 5101 4438 4439
f 5101 4437 4438
f 5101 4436 4437
f 5101 4435 4436
f 5101 4434 4435
f 5101 4433 4434
f 5101 4432 4433
f 5101 4431 4432
f 5104 4440 4441
f 5101 4429 4430
f 5101 4428 4429
f 5101 4427 4428
f 5101 4425 4427
f 5101 4424 4425
f 5101 4423 4424
f 5101 4422 4423
f 5101 4421 4422
f 5101 4420 4421
f 4451 4404 5102
f 4460 4459 5102
f 4459 4458 5102
f 4458 4457 5102
f 4457 4456 5102
f 4456 4455 5102
f 4455 4454 5102
f 4454 4453 5102
f 4453 4452 5102
f 4452 4451 5102
f 4241 4243 4331
f 5104 4449 4450
f 5104 4448 4449
f 5104 4447 4448
f 5104 4446 4447
f 5104 4445 4446
f 5104 4444 4445
f 5104 4443 4444
f 5104 4442 4443
f 5104 4441 4442
f 5106 3998 4003
f 5106 4015 4016
f 5106 4014 4015
f 5106 4012 4013
f 4013 4014 5106
f 5106 4009 4012
f 5106 4007 4011
f 4008 4007 5106
f 4011 4010 5106
f 4010 4009 5106
f 5106 4005 4006
f 4016 4018 5106
f 4000 3999 5106
f 4006 4004 5106
f 4003 4005 5106
f 4004 4008 5106
f 3999 3998 5106
f 4001 4000 5106
f 3997 3995 5106
f 4002 4001 5106
f 3995 4002 5106
f 4030 4032 5106
f 5106 4036 4038
f 5106 4035 4036
f 5106 4034 4035
f 5106 4033 4034
f 5106 4028 4029
f 4026 4028 5106
f 4029 4030 5106
f 4032 4031 5106
f 4031 4033 5106
f 5106 3996 3997
f 5106 4025 4026
f 5106 4024 4025
f 5106 4021 4023
f 5106 4020 4021
f 4023 4022 5106
f 4022 4024 5106
f 5106 4019 4020
f 4018 4017 5106
f 4017 4019 5106
f 3969 3965 3978
f 3933 3978 3980
f 3969 3933 3968
f 3974 3973 3933
f 3933 3969 3978
f 3933 3970 3979
f 3971 3970 3933
f 3972 3971 3933
f 3973 3972 3933
f 3933 3967 3968
f 3980 3977 3933
f 3968 3966 3969
f 3978 3964 3980
f 3964 3977 3980
f 3977 3963 3976
f 3972 3958 3971
f 3973 3959 3972
f 3976 3962 3975
f 3975 3961 3974
f 3974 3960 3973
f 3933 3981 3993
f 5106 3990 3994
f 3994 3996 5106
f 3991 3990 5106
f 3992 3991 5106
f 4028 4027 4029
f 3988 3987 3933
f 3933 3979 3988
f 3987 3986 3933
f 3993 3992 3933
f 4038 4037 5106
f 3982 3981 3933
f 3983 3982 3933
f 3984 3983 3933
f 3989 3984 3933
f 3933 3985 3989
f 3986 3985 3933
f 3975 3974 3933
f 3976 3975 3933
f 3977 3976 3933
f 3164 3150 4088
f 4084 3149 4083
f 3722 3759 4094
f 4083 3606 8165
f 6688 4096 4095
f 4094 3005 4095
f 8269 1254 8268
f 3171 3170 4091
f 3170 3165 4092
f 3165 3164 4087
f 3150 4084 4085
f 3150 3149 4084
f 3722 8268 1254
f 3759 1249 4094
f 3606 103 8165
f 3149 2236 4083
f 5989 4081 4082
f 5989 4077 4081
f 4070 5989 4067
f 4080 4077 5989
f 3722 4094 4095
f 3763 4108 4162
f 4108 3762 4107
f 4098 3761 4222
f 4221 3172 4098
f 4098 4097 3761
f 8268 3722 8201
f 3722 8200 8201
f 3722 4096 8200
f 3722 4095 4096
f 4070 4080 5989
f 8165 4084 4083
f 4093 3171 4091
f 4092 4091 3170
f 4092 3165 4090
f 3165 4089 4090
f 3165 4087 4089
f 4088 4087 3164
f 4088 3150 4086
f 4086 3150 4085
f 4047 4046 5106
f 4057 4058 5106
f 5106 4055 4056
f 4053 4054 5106
f 4054 4055 5106
f 4049 4048 5106
f 5106 4052 4053
f 5106 4050 4052
f 4051 4050 5106
f 4048 4051 5106
f 5106 4056 4063
f 4046 4049 5106
f 5106 4044 4047
f 4045 4044 5106
f 5106 4042 4043
f 4043 4045 5106
f 5106 4040 4041
f 4041 4042 5106
f 5106 4037 4039
f 4039 4040 5106
f 5106 4065 4066
f 4077 4078 4081
f 4078 4079 4081
f 4073 4076 4080
f 4076 4074 4080
f 4074 4075 4080
f 4080 4071 4073
f 4072 4071 4080
f 4070 4072 4080
f 5106 4066 4068
f 3967 3966 3968
f 5106 4064 4065
f 4069 4064 5106
f 4068 4067 5106
f 5106 4062 4069
f 5106 4061 4062
f 5106 4059 4061
f 4060 4059 5106
f 5106 4058 4060
f 4063 4057 5106
f 4021 3899 4023
f 4058 3874 4060
f 4057 3873 4058
f 4063 3872 4057
f 4056 3871 4063
f 4055 3871 4056
f 4054 3870 4055
f 4053 3869 4054
f 3900 4021 4020
f 4023 3899 4022
f 3877 4069 4062
f 4024 3898 4025
f 4025 3897 4026
f 3897 4028 4026
f 4022 3898 4024
f 4031 3865 4033
f 4033 3864 4034
f 4028 3868 4027
f 4029 3867 4030
f 4030 3866 4032
f 4067 3883 4070
f 4075 3890 4080
f 4078 3894 4079
f 4077 3892 4078
f 4080 3891 4077
f 4074 3889 4075
f 4073 3887 4076
f 4071 3886 4073
f 4072 3885 4071
f 4076 3888 4074
f 3866 4031 4032
f 4066 3882 4068
f 4070 3884 4072
f 4068 3883 4067
f 4065 3881 4066
f 4069 3878 4064
f 4064 3879 4065
f 4059 3876 4061
f 4060 3875 4059
f 4061 3877 4062
f 4041 3825 4042
f 4044 3823 4047
f 4039 3828 4040
f 4036 3830 4038
f 3830 4037 4038
f 4037 3829 4039
f 4040 3827 4041
f 4042 3826 4043
f 4043 3822 4045
f 4045 3823 4044
f 3831 4049 4046
f 4034 3860 4035
f 4035 3830 4036
f 3936 3935 4007
f 3936 4004 3937
f 3935 3934 4011
f 3949 3914 3948
f 3948 3913 3947
f 3912 3946 3947
f 3934 3905 4010
f 3937 4005 3938
f 4027 3867 4029
f 3941 4001 3942
f 3940 4000 3941
f 3956 3921 3955
f 3955 3920 3954
f 3954 3919 3953
f 3953 3918 3952
f 3939 3999 3940
f 3938 3998 3939
f 4079 3895 4081
f 3952 3917 3951
f 3951 3916 3950
f 3950 3915 3949
f 4052 3863 4053
f 4050 3863 4052
f 4048 3861 4051
f 4051 3862 4050
f 4049 3861 4048
f 4047 3831 4046
f 3996 3943 3997
f 4007 3935 4011
f 4006 3937 4004
f 3991 3945 3990
f 3990 3944 3994
f 3944 3996 3994
f 3960 3959 3973
f 3961 3960 3974
f 3959 3958 3972
f 3958 3957 3971
f 4004 3936 4008
f 3943 3995 3997
f 3995 3942 4002
f 3942 4001 4002
f 3957 3956 3970
f 3956 3955 3988
f 3963 3962 3976
f 3962 3961 3975
f 4001 3941 4000
f 4000 3940 3999
f 3992 3947 3991
f 3932 3966 3967
f 3979 3956 3988
f 3970 3956 3979
f 3971 3957 3970
f 3986 3953 3985
f 3988 3955 3987
f 3987 3954 3986
f 3985 3952 3989
f 3952 3984 3989
f 3999 3939 3998
f 3984 3951 3983
f 3983 3950 3982
f 3982 3949 3981
f 3993 3948 3992
f 3981 3948 3993
f 3966 3965 3969
f 3965 3964 3978
f 3964 3963 3977
f 4008 3936 4007
f 3964 3929 3963
f 3949 3948 3981
f 3948 3947 3992
f 3947 3946 3991
f 3946 3945 3991
f 3945 3944 3990
f 3931 3965 3966
f 3965 3930 3964
f 3944 3943 3996
f 3942 3995 3943
f 3902 4016 4015
f 3963 3928 3962
f 3962 3926 3961
f 3961 3927 3960
f 3960 3924 3959
f 3959 3925 3958
f 3958 3923 3957
f 3957 3922 3956
f 4082 3896 4253
f 4081 3787 4082
f 4011 3934 4010
f 3955 3954 3987
f 3954 3953 3986
f 3953 3952 3985
f 4003 3938 4005
f 3998 3938 4003
f 4005 3937 4006
f 3952 3951 3984
f 3951 3950 3983
f 3950 3949 3982
f 4165 4951 4375
f 4010 3905 4009
f 4013 3903 4014
f 3903 4015 4014
f 4009 3904 4012
f 3904 4013 4012
f 3901 4019 4017
f 3901 4020 4019
f 4018 3902 4017
f 4016 3902 4018
f 4169 4299 4293
f 4280 4176 4279
f 4275 4176 4280
f 4298 4199 4301
f 4297 4199 4298
f 4296 4175 4297
f 4300 4174 4296
f 4291 4168 4292
f 4295 4172 4300
f 4299 4172 4295
f 4294 4169 4293
f 4276 4177 4275
f 4168 4294 4292
f 4289 4161 4291
f 4311 4160 4289
f 4309 4159 4312
f 4310 4159 4309
f 4312 4160 4311
f 4156 4287 4286
f 4158 4310 4306
f 4305 4158 4306
f 4281 4171 4282
f 4256 4196 4263
f 4255 4195 4256
f 4254 4189 4255
f 4258 4192 4259
f 4260 4194 4258
f 4259 4186 4257
f 4257 4187 4266
f 4253 4189 4254
f 4279 4173 4281
f 4304 4155 4305
f 4171 4283 4282
f 4283 4167 4284
f 4288 4156 4285
f 4156 4286 4285
f 4284 4156 4288
f 4274 4179 4278
f 4179 4277 4278
f 4273 4180 4274
f 4277 4178 4276
f 4195 4196 4256
f 4200 4199 4375
f 4199 4175 4375
f 4175 4174 4375
f 4174 4165 4375
f 4196 4190 4261
f 4190 4191 4262
f 4191 4193 4260
f 4194 4192 4258
f 4193 4194 4260
f 4200 4201 4372
f 4189 4195 4255
f 4175 4199 4297
f 4174 4175 4296
f 4173 4171 4281
f 4188 4197 4265
f 4197 4198 4271
f 4185 4182 4269
f 4184 4185 4270
f 4198 4184 4271
f 4204 4203 4375
f 4303 4154 4304
f 4307 4151 4308
f 4302 4153 4303
f 4308 4152 4302
f 4287 4150 4307
f 4222 3906 4221
f 4221 4098 4222
f 4206 4205 4375
f 4205 4204 4375
f 4262 4191 4260
f 4203 4202 4375
f 4205 4206 4358
f 4204 4205 4360
f 4203 4204 4356
f 4202 4203 4374
f 4202 4201 4375
f 4201 4202 4373
f 4199 4200 4301
f 4201 4200 4375
f 4230 4231 4341
f 4232 4231 4375
f 4231 4230 4375
f 4230 4229 4375
f 4229 4228 4375
f 4228 4227 4375
f 4227 4226 4375
f 4226 4225 4375
f 4225 4224 4375
f 4231 4232 4343
f 4200 4372 4290
f 4228 4229 4340
f 4229 4230 4342
f 4227 4228 4339
f 4226 4227 4346
f 4225 4226 4352
f 4224 4225 4351
f 4224 4223 4375
f 4223 4220 4375
f 4220 4219 4375
f 4240 4241 4337
f 4241 4240 4375
f 4240 4239 4375
f 4239 4238 4375
f 4238 4237 4375
f 4236 4235 4375
f 4237 4236 4375
f 4235 4234 4375
f 4234 4233 4375
f 4233 4232 4375
f 4219 4218 4375
f 4239 4240 4328
f 4238 4239 4327
f 4237 4238 4325
f 4235 4236 4323
f 4236 4237 4326
f 4234 4235 4324
f 4233 4234 4321
f 4232 4233 4344
f 4301 4200 4290
f 4264 4188 4265
f 4210 4209 4375
f 4209 4208 4375
f 4208 4207 4375
f 4207 4206 4375
f 4209 4210 4369
f 4208 4209 4368
f 4207 4208 4367
f 4206 4207 4355
f 4265 4197 4271
f 4210 4211 4371
f 4266 4187 4264
f 4271 4184 4270
f 4270 4185 4269
f 4269 4182 4268
f 4272 4183 4267
f 4267 4181 4273
f 4268 4183 4272
f 4261 4190 4262
f 4263 4196 4261
f 4215 4216 4361
f 4218 4217 4375
f 4223 4224 4350
f 4220 4223 4354
f 4218 4219 4347
f 4217 4218 4353
f 4219 4220 4348
f 4217 4216 4375
f 4216 4215 4375
f 4216 4217 4365
f 4182 4183 4268
f 4215 4214 4375
f 4214 4213 4375
f 4213 4212 4375
f 4212 4211 4375
f 4214 4215 4364
f 4362 4213 4214
f 4212 4213 4362
f 4211 4212 4363
f 4211 4210 4375
f 4123 4125 4188
f 4120 4119 4192
f 4119 4122 4187
f 4187 4121 4123
f 4122 4121 4187
f 4115 4116 4191
f 4117 4118 4194
f 4116 4117 4193
f 4118 4120 4194
f 4126 4124 4198
f 4130 4131 4183
f 4125 4127 4197
f 4127 4126 4198
f 4112 4111 4195
f 4114 4115 4190
f 4113 4114 4196
f 4111 4113 4195
f 4110 4112 4195
f 4109 4110 4195
f 4131 4132 4180
f 4179 4134 4135
f 4165 4142 4164
f 4164 4135 4163
f 4163 4121 4162
f 4167 4144 4157
f 4157 4145 4156
f 4142 4143 4171
f 4176 4138 4140
f 4137 4178 4136
f 4179 4135 4136
f 4143 4142 4165
f 4133 4134 4179
f 4137 4138 4176
f 4140 4139 4170
f 4139 4141 4173
f 4141 4142 4173
f 4185 4128 4129
f 4180 4132 4133
f 4124 4128 4185
f 4130 4183 4129
f 4124 4126 4135
f 4119 4162 4122
f 4119 4111 4162
f 4111 4110 4162
f 4135 4132 4131
f 4133 4135 4134
f 4132 4135 4133
f 4130 4135 4131
f 4129 4135 4130
f 4135 4128 4124
f 4122 4162 4121
f 4128 4135 4129
f 4116 4111 4117
f 4111 4118 4117
f 4111 4120 4118
f 4111 4119 4120
f 4115 4111 4116
f 4114 4111 4115
f 4111 4114 4113
f 4110 4111 4112
f 4139 4164 4141
f 4143 4144 4167
f 4156 4148 4149
f 4156 4147 4148
f 4144 4145 4157
f 4146 4156 4145
f 4146 4147 4156
f 3790 4109 4189
f 4141 4164 4142
f 4164 4139 4140
f 4144 4143 4165
f 4138 4164 4140
f 4137 4164 4138
f 4136 4164 4137
f 4164 4136 4135
f 4135 4126 4163
f 4127 4163 4126
f 4125 4163 4127
f 4123 4163 4125
f 4121 4163 4123
f 4150 4151 4307
f 4158 4159 4310
f 4159 4160 4312
f 4155 4158 4305
f 4154 4155 4304
f 4153 4154 4303
f 4157 4156 4284
f 4156 4149 4287
f 4152 4153 4302
f 4151 4152 4308
f 4160 4161 4289
f 4149 4150 4287
f 4172 4165 4174
f 4169 4165 4172
f 4168 4165 4169
f 4161 4165 4168
f 4186 4119 4187
f 4192 4119 4186
f 4187 4123 4188
f 4188 4125 4197
f 4176 4170 4279
f 4183 4181 4267
f 4181 4180 4273
f 4192 4186 4259
f 4186 4187 4257
f 4187 4188 4264
f 4180 4179 4274
f 4179 4178 4277
f 4178 4177 4276
f 4177 4176 4275
f 4197 4127 4198
f 4173 4279 4170
f 3896 4189 4253
f 4172 4174 4300
f 4169 4172 4299
f 4168 4169 4294
f 4171 4167 4283
f 4161 4168 4291
f 4167 4166 4284
f 4166 4157 4284
f 4153 4165 4154
f 4170 4139 4173
f 4173 4142 4171
f 3896 3790 4189
f 4375 4951 5989
f 4160 4165 4161
f 4159 4165 4160
f 4158 4165 4159
f 4155 4165 4158
f 4154 4165 4155
f 4178 4137 4177
f 4152 4165 4153
f 4151 4165 4152
f 4150 4165 4151
f 4149 4165 4150
f 4149 4148 4165
f 4148 4147 4165
f 4146 4145 4165
f 4147 4146 4165
f 4145 4144 4165
f 4189 4109 4195
f 4198 4124 4184
f 4124 4185 4184
f 4185 4129 4182
f 4191 4116 4193
f 4193 4117 4194
f 4194 4120 4192
f 4195 4113 4196
f 4190 4115 4191
f 4196 4114 4190
f 4740 4734 4735
f 4167 4157 4166
f 4171 4143 4167
f 4183 4131 4181
f 4131 4180 4181
f 4129 4183 4182
f 4180 4133 4179
f 4179 4136 4178
f 4177 4137 4176
f 4176 4140 4170
f 5994 5084 5083
f 6007 5019 5020
f 5992 5991 4996
f 4969 5991 5990
f 5995 5088 5089
f 5995 5086 5088
f 5994 5097 5098
f 5096 5994 5098
f 5994 5095 5099
f 5994 5096 5095
f 5994 5083 5085
f 6008 5020 5021
f 5994 5090 5084
f 5085 5097 5994
f 5994 5079 5078
f 5994 5094 5079
f 5094 5994 5099
f 5082 5994 5078
f 5076 5994 5080
f 5082 5081 5994
f 5994 5081 5080
f 4377 5110 5107
f 5103 5122 5105
f 5112 4378 5127
f 5102 5119 5103
f 5101 5104 5124
f 5118 5127 4426
f 5100 5108 5102
f 5100 5101 5116
f 5107 5118 4377
f 5110 4378 5112
f 5073 5994 5076
f 5106 5989 4376
f 5994 5068 5993
f 6018 5092 5091
f 6016 5091 5090
f 6017 5089 5092
f 6022 4954 5077
f 5077 4953 6022
f 5044 5990 5993
f 6008 5021 5022
f 5046 5045 5993
f 5055 5054 5993
f 5054 5053 5993
f 5053 5052 5993
f 5052 5051 5993
f 5051 5050 5993
f 5050 5049 5993
f 5049 5048 5993
f 5048 5047 5993
f 5047 5046 5993
f 5056 5055 5993
f 5045 5044 5993
f 5044 5043 5990
f 5043 5042 5990
f 5042 5041 5990
f 5041 5040 5990
f 5087 5086 5995
f 5093 5087 5995
f 5995 5037 5093
f 5995 5036 5037
f 5993 5066 5065
f 5994 5072 5071
f 5072 5994 5073
f 5071 5075 5994
f 5074 5994 5075
f 5070 5994 5074
f 5069 5994 5070
f 5068 5994 5069
f 5067 5993 5068
f 5066 5993 5067
f 5105 5126 5104
f 5065 5064 5993
f 5064 5063 5993
f 5063 5062 5993
f 5062 5061 5993
f 5061 5060 5993
f 5060 5059 5993
f 5059 5058 5993
f 5058 5057 5993
f 5057 5056 5993
f 5395 5375 4786
f 5389 5388 4785
f 5390 4785 5388
f 5386 5385 4785
f 5390 5386 4785
f 4785 5387 5389
f 5394 5387 4785
f 4785 5393 5394
f 4785 5376 5382
f 5397 5396 4785
f 5392 4786 5391
f 5202 4766 5203
f 5201 4766 5202
f 5200 4766 5201
f 5199 4763 5200
f 5198 4763 5199
f 5197 4763 5198
f 5196 4763 5197
f 5195 4763 5196
f 5168 4760 5195
f 5385 5378 4785
f 5398 4785 5380
f 5399 4785 5398
f 5399 5397 4785
f 5371 5369 4786
f 5374 4786 5373
f 5374 5372 4786
f 5372 5371 4786
f 5375 5373 4786
f 5370 4786 5369
f 5167 4760 5168
f 5378 5377 4785
f 5379 4785 5377
f 5379 5376 4785
f 5384 5381 4785
f 5383 4785 5382
f 5381 5380 4785
f 4785 5383 5384
f 5393 4785 5392
f 5391 4786 5370
f 5100 5114 5113
f 5105 5122 5123
f 5122 5103 5121
f 5103 5120 5121
f 5103 5119 5120
f 5119 5102 5111
f 5117 5101 5124
f 5116 5101 5117
f 5115 5100 5116
f 5114 5100 5115
f 5124 5104 5126
f 5108 5100 5113
f 5119 5110 5112
f 5111 5110 5119
f 5109 5108 5110
f 5111 5109 5110
f 5110 5113 5107
f 5106 4067 5989
f 5102 5109 5111
f 5102 5108 5109
f 5119 5112 5120
f 5395 4625 5368
f 5127 5124 5126
f 5126 5125 5127
f 5125 5123 5127
f 5123 5122 5127
f 5127 5118 5124
f 5122 5121 5127
f 5121 5112 5127
f 5121 5120 5112
f 5995 5035 5036
f 5118 5117 5124
f 5118 5116 5117
f 5118 5115 5116
f 5113 5110 5108
f 5118 5114 5115
f 5118 5113 5114
f 5118 5107 5113
f 5126 5105 5125
f 5105 5123 5125
f 5088 5062 5074
f 5079 5095 5081
f 5078 5079 5081
f 5088 5074 5081
f 9754 4835 5077
f 5075 5072 5074
f 5076 5072 5073
f 5074 5076 5081
f 5076 5074 5072
f 5075 5071 5072
f 5081 5076 5080
f 5074 5069 5070
f 5074 5065 5069
f 5069 5067 5068
f 5065 5067 5069
f 5074 5062 5065
f 5065 5066 5067
f 5064 5065 5062
f 5062 5063 5064
f 5062 5059 5061
f 5092 5088 5091
f 5999 4952 4954
f 5997 4953 4952
f 5099 5095 5094
f 5097 5085 5098
f 5095 5096 5098
f 5095 5088 5081
f 5095 5079 5094
f 5088 5083 5091
f 5091 5083 5090
f 5088 5040 5062
f 5088 5092 5089
f 5093 5088 5086
f 5086 5087 5093
f 5034 5088 5093
f 5083 5098 5085
f 5098 5088 5095
f 5088 5098 5083
f 5084 5090 5083
f 5081 5082 5078
f 5030 5032 5031
f 5040 4988 5039
f 4988 5038 5039
f 5040 4987 4988
f 5037 5035 5093
f 5035 5037 5036
f 5034 5093 5035
f 5034 5030 5088
f 5032 5034 5033
f 5032 5030 5034
f 5041 5042 5043
f 5029 5026 5030
f 5027 5029 5028
f 5030 5023 5088
f 5026 5029 5027
f 5026 5023 5030
f 5024 5026 5025
f 5023 5026 5024
f 5021 5023 5022
f 5020 5023 5021
f 5052 5049 5051
f 5059 5060 5061
f 5062 5058 5059
f 5062 5052 5058
f 5058 5056 5057
f 5058 5054 5056
f 5058 5053 5054
f 5054 5055 5056
f 5052 5053 5058
f 5062 5040 5052
f 4967 4964 5991
f 5049 5050 5051
f 5052 5048 5049
f 5052 5046 5048
f 5046 5047 5048
f 5040 5046 5052
f 5046 5043 5045
f 5043 5044 5045
f 5046 5041 5043
f 5040 5041 5046
f 5992 5002 5003
f 5992 5011 5012
f 5992 5010 5011
f 5992 5009 5010
f 5992 5008 5009
f 5992 5007 5008
f 5992 5006 5007
f 5992 5005 5006
f 5992 5004 5005
f 5992 5003 5004
f 5992 5012 5013
f 5992 5001 5002
f 5992 5000 5001
f 5992 4999 5000
f 5992 4998 4999
f 5992 4997 4998
f 4996 4997 5992
f 4972 4971 5990
f 4971 4969 5990
f 5040 5039 5990
f 5995 5025 5026
f 5995 5034 5035
f 5995 5033 5034
f 5995 5032 5033
f 5995 5031 5032
f 5995 5030 5031
f 5995 5029 5030
f 5995 5028 5029
f 5995 5027 5028
f 5995 5026 5027
f 5039 5038 5990
f 5995 5024 5025
f 5995 5023 5024
f 5995 5022 5023
f 5992 5018 5019
f 5992 5017 5018
f 5992 5016 5017
f 5992 5015 5016
f 5992 5014 5015
f 5992 5013 5014
f 4959 4963 5991
f 4969 4970 5991
f 4973 4955 5991
f 4970 4973 5991
f 4958 4957 5991
f 4960 4961 5991
f 4961 4958 5991
f 4955 4956 5991
f 4956 4960 5991
f 4957 4959 5991
f 4963 4962 5991
f 5991 4995 4996
f 4994 4995 5991
f 4993 4994 5991
f 5991 4992 4993
f 5991 4991 4992
f 5991 4990 4991
f 4989 4990 5991
f 4968 4989 5991
f 5991 4964 4968
f 4980 4979 5990
f 5038 4988 5990
f 4988 4987 5990
f 4987 4986 5990
f 4986 4985 5990
f 4985 4984 5990
f 4984 4983 5990
f 4983 4982 5990
f 4982 4981 5990
f 4981 4980 5990
f 5396 5325 4785
f 4979 4975 5990
f 4975 4974 5990
f 4976 4978 5990
f 4974 4976 5990
f 4978 4977 5990
f 4977 4972 5990
f 5991 4966 4967
f 4965 4966 5991
f 5991 4962 4965
f 5694 4720 5834
f 4881 5286 5287
f 5285 4871 5284
f 4871 5283 5284
f 5286 4871 5285
f 5281 4871 5280
f 5282 5283 4871
f 4871 5281 5282
f 5279 5280 4871
f 5278 5279 4871
f 5277 5278 4871
f 5287 5288 4881
f 5276 5277 4871
f 5276 4869 5275
f 5274 5275 4869
f 5273 5274 4869
f 5272 5273 4869
f 5272 4867 5271
f 5270 5271 4867
f 5270 4866 5241
f 5240 5241 4866
f 5615 5695 4720
f 5133 5132 5425
f 5132 5131 5421
f 5136 5138 5413
f 5154 5135 5153
f 5129 5136 5415
f 5131 5128 5421
f 5128 5129 5416
f 5152 5234 5235
f 5147 5148 5149
f 5239 5240 4866
f 5142 5144 5145
f 5141 5148 5147
f 5141 5142 5143
f 5834 4720 5835
f 5293 4881 5292
f 4881 5291 5292
f 5289 4881 5288
f 4881 5290 5291
f 4881 5289 5290
f 5667 5666 4720
f 5676 4720 5677
f 4720 5676 5675
f 4720 5683 5678
f 4720 5682 5683
f 4720 5681 5682
f 4720 5680 5681
f 5664 4720 5665
f 4720 5664 5613
f 5665 4720 5666
f 5677 4720 5678
f 5668 5667 4720
f 5612 5611 4720
f 5614 5612 4720
f 5613 5614 4720
f 5611 5608 4720
f 5610 5609 4720
f 5608 5610 4720
f 5605 5603 4720
f 5607 5606 4720
f 5680 4720 5684
f 5691 4720 5693
f 5679 4720 5689
f 4720 5687 5689
f 4720 5688 5687
f 4720 5686 5688
f 4720 5690 5686
f 4720 5692 5690
f 5691 5692 4720
f 5685 4720 5679
f 5155 5154 5153
f 4720 5685 5684
f 4720 5694 5693
f 5671 4720 5673
f 5672 5673 4720
f 5670 5672 4720
f 5669 5670 4720
f 4720 5674 5669
f 4720 5671 5668
f 4720 5675 5674
f 5178 5173 5449
f 5184 5183 5455
f 5183 5182 5454
f 5434 5157 5433
f 5433 5156 5431
f 5181 5179 5453
f 5182 5181 5456
f 5179 5180 5452
f 5180 5178 5451
f 5173 5172 5448
f 5185 5184 5458
f 5172 5171 5446
f 5171 5170 5445
f 5170 5177 5444
f 5177 5176 5443
f 5166 5405 5406
f 5404 5411 5165
f 5406 5404 5165
f 5411 5410 5164
f 5412 5163 5410
f 5428 5153 5427
f 5174 5439 5441
f 5439 5160 5438
f 5436 5435 5159
f 5437 5158 5434
f 5437 5436 5158
f 5432 5431 5155
f 5155 5429 5432
f 5430 5429 5155
f 5155 5428 5430
f 5412 5400 5162
f 5194 5193 5467
f 5193 5192 5466
f 5189 5188 5460
f 5191 5190 5463
f 5188 5187 5461
f 5190 5189 5464
f 5187 5186 5462
f 5186 5185 5457
f 5192 5191 5468
f 5163 5164 5410
f 5157 5156 5433
f 5156 5155 5431
f 5416 5129 5415
f 5418 5415 5136
f 5414 5136 5413
f 5136 5414 5418
f 5421 5128 5423
f 5417 5423 5128
f 5416 5417 5128
f 5175 5174 5176
f 5168 5195 5169
f 5162 5163 5412
f 5155 5153 5428
f 5153 5135 5427
f 5161 5162 5402
f 5140 5161 5403
f 5135 5134 5471
f 5134 5133 5470
f 5138 5140 5424
f 5176 5174 5440
f 5402 5162 5400
f 5403 5161 5401
f 5402 5401 5161
f 5426 5427 5135
f 5472 5426 5135
f 5135 5471 5472
f 5471 5134 5470
f 5160 5159 5435
f 5159 5158 5436
f 5609 5607 4720
f 5174 5160 5439
f 5403 5424 5140
f 5424 5413 5138
f 5420 5132 5419
f 5425 5132 5420
f 5422 5419 5132
f 5132 5421 5422
f 5470 5133 5425
f 5158 5157 5434
f 4766 5205 5204
f 5219 4770 5218
f 5216 4768 5217
f 5213 4768 5214
f 4768 5215 5214
f 4768 5216 5215
f 5211 4768 5213
f 5209 4768 5212
f 4768 5211 5212
f 5203 4766 5204
f 5218 4770 5221
f 5210 4768 5209
f 5208 4766 5210
f 5207 4766 5208
f 4766 5207 5205
f 5366 4788 5365
f 5364 4787 5360
f 4788 5366 5367
f 4788 5364 5365
f 5362 5360 4787
f 4675 5177 5170
f 4677 5183 5184
f 4677 5182 5183
f 4677 5179 5181
f 4677 5180 5179
f 4677 5178 5180
f 4677 5173 5178
f 4677 5172 5173
f 4677 5171 5172
f 5171 4675 5170
f 4787 5361 5362
f 4675 5176 5177
f 4675 5175 5176
f 5175 4673 5174
f 4673 5160 5174
f 5222 4770 5224
f 5220 4770 5223
f 4770 5222 5223
f 5221 4770 5220
f 5217 4768 5219
f 4785 5344 5353
f 5339 5338 4785
f 5344 4785 5343
f 5338 5337 4785
f 4785 5341 5342
f 4785 5334 5339
f 5335 5334 4785
f 4785 5337 5340
f 4785 5333 5335
f 4785 5329 5336
f 5343 4785 5342
f 5332 5329 4785
f 5326 4785 5325
f 5324 4785 5322
f 5323 5322 4785
f 5330 4785 5327
f 5326 5323 4785
f 5328 5327 4785
f 4785 5324 5328
f 5330 5331 4785
f 5363 4785 5356
f 5359 4785 5345
f 5350 5347 4785
f 5353 5351 4785
f 5349 5348 4785
f 5347 5346 4785
f 5354 5349 4785
f 5352 4785 5351
f 5346 5345 4785
f 5356 4785 5355
f 5182 4677 5181
f 5357 5355 4785
f 5363 5361 4785
f 4785 5352 5354
f 5359 5358 4785
f 4785 5348 5350
f 5358 5357 4785
f 5332 4785 5331
f 5341 4785 5340
f 5336 5333 4785
f 5591 5589 4720
f 5593 5592 4720
f 4720 5594 5595
f 5592 5590 4720
f 5597 5596 4720
f 5632 4720 5631
f 5632 5625 4720
f 5625 5623 4720
f 5623 5622 4720
f 5589 5631 4720
f 5596 5594 4720
f 5590 5591 4720
f 5624 4720 5622
f 4720 5624 5626
f 5615 4720 5616
f 5260 4742 5194
f 5267 4684 5266
f 4684 5265 5266
f 5269 5258 4684
f 5259 4684 5258
f 5619 5617 4720
f 5606 5605 4720
f 5598 5597 4720
f 5599 5598 4720
f 5600 5599 4720
f 5603 5602 4720
f 5602 5601 4720
f 5604 5600 4720
f 5601 5604 4720
f 5618 4720 5617
f 4684 5268 5269
f 5627 5619 4720
f 5628 5627 4720
f 5629 5628 4720
f 5630 5629 4720
f 5618 5616 4720
f 5621 5620 4720
f 5620 5630 4720
f 5626 5621 4720
f 5595 5593 4720
f 5193 5194 4742
f 5249 5248 4689
f 5248 5233 4689
f 5695 5513 4625
f 5138 5139 5140
f 5137 5138 5136
f 5132 5130 5131
f 5130 5128 5131
f 5128 5136 5129
f 5513 5368 4625
f 5250 5249 4689
f 5189 4680 5188
f 5190 4680 5189
f 5191 4680 5190
f 5192 4680 5191
f 5193 4680 5192
f 5187 5188 4680
f 4680 5186 5187
f 4680 5185 5186
f 5185 4677 5184
f 5261 4682 5260
f 4684 5267 5268
f 5257 5254 4684
f 5259 5256 4684
f 4684 5256 5257
f 5252 4686 5255
f 4686 5254 5255
f 5252 5247 4686
f 5247 5246 4686
f 5263 4682 5262
f 5020 5017 5023
f 4682 5261 5262
f 5265 4682 5264
f 4682 5263 5264
f 5244 5243 4686
f 5243 5242 4686
f 5245 5244 4686
f 5246 5245 4686
f 5251 4686 5242
f 5251 5250 4689
f 4922 4927 4926
f 4932 4848 4934
f 4930 4848 4932
f 4928 4953 4835
f 4900 4922 4926
f 4925 4921 4924
f 4922 4918 4924
f 4925 4924 4923
f 4920 4921 4925
f 4922 4924 4921
f 4927 4922 4919
f 4931 4930 4932
f 4900 4918 4922
f 4917 4913 4916
f 4918 4912 4917
f 4918 4917 4915
f 4917 4910 4913
f 4913 4910 4914
f 4910 4912 4914
f 4903 4912 4918
f 4910 4917 4912
f 4940 4939 4941
f 4628 4646 5128
f 4627 4629 5128
f 4630 4632 5128
f 4949 4948 4950
f 4947 4945 4948
f 4946 4944 4945
f 4947 4946 4945
f 4942 4941 4943
f 4944 4943 4941
f 4912 4903 4911
f 4944 4934 4945
f 4941 4939 4944
f 4939 4936 4944
f 4936 4934 4944
f 4938 4937 4936
f 4939 4938 4936
f 4937 4935 4936
f 4935 4934 4936
f 4933 4932 4934
f 4848 4918 4934
f 4885 4893 4945
f 4948 4893 4950
f 4893 4948 4945
f 4892 4888 4890
f 4891 4890 4889
f 4888 4889 4890
f 4888 4887 4889
f 4886 4885 4887
f 4934 4918 4945
f 4885 4945 4887
f 4830 4918 4848
f 4878 4904 4905
f 4883 4884 4872
f 4882 4880 4881
f 4883 4880 4882
f 4883 4871 4880
f 4878 4906 4904
f 4879 4906 4878
f 4883 4878 4903
f 4889 4894 4897
f 4903 4907 4909
f 4903 4908 4907
f 4908 4878 4905
f 4903 4878 4908
f 4905 4904 4906
f 4902 4924 4918
f 4898 4889 4900
f 4900 4899 4898
f 4889 4887 4918
f 5128 4629 4628
f 4897 4891 4889
f 4896 4895 4898
f 4896 4897 4895
f 4895 4894 4898
f 4894 4895 4897
f 4894 4889 4898
f 4887 4945 4918
f 4918 4900 4889
f 4950 4893 4885
f 4672 5160 4673
f 4694 5145 4696
f 4682 5193 4742
f 4679 5193 4682
f 4679 4680 5193
f 4678 5185 4680
f 5185 4678 4677
f 4676 5171 4677
f 4675 5171 4676
f 4673 5175 4675
f 4698 5141 4699
f 4666 5155 4672
f 4667 5155 4666
f 4760 4763 5195
f 4625 5395 4786
f 4758 4760 5167
f 5162 4757 4758
f 4756 4757 5162
f 5140 4755 4756
f 4752 4754 5138
f 4710 5141 4711
f 4716 5141 4717
f 4715 5141 4716
f 4714 5141 4715
f 4713 5141 4714
f 4712 5141 4713
f 4711 5141 4712
f 4692 5226 4693
f 4693 5146 4694
f 5141 4710 4708
f 4754 4755 5140
f 4697 5142 4698
f 4706 5141 4708
f 4705 5141 4706
f 4704 5141 4705
f 4703 5141 4704
f 4702 5141 4703
f 4696 5142 4697
f 4700 5141 4702
f 4699 5141 4700
f 5128 4645 4634
f 5128 4646 4638
f 4638 4639 5128
f 4637 5128 4639
f 5128 4640 4641
f 5128 4749 4750
f 5128 4635 4746
f 4747 5128 4746
f 5128 4748 4749
f 5128 4747 4748
f 5128 4637 4640
f 5128 4634 4635
f 5128 4644 4645
f 4642 4644 5128
f 4626 4630 5128
f 5128 4657 4626
f 5128 4662 4658
f 4657 5128 4658
f 5128 4647 4662
f 5128 4632 4627
f 4655 5128 4669
f 4665 5135 4667
f 4664 5135 4665
f 4663 5132 4664
f 4663 4668 5132
f 4670 5132 4668
f 4669 5128 4670
f 4650 5128 4651
f 4648 5128 4650
f 4647 5128 4648
f 4878 4872 4877
f 4655 4656 5128
f 5128 4656 4652
f 4652 4654 5128
f 5128 4649 4651
f 4654 4649 5128
f 5136 4751 4752
f 4750 4751 5136
f 5128 4636 4642
f 5128 4641 4636
f 4780 4784 4782
f 4793 4792 4789
f 4791 4789 4792
f 4645 4675 4830
f 4788 4785 4787
f 4767 4799 4780
f 4789 4780 4793
f 4783 4782 4789
f 4789 4782 4784
f 4784 4780 4789
f 4793 4780 4799
f 4781 4780 4782
f 4780 4778 4779
f 4778 4777 4779
f 4779 4776 4780
f 4776 4775 4780
f 4777 4776 4779
f 4771 4780 4775
f 4775 4774 4773
f 4761 4799 4767
f 4804 4803 4799
f 4809 4808 4810
f 4808 4807 4810
f 4807 4799 4813
f 4807 4806 4804
f 4805 4804 4806
f 4804 4799 4807
f 4645 4830 4799
f 4802 4799 4803
f 4803 4800 4802
f 4773 4772 4775
f 4800 4801 4802
f 4800 4799 4801
f 4799 4802 4801
f 4797 4796 4799
f 4798 4797 4799
f 4796 4794 4799
f 4797 4795 4796
f 4794 4793 4799
f 4795 4794 4796
f 4748 4746 4753
f 4758 4757 4759
f 4757 4755 4761
f 4757 4756 4755
f 4754 4752 4753
f 4753 4645 4761
f 4751 4750 4752
f 4752 4748 4753
f 4750 4748 4752
f 4746 4645 4753
f 4760 4758 4759
f 4749 4748 4750
f 4748 4747 4746
f 4786 4785 4625
f 4740 4741 4851
f 4740 4737 4738
f 4738 4739 4740
f 4737 4739 4738
f 4740 4735 4737
f 4737 4736 4739
f 4764 4761 4767
f 4772 4771 4775
f 4780 4771 4767
f 4799 4761 4645
f 4770 4769 4771
f 4769 4767 4771
f 4769 4768 4767
f 4768 4766 4767
f 4765 4764 4767
f 4766 4765 4767
f 4810 4807 4813
f 4765 4763 4764
f 4762 4764 4763
f 4762 4761 4764
f 4760 4761 4762
f 4760 4759 4761
f 4763 4760 4762
f 4755 4753 4761
f 4755 4754 4753
f 4759 4757 4761
f 4853 4740 4852
f 4863 4855 4860
f 4860 4858 4859
f 4860 4857 4858
f 4857 4859 4858
f 4855 4857 4860
f 4853 4855 4863
f 4855 4856 4857
f 4853 4854 4855
f 4716 4853 4883
f 4860 4861 4862
f 4851 4852 4740
f 4918 4675 4716
f 4830 4675 4918
f 4930 4929 4848
f 4850 4849 4929
f 4849 4848 4929
f 4847 4846 4848
f 4846 4844 4848
f 4845 4844 4846
f 4868 4867 4869
f 4877 4874 4876
f 4877 4873 4874
f 4874 4873 4875
f 4873 4877 4872
f 4878 4883 4872
f 4883 4863 4871
f 4918 4716 4903
f 4870 4865 4868
f 4868 4869 4870
f 4842 4841 4843
f 4863 4870 4871
f 4865 4867 4868
f 4865 4866 4867
f 4865 4870 4863
f 4863 4866 4865
f 4883 4903 4716
f 4863 4864 4866
f 4853 4863 4883
f 4863 4860 4862
f 4816 4813 4824
f 4824 4823 4822
f 4822 4819 4824
f 4820 4819 4822
f 4821 4820 4822
f 4819 4816 4824
f 4820 4818 4819
f 4824 4799 4830
f 4818 4816 4819
f 4817 4816 4818
f 4825 4824 4826
f 4815 4814 4816
f 4815 4812 4814
f 4814 4813 4816
f 4812 4813 4814
f 4812 4811 4813
f 4812 4809 4811
f 4811 4810 4813
f 4809 4810 4811
f 4813 4799 4824
f 4928 4835 4834
f 4844 4843 4841
f 4844 4830 4848
f 4841 4839 4844
f 4841 4840 4839
f 4839 4837 4844
f 4840 4838 4839
f 4838 4837 4839
f 4838 4836 4837
f 4837 4830 4844
f 4717 5141 4718
f 4834 4835 4745
f 4836 4831 4837
f 4836 4833 4831
f 4832 4831 4833
f 4831 4830 4837
f 4829 4828 4830
f 4828 4827 4830
f 4827 4826 4830
f 4826 4824 4830
f 4846 4847 5821
f 5310 5309 4905
f 5309 5295 4908
f 5848 4883 4901
f 5859 4872 4884
f 5854 4884 4883
f 5293 4901 4883
f 4885 5934 4950
f 4849 4850 5829
f 4848 4849 5827
f 4847 4848 5825
f 4850 4929 5830
f 4845 4846 5820
f 4844 4845 5818
f 4843 4844 5816
f 4842 4843 5812
f 4840 4841 5809
f 4841 4842 5810
f 4838 4840 5805
f 4836 4838 5804
f 5802 4833 4836
f 4940 5963 4939
f 4950 5987 4949
f 4949 5984 4948
f 4948 5983 4947
f 4946 5976 4944
f 4947 5979 4946
f 4943 4944 5972
f 4943 5969 4942
f 4941 5965 4940
f 4942 5968 4941
f 5296 4794 5294
f 4938 5961 4937
f 4939 5962 4938
f 4937 5959 4935
f 4935 5958 4934
f 4934 5957 4933
f 4933 5956 4932
f 4932 5952 4931
f 4931 5950 4930
f 4929 4930 5946
f 4922 4921 5295
f 4918 4915 5295
f 4902 4918 5295
f 4924 4902 5295
f 4923 4924 5295
f 4919 4922 5295
f 5295 4900 4926
f 4927 4919 5295
f 5295 4926 4927
f 4921 4920 5295
f 4925 4923 5295
f 4920 4925 5295
f 4899 4900 5295
f 4908 4905 5309
f 5295 4917 4916
f 4915 4917 5295
f 4916 4913 5295
f 4913 4914 5295
f 4914 4912 5295
f 5295 4903 4909
f 5988 4720 4928
f 4832 4833 5802
f 4790 4770 5709
f 5704 4775 4776
f 5719 4773 4774
f 4772 4773 5719
f 5709 4771 4772
f 4770 4771 5709
f 4770 4790 5224
f 4834 5988 4928
f 4378 8670 4524
f 5295 4898 4899
f 5295 4896 4898
f 5295 4897 4896
f 5320 4877 4876
f 4876 4874 5320
f 5317 4878 4877
f 5313 4879 4878
f 5312 4906 4879
f 4905 4906 5310
f 4992 4990 4993
f 5002 4999 5004
f 5000 5002 5001
f 4999 5002 5000
f 4997 4999 4998
f 4997 4993 4999
f 4995 4997 4996
f 4997 4995 4993
f 4993 4990 4999
f 4993 4995 4994
f 5002 5004 5003
f 4990 4992 4991
f 4989 4964 4990
f 4978 5040 5088
f 5040 4979 4987
f 4987 4984 4986
f 4984 4985 4986
f 4987 4982 4984
f 4978 4979 5040
f 4982 4983 4984
f 5009 5012 5010
f 5019 5017 5020
f 5017 5014 5023
f 5017 5019 5018
f 5014 5012 5023
f 5016 5014 5017
f 5014 5016 5015
f 5012 5006 5023
f 5012 5014 5013
f 5010 5012 5011
f 4979 4982 4987
f 5006 4999 5023
f 5009 5006 5012
f 5008 5006 5009
f 5006 5008 5007
f 5004 5006 5005
f 5023 4978 5088
f 5023 4990 4978
f 4999 4990 5023
f 5004 4999 5006
f 4720 4952 4928
f 4960 4958 4961
f 4957 4956 4973
f 4956 4957 4960
f 4960 4957 4958
f 4956 4955 4973
f 9754 4744 4835
f 9115 4954 4426
f 4953 5077 4835
f 4953 4928 4952
f 4957 4978 4990
f 4952 4720 4954
f 4426 4524 9115
f 4954 4720 4426
f 5989 4951 4376
f 4524 8670 9115
f 8825 8670 4378
f 7924 4743 4744
f 4951 8825 4378
f 4951 3172 8825
f 4971 4970 4969
f 4982 4980 4981
f 4979 4980 4982
f 4975 4978 4976
f 4978 4975 4979
f 4976 4974 4975
f 4978 4957 4973
f 4978 4973 4977
f 4977 4971 4972
f 4973 4971 4977
f 4909 4907 5295
f 4970 4971 4973
f 4964 4989 4968
f 4967 4990 4964
f 4990 4967 4957
f 4965 4967 4966
f 4965 4963 4967
f 4959 4967 4963
f 4957 4967 4959
f 4962 4963 4965
f 5162 4758 5163
f 4672 5156 5157
f 4672 5155 5156
f 5155 4667 5154
f 4667 5135 5154
f 5135 4664 5134
f 5166 4758 5167
f 5165 4758 5166
f 5164 4758 5165
f 5163 4758 5164
f 4672 5157 5158
f 5161 4756 5162
f 5140 4756 5161
f 5139 4754 5140
f 5138 4754 5139
f 5137 4752 5138
f 5136 4752 5137
f 4670 5128 5130
f 5128 4750 5136
f 4867 4866 5270
f 5226 5225 4693
f 5149 4857 5147
f 5145 5144 4696
f 5233 5232 4691
f 5232 5231 4691
f 5231 5230 4691
f 5230 5228 4692
f 5228 5229 4692
f 5229 5227 4692
f 5227 5226 4692
f 4864 4863 5238
f 5225 5146 4693
f 4857 5141 5147
f 5144 5142 4696
f 5142 5141 4698
f 5134 4664 5133
f 4664 5132 5133
f 5132 4670 5130
f 5160 4672 5159
f 4672 5158 5159
f 4731 5141 4732
f 4852 5141 4853
f 4851 5141 4852
f 4741 5141 4851
f 4740 5141 4741
f 4739 5141 4740
f 4736 5141 4739
f 4733 5141 4736
f 4732 5141 4733
f 5141 4731 4729
f 4854 4853 5141
f 4727 5141 4729
f 4726 5141 4727
f 4725 5141 4726
f 4724 5141 4725
f 4723 5141 4724
f 4722 5141 4723
f 5141 4721 4719
f 4721 5141 4722
f 4718 5141 4719
f 4684 5254 4686
f 4866 4864 5238
f 4863 4862 5235
f 4862 4861 5235
f 4682 4742 5260
f 4688 5251 4689
f 4687 5251 4688
f 4690 5233 4691
f 4689 5233 4690
f 4691 5230 4692
f 5146 5145 4694
f 4682 5265 4684
f 4686 5251 4687
f 4625 4720 5695
f 4861 4860 5149
f 4860 4859 5149
f 4859 4857 5149
f 4857 4856 5141
f 4856 4855 5141
f 4855 4854 5141
f 4823 4824 5294
f 4788 5803 4834
f 5294 4831 4832
f 5294 4830 4831
f 5294 4829 4830
f 5294 4828 4829
f 5294 4827 4828
f 5294 4825 4826
f 4826 4827 5294
f 5294 4824 4825
f 4885 4886 5295
f 5294 4822 4823
f 5294 4821 4822
f 5294 4815 4816
f 5294 4812 4815
f 5308 4778 4780
f 4777 4778 5308
f 5303 4781 4782
f 4780 4781 5303
f 5296 4793 4794
f 4875 4873 5842
f 4907 4908 5295
f 4912 4911 5295
f 4911 4903 5295
f 4873 4872 5842
f 4882 4881 5293
f 4883 4882 5293
f 4881 4880 5286
f 4880 4871 5286
f 4871 4870 5276
f 5304 4783 4789
f 5842 4874 4875
f 4870 4869 5276
f 4869 4867 5272
f 5295 4891 4897
f 5295 4890 4891
f 5295 4888 4892
f 5295 4892 4890
f 5295 4887 4888
f 5295 4886 4887
f 4785 5361 4787
f 4794 4795 5294
f 4774 4775 5704
f 4776 4777 5701
f 5219 4769 4770
f 4768 4769 5219
f 4766 4768 5210
f 5200 4765 4766
f 4763 4765 5200
f 4787 5364 4788
f 5294 4795 4797
f 4785 4786 5392
f 4866 5238 5239
f 5238 4863 5237
f 5236 5237 4863
f 4863 5235 5236
f 5235 4861 5152
f 5151 5152 4861
f 5150 5151 4861
f 5149 5150 4861
f 5294 4808 4809
f 4782 4783 5304
f 5296 4792 4793
f 5296 4791 4792
f 4789 4791 5296
f 5294 4820 4821
f 5294 4818 4820
f 5294 4817 4818
f 4816 4817 5294
f 5294 4809 4812
f 2822 2820 2847
f 5294 4807 4808
f 5294 4806 4807
f 5294 4805 4806
f 5294 4804 4805
f 5294 4803 4804
f 5294 4800 4803
f 5294 4799 4800
f 5294 4798 4799
f 5294 4797 4798
f 3285 3284 3239
f 3377 3237 3279
f 3278 3242 3276
f 3290 3277 3242
f 3277 3276 3242
f 3279 3242 3278
f 3289 3288 3240
f 3289 3241 3286
f 3287 3286 3241
f 3287 3239 3284
f 3290 3240 3288
f 3307 3310 3172
f 3327 3270 3268
f 3302 3246 3245
f 3272 3270 3325
f 3325 3271 3272
f 3324 3273 3271
f 3301 3245 3273
f 3299 3251 3250
f 3298 3250 3249
f 3293 3248 3247
f 3349 3172 3347
f 3266 3336 3267
f 3263 3337 3264
f 3338 3263 2455
f 3265 3328 3266
f 3264 3341 3265
f 2290 3172 4221
f 3352 3172 3351
f 3350 3351 3172
f 3348 3350 3172
f 3292 3247 3251
f 3349 3348 3172
f 3346 3347 3172
f 3345 3172 3343
f 3345 3346 3172
f 3344 3343 3172
f 3310 3344 3172
f 3441 3308 3172
f 3309 3172 3308
f 3309 3307 3172
f 3261 3262 3268
f 3245 3272 3271
f 3272 3268 3270
f 3272 3261 3268
f 3268 3262 3269
f 3267 3255 3265
f 3265 3266 3267
f 2453 3265 3255
f 3265 3263 3264
f 3265 2454 3263
f 3245 3271 3273
f 3261 3256 3260
f 3259 3262 3261
f 3262 3259 3258
f 3272 3255 3261
f 3272 2453 3255
f 3255 3257 3256
f 3256 3261 3255
f 3272 2444 2453
f 3253 3239 3252
f 3335 3257 3255
f 3306 3249 3246
f 3323 3269 3262
f 3322 3268 3269
f 3321 3261 3260
f 3319 3260 3256
f 3318 3259 3261
f 3313 3258 3259
f 3315 3262 3258
f 3311 3256 3257
f 3255 3267 3331
f 3281 3254 3244
f 3282 3253 3254
f 3280 3238 3253
f 3241 3239 3287
f 3242 3240 3290
f 3237 3242 3279
f 3240 3241 3289
f 3283 3239 3238
f 3275 3244 3248
f 3331 3267 3336
f 3293 3291 3310
f 3310 3294 3295
f 3294 3310 3292
f 3307 3274 3293
f 3275 3274 3307
f 3269 3323 3322
f 3334 3257 3335
f 3257 3334 3311
f 3333 3255 3331
f 3310 3291 3292
f 3332 3255 3333
f 3255 3332 3335
f 3330 3266 3328
f 3266 3330 3329
f 3336 3266 3329
f 3341 3264 3342
f 3328 3265 3341
f 3337 3263 3339
f 3340 3263 3338
f 3304 3303 3310
f 3356 4097 3172
f 3353 3172 3352
f 3354 3172 3355
f 3354 3356 3172
f 3353 3355 3172
f 3325 3310 3324
f 3310 3301 3324
f 3310 3300 3301
f 3302 3300 3310
f 3263 3340 3339
f 3303 3302 3310
f 3305 3304 3310
f 3325 3327 3310
f 3310 3295 3299
f 3310 3296 3297
f 3297 3298 3310
f 3299 3296 3310
f 3310 3306 3305
f 3310 3298 3306
f 3295 3251 3299
f 3245 3300 3302
f 3245 3301 3300
f 3239 3283 3285
f 3254 3281 3282
f 3238 3280 3283
f 3253 3282 3280
f 3297 3250 3298
f 3296 3250 3297
f 3249 3306 3298
f 3273 3324 3301
f 3294 3251 3295
f 3250 3296 3299
f 3274 3248 3293
f 3291 3247 3292
f 3247 3291 3293
f 3251 3294 3292
f 3244 3275 3281
f 3248 3274 3275
f 3268 3322 3327
f 3312 3258 3314
f 3342 3264 3337
f 3260 3320 3321
f 3260 3319 3320
f 3259 3317 3313
f 3317 3259 3318
f 3316 3261 3321
f 3261 3316 3318
f 3262 3315 3323
f 3314 3258 3313
f 3252 3254 3253
f 3258 3312 3315
f 3256 3311 3319
f 3270 3327 3325
f 3304 3246 3303
f 3305 3246 3304
f 3246 3302 3303
f 3246 3305 3306
f 3326 3271 3325
f 3271 3326 3324
f 3163 3161 3165
f 3171 3168 3170
f 3169 3168 3171
f 3169 3167 3168
f 3168 3165 3170
f 3168 3163 3165
f 3167 3166 3168
f 3167 3159 3158
f 3158 3166 3167
f 3166 3162 3168
f 3162 3163 3168
f 103 6023 8165
f 3161 3164 3165
f 3161 3160 3164
f 3160 3150 3164
f 3162 3161 3163
f 3154 3161 3162
f 3161 3153 3160
f 3154 3153 3161
f 3159 3156 3158
f 7200 3156 3159
f 2391 3177 3178
f 3186 3185 3195
f 3184 3183 3185
f 3177 3185 3183
f 3182 3177 3183
f 3182 3178 3177
f 3180 3179 3182
f 3179 3178 3182
f 3181 3176 3178
f 3176 3175 3178
f 3162 3166 3158
f 3175 3174 3178
f 3177 2373 3192
f 3174 2391 3178
f 3174 3173 3236
f 3236 3235 3174
f 3235 2391 3174
f 1254 8269 7048
f 3005 6688 4095
f 1249 3005 4094
f 7171 3131 7170
f 3151 3144 3153
f 3145 3153 3144
f 3137 3144 3151
f 3137 3124 3144
f 7198 3141 3143
f 7198 7170 3141
f 3142 3155 3143
f 3141 3142 3143
f 7170 3131 3141
f 3153 3145 3160
f 3140 3142 3141
f 3140 3141 3131
f 3155 3138 3139
f 3142 3138 3155
f 3138 3137 3139
f 3138 3135 3137
f 3142 3140 3138
f 3136 3138 3140
f 3140 3130 3136
f 3152 3151 3153
f 3158 3157 3162
f 7200 7198 3156
f 7198 3143 3156
f 3156 3155 3158
f 3155 3157 3158
f 3143 3155 3156
f 3162 3152 3154
f 3157 3152 3162
f 3152 3153 3154
f 3185 3177 3192
f 3155 3152 3157
f 3155 3139 3152
f 3152 3137 3151
f 3139 3137 3152
f 3160 3148 3150
f 3148 3149 3150
f 3160 3147 3148
f 3160 3146 3147
f 3160 3145 3146
f 3230 3232 3234
f 8825 1254 8634
f 8633 8634 1254
f 1254 7790 8633
f 1254 7048 7790
f 4743 7924 1252
f 3172 1254 8825
f 3498 3172 4951
f 3234 3233 3230
f 3231 3227 3234
f 3357 2444 3272
f 3232 3231 3234
f 3209 3205 3227
f 3231 3229 3227
f 3228 3227 3229
f 3188 3234 3227
f 3375 3226 3223
f 3361 3223 3221
f 3226 3225 3224
f 3226 3221 3223
f 3243 3252 3247
f 3359 3272 3252
f 3252 3243 3254
f 3249 3250 3246
f 3252 3250 3251
f 3247 3252 3251
f 3248 3243 3247
f 3272 3250 3252
f 3250 3245 3246
f 3245 3250 3272
f 3221 3220 3361
f 3243 3248 3244
f 3243 3244 3254
f 3240 3239 3241
f 3359 3252 3240
f 3239 3253 3238
f 3239 3240 3252
f 3237 3240 3242
f 3240 3237 3359
f 3368 3272 3359
f 3195 3185 3192
f 3192 3213 3234
f 3213 2333 3357
f 3200 3198 3202
f 3188 3203 3192
f 3202 3201 3200
f 3199 3198 3200
f 3203 3202 3192
f 3198 3193 3202
f 3193 3192 3202
f 3188 3227 3207
f 3198 3197 3193
f 3197 3194 3193
f 3192 3191 3196
f 3191 3190 3196
f 3196 3195 3192
f 3189 3187 3188
f 3187 3203 3188
f 3204 3203 3187
f 3192 2333 3213
f 3215 3213 3212
f 3224 3221 3226
f 3368 3361 3213
f 3357 3368 3213
f 3224 3222 3221
f 3220 3213 3361
f 3220 3219 3218
f 3218 3217 3216
f 3217 3213 3216
f 3220 3216 3213
f 4097 4098 3172
f 3214 3211 3213
f 3217 3212 3213
f 3213 3211 3234
f 3216 3220 3218
f 3211 3210 3234
f 3207 3227 3205
f 3208 3188 3207
f 3188 3192 3234
f 3207 3206 3208
f 3376 3439 3440
f 3217 3449 3463
f 3473 3214 3448
f 3475 3214 3476
f 3477 3214 3474
f 3214 3473 3476
f 3214 3475 3474
f 3448 3213 3472
f 3492 3230 3494
f 3492 3493 3230
f 3218 3376 3451
f 3217 3461 3459
f 3439 3219 3438
f 3438 3220 3430
f 3419 3224 3413
f 3413 3225 3414
f 3225 3418 3414
f 3416 3225 3415
f 3417 3225 3416
f 3225 3417 3418
f 3435 3220 3431
f 3212 3469 3447
f 3466 3212 3467
f 3446 3212 3447
f 3465 3212 3466
f 3472 3215 3444
f 3468 3212 3465
f 3471 3212 3468
f 3470 3212 3471
f 3469 3212 3470
f 3212 3446 3445
f 3436 3220 3437
f 3212 3455 3467
f 3461 3217 3464
f 3455 3217 3456
f 3462 3217 3463
f 3217 3462 3464
f 3460 3217 3459
f 3217 3458 3456
f 3217 3457 3458
f 3217 3460 3457
f 3394 3364 3391
f 3408 3375 3406
f 3409 3375 3408
f 3375 3409 3407
f 3375 3405 3406
f 3375 3404 3405
f 3400 3362 3397
f 3362 3399 3397
f 3362 3398 3399
f 3393 3364 3390
f 3226 3412 3410
f 3364 3393 3391
f 3395 3361 3396
f 3398 3361 3395
f 3396 3360 3392
f 3360 3394 3392
f 3388 3367 3386
f 3367 3385 3386
f 3385 3368 3384
f 3364 3389 3390
f 3425 3222 3427
f 3220 3432 3431
f 3432 3221 3423
f 3220 3435 3437
f 3433 3220 3434
f 3220 3433 3430
f 3220 3436 3434
f 3420 3222 3419
f 3424 3222 3429
f 3427 3222 3428
f 3444 3212 3445
f 3222 3426 3429
f 3421 3222 3422
f 3222 3421 3428
f 3222 3420 3422
f 3423 3222 3424
f 3222 3425 3426
f 3411 3375 3407
f 3415 3226 3410
f 3412 3226 3411
f 3191 3529 3190
f 3543 2381 3544
f 3541 2381 3543
f 3540 2381 3541
f 2381 3542 3546
f 2381 3545 3544
f 3542 2382 3550
f 2381 3540 3539
f 3535 2380 3538
f 3192 3527 3191
f 2381 3546 3547
f 3190 3528 3196
f 3195 3530 3186
f 3196 3531 3195
f 3517 3185 3186
f 3183 3184 3523
f 3183 3522 3182
f 3184 3185 3517
f 3235 3236 3570
f 3180 3182 3525
f 3553 2383 3548
f 2385 3568 3567
f 3558 2386 3560
f 3561 2386 3559
f 2386 3561 3560
f 2385 3558 3557
f 3564 2384 3565
f 3549 2383 3563
f 2383 3562 3563
f 2383 3564 3562
f 3179 3180 3524
f 3555 2383 3554
f 2383 3553 3554
f 2383 3549 3548
f 3556 2383 3555
f 3550 2383 3551
f 3552 2383 3556
f 2383 3552 3551
f 3538 2381 3539
f 3545 2381 3547
f 3478 3211 3477
f 3233 3487 3488
f 3486 3234 3483
f 3485 3234 3486
f 3233 3485 3487
f 3484 3234 3482
f 3234 3481 3482
f 3234 3484 3483
f 3479 3210 3480
f 3481 3210 3479
f 3494 3233 3488
f 3210 3478 3480
f 3451 3376 3442
f 3376 3443 3442
f 3376 3440 3443
f 3450 3218 3451
f 3452 3218 3450
f 3453 3218 3452
f 3449 3218 3454
f 3218 3453 3454
f 2391 3576 2390
f 3518 3178 3179
f 3178 3518 3181
f 3176 3181 3521
f 3175 3176 3520
f 3174 3175 3533
f 3173 3174 3534
f 3173 3516 3236
f 2386 2387 3559
f 2385 2386 3558
f 3387 3365 3388
f 2389 2388 3579
f 2388 2390 3582
f 2391 3235 3571
f 2387 2389 3578
f 3490 3228 3489
f 3489 3229 3497
f 3497 3231 3496
f 3496 3232 3495
f 3495 3230 3493
f 3336 3345 3331
f 3353 2550 3355
f 3354 2547 3356
f 3355 2549 3354
f 3351 2534 3352
f 3337 2535 3350
f 3337 3348 3342
f 3330 3328 3347
f 3336 3329 3346
f 3330 3346 3329
f 3352 2533 3353
f 3342 3349 3328
f 3335 3332 3344
f 3332 3333 3344
f 3333 3331 3343
f 2534 2533 3352
f 2550 3353 2533
f 2547 2543 3356
f 2550 2549 3355
f 2549 2547 3354
f 3272 3368 3357
f 3501 3206 3207
f 3206 3501 3208
f 3209 3499 3205
f 3205 3500 3207
f 3227 3491 3209
f 3526 3193 3194
f 3197 3512 3194
f 3193 3526 3192
f 3371 3359 3358
f 3356 2467 4097
f 3350 2535 3351
f 3348 3337 3350
f 3349 3342 3348
f 3347 3328 3349
f 3345 3336 3346
f 3346 3330 3347
f 3343 3331 3345
f 3344 3333 3343
f 3310 3335 3344
f 3285 3309 3284
f 3326 3325 3324
f 3307 3293 3310
f 3309 3275 3307
f 3308 3290 3309
f 3288 3309 3290
f 3289 3309 3288
f 3309 3286 3287
f 3284 3309 3287
f 3286 3309 3289
f 3314 3313 3310
f 3285 3283 3309
f 3283 3280 3309
f 3281 3275 3309
f 3280 3282 3309
f 3282 3281 3309
f 3278 3308 3279
f 3276 3308 3278
f 3276 3277 3308
f 3290 3308 3277
f 3323 3315 3310
f 2535 2534 3351
f 3328 3341 3342
f 3340 3338 3339
f 3337 3339 3338
f 3338 2535 3337
f 3310 3334 3335
f 3310 3311 3334
f 3314 3310 3312
f 3310 3315 3312
f 3203 3506 3202
f 3322 3323 3310
f 3327 3322 3310
f 3321 3320 3310
f 3318 3316 3310
f 3321 3310 3316
f 3319 3311 3310
f 3320 3319 3310
f 3310 3317 3318
f 3310 3313 3317
f 3217 3455 3212
f 3370 3369 3383
f 3378 3359 3377
f 3237 3377 3359
f 3358 3359 3378
f 3210 3481 3234
f 3218 3449 3217
f 3213 3448 3214
f 3212 3444 3215
f 3215 3472 3213
f 3368 3370 3384
f 3211 3478 3210
f 3214 3477 3211
f 3229 3489 3228
f 3228 3490 3227
f 3232 3496 3231
f 3231 3497 3229
f 3233 3494 3230
f 3230 3495 3232
f 3234 3485 3233
f 3363 3400 3402
f 3389 3365 3387
f 3382 3374 3380
f 3380 3372 3379
f 3379 3358 3378
f 3383 3369 3381
f 3384 3370 3383
f 3369 3382 3381
f 3403 3363 3402
f 3401 3363 3403
f 3221 3222 3423
f 3404 3363 3401
f 3172 3498 3441
f 3218 3439 3376
f 3365 3367 3388
f 3367 3368 3385
f 3369 3374 3382
f 3374 3372 3380
f 3371 3358 3379
f 3372 3371 3379
f 3204 3505 3203
f 3370 3374 3369
f 3365 3360 3361
f 3368 3365 3361
f 3366 3367 3365
f 3365 3368 3366
f 3360 3365 3364
f 3375 3362 3363
f 3223 3362 3375
f 3362 3223 3361
f 3370 3368 3371
f 3189 3504 3187
f 3187 3505 3204
f 3188 3503 3189
f 3208 3502 3188
f 3202 3508 3201
f 3201 3507 3200
f 3199 3510 3198
f 3200 3509 3199
f 3512 3197 3198
f 3362 3361 3398
f 3224 3225 3413
f 3222 3224 3419
f 3226 3375 3411
f 3225 3226 3415
f 3218 3219 3439
f 3220 3438 3219
f 3220 3221 3432
f 3375 3363 3404
f 3363 3362 3400
f 3136 3135 3138
f 3360 3364 3394
f 3361 3360 3396
f 3364 3365 3389
f 3367 3366 3368
f 3374 3371 3372
f 3359 3371 3368
f 3373 3371 3374
f 3374 3370 3373
f 3370 3371 3373
f 6105 2939 2928
f 2943 2942 2976
f 2936 2935 2943
f 2936 2943 2974
f 2943 2940 2942
f 2942 2937 2941
f 2940 2937 2942
f 2943 2932 2940
f 2935 2932 2943
f 2937 2938 2939
f 2939 2941 2937
f 2945 2900 2909
f 2938 2928 2939
f 2928 6104 6105
f 2932 2937 2940
f 2937 2926 2938
f 2931 2926 2937
f 2932 2931 2937
f 2970 2933 2936
f 2934 2933 2970
f 2936 2930 2935
f 2947 2911 2950
f 2955 2956 2959
f 2953 2954 2965
f 2953 2951 2954
f 2953 2949 2951
f 2956 2953 2963
f 2956 2952 2953
f 2952 2948 2953
f 2949 2947 2951
f 2951 2947 2950
f 2933 2930 2936
f 2949 2948 2947
f 2948 2949 2953
f 2948 2909 2947
f 2955 2946 2952
f 2955 2952 2956
f 2946 2944 2952
f 2944 2948 2952
f 2944 2909 2948
f 2945 2909 2944
f 2915 2920 2921
f 2923 2924 2927
f 2922 2880 2924
f 2921 2926 2931
f 2921 2920 2926
f 2926 2917 2925
f 2920 2917 2926
f 2919 2918 2921
f 2919 2921 2929
f 2918 2915 2921
f 2923 2922 2924
f 2925 2916 2923
f 2917 2916 2925
f 2916 2922 2923
f 2916 2865 2922
f 2915 2917 2920
f 2915 2914 2917
f 2917 2885 2916
f 2885 2865 2916
f 2914 2885 2917
f 2904 2919 2930
f 2911 2933 2934
f 2910 2930 2933
f 2911 2910 2933
f 2930 2929 2932
f 2930 2932 2935
f 2929 2921 2932
f 2921 2931 2932
f 2910 2904 2930
f 2930 2919 2929
f 2957 2958 2959
f 6104 2924 6103
f 2928 2927 6104
f 2924 6102 6103
f 2927 2924 6104
f 2926 2928 2938
f 2926 2925 2928
f 2928 2925 2927
f 2925 2923 2927
f 2924 2913 6102
f 2982 2987 2990
f 2987 2982 2986
f 2986 2978 2989
f 2998 2984 2990
f 2985 2984 2998
f 2985 2983 2984
f 2984 2982 2990
f 2996 2983 2985
f 2968 2983 2996
f 2983 2981 2984
f 2987 2986 2989
f 2984 2981 2982
f 2982 2973 2986
f 2965 2981 2983
f 2981 2954 2980
f 2980 2982 2981
f 2978 2979 2988
f 6156 2979 2977
f 2972 2978 2986
f 2978 2975 2979
f 6168 2989 6166
f 2995 2968 2996
f 2994 2966 2995
f 2966 2968 2995
f 2993 2994 3005
f 2993 2966 2994
f 3004 2992 2993
f 3003 2992 3004
f 2992 2960 2993
f 2999 2991 3001
f 2972 2975 2978
f 6168 3001 2989
f 2991 2989 3001
f 2999 2987 2991
f 2990 2987 2999
f 2987 2989 2991
f 2989 2988 6166
f 2988 2979 6166
f 2989 2978 2988
f 2979 6165 6166
f 2964 2965 2967
f 2950 2911 2969
f 2968 2967 2983
f 2966 2967 2968
f 2967 2965 2983
f 2966 2964 2967
f 2993 2962 2966
f 2966 2959 2964
f 2962 2959 2966
f 2964 2963 2965
f 2969 2911 2934
f 2965 2954 2981
f 2963 2953 2965
f 2959 2956 2964
f 2956 2963 2964
f 2962 2960 2961
f 2962 2993 2960
f 2961 2959 2962
f 2961 2957 2959
f 2958 2955 2959
f 2971 2972 2973
f 2977 2974 2976
f 2976 6156 2977
f 2974 2977 2979
f 2974 2943 2976
f 2975 2974 2979
f 2970 2936 2975
f 2936 2974 2975
f 2973 2972 2986
f 2982 2971 2973
f 2913 2912 6102
f 2980 2971 2982
f 2954 2971 2980
f 2954 2951 2971
f 2972 2970 2975
f 2972 2969 2970
f 2969 2934 2970
f 2971 2969 2972
f 2951 2969 2971
f 2951 2950 2969
f 2845 2844 2850
f 2855 2854 2858
f 2825 2854 2855
f 2856 2833 2855
f 2858 2853 2871
f 2853 2852 2871
f 2853 2847 2852
f 2858 2848 2853
f 2847 2851 2852
f 2844 2772 2850
f 2854 2848 2858
f 2772 2788 2850
f 2851 2846 2849
f 2849 2845 2850
f 2848 2847 2853
f 2847 2846 2851
f 2847 2820 2846
f 2825 2848 2854
f 2823 2847 2848
f 2821 2772 2844
f 2861 2857 2863
f 2849 2868 2869
f 2866 2849 2850
f 2849 2866 2868
f 2922 2864 2880
f 2865 2864 2922
f 2864 2863 2880
f 2863 2859 2878
f 2864 2861 2863
f 2862 2864 2865
f 2845 2821 2844
f 2862 2861 2864
f 2863 2856 2859
f 2860 2858 2877
f 2859 2860 2877
f 2859 2855 2860
f 2855 2858 2860
f 2857 2856 2863
f 2856 2855 2859
f 2834 2856 2857
f 2832 2827 2831
f 2832 2831 2836
f 2837 2832 2836
f 2831 2834 2835
f 2834 2830 2833
f 2831 2830 2834
f 2830 2824 2833
f 2841 2829 2837
f 2839 2829 2841
f 2829 2832 2837
f 2836 2831 2835
f 2828 2827 2832
f 2829 2828 2832
f 2827 2826 2830
f 2826 2812 2830
f 2812 2824 2830
f 2827 2830 2831
f 2824 2825 2833
f 2824 2818 2825
f 2825 2823 2848
f 2838 2862 2885
f 2846 2845 2849
f 2820 2845 2846
f 2892 2843 2885
f 2843 2838 2885
f 2892 2841 2843
f 2841 2838 2843
f 2842 2841 2892
f 2840 2839 2841
f 2840 2841 2842
f 2851 2849 2869
f 2838 2836 2861
f 2838 2861 2862
f 2837 2836 2838
f 2841 2837 2838
f 2836 2835 2857
f 2836 2857 2861
f 2835 2834 2857
f 2833 2825 2855
f 2834 2833 2856
f 2896 2891 2895
f 2898 2905 2907
f 2905 2897 2902
f 2898 2897 2905
f 2896 2895 2919
f 2896 2919 2903
f 2919 2895 2918
f 2895 2915 2918
f 2903 2894 2896
f 2902 2894 2903
f 2899 2898 2907
f 2894 2891 2896
f 2893 2915 2895
f 2893 2892 2915
f 2915 2892 2914
f 2892 2885 2914
f 2891 2890 2895
f 2895 2890 2893
f 2890 2892 2893
f 2890 2842 2892
f 2907 2905 2908
f 2880 2913 2924
f 6075 2912 2884
f 2880 2912 2913
f 6071 2884 2883
f 2947 2908 2911
f 2911 2908 2910
f 2908 2906 2910
f 2909 2907 2908
f 2909 2908 2947
f 2897 2889 2894
f 2905 2906 2908
f 2910 2903 2904
f 2906 2903 2910
f 2903 2919 2904
f 2905 2903 2906
f 2905 2902 2903
f 2900 2901 2909
f 2901 2907 2909
f 2901 2899 2907
f 6063 2873 2867
f 2877 2876 2882
f 2859 2877 2878
f 2876 2858 2871
f 2877 2858 2876
f 2871 2875 2881
f 2875 2869 2874
f 2869 2872 2874
f 2870 2869 2875
f 2871 2870 2875
f 2876 2871 2882
f 2873 2872 2868
f 2873 2866 2867
f 2869 2868 2872
f 2868 2866 2873
f 2871 2852 2870
f 2852 2869 2870
f 2852 2851 2869
f 2866 2850 2867
f 2850 2788 2867
f 2912 2878 2884
f 2897 2894 2902
f 2888 2887 2891
f 2889 2888 2894
f 2888 2891 2894
f 2891 2886 2890
f 2887 2886 2891
f 2890 2840 2842
f 2886 2840 2890
f 2885 2862 2865
f 2996 2985 2997
f 2883 2882 6071
f 2884 2877 2883
f 2882 2871 2881
f 2883 2877 2882
f 2879 2878 2912
f 2880 2879 2912
f 2880 2863 2879
f 2863 2878 2879
f 2878 2877 2884
f 3075 3069 3072
f 3081 3073 3078
f 3078 3077 3080
f 3073 3071 3078
f 3071 3077 3078
f 7065 3088 3076
f 3076 3075 3083
f 3088 3075 3076
f 3074 3075 3088
f 3075 3073 3081
f 3075 3072 3073
f 3081 3078 3082
f 3073 3070 3071
f 3072 3070 3073
f 3069 3075 3074
f 3069 3068 3070
f 3070 3072 3069
f 3068 3069 3050
f 3089 3098 3079
f 3079 3067 3089
f 3065 3066 3079
f 3083 3085 7066
f 3086 3087 3059
f 3086 3074 3087
f 3086 3052 3074
f 3069 3074 3052
f 3052 3050 3069
f 7067 3085 3106
f 3085 3084 3106
f 3085 3082 3084
f 7066 3076 3083
f 3066 3067 3079
f 3083 3081 3085
f 3081 3082 3085
f 3083 3075 3081
f 3082 3078 3084
f 3078 3080 3084
f 3080 3100 3084
f 3100 3079 3098
f 3080 3079 3100
f 3080 3077 3079
f 3048 3053 3054
f 3054 3053 3058
f 3057 3051 3086
f 3052 3086 3051
f 3053 3051 3057
f 3051 3050 3052
f 3051 3049 3050
f 3048 3054 3040
f 3053 3047 3051
f 3048 3047 3053
f 3040 3054 3056
f 3047 3046 3051
f 3046 3049 3051
f 3048 3033 3046
f 3046 3047 3048
f 7051 3045 3041
f 7050 3044 3045
f 3043 3039 3045
f 3044 3043 3045
f 3044 3042 3043
f 3060 3068 3050
f 3077 3065 3079
f 3064 3065 3077
f 3064 3077 3071
f 3061 3063 3071
f 3063 3064 3071
f 3070 3061 3071
f 3062 3061 3070
f 3068 3060 3070
f 3062 3070 3060
f 3087 3074 3088
f 7056 3056 3058
f 3059 7056 3058
f 3058 3057 3059
f 3059 3057 3086
f 3058 3053 3057
f 7055 3055 3056
f 3056 3054 3058
f 7053 3041 3055
f 3055 3040 3056
f 3125 3095 3118
f 3123 3124 3137
f 3135 3123 3137
f 3122 3123 3135
f 3134 3122 3135
f 3127 3121 3134
f 3121 3122 3134
f 3121 3127 3120
f 3125 3120 3127
f 3125 3119 3120
f 3126 3112 3125
f 3118 3119 3125
f 3117 3116 3132
f 3117 3114 3116
f 7115 3115 3117
f 7115 3108 3115
f 3117 3113 3114
f 3115 3113 3117
f 3112 3126 3116
f 3114 3112 3116
f 3130 3140 3131
f 3136 3134 3135
f 7171 7162 3131
f 7162 7160 3133
f 3133 3131 7162
f 3133 3129 3131
f 3132 3133 7160
f 7160 3117 3132
f 3133 3116 3129
f 3132 3116 3133
f 3114 3111 3112
f 3129 3130 3131
f 3116 3126 3129
f 3130 3128 3136
f 3130 3126 3128
f 3136 3127 3134
f 3128 3127 3136
f 3126 3130 3129
f 3126 3127 3128
f 3126 3125 3127
f 3109 3094 3095
f 3100 3101 3107
f 3100 3104 3084
f 3100 3099 3101
f 3100 3098 3099
f 3110 3096 3109
f 3096 3097 3109
f 3110 3102 3096
f 3102 3093 3096
f 3109 3095 3125
f 3104 3100 3107
f 3097 3094 3109
f 3102 3092 3093
f 3099 3091 3102
f 3092 3102 3091
f 3099 3090 3091
f 3089 3090 3099
f 3098 3089 3099
f 7071 3059 3087
f 3087 3088 7071
f 3107 3113 3115
f 3111 3109 3112
f 3113 3103 3114
f 3103 3111 3114
f 3110 3109 3111
f 3103 3110 3111
f 3109 3125 3112
f 7109 3105 3108
f 3105 3107 3108
f 3108 3107 3115
f 3041 3039 3055
f 7109 3106 3105
f 3106 3104 3105
f 3105 3104 3107
f 3106 3084 3104
f 3107 3103 3113
f 3107 3101 3103
f 3103 3102 3110
f 3103 3099 3102
f 3101 3099 3103
f 1406 1408 3063
f 3063 1408 1409
f 1319 1320 3029
f 3026 1317 1319
f 1318 1317 3026
f 1316 1315 3027
f 1315 1318 3027
f 3023 1310 1316
f 3023 1309 1310
f 1308 1309 3023
f 1409 1440 3065
f 1407 1406 3062
f 3060 1402 1407
f 1401 1402 3060
f 1320 1401 3030
f 3005 6433 6472
f 6433 3019 6425
f 6433 3018 3020
f 3020 3019 6433
f 3019 3017 6425
f 1540 1541 3095
f 3145 1578 1579
f 1577 1578 3145
f 1572 1577 3144
f 1571 1572 3124
f 1549 1571 3123
f 1548 1549 3122
f 1547 1548 3120
f 1542 1547 3119
f 1541 1542 3118
f 3017 6424 6425
f 3097 1539 1540
f 1436 1539 3097
f 1435 1436 3093
f 1434 1433 3090
f 1443 1434 3090
f 1442 1443 3089
f 1433 1435 3092
f 1441 1442 3066
f 3065 1440 1441
f 3005 2994 2995
f 3009 2997 3010
f 3014 3008 3009
f 3006 3008 3014
f 3008 3007 3009
f 2995 3007 3008
f 3007 2996 3009
f 3006 2995 3008
f 3005 2995 3006
f 3005 3004 2993
f 3009 3010 3011
f 3013 2999 3002
f 3000 2999 3013
f 3001 3002 2999
f 2998 2999 3000
f 2998 2990 2999
f 2997 2998 3010
f 2997 2985 2998
f 2996 2997 3009
f 2995 2996 3007
f 3018 3006 3014
f 3018 3019 3020
f 3016 3017 3019
f 3017 3013 6422
f 3018 3016 3019
f 3015 3011 3018
f 3011 3016 3018
f 3016 3012 3017
f 3005 3018 6433
f 3018 3014 3015
f 1579 1580 3146
f 3014 3011 3015
f 3005 3006 3018
f 3017 3000 3013
f 3012 3000 3017
f 3011 3012 3016
f 3011 3010 3012
f 3010 2998 3012
f 3012 2998 3000
f 3014 3009 3011
f 3027 3032 3024
f 3046 3029 3049
f 3033 3026 3046
f 3046 3028 3029
f 3028 3046 3026
f 3022 3021 3031
f 3021 3023 3031
f 3034 3027 3033
f 3027 3025 3033
f 3032 3027 3034
f 3029 3030 3049
f 3025 3026 3033
f 3031 3024 3032
f 3023 3024 3031
f 7050 2799 3044
f 3044 2778 3042
f 3037 3042 2778
f 3037 2765 3022
f 3022 2755 3021
f 3092 1435 3093
f 3035 3036 3039
f 3039 3041 3045
f 3055 3039 3040
f 3038 3043 3037
f 3042 3037 3043
f 3037 3031 3038
f 3037 3022 3031
f 3039 3036 3040
f 3036 3048 3040
f 3043 3035 3039
f 3091 1433 3092
f 3034 3033 3036
f 3033 3048 3036
f 3035 3034 3036
f 3035 3032 3034
f 3038 3035 3043
f 3035 3031 3032
f 3031 3035 3038
f 3030 3060 3050
f 3049 3030 3050
f 3028 1319 3029
f 3066 1442 3067
f 3065 1441 3066
f 3064 1409 3065
f 3063 1409 3064
f 3061 1406 3063
f 3062 1406 3061
f 3029 1320 3030
f 3060 1407 3062
f 3030 1401 3060
f 3067 1442 3089
f 3025 1318 3026
f 3026 1319 3028
f 3024 1316 3027
f 3027 1318 3025
f 3023 1316 3024
f 3021 1308 3023
f 2755 1308 3021
f 2235 2236 3149
f 1580 2235 3148
f 3120 1548 3121
f 3090 1433 3091
f 3148 2235 3149
f 3146 1580 3147
f 1580 3148 3147
f 3145 1579 3146
f 3144 1577 3145
f 3124 1572 3144
f 3123 1571 3124
f 3122 1549 3123
f 3904 3903 4013
f 1548 3122 3121
f 3119 1547 3120
f 3118 1542 3119
f 3095 1541 3118
f 3094 1540 3095
f 3097 1540 3094
f 3096 1436 3097
f 3093 1436 3096
f 3089 1443 3090
f 3689 1815 3690
f 3705 1822 3706
f 3707 1817 3708
f 3702 1819 3703
f 3698 1826 3699
f 1826 3700 3699
f 3695 1829 3696
f 3694 1828 3695
f 1829 3697 3696
f 3697 1825 3698
f 3688 1816 3689
f 3692 1828 3694
f 3706 1822 3707
f 3693 1830 3692
f 3691 1815 3693
f 1815 3691 3690
f 3687 1835 3688
f 3679 1840 3680
f 3680 1836 3681
f 1836 3682 3681
f 3682 1837 3683
f 3685 1833 3686
f 3683 1834 3684
f 3728 1794 3729
f 3715 1798 3718
f 3717 1799 3719
f 1799 3720 3719
f 3720 1800 3723
f 3730 1791 3731
f 3729 1791 3730
f 3723 1793 3724
f 3726 1792 3727
f 3725 1793 3726
f 1793 3725 3724
f 3686 1835 3687
f 1792 3728 3727
f 3714 1797 3716
f 3713 1795 3714
f 3712 1795 3713
f 3709 1824 3710
f 3710 1823 3711
f 1823 3712 3711
f 3708 1824 3709
f 1819 3704 3703
f 3704 1820 3705
f 3667 3666 3606
f 3655 3607 3645
f 3647 3646 3607
f 3654 3653 3607
f 3655 3654 3607
f 3651 3649 3607
f 3650 3607 3649
f 3652 3651 3607
f 3653 3652 3607
f 3670 3668 3606
f 3668 3667 3606
f 3646 3645 3607
f 3666 3665 3606
f 3665 3663 3606
f 3664 3662 3606
f 3606 3663 3664
f 3620 3619 3607
f 3619 3618 3607
f 3650 3620 3607
f 3617 3615 3607
f 3618 3617 3607
f 3616 3607 3615
f 3673 3671 3606
f 1834 3685 3684
f 3701 1818 3702
f 3700 1818 3701
f 3677 1843 3678
f 1843 3679 3678
f 3721 3607 3675
f 3607 3674 3675
f 4083 3672 3606
f 3673 3606 3672
f 3671 3669 3606
f 3716 1796 3715
f 3606 3669 3670
f 3607 3642 3674
f 3662 3660 3607
f 3660 3659 3607
f 3607 3659 3661
f 3661 3658 3607
f 3658 3657 3607
f 3657 3656 3607
f 3656 3648 3607
f 3648 3647 3607
f 3722 3704 3705
f 3722 3711 3712
f 3722 3710 3711
f 3709 3710 3722
f 3712 3713 3722
f 3722 3707 3708
f 3722 3706 3707
f 3722 3705 3706
f 3722 3699 3700
f 3722 3696 3697
f 3722 3698 3699
f 3697 3698 3722
f 3722 3713 3714
f 3722 3703 3704
f 3700 3701 3722
f 3722 3702 3703
f 3701 3702 3722
f 3722 3694 3695
f 3695 3696 3722
f 3722 3692 3694
f 3722 3687 3688
f 3688 3689 3722
f 3722 3691 3693
f 3722 3729 3730
f 3740 3722 3738
f 3735 3722 3732
f 3733 3732 3722
f 3734 3733 3722
f 3722 3731 3734
f 3722 3730 3731
f 3722 3724 3725
f 3722 3726 3727
f 3725 3726 3722
f 3727 3728 3722
f 3693 3692 3722
f 3729 3722 3728
f 3722 3723 3724
f 3722 3719 3720
f 3720 3723 3722
f 3718 3717 3722
f 3717 3719 3722
f 3722 3714 3716
f 3722 3715 3718
f 3716 3715 3722
f 3722 3708 3709
f 3757 1871 3758
f 1877 3751 3749
f 3751 1872 3750
f 1872 3752 3750
f 3746 1876 3747
f 3745 1876 3746
f 3742 1874 3741
f 1874 3743 3741
f 3739 1874 3742
f 3743 1875 3744
f 1875 3745 3744
f 3748 1877 3749
f 3736 1854 3737
f 1854 3738 3737
f 3740 1851 3739
f 3738 1851 3740
f 3735 1853 3736
f 3732 1850 3735
f 3731 1855 3734
f 3734 1856 3733
f 1856 3732 3733
f 3718 1798 3717
f 3722 3678 3679
f 3689 3690 3722
f 3690 3691 3722
f 3722 3680 3681
f 3722 3685 3686
f 3686 3687 3722
f 3722 3682 3683
f 3683 3684 3722
f 3684 3685 3722
f 3681 3682 3722
f 3722 3679 3680
f 3612 3611 3607
f 3722 3721 3675
f 3722 3676 3678
f 3676 3677 3678
f 3675 3676 3722
f 3755 1878 3757
f 3754 1878 3756
f 1878 3755 3756
f 3753 1873 3754
f 3752 1873 3753
f 3747 1876 3748
f 2289 1841 3674
f 2277 2284 3634
f 2276 2277 3622
f 3621 2265 2276
f 2266 2265 3621
f 2264 2266 3633
f 3631 2262 2264
f 2255 2254 3632
f 2254 2262 3631
f 3623 2244 2255
f 3628 2143 2245
f 2245 2244 3623
f 2284 2282 3635
f 1878 1879 3757
f 1872 1873 3752
f 1873 1878 3754
f 1877 1872 3751
f 1876 1877 3748
f 3739 1852 1874
f 1874 1875 3743
f 1875 1876 3745
f 1827 1818 3700
f 1825 1826 3698
f 3620 1940 3619
f 3609 2053 3608
f 3608 2054 3644
f 3615 1962 3616
f 3617 1962 3615
f 3611 2050 3614
f 2050 3610 3614
f 3612 2048 3611
f 3613 1958 3612
f 3616 1958 3613
f 3619 1957 3618
f 1826 1827 3700
f 1957 3617 3618
f 3610 2047 3609
f 3758 1249 3759
f 3721 3722 1254
f 3721 103 3607
f 3606 3607 103
f 2289 3641 2286
f 2288 2286 3640
f 2288 3636 2285
f 2282 2285 3637
f 1819 1821 3704
f 1856 1857 3732
f 1855 1856 3734
f 1793 1792 3726
f 1792 1794 3728
f 1791 3729 1794
f 1821 1820 3704
f 1817 1824 3708
f 1824 1823 3710
f 1822 1817 3707
f 1820 1822 3705
f 1857 1850 3732
f 1818 1819 3702
f 1879 1871 3757
f 1842 1843 3677
f 1840 1838 3680
f 1838 1836 3680
f 1837 1834 3683
f 1836 1837 3682
f 1843 1840 3679
f 1834 1833 3685
f 1841 1842 3676
f 1823 1831 3712
f 1835 1839 3688
f 1839 1816 3688
f 1816 1815 3689
f 1815 1830 3693
f 1828 1829 3695
f 1830 1828 3692
f 1829 1825 3697
f 1835 3686 1833
f 1793 3723 1800
f 1795 1797 3714
f 2139 3626 3630
f 1831 1795 3712
f 1798 1799 3717
f 1799 1800 3720
f 1797 1796 3716
f 1798 3715 1796
f 1853 1854 3736
f 1850 1853 3735
f 1854 1851 3738
f 1851 1852 3739
f 1791 1855 3731
f 3676 1842 3677
f 3607 3639 3640
f 3641 3642 3607
f 3637 3607 3635
f 3638 3607 3637
f 3634 3607 3622
f 3634 3635 3607
f 3638 3636 3607
f 3621 3607 3633
f 3607 3621 3622
f 4083 2236 3672
f 3639 3607 3636
f 3675 1841 3676
f 3674 1841 3675
f 3642 2289 3674
f 3641 2289 3642
f 3639 2288 3640
f 3640 2286 3641
f 3637 2285 3638
f 2285 3636 3638
f 3636 2288 3639
f 3635 2282 3637
f 3632 3631 3607
f 3613 3612 3607
f 3616 3613 3607
f 3614 3610 3607
f 3611 3614 3607
f 3609 3608 3607
f 3610 3609 3607
f 3643 3625 3607
f 3630 3607 3625
f 3607 3631 3633
f 3632 3607 3623
f 3634 2284 3635
f 3630 3626 3607
f 3629 3607 3626
f 3629 3628 3607
f 3628 3627 3607
f 3624 3623 3607
f 3607 3627 3624
f 3644 3607 3608
f 3644 3643 3607
f 3607 3606 3662
f 3641 3607 3640
f 3658 2217 3657
f 3667 2230 3666
f 3665 2196 3663
f 3666 2229 3665
f 3668 2227 3667
f 3664 2218 3662
f 3663 2218 3664
f 3659 2216 3661
f 3660 2218 3659
f 2218 3660 3662
f 2216 3658 3661
f 2234 3668 3670
f 2217 3656 3657
f 3648 2201 3647
f 2201 3646 3647
f 2201 3645 3646
f 3656 2219 3648
f 3643 2161 3625
f 3644 2160 3643
f 3625 2139 3630
f 3629 2142 3628
f 3626 2142 3629
f 2240 3654 3655
f 3622 2277 3634
f 3633 2266 3621
f 3631 2264 3633
f 3623 2255 3632
f 3632 2254 3631
f 3628 2245 3627
f 3624 2245 3623
f 2245 3624 3627
f 3621 2276 3622
f 3645 2240 3655
f 3740 3739 3722
f 3654 2240 3653
f 3649 2242 3650
f 3652 2242 3651
f 2242 3649 3651
f 3653 2242 3652
f 3650 2241 3620
f 3672 2233 3673
f 2233 3671 3673
f 2233 3669 3671
f 3669 2234 3670
f 3905 3806 3904
f 3871 3872 4063
f 3870 3871 4055
f 3869 3870 4054
f 3897 3868 4028
f 3868 3867 4027
f 3867 3866 4030
f 3866 3865 4031
f 3865 3864 4033
f 3936 3809 3935
f 3935 3808 3934
f 3934 3807 3905
f 3872 3873 4057
f 3863 3869 4053
f 3862 3863 4050
f 3861 3862 4051
f 3831 3861 4049
f 4047 3824 3831
f 3830 3829 4037
f 3829 3828 4039
f 3828 3827 4040
f 3825 3826 4042
f 3827 3825 4041
f 3884 3885 4072
f 3894 3895 4079
f 4078 3893 3894
f 3891 3892 4077
f 3890 3891 4080
f 3892 3893 4078
f 3888 3889 4074
f 3887 3888 4076
f 3885 3886 4071
f 3886 3887 4073
f 3883 3884 4070
f 3864 3860 4034
f 3882 3883 4068
f 3878 3879 4064
f 3879 3880 4065
f 3881 3882 4066
f 3880 3881 4065
f 3877 3878 4069
f 3876 3877 4061
f 3874 3875 4060
f 3875 3876 4059
f 3873 3874 4058
f 3876 3836 3877
f 3886 3851 3887
f 3883 3848 3884
f 3884 3849 3885
f 3885 3850 3886
f 3881 3854 3882
f 3882 3855 3883
f 3878 3837 3879
f 3880 3853 3881
f 3879 3856 3880
f 3877 3835 3878
f 3887 3852 3888
f 3875 3834 3876
f 3874 3838 3875
f 3897 3798 3868
f 3898 3799 3897
f 3868 3797 3867
f 3867 3796 3866
f 3866 3795 3865
f 3865 3794 3864
f 3872 3833 3874
f 3871 3843 3872
f 3899 3800 3898
f 3860 3830 4035
f 3904 3805 3903
f 3903 3804 3902
f 3895 3787 4081
f 3823 3824 4047
f 3826 3822 4043
f 3822 3823 4045
f 3902 3803 3901
f 3901 3802 3900
f 3900 3801 3899
f 3889 3890 4075
f 3789 3896 3787
f 3787 3895 3788
f 3872 3874 3873
f 3893 3783 3894
f 3891 3781 3892
f 3892 3785 3893
f 3894 3784 3895
f 3889 3858 3890
f 3888 3859 3889
f 3890 3780 3891
f 5106 3919 3920
f 5106 3929 3930
f 3930 3931 5106
f 5106 3928 3929
f 5106 3926 3928
f 5106 3924 3927
f 3926 5106 3927
f 5106 3922 3923
f 3923 3925 5106
f 3924 5106 3925
f 5106 3921 3922
f 5106 3920 3921
f 3932 3931 3966
f 5106 3918 3919
f 5106 3917 3918
f 5106 3916 3917
f 5106 3915 3916
f 5106 3914 3915
f 3913 3914 5106
f 5106 3912 3913
f 3930 3965 3931
f 3929 3964 3930
f 3928 3963 3929
f 3898 3897 4025
f 3905 3904 4009
f 3911 3945 3946
f 3910 3944 3945
f 3909 3943 3944
f 3903 3902 4015
f 3943 3908 3942
f 3902 3901 4017
f 3942 3815 3941
f 3900 3899 4021
f 3899 3898 4022
f 3926 3962 3928
f 4020 3901 3900
f 3941 3814 3940
f 3940 3813 3939
f 3939 3812 3938
f 3938 3811 3937
f 3937 3810 3936
f 5106 3933 3992
f 5106 3932 3933
f 3933 3932 3967
f 5106 3931 3932
f 5106 3806 3807
f 5106 3811 3812
f 5106 3810 3811
f 5106 3809 3810
f 5106 3808 3809
f 5106 3807 3808
f 3947 3913 3912
f 3946 3912 3911
f 3945 3911 3910
f 3944 3910 3909
f 3943 3909 3908
f 5106 3812 3813
f 5106 3805 3806
f 5106 3804 3805
f 5106 3803 3804
f 3815 3942 3908
f 3814 3941 3815
f 3814 3813 3940
f 3907 3906 4222
f 4222 3761 3907
f 3906 3907 3761
f 3787 3896 4082
f 5106 3815 3908
f 3927 3924 3960
f 3927 3961 3926
f 3925 3959 3924
f 3925 3923 3958
f 3923 3922 3957
f 3922 3921 3956
f 5106 3911 3912
f 5106 3910 3911
f 5106 3909 3910
f 5106 3908 3909
f 3870 3842 3871
f 5106 3814 3815
f 3921 3920 3955
f 3920 3919 3954
f 3919 3918 3953
f 3918 3917 3952
f 3917 3916 3951
f 3916 3915 3950
f 3915 3914 3949
f 3914 3913 3948
f 5106 3813 3814
f 3768 3766 3841
f 3839 3768 3841
f 3841 3766 3840
f 3845 3764 3846
f 3764 3847 3846
f 3765 3845 3844
f 3774 3773 3822
f 3773 3772 3821
f 3772 3771 3819
f 3771 3770 3820
f 3770 3769 3816
f 3767 3768 3839
f 3817 3767 3839
f 3769 3767 3817
f 3766 3765 3840
f 3765 3764 3845
f 3849 3763 3850
f 3763 3851 3850
f 3763 3852 3851
f 3763 3857 3852
f 3838 3763 3834
f 3842 3763 3843
f 3847 3763 3842
f 3763 3790 3789
f 3799 3798 3897
f 3798 3797 3868
f 3797 3796 3867
f 3796 3795 3866
f 3795 3794 3865
f 3789 3790 3896
f 4110 3763 4162
f 3763 4110 4109
f 3790 3763 4109
f 3787 3763 3789
f 3763 3833 3843
f 3786 3784 3783
f 3783 3785 3786
f 3786 3780 3858
f 3859 3786 3858
f 3782 3784 3786
f 3786 3781 3780
f 3857 3786 3859
f 3781 3786 3785
f 3786 3763 3788
f 3840 3765 3844
f 3745 3722 3744
f 3722 3757 3758
f 3722 3755 3757
f 3753 3722 3752
f 3722 3750 3752
f 3754 3722 3753
f 3756 3722 3754
f 3756 3755 3722
f 3749 3722 3748
f 3751 3722 3749
f 3751 3750 3722
f 3722 3758 3759
f 3746 3722 3745
f 3722 3743 3744
f 3742 3741 3722
f 3722 3741 3743
f 3722 3739 3742
f 3722 3747 3748
f 3722 3746 3747
f 3722 3735 3736
f 3722 3737 3738
f 3737 3722 3736
f 3763 3848 3855
f 3763 3838 3833
f 3856 3763 3853
f 3832 3763 3856
f 3835 3763 3837
f 3763 3832 3837
f 3836 3763 3835
f 3763 3836 3834
f 3763 3854 3853
f 3854 3763 3855
f 3848 3763 3849
f 3800 3799 3898
f 3763 3786 3857
f 3764 3763 3847
f 3763 3787 3788
f 3763 3762 4108
f 3762 2571 4107
f 3801 5106 2293
f 3906 2290 4221
f 4097 3760 3761
f 4097 2467 3760
f 3761 2290 3906
f 3847 3842 3870
f 3837 3832 3879
f 3835 3837 3878
f 3836 3835 3877
f 3834 3836 3876
f 3838 3834 3875
f 3833 3838 3874
f 3843 3833 3872
f 3842 3843 3871
f 3869 3845 3846
f 3869 3844 3845
f 3832 3856 3879
f 3840 3844 3869
f 3846 3847 3869
f 3841 3840 3863
f 3818 3839 3861
f 3839 3841 3862
f 3786 3788 3895
f 3817 3839 3818
f 3861 3839 3862
f 3831 3818 3861
f 3824 3820 3831
f 3858 3780 3890
f 3869 3847 3870
f 3863 3840 3869
f 3862 3841 3863
f 3895 3782 3786
f 3780 3781 3891
f 3781 3785 3892
f 3783 3784 3894
f 3785 3783 3893
f 3859 3858 3889
f 3784 3782 3895
f 3820 3816 3831
f 3888 3857 3859
f 3853 3854 3881
f 3851 3852 3887
f 3850 3851 3886
f 3849 3850 3885
f 3855 3848 3883
f 3854 3855 3882
f 3852 3857 3888
f 3848 3849 3884
f 3856 3853 3880
f 3810 3937 3811
f 3822 3773 3821
f 3821 3772 3819
f 3778 3777 3828
f 3777 3776 3827
f 3776 3775 3825
f 3775 3774 3826
f 5106 3802 3803
f 5106 3801 3802
f 3812 3939 3813
f 3811 3938 3812
f 3779 3778 3829
f 3809 3936 3810
f 3808 3935 3809
f 3807 3934 3808
f 3806 3905 3807
f 3805 3904 3806
f 3804 3903 3805
f 3803 3902 3804
f 3802 3901 3803
f 3801 3900 3802
f 3801 3800 3899
f 3821 3819 3823
f 3822 3821 3823
f 3823 3819 3824
f 3864 3793 3860
f 3794 3793 3864
f 3860 3791 3830
f 3830 3779 3829
f 3829 3778 3828
f 3793 3792 3860
f 3831 3817 3818
f 3816 3817 3831
f 3568 2385 3557
f 3819 3820 3824
f 3819 3771 3820
f 3820 3770 3816
f 3816 3769 3817
f 3828 3777 3827
f 3827 3776 3825
f 3825 3775 3826
f 3826 3774 3822
f 3792 3791 3860
f 3791 3779 3830
f 4164 4951 4165
f 3603 3583 3602
f 3605 3604 3561
f 3605 3559 3603
f 4101 3558 3604
f 4102 3568 4100
f 4101 4100 3557
f 4102 4099 3567
f 4104 3566 4099
f 4105 4103 3550
f 4106 3542 4103
f 4105 3551 4104
f 4107 3538 4106
f 2241 1940 3620
f 1957 3619 1940
f 2047 3610 2050
f 2043 2053 3609
f 2047 2043 3609
f 1962 1958 3616
f 1958 2048 3612
f 2048 2050 3611
f 1957 1962 3617
f 2053 2052 3608
f 2052 2054 3608
f 3587 3513 3586
f 3513 3534 3585
f 3518 3524 3585
f 3519 3518 3585
f 3521 3519 3585
f 3585 3524 3584
f 3591 3570 3590
f 3592 3571 3591
f 3593 3572 3592
f 3594 3569 3593
f 3595 3573 3594
f 3513 3585 3586
f 2161 2117 3625
f 3588 3514 3587
f 3589 3515 3588
f 3590 3516 3589
f 3596 3575 3595
f 3597 3582 3596
f 3598 3577 3597
f 3599 3581 3598
f 3600 3579 3599
f 3601 3578 3600
f 3602 3580 3601
f 4951 3599 3598
f 2242 2241 3650
f 2239 2242 3653
f 4951 4100 4101
f 3604 4951 4101
f 4951 4102 4100
f 4951 4099 4102
f 4099 4951 4104
f 3604 3605 4951
f 3603 4951 3605
f 3602 4951 3603
f 3601 4951 3602
f 2239 3653 2240
f 3600 4951 3601
f 3599 4951 3600
f 3597 4951 3598
f 3584 3493 3498
f 3497 3496 3584
f 3496 3495 3584
f 3495 3493 3584
f 3493 3492 3498
f 3487 3485 3498
f 3488 3487 3498
f 2218 2195 3659
f 3625 2117 2139
f 2139 2138 3626
f 3626 2138 2142
f 2143 3628 2142
f 2054 2051 3644
f 2051 2160 3644
f 2160 2161 3643
f 2201 2200 3645
f 2219 2201 3648
f 3645 2200 2240
f 2216 2217 3658
f 3534 3533 3585
f 3659 2195 2216
f 2196 2218 3663
f 2217 2219 3656
f 2228 2227 3668
f 2234 2228 3668
f 2233 2234 3669
f 2236 2233 3672
f 2229 2196 3665
f 2230 2229 3666
f 2227 2230 3667
f 3516 3515 3589
f 3566 3548 3549
f 3554 3553 3566
f 3556 3555 3566
f 3564 3565 3566
f 3563 3562 3566
f 3566 3549 3563
f 3566 3562 3564
f 3576 3574 3573
f 3575 3576 3573
f 3514 3513 3587
f 3515 3514 3588
f 3553 3548 3566
f 3570 3516 3590
f 3571 3570 3591
f 3572 3571 3592
f 3569 3572 3593
f 3573 3569 3594
f 3575 3573 3595
f 3582 3575 3596
f 3577 3582 3597
f 4107 3536 3537
f 3538 3542 4106
f 3547 3546 3538
f 4103 4951 4106
f 4104 4951 4105
f 4951 4103 4105
f 4106 4951 4107
f 4107 4951 4108
f 4108 4951 4162
f 4162 4951 4163
f 4163 4951 4164
f 3533 3520 3521
f 3537 3535 3538
f 3538 3543 3544
f 3542 3550 4103
f 3547 3538 3545
f 3546 3542 3538
f 3545 3538 3544
f 3538 3539 3540
f 3538 3540 3541
f 3543 3538 3541
f 3551 3552 3566
f 3566 3552 3556
f 3558 3560 3561
f 3555 3554 3566
f 3530 3531 3584
f 3504 3503 3584
f 3505 3504 3584
f 3506 3505 3584
f 3508 3506 3584
f 3512 3510 3584
f 3511 3512 3584
f 3526 3511 3584
f 3529 3527 3584
f 3527 3526 3584
f 3528 3529 3584
f 3531 3528 3584
f 3503 3502 3584
f 3532 3530 3584
f 3523 3517 3584
f 3522 3523 3584
f 3584 3517 3532
f 3525 3522 3584
f 3524 3525 3584
f 3507 3508 3584
f 3509 3507 3584
f 3510 3509 3584
f 3533 3521 3585
f 3566 3567 4099
f 3550 3551 4105
f 4107 3537 3538
f 3580 3578 3601
f 3583 3580 3602
f 3558 3561 3604
f 3561 3559 3605
f 3559 3583 3603
f 3557 3558 4101
f 3581 3577 3598
f 3579 3581 3599
f 3578 3579 3600
f 3494 3488 3498
f 3551 3566 4104
f 3567 3568 4102
f 3568 3557 4100
f 3489 3497 3584
f 3490 3489 3584
f 3491 3490 3584
f 3499 3491 3584
f 3500 3499 3584
f 3502 3501 3584
f 3501 3500 3584
f 3534 3174 3533
f 2390 3576 3575
f 3576 2391 3574
f 3582 2390 3575
f 2387 3580 3583
f 3581 2388 3577
f 3580 2387 3578
f 3578 2389 3579
f 3579 2388 3581
f 3559 2387 3583
f 3173 3513 3514
f 3513 3173 3534
f 2388 3582 3577
f 3533 3175 3520
f 3517 3186 3532
f 3181 3518 3519
f 3518 3179 3524
f 3524 3180 3525
f 3525 3182 3522
f 3520 3176 3521
f 3521 3181 3519
f 3522 3183 3523
f 3523 3184 3517
f 3388 3386 3441
f 3394 3391 3441
f 3441 3392 3394
f 3396 3392 3441
f 3441 3395 3396
f 3398 3395 3441
f 3441 3279 3308
f 3441 3387 3388
f 3390 3389 3441
f 3393 3390 3441
f 3389 3387 3441
f 3393 3441 3391
f 3491 3227 3490
f 3386 3385 3441
f 3385 3384 3441
f 2385 3567 3566
f 3565 2385 3566
f 3571 3235 3570
f 3570 3236 3516
f 2391 3571 3572
f 3569 2391 3572
f 2391 3569 3573
f 2391 3573 3574
f 3594 4951 3595
f 3498 4951 3584
f 3584 4951 3585
f 3585 4951 3586
f 3586 4951 3587
f 3587 4951 3588
f 3588 4951 3589
f 3589 4951 3590
f 3591 4951 3592
f 4951 3591 3590
f 3592 4951 3593
f 3593 4951 3594
f 3516 3173 3515
f 3595 4951 3596
f 3596 4951 3597
f 3279 3441 3377
f 3378 3377 3441
f 3379 3378 3441
f 3380 3379 3441
f 3382 3380 3441
f 3381 3382 3441
f 3383 3381 3441
f 3384 3383 3441
f 3503 3188 3502
f 3499 3209 3491
f 3500 3205 3499
f 3502 3208 3501
f 3501 3207 3500
f 3505 3187 3504
f 3504 3189 3503
f 3507 3201 3508
f 3508 3202 3506
f 3510 3199 3509
f 3509 3200 3507
f 3506 3203 3505
f 3492 3494 3498
f 3532 3186 3530
f 3530 3195 3531
f 3531 3196 3528
f 3528 3190 3529
f 3527 3192 3526
f 3526 3194 3511
f 3511 3194 3512
f 3512 3198 3510
f 3529 3191 3527
f 3173 3514 3515
f 3450 3451 3498
f 3467 3455 3498
f 3456 3458 3498
f 3458 3457 3498
f 3498 3462 3463
f 3463 3449 3498
f 3464 3462 3498
f 3461 3464 3498
f 3452 3450 3498
f 3453 3452 3498
f 3454 3453 3498
f 3454 3498 3449
f 3498 3455 3456
f 3451 3442 3498
f 3443 3498 3442
f 3486 3483 3498
f 3483 3484 3498
f 3485 3486 3498
f 3484 3482 3498
f 3482 3481 3498
f 3481 3479 3498
f 3479 3480 3498
f 3478 3477 3498
f 3465 3466 3498
f 3536 2392 3537
f 2392 3535 3537
f 3477 3474 3498
f 3498 3448 3472
f 3475 3498 3474
f 3476 3473 3498
f 3473 3448 3498
f 3475 3476 3498
f 3498 3469 3470
f 3470 3471 3498
f 3468 3465 3498
f 3397 3399 3441
f 3498 3444 3445
f 3471 3468 3498
f 3498 3446 3447
f 3469 3498 3447
f 3467 3498 3466
f 3472 3444 3498
f 3446 3498 3445
f 3498 3459 3461
f 3460 3459 3498
f 3498 3457 3460
f 3411 3407 3441
f 3429 3426 3498
f 3441 3414 3418
f 3419 3413 3441
f 3413 3414 3441
f 3418 3417 3441
f 3415 3410 3441
f 3412 3411 3441
f 3417 3416 3441
f 3416 3415 3441
f 3410 3412 3441
f 3408 3406 3441
f 3443 3440 3498
f 3407 3409 3441
f 3409 3408 3441
f 3405 3404 3441
f 3406 3405 3441
f 3403 3402 3441
f 3441 3401 3403
f 3404 3401 3441
f 3400 3397 3441
f 3402 3400 3441
f 3399 3398 3441
f 3422 3420 3498
f 3480 3478 3498
f 3440 3439 3498
f 3498 3419 3441
f 3439 3438 3498
f 3435 3431 3498
f 3437 3435 3498
f 3431 3432 3498
f 3498 3434 3436
f 3438 3430 3498
f 3430 3433 3498
f 3433 3434 3498
f 3436 3437 3498
f 3432 3423 3498
f 3420 3419 3498
f 3424 3498 3423
f 3424 3429 3498
f 3498 3425 3427
f 3426 3425 3498
f 3498 3421 3422
f 3428 3498 3427
f 3428 3421 3498
f 101 66 1
f 1 99 5
f 28 20 29
f 77 27 28
f 77 28 78
f 76 26 77
f 75 26 76
f 74 25 75
f 26 27 77
f 26 75 25
f 74 24 25
f 99 1252 22
f 31 23 57
f 30 22 31
f 29 21 30
f 29 78 28
f 27 19 28
f 26 18 27
f 25 17 26
f 24 16 25
f 23 48 57
f 22 23 31
f 21 22 30
f 20 21 29
f 19 20 28
f 18 19 27
f 17 18 26
f 16 17 25
f 37 36 44
f 41 33 40
f 53 101 52
f 52 101 51
f 51 101 39
f 39 101 38
f 38 101 37
f 37 101 36
f 101 35 36
f 101 34 35
f 51 39 47
f 39 38 46
f 38 37 45
f 21 99 22
f 36 35 43
f 35 34 42
f 34 33 41
f 33 32 40
f 101 1 34
f 81 31 90
f 80 30 81
f 79 30 80
f 78 29 79
f 31 57 90
f 30 31 81
f 30 79 29
f 5 6 13
f 40 32 15
f 15 8 14
f 14 7 10
f 13 6 24
f 9 2 12
f 12 5 13
f 11 4 9
f 10 3 11
f 32 8 15
f 8 7 14
f 7 3 10
f 6 16 24
f 100 1 66
f 5 12 2
f 3 4 11
f 4 2 9
f 33 34 1
f 32 33 1
f 8 32 1
f 7 8 1
f 3 1 4
f 3 7 1
f 2 4 1
f 1 5 2
f 1252 99 1253
f 71 10 72
f 20 99 21
f 19 99 20
f 18 99 19
f 17 99 18
f 16 99 17
f 6 99 16
f 5 99 6
f 99 1 100
f 10 11 67
f 11 9 67
f 82 15 73
f 73 14 71
f 1253 99 100
f 10 67 72
f 40 15 82
f 15 14 73
f 14 10 71
f 69 13 74
f 68 12 69
f 67 9 70
f 70 12 68
f 13 24 74
f 12 13 69
f 12 70 9
f 94 62 97
f 100 76 77
f 100 75 76
f 100 74 75
f 100 69 74
f 66 102 73
f 73 71 66
f 72 66 71
f 69 66 68
f 70 68 66
f 100 66 69
f 72 67 66
f 66 67 70
f 100 77 78
f 98 65 94
f 62 96 97
f 96 61 95
f 65 62 94
f 62 61 96
f 61 60 95
f 92 64 98
f 93 59 92
f 91 59 93
f 90 58 91
f 59 64 92
f 59 91 58
f 102 88 87
f 42 34 41
f 94 1253 98
f 1253 92 98
f 1253 96 102
f 97 1253 94
f 96 1253 97
f 1253 93 92
f 1253 91 93
f 1253 100 91
f 102 96 95
f 102 95 89
f 102 89 88
f 43 35 42
f 102 87 86
f 85 102 86
f 84 102 85
f 83 102 84
f 82 102 83
f 73 102 82
f 100 90 91
f 100 81 90
f 100 80 81
f 100 79 80
f 100 78 79
f 85 42 84
f 49 50 59
f 48 49 58
f 95 47 89
f 89 46 88
f 46 87 88
f 87 44 86
f 60 47 95
f 47 46 89
f 46 45 87
f 45 44 87
f 44 43 86
f 86 43 85
f 98 63 65
f 42 83 84
f 83 41 82
f 43 42 85
f 42 41 83
f 41 40 82
f 66 101 102
f 60 51 47
f 47 39 46
f 46 38 45
f 45 37 44
f 44 36 43
f 90 57 58
f 52 51 60
f 55 64 50
f 64 63 98
f 1252 101 53
f 64 55 63
f 63 54 65
f 62 53 61
f 65 56 62
f 61 52 60
f 59 50 64
f 58 49 59
f 57 48 58
f 1252 53 56
f 50 1252 55
f 1252 56 54
f 53 52 61
f 56 53 62
f 55 54 63
f 54 56 65
f 22 1252 23
f 23 1252 48
f 48 1252 49
f 49 1252 50
f 55 1252 54
f 7934 7932 7991
f 8006 7938 7997
f 7997 7937 7995
f 7995 7933 7996
f 7933 7991 7996
f 7964 7938 8006
f 7938 7937 7997
f 7937 7933 7995
f 7993 7936 7998
f 7992 7935 7993
f 7991 7932 7994
f 7994 7935 7992
f 7936 7947 7998
f 7933 7934 7991
f 7928 8024 7929
f 7929 8024 7939
f 7939 8024 7940
f 7940 8024 7941
f 7941 8024 7942
f 7942 8024 7943
f 8024 7944 7943
f 8024 7945 7944
f 7939 7940 7948
f 7940 7941 7949
f 7941 7942 7950
f 7942 7943 7951
f 7943 7944 7952
f 7928 7929 7936
f 7928 7924 8024
f 7924 7963 7990
f 7924 7928 7925
f 7924 7925 7927
f 7930 7924 7926
f 7926 7924 7927
f 7931 7924 7930
f 7955 7924 7931
f 7956 7924 7955
f 7957 7924 7956
f 7927 7925 7932
f 7926 7927 7934
f 7928 7935 7925
f 7935 7936 7993
f 7929 7939 7947
f 7930 7926 7933
f 7931 7930 7937
f 7955 7931 7938
f 7933 7926 7934
f 7934 7927 7932
f 7935 7928 7936
f 7932 7925 7935
f 7936 7929 7947
f 7937 7930 7933
f 7938 7931 7937
f 7964 7955 7938
f 7935 7994 7932
f 7963 7962 7975
f 7956 7955 7964
f 7957 7956 7965
f 7958 7957 7966
f 7959 7958 7967
f 7960 7959 7968
f 7961 7960 7969
f 7962 7961 7970
f 7975 7962 7971
f 7963 7957 7958
f 7963 7958 7959
f 7963 7959 7960
f 7963 7960 7961
f 7963 7961 7962
f 7963 7924 7957
f 7975 7976 7963
f 7976 7977 7963
f 7965 7956 7964
f 7966 7957 7965
f 7967 7958 7966
f 7968 7959 7967
f 7969 7960 7968
f 7970 7961 7969
f 7971 7962 7970
f 7984 7975 7971
f 7963 8025 8014
f 7990 7963 8014
f 7965 7964 8006
f 7949 7950 8001
f 7945 7946 7954
f 7946 7972 7981
f 7947 7939 7948
f 7948 7940 7949
f 7949 7941 7950
f 7950 7942 7951
f 7951 7943 7952
f 7952 7944 7953
f 7953 7945 7954
f 7954 7946 7981
f 8024 8025 7945
f 7998 7947 7948
f 7949 7999 7948
f 7944 7945 7953
f 7998 7948 7999
f 7999 7949 8000
f 8000 7949 8001
f 8001 7951 8002
f 8001 7950 7951
f 7952 8002 7951
f 7953 8003 7952
f 7953 7954 8005
f 7954 7981 8015
f 8002 7952 8003
f 8003 7953 8004
f 8004 7953 8005
f 8005 7954 8015
f 8026 7990 7993
f 8003 8026 8002
f 8026 8001 8002
f 8026 8000 8001
f 8026 7999 8000
f 8026 7998 7999
f 8026 7993 7998
f 7990 8014 7997
f 7990 7997 7995
f 7990 7995 7996
f 7993 7990 7992
f 7992 7990 7994
f 8004 8026 8003
f 7990 7996 7991
f 7994 7990 7991
f 8014 8025 8027
f 8019 7986 8022
f 8023 7989 8019
f 7986 8021 8022
f 8021 7985 8020
f 7989 7986 8019
f 7986 7985 8021
f 7985 7984 8020
f 8017 7988 8023
f 8020 8013 8014
f 8024 8027 8025
f 8027 8024 8026
f 8023 8019 8027
f 8027 8017 8023
f 8021 8014 8027
f 8019 8022 8027
f 8022 8021 8027
f 8018 8017 8027
f 8027 8016 8018
f 8027 8026 8016
f 8021 8020 8014
f 7967 7966 8009
f 8013 8012 8014
f 8012 8011 8014
f 8011 8010 8014
f 8010 8009 8014
f 8009 8008 8014
f 8008 8007 8014
f 8007 8006 8014
f 8006 7997 8014
f 8016 8026 8015
f 8015 8026 8005
f 8005 8026 8004
f 7970 8011 8012
f 7945 8025 7946
f 7978 7980 7989
f 7979 7978 7987
f 7980 7977 7986
f 7977 7976 7985
f 7976 7975 7984
f 7979 7988 7974
f 7973 7974 7983
f 7972 7973 7982
f 8020 7971 8013
f 8013 7970 8012
f 8016 7983 8018
f 8011 7968 8010
f 7984 7971 8020
f 7971 7970 8013
f 7970 7969 8011
f 7969 7968 8011
f 7968 7967 8010
f 8010 7967 8009
f 8009 7966 8008
f 7966 8007 8008
f 8007 7965 8006
f 7966 7965 8007
f 7972 8025 7973
f 8018 7983 8017
f 8015 7982 8016
f 7983 7988 8017
f 7983 8016 7982
f 8015 7981 7982
f 8023 7987 7989
f 7988 7987 8023
f 7977 8025 7963
f 7988 7979 7987
f 7987 7978 7989
f 7986 7977 7985
f 7985 7976 7984
f 7989 7980 7986
f 7946 8025 7972
f 7973 8025 7974
f 7978 7979 8025
f 8025 7979 7974
f 7978 8025 7980
f 7977 7980 8025
f 7981 7972 7982
f 7982 7973 7983
f 7983 7974 7988
f 4525 4540 4529
f 4743 4591 4525
f 4525 4529 4526
f 4526 4528 4525
f 4527 4531 4525
f 4527 4525 4528
f 4531 4532 4525
f 4532 4557 4525
f 4557 4558 4525
f 4558 4559 4525
f 4528 4526 4533
f 4527 4528 4535
f 4529 4536 4526
f 4529 4530 4537
f 4530 4541 4549
f 4531 4527 4534
f 4569 4561 4568
f 4532 4531 4538
f 4586 4577 4585
f 4547 4744 4548
f 4548 4744 4573
f 4573 4744 4574
f 4574 4744 4575
f 4580 4744 4579
f 4575 4744 4580
f 4744 4581 4579
f 4744 4578 4581
f 4582 4573 4583
f 4583 4574 4584
f 4584 4575 4589
f 4579 4581 4590
f 4590 4581 4587
f 4587 4578 4586
f 4588 4579 4590
f 4589 4580 4588
f 4744 4540 4835
f 4743 4578 4744
f 4589 4588 4624
f 4624 4588 4590
f 4616 4582 4583
f 4584 4617 4583
f 4584 4589 4618
f 4585 4572 4621
f 4566 4565 4608
f 4567 4566 4609
f 4568 4567 4611
f 4609 4566 4608
f 4567 4609 4610
f 4611 4567 4610
f 4612 4568 4611
f 4569 4568 4612
f 4570 4569 4613
f 4571 4570 4613
f 4572 4571 4615
f 4616 4583 4617
f 4613 4569 4612
f 4571 4613 4614
f 4615 4571 4614
f 4621 4572 4615
f 4573 4574 4583
f 4574 4575 4584
f 4580 4589 4575
f 4577 4576 4585
f 4578 4577 4586
f 4581 4578 4587
f 4580 4579 4588
f 4745 4614 4613
f 4604 4605 4599
f 4605 4606 4599
f 4606 4607 4599
f 4607 4616 4599
f 4616 4617 4599
f 4598 4745 4608
f 4608 4745 4609
f 4609 4745 4610
f 4610 4745 4611
f 4611 4745 4612
f 4745 4613 4612
f 4603 4604 4599
f 4745 4615 4614
f 4745 4621 4615
f 4745 4622 4621
f 4835 4599 4617
f 4835 4617 4619
f 4835 4619 4618
f 4622 4835 4623
f 4623 4835 4620
f 4745 4835 4622
f 4835 4618 4624
f 4620 4835 4624
f 4597 4592 4591
f 4617 4584 4619
f 4619 4584 4618
f 4618 4589 4624
f 4586 4585 4621
f 4587 4586 4622
f 4590 4587 4620
f 4622 4586 4621
f 4587 4622 4623
f 4624 4590 4620
f 4620 4587 4623
f 4591 4592 4595
f 4534 4527 4535
f 4599 4591 4594
f 4595 4593 4591
f 4594 4591 4593
f 4597 4591 4596
f 4598 4596 4591
f 4591 4745 4598
f 4599 4594 4600
f 4599 4600 4601
f 4599 4601 4602
f 4602 4603 4599
f 4541 4542 4550
f 4535 4533 4592
f 4534 4535 4592
f 4540 4525 4599
f 4529 4540 4530
f 4530 4540 4541
f 4541 4540 4542
f 4542 4540 4543
f 4543 4540 4544
f 4544 4540 4545
f 4545 4540 4546
f 4546 4540 4547
f 4608 4539 4598
f 4542 4543 4551
f 4543 4544 4552
f 4544 4545 4553
f 4545 4546 4554
f 4546 4547 4555
f 4547 4548 4556
f 4548 4573 4582
f 4549 4541 4550
f 4550 4542 4551
f 4551 4543 4552
f 4552 4544 4553
f 4537 4549 4600
f 4591 4743 4745
f 4535 4528 4533
f 4536 4529 4537
f 4533 4526 4536
f 4537 4530 4549
f 4538 4531 4534
f 4539 4532 4538
f 4565 4557 4539
f 4599 4525 4591
f 4536 4595 4533
f 4536 4537 4594
f 4585 4576 4572
f 4595 4536 4593
f 4592 4533 4595
f 4593 4536 4594
f 4594 4537 4600
f 4538 4534 4596
f 4539 4538 4598
f 4565 4539 4608
f 4534 4592 4597
f 4596 4534 4597
f 4598 4538 4596
f 4564 4743 4563
f 4559 4558 4566
f 4560 4559 4567
f 4561 4560 4568
f 4562 4561 4569
f 4563 4562 4570
f 4564 4563 4571
f 4576 4564 4572
f 4743 4559 4560
f 4743 4560 4561
f 4562 4743 4561
f 4563 4743 4562
f 4554 4546 4555
f 4576 4743 4564
f 4577 4743 4576
f 4578 4743 4577
f 4566 4558 4565
f 4567 4559 4566
f 4568 4560 4567
f 4557 4532 4539
f 4570 4562 4569
f 4571 4563 4570
f 4572 4564 4571
f 4553 4545 4554
f 4743 4525 4559
f 4558 4557 4565
f 4555 4547 4556
f 4556 4548 4582
f 4540 4744 4547
f 4600 4549 4550
f 4551 4601 4550
f 4551 4552 4603
f 4600 4550 4601
f 4601 4551 4602
f 4602 4551 4603
f 4603 4553 4604
f 4554 4604 4553
f 4555 4605 4554
f 4555 4556 4607
f 4556 4582 4616
f 4604 4554 4605
f 4605 4555 4606
f 4606 4555 4607
f 4607 4556 4616
f 4835 4540 4599
f 4603 4552 4553
f 9684 9678 9680
f 9678 9679 9681
f 9678 9682 9679
f 9678 9718 9746
f 9682 9678 9693
f 9756 9704 9757
f 9757 9704 9758
f 9758 9706 9759
f 9758 9705 9706
f 9707 9759 9706
f 9708 9760 9707
f 9708 9709 9762
f 9680 9678 9681
f 9685 9678 9684
f 9710 9678 9685
f 9711 9678 9710
f 9712 9678 9711
f 9681 9679 9686
f 9680 9681 9688
f 9682 9689 9679
f 9682 9683 9690
f 9683 9694 9702
f 9684 9680 9687
f 9685 9684 9691
f 9710 9685 9692
f 9717 9716 9725
f 9722 9713 9721
f 9721 9712 9720
f 9720 9711 9719
f 9731 9732 9718
f 9730 9731 9718
f 9718 9717 9730
f 9718 9716 9717
f 9718 9715 9716
f 9718 9714 9715
f 9718 9713 9714
f 9718 9712 9713
f 9730 9717 9726
f 9709 9737 9772
f 9716 9715 9724
f 9715 9714 9723
f 9714 9713 9722
f 9713 9712 9721
f 9712 9711 9720
f 9711 9710 9719
f 9718 9678 9712
f 9781 9693 9754
f 9762 9709 9772
f 9761 9708 9762
f 9760 9708 9761
f 9759 9707 9760
f 9701 9727 9737
f 9695 9693 9696
f 9696 9693 9697
f 9697 9693 9698
f 9693 9699 9698
f 9693 9700 9699
f 9694 9695 9703
f 9695 9696 9704
f 9696 9697 9705
f 9697 9698 9706
f 9698 9699 9707
f 9699 9700 9708
f 9700 9701 9709
f 9694 9693 9695
f 9702 9694 9703
f 9703 9695 9704
f 9704 9696 9705
f 9705 9697 9706
f 9706 9698 9707
f 9707 9699 9708
f 9708 9700 9709
f 9709 9701 9737
f 9693 9736 9700
f 9755 9702 9703
f 9704 9756 9703
f 9704 9705 9758
f 9748 9689 9749
f 9688 9681 9686
f 9689 9682 9690
f 9686 9679 9689
f 9690 9683 9702
f 9691 9684 9687
f 9692 9685 9691
f 9719 9710 9692
f 9689 9750 9686
f 9689 9690 9749
f 9690 9702 9755
f 9750 9689 9748
f 9747 9686 9750
f 9687 9680 9688
f 9749 9690 9755
f 9691 9687 9751
f 9692 9691 9753
f 9719 9692 9763
f 9687 9747 9752
f 9751 9687 9752
f 9753 9691 9751
f 9763 9692 9753
f 9688 9686 9747
f 9687 9688 9747
f 9682 9693 9683
f 9683 9693 9694
f 9776 9742 9779
f 9754 9756 9757
f 9754 9755 9756
f 9754 9749 9755
f 9746 9771 9753
f 9746 9753 9751
f 9746 9751 9752
f 9749 9746 9748
f 9748 9746 9750
f 9746 9749 9754
f 9746 9752 9747
f 9750 9746 9747
f 9771 9736 9781
f 9754 9757 9758
f 9780 9745 9776
f 9742 9778 9779
f 9778 9741 9777
f 9745 9742 9776
f 9742 9741 9778
f 9741 9740 9777
f 9774 9744 9780
f 9775 9739 9774
f 9773 9739 9775
f 9772 9738 9773
f 9739 9744 9774
f 9739 9773 9738
f 9769 9768 9771
f 9755 9703 9756
f 9780 9776 9781
f 9781 9774 9780
f 9778 9771 9781
f 9776 9779 9781
f 9779 9778 9781
f 9775 9774 9781
f 9781 9773 9775
f 9781 9754 9773
f 9778 9777 9771
f 9777 9770 9771
f 9770 9769 9771
f 9772 9737 9738
f 9768 9767 9771
f 9767 9766 9771
f 9766 9765 9771
f 9765 9764 9771
f 9764 9763 9771
f 9763 9753 9771
f 9773 9754 9772
f 9772 9754 9762
f 9762 9754 9761
f 9761 9754 9760
f 9760 9754 9759
f 9754 9758 9759
f 9767 9722 9766
f 9734 9744 9729
f 9728 9729 9739
f 9727 9728 9738
f 9777 9726 9770
f 9770 9725 9769
f 9725 9768 9769
f 9768 9723 9767
f 9740 9726 9777
f 9726 9725 9770
f 9725 9724 9768
f 9724 9723 9768
f 9723 9722 9767
f 9731 9730 9740
f 9766 9721 9765
f 9721 9764 9765
f 9764 9720 9763
f 9722 9721 9766
f 9721 9720 9764
f 9720 9719 9763
f 9746 9718 9771
f 9718 9736 9771
f 9740 9730 9726
f 9726 9717 9725
f 9725 9716 9724
f 9724 9715 9723
f 9732 9735 9736
f 9780 9743 9745
f 9744 9743 9780
f 9732 9736 9718
f 9693 9781 9736
f 9744 9734 9743
f 9743 9733 9745
f 9742 9732 9741
f 9745 9735 9742
f 9741 9731 9740
f 9739 9729 9744
f 9738 9728 9739
f 9737 9727 9738
f 9723 9714 9722
f 9733 9736 9735
f 9736 9734 9729
f 9733 9734 9736
f 9728 9736 9729
f 9727 9736 9728
f 9701 9736 9727
f 9700 9736 9701
f 9733 9735 9745
f 9734 9733 9743
f 9735 9732 9742
f 9732 9731 9741

