# https://github.com/mikedh/trimesh
v -12.50000000 10.00000000 0.00000000
v -11.52716351 11.13519478 0.00000000
v -11.46213245 11.03786755 0.00000000
v -11.36480522 10.97283649 0.00000000
v -11.41667080 11.00055885 0.00000000
v -11.49944115 11.08332920 0.00000000
v -11.54423523 11.19147301 0.00000000
v -11.55000019 11.25000000 0.00000000
v -11.54423523 11.30852699 0.00000000
v -11.52716351 11.36480522 0.00000000
v -11.30852699 10.95576477 0.00000000
v -11.25000000 10.94999981 0.00000000
v -11.19147301 10.95576477 0.00000000
v -11.13519478 10.97283649 0.00000000
v -11.08332920 11.00055885 0.00000000
v -11.03786755 11.03786755 0.00000000
v -11.00055885 11.08332920 0.00000000
v -10.97283649 11.13519478 0.00000000
v -10.95576477 11.19147301 0.00000000
v -10.94999981 11.25000000 0.00000000
v -10.95576477 11.30852699 0.00000000
v -10.97283649 11.36480522 0.00000000
v -11.49944115 11.41667080 0.00000000
v -11.46213245 11.46213245 0.00000000
v -11.41667080 11.49944115 0.00000000
v -11.36480522 11.52716351 0.00000000
v -11.30852699 11.54423523 0.00000000
v -11.25000000 11.55000019 0.00000000
v -11.19147301 11.54423523 0.00000000
v -11.13519478 11.52716351 0.00000000
v -11.03786755 11.46213245 0.00000000
v -11.08332920 11.49944115 0.00000000
v -11.00055885 11.41667080 0.00000000
v -11.52716351 11.13519478 0.27500001
v -11.46213245 11.03786755 0.27500001
v -11.36480522 10.97283649 0.27500001
v -11.41667080 11.00055885 0.27500001
v -11.49944115 11.08332920 0.27499998
v -11.54423523 11.19147301 0.27500001
v -11.55000019 11.25000000 0.27500001
v -11.54423523 11.30852699 0.27500001
v -11.52716351 11.36480522 0.27500001
v -11.30852699 10.95576477 0.27500001
v -11.25000000 10.94999981 0.27500001
v -11.19147301 10.95576477 0.27500001
v -11.13519478 10.97283649 0.27500001
v -11.08332920 11.00055885 0.27500001
v -11.03786755 11.03786755 0.27500001
v -11.00055885 11.08332920 0.27499998
v -10.97283649 11.13519478 0.27500001
v -10.95576477 11.19147301 0.27500001
v -10.94999981 11.25000000 0.27500001
v -10.95576477 11.30852699 0.27500001
v -10.97283649 11.36480522 0.27500001
v -11.49944115 11.41667080 0.27499998
v -11.46213245 11.46213245 0.27500001
v -11.41667080 11.49944115 0.27500001
v -11.36480522 11.52716351 0.27500001
v -11.30852699 11.54423523 0.27500001
v -11.25000000 11.55000019 0.27500001
v -11.19147301 11.54423523 0.27500001
v -11.13519478 11.52716351 0.27500001
v -11.03786755 11.46213150 0.27500001
v -11.08332920 11.49944115 0.27500001
v -11.00055885 11.41667080 0.27499998
v -10.00000000 10.00000000 0.00000000
v -12.50000000 10.00000000 0.50000000
v -11.54167461 10.81347847 0.50000000
v -11.62123108 10.87876892 0.50000000
v -11.45090866 10.76496315 0.50000000
v -11.35242271 10.73508739 0.50000000
v -11.25000000 10.72500038 0.50000000
v -11.14757729 10.73508739 0.50000000
v -11.04909134 10.76496315 0.50000000
v -10.95832539 10.81347847 0.50000000
v -11.73503685 11.04909134 0.50000000
v -11.76491261 11.14757729 0.50000000
v -11.77499962 11.25000000 0.50000000
v -11.76491261 11.35242271 0.50000000
v -11.73503685 11.45090866 0.50000000
v -11.68652153 10.95832539 0.50000000
v -11.68652153 11.54167461 0.50000000
v -11.62123108 11.62123108 0.50000000
v -11.54167461 11.68652153 0.50000000
v -11.45090866 11.73503685 0.50000000
v -11.35242271 11.76491261 0.50000000
v -11.25000000 11.77499962 0.50000000
v -11.14757729 11.76491261 0.50000000
v -11.04909134 11.73503685 0.50000000
v -10.95832539 11.68652153 0.50000000
v -10.87876892 10.87876892 0.50000000
v -10.00000000 10.00000000 0.50000000
v -10.81347847 10.95832539 0.50000000
v -10.76496315 11.04909134 0.50000000
v -10.73508739 11.14757729 0.50000000
v -10.72500038 11.25000000 0.50000000
v -10.73508739 11.35242271 0.50000000
v -10.76496315 11.45090866 0.50000000
v -10.87876892 11.62123108 0.50000000
v -10.81347847 11.54167461 0.50000000
v -12.50000000 12.50000000 0.00000000
v -10.00000000 12.50000000 0.00000000
v -12.50000000 12.50000000 0.50000000
v -10.00000000 12.50000000 0.50000000
v -8.99034214 14.76771641 0.50000000
v -6.71178198 14.76771641 0.50000000
v -7.95630312 15.22428608 2.02233911
v -8.40513229 15.15109158 2.16780996
v -8.22741318 15.18996716 2.09071803
v -8.27452278 15.18111992 2.10826302
v -8.06752777 15.21345234 2.04408002
v -8.01170826 15.21947289 2.03211808
v -8.12257767 15.20643330 2.05802107
v -8.17606449 15.19855595 2.07365608
v -8.32077503 15.17148399 2.12739706
v -8.36433697 15.16143703 2.14731002
v -7.45117378 15.18305683 2.07642388
v -8.60455704 15.08258533 2.30325508
v -8.63538933 15.06829548 2.33151793
v -8.44314671 15.14054108 2.18870211
v -8.47845268 15.12986183 2.20984411
v -8.51111889 15.11910439 2.23110104
v -8.54244328 15.10790348 2.25323796
v -8.57358551 15.09575939 2.27723002
v -8.66606998 15.05276775 2.36223602
v -8.69648647 15.03593254 2.39555812
v -8.99034214 14.76771641 2.50000000
v -8.72360134 15.01960468 2.42787910
v -8.75329304 15.00009251 2.46658802
v -8.77656937 14.98325348 2.50000000
v -8.77914810 14.98091125 2.50000000
v -8.78180695 15.00067997 2.50000000
v -8.76061726 15.07802296 2.50000000
v -8.75963783 15.08131504 2.50000000
v -8.73865795 15.15088367 2.50000000
v -8.73297787 15.17453289 2.50000000
v -8.70726109 15.25261784 2.50000000
v -8.70425224 15.26316929 2.50000000
v -8.68035316 15.32981300 2.50000000
v -8.67794609 15.33729839 2.50000000
v -8.65026283 15.40854740 2.50000000
v -8.64834595 15.41386223 2.50000000
v -8.64364243 15.42558384 2.50000000
v -8.61464214 15.49310970 2.50000000
v -8.61298180 15.49724770 2.50000000
v -8.61169910 15.50016975 2.50000000
v -8.58214283 15.56327057 2.50000000
v -8.55240345 15.62150574 2.50000000
v -8.55110168 15.62418365 2.50000000
v -7.15982771 15.02963448 2.38509488
v -7.01851082 15.00167274 2.44135189
v -6.82589293 14.97345543 2.50000000
v -6.66522551 14.97252178 2.50000000
v -8.55000687 15.62624550 2.50000000
v -8.51984882 15.68042088 2.50000000
v -8.49689770 15.71847439 2.50000000
v -8.48720932 15.73444271 2.50000000
v -8.46293736 15.77143669 2.50000000
v -8.45189571 15.78818226 2.50000000
v -8.41499233 15.83963299 2.50000000
v -8.41382599 15.84131145 2.50000000
v -8.41271591 15.84277248 2.50000000
v -8.37292194 15.89347267 2.50000000
v -8.34495449 15.92592239 2.50000000
v -8.32918835 15.94417667 2.50000000
v -8.31328583 15.96081448 2.50000000
v -8.31212521 15.96206284 2.50000000
v -8.28270340 15.99292469 2.50000000
v -8.28158855 15.99400139 2.50000000
v -8.23527718 16.03768539 2.50000000
v -8.18474102 16.08019829 2.50000000
v -8.18352318 16.08124542 2.50000000
v -8.15207386 16.10450172 2.50000000
v -8.12952423 16.12122154 2.50000000
v -8.07506180 16.15613365 2.50000000
v -8.07384872 16.15692711 2.50000000
v -8.07268333 16.15757179 2.50000000
v -8.01727867 16.18762589 2.50000000
v -7.99325275 16.19825363 2.50000000
v -7.96098852 16.21279144 2.50000000
v -7.91506481 16.23217392 2.50000000
v -7.85684443 16.25629997 2.50000000
v -7.85637665 16.25648689 2.50000000
v -7.80214739 16.27650070 2.50000000
v -7.80066347 16.27696609 2.50000000
v -7.80148983 16.27672577 2.50000000
v -7.79969931 16.27722168 2.50000000
v -7.74804831 16.29239273 2.50000000
v -7.74583387 16.29292679 2.50000000
v -7.74698305 16.29265594 2.50000000
v -7.74462175 16.29320145 2.50000000
v -8.99034214 18.45205688 0.50000000
v -8.17895603 20.00387955 0.50000000
v -6.51572895 20.00387955 0.50000000
v -7.53552389 20.76857567 0.54409599
v -7.49476910 20.78065109 0.52943701
v -7.51535797 20.77486610 0.53641498
v -7.55522728 20.76177788 0.55246502
v -7.57443762 20.75449944 0.56150502
v -7.59311771 20.74674416 0.57120001
v -7.61122274 20.73853302 0.58153301
v -7.64557552 20.72078896 0.60402900
v -7.62871456 20.72987175 0.59248298
v -7.66176891 20.71130180 0.61614799
v -7.05786991 20.77934456 0.54756802
v -7.03801584 20.77343369 0.55622399
v -7.43085003 20.79480553 0.51284897
v -7.47379208 20.78590202 0.52317601
v -7.45247507 20.79063225 0.51764297
v -7.38687086 20.80152130 0.50550997
v -7.34217501 20.80596924 0.50121701
v -7.36459255 20.80402184 0.50297999
v -7.31967211 20.80733490 0.50022203
v -7.29711246 20.80814171 0.50000000
v -7.27454424 20.80835152 0.50055099
v -7.25201750 20.80799484 0.50187200
v -7.22957182 20.80707932 0.50396103
v -7.20724344 20.80555916 0.50681502
v -7.40897512 20.79844475 0.50880098
v -7.18507814 20.80348778 0.51042902
v -7.16311979 20.80084991 0.51479501
v -7.14141083 20.79763412 0.51990497
v -7.11998224 20.79388809 0.52574998
v -7.09889603 20.78956795 0.53231698
v -7.07818317 20.78471565 0.53959298
v -7.01863670 20.76702499 0.56554502
v -6.99978781 20.76011276 0.57551301
v -6.98149395 20.75271797 0.58611101
v -6.96378803 20.74485588 0.59731698
v -6.94672060 20.73653793 0.60910797
v -6.93031168 20.72777748 0.62146503
v -7.67725801 20.70141220 0.62881798
v -7.69201517 20.69115448 0.64201599
v -7.70601559 20.68054581 0.65571499
v -7.73163128 20.65834236 0.68451399
v -7.74321270 20.64680290 0.69955701
v -7.71924257 20.66961098 0.66988897
v -7.75392437 20.63498878 0.71499598
v -7.76376772 20.62292862 0.73079401
v -7.77270126 20.61063957 0.74692798
v -7.78072977 20.59815598 0.76336199
v -7.78785276 20.58550835 0.78006703
v -6.91458368 20.71860695 0.63436300
v -6.89959478 20.70901108 0.64777601
v -6.88533783 20.69903755 0.66168201
v -6.87186670 20.68869209 0.67605102
v -6.85919189 20.67800522 0.69085699
v -6.83636665 20.65566063 0.72166502
v -6.84735394 20.66698456 0.70607102
v -6.82623625 20.64405060 0.73761100
v -6.81699848 20.63217735 0.75387597
v -6.80866575 20.62006569 0.77043003
v -7.80345869 20.54670906 0.83148998
v -7.80673170 20.53358269 0.84895498
v -7.79399204 20.57268143 0.79701197
v -7.79920721 20.55974388 0.81416303
v -7.80902290 20.52040482 0.86653000
v -7.81033707 20.50720406 0.88417900
v -7.81068182 20.49400330 0.90186799
v -7.80997467 20.48084259 0.91956598
v -7.80803776 20.46755791 0.93723500
v -6.80127716 20.60772324 0.78723902
v -6.79480171 20.59519768 0.80427700
v -6.78926611 20.58251381 0.82150698
v -6.78472805 20.56965446 0.83889502
v -6.78113317 20.55669022 0.85641199
v -6.77851057 20.54363251 0.87402201
v -6.77689075 20.53048897 0.89169198
v -6.77622986 20.51731300 0.90938902
v -6.77664900 20.50414848 0.92707902
v -7.69633770 20.31107330 1.14957595
v -7.68202686 20.30122566 1.16348100
v -7.66701078 20.29177475 1.17689395
v -7.65130377 20.28273582 1.18979204
v -7.63496351 20.27412605 1.20214903
v -7.61798048 20.26595688 1.21394205
v -7.60042953 20.25824356 1.22514606
v -7.58230209 20.25099754 1.23574305
v -7.56366301 20.24423218 1.24571097
v -6.91490078 20.30872345 1.18243897
v -6.94647408 20.28964806 1.20722997
v -6.93035412 20.29898834 1.19511104
v -6.96323109 20.28072166 1.21877503
v -6.98058748 20.27222061 1.22972405
v -6.99851131 20.26416588 1.24005604
v -7.01696348 20.25656128 1.24975300
v -7.80485296 20.45413780 0.95484602
v -7.80073690 20.44088554 0.97236198
v -7.79564095 20.42779160 0.98975199
v -7.78960943 20.41489601 1.00698102
v -7.78266859 20.40222168 1.02401698
v -7.77481556 20.38978577 1.04082894
v -7.75650549 20.36572266 1.07364798
v -7.76608801 20.37761307 1.05738199
v -7.74607229 20.35412788 1.08959198
v -6.77845621 20.49058914 0.94472700
v -6.78128147 20.47706032 0.96230203
v -6.78506517 20.46364021 0.97976899
v -6.78984308 20.45033264 0.99709302
v -6.79552078 20.43719673 1.01424599
v -6.80213642 20.42423248 1.03119004
v -6.80967617 20.41146088 1.04789400
v -6.81806707 20.39892006 1.06433105
v -6.82735205 20.38661003 1.08046305
v -7.73482227 20.34284782 1.10518599
v -7.72275543 20.33189964 1.12040102
v -7.70993090 20.32130432 1.13520801
v -6.84843636 20.36279488 1.11169899
v -6.83749151 20.37456131 1.09626198
v -6.86020374 20.35131836 1.12674403
v -6.87274599 20.34015656 1.14136803
v -6.88606834 20.32932472 1.15554297
v -6.90012836 20.31884193 1.16924202
v -12.50000000 22.50000000 0.00000000
v -10.00000000 22.50000000 0.00000000
v -12.50000000 22.50000000 0.50000000
v -10.00000000 22.50000000 0.50000000
v -11.36480522 23.47283554 0.00000000
v -11.49944115 23.58332825 0.00000000
v -11.46213245 23.53786850 0.00000000
v -11.41667080 23.50055885 0.00000000
v -11.30852699 23.45576477 0.00000000
v -11.25000000 23.45000076 0.00000000
v -11.19147301 23.45576477 0.00000000
v -11.13519478 23.47283554 0.00000000
v -11.08332920 23.50055885 0.00000000
v -11.03786755 23.53786850 0.00000000
v -11.00055885 23.58332825 0.00000000
v -11.52716351 23.63519478 0.00000000
v -11.54423523 23.69147301 0.00000000
v -11.55000019 23.75000000 0.00000000
v -11.54423523 23.80852699 0.00000000
v -11.52716351 23.86480522 0.00000000
v -11.49944115 23.91667175 0.00000000
v -11.46213245 23.96213150 0.00000000
v -11.41667080 23.99944115 0.00000000
v -11.36480522 24.02716446 0.00000000
v -10.97283649 23.63519478 0.00000000
v -10.95576477 23.69147301 0.00000000
v -10.94999981 23.75000000 0.00000000
v -10.95576477 23.80852699 0.00000000
v -11.30852699 24.04423523 0.00000000
v -11.25000000 24.04999924 0.00000000
v -11.19147301 24.04423523 0.00000000
v -11.13519478 24.02716446 0.00000000
v -10.97283649 23.86480522 0.00000000
v -11.00055885 23.91667175 0.00000000
v -11.03786755 23.96213150 0.00000000
v -11.08332920 23.99944115 0.00000000
v -11.36480522 23.47283554 0.27500001
v -11.49944115 23.58332825 0.27499998
v -11.46213245 23.53786850 0.27500001
v -11.41667080 23.50055885 0.27500001
v -11.30852699 23.45576477 0.27500001
v -11.25000000 23.45000076 0.27500001
v -11.19147301 23.45576477 0.27500001
v -11.13519478 23.47283554 0.27500001
v -11.08332920 23.50055885 0.27500001
v -11.03786755 23.53786850 0.27500001
v -11.00055885 23.58332825 0.27499998
v -11.52716351 23.63519478 0.27500001
v -11.54423523 23.69147301 0.27500001
v -11.55000019 23.75000000 0.27500001
v -11.54423523 23.80852699 0.27500001
v -11.52716351 23.86480522 0.27500001
v -11.49944115 23.91667175 0.27499998
v -11.46213245 23.96213150 0.27500001
v -11.41667080 23.99944115 0.27500001
v -11.36480522 24.02716446 0.27500001
v -10.97283649 23.63519478 0.27500001
v -10.95576477 23.69147301 0.27500001
v -10.94999981 23.75000000 0.27500001
v -10.95576477 23.80852699 0.27500001
v -11.30852699 24.04423523 0.27500001
v -11.25000000 24.04999924 0.27500001
v -11.19147301 24.04423523 0.27500001
v -11.13519478 24.02716446 0.27500001
v -10.97283649 23.86480522 0.27500001
v -11.00055885 23.91667175 0.27499998
v -11.03786755 23.96213150 0.27500001
v -11.08332920 23.99944115 0.27500001
v -12.50000000 25.00000000 0.00000000
v -10.00000000 25.00000000 0.00000000
v -11.73503685 23.54909134 0.50000000
v -11.76491261 23.64757729 0.50000000
v -11.77499962 23.75000000 0.50000000
v -11.76491261 23.85242271 0.50000000
v -11.73503685 23.95090866 0.50000000
v -11.54167461 23.31347847 0.50000000
v -11.35242271 23.23508835 0.50000000
v -11.45090866 23.26496315 0.50000000
v -11.62123108 23.37876892 0.50000000
v -11.68652153 23.45832634 0.50000000
v -11.25000000 23.22500038 0.50000000
v -11.14757729 23.23508835 0.50000000
v -11.04909134 23.26496315 0.50000000
v -10.95832539 23.31347847 0.50000000
v -11.68652153 24.04167366 0.50000000
v -12.50000000 25.00000000 0.50000000
v -11.62123108 24.12123108 0.50000000
v -11.54167461 24.18652153 0.50000000
v -11.45090866 24.23503685 0.50000000
v -11.35242271 24.26491165 0.50000000
v -11.25000000 24.27499962 0.50000000
v -11.14757729 24.26491165 0.50000000
v -11.04909134 24.23503685 0.50000000
v -10.95832539 24.18652153 0.50000000
v -10.87876892 23.37876892 0.50000000
v -10.81347847 23.45832634 0.50000000
v -10.76496315 23.54909134 0.50000000
v -10.73508739 23.64757729 0.50000000
v -10.72500038 23.75000000 0.50000000
v -10.76496315 23.95090866 0.50000000
v -10.81347847 24.04167366 0.50000000
v -10.73508739 23.85242271 0.50000000
v -10.87876892 24.12123108 0.50000000
v -10.00000000 25.00000000 0.50000000
v -8.17895603 23.32532501 0.50000000
v -6.51572895 23.32532501 0.50000000
v -2.96367455 20.17653275 0.50000000
v -1.31780720 20.17653275 0.50000000
v -2.36418486 21.65170670 0.52352703
v -2.44181132 21.69198418 0.54480898
v -2.40400004 21.67035866 0.53338200
v -2.38432431 21.66065025 0.52825302
v -2.42317724 21.68080521 0.53890502
v -2.45987320 21.70386314 0.55108500
v -2.47733307 21.71641350 0.55772102
v -2.49414325 21.72963333 0.56470299
v -2.51029062 21.74346924 0.57201898
v -2.52572417 21.75792503 0.57965398
v -2.54043007 21.77294922 0.58759397
v -2.55437326 21.78852654 0.59582400
v -2.56753635 21.80461121 0.60432899
v -2.57987380 21.82120132 0.61309099
v -2.59138322 21.83823586 0.62209499
v -2.25790262 21.61895943 0.50622499
v -2.21353650 21.61166954 0.50237697
v -2.23580837 21.61489296 0.50407600
v -2.19112301 21.60931396 0.50112897
v -2.16861391 21.60780144 0.50033700
v -2.14605880 21.60717010 0.50000000
v -2.12348962 21.60739899 0.50011897
v -2.10094523 21.60848427 0.50069499
v -2.07848120 21.61043358 0.50172698
v -2.05614138 21.61324310 0.50321198
v -2.03395510 21.61690331 0.50514698
v -2.01197433 21.62140083 0.50752902
v -2.30137110 21.62960625 0.51185101
v -2.32266903 21.63616943 0.51531798
v -2.27976537 21.62386703 0.50881797
v -2.34362006 21.64354134 0.51921201
v -1.99023747 21.62675095 0.51035303
v -1.96879470 21.63292503 0.51361400
v -1.94766629 21.63990021 0.51730603
v -1.92690933 21.64768219 0.52142203
v -1.90656221 21.65626526 0.52595299
v -1.88665855 21.66559982 0.53089201
v -1.86724973 21.67570877 0.53622800
v -1.84833896 21.68653297 0.54195201
v -1.83000660 21.69808197 0.54805303
v -1.81225085 21.71031189 0.55451900
v -1.79513049 21.72321510 0.56133801
v -1.77864969 21.73674583 0.56849700
v -1.76287735 21.75092316 0.57598102
v -1.74781287 21.76567268 0.58377802
v -1.73350775 21.78098488 0.59187299
v -1.71996725 21.79683876 0.60024798
v -1.70724177 21.81319427 0.60889000
v -1.69531775 21.82999992 0.61778098
v -2.96367455 22.71533585 0.50000000
v -1.31780720 22.71533585 0.50000000
v -2.60203505 21.85569572 0.63132298
v -2.61180258 21.87355232 0.64075702
v -2.62067652 21.89176369 0.65038002
v -2.62863827 21.91029739 0.66017401
v -2.64176178 21.94818497 0.68019700
v -2.63567042 21.92911530 0.67011899
v -2.64689636 21.96747208 0.69038898
v -2.65107536 21.98693085 0.70067501
v -2.65426922 22.00654030 0.71103501
v -2.65649128 22.02624893 0.72144997
v -2.65773773 22.04602432 0.73190099
v -2.65799713 22.06582642 0.74236703
v -2.65727758 22.08562088 0.75282800
v -2.65552020 22.10530472 0.76326400
v -2.65265965 22.12500381 0.77365601
v -1.68425858 21.84727478 0.62690401
v -1.67405450 21.86493683 0.63624299
v -1.66476488 21.88298988 0.64577901
v -1.65635729 21.90136909 0.65549302
v -1.64888692 21.92005920 0.66536897
v -1.64234173 21.93900871 0.67538601
v -1.63673592 21.95819473 0.68552601
v -1.63211823 21.97758484 0.69576901
v -1.62843621 21.99711990 0.70609701
v -1.62575567 22.01678658 0.71648902
v -1.62403548 22.03653526 0.72692502
v -1.62330663 22.05632973 0.73738599
v -1.62356651 22.07613182 0.74785101
v -1.62480950 22.09588051 0.75830197
v -1.62714100 22.11555672 0.76871800
v -1.63053846 22.13522148 0.77907801
v -2.64878440 22.14460373 0.78398299
v -2.64394999 22.16402245 0.79422599
v -2.63816166 22.18323135 0.80436599
v -1.63491607 22.15473366 0.78936303
v -1.64025378 22.17405128 0.79955500
v -2.63143802 22.20218849 0.81438398
v -2.62377667 22.22085953 0.82425898
v -2.61521101 22.23921204 0.83397400
v -2.60575342 22.25720978 0.84350997
v -2.59542251 22.27482033 0.85284799
v -2.58422804 22.29201126 0.86197102
v -2.57221031 22.30874825 0.87086201
v -2.55938888 22.32500648 0.87950402
v -2.54577494 22.34074974 0.88788003
v -2.53140855 22.35595512 0.89597398
v -2.51630807 22.37058830 0.90377003
v -2.50052524 22.38463402 0.91125602
v -2.48404455 22.39805031 0.91841400
v -2.46693683 22.41082573 0.92523301
v -2.44922400 22.42293167 0.93169898
v -1.64653957 22.19313049 0.80963302
v -1.65373218 22.21194077 0.81957799
v -1.66188574 22.23045540 0.82937199
v -1.67090607 22.24862289 0.83899498
v -1.68082678 22.26642418 0.84842902
v -1.69161129 22.28382111 0.85765702
v -1.70324254 22.30078125 0.86666101
v -1.71567929 22.31727219 0.87542301
v -1.72892022 22.33326530 0.88392800
v -1.74291205 22.34873199 0.89215797
v -1.77313733 22.37797546 0.90773398
v -1.78929174 22.39169312 0.91504902
v -1.80610025 22.40477943 0.92203099
v -1.82352746 22.41721153 0.92866701
v -1.75768518 22.36364365 0.90009803
v -1.84154403 22.42896652 0.93494397
v -2.43093514 22.43434906 0.93779999
v -2.41210651 22.44505692 0.94352400
v -2.39277887 22.45503807 0.94886100
v -2.37297583 22.46426392 0.95379901
v -2.35274887 22.47273636 0.95833099
v -2.33211946 22.48041725 0.96244597
v -2.31114149 22.48731232 0.96613801
v -2.28984380 22.49339485 0.96939898
v -2.26827192 22.49866867 0.97222400
v -2.24646306 22.50311279 0.97460598
v -2.22445679 22.50671768 0.97654098
v -1.96007395 22.48410988 0.96443498
v -2.00267649 22.49624252 0.97093499
v -2.04628992 22.50509453 0.97567600
v -2.02437258 22.50107956 0.97352701
v -1.98123217 22.49057770 0.96790200
v -2.20229650 22.50948715 0.97802597
v -2.18002129 22.51140785 0.97905701
v -2.15767336 22.51248169 0.97963297
v -2.13529158 22.51270676 0.97975302
v -2.11292791 22.51207352 0.97941601
v -2.06838202 22.50826263 0.97737497
v -2.09060740 22.51059532 0.97862297
v -1.86011660 22.44001198 0.94084799
v -1.87921584 22.45034218 0.94637001
v -1.91882420 22.46876907 0.95622599
v -1.89879489 22.45993233 0.95149899
v -1.93926382 22.47682762 0.96054000
v -7.54451752 20.23795891 1.25503302
v -7.52492952 20.23218536 1.26368904
v -7.48449183 20.22219086 1.27894199
v -7.50489998 20.22693062 1.27166295
v -7.46373081 20.21798706 1.28550899
v -7.44266558 20.21431732 1.29135096
v -7.03594160 20.24943161 1.25879395
v -7.05538082 20.24278069 1.26716197
v -7.07526636 20.23662186 1.27484202
v -7.09553766 20.23096848 1.28181899
v -7.11618137 20.22582817 1.28807998
v -7.42132616 20.21118736 1.29646206
v -7.39974403 20.20861435 1.30082798
v -7.37797022 20.20659447 1.30444098
v -7.35604286 20.20512581 1.30729604
v -7.33399582 20.20422173 1.30938697
v -7.31187820 20.20388031 1.31070805
v -7.28973389 20.20409775 1.31125700
v -7.26759100 20.20487976 1.31103504
v -7.24549770 20.20621872 1.31004095
v -7.13714647 20.22121048 1.29361403
v -7.15839338 20.21712303 1.29841006
v -7.17989969 20.21357536 1.30245602
v -7.22348833 20.20812035 1.30827701
v -7.20161152 20.21057320 1.30574703
v -8.99034214 18.45205688 2.50000000
v -7.94038630 18.45205688 2.50000000
v -7.87049532 21.13695908 2.17598319
v -6.75318289 21.15272141 2.16128135
v -8.17895603 20.00387955 2.31357098
v -7.81427860 20.48016167 2.31357098
v -7.81365108 20.47597504 2.31357098
v -7.81404114 20.47857666 2.31357098
v -7.81550598 20.48969650 2.31357098
v -8.17895603 21.00539017 2.31357098
v -7.85969305 21.00539017 2.31357098
v -8.17895603 21.01691818 2.28794479
v -7.86059284 21.01691818 2.28794479
v -7.67243433 20.29475784 2.31357098
v -7.68765211 20.30448341 2.31357098
v -7.62271976 20.26821518 2.31357098
v -7.63993979 20.27660942 2.31357098
v -7.65651512 20.28545952 2.31357098
v -7.58652592 20.25285339 2.31357098
v -7.56761312 20.24591064 2.31357098
v -7.54819107 20.23947716 2.31357098
v -7.52831554 20.23355865 2.31357098
v -7.60491323 20.26029205 2.31357098
v -7.48729897 20.22332001 2.31357098
v -7.50800133 20.22817230 2.31357098
v -7.46624470 20.21901321 2.31357098
v -7.44488096 20.21525764 2.31357098
v -7.42323875 20.21205902 2.31357098
v -7.40135574 20.20942307 2.31357098
v -7.37927771 20.20735550 2.31357098
v -7.35704517 20.20585442 2.31357098
v -7.33469296 20.20492935 2.31357098
v -7.31226921 20.20457458 2.31357098
v -7.28981829 20.20479393 2.31357098
v -7.26736927 20.20558739 2.31357098
v -7.24497080 20.20695114 2.31357098
v -7.22265673 20.20888710 2.31357098
v -7.20047665 20.21138382 2.31357098
v -7.17846394 20.21444511 2.31357098
v -7.15665770 20.21806335 2.31357098
v -7.13511229 20.22223473 2.31357098
v -7.11385345 20.22694969 2.31357098
v -7.09291935 20.23219872 2.31357098
v -7.07236004 20.23797798 2.31357098
v -7.05219173 20.24427605 2.31357098
v -7.03247452 20.25108147 2.31357098
v -7.01322746 20.25838470 2.31357098
v -6.99450684 20.26617050 2.31357098
v -6.97633028 20.27442741 2.31357098
v -6.95872688 20.28314400 2.31357098
v -6.94173670 20.29230309 2.31357098
v -6.92539406 20.30188942 2.31357098
v -6.90973473 20.31188965 2.31357098
v -6.51572895 20.00387955 2.31357098
v -7.71589375 20.32516289 2.31357098
v -7.72886038 20.33608055 2.31357098
v -7.72119141 20.32953453 2.31357098
v -7.71944237 20.32809067 2.31357098
v -7.74103642 20.34736824 2.31357098
v -7.75880051 20.36646461 2.31357098
v -7.76286173 20.37096786 2.31357098
v -7.76147175 20.36942673 2.31357098
v -7.75237465 20.35900497 2.31357098
v -7.76653481 20.37551308 2.31357098
v -7.76528168 20.37396240 2.31357098
v -7.77247381 20.38323784 2.31357098
v -7.78408194 20.40035439 2.31357098
v -7.78119469 20.39579964 2.31357098
v -7.78307629 20.39876747 2.31357098
v -7.78005648 20.39421654 2.31357098
v -7.77793598 20.39126778 2.31357098
v -7.78900433 20.40863419 2.31357098
v -7.79587030 20.42171288 2.31357098
v -7.79339218 20.41720772 2.31357098
v -7.79498339 20.42010117 2.31357098
v -7.79799223 20.42621803 2.31357098
v -7.79723501 20.42461014 2.31357098
v -7.70214510 20.31462479 2.31357098
v -7.71019840 20.32087898 2.31357098
v -7.71400690 20.32374382 2.31357098
v -7.80178833 20.43501091 2.31357098
v -7.80354023 20.43947601 2.31357098
v -7.80290651 20.43786240 2.31357098
v -7.80673695 20.44850922 2.31357098
v -7.80931425 20.45780563 2.31357098
v -7.81173134 20.46651649 2.31357098
v -7.81068373 20.46217155 2.31357098
v -7.81017256 20.46054268 2.31357098
v -7.81134129 20.46489906 2.31357098
v -6.89477015 20.32228470 2.31357098
v -6.88053703 20.33306313 2.31357098
v -6.87269068 20.33963776 2.31357098
v -6.86892605 20.34269714 2.31357098
v -6.86706877 20.34420586 2.31357098
v -6.86356783 20.34731865 2.31357098
v -6.86184978 20.34884644 2.31357098
v -6.85439062 20.35569191 2.31357098
v -6.85117292 20.35882568 2.31357098
v -6.84957743 20.36037827 2.31357098
v -6.83959055 20.37065315 2.31357098
v -6.84251976 20.36750984 2.31357098
v -6.83812189 20.37222862 2.31357098
v -6.83149290 20.37962914 2.31357098
v -6.82529068 20.38732147 2.31357098
v -6.81893969 20.39517593 2.31357098
v -6.82266712 20.39043236 2.31357098
v -6.81771994 20.39678955 2.31357098
v -6.82131052 20.39204025 2.31357098
v -6.81200743 20.40472794 2.31357098
v -6.80678654 20.41294670 2.31357098
v -6.80179596 20.42074394 2.31357098
v -6.80472374 20.41602135 2.31357098
v -6.80082607 20.42238045 2.31357098
v -6.80362415 20.41765976 2.31357098
v -6.79614401 20.43081474 2.31357098
v -6.79045773 20.44252205 2.31357098
v -6.78960800 20.44417953 2.31357098
v -6.79199457 20.43952370 2.31357098
v -6.78830624 20.44717216 2.31357098
v -6.78759003 20.44881821 2.31357098
v -6.78404140 20.45771980 2.31357098
v -6.78297806 20.46065712 2.31357098
v -6.78238106 20.46230698 2.31357098
v -6.77943039 20.47141457 2.31357098
v -6.77861261 20.47428131 2.31357098
v -6.77814388 20.47592545 2.31357098
v -6.77523184 20.48802948 2.31357098
v -6.77582502 20.48523712 2.31357098
v -6.77488375 20.48966980 2.31357098
v -6.77321959 20.49915314 2.31357098
v -6.77185392 20.51145172 2.31357098
v -6.77221537 20.50881195 2.31357098
v -6.77162933 20.51309204 2.31357098
v -6.75703001 21.00539017 2.31357098
v -6.75677586 21.01691818 2.28794479
v -6.51572895 21.00539017 2.31357098
v -6.51572895 21.01691818 2.28794479
v -7.81429338 22.41042137 1.78065002
v -7.81457138 22.41683388 1.78480005
v -7.81535578 22.41816521 1.78655803
v -7.82666397 22.40148163 1.79208195
v -7.82694054 22.40793419 1.79623306
v -7.83854294 22.39237595 1.80375397
v -7.83167982 22.40609550 1.80185103
v -7.83887053 22.39879417 1.80790901
v -7.85026312 22.38947296 1.81982899
v -7.84702444 22.39392662 1.81758106
v -7.86180401 22.38129616 1.83388805
v -7.86079121 22.37360764 1.82791805
v -7.86110687 22.38001823 1.83207798
v -7.88122511 22.35391617 1.85336006
v -7.87125015 22.36388206 1.84048605
v -7.87153769 22.37033081 1.84465301
v -7.87557030 22.36812401 1.85076404
v -7.88156462 22.36032295 1.85752904
v -7.89070320 22.34377861 1.86651194
v -7.88845682 22.35477829 1.86815596
v -7.89108610 22.35012817 1.87068498
v -7.52826118 22.52614784 1.63716102
v -7.47185278 22.53593826 1.62622094
v -7.49074268 22.53303146 1.62939894
v -7.45288515 22.53849602 1.62351894
v -7.50955582 22.52976608 1.63304603
v -7.50969553 22.53623962 1.63715506
v -7.51580620 22.53680038 1.63957298
v -7.47214174 22.54238892 1.63032603
v -7.43391657 22.54070473 1.62129200
v -7.43404531 22.54717255 1.62539506
v -7.45309591 22.54496002 1.62762296
v -7.46531343 22.54504776 1.63048601
v -7.44012499 22.54820633 1.62720895
v -7.49099302 22.53947830 1.63350403
v -7.49060583 22.54142380 1.63461101
v -7.41486835 22.54257202 1.61952400
v -7.39566326 22.54408646 1.61820996
v -7.37630796 22.54526901 1.61735594
v -7.35685158 22.54610634 1.61696994
v -7.35695457 22.55257034 1.62107396
v -7.33735228 22.54659462 1.61705601
v -7.31782436 22.54671097 1.61761498
v -7.29829884 22.54648018 1.61864495
v -7.27882957 22.54589844 1.62014699
v -7.41509867 22.54901695 1.62362695
v -7.41465569 22.55093193 1.62476599
v -7.39593220 22.55054474 1.62231302
v -7.38898659 22.55270195 1.62313104
v -7.37648582 22.55173492 1.62145996
v -7.36328363 22.55403137 1.62231803
v -7.33754587 22.55303574 1.62115896
v -7.33720255 22.55491447 1.62233901
v -7.31806850 22.55317307 1.62171698
v -7.31109381 22.55482101 1.62320101
v -7.29846573 22.55294800 1.62274802
v -7.27891302 22.55235672 1.62425005
v -7.28524685 22.55427742 1.62490201
v -7.25946236 22.54496956 1.62211800
v -7.24023104 22.54367447 1.62454903
v -7.25964403 22.55141258 1.62622094
v -7.25928736 22.55326462 1.62743795
v -7.24045563 22.55014420 1.62865400
v -7.23357439 22.55127907 1.63079798
v -7.18368912 22.53777313 1.63451898
v -7.16513062 22.53511047 1.63874495
v -7.22114468 22.54203606 1.62743497
v -7.20234203 22.54007339 1.63074994
v -7.22128630 22.54850197 1.63154197
v -7.20965290 22.54900932 1.63472998
v -7.20240402 22.54652596 1.63485897
v -7.18470335 22.54618263 1.63963902
v -7.18378305 22.54420662 1.63862705
v -7.61863089 22.50314331 1.66443598
v -7.61895514 22.50957298 1.66855395
v -7.63583136 22.49763298 1.67114604
v -7.65267849 22.49183464 1.67823601
v -7.63611698 22.50404739 1.67526305
v -7.63576078 22.50605774 1.67628300
v -7.54680252 22.52219009 1.64173806
v -7.52848768 22.53260994 1.64127100
v -7.54050493 22.53178215 1.64536095
v -7.56512594 22.51790810 1.64676595
v -7.54710579 22.52863312 1.64584804
v -7.60107422 22.50836945 1.65812802
v -7.58323002 22.51330185 1.65223205
v -7.58339167 22.51977921 1.65634596
v -7.58924627 22.51990700 1.65932500
v -7.56539917 22.52434349 1.65087497
v -7.56508303 22.52631187 1.65195203
v -7.60132551 22.51482582 1.66224301
v -7.61269903 22.51318359 1.66744697
v -7.66915417 22.48577690 1.68569696
v -7.65287161 22.49830627 1.68235600
v -7.65820694 22.49810219 1.68579400
v -7.66943455 22.49221802 1.68982100
v -7.68343449 22.48672104 1.69655704
v -7.67987537 22.48989296 1.69602096
v -7.71503592 22.47317314 1.71350706
v -7.73022270 22.45944405 1.71847296
v -7.72118902 22.47203445 1.71815300
v -7.69910002 22.47367287 1.70069301
v -7.69935036 22.48010635 1.70481896
v -7.71480894 22.46670723 1.70937800
v -7.70036745 22.48154259 1.70643604
v -7.14663839 22.53210068 1.64343905
v -7.14676714 22.53856277 1.64754999
v -7.13541222 22.53820801 1.65187705
v -7.12824965 22.52874184 1.64859605
v -7.12830400 22.53518867 1.65270698
v -7.11003971 22.52505302 1.65420604
v -7.11114597 22.53354073 1.65922499
v -7.11012363 22.53148079 1.65831804
v -7.09201527 22.52099991 1.66026497
v -7.09219933 22.52746964 1.66437900
v -7.08694458 22.52790451 1.66737103
v -7.07420731 22.51661682 1.66675901
v -7.07431793 22.52307701 1.67087603
v -7.05664635 22.51191139 1.67367899
v -7.06348085 22.52189064 1.67629194
v -7.05668306 22.51834869 1.67779601
v -7.16532564 22.54157829 1.64285505
v -7.15982008 22.54241180 1.64534497
v -7.03940153 22.50690079 1.68100905
v -7.03945541 22.51331902 1.68513000
v -7.04041290 22.51544762 1.68595600
v -7.02248621 22.50156593 1.68873405
v -7.02263689 22.50803375 1.69285798
v -7.01770544 22.50808907 1.69632995
v -7.00590515 22.49593735 1.69683897
v -7.00599146 22.50239182 1.70096397
v -6.98971510 22.49002838 1.70530295
v -6.99594212 22.50044250 1.70737302
v -6.98972750 22.49645233 1.70943201
v -6.97395754 22.48386765 1.71410894
v -6.97399521 22.49027634 1.71823895
v -7.73051548 22.46588135 1.72260594
v -7.75993729 22.44407845 1.73783100
v -7.74136400 22.46220207 1.73058498
v -7.74562359 22.45829391 1.73209798
v -7.76021004 22.45050621 1.74196696
v -7.76117373 22.45185661 1.74369001
v -7.77419281 22.43600273 1.74805498
v -7.77445555 22.44245720 1.75219405
v -7.78000164 22.44090080 1.75742304
v -7.78803825 22.42768478 1.75861394
v -7.78835297 22.43410873 1.76275599
v -7.79798889 22.42973137 1.77173102
v -7.80176735 22.42553329 1.77363205
v -6.95858479 22.47741318 1.72326505
v -6.94348955 22.47064972 1.73283195
v -6.94356680 22.47710037 1.73696601
v -6.97476578 22.49242973 1.71904504
v -6.95870447 22.48387718 1.72739899
v -6.95417929 22.48357582 1.73132002
v -6.93440104 22.47443008 1.74430203
v -6.92871332 22.46357536 1.74279594
v -6.92872143 22.46999168 1.74693406
v -6.91429949 22.45622063 1.75314403
v -6.91432238 22.46261978 1.75728595
v -6.90025425 22.44856644 1.76385999
v -6.91512012 22.46487236 1.75798094
v -6.88660049 22.44063759 1.77492297
v -6.90036440 22.45503235 1.76800394
v -6.89631319 22.45440674 1.77231896
v -6.88665771 22.44707870 1.77906895
v -6.87338591 22.43245125 1.78631103
v -6.87848616 22.44373512 1.78726697
v -6.87338352 22.43885422 1.79046094
v -6.84837580 22.41539955 1.80997598
v -6.84846878 22.42185974 1.81413198
v -6.84496164 22.42094421 1.81879902
v -6.83661413 22.40653610 1.82220399
v -6.83665419 22.41296768 1.82636404
v -6.82537889 22.39749718 1.83466303
v -6.82966089 22.40906143 1.83526802
v -6.82537127 22.40388870 1.83882594
v -6.81584692 22.38931084 1.84589803
v -6.81587219 22.39569092 1.85006499
v -6.81591320 22.39757156 1.85124302
v -6.80567598 22.37996674 1.85871804
v -6.80572701 22.38641357 1.86288905
v -6.80239153 22.38485909 1.86841094
v -6.79599094 22.37042809 1.87177598
v -6.86064720 22.42403984 1.79800200
v -6.86139154 22.43276024 1.80277896
v -6.86065435 22.43043137 1.80215704
v -8.17895603 21.33065414 1.99532211
v -7.88836145 21.33065414 1.99532211
v -8.17895603 21.49616814 1.96807265
v -7.90362835 21.49616814 1.96807265
v -7.94502544 21.94496536 1.96526361
v -7.94749975 21.97789764 1.96505761
v -7.94931269 22.01079941 1.96485162
v -7.94912004 22.00699615 1.96487546
v -7.95040321 22.04025078 1.96466732
v -7.95103502 22.07332420 1.96446025
v -7.95101547 22.10610580 1.96425509
v -7.95101833 22.10369492 1.96427011
v -7.95035601 22.13858032 1.96405172
v -7.95040894 22.13666534 1.96406376
v -7.94909906 22.17066574 1.96385098
v -7.94917727 22.16923332 1.96385992
v -7.89965582 22.33348083 1.87991798
v -7.89997339 22.33987617 1.88409400
v -7.90807438 22.32300568 1.89355099
v -7.90056896 22.34107590 1.88600504
v -7.91160393 22.32695389 1.90424895
v -7.91593742 22.31238174 1.90738702
v -7.91629219 22.31876755 1.91156900
v -7.90838623 22.32943916 1.89773202
v -7.92323208 22.30166817 1.92139304
v -7.92994881 22.29087067 1.93554294
v -7.93027782 22.29725838 1.93973601
v -7.93071938 22.29845238 1.94165504
v -7.93606186 22.27997398 1.94981003
v -7.92160559 22.31282616 1.92282200
v -7.92360878 22.30801392 1.92558002
v -7.94747448 22.19950867 1.96367049
v -7.94716787 22.20340729 1.96364605
v -7.94593000 22.22031593 1.96354020
v -7.94598818 22.21960449 1.96354473
v -7.94455719 22.23654175 1.96343863
v -7.93639612 22.28640175 1.95400500
v -7.93868256 22.28382111 1.96068299
v -7.94148111 22.26770020 1.96324360
v -7.94123793 22.26974678 1.96323085
v -7.94079924 22.27308655 1.96320987
v -7.93973875 22.28110886 1.96315968
v -7.93876648 22.28727722 1.96312118
v -7.93675947 22.29891014 1.96304822
v -7.93110895 22.32976532 1.96285522
v -7.93187284 22.32611656 1.96287811
v -7.93145943 22.32836533 1.96286392
v -7.93152714 22.32802200 1.96286607
v -7.92557192 22.35705185 1.96268439
v -7.92474699 22.36097336 1.96265984
v -7.92504597 22.35954666 1.96266878
v -7.92304611 22.36865807 1.96261179
v -7.91883039 22.38714790 1.96249604
v -7.91775513 22.39172363 1.96246731
v -7.91754770 22.39255333 1.96246219
v -7.91378689 22.40808678 1.96236491
v -7.91135120 22.41748810 1.96230614
v -7.91037416 22.42120743 1.96228290
v -7.90449762 22.44330597 1.96214449
v -7.90339994 22.44720840 1.96212006
v -7.90177870 22.45262527 1.96208620
v -7.90220737 22.45142174 1.96209371
v -7.89353895 22.48040581 1.96191227
v -7.89539480 22.47447586 1.96194935
v -7.89271212 22.48299026 1.96189606
v -7.89050531 22.49008369 1.96185172
v -7.88581133 22.50466919 1.96176040
v -7.88185406 22.51643944 1.96168673
v -7.88017225 22.52128220 1.96165645
v -7.87802839 22.52749634 1.96161759
v -7.87871122 22.52562332 1.96162927
v -7.87543440 22.53474426 1.96157217
v -7.86937714 22.55145264 1.96146762
v -7.86827517 22.55427742 1.96144998
v -7.86652803 22.55901146 1.96142030
v -7.86431217 22.56454468 1.96138573
v -7.86472321 22.56373024 1.96139073
v -7.85793018 22.58070183 1.96128452
v -7.85605335 22.58517265 1.96125662
v -7.85052204 22.59852982 1.96117294
v -7.84602022 22.60903549 1.96110725
v -7.84215641 22.61768913 1.96105301
v -7.84084797 22.62047768 1.96103561
v -7.83326197 22.63717079 1.96093106
v -7.83570671 22.63199997 1.96096349
v -7.82745552 22.64933014 1.96085501
v -7.82467508 22.65494537 1.96081984
v -8.17895603 22.81356621 1.95982707
v -8.17895603 22.83135414 1.96800625
v -7.81968689 22.66499901 1.96075690
v -7.82005215 22.66443253 1.96076047
v -7.81369448 22.67663193 1.96068418
v -6.74674511 21.33065414 1.99532211
v -6.74075699 21.49616814 1.96807265
v -6.51572895 21.33065414 1.99532211
v -6.51572895 21.49616814 1.96807265
v -6.72363472 21.96940804 1.96511066
v -6.72346735 21.97422409 1.96508050
v -6.72279835 22.00255394 1.96490324
v -6.72263098 22.03556824 1.96469653
v -6.72303677 22.06483459 1.96451342
v -6.72310448 22.06830025 1.96449172
v -6.72405863 22.09771538 1.96430755
v -6.72570324 22.13022041 1.96410418
v -6.72781515 22.16025925 1.96391606
v -6.72796631 22.16233444 1.96390307
v -7.81016207 22.68324089 1.96064281
v -7.80360174 22.69557762 1.96056557
v -7.80531168 22.69244766 1.96058512
v -7.79942608 22.70309067 1.96051848
v -7.79435110 22.71198463 1.96046281
v -7.78862810 22.72167397 1.96040225
v -7.79084873 22.71804047 1.96042502
v -7.77838802 22.73868370 1.96029580
v -7.77327156 22.74699402 1.96024370
v -7.76468897 22.76020813 1.96016097
v -7.76164103 22.76462746 1.96013331
v -7.76199055 22.76421738 1.96013594
v -7.75647640 22.77238083 1.96008480
v -7.75499249 22.77448463 1.96007168
v -7.75274038 22.77750969 1.96005273
v -7.74818945 22.78406715 1.96001172
v -7.74273252 22.79171944 1.95996380
v -7.73922777 22.79658890 1.95993328
v -7.73629045 22.80051422 1.95990872
v -7.73160839 22.80650520 1.95987129
v -7.72618580 22.81356621 1.95982707
v -7.72311735 22.82550621 1.96531689
v -7.72148371 22.83165550 1.96814454
v -7.71803284 22.84457016 1.97408223
v -7.52027941 23.02592278 1.98835599
v -7.53636074 23.02289009 1.99167597
v -7.46740150 23.03422737 1.97962999
v -7.46523428 23.03455925 1.97938395
v -7.45713139 23.03542328 1.97847295
v -7.44124794 23.03720093 1.97663200
v -7.43985844 23.03734779 1.97653699
v -7.42747545 23.03843880 1.97539401
v -7.51280165 23.02735519 1.98686099
v -7.50447512 23.02871323 1.98545003
v -7.48910570 23.03126335 1.98277700
v -7.47634649 23.04576492 1.99083900
v -7.43845224 23.05023956 1.98638594
v -7.42894602 23.05109024 1.98556101
v -7.46687698 23.04703331 1.98954999
v -7.45740414 23.04814911 1.98837900
v -7.44797516 23.04920387 1.98732603
v -7.42901659 23.05844688 1.99191904
v -7.70315695 22.89691925 1.99815190
v -7.70331049 22.89653015 1.99797344
v -7.70096207 22.90442085 2.00160098
v -7.70050812 22.90589142 2.00227761
v -7.68941689 22.94189453 2.01883221
v -7.62864399 22.99991989 2.01885390
v -7.62353849 23.00134850 2.01711392
v -7.63263750 22.99871063 2.02031708
v -7.68281031 22.96292686 2.02850246
v -7.68319845 22.96170616 2.02794099
v -7.68243170 22.96407509 2.02902985
v -7.64082432 22.99618149 2.02344990
v -7.65794754 22.99051666 2.03066707
v -7.62348557 23.01442719 2.02717900
v -7.63223505 23.01175880 2.03037810
v -7.60593414 23.00640678 2.01083708
v -7.61505699 23.00377464 2.01401091
v -7.55129623 23.01968765 1.99527502
v -7.55974054 23.01790237 1.99726295
v -7.53274679 23.03654480 2.00105405
v -7.52342415 23.03827477 1.99905598
v -7.58294201 23.01240349 2.00363803
v -7.59702492 23.00870895 2.00807405
v -7.56974173 23.02862740 2.01018095
v -7.55132961 23.03274345 2.00538993
v -7.54209232 23.03467941 2.00316310
v -7.56056023 23.03075981 2.00773001
v -7.52328205 23.04569626 2.00538707
v -7.55115414 23.04017067 2.01170802
v -7.53261089 23.04394150 2.00737906
v -7.54190159 23.04210281 2.00948405
v -7.52308369 23.05257416 2.01163912
v -7.49525547 23.04304504 1.99377298
v -7.50462151 23.04154015 1.99541605
v -7.48577404 23.04447746 1.99224401
v -7.51405382 23.03998184 1.99717903
v -7.50455236 23.04895020 2.00175309
v -7.49515486 23.05044174 2.00011396
v -7.48573637 23.05185127 1.99858904
v -7.47631264 23.05316925 1.99718595
v -7.44793367 23.05659866 1.99367905
v -7.46686220 23.05439949 1.99589801
v -7.45743275 23.05553818 1.99473202
v -7.45740032 23.06239128 2.00100899
v -7.44796753 23.06344223 1.99995899
v -7.43850851 23.06437302 1.99902499
v -7.42904139 23.06529236 1.99820399
v -7.51393938 23.04736519 2.00351310
v -7.47622204 23.06002617 2.00345802
v -7.49502754 23.05730629 2.00637889
v -7.48561954 23.05871201 2.00485802
v -7.50439358 23.05581474 2.00801492
v -7.51375198 23.05423737 2.00977111
v -7.48545170 23.06514168 2.01105499
v -7.46679688 23.06125259 2.00217390
v -7.47608042 23.06645012 2.00966001
v -7.44790983 23.06986046 2.00617003
v -7.43848038 23.07082176 2.00523710
v -7.42903328 23.07169914 2.00442004
v -7.46668530 23.06767654 2.00837803
v -7.45730305 23.06881142 2.00721788
v -7.43840551 23.07681465 2.01139307
v -7.42899132 23.07769012 2.01057696
v -7.57884693 23.02647972 2.01274490
v -7.58794212 23.02420235 2.01541710
v -7.56950569 23.03607178 2.01648903
v -7.59691525 23.02185249 2.01819992
v -7.60585833 23.01946449 2.02108788
v -7.57860708 23.03389740 2.01904798
v -7.56034851 23.03816032 2.01404309
v -7.53238392 23.05081940 2.01362801
v -7.54164314 23.04898834 2.01572800
v -7.55087852 23.04706192 2.01794410
v -7.56005716 23.04505730 2.02027297
v -7.52279711 23.05902100 2.01781797
v -7.53208303 23.05727196 2.01979995
v -7.61474180 23.01692963 2.02408409
v -7.59663868 23.02930832 2.02449203
v -7.58765602 23.03164291 2.02171493
v -7.60555029 23.02689552 2.02737308
v -7.61444283 23.02438736 2.03036308
v -7.59625196 23.03622246 2.03069997
v -7.56919146 23.04297256 2.02271509
v -7.57826662 23.04080391 2.02526689
v -7.58729267 23.03855515 2.02792811
v -7.56877804 23.04944229 2.02886391
v -7.55051804 23.05352783 2.02410507
v -7.54131174 23.05544090 2.02189589
v -7.53169537 23.06331062 2.02590990
v -7.52244425 23.06505013 2.02393389
v -7.55967569 23.05152893 2.02642798
v -7.55007315 23.05957794 2.03020310
v -7.54090023 23.06148720 2.02799892
v -7.52201605 23.07066536 2.02999210
v -7.51350594 23.06068039 2.01595402
v -7.50417757 23.06225395 2.01420212
v -7.49482393 23.06373978 2.01257205
v -7.47588301 23.07246017 2.01580095
v -7.50387812 23.06827545 2.02033091
v -7.49456882 23.06975746 2.01870394
v -7.48522043 23.07115364 2.01719308
v -7.45716476 23.07481003 2.01336694
v -7.44779634 23.07585526 2.01232409
v -7.46651220 23.07368088 2.01452398
v -7.46628666 23.07925797 2.02061605
v -7.45697594 23.08038330 2.01946306
v -7.44764280 23.08142662 2.01842308
v -7.43828678 23.08238411 2.01749611
v -7.42890882 23.08325386 2.01668310
v -7.51317692 23.06670570 2.02207708
v -7.48492289 23.07674408 2.02327490
v -7.47562265 23.07804489 2.02188897
v -7.49423409 23.07535172 2.02478194
v -7.51278210 23.07230759 2.02814102
v -7.50351524 23.07387543 2.02640104
v -7.49385166 23.08047104 2.03081799
v -7.47531462 23.08314896 2.02793694
v -7.48457670 23.08185577 2.02931809
v -7.47512817 23.08567047 2.03094912
v -7.45674467 23.08548164 2.02552009
v -7.44744873 23.08651924 2.02448392
v -7.43813038 23.08747101 2.02356100
v -7.42879772 23.08834076 2.02274990
v -7.42871332 23.09085464 2.02577400
v -7.46602392 23.08436394 2.02666712
v -7.45660114 23.08799744 2.02853703
v -7.44732714 23.08902931 2.02750397
v -7.46585417 23.08688354 2.02968407
v -7.44720554 23.09137154 2.03051090
v -7.43803167 23.08998489 2.02658296
v -7.42862988 23.09317970 2.02878594
v -7.43792057 23.09231758 2.02959299
v -7.41307068 23.03941917 1.97441494
v -7.40253925 23.04017448 1.97370994
v -7.39016294 23.04073715 1.97327006
v -7.37765551 23.04136467 1.97283304
v -7.36112833 23.04179382 1.97279000
v -7.35291338 23.04201889 1.97276402
v -7.34139919 23.04207230 1.97310805
v -7.33167505 23.04213715 1.97341394
v -7.32830763 23.04217720 1.97350299
v -7.41933870 23.05189133 1.98484802
v -7.40979671 23.05257797 1.98424995
v -7.40010929 23.05327225 1.98376703
v -7.39046478 23.05374718 1.98339903
v -7.38077927 23.05427551 1.98314798
v -7.40988016 23.05996323 1.99061000
v -7.39061785 23.06113815 1.98976004
v -7.37103605 23.05458832 1.98301399
v -7.36134958 23.05486488 1.98299897
v -7.35159349 23.05509567 1.98309898
v -7.34184694 23.05516815 1.98331904
v -7.33211946 23.05521774 1.98365605
v -7.37129736 23.06196785 1.98937798
v -7.36153698 23.06225204 1.98936200
v -7.35183191 23.06244850 1.98946202
v -7.34210634 23.06255531 1.98968101
v -7.33238268 23.06257439 1.99001801
v -7.32165766 23.04181671 1.97390103
v -7.31229877 23.04193497 1.97451305
v -7.30384254 23.04182816 1.97503197
v -7.29263735 23.04140091 1.97608304
v -7.28331900 23.04107285 1.97700202
v -7.27951241 23.04096222 1.97732902
v -7.27658844 23.04026222 1.97764206
v -7.26382542 23.04002762 1.97931802
v -7.25536489 23.03954887 1.98036098
v -7.24446678 23.03861046 1.98204505
v -7.32234716 23.05513000 1.98411095
v -7.31265783 23.05496216 1.98468494
v -7.30291843 23.05475044 1.98537505
v -7.29321384 23.05438042 1.98618305
v -7.28356075 23.05398750 1.98710704
v -7.32265997 23.06250381 1.99047303
v -7.31294680 23.06234741 1.99104500
v -7.30325508 23.06210136 1.99173403
v -7.23529434 23.03742981 1.98352802
v -7.23150778 23.03757095 1.98408496
v -7.27386379 23.05345535 1.98815000
v -7.26429892 23.05285072 1.98930395
v -7.25468588 23.05219650 1.99057603
v -7.24515629 23.05138969 1.99195802
v -7.22331095 23.03671646 1.98553503
v -7.21813726 23.03616142 1.98642504
v -7.19708920 23.03343391 1.99074101
v -7.19379520 23.03304482 1.99132895
v -7.41950846 23.06605721 1.99749303
v -7.40995979 23.06680679 1.99689698
v -7.40035105 23.06739998 1.99641705
v -7.39074278 23.06797981 1.99605095
v -7.38108063 23.06839943 1.99580204
v -7.37142181 23.06880379 1.99566901
v -7.36174154 23.06908798 1.99565196
v -7.35204887 23.06928253 1.99575305
v -7.34235477 23.06938934 1.99597096
v -7.33265400 23.06940842 1.99630702
v -7.37158871 23.07520485 2.00189090
v -7.36193037 23.07548714 2.00187492
v -7.41952753 23.07249832 2.00371194
v -7.41000414 23.07320976 2.00311804
v -7.40042830 23.07383919 2.00263810
v -7.39084291 23.07437897 2.00227308
v -7.38121605 23.07483482 2.00202489
v -7.40047598 23.07981682 2.00880194
v -7.41951895 23.07848358 2.00987196
v -7.41002846 23.07919312 2.00927901
v -7.39092731 23.08035851 2.00843811
v -7.38133335 23.08081436 2.00818896
v -7.35227156 23.07568169 2.00197506
v -7.34260130 23.07578850 2.00219202
v -7.33293247 23.07580948 2.00252700
v -7.37172794 23.08118057 2.00805807
v -7.36210585 23.08146095 2.00804090
v -7.35247993 23.08165741 2.00814104
v -7.34283352 23.08176422 2.00835896
v -7.33319902 23.08178329 2.00869298
v -7.29357338 23.06176567 1.99254096
v -7.28392410 23.06134415 1.99346304
v -7.27428484 23.06083298 1.99450195
v -7.26469612 23.06023407 1.99565494
v -7.25512934 23.05954933 1.99692297
v -7.23567057 23.05056000 1.99345505
v -7.24561453 23.05878067 1.99830401
v -7.23612881 23.05792236 1.99979806
v -7.22675467 23.05698395 2.00139403
v -7.25559568 23.06639290 2.00319600
v -7.24610233 23.06562424 2.00457311
v -7.23664999 23.06476974 2.00606298
v -7.22729778 23.06383514 2.00765395
v -7.32296228 23.06933975 1.99676001
v -7.31327057 23.06918144 1.99733102
v -7.30360270 23.06893539 1.99801898
v -7.29394150 23.06860352 1.99882305
v -7.28431511 23.06818008 1.99974406
v -7.27470875 23.06767273 2.00077891
v -7.26514053 23.06707764 2.00192904
v -7.32326269 23.07573891 2.00297904
v -7.31360531 23.07558250 2.00354910
v -7.30395889 23.07533836 2.00423503
v -7.29433203 23.07500458 2.00503707
v -7.28472567 23.07458305 2.00595593
v -7.32356501 23.08171272 2.00914407
v -7.31393862 23.08155632 2.00971103
v -7.30432510 23.08131218 2.01039505
v -7.29473257 23.08098030 2.01119399
v -7.27514124 23.07407570 2.00698996
v -7.26560926 23.07348251 2.00813603
v -7.25608492 23.07279968 2.00939894
v -7.24663305 23.07203484 2.01077008
v -7.41946983 23.08404732 2.01597905
v -7.41001701 23.08475494 2.01538897
v -7.40050793 23.08537865 2.01491094
v -7.39098120 23.08591461 2.01455092
v -7.38142729 23.08636665 2.01430392
v -7.40997601 23.08983612 2.02146196
v -7.40050364 23.09045410 2.02098703
v -7.39102459 23.09098816 2.02062702
v -7.38151217 23.09144020 2.02037907
v -7.36227512 23.08701515 2.01415396
v -7.37186813 23.08673286 2.01416993
v -7.35268259 23.08720779 2.01425409
v -7.34307337 23.08731270 2.01447201
v -7.33347559 23.08733177 2.01480389
v -7.37198544 23.09180641 2.02024698
v -7.36242819 23.09208679 2.02023196
v -7.35287380 23.09227562 2.02033210
v -7.34330893 23.09237862 2.02054811
v -7.33375406 23.09239960 2.02087808
v -7.41939259 23.08913231 2.02204895
v -7.41933346 23.09164047 2.02507496
v -7.40994120 23.09234047 2.02448893
v -7.40049362 23.09295845 2.02401400
v -7.39103842 23.09349442 2.02365398
v -7.38153648 23.09394264 2.02340794
v -7.41927338 23.09396935 2.02808905
v -7.40990591 23.09466743 2.02750301
v -7.40047932 23.09528542 2.02702999
v -7.41919994 23.09619713 2.03109694
v -7.40985727 23.09689713 2.03051209
v -7.40045452 23.09751320 2.03004003
v -7.39103889 23.09581947 2.02667189
v -7.38157129 23.09626961 2.02642393
v -7.39104605 23.09804535 2.02968192
v -7.38159180 23.09849358 2.02943707
v -7.37203550 23.09430885 2.02327704
v -7.36250353 23.09458542 2.02326107
v -7.35297346 23.09477425 2.02336097
v -7.34344101 23.09488106 2.02357411
v -7.33389568 23.09490395 2.02390504
v -7.32435369 23.09483719 2.02435303
v -7.37208366 23.09663391 2.02629399
v -7.36258554 23.09690857 2.02627802
v -7.35307789 23.09710121 2.02637696
v -7.37213039 23.09885597 2.02930689
v -7.36265659 23.09913254 2.02928996
v -7.35317039 23.09932518 2.02938890
v -7.34355688 23.09720802 2.02659106
v -7.33403587 23.09722900 2.02692199
v -7.32451773 23.09716034 2.02736807
v -7.34367228 23.09943199 2.02960300
v -7.33417606 23.09944916 2.02993298
v -7.32468128 23.09938049 2.03037906
v -7.32388401 23.08726311 2.01525211
v -7.31429100 23.08710861 2.01581693
v -7.30471182 23.08686447 2.01650000
v -7.28515863 23.08056068 2.01210904
v -7.27560806 23.08005333 2.01313996
v -7.32419538 23.09233475 2.02132511
v -7.29515266 23.08653450 2.01729608
v -7.28561449 23.08611870 2.01820898
v -7.27610540 23.08561516 2.01923394
v -7.26610708 23.07946396 2.01428199
v -7.25661612 23.07878494 2.01554108
v -7.23719168 23.07118034 2.01225805
v -7.22787142 23.07024956 2.01384497
v -7.26662731 23.08502388 2.02037501
v -7.24718714 23.07802010 2.01691008
v -7.23779106 23.07717133 2.01839209
v -7.22850227 23.07624435 2.01997209
v -7.31463814 23.09217644 2.02188993
v -7.30510283 23.09193420 2.02256799
v -7.31483126 23.09467888 2.02491403
v -7.30531883 23.09443855 2.02559090
v -7.29557705 23.09160423 2.02336192
v -7.28608179 23.09118843 2.02427101
v -7.27660847 23.09068680 2.02529407
v -7.29581642 23.09411049 2.02638292
v -7.28634357 23.09369469 2.02729011
v -7.27688408 23.09319305 2.02831197
v -7.31501865 23.09700584 2.02792811
v -7.30551720 23.09676170 2.02860498
v -7.31520557 23.09922791 2.03093696
v -7.29603958 23.09643555 2.02939606
v -7.28659010 23.09602165 2.03029990
v -7.25718164 23.08434677 2.02162790
v -7.24778652 23.08358574 2.02299190
v -7.23842192 23.08273888 2.02446890
v -7.22916508 23.08181381 2.02604508
v -7.26717567 23.09010124 2.02642894
v -7.25776339 23.08942795 2.02767801
v -7.26747274 23.09260368 2.02944493
v -7.25808477 23.09193420 2.03069210
v -7.24840879 23.08866882 2.02903605
v -7.23908901 23.08782578 2.03050709
v -7.07034349 23.00734329 2.02957892
v -7.18796539 23.03212738 1.99262702
v -7.22626114 23.04963112 1.99505496
v -7.21689177 23.04860306 1.99676597
v -7.20757389 23.04749107 1.99858904
v -7.19829369 23.04629517 2.00052500
v -7.16983271 23.02933884 1.99690294
v -7.15150976 23.02602386 2.00186110
v -7.21736717 23.05595779 2.00310206
v -7.18898153 23.04503059 2.00257802
v -7.17977142 23.04361343 2.00474405
v -7.21797562 23.06281471 2.00935793
v -7.20869446 23.06167603 2.01117301
v -7.18035507 23.05102158 2.01106191
v -7.19884682 23.05366707 2.00685096
v -7.14633942 23.02511406 2.00316906
v -7.14178848 23.02416229 2.00445509
v -7.17051697 23.04222870 2.00702906
v -7.16129541 23.04060936 2.00942707
v -7.12329197 23.02040100 2.01013494
v -7.11886168 23.01937675 2.01154399
v -7.19945145 23.06052399 2.01309991
v -7.19020319 23.05921173 2.01514506
v -7.18100166 23.05788612 2.01730108
v -7.19088793 23.06567574 2.02131605
v -7.13387060 23.03545952 2.01731706
v -7.16195250 23.04802704 2.01573491
v -7.15214443 23.03903770 2.01194406
v -7.14297199 23.03728294 2.01457000
v -7.17179728 23.05639839 2.01957798
v -7.14370346 23.04469490 2.02086997
v -7.18171501 23.06431770 2.02346492
v -7.16264200 23.05489922 2.02196503
v -7.17254591 23.06287193 2.02573395
v -7.15349197 23.05323792 2.02447104
v -7.13456392 23.04288292 2.02360892
v -7.16340876 23.06133842 2.02811503
v -7.15429306 23.05971909 2.03061295
v -7.14440012 23.05156326 2.02708602
v -7.13532686 23.04976845 2.02981901
v -7.21858311 23.06923485 2.01554298
v -7.20932579 23.06813240 2.01735401
v -7.20010185 23.06694794 2.01927710
v -7.21001053 23.07413292 2.02347207
v -7.21923637 23.07523155 2.02166700
v -7.20081711 23.07295227 2.02538800
v -7.21994495 23.08080673 2.02773309
v -7.21075201 23.07971382 2.02953100
v -7.19163656 23.07168198 2.02742100
v -7.18249655 23.07033157 2.02956200
v -7.12481165 23.03360367 2.02016902
v -7.10069656 23.01524353 2.01781297
v -7.11576176 23.03158760 2.02313900
v -7.10682678 23.02955055 2.02621603
v -7.09788847 23.02740860 2.02940202
v -7.12552404 23.04099846 2.02645707
v -7.11651325 23.03902626 2.02941990
v -7.07852221 23.00963783 2.02620506
v -6.78677177 22.36066055 1.88512397
v -6.79600477 22.37684059 1.87595105
v -6.78988791 22.37208557 1.88599205
v -6.78675032 22.36702919 1.88930202
v -6.77806091 22.35069656 1.89873803
v -6.77807665 22.35707855 1.90291905
v -6.77814054 22.35897827 1.90406597
v -6.76986790 22.34051132 1.91259503
v -6.76990414 22.34695244 1.91678202
v -6.76729345 22.34516144 1.92257905
v -6.76219797 22.33015442 1.92667103
v -6.76220560 22.33655739 1.93086004
v -6.75508595 22.31963730 1.94093704
v -6.75750113 22.33133698 1.94147098
v -6.75506115 22.32599449 1.94513202
v -6.74290657 22.28849792 1.96311343
v -6.74539995 22.30335236 1.96302044
v -6.73066187 22.19269371 1.96371305
v -6.73081923 22.19428253 1.96370304
v -6.73414564 22.22488785 1.96351159
v -6.73822498 22.25684738 1.96331143
v -6.74853611 22.30901146 1.95536697
v -6.74854136 22.31535721 1.95956302
v -6.74860859 22.31727982 1.96068001
v -6.75823450 22.36044121 1.96266317
v -6.75579882 22.35067749 1.96272433
v -6.75573349 22.35041428 1.96272600
v -6.75557137 22.34972382 1.96273029
v -6.74657249 22.30971527 1.96298063
v -6.74715662 22.31286812 1.96296096
v -6.74759674 22.31515884 1.96294653
v -6.74871540 22.32047272 1.96291327
v -6.74866152 22.32022667 1.96291482
v -6.76372671 22.38167381 1.96253026
v -6.76343679 22.38059044 1.96253705
v -6.76286077 22.37835693 1.96255100
v -6.76858997 22.39962196 1.96241808
v -6.77240419 22.41280365 1.96233547
v -6.77168274 22.41030121 1.96235108
v -6.77103376 22.40803528 1.96236527
v -6.83782721 22.59143257 1.96121740
v -6.84248066 22.60167503 1.96115327
v -6.85416174 22.62616158 1.96099997
v -6.84767914 22.61276245 1.96108389
v -6.86789227 22.65316200 1.96083105
v -6.86750317 22.65236855 1.96083593
v -6.86404324 22.64562607 1.96087813
v -6.86350298 22.64467239 1.96088421
v -6.85635567 22.63053131 1.96097267
v -6.78938580 22.46751595 1.96199298
v -6.79320717 22.47865295 1.96192324
v -6.79194736 22.47502899 1.96194589
v -6.78181553 22.44414139 1.96213925
v -6.78042221 22.43972588 1.96216691
v -6.78116560 22.44212151 1.96215189
v -6.77986956 22.43801308 1.96217752
v -6.79466677 22.48285675 1.96189690
v -6.79975319 22.49736786 1.96180618
v -6.80696869 22.51698112 1.96168339
v -6.80471087 22.51099205 1.96172082
v -6.80827379 22.52038956 1.96166205
v -6.81090450 22.52717590 1.96161950
v -6.81836843 22.54621315 1.96150041
v -6.82284117 22.55705643 1.96143258
v -6.82952929 22.57279587 1.96133411
v -6.83238363 22.57926559 1.96129358
v -6.83518314 22.58552742 1.96125436
v -6.94039965 22.77114868 1.96009254
v -6.93814611 22.76801872 1.96011209
v -6.88507318 22.68455887 1.96063447
v -6.88926411 22.69177818 1.96058929
v -6.89178228 22.69596100 1.96056318
v -6.90288067 22.71473694 1.96044564
v -6.89819527 22.70690536 1.96049464
v -6.87693787 22.66977692 1.96072710
v -6.87586212 22.66776085 1.96073961
v -6.87451029 22.66538239 1.96075451
v -6.87998533 22.67548943 1.96069133
v -6.88240910 22.67984581 1.96066403
v -6.91479158 22.73341179 1.96032870
v -6.92106390 22.74314690 1.96026778
v -6.92139387 22.74369240 1.96026444
v -6.90480995 22.71774101 1.96042681
v -6.93245029 22.75977325 1.96016371
v -6.95994377 22.79734039 1.95992863
v -6.96156073 22.79931068 1.95991623
v -6.94397020 22.77596855 1.96006238
v -6.94758940 22.78075409 1.96003246
v -6.95608044 22.79227257 1.95996034
v -6.97292042 22.81356621 1.95982707
v -6.97506189 22.82021904 1.96288621
v -6.98019361 22.83663750 1.97043502
v -6.98041964 22.83745766 1.97081220
v -6.98443317 22.84929276 1.97625411
v -6.99068356 22.86867142 1.98516417
v -6.99751616 22.88920975 1.99460769
v -7.00067759 22.89861870 1.99893403
v -7.00182152 22.90189362 2.00043988
v -7.02284384 22.96085167 2.02754807
v -7.02206421 22.95868492 2.02655220
v -7.02364016 22.96299744 2.02853513
v -6.51572895 22.81356621 1.95982707
v -7.67042208 22.98615074 2.03598094
v -7.67477703 22.98393059 2.03803205
v -7.67499876 22.98386765 2.03813148
v -7.67557144 22.98430061 2.03833008
v -7.66230059 22.98910713 2.03235507
v -7.64941216 23.00621796 2.03707290
v -7.65783405 23.00342941 2.04056001
v -7.67237139 22.99161911 2.04169559
v -7.67086983 22.99501038 2.04325414
v -7.66623211 23.00044823 2.04415011
v -7.66885471 22.99950409 2.04532051
v -7.66597652 23.00473404 2.04772520
v -7.66456127 23.00723457 2.04887462
v -7.64085007 23.00907898 2.03367496
v -7.63186836 23.01919746 2.03664589
v -7.62271786 23.02873802 2.03963590
v -7.64900303 23.01370239 2.04332709
v -7.63139009 23.02614212 2.04282308
v -7.62214899 23.03529167 2.04573894
v -7.66372108 23.00863838 2.04952025
v -7.64849091 23.02065659 2.04948807
v -7.63998318 23.02340317 2.04610300
v -7.63080359 23.03266335 2.04891706
v -7.66036367 23.01393700 2.05195665
v -7.65689373 23.01778221 2.05295992
v -7.65819645 23.01733208 2.05351782
v -7.65672493 23.01944160 2.05448794
v -7.64784575 23.02720070 2.05556297
v -7.63935184 23.02997208 2.05218911
v -7.65222883 23.02571869 2.05737424
v -7.65022898 23.02824402 2.05853486
v -7.64724064 23.03201103 2.06026697
v -7.63861847 23.03609467 2.05819798
v -7.62146282 23.04140282 2.05176806
v -7.63009167 23.03878403 2.05493593
v -7.62066031 23.04710579 2.05772996
v -7.64582205 23.03374290 2.06106377
v -7.64238453 23.03757477 2.06282568
v -7.62925100 23.04449654 2.06088710
v -7.63774681 23.04182053 2.06413698
v -7.63891602 23.04143906 2.06460190
v -7.63756752 23.04278946 2.06522274
v -7.61975098 23.05233765 2.06364107
v -7.62831020 23.04974365 2.06678510
v -7.63140965 23.04876518 2.06797099
v -7.63039684 23.04972649 2.06841278
v -7.61923456 23.05492592 2.06658006
v -7.62779999 23.05217743 2.06953931
v -7.62755632 23.05239868 2.06964159
v -7.61869717 23.05734253 2.06950498
v -7.60513258 23.03382111 2.03357410
v -7.61396837 23.03133202 2.03655505
v -7.57782459 23.04728317 2.03140998
v -7.58682442 23.04504204 2.03406310
v -7.59575844 23.04271698 2.03682590
v -7.60461760 23.04031754 2.03969312
v -7.58625460 23.05111694 2.04012895
v -7.57729435 23.05335236 2.03748298
v -7.55918741 23.05758476 2.03251910
v -7.56827545 23.05550957 2.03494501
v -7.55862427 23.06322479 2.03854609
v -7.54952955 23.06521034 2.03624010
v -7.56766367 23.06116104 2.04096603
v -7.61342621 23.03784180 2.04266596
v -7.59515905 23.04880142 2.04288292
v -7.60399628 23.04641151 2.04573989
v -7.57664967 23.05901146 2.04349494
v -7.61276960 23.04394341 2.04870510
v -7.59445763 23.05447578 2.04887605
v -7.58558655 23.05677986 2.04613090
v -7.57592535 23.06418991 2.04945993
v -7.56697893 23.06632423 2.04694104
v -7.53123093 23.06892967 2.03196192
v -7.54039812 23.06711197 2.03404403
v -7.52151680 23.07579613 2.03601003
v -7.53069115 23.07407188 2.03797102
v -7.53982210 23.07226372 2.04004502
v -7.53038073 23.07662010 2.04096293
v -7.52123022 23.07833862 2.03900504
v -7.54891872 23.07036400 2.04223299
v -7.55797625 23.06839180 2.04452991
v -7.54856777 23.07291603 2.04521489
v -7.53948450 23.07481003 2.04303288
v -7.52092791 23.08070183 2.04198909
v -7.53005075 23.07898521 2.04394293
v -7.52060318 23.08296776 2.04496598
v -7.55760050 23.07094955 2.04750896
v -7.54820013 23.07530022 2.04818511
v -7.56658506 23.06889343 2.04991293
v -7.55721235 23.07332611 2.05047488
v -7.53913927 23.07718277 2.04600811
v -7.53877211 23.07945251 2.04897594
v -7.52970982 23.08124542 2.04691601
v -7.52025270 23.08513832 2.04793692
v -7.52933025 23.08351517 2.04988098
v -7.50308371 23.07900047 2.03243303
v -7.51232481 23.07744217 2.03416395
v -7.50283575 23.08152962 2.03543591
v -7.48436928 23.08437538 2.03232789
v -7.49361897 23.08299637 2.03382611
v -7.48416138 23.08672333 2.03532505
v -7.47493219 23.08801651 2.03395009
v -7.51205158 23.07997894 2.03716397
v -7.50258017 23.08388901 2.03842711
v -7.51177168 23.08234024 2.04015088
v -7.49338961 23.08534622 2.03681993
v -7.48392916 23.08897591 2.03831697
v -7.47472572 23.09025955 2.03694510
v -7.49313545 23.08760071 2.03980899
v -7.47449398 23.09249878 2.03993392
v -7.46568537 23.08922005 2.03268695
v -7.45645905 23.09033585 2.03154302
v -7.44706011 23.09361076 2.03351498
v -7.46550274 23.09146309 2.03568506
v -7.45629787 23.09258080 2.03454304
v -7.43781185 23.09455490 2.03259706
v -7.42854309 23.09541702 2.03179193
v -7.45610523 23.09481049 2.03753901
v -7.46530294 23.09360886 2.03867698
v -7.43767118 23.09678268 2.03559804
v -7.42843437 23.09755707 2.03479409
v -7.44691229 23.09574890 2.03651190
v -7.44674778 23.09781265 2.03950310
v -7.42831993 23.09960747 2.03779006
v -7.42820644 23.10151863 2.04078388
v -7.51146412 23.08460426 2.04313397
v -7.50230169 23.08614731 2.04141307
v -7.50200748 23.08830070 2.04439211
v -7.49285269 23.08984566 2.04279089
v -7.48368406 23.09112930 2.04130197
v -7.48341894 23.09321022 2.04428196
v -7.51113033 23.08685112 2.04610896
v -7.50169182 23.09038162 2.04736304
v -7.50137043 23.09231949 2.05033493
v -7.48313761 23.09513092 2.04726291
v -7.48284769 23.09699631 2.05024004
v -7.46508837 23.09568024 2.04166198
v -7.44657421 23.09972763 2.04249406
v -7.46486759 23.09759712 2.04464793
v -7.44638395 23.10157776 2.04548597
v -7.42806721 23.10336685 2.04378104
v -7.46462870 23.09946060 2.04763293
v -7.46437311 23.10122681 2.05061197
v -7.42793512 23.10511780 2.04676795
v -7.44619322 23.10333252 2.04846907
v -7.42778015 23.10676384 2.04975700
v -7.61200237 23.04963493 2.05467796
v -7.60325623 23.05209732 2.05172300
v -7.59366274 23.05967522 2.05482006
v -7.58482599 23.06197548 2.05208492
v -7.58438492 23.06455231 2.05504799
v -7.60242224 23.05730820 2.05765700
v -7.59320831 23.06224823 2.05777693
v -7.61113214 23.05485344 2.06060004
v -7.60194492 23.05987930 2.06060910
v -7.61064053 23.05744362 2.06354403
v -7.60146332 23.06229019 2.06354403
v -7.59273195 23.06466103 2.06071901
v -7.61012125 23.05986214 2.06647611
v -7.60093784 23.06460571 2.06647301
v -7.60957432 23.06216812 2.06939912
v -7.57551432 23.06675529 2.05242801
v -7.57508183 23.06915092 2.05538201
v -7.58392859 23.06694221 2.05799794
v -7.57462215 23.07144928 2.05833006
v -7.56616592 23.07128334 2.05287504
v -7.54780483 23.07757568 2.05114889
v -7.55680132 23.07561684 2.05343199
v -7.54738092 23.07984734 2.05410504
v -7.53838921 23.08162880 2.05193591
v -7.51988983 23.08723068 2.05089998
v -7.53797102 23.08373833 2.05488992
v -7.56573582 23.07356453 2.05582690
v -7.55635548 23.07779884 2.05638504
v -7.56525373 23.07585144 2.05877209
v -7.55589676 23.07990837 2.05932593
v -7.53754091 23.08568954 2.05784297
v -7.58345699 23.06924248 2.06093788
v -7.57413816 23.07363892 2.06126904
v -7.59222412 23.06696701 2.06365609
v -7.58292341 23.07154083 2.06387305
v -7.57363081 23.07575798 2.06419897
v -7.60035944 23.06691933 2.06939292
v -7.59169674 23.06917000 2.06658196
v -7.57310820 23.07773590 2.06712794
v -7.59113789 23.07130432 2.06949997
v -7.57254839 23.07966042 2.07005405
v -7.55541134 23.08187485 2.06226802
v -7.55490637 23.08377838 2.06520700
v -7.53708744 23.08758163 2.06079412
v -7.53661633 23.08937836 2.06373692
v -7.55438137 23.08559608 2.06813788
v -7.53611898 23.09107208 2.06667709
v -7.53560686 23.09268188 2.06962204
v -7.51951170 23.08916855 2.05386305
v -7.50101805 23.09419441 2.05330491
v -7.51912117 23.09105110 2.05682397
v -7.51869917 23.09284592 2.05977607
v -7.48254013 23.09877205 2.05321097
v -7.50066042 23.09597206 2.05626702
v -7.50027800 23.09764862 2.05922890
v -7.48221064 23.10043144 2.05618310
v -7.48187733 23.10201073 2.05915689
v -7.46410656 23.10288048 2.05359006
v -7.44598866 23.10498428 2.05145311
v -7.42762280 23.10832024 2.05275106
v -7.44576883 23.10654831 2.05444193
v -7.46382523 23.10445023 2.05657291
v -7.46353102 23.10592270 2.05955505
v -7.44553661 23.10801315 2.05743003
v -7.42745161 23.10978127 2.05574393
v -7.44529963 23.10939789 2.06042194
v -7.42727709 23.11115456 2.05874109
v -7.51825476 23.09453011 2.06273007
v -7.49988222 23.09923744 2.06219506
v -7.49946117 23.10072899 2.06516099
v -7.48151922 23.10349083 2.06213188
v -7.48115778 23.10489082 2.06510901
v -7.51779652 23.09612465 2.06568599
v -7.51732302 23.09762383 2.06864095
v -7.49903584 23.10213280 2.06812906
v -7.48077106 23.10618591 2.06808591
v -7.46323204 23.10730934 2.06254005
v -7.42709160 23.11243057 2.06173801
v -7.44503784 23.11067772 2.06341410
v -7.42689228 23.11362076 2.06474590
v -7.46291685 23.10860062 2.06552410
v -7.46257877 23.10980797 2.06852007
v -7.44477701 23.11187172 2.06641603
v -7.42669106 23.11470985 2.06775093
v -7.44451189 23.11297035 2.06941509
v -7.62473345 23.05480957 2.07074976
v -7.62345171 23.05589867 2.07125115
v -7.61813354 23.05966377 2.07241893
v -7.62020159 23.05854607 2.07246804
v -7.61924362 23.05932808 2.07282710
v -7.61794424 23.06037712 2.07330942
v -7.60900688 23.06439209 2.07231092
v -7.61488390 23.06273270 2.07439303
v -7.61224508 23.06462288 2.07526207
v -7.61026287 23.06599045 2.07589102
v -7.59056902 23.07328987 2.07241607
v -7.57196045 23.08148956 2.07297301
v -7.60838985 23.06654930 2.07521605
v -7.60809898 23.06748199 2.07657671
v -7.60546970 23.06917381 2.07735443
v -7.60200167 23.07135201 2.07835627
v -7.60044956 23.07232857 2.07880473
v -7.59795570 23.07382584 2.07949376
v -7.58995628 23.07522774 2.07532811
v -7.58931446 23.07706833 2.07823205
v -7.57135010 23.08320236 2.07588911
v -7.57072449 23.08483124 2.07880592
v -7.55382586 23.08729172 2.07106805
v -7.55326271 23.08891296 2.07399797
v -7.53506756 23.09419823 2.07256389
v -7.55265617 23.09045029 2.07692790
v -7.55204105 23.09188461 2.07986093
v -7.53451300 23.09562874 2.07551003
v -7.53393173 23.09695816 2.07845402
v -7.59531736 23.07541084 2.08022165
v -7.59385967 23.07624245 2.08060431
v -7.58865166 23.07879257 2.08113289
v -7.59005690 23.07840538 2.08159876
v -7.58844709 23.07928848 2.08200479
v -7.58532429 23.08088112 2.08273792
v -7.57006550 23.08637810 2.08172107
v -7.58264780 23.08220673 2.08334708
v -7.57849360 23.08423233 2.08427835
v -7.58440304 23.08135033 2.08295321
v -7.57623148 23.08528900 2.08476377
v -7.56938219 23.08783531 2.08463907
v -7.57246304 23.08704948 2.08557391
v -7.56898785 23.08860207 2.08628702
v -7.55140686 23.09322929 2.08278894
v -7.56608725 23.08979607 2.08683681
v -7.55074263 23.09449768 2.08572698
v -7.56180668 23.09149742 2.08761883
v -7.55927706 23.09250259 2.08808088
v -7.55377007 23.09458351 2.08903790
v -7.55005932 23.09565926 2.08866191
v -7.55232859 23.09512901 2.08928823
v -7.55164385 23.09537697 2.08940291
v -7.53333712 23.09820938 2.08140612
v -7.53271914 23.09935760 2.08435607
v -7.54981279 23.09604454 2.08970952
v -7.53209066 23.10042572 2.08732104
v -7.51683092 23.09904480 2.07159710
v -7.49858427 23.10344315 2.07109594
v -7.51631594 23.10036278 2.07455397
v -7.49811888 23.10466766 2.07407308
v -7.48038054 23.10740089 2.07107091
v -7.47996569 23.10851669 2.07405591
v -7.51578569 23.10159874 2.07751894
v -7.49764156 23.10578728 2.07704711
v -7.49715281 23.10683250 2.08003592
v -7.47954273 23.10954857 2.07705688
v -7.47911406 23.11049843 2.08006001
v -7.46224260 23.11090851 2.07151294
v -7.46189213 23.11193466 2.07452106
v -7.44422483 23.11398697 2.07243204
v -7.42647839 23.11572075 2.07077408
v -7.42626333 23.11664391 2.07379889
v -7.46152782 23.11287308 2.07753396
v -7.45241928 23.11475372 2.07945895
v -7.44393635 23.11491585 2.07545209
v -7.43485498 23.11663246 2.07759905
v -7.42603254 23.11748505 2.07682896
v -7.44363022 23.11576653 2.07847595
v -7.42580462 23.11824226 2.07987404
v -7.51524305 23.10273552 2.08048105
v -7.51467896 23.10379410 2.08345890
v -7.49664831 23.10779572 2.08302903
v -7.48742390 23.11002350 2.08449292
v -7.47865534 23.11136627 2.08306694
v -7.51409864 23.10476303 2.08644009
v -7.49611473 23.10867691 2.08602595
v -7.51349735 23.10565758 2.08942294
v -7.50484991 23.10716820 2.08767200
v -7.49558878 23.10946655 2.08903599
v -7.47820234 23.11215019 2.08608794
v -7.48691273 23.11084938 2.08750796
v -7.47770786 23.11288071 2.08911991
v -7.46993542 23.11255455 2.08175492
v -7.46114731 23.11373138 2.08055091
v -7.45205450 23.11555672 2.08249497
v -7.46949291 23.11336517 2.08478189
v -7.46077013 23.11450386 2.08358097
v -7.44332552 23.11653137 2.08151388
v -7.43456745 23.11742592 2.08064198
v -7.44298649 23.11724091 2.08456492
v -7.43427801 23.11813164 2.08369398
v -7.42555428 23.11894417 2.08293009
v -7.46035099 23.11522293 2.08662295
v -7.45168686 23.11627197 2.08554006
v -7.46904659 23.11408997 2.08781695
v -7.43370581 23.11923409 2.08983207
v -7.42505550 23.12003899 2.08907390
v -7.54625607 23.09723282 2.09025574
v -7.54480410 23.09771729 2.09047818
v -7.54120922 23.09886932 2.09100819
v -7.53690004 23.10025024 2.09164286
v -7.53144789 23.10141182 2.09028697
v -7.52218962 23.10399055 2.09128594
v -7.53418922 23.10109520 2.09203172
v -7.52870035 23.10272217 2.09278035
v -7.53094721 23.10208511 2.09248686
v -7.52525997 23.10365868 2.09321070
v -7.52164745 23.10466957 2.09367561
v -7.51977682 23.10516739 2.09390450
v -7.50425720 23.10800552 2.09067607
v -7.51289320 23.10646439 2.09242105
v -7.50364399 23.10875511 2.09368896
v -7.51603508 23.10612297 2.09434390
v -7.49501228 23.11021042 2.09205699
v -7.48637676 23.11158371 2.09053493
v -7.51020145 23.10758591 2.09501576
v -7.51238155 23.10705566 2.09477282
v -7.50324392 23.10915565 2.09573817
v -7.49898434 23.11006737 2.09615707
v -7.48534155 23.11274529 2.09661698
v -7.49417543 23.11109352 2.09662914
v -7.48843527 23.11225319 2.09716225
v -7.47674704 23.11402893 2.09521389
v -7.48336220 23.11319351 2.09759450
v -7.48519135 23.11286736 2.09744453
v -7.48606682 23.11270142 2.09736848
v -7.47625351 23.11445808 2.09817600
v -7.45095968 23.11738968 2.09166288
v -7.46816063 23.11522865 2.09392309
v -7.45955038 23.11635017 2.09273696
v -7.44234228 23.11835098 2.09069395
v -7.46603680 23.11614609 2.09895253
v -7.46740770 23.11593437 2.09885430
v -7.47001934 23.11549759 2.09865427
v -7.46139288 23.11686707 2.09928393
v -7.45868444 23.11721992 2.09891105
v -7.45018244 23.11824989 2.09784508
v -7.45921230 23.11718369 2.09942913
v -7.45860338 23.11727142 2.09946966
v -7.45756054 23.11741257 2.09953451
v -7.44164705 23.11920166 2.09688497
v -7.43308640 23.12007523 2.09603095
v -7.42452145 23.12087250 2.09527802
v -7.44989634 23.11844826 2.10001087
v -7.44527674 23.11902237 2.10027480
v -7.43257427 23.12051010 2.10095906
v -7.44121695 23.11952591 2.10050583
v -7.43490887 23.12024498 2.10083675
v -7.43102026 23.12067223 2.10103297
v -7.42397642 23.12140083 2.10136843
v -7.42249823 23.12153816 2.10143185
v -7.40980482 23.09903145 2.03351593
v -7.40042639 23.09973526 2.03304505
v -7.41912127 23.09842110 2.03409910
v -7.39103270 23.10017586 2.03268909
v -7.38161421 23.10071182 2.03244305
v -7.39102602 23.10222435 2.03568912
v -7.40973949 23.10108376 2.03651500
v -7.40967321 23.10298729 2.03951406
v -7.39100885 23.10412598 2.03868890
v -7.37217331 23.10098267 2.03231406
v -7.36272764 23.10134888 2.03229690
v -7.35326099 23.10144997 2.03239608
v -7.37221813 23.10303116 2.03531504
v -7.35335398 23.10349655 2.03539705
v -7.34379435 23.10164452 2.03260994
v -7.33431625 23.10157204 2.03293896
v -7.32486153 23.10159492 2.03338194
v -7.33446693 23.10362053 2.03593802
v -7.37224865 23.10492897 2.03831697
v -7.35344315 23.10539436 2.03839803
v -7.33460283 23.10551643 2.03893805
v -7.40959549 23.10483170 2.04251289
v -7.40951204 23.10657883 2.04550409
v -7.39099026 23.10597038 2.04168892
v -7.39095831 23.10771179 2.04468489
v -7.40941858 23.10821724 2.04849696
v -7.39092588 23.10934448 2.04767895
v -7.39089108 23.11089516 2.05067801
v -7.37228918 23.10676956 2.04131794
v -7.35353184 23.10723495 2.04139900
v -7.37231874 23.10851097 2.04431391
v -7.35362196 23.10897446 2.04439497
v -7.33475161 23.10735512 2.04193807
v -7.33488894 23.10909271 2.04493308
v -7.37234497 23.11013985 2.04730892
v -7.35369778 23.11060333 2.04739189
v -7.37237072 23.11168861 2.05030894
v -7.35378265 23.11214447 2.05039191
v -7.33503771 23.11072540 2.04792595
v -7.27716398 23.09552193 2.03131890
v -7.30573797 23.09898567 2.03161097
v -7.31539059 23.10135078 2.03394103
v -7.30595827 23.10120392 2.03461409
v -7.29628229 23.09865761 2.03239989
v -7.28685617 23.09824562 2.03330207
v -7.29651642 23.10078812 2.03540111
v -7.27744150 23.09774590 2.03432012
v -7.31558990 23.10339737 2.03693795
v -7.31578350 23.10529709 2.03993511
v -7.29676294 23.10283470 2.03839493
v -7.28713560 23.10046577 2.03629994
v -7.27772999 23.09987450 2.03731489
v -7.27803564 23.10192871 2.04030299
v -7.26777458 23.09493637 2.03244805
v -7.25840664 23.09426498 2.03369188
v -7.24875355 23.09117889 2.03204608
v -7.23944569 23.09033775 2.03351498
v -7.22986746 23.08690643 2.03207707
v -7.24910021 23.09351158 2.03504491
v -7.23024750 23.08942032 2.03508306
v -7.23981476 23.09267235 2.03650999
v -7.23063898 23.09175491 2.03807402
v -7.24018431 23.09490395 2.03950000
v -7.26807690 23.09716606 2.03544688
v -7.26840401 23.09938431 2.03843999
v -7.25873137 23.09649467 2.03668904
v -7.25907850 23.09862709 2.03967690
v -7.24944735 23.09574318 2.03803802
v -7.31598091 23.10713577 2.04293299
v -7.29701281 23.10473251 2.04138899
v -7.27833319 23.10383224 2.04329300
v -7.29726791 23.10657310 2.04438210
v -7.31618738 23.10887337 2.04592395
v -7.31639385 23.11050606 2.04891396
v -7.29752350 23.10831642 2.04736996
v -7.27864647 23.10567474 2.04628110
v -7.29778767 23.10994720 2.05035710
v -7.27896023 23.10741615 2.04926395
v -7.23103142 23.09399223 2.04105997
v -7.25942945 23.10068321 2.04266000
v -7.25977182 23.10258675 2.04564500
v -7.24982309 23.09796906 2.04102492
v -7.24057722 23.09704399 2.04248190
v -7.24097538 23.09910202 2.04545999
v -7.23146439 23.09622192 2.04403901
v -7.26014423 23.10443497 2.04862595
v -7.24137449 23.10100937 2.04843593
v -7.40932226 23.10976982 2.05149293
v -7.40921354 23.11122704 2.05449104
v -7.39084291 23.11235046 2.05367804
v -7.40910149 23.11259842 2.05749297
v -7.40897799 23.11386490 2.06049395
v -7.39079475 23.11371422 2.05668306
v -7.39074278 23.11497498 2.05968595
v -7.37238503 23.11314011 2.05331111
v -7.35386801 23.11359406 2.05339193
v -7.33518410 23.11226845 2.05092597
v -7.33532906 23.11371613 2.05392408
v -7.37240744 23.11450195 2.05631495
v -7.35395241 23.11495781 2.05639601
v -7.37241840 23.11576271 2.05931997
v -7.35403538 23.11621857 2.05940008
v -7.33547354 23.11507607 2.05692792
v -7.33562851 23.11633682 2.05992889
v -7.40885210 23.11505127 2.06350493
v -7.39069033 23.11615944 2.06269908
v -7.40871477 23.11613464 2.06651497
v -7.40857553 23.11713982 2.06954193
v -7.39062548 23.11723900 2.06571198
v -7.39055872 23.11824036 2.06873989
v -7.37242699 23.11694336 2.06233501
v -7.35410643 23.11739540 2.06241703
v -7.37243366 23.11801910 2.06534910
v -7.33577204 23.11751556 2.06294298
v -7.35418606 23.11846733 2.06542993
v -7.37244129 23.11901474 2.06837893
v -7.35426474 23.11946297 2.06845903
v -7.33592367 23.11858559 2.06595492
v -7.33607340 23.11958122 2.06898189
v -7.31660032 23.11205292 2.05191112
v -7.31680536 23.11349869 2.05490708
v -7.27928400 23.10905075 2.05224490
v -7.29806376 23.11149406 2.05334711
v -7.27960873 23.11060333 2.05523205
v -7.31702042 23.11486244 2.05790591
v -7.29832935 23.11294556 2.05633998
v -7.29860497 23.11430931 2.05933595
v -7.27994442 23.11205482 2.05821800
v -7.26051617 23.10618210 2.05160189
v -7.26089811 23.10782242 2.05457711
v -7.24179268 23.10286331 2.05141091
v -7.24222326 23.10461617 2.05437994
v -7.26128006 23.10937500 2.05755806
v -7.26168489 23.11083412 2.06053495
v -7.24266195 23.10625839 2.05734706
v -7.24311352 23.10781670 2.06031799
v -7.31723595 23.11612129 2.06090593
v -7.31745100 23.11730003 2.06391597
v -7.29889107 23.11557007 2.06233001
v -7.28029013 23.11342430 2.06120706
v -7.29917669 23.11675072 2.06533504
v -7.28063536 23.11468697 2.06419706
v -7.31767464 23.11837578 2.06692410
v -7.31789684 23.11936951 2.06994891
v -7.28099203 23.11587143 2.06719494
v -7.29947090 23.11782837 2.06833792
v -7.28134632 23.11695099 2.07019401
v -7.26209116 23.11220551 2.06351900
v -7.24357700 23.10928345 2.06328797
v -7.26250648 23.11347389 2.06649995
v -7.26292324 23.11466217 2.06949306
v -7.24404335 23.11065865 2.06626391
v -7.24452686 23.11193275 2.06923604
v -7.05679131 23.00358391 2.03530002
v -7.05291033 23.00236511 2.03694391
v -7.03546619 22.99374199 2.04267120
v -7.03557873 22.99402046 2.04279947
v -7.03697968 22.99750710 2.04440236
v -7.04113150 23.00561523 2.04813004
v -7.14521599 23.05801392 2.03322196
v -7.13617516 23.05622482 2.03594708
v -7.15515804 23.06574821 2.03669000
v -7.14611340 23.06404877 2.03929090
v -7.13710451 23.06226158 2.04200697
v -7.22067595 23.08589935 2.03375912
v -7.21152830 23.08481216 2.03555012
v -7.20159101 23.07853508 2.03144097
v -7.19244242 23.07727051 2.03346610
v -7.18333530 23.07592583 2.03560209
v -7.22108984 23.08841705 2.03675795
v -7.21195221 23.08733177 2.03854799
v -7.20241117 23.08364105 2.03745103
v -7.22149229 23.09075928 2.03974795
v -7.20285845 23.08616257 2.04044509
v -7.19329405 23.08238220 2.03946996
v -7.17334843 23.06888580 2.03182602
v -7.16425276 23.06736183 2.03419805
v -7.17422009 23.07448578 2.03785706
v -7.16515493 23.07296753 2.04022098
v -7.22191620 23.09299469 2.04273009
v -7.21237898 23.08967400 2.04153299
v -7.20330715 23.08850861 2.04342604
v -7.22234535 23.09513855 2.04570603
v -7.21282673 23.09191322 2.04451108
v -7.18421888 23.08103752 2.04159808
v -7.19376516 23.08490753 2.04245901
v -7.19423532 23.08725548 2.04543591
v -7.18471146 23.08356476 2.04458189
v -7.21330643 23.09414673 2.04748106
v -7.20377779 23.09075165 2.04640007
v -7.20424986 23.09289742 2.04936790
v -7.18520403 23.08591843 2.04755402
v -7.19472742 23.08950043 2.04840493
v -7.18571901 23.08816910 2.05051804
v -7.22280216 23.09720039 2.04867506
v -7.15610266 23.07135773 2.04270411
v -7.17514610 23.07960701 2.04384398
v -7.14709377 23.06966591 2.04529500
v -7.16612339 23.07809258 2.04619789
v -7.15710497 23.07649040 2.04867101
v -7.16665077 23.08062553 2.04917407
v -7.17566204 23.08213997 2.04682302
v -7.17617702 23.08449554 2.04979110
v -7.13810253 23.06788445 2.04800391
v -7.10756397 23.03697205 2.03249097
v -7.08905363 23.02516556 2.03269601
v -7.09866858 23.03483391 2.03567195
v -7.08026648 23.02289391 2.03609610
v -7.08983135 23.03261375 2.03895903
v -7.12630510 23.04788780 2.03266001
v -7.11732435 23.04592133 2.03561497
v -7.10839653 23.04386902 2.03867888
v -7.12717628 23.05434799 2.03878188
v -7.07152271 23.02046776 2.03960109
v -7.08106661 23.03031158 2.04235101
v -7.10931873 23.05034256 2.04478407
v -7.11822605 23.05238724 2.04172707
v -7.12813663 23.06039429 2.04483199
v -7.09953070 23.04173851 2.04185009
v -7.09071541 23.03952408 2.04513097
v -7.11920738 23.05843925 2.04777002
v -7.10047150 23.04821396 2.04794788
v -7.08197165 23.03722763 2.04851508
v -7.06291580 23.01802826 2.04320598
v -7.07236433 23.02792931 2.04585004
v -7.06374598 23.02547073 2.04944801
v -7.05431175 23.01548004 2.04691601
v -7.04585218 23.01284409 2.05071998
v -7.12917662 23.06602478 2.05081797
v -7.20475101 23.09496880 2.05232811
v -7.19525480 23.09174156 2.05136704
v -7.18624830 23.09032440 2.05347610
v -7.18679476 23.09239960 2.05642700
v -7.18734837 23.09432602 2.05937505
v -7.22324562 23.09911346 2.05164289
v -7.22372198 23.10097504 2.05461001
v -7.20525932 23.09688759 2.05528498
v -7.22420883 23.10272980 2.05756998
v -7.22470570 23.10437965 2.06052709
v -7.20578194 23.09875298 2.05824304
v -7.15765381 23.07902908 2.05164194
v -7.17671251 23.08674812 2.05275011
v -7.16718769 23.08298874 2.05213594
v -7.16774750 23.08524513 2.05508995
v -7.15821075 23.08139229 2.05459905
v -7.14812469 23.07480621 2.05125403
v -7.14870596 23.07735062 2.05421805
v -7.13918686 23.07303429 2.05394912
v -7.17728662 23.08899689 2.05570197
v -7.16831827 23.08740425 2.05803800
v -7.15879297 23.08365250 2.05754709
v -7.15941334 23.08591080 2.06048894
v -7.14928579 23.07971573 2.05716896
v -7.13978100 23.07558060 2.05690908
v -7.13029432 23.07118225 2.05675411
v -7.14038277 23.07794952 2.05985403
v -7.13090992 23.07373047 2.05970812
v -7.14988947 23.08197975 2.06011105
v -7.20632744 23.10051918 2.06119204
v -7.22521448 23.10594559 2.06348991
v -7.20687056 23.10217285 2.06414199
v -7.18792582 23.09619904 2.06232095
v -7.18852901 23.09797287 2.06525898
v -7.22573614 23.10741615 2.06645012
v -7.20744848 23.10374832 2.06709194
v -7.22627115 23.10880089 2.06941509
v -7.20802736 23.10522461 2.07004309
v -7.18912697 23.09963417 2.06819701
v -7.16892290 23.08949280 2.06097507
v -7.16952038 23.09142685 2.06391311
v -7.14099741 23.08021736 2.06279302
v -7.13153172 23.07610321 2.06264591
v -7.15050554 23.08415031 2.06304693
v -7.17015409 23.09330750 2.06684804
v -7.17080212 23.09508705 2.06977510
v -7.13216639 23.07837868 2.06557894
v -7.13283634 23.08055878 2.06850004
v -7.15115452 23.08624458 2.06597400
v -7.14167643 23.08248711 2.06572008
v -7.15180731 23.08819008 2.06889796
v -7.11034107 23.05640221 2.05081511
v -7.12028122 23.06407738 2.05374599
v -7.09168816 23.04600716 2.05121803
v -7.08296394 23.04371643 2.05459404
v -7.10151577 23.05428123 2.05397010
v -7.11144447 23.06204796 2.05678010
v -7.09276152 23.05208015 2.05723000
v -7.10266161 23.05993652 2.05992389
v -7.07328939 23.03485107 2.05200410
v -7.06468916 23.03239632 2.05559397
v -7.04608011 23.01480865 2.05235791
v -7.04464769 23.01246262 2.05127907
v -7.05020142 23.02139091 2.05538416
v -7.05518246 23.02292824 2.05314994
v -7.05619144 23.02990723 2.05929995
v -7.05240965 23.02453232 2.05682921
v -7.07431364 23.04134941 2.05807304
v -7.08406973 23.04979897 2.06059504
v -7.09393883 23.05774307 2.06317210
v -7.10388422 23.06511879 2.06582594
v -7.08528042 23.05547142 2.06652594
v -7.09519196 23.06293297 2.06906295
v -7.06573105 23.03890419 2.06165290
v -7.07544756 23.04743576 2.06406307
v -7.06410122 23.03970146 2.06380296
v -7.06274843 23.03814507 2.06308794
v -7.06638622 23.04232979 2.06501150
v -7.06943560 23.04572487 2.06657243
v -7.07679272 23.05320549 2.07001233
v -7.12142754 23.06924057 2.05967212
v -7.12206602 23.07179642 2.06261897
v -7.11263371 23.06722260 2.06269407
v -7.12271070 23.07417488 2.06555200
v -7.11329269 23.06977844 2.06563401
v -7.11394835 23.07215881 2.06856298
v -7.12337923 23.07645607 2.06847596
v -7.10456562 23.06768036 2.06875896
v -7.40843296 23.11805725 2.07257104
v -7.39935207 23.11944389 2.07515502
v -7.39048004 23.11915207 2.07177496
v -7.39040995 23.11998558 2.07481098
v -7.38142157 23.12037468 2.07457805
v -7.41717434 23.11819649 2.07616305
v -7.40827560 23.11889458 2.07560611
v -7.41696262 23.11898232 2.07921195
v -7.40812254 23.11964226 2.07865596
v -7.39922953 23.12022591 2.07820702
v -7.38138580 23.12115288 2.07763100
v -7.39032841 23.12073135 2.07786393
v -7.37243557 23.11992645 2.07141399
v -7.35434294 23.12037086 2.07149291
v -7.37243891 23.12075615 2.07445312
v -7.36342430 23.12098312 2.07443810
v -7.35442019 23.12120056 2.07453108
v -7.33622265 23.12048912 2.07201505
v -7.34538603 23.12126541 2.07473707
v -7.33637285 23.12131691 2.07505107
v -7.37243128 23.12149620 2.07750797
v -7.36346340 23.12175941 2.07749200
v -7.35448360 23.12194061 2.07758689
v -7.32734537 23.12121773 2.07547688
v -7.34550238 23.12203979 2.07779002
v -7.33651924 23.12205696 2.07810402
v -7.32754564 23.12199211 2.07852697
v -7.41676235 23.11968040 2.08226800
v -7.40794897 23.12033844 2.08171606
v -7.39910316 23.12092018 2.08126712
v -7.39023113 23.12142181 2.08092904
v -7.38133860 23.12184334 2.08069491
v -7.41633892 23.12077141 2.08841896
v -7.40761757 23.12142372 2.08786893
v -7.39884138 23.12199783 2.08742499
v -7.39005327 23.12249374 2.08708811
v -7.38123274 23.12291145 2.08685803
v -7.37243032 23.12218475 2.08056998
v -7.36349154 23.12244415 2.08055711
v -7.35456038 23.12262535 2.08065009
v -7.34561777 23.12272263 2.08085394
v -7.33668184 23.12274170 2.08116508
v -7.32773447 23.12267685 2.08158803
v -7.37240696 23.12325096 2.08673406
v -7.36354923 23.12350845 2.08671999
v -7.35470057 23.12368774 2.08681297
v -7.34583902 23.12378502 2.08701396
v -7.33697557 23.12380219 2.08732390
v -7.32811880 23.12373924 2.08774209
v -7.31811810 23.12027931 2.07297802
v -7.30005646 23.11973763 2.07438302
v -7.29976416 23.11882782 2.07135797
v -7.28172016 23.11795235 2.07320499
v -7.31834030 23.12110710 2.07601190
v -7.30933523 23.12084389 2.07665610
v -7.30036163 23.12056732 2.07740998
v -7.31856918 23.12184715 2.07906008
v -7.30961227 23.12161827 2.07970190
v -7.28208399 23.11886787 2.07622409
v -7.29139233 23.12014008 2.07827306
v -7.28246307 23.11970139 2.07924509
v -7.26335907 23.11574745 2.07248092
v -7.22681522 23.11008072 2.07237792
v -7.24501276 23.11312675 2.07221889
v -7.26379204 23.11675453 2.07548690
v -7.26423740 23.11767197 2.07849598
v -7.24551821 23.11421776 2.07519794
v -7.22737026 23.11128044 2.07535100
v -7.24602127 23.11523056 2.07819390
v -7.22793388 23.11237907 2.07832098
v -7.31880665 23.12253189 2.08211899
v -7.30066252 23.12130928 2.08045411
v -7.30988693 23.12230492 2.08275890
v -7.30098629 23.12199783 2.08350611
v -7.29174137 23.12091827 2.08131409
v -7.28284407 23.12044716 2.08228207
v -7.29211187 23.12160873 2.08436203
v -7.31926012 23.12359619 2.08826995
v -7.31042051 23.12337112 2.08890390
v -7.30159998 23.12306595 2.08964610
v -7.28324938 23.12113953 2.08532691
v -7.27354527 23.11911011 2.08032298
v -7.26468611 23.11851120 2.08151007
v -7.27399063 23.11989594 2.08335400
v -7.26514769 23.11926079 2.08453703
v -7.25584650 23.11776161 2.08279896
v -7.24653530 23.11615562 2.08119392
v -7.22851610 23.11339951 2.08130503
v -7.24706602 23.11700058 2.08419704
v -7.22910070 23.11433220 2.08429408
v -7.27442455 23.12059021 2.08639789
v -7.25636482 23.11855125 2.08582091
v -7.26562834 23.11995888 2.08757401
v -7.25688171 23.11925125 2.08885503
v -7.24759722 23.11775780 2.08721495
v -7.23835087 23.11609840 2.08568811
v -7.22970295 23.11518478 2.08728600
v -7.23894024 23.11689377 2.08870006
v -7.41588688 23.12159729 2.09462905
v -7.40724325 23.12224197 2.09408498
v -7.39855433 23.12281227 2.09364510
v -7.38985777 23.12330627 2.09330893
v -7.38111925 23.12372017 2.09308004
v -7.38963318 23.12382317 2.09959102
v -7.38098192 23.12423515 2.09936500
v -7.37236881 23.12405396 2.09295988
v -7.36360550 23.12430954 2.09294391
v -7.35483789 23.12448692 2.09303594
v -7.34605932 23.12458420 2.09323597
v -7.33727789 23.12460136 2.09354401
v -7.32850456 23.12453842 2.09395909
v -7.37232637 23.12456512 2.09924293
v -7.36364698 23.12482071 2.09922910
v -7.35497332 23.12499428 2.09931898
v -7.41540861 23.12213516 2.10089803
v -7.41630316 23.12208366 2.10168195
v -7.41406775 23.12226677 2.10176635
v -7.40685320 23.12277031 2.10035896
v -7.40674639 23.12283516 2.10202742
v -7.39825392 23.12333870 2.09992099
v -7.40101957 23.12322998 2.10220885
v -7.38516188 23.12414551 2.10262990
v -7.38952541 23.12392998 2.10253096
v -7.39461613 23.12363243 2.10239434
v -7.37616730 23.12454033 2.10281181
v -7.36866808 23.12480164 2.10293174
v -7.37229967 23.12469292 2.10288167
v -7.31973839 23.12439537 2.09448004
v -7.29279757 23.12268066 2.09049606
v -7.28402376 23.12221527 2.09145093
v -7.31098080 23.12417221 2.09510994
v -7.30224323 23.12387085 2.09584594
v -7.29353237 23.12348938 2.09668708
v -7.28482962 23.12302780 2.09763598
v -7.27617359 23.12248993 2.09868789
v -7.27527857 23.12166977 2.09251308
v -7.26656103 23.12104607 2.09367990
v -7.24816275 23.11846352 2.09024096
v -7.23954153 23.11760139 2.09172201
v -7.23031330 23.11595154 2.09029102
v -7.23095083 23.11666298 2.09330702
v -7.25789261 23.12034416 2.09494996
v -7.24924278 23.11956215 2.09632707
v -7.24070120 23.11870956 2.09779501
v -7.23218584 23.11777878 2.09936690
v -7.32021666 23.12490273 2.10075092
v -7.31155348 23.12468529 2.10137510
v -7.31404972 23.12480354 2.10293341
v -7.30986071 23.12466812 2.10287094
v -7.32039261 23.12498093 2.10301471
v -7.30289316 23.12438202 2.10210490
v -7.30296230 23.12440491 2.10274959
v -7.27666330 23.12277031 2.10199833
v -7.29423475 23.12397575 2.10255241
v -7.29470110 23.12400055 2.10256386
v -7.29745817 23.12414551 2.10263062
v -7.28545237 23.12341881 2.10229588
v -7.28733492 23.12353706 2.10235095
v -7.28259420 23.12320709 2.10219908
v -7.27289963 23.12245178 2.10185170
v -7.26752758 23.12187004 2.09984803
v -7.26782036 23.12202454 2.10165501
v -7.26580477 23.12183571 2.10156775
v -7.25897884 23.12119102 2.10127163
v -7.25007248 23.12017250 2.10080338
v -7.24120092 23.11905479 2.10028982
v -7.24520445 23.11956024 2.10052204
v -7.23306036 23.11793900 2.09977603
v -7.23226261 23.11782837 2.09972572
v -7.23188210 23.11777306 2.09969974
v -7.23085594 23.11762047 2.09962988
v -7.20861864 23.10661697 2.07299709
v -7.18976164 23.10121918 2.07113504
v -7.19039965 23.10270500 2.07407403
v -7.20923185 23.10790634 2.07594800
v -7.20985651 23.10911369 2.07890797
v -7.19106054 23.10410500 2.07701612
v -7.19172955 23.10540199 2.07995510
v -7.15248537 23.09007645 2.07182097
v -7.13353109 23.08266449 2.07141495
v -7.15318871 23.09186935 2.07473397
v -7.13423920 23.08461952 2.07432389
v -7.15391159 23.09355545 2.07764411
v -7.13497210 23.08651733 2.07723188
v -7.17146826 23.09676361 2.07269812
v -7.17214823 23.09835243 2.07562590
v -7.17285204 23.09984779 2.07855010
v -7.21048880 23.11022186 2.08186698
v -7.21113062 23.11124992 2.08484006
v -7.19242334 23.10662079 2.08290195
v -7.22104025 23.11412239 2.08898711
v -7.21179247 23.11219025 2.08781505
v -7.19312286 23.10773659 2.08584595
v -7.19383287 23.10877419 2.08880496
v -7.15465879 23.09515762 2.08055592
v -7.13573027 23.08831978 2.08013010
v -7.13650703 23.09001541 2.08302402
v -7.13730049 23.09162903 2.08592296
v -7.13331413 23.09073448 2.08726811
v -7.13147068 23.08985901 2.08686519
v -7.14374924 23.09518623 2.08931518
v -7.13796234 23.09284401 2.08823800
v -7.13921547 23.09336853 2.08847928
v -7.13436127 23.09120941 2.08748698
v -7.17357063 23.10125923 2.08147812
v -7.17430925 23.10256958 2.08440304
v -7.15541840 23.09666252 2.08346510
v -7.17507029 23.10379982 2.08733392
v -7.15620327 23.09808350 2.08637691
v -7.15699768 23.09940529 2.08928704
v -7.14560652 23.09593010 2.08965707
v -7.09589481 23.06550026 2.07198906
v -7.08657074 23.06066895 2.07240200
v -7.08818483 23.06320763 2.07461166
v -7.08865595 23.06360245 2.07479310
v -7.08699894 23.06221199 2.07415366
v -7.08526659 23.06070900 2.07346201
v -7.08459806 23.06012917 2.07319570
v -7.08981705 23.06450844 2.07520962
v -7.11463976 23.07444763 2.07147908
v -7.12410116 23.07873154 2.07139111
v -7.10524225 23.07006645 2.07168102
v -7.11535597 23.07664108 2.07438707
v -7.10595226 23.07235909 2.07458997
v -7.09659195 23.06789398 2.07490301
v -7.11610126 23.07875252 2.07728696
v -7.10672235 23.07465172 2.07749200
v -7.09292746 23.06693077 2.07632351
v -7.09423828 23.06790924 2.07677317
v -7.10049009 23.07238197 2.07883000
v -7.10368538 23.07460022 2.07984948
v -7.09733152 23.07021332 2.07783246
v -7.10187674 23.07338524 2.07929087
v -7.11683989 23.08071709 2.08018398
v -7.11287689 23.08016014 2.08240581
v -7.10971737 23.07826042 2.08153224
v -7.11166477 23.07944489 2.08207726
v -7.10675764 23.07645607 2.08070278
v -7.11762953 23.08263016 2.08307505
v -7.12203598 23.08525085 2.08474636
v -7.11781549 23.08304405 2.08373213
v -7.11665487 23.08238983 2.08343172
v -7.12364149 23.08604813 2.08511329
v -7.12761974 23.08802414 2.08602190
v -7.22171402 23.11492729 2.09198594
v -7.21246386 23.11305237 2.09079409
v -7.21314478 23.11382675 2.09378695
v -7.20384073 23.11182976 2.09271097
v -7.19456530 23.10972786 2.09176612
v -7.22239733 23.11564636 2.09499407
v -7.21386385 23.11454964 2.09678793
v -7.20458555 23.11264420 2.09569693
v -7.22328329 23.11640358 2.09907055
v -7.21422529 23.11484337 2.09835362
v -7.20887852 23.11386108 2.09790134
v -7.21898842 23.11566544 2.09873080
v -7.20505905 23.11309433 2.09754920
v -7.18834209 23.10931969 2.09581304
v -7.19013309 23.10976219 2.09601712
v -7.18029022 23.10725975 2.09486604
v -7.18175507 23.10764313 2.09504294
v -7.19531488 23.11059952 2.09472990
v -7.19747829 23.11146545 2.09679961
v -7.19579268 23.11109924 2.09663200
v -7.19917631 23.11184311 2.09697390
v -7.17583847 23.10492516 2.09026289
v -7.15768576 23.10044670 2.09173369
v -7.15885067 23.10083580 2.09191251
v -7.15353155 23.09893036 2.09103608
v -7.17661381 23.10597229 2.09320807
v -7.17695522 23.10638428 2.09446335
v -7.17370558 23.10544014 2.09402966
v -7.17162037 23.10480690 2.09373879
v -7.16387129 23.10242462 2.09264326
v -7.16620684 23.10316467 2.09298348
v -7.14935637 23.09736061 2.09031487
v -7.15211725 23.09841347 2.09079862
v -8.17895603 23.14254570 2.11109114
v -8.17895603 23.15058708 2.11478806
v -8.17895603 23.15484619 2.11674666
v -8.17895603 23.22098541 2.14715672
v -7.34627867 23.12509155 2.09951711
v -7.35857868 23.12505150 2.10304713
v -7.35140753 23.12516212 2.10309744
v -7.35504532 23.12512207 2.10307980
v -7.33758879 23.12510681 2.09982204
v -7.32890034 23.12504578 2.10023403
v -7.34173536 23.12521744 2.10312295
v -7.33774948 23.12521935 2.10312390
v -7.33325386 23.12517929 2.10310578
v -7.32552528 23.12507629 2.10305882
v -6.51572895 23.14517212 2.11229777
v -6.51572895 23.15324020 2.11600733
v -6.51572895 23.15300751 2.11590123
v -6.51572895 23.15069580 2.11483836
v -6.51572895 23.22098541 2.14715695
v -8.17895603 23.32532501 2.25910711
v -6.51572895 23.32532501 2.25910759
v -2.96367455 20.17653275 2.50000000
v -2.00522232 20.17653275 2.50000000
v -2.00488591 20.17653275 2.50000000
v -1.99502707 20.17653275 2.50000000
v -1.97859406 20.17653275 2.50000000
v -1.97825611 20.17653275 2.50000000
v -1.97889829 20.17653275 2.50000000
v -1.96769643 20.17653275 2.50000000
v -1.96731400 20.17653275 2.50000000
v -1.95480847 20.17653275 2.50000000
v -1.95451820 20.17653275 2.50000000
v -1.91933084 20.17653275 2.50000000
v -1.91899669 20.17653275 2.50000000
v -1.92375088 20.17653275 2.50000000
v -1.90548229 20.17653275 2.50000000
v -1.90584469 20.17653275 2.50000000
v -1.90322530 20.17653275 2.50000000
v -1.83659625 20.17653275 2.50000000
v -1.83633327 20.17653275 2.50000000
v -1.75834298 20.17653275 2.50000000
v -1.75803185 20.17653275 2.50000000
v -1.70280397 20.17653275 2.50000000
v -1.70251274 20.17653275 2.50000000
v -1.66458178 20.17653275 2.50000000
v -1.66422486 20.17653275 2.50000000
v -1.59908390 20.17653275 2.50000000
v -1.59941649 20.17653275 2.50000000
v -2.34850144 20.55286598 2.26624203
v -2.36683440 20.55882454 2.26936793
v -2.38495612 20.56528091 2.27275395
v -2.34848356 20.54893303 2.27252698
v -2.35393691 20.54963684 2.27516508
v -2.40280032 20.57220459 2.27639508
v -2.40291452 20.56833076 2.28268409
v -2.40198183 20.56685066 2.28427792
v -2.42035580 20.57961273 2.28028202
v -2.43760157 20.58747673 2.28440690
v -2.38509059 20.56139565 2.27904105
v -2.37811136 20.55783844 2.27949190
v -2.36688900 20.55491066 2.27565408
v -2.45449972 20.59577751 2.28875995
v -2.47099519 20.60447693 2.29333091
v -2.47112226 20.60061264 2.29962397
v -2.44821525 20.58767128 2.29515290
v -2.45465326 20.59190941 2.29505205
v -2.47035956 20.59909058 2.30119991
v -2.50303149 20.62323189 2.30316901
v -2.48713565 20.61361313 2.29812407
v -2.48716974 20.60968399 2.30441809
v -2.42036200 20.57567787 2.28657198
v -2.42553425 20.57696152 2.28950500
v -2.43767810 20.58356857 2.29069805
v -2.54890275 20.65483093 2.31976199
v -2.54896092 20.65090561 2.32606196
v -2.56360793 20.66234970 2.33204889
v -2.55332947 20.65323448 2.32952595
v -2.56349516 20.66623688 2.32574797
v -2.57769012 20.67804527 2.33194304
v -2.59143925 20.69020844 2.33833599
v -2.57786679 20.67421150 2.33824706
v -2.57242870 20.66859627 2.33763504
v -2.51865458 20.63332367 2.30846310
v -2.50312805 20.61933327 2.30946493
v -2.49198222 20.61151695 2.30763102
v -2.53394818 20.64385223 2.31399703
v -2.51881957 20.62947083 2.31475997
v -2.51285625 20.62453651 2.31450200
v -2.53409338 20.64000511 2.32029605
v -2.53330803 20.63834000 2.32180691
v -2.25483418 20.53084946 2.25468707
v -2.31134439 20.54249573 2.26079512
v -2.27370858 20.53420258 2.25644493
v -2.29255915 20.53808594 2.25848103
v -2.27366543 20.53027344 2.26272702
v -2.27933168 20.53037262 2.26505899
v -2.29259419 20.53416634 2.26476502
v -2.25403380 20.52570534 2.26267195
v -2.25489640 20.52695084 2.26096892
v -2.23590612 20.52802849 2.25320292
v -2.21686745 20.52572060 2.25199199
v -2.19757724 20.52391052 2.25104499
v -2.17819214 20.52262306 2.25037289
v -2.15872145 20.52187920 2.24997997
v -2.23600125 20.52411842 2.25948501
v -2.21687984 20.52179718 2.25827289
v -2.19752932 20.51998520 2.25732589
v -2.20452166 20.51957321 2.25939894
v -2.22871351 20.52216911 2.26076508
v -2.15248919 20.51682663 2.25796294
v -2.17818546 20.51871872 2.25665402
v -2.17859626 20.51762581 2.25843310
v -2.15880275 20.51796150 2.25625992
v -2.13918519 20.52165985 2.24986506
v -2.11961818 20.52197266 2.25003004
v -2.10011625 20.52281380 2.25047588
v -2.08067369 20.52419472 2.25119901
v -2.06131840 20.52609825 2.25219798
v -2.12656617 20.51687622 2.25798893
v -2.13918424 20.51773834 2.25614595
v -2.11954474 20.51805496 2.25631189
v -2.10008812 20.51890945 2.25675702
v -2.10048318 20.51777267 2.25851393
v -2.08073545 20.52026939 2.25748110
v -2.07448006 20.51981926 2.25953293
v -2.06130528 20.52217674 2.25848007
v -2.04209423 20.52851677 2.25346804
v -2.02306795 20.53143501 2.25500607
v -2.04199362 20.52460861 2.25974989
v -2.00425053 20.53486633 2.25680399
v -2.04894042 20.52266884 2.26103711
v -2.02348471 20.52634811 2.26301694
v -2.02301335 20.52754021 2.26128793
v -2.00429344 20.53093338 2.26308703
v -1.98554277 20.53880692 2.25886989
v -1.99832594 20.53112030 2.26546407
v -1.98549592 20.53488731 2.26515293
v -1.96688330 20.54327583 2.26121593
v -2.32999420 20.54741669 2.26338196
v -1.94834006 20.54826546 2.26383996
v -2.33008647 20.54352951 2.26966691
v -2.31146026 20.53859901 2.26707792
v -2.30424142 20.53583527 2.26793909
v -2.32909989 20.54215240 2.27131104
v -1.96676302 20.53937721 2.26749897
v -1.97352076 20.53669167 2.26840305
v -1.94825554 20.54436874 2.27012396
v -1.94866526 20.54313660 2.27183700
v -1.92991412 20.55378723 2.26673794
v -1.91164291 20.55982590 2.26990700
v -1.92992210 20.54985619 2.27302289
v -1.89357066 20.56637192 2.27334189
v -1.92400241 20.55074310 2.27575994
v -1.91158497 20.55591202 2.27619410
v -1.89989400 20.55907631 2.28015900
v -1.89342451 20.56249046 2.27962995
v -1.87574685 20.57339096 2.27703500
v -1.87601018 20.56824684 2.28502107
v -1.87565303 20.56950760 2.28332400
v -1.85820115 20.58090401 2.28097892
v -1.85818660 20.57697105 2.28726912
v -1.84093297 20.58887863 2.28516507
v -1.82401359 20.59729767 2.28958297
v -1.85257757 20.57848740 2.29032707
v -1.84084868 20.58497620 2.29145598
v -1.82993340 20.58933449 2.29605389
v -1.82385707 20.59342957 2.29587507
v -1.80773675 20.60092735 2.30218005
v -1.80734634 20.60225487 2.30051708
v -1.80745661 20.60612106 2.29422402
v -1.79130769 20.61536789 2.29907608
v -1.77555811 20.62499428 2.30413198
v -1.79128027 20.61143303 2.30537105
v -1.78622353 20.61344337 2.30867791
v -1.76224744 20.63364029 2.30865788
v -1.77543581 20.62111473 2.31042695
v -1.76552558 20.62648392 2.31557703
v -1.76209581 20.62978935 2.31495500
v -1.74705374 20.64411545 2.31416512
v -1.74697077 20.64022446 2.32046390
v -1.74605727 20.63977623 2.32252598
v -1.73217344 20.65506363 2.31991291
v -1.73211277 20.65114212 2.32621288
v -1.72634673 20.65456963 2.33026791
v -1.71749878 20.66258430 2.33219194
v -1.71762812 20.66646004 2.32589006
v -1.70347202 20.67826462 2.33208609
v -1.70731759 20.66998863 2.33840704
v -1.70328188 20.67444801 2.33839011
v -1.68974233 20.69045067 2.33849001
v -2.59087706 20.68461418 2.34610796
v -2.59159756 20.68637848 2.34464192
v -2.60473084 20.70273781 2.34491396
v -2.61755037 20.71559906 2.35166192
v -2.60481000 20.69881821 2.35122108
v -2.61768317 20.71172714 2.35797095
v -2.60867548 20.70159531 2.35491395
v -2.62985849 20.72875023 2.35856795
v -2.64037323 20.74068260 2.36482000
v -2.64052558 20.73572540 2.37290311
v -2.64051843 20.73684120 2.37113309
v -2.65165806 20.75431252 2.37197995
v -2.65176249 20.75040436 2.37829494
v -2.66248274 20.76827049 2.37930107
v -2.65553737 20.75415230 2.38249803
v -2.62538671 20.71885300 2.36402106
v -2.63004637 20.72493744 2.36487889
v -2.66263485 20.76441956 2.38561797
v -2.66956592 20.77285957 2.39237189
v -2.67305541 20.77879715 2.39313006
v -2.96367455 20.63971329 2.50000000
v -2.96367455 20.66041756 2.50000000
v -2.35455632 20.42473030 2.50000000
v -2.35510898 20.42496681 2.50000000
v -2.34518671 20.42110062 2.50000000
v -2.46827102 20.48706245 2.50000000
v -2.46753716 20.48656845 2.50000000
v -2.44488931 20.47154999 2.50000000
v -2.44440556 20.47124863 2.50000000
v -2.45584512 20.47861862 2.50000000
v -2.45209575 20.47610283 2.50000000
v -2.45179629 20.47590637 2.50000000
v -2.50400305 20.51401329 2.50000000
v -2.49063706 20.50341415 2.50000000
v -2.49443913 20.50628090 2.50000000
v -2.49522567 20.50689507 2.50000000
v -2.49467111 20.50645447 2.50000000
v -2.51549602 20.52339935 2.50000000
v -2.51519060 20.52313995 2.50000000
v -2.51470876 20.52274323 2.50000000
v -2.51917124 20.52662086 2.50000000
v -2.53166842 20.53768730 2.50000000
v -2.53092289 20.53702927 2.50000000
v -2.53522921 20.54086494 2.50000000
v -2.53603554 20.54163170 2.50000000
v -2.51235700 20.52081871 2.50000000
v -2.48214054 20.49707413 2.50000000
v -2.47360826 20.49075699 2.50000000
v -2.47136307 20.48920441 2.50000000
v -2.47438598 20.49132729 2.50000000
v -2.42076063 20.45713806 2.50000000
v -2.41761637 20.45540428 2.50000000
v -2.42052627 20.45700455 2.50000000
v -2.41244054 20.45254135 2.50000000
v -2.40440202 20.44812584 2.50000000
v -2.40362167 20.44770050 2.50000000
v -2.40168190 20.44666100 2.50000000
v -2.40090919 20.44627380 2.50000000
v -2.43517756 20.46556854 2.50000000
v -2.43462610 20.46523857 2.50000000
v -2.43291450 20.46423721 2.50000000
v -2.42987275 20.46245003 2.50000000
v -2.39000416 20.44088745 2.50000000
v -2.37857819 20.43527794 2.50000000
v -2.37827611 20.43513298 2.50000000
v -2.37779737 20.43491745 2.50000000
v -2.38241863 20.43714523 2.50000000
v -2.36759686 20.43044281 2.50000000
v -2.63903451 20.66272545 2.50000000
v -2.63976002 20.66378212 2.50000000
v -2.59484410 20.60360336 2.50000000
v -2.59136176 20.59941864 2.50000000
v -2.59401822 20.60259628 2.50000000
v -2.58957696 20.59740448 2.50000000
v -2.59060574 20.59856033 2.50000000
v -2.55516315 20.56005669 2.50000000
v -2.55223274 20.55719948 2.50000000
v -2.55458665 20.55946732 2.50000000
v -2.55435038 20.55923653 2.50000000
v -2.54633641 20.55151558 2.50000000
v -2.56168246 20.56683731 2.50000000
v -2.57870150 20.58506393 2.50000000
v -2.57366538 20.57938576 2.50000000
v -2.57334900 20.57903862 2.50000000
v -2.57104588 20.57662964 2.50000000
v -2.57285523 20.57851410 2.50000000
v -2.58651304 20.59392738 2.50000000
v -2.61789989 20.63288879 2.50000000
v -2.60396218 20.61483002 2.50000000
v -2.61014080 20.62259483 2.50000000
v -2.61073136 20.62337112 2.50000000
v -2.60848641 20.62048912 2.50000000
v -2.60824251 20.62018394 2.50000000
v -2.62611127 20.64401245 2.50000000
v -2.62553692 20.64322281 2.50000000
v -2.62579036 20.64356041 2.50000000
v -2.62503052 20.64253235 2.50000000
v -2.63112950 20.65117836 2.50000000
v -2.64352632 20.66949844 2.50000000
v -2.64107561 20.66575241 2.50000000
v -2.64268017 20.66816711 2.50000000
v -2.65627885 20.68980026 2.50000000
v -2.65777016 20.69231987 2.50000000
v -2.65684795 20.69076347 2.50000000
v -2.65114093 20.68154907 2.50000000
v -2.65512109 20.68791771 2.50000000
v -2.65483332 20.68745422 2.50000000
v -2.66273046 20.70083427 2.50000000
v -2.67256641 20.71822739 2.50000000
v -2.67074108 20.71485138 2.50000000
v -2.66961169 20.71283913 2.50000000
v -2.66905475 20.71185684 2.50000000
v -2.67044306 20.71430779 2.50000000
v -2.67376637 20.72049522 2.50000000
v -2.68659830 20.74540901 2.50000000
v -2.69159460 20.75584412 2.50000000
v -2.69388652 20.76062202 2.50000000
v -2.69419622 20.76128387 2.50000000
v -2.69808674 20.76990700 2.50000000
v -2.69870305 20.77129364 2.50000000
v -2.68146539 20.73514557 2.50000000
v -2.68231297 20.73675537 2.50000000
v -2.68469524 20.74149323 2.50000000
v -2.68377423 20.73958588 2.50000000
v -2.67285991 20.78258324 2.38681102
v -2.68275881 20.79721069 2.39449811
v -2.68291736 20.79339027 2.40081906
v -2.69229078 20.80826759 2.40867209
v -2.69216657 20.81216240 2.40234900
v -2.70107102 20.82740974 2.41034889
v -2.68290210 20.79224014 2.40257096
v -2.69536901 20.81238937 2.41306591
v -2.70123339 20.82357407 2.41667509
v -2.70944285 20.84291077 2.41848493
v -2.73544002 20.89649582 2.45728707
v -2.73726249 20.90683556 2.45204592
v -2.73745894 20.90308952 2.45838308
v -2.74274325 20.92313576 2.46060705
v -2.73530102 20.87194824 2.50000000
v -2.73581934 20.87376404 2.50000000
v -2.73620868 20.87515450 2.50000000
v -2.73461699 20.86962700 2.50000000
v -2.73860788 20.88419533 2.50000000
v -2.74173355 20.89604378 2.50000000
v -2.74291801 20.91934586 2.46694589
v -2.74292183 20.91821671 2.46870899
v -2.74761653 20.93951607 2.46920300
v -2.74777508 20.93564796 2.47554493
v -2.74931765 20.94027901 2.48019791
v -2.75189304 20.95595551 2.47782493
v -2.75207067 20.95215416 2.48416901
v -2.74279976 20.90012932 2.50000000
v -2.74306774 20.90121078 2.50000000
v -2.74446702 20.90734673 2.50000000
v -2.74883485 20.92675591 2.50000000
v -2.74659276 20.91674042 2.50000000
v -2.74928474 20.92887878 2.50000000
v -2.74942493 20.92953682 2.50000000
v -2.75048232 20.93496895 2.50000000
v -2.75205564 20.94337463 2.50000000
v -2.75363183 20.95187569 2.50000000
v -2.75559759 20.97255325 2.48653293
v -2.75459981 20.96214676 2.49173999
v -2.75579166 20.96882629 2.49288011
v -2.75460815 20.95742035 2.50000000
v -2.75466824 20.95776367 2.50000000
v -2.75535893 20.96201897 2.50000000
v -2.75580335 20.96498489 2.50000000
v -2.75708270 20.97361183 2.50000000
v -2.75789666 20.97932243 2.50000000
v -2.75831246 20.98234367 2.50000000
v -2.75854015 20.98409271 2.50000000
v -2.75885963 20.98653030 2.50000000
v -2.76006770 20.99819183 2.50000000
v -2.76102424 21.00854683 2.50000000
v -2.75872731 20.98929977 2.49533105
v -2.76219726 21.02598763 2.50000000
v -2.76200128 21.02285004 2.50000000
v -2.76249361 21.03069496 2.50000000
v -2.76266265 21.03523254 2.50000000
v -2.76277184 21.03833580 2.50000000
v -2.76289678 21.04416847 2.50000000
v -2.76306963 21.05246735 2.50000000
v -2.76307678 21.05363274 2.50000000
v -2.76280212 21.06687546 2.50000000
v -2.76247001 21.07607460 2.50000000
v -2.76217628 21.08077049 2.50000000
v -2.76171470 21.08669281 2.50000000
v -2.76117539 21.09355736 2.50000000
v -2.76070762 21.09856987 2.50000000
v -2.70681572 20.83275795 2.42382193
v -2.70964026 20.83914375 2.42481303
v -2.71725583 20.85861778 2.42673898
v -2.71739888 20.85362434 2.43480301
v -2.71742558 20.85481262 2.43306899
v -2.72450280 20.87452888 2.43509507
v -2.72464490 20.87064552 2.44142699
v -2.72697544 20.87506676 2.44597101
v -2.73117733 20.89061928 2.44353604
v -2.73134995 20.88680077 2.44987106
v -2.71063805 20.79971123 2.50000000
v -2.70773792 20.79229927 2.50000000
v -2.70740724 20.79148674 2.50000000
v -2.70623851 20.78874397 2.50000000
v -2.70681500 20.79008675 2.50000000
v -2.71719360 20.81659508 2.50000000
v -2.71879435 20.82109642 2.50000000
v -2.71627927 20.81422806 2.50000000
v -2.71774268 20.81808853 2.50000000
v -2.72143555 20.82867050 2.50000000
v -2.72465324 20.83795166 2.50000000
v -2.72688437 20.84445953 2.50000000
v -2.72654343 20.84343910 2.50000000
v -2.72805905 20.84814262 2.50000000
v -2.72733569 20.84584045 2.50000000
v -2.73151541 20.85943031 2.50000000
v -1.68963563 20.68656731 2.34479499
v -1.68878114 20.68624687 2.34691906
v -1.67644906 20.70300865 2.34508801
v -1.67636073 20.69909477 2.35139489
v -1.66359389 20.71593094 2.35186601
v -1.67123163 20.70314217 2.35577011
v -1.66344762 20.71207237 2.35817599
v -1.65124273 20.72916031 2.35881209
v -1.65456593 20.72048378 2.36492896
v -1.65104365 20.72536087 2.36512303
v -1.63940096 20.74266243 2.36590910
v -1.63926864 20.73879623 2.37222195
v -1.63855386 20.73853683 2.37436199
v -1.62807894 20.75643730 2.37314391
v -1.62798131 20.75253105 2.37946010
v -1.61729360 20.77047348 2.38050199
v -1.62370539 20.75697136 2.38403296
v -1.61713958 20.76662827 2.38681889
v -1.60981345 20.77571106 2.39392495
v -1.60685575 20.78094482 2.39430189
v -2.32513976 20.41362190 2.50000000
v -2.33051777 20.41543961 2.50000000
v -2.33462358 20.41701126 2.50000000
v -2.33129239 20.41573334 2.50000000
v -2.32975125 20.41517639 2.50000000
v -2.30610681 20.40723801 2.50000000
v -2.30563283 20.40709877 2.50000000
v -2.30985332 20.40848160 2.50000000
v -2.30640411 20.40733337 2.50000000
v -2.28165507 20.40024757 2.50000000
v -2.27679205 20.39905357 2.50000000
v -2.28111434 20.40009880 2.50000000
v -2.26996493 20.39741898 2.50000000
v -2.25834274 20.39467049 2.50000000
v -2.25758433 20.39449692 2.50000000
v -2.25504827 20.39396477 2.50000000
v -2.25036812 20.39305305 2.50000000
v -2.24964619 20.39291954 2.50000000
v -2.29492188 20.40399551 2.50000000
v -2.28392553 20.40086937 2.50000000
v -2.23185062 20.38956261 2.50000000
v -2.22904992 20.38911819 2.50000000
v -2.23155904 20.38951302 2.50000000
v -2.23566175 20.39027023 2.50000000
v -2.22520781 20.38850594 2.50000000
v -2.22473621 20.38843536 2.50000000
v -2.20345831 20.38561440 2.50000000
v -2.20318127 20.38558578 2.50000000
v -2.21867013 20.38759613 2.50000000
v -2.20669651 20.38601685 2.50000000
v -2.20620537 20.38595390 2.50000000
v -2.19710040 20.38494492 2.50000000
v -2.18395495 20.38378143 2.50000000
v -2.18320489 20.38371086 2.50000000
v -2.17693043 20.38321495 2.50000000
v -2.17339206 20.38301277 2.50000000
v -2.17261004 20.38297844 2.50000000
v -2.15597606 20.38229370 2.50000000
v -2.15051436 20.38210678 2.50000000
v -2.14974141 20.38209534 2.50000000
v -2.14671135 20.38210106 2.50000000
v -2.12865710 20.38220596 2.50000000
v -2.12530637 20.38224030 2.50000000
v -2.12480974 20.38224792 2.50000000
v -2.12453270 20.38225746 2.50000000
v -2.12091088 20.38243675 2.50000000
v -2.10012746 20.38352585 2.50000000
v -2.09937644 20.38356400 2.50000000
v -2.09435320 20.38404846 2.50000000
v -2.09859419 20.38364029 2.50000000
v -2.08496189 20.38497162 2.50000000
v -2.07772160 20.38568687 2.50000000
v -2.07416773 20.38604164 2.50000000
v -2.07339621 20.38613892 2.50000000
v -2.06856751 20.38683319 2.50000000
v -2.05497217 20.38880730 2.50000000
v -2.04908204 20.38966560 2.50000000
v -2.04859042 20.38973999 2.50000000
v -2.04831290 20.38978958 2.50000000
v -2.03565764 20.39222145 2.50000000
v -2.02824140 20.39365005 2.50000000
v -2.02421260 20.39442253 2.50000000
v -2.02347302 20.39456558 2.50000000
v -2.02249312 20.39478683 2.50000000
v -2.01140761 20.39739609 2.50000000
v -2.00668931 20.39853287 2.50000000
v -2.01063037 20.39758301 2.50000000
v -2.00076294 20.40003014 2.50000000
v -2.00052047 20.40009117 2.50000000
v -1.99620247 20.40123367 2.50000000
v -1.99567831 20.40138054 2.50000000
v -1.98560691 20.40422249 2.50000000
v -1.97421229 20.40764236 2.50000000
v -1.97470176 20.40749550 2.50000000
v -1.96967304 20.40906143 2.50000000
v -1.96995234 20.40896988 2.50000000
v -1.96463132 20.41073608 2.50000000
v -1.95789289 20.41307831 2.50000000
v -1.95864642 20.41282082 2.50000000
v -1.94808257 20.41652107 2.50000000
v -1.94433594 20.41786766 2.50000000
v -1.94354594 20.41817856 2.50000000
v -1.93529117 20.42142677 2.50000000
v -1.92624629 20.42506599 2.50000000
v -1.92040730 20.42745781 2.50000000
v -1.91987646 20.42769051 2.50000000
v -1.92239583 20.42664909 2.50000000
v -1.92065525 20.42735863 2.50000000
v -1.91309381 20.43072319 2.50000000
v -1.90094876 20.43625069 2.50000000
v -1.89678574 20.43816566 2.50000000
v -1.90044832 20.43648148 2.50000000
v -1.89650464 20.43830109 2.50000000
v -1.89282608 20.44014359 2.50000000
v -1.88314974 20.44506836 2.50000000
v -1.87613833 20.44864464 2.50000000
v -1.87538314 20.44902420 2.50000000
v -1.87347472 20.44999695 2.50000000
v -1.87267578 20.45044327 2.50000000
v -1.85446250 20.46071434 2.50000000
v -1.85083616 20.46277237 2.50000000
v -1.84331775 20.46741295 2.50000000
v -1.85058570 20.46291542 2.50000000
v -1.85004950 20.46323967 2.50000000
v -1.83622813 20.47184563 2.50000000
v -1.83137405 20.47488403 2.50000000
v -1.82864285 20.47659302 2.50000000
v -1.82814527 20.47690773 2.50000000
v -1.82786131 20.47709465 2.50000000
v -1.82289982 20.48045731 2.50000000
v -1.81167603 20.48810959 2.50000000
v -1.81243467 20.48759079 2.50000000
v -1.80788040 20.49078369 2.50000000
v -1.80665135 20.49166679 2.50000000
v -1.80278325 20.49447823 2.50000000
v -1.80358422 20.49388123 2.50000000
v -1.79195416 20.50255203 2.50000000
v -1.78830898 20.50533867 2.50000000
v -1.78806031 20.50552750 2.50000000
v -1.78593481 20.50716400 2.50000000
v -1.78432250 20.50843239 2.50000000
v -1.78131378 20.51079559 2.50000000
v -1.78077543 20.51122665 2.50000000
v -1.76526594 20.52404213 2.50000000
v -1.76342165 20.52559280 2.50000000
v -1.76477039 20.52445412 2.50000000
v -1.75900602 20.52943230 2.50000000
v -1.74941838 20.53796959 2.50000000
v -1.74864030 20.53866577 2.50000000
v -1.74557483 20.54148865 2.50000000
v -1.74456620 20.54242134 2.50000000
v -1.74076784 20.54598427 2.50000000
v -1.74001515 20.54670906 2.50000000
v -1.73281097 20.55368233 2.50000000
v -1.72780812 20.55857658 2.50000000
v -1.72749293 20.55888748 2.50000000
v -1.72457373 20.56180382 2.50000000
v -1.72098565 20.56548691 2.50000000
v -1.72049141 20.56599426 2.50000000
v -1.71689260 20.56978035 2.50000000
v -1.70815802 20.57905006 2.50000000
v -1.70528376 20.58214951 2.50000000
v -1.70758486 20.57966232 2.50000000
v -1.70504856 20.58240891 2.50000000
v -1.70156014 20.58633614 2.50000000
v -1.69130254 20.59810638 2.50000000
v -1.68679905 20.60336113 2.50000000
v -1.69050527 20.59902191 2.50000000
v -1.68601966 20.60432434 2.50000000
v -1.68263781 20.60848045 2.50000000
v -1.66954434 20.62489128 2.50000000
v -1.66922474 20.62529564 2.50000000
v -1.66871428 20.62596893 2.50000000
v -1.65530539 20.64407730 2.50000000
v -1.65471983 20.64488029 2.50000000
v -1.65259850 20.64790154 2.50000000
v -1.65447676 20.64522362 2.50000000
v -1.64750791 20.65534782 2.50000000
v -1.63908303 20.66773224 2.50000000
v -1.63989508 20.66653252 2.50000000
v -1.63672400 20.67137909 2.50000000
v -1.63591969 20.67266083 2.50000000
v -1.62757957 20.68598175 2.50000000
v -1.62454462 20.69084358 2.50000000
v -1.62421548 20.69138145 2.50000000
v -1.62280452 20.69375420 2.50000000
v -1.62227321 20.69466209 2.50000000
v -1.61616969 20.70526505 2.50000000
v -1.61089873 20.71449089 2.50000000
v -1.61030138 20.71555519 2.50000000
v -1.61004555 20.71602631 2.50000000
v -1.60837209 20.71910667 2.50000000
v -1.60253775 20.73024368 2.50000000
v -1.60166740 20.73192596 2.50000000
v -1.59643221 20.74207306 2.50000000
v -1.59537756 20.74417686 2.50000000
v -1.59451509 20.74598503 2.50000000
v -1.58899879 20.75761414 2.50000000
v -1.58498490 20.76613617 2.50000000
v -1.58463168 20.76690292 2.50000000
v -1.58383501 20.76866531 2.50000000
v -1.58298230 20.77056503 2.50000000
v -1.58241105 20.77186584 2.50000000
v -1.57864773 20.78069496 2.50000000
v -1.60705674 20.78472900 2.38798308
v -1.59727418 20.79930496 2.39563990
v -1.59713984 20.79544830 2.40196204
v -1.59656906 20.79522896 2.40412688
v -1.58785534 20.81033707 2.40979505
v -1.58798492 20.81422997 2.40347099
v -1.57918608 20.82946205 2.41146207
v -1.58433211 20.81528473 2.41463208
v -1.57901406 20.82564354 2.41778708
v -1.57091546 20.84495735 2.41959691
v -1.57305110 20.83568192 2.42540693
v -1.57072043 20.84119415 2.42592597
v -1.56319976 20.86069870 2.42786288
v -1.56303513 20.85685730 2.43419290
v -1.56254685 20.85679626 2.43641496
v -1.57369542 20.79238129 2.50000000
v -1.57235265 20.79563141 2.50000000
v -1.57304883 20.79393196 2.50000000
v -1.57207596 20.79631996 2.50000000
v -1.57006562 20.80151749 2.50000000
v -1.56653714 20.81075478 2.50000000
v -1.56558502 20.81326866 2.50000000
v -1.56255352 20.82130432 2.50000000
v -1.31780720 20.17653275 2.50000000
v -1.31780720 20.66352081 2.50000000
v -1.31780720 20.66380501 2.50000000
v -1.31780720 20.66412735 2.50000000
v -1.55603182 20.87664032 2.43623996
v -1.55589271 20.87275505 2.44257402
v -1.54943228 20.89279938 2.44471502
v -1.55320501 20.87810898 2.44761705
v -1.54925120 20.88899422 2.45105004
v -1.54341388 20.90908623 2.45326900
v -1.54488206 20.89961433 2.45897508
v -1.54321051 20.90535164 2.45960593
v -1.56187952 20.82313919 2.50000000
v -1.56084204 20.82613373 2.50000000
v -1.55602026 20.84031868 2.50000000
v -1.55347741 20.84784508 2.50000000
v -1.55217326 20.85196877 2.50000000
v -1.55308056 20.84905434 2.50000000
v -1.55241132 20.85122299 2.50000000
v -1.54553497 20.87422371 2.50000000
v -1.54479671 20.87677383 2.50000000
v -1.54446518 20.87798119 2.50000000
v -1.54417133 20.87905502 2.50000000
v -1.53798938 20.92547989 2.46188402
v -1.53782177 20.92165756 2.46822405
v -1.53750670 20.92154121 2.47044492
v -1.53315890 20.94196701 2.47054291
v -1.53300440 20.93810654 2.47688603
v -1.52893627 20.95853615 2.47923207
v -1.53127444 20.94356537 2.48198891
v -1.52875280 20.95474243 2.48557591
v -1.53869247 20.90027046 2.50000000
v -1.53763330 20.90443420 2.50000000
v -1.53738940 20.90538216 2.50000000
v -1.53756964 20.90467644 2.50000000
v -1.53709221 20.90669060 2.50000000
v -1.53749454 20.90494728 2.50000000
v -1.53575993 20.91267014 2.50000000
v -1.53297913 20.92536163 2.50000000
v -1.53232193 20.92838097 2.50000000
v -1.53156793 20.93198013 2.50000000
v -1.53106344 20.93441200 2.50000000
v -1.53004825 20.93973351 2.50000000
v -1.52871835 20.94704628 2.50000000
v -1.52716720 20.95562172 2.50000000
v -1.52532840 20.97502327 2.48793006
v -1.52611625 20.96549225 2.49356604
v -1.52512980 20.97130966 2.49427700
v -1.52364266 20.98382187 2.49251199
v -1.52609730 20.96186638 2.50000000
v -1.52547121 20.96582222 2.50000000
v -1.52347136 20.97999573 2.49886203
v -1.52372527 20.97763634 2.50000000
v -1.52363253 20.97827530 2.50000000
v -1.52331519 20.98048973 2.50000000
v -1.52320206 20.98136330 2.50000000
v -1.52310264 20.98215866 2.50000000
v -1.52214622 20.99253654 2.49710703
v -1.52250671 20.98717690 2.50000000
v -1.52207148 20.99080086 2.50000000
v -1.52193809 20.99192810 2.50000000
v -1.52179289 20.99479485 2.49817991
v -1.52174103 20.99370003 2.50000000
v -1.52130902 20.99822807 2.50000000
v -1.51997256 21.01406860 2.50000000
v -1.51940823 21.02286720 2.50000000
v -1.51911235 21.02820206 2.50000000
v -1.51859772 21.03837204 2.50000000
v -1.51867163 21.03610229 2.50000000
v -1.51840961 21.05899239 2.50000000
v -1.51840234 21.05509758 2.50000000
v -1.51840460 21.05248642 2.50000000
v -1.51886129 21.07243729 2.50000000
v -1.51862860 21.06689262 2.50000000
v -1.51919103 21.08010674 2.50000000
v -1.51922560 21.08074188 2.50000000
v -1.51928556 21.08175468 2.50000000
v -1.52029431 21.09355354 2.50000000
v -2.70106888 21.63695717 2.50000000
v -2.66206431 22.09915543 2.50000000
v -2.65926862 22.11913872 2.50000000
v -2.65546703 22.13907623 2.50000000
v -2.65068531 22.15884018 2.50000000
v -2.64493012 22.17839622 2.50000000
v -1.57950175 21.62884140 2.50000000
v -1.61827135 22.08969116 2.50000000
v -1.62056983 22.10952950 2.50000000
v -1.62389231 22.12953186 2.50000000
v -1.62820542 22.14938736 2.50000000
v -1.63350070 22.16905212 2.50000000
v -2.63821530 22.19770432 2.50000000
v -2.63055348 22.21672440 2.50000000
v -2.62196183 22.23542595 2.50000000
v -2.61245751 22.25377274 2.50000000
v -2.60205865 22.27172470 2.50000000
v -2.59078312 22.28925514 2.50000000
v -2.57865906 22.30632782 2.50000000
v -2.56570840 22.32290840 2.50000000
v -2.55195284 22.33897400 2.50000000
v -2.53742123 22.35448837 2.50000000
v -2.52215004 22.36942291 2.50000000
v -2.50615144 22.38376999 2.50000000
v -2.48945832 22.39748573 2.50000000
v -2.47211099 22.41054344 2.50000000
v -2.45414376 22.42291832 2.50000000
v -2.43558645 22.43458939 2.50000000
v -2.41647649 22.44553566 2.50000000
v -2.39685082 22.45573807 2.50000000
v -2.37674379 22.46517181 2.50000000
v -2.35619545 22.47382927 2.50000000
v -2.96367455 22.71533585 2.50000000
v -2.33524323 22.48168564 2.50000000
v -2.31392860 22.48873329 2.50000000
v -2.29228926 22.49495697 2.50000000
v -2.27036643 22.50034523 2.50000000
v -2.24820209 22.50488663 2.50000000
v -2.22583675 22.50857544 2.50000000
v -2.20331240 22.51140594 2.50000000
v -2.18067050 22.51337051 2.50000000
v -2.15795445 22.51446915 2.50000000
v -2.13520384 22.51469612 2.50000000
v -2.11247134 22.51405144 2.50000000
v -2.08978319 22.51253891 2.50000000
v -2.06719208 22.51015472 2.50000000
v -2.04473853 22.50691414 2.50000000
v -2.02246237 22.50281143 2.50000000
v -1.97862256 22.49207497 2.50000000
v -2.00041389 22.49786377 2.50000000
v -1.95712829 22.48545647 2.50000000
v -1.81848466 22.41707230 2.50000000
v -1.78377140 22.39098930 2.50000000
v -1.76740623 22.37696838 2.50000000
v -1.80080914 22.40436554 2.50000000
v -1.66417933 22.24501801 2.50000000
v -1.67415512 22.26316643 2.50000000
v -1.68501472 22.28090477 2.50000000
v -1.69673944 22.29820061 2.50000000
v -1.63975978 22.18847466 2.50000000
v -1.64696062 22.20763969 2.50000000
v -1.65511787 22.22649956 2.50000000
v -1.70929515 22.31502151 2.50000000
v -1.72267175 22.33133698 2.50000000
v -1.73682535 22.34711838 2.50000000
v -1.75175750 22.36233521 2.50000000
v -1.93598282 22.47801590 2.50000000
v -1.91522253 22.46977615 2.50000000
v -1.87499905 22.45093918 2.50000000
v -1.85561180 22.44037819 2.50000000
v -1.89487922 22.46074295 2.50000000
v -1.83676624 22.42908478 2.50000000
v -1.31780720 22.71533585 2.50000000
v 6.21388340 11.67467499 0.50000000
v 6.21388340 12.83461761 0.50000000
v 6.21388340 12.83496284 0.50000000
v 6.21388340 13.49479771 0.77059811
v 6.21388340 13.49179077 0.77109319
v 6.21388340 13.46972275 0.77612776
v 6.21388340 13.47145462 0.77451211
v 6.21388340 13.47497463 0.77386159
v 6.21388340 13.47172260 0.77439702
v 6.21388340 13.48867321 0.77160650
v 6.21388340 13.53304195 0.76430190
v 6.21388340 13.63706017 0.74717677
v 6.21388340 13.46192455 0.78340089
v 6.21388340 13.46002674 0.78517085
v 6.21388340 13.45814991 0.78692156
v 6.21388340 13.32236671 0.91356659
v 6.21388340 13.15781021 1.06704760
v 1.15883267 15.95333767 0.52669501
v 1.31983697 15.97874260 0.50485301
v 1.37836719 15.98051357 0.50133598
v 1.43693519 15.98118687 0.50000000
v 1.49332261 15.98077869 0.50081497
v 1.54924917 15.97931957 0.50371099
v 1.26249194 15.97593689 0.51041698
v 1.20740426 15.97219563 0.51779300
v 0.95840317 15.92550564 0.58268398
v 1.06680608 15.94289112 0.54770499
v 1.65387142 15.97356796 0.51511502
v 1.70230901 15.96946335 0.52324498
v 1.74796987 15.96467113 0.53273201
v 1.60284483 15.97688675 0.50854701
v 1.79082882 15.95928383 0.54337901
v 1.83090281 15.95340061 0.55500001
v 1.86831009 15.94709873 0.56742501
v 1.90493822 15.94016743 0.58112103
v 1.94197321 15.93236732 0.59653997
v 1.97944880 15.92363453 0.61380500
v 3.15334058 14.76771641 0.50000000
v 2.56702590 15.62376976 1.20859098
v 2.57768941 15.60971928 1.23621094
v 2.01743937 15.91393089 0.63303202
v 2.05596566 15.90313911 0.65438902
v 2.09508300 15.89121819 0.67803198
v 2.21119857 15.84949780 0.76081300
v 2.13468885 15.87806797 0.70409298
v 2.17113209 15.86500454 0.73000598
v 2.25112605 15.83274937 0.79407102
v 2.29071403 15.81477165 0.82978600
v 2.32962966 15.79564095 0.86781198
v 2.36747169 15.77547455 0.90789503
v 2.40377784 15.75446510 0.94965601
v 2.43802142 15.73290348 0.99250901
v 2.46960068 15.71118832 1.03565001
v 2.49792457 15.68982220 1.07806695
v 2.52221799 15.66956329 1.11823595
v 2.53973579 15.65337372 1.15021503
v 2.55404854 15.63871765 1.17912197
v 6.21388340 14.95445728 0.73892993
v 6.21388340 15.36187840 0.92626125
v 6.21388340 15.58627033 1.16702378
v 8.06388187 11.67467499 0.50000000
v 7.51871395 11.88980198 0.60988998
v 7.48921108 11.88927746 0.61410999
v 7.49126863 11.88672161 0.61388499
v 7.49304581 11.89510441 0.61320698
v 7.49896908 11.88941860 0.61230397
v 7.50672626 11.88348579 0.61142498
v 7.51421499 11.88299465 0.61052001
v 7.50880384 11.88966560 0.61089599
v 7.47007895 11.88880444 0.61889797
v 7.46069622 11.88864422 0.62187201
v 7.46216154 11.88832378 0.62150198
v 7.45364761 11.89208889 0.62396997
v 7.47959042 11.88901806 0.61630797
v 7.48322010 11.88898659 0.61548501
v 7.47071886 11.89724064 0.61825103
v 7.52391958 11.88625813 0.60958701
v 7.51978302 11.89674568 0.60981399
v 7.52867460 11.89000130 0.60928500
v 7.53126001 11.88994789 0.60923398
v 7.53861046 11.89011860 0.60908300
v 7.53461123 11.89772892 0.60915798
v 7.54250813 11.89544296 0.60915798
v 7.55992889 11.88362885 0.61014199
v 7.54853868 11.89011192 0.60928500
v 7.55355358 11.88996124 0.60958701
v 7.55851412 11.89005184 0.60988998
v 7.55056429 11.90307903 0.60935998
v 7.56383228 11.88495445 0.61052001
v 7.56845617 11.89004421 0.61089599
v 7.57226229 11.88983345 0.61142498
v 7.57832766 11.88991737 0.61230397
v 7.58058310 11.89433289 0.61252999
v 7.58813667 11.88986588 0.61410999
v 7.59072685 11.88969231 0.61466002
v 7.59783792 11.88977242 0.61630797
v 7.60741425 11.88967133 0.61889797
v 7.61687851 11.88959408 0.62187201
v 10.00000000 10.00000000 0.00000000
v 12.50000000 10.00000000 0.00000000
v 11.08332920 11.00055885 0.00000000
v 11.03786755 11.03786755 0.00000000
v 11.00055885 11.08332920 0.00000000
v 10.97283649 11.13519478 0.00000000
v 11.13519478 10.97283649 0.00000000
v 11.19147301 10.95576477 0.00000000
v 11.25000000 10.94999981 0.00000000
v 11.30852699 10.95576477 0.00000000
v 10.95576477 11.19147301 0.00000000
v 10.94999981 11.25000000 0.00000000
v 10.95576477 11.30852699 0.00000000
v 10.97283649 11.36480522 0.00000000
v 11.36480522 10.97283649 0.00000000
v 11.41667080 11.00055885 0.00000000
v 11.46213245 11.03786755 0.00000000
v 11.49944115 11.08332920 0.00000000
v 11.52716351 11.13519478 0.00000000
v 11.54423523 11.19147301 0.00000000
v 11.55000019 11.25000000 0.00000000
v 11.54423523 11.30852699 0.00000000
v 11.52716351 11.36480522 0.00000000
v 11.00055885 11.41667080 0.00000000
v 11.03786755 11.46213245 0.00000000
v 11.08332920 11.49944115 0.00000000
v 11.13519478 11.52716351 0.00000000
v 11.19147301 11.54423523 0.00000000
v 11.25000000 11.55000019 0.00000000
v 11.30852699 11.54423523 0.00000000
v 11.41667080 11.49944115 0.00000000
v 11.46213245 11.46213245 0.00000000
v 11.49944115 11.41667080 0.00000000
v 11.36480522 11.52716351 0.00000000
v 11.08332920 11.00055885 0.27500001
v 11.03786755 11.03786755 0.27500001
v 11.00055885 11.08332920 0.27499998
v 10.97283649 11.13519478 0.27500001
v 11.13519478 10.97283649 0.27500001
v 11.19147301 10.95576477 0.27500001
v 11.25000000 10.94999981 0.27500001
v 11.30852699 10.95576477 0.27500001
v 10.95576477 11.19147301 0.27500001
v 10.94999981 11.25000000 0.27500001
v 10.95576477 11.30852699 0.27500001
v 10.97283649 11.36480522 0.27500001
v 11.36480522 10.97283649 0.27500001
v 11.41667080 11.00055885 0.27500001
v 11.46213245 11.03786755 0.27500001
v 11.49944115 11.08332920 0.27499998
v 11.52716351 11.13519478 0.27500001
v 11.54423523 11.19147301 0.27500001
v 11.55000019 11.25000000 0.27500001
v 11.54423523 11.30852699 0.27500001
v 11.52716351 11.36480522 0.27500001
v 11.00055885 11.41667080 0.27499998
v 11.03786755 11.46213245 0.27500001
v 11.08332920 11.49944115 0.27500001
v 11.13519478 11.52716351 0.27500001
v 11.19147301 11.54423523 0.27500001
v 11.25000000 11.55000019 0.27500001
v 11.30852699 11.54423523 0.27500001
v 11.41667080 11.49944115 0.27500001
v 11.46213245 11.46213150 0.27500001
v 11.49944115 11.41667080 0.27499998
v 11.36480522 11.52716351 0.27500001
v 10.00000000 10.00000000 0.50000000
v 10.87876892 10.87876892 0.50000000
v 10.73508739 11.14757729 0.50000000
v 10.81347847 10.95832539 0.50000000
v 10.76496315 11.04909134 0.50000000
v 10.72500038 11.25000000 0.50000000
v 10.73508739 11.35242271 0.50000000
v 10.76496315 11.45090866 0.50000000
v 10.81347847 11.54167461 0.50000000
v 10.87876892 11.62123108 0.50000000
v 10.95832539 10.81347847 0.50000000
v 11.04909134 10.76496315 0.50000000
v 11.14757729 10.73508739 0.50000000
v 11.25000000 10.72500038 0.50000000
v 11.35242271 10.73508739 0.50000000
v 11.45090866 10.76496315 0.50000000
v 11.54167461 10.81347847 0.50000000
v 11.62123108 10.87876892 0.50000000
v 12.50000000 10.00000000 0.50000000
v 11.68652153 10.95832539 0.50000000
v 10.95832539 11.68652153 0.50000000
v 11.04909134 11.73503685 0.50000000
v 11.14757729 11.76491261 0.50000000
v 11.25000000 11.77499962 0.50000000
v 11.68652153 11.54167461 0.50000000
v 11.62123108 11.62123108 0.50000000
v 11.45090866 11.73503685 0.50000000
v 11.35242271 11.76491261 0.50000000
v 11.54167461 11.68652153 0.50000000
v 11.73503685 11.04909134 0.50000000
v 11.76491261 11.14757729 0.50000000
v 11.77499962 11.25000000 0.50000000
v 11.76491261 11.35242271 0.50000000
v 11.73503685 11.45090866 0.50000000
v 10.00000000 12.50000000 0.00000000
v 12.50000000 12.50000000 0.00000000
v 10.00000000 12.50000000 0.50000000
v 12.50000000 12.50000000 0.50000000
v 7.45726204 11.87499142 1.01709294
v 7.46052551 11.87496662 1.01834798
v 7.46592855 11.87492561 1.02044594
v 7.48026037 11.87483597 1.02503800
v 7.48360443 11.87481689 1.02601004
v 7.49260521 11.87477398 1.02821004
v 7.50055504 11.87474251 1.02978802
v 7.50740719 11.87472153 1.03089404
v 7.51083803 11.87471104 1.03142202
v 7.51430321 11.87470341 1.03179896
v 7.61660862 11.87496662 1.01834798
v 7.59687328 11.87483597 1.02503800
v 7.60020494 11.87485504 1.02406704
v 7.60244703 11.87486744 1.02341998
v 7.52005672 11.87469101 1.03242898
v 7.52814770 11.87468052 1.03295898
v 7.52929926 11.87467861 1.03303504
v 7.53509712 11.87467670 1.03316104
v 7.53857231 11.87467480 1.03323698
v 7.54204702 11.87467670 1.03316104
v 7.55592155 11.87469006 1.03250504
v 7.54783535 11.87467957 1.03303504
v 7.57545042 11.87473869 1.03001404
v 7.58453798 11.87477398 1.02821004
v 7.59353971 11.87481689 1.02601004
v 7.57315063 11.87473202 1.03036594
v 7.42135096 11.88826180 0.63929898
v 7.41761780 11.88953781 0.64109600
v 7.41659927 11.88756084 0.64229500
v 7.41704130 11.88230896 0.64679903
v 7.40838003 11.88742447 0.64743602
v 7.40050411 11.88717556 0.65290701
v 7.39286613 11.88694477 0.65869898
v 7.39761877 11.88697338 0.65508503
v 7.38558578 11.88790703 0.66404402
v 7.38547707 11.88675690 0.66479999
v 7.38869429 11.88209820 0.66880703
v 7.37846184 11.88655758 0.67119801
v 7.37607050 11.88618183 0.67371303
v 7.37191057 11.88613605 0.67788303
v 7.36562967 11.88577366 0.68483901
v 7.36607838 11.88618755 0.68397897
v 7.36974621 11.88169289 0.68935901
v 7.35964346 11.88547611 0.69205499
v 7.35672283 11.88593006 0.69486398
v 7.36435080 11.88137531 0.69765198
v 7.35403013 11.88515091 0.69951701
v 7.44247437 11.88818645 0.62895203
v 7.45150375 11.88839340 0.62522602
v 7.43363094 11.88797665 0.63304502
v 7.43469524 11.88835526 0.63253599
v 7.42734623 11.88944817 0.63582999
v 7.42500925 11.88777161 0.63749498
v 7.62617350 11.88948536 0.62522602
v 7.63528872 11.88938046 0.62895203
v 7.63673544 11.88947773 0.62946701
v 7.64425611 11.88928032 0.63304502
v 7.64991045 11.89979362 0.63415700
v 7.65301466 11.88917637 0.63749498
v 7.66154051 11.88905811 0.64229500
v 7.66586781 11.89627266 0.64294201
v 7.66566229 11.88892174 0.64486599
v 7.66985703 11.88897228 0.64743602
v 7.67193174 11.88880444 0.64880401
v 7.67791557 11.88884830 0.65290701
v 7.68568325 11.88869762 0.65869898
v 7.68643284 11.89421654 0.65725201
v 7.69319391 11.88857937 0.66479999
v 7.70042181 11.88845444 0.67119801
v 7.70733500 11.88831425 0.67788303
v 7.70794725 11.89219284 0.67621100
v 7.71393108 11.88818359 0.68483901
v 7.72020006 11.88805866 0.69205499
v 7.72443914 11.88783264 0.69765198
v 7.72618008 11.88797283 0.69951701
v 7.34831953 11.88580036 0.70626199
v 7.35851908 11.88158703 0.70336401
v 7.34884548 11.88477135 0.70721102
v 7.34491968 11.88521290 0.71216798
v 7.34397411 11.88445854 0.71512002
v 7.34236717 11.88422298 0.71817797
v 7.33846378 11.88585091 0.72120500
v 7.33947325 11.88414288 0.72323298
v 7.33530951 11.88385868 0.73153102
v 7.33158779 11.88355064 0.74000102
v 7.32903147 11.88421726 0.74325299
v 7.33761311 11.88045025 0.74646801
v 7.32817698 11.88329029 0.74862498
v 7.32663250 11.88316631 0.75300503
v 7.32571173 11.88298512 0.75631100
v 7.32525063 11.88298321 0.75738603
v 7.32342482 11.88292980 0.76295900
v 7.32268095 11.88271332 0.76626998
v 7.32116556 11.88246536 0.77301002
v 7.32051086 11.88245010 0.77525800
v 7.17532587 12.13656235 0.74242198
v 7.17266607 12.13639927 0.74482298
v 7.16996813 12.13617897 0.74724799
v 7.16731501 12.13595295 0.74973100
v 7.16474009 12.13568211 0.75223500
v 7.16219759 12.13537502 0.75479698
v 7.15972328 12.13507462 0.75737703
v 7.15727806 12.13477516 0.76001501
v 7.15256166 12.13419437 0.76538002
v 7.15490246 12.13448238 0.76266903
v 7.15028763 12.13391113 0.76810497
v 7.14805031 12.13363266 0.77088702
v 7.14588165 12.13335896 0.77367902
v 7.14374876 12.13308907 0.77652901
v 7.14168739 12.13282490 0.77938497
v 7.71613407 11.88119507 0.70336401
v 7.73170328 11.88778305 0.70721102
v 7.73690081 11.88762760 0.71512002
v 7.74173021 11.88748074 0.72323298
v 7.74618816 11.88735008 0.73153102
v 7.75024223 11.88719654 0.74000102
v 7.75392246 11.88707829 0.74862498
v 7.75542498 11.88688755 0.75300503
v 7.75716019 11.88691235 0.75738603
v 7.76000118 11.88676548 0.76626998
v 7.76163626 11.88652992 0.77301002
v 7.76242876 11.88662243 0.77525800
v 7.01175547 12.32636070 0.81429499
v 7.00928259 12.32618332 0.81693202
v 7.00686550 12.32599735 0.81958699
v 7.00450420 12.32577419 0.82229698
v 7.00221205 12.32550240 0.82502300
v 6.99995518 12.32523537 0.82780403
v 6.99776745 12.32497025 0.83059698
v 6.99561596 12.32470989 0.83344603
v 6.99353456 12.32445240 0.83630300
v 6.99149036 12.32419968 0.83921701
v 7.03015423 12.23886871 0.85896200
v 6.98951530 12.32394981 0.84213603
v 6.98758078 12.32370472 0.84511101
v 6.98571730 12.32346535 0.84808803
v 6.98213816 12.32299232 0.85415399
v 6.98042488 12.32276058 0.85724401
v 6.98389196 12.32322598 0.85112202
v 7.02897978 12.23867035 0.86221999
v 7.02785158 12.23847675 0.86553502
v 7.02679491 12.23828602 0.86882699
v 7.02578497 12.23809910 0.87217700
v 7.02484560 12.23791790 0.87550002
v 7.02395439 12.23773479 0.87888098
v 6.97878456 12.32253551 0.86032701
v 6.97718430 12.32231331 0.86346900
v 6.97565746 12.32209396 0.86660099
v 6.97417212 12.32187748 0.86979002
v 6.97275925 12.32166767 0.87296897
v 6.97139025 12.32145882 0.87620300
v 7.02313375 12.23756027 0.88223201
v 7.02236080 12.23738670 0.88564003
v 7.02165842 12.23721600 0.88901597
v 7.02100706 12.23705006 0.89244801
v 7.02042341 12.23688698 0.89584303
v 6.97009277 12.32125473 0.87942201
v 6.96883917 12.32105160 0.88269901
v 6.96765947 12.32085514 0.88595700
v 6.96652555 12.32066345 0.88927197
v 6.96546125 12.32047272 0.89256400
v 6.96444464 12.32028389 0.89591300
v 7.01989174 12.23672771 0.89929599
v 7.01942730 12.23657131 0.90270799
v 7.01901627 12.23641682 0.90617698
v 7.01867199 12.23626614 0.90960300
v 7.01838255 12.23611832 0.91308498
v 7.01815748 12.23597527 0.91651899
v 6.96349907 12.32010078 0.89923698
v 6.96260214 12.31992054 0.90261799
v 6.96177626 12.31974411 0.90596902
v 6.96099806 12.31957054 0.90937698
v 6.96029043 12.31939888 0.91275197
v 6.95963430 12.31923103 0.91618401
v 7.01798868 12.23583412 0.92001098
v 7.01788235 12.23569584 0.92345101
v 7.01783466 12.23556042 0.92694801
v 7.01784849 12.23542881 0.93039000
v 7.01791143 12.23531342 0.93383199
v 6.95904636 12.31906891 0.91957998
v 6.95851040 12.31890774 0.92303300
v 6.95804167 12.31874943 0.92644501
v 6.95762825 12.31859398 0.92991400
v 6.95727921 12.31844330 0.93333900
v 6.95698643 12.31829453 0.93682098
v 6.96519470 12.38531971 0.83603698
v 6.96287060 12.38518143 0.83874798
v 6.92336941 12.43758106 0.85827601
v 6.96053934 12.38501167 0.84147298
v 6.95826387 12.38482475 0.84425497
v 6.95606947 12.38458729 0.84704798
v 6.95390987 12.38433361 0.84989601
v 6.95181894 12.38407993 0.85275400
v 6.94976521 12.38383007 0.85566801
v 6.94778442 12.38358688 0.85858703
v 6.92116499 12.43743515 0.86106801
v 6.91896915 12.43728256 0.86391801
v 6.91686773 12.43709564 0.86677498
v 6.91480827 12.43685150 0.86968899
v 6.91281891 12.43661213 0.87260699
v 6.90898752 12.43614006 0.87856001
v 6.91086578 12.43637276 0.87558299
v 6.94584179 12.38334465 0.86156201
v 6.94396734 12.38310528 0.86453903
v 6.94213533 12.38287067 0.86757302
v 6.94037485 12.38264084 0.87060499
v 6.93865347 12.38241291 0.87369400
v 6.93700457 12.38218880 0.87677801
v 6.93237019 12.38153648 0.88624102
v 6.93095016 12.38132668 0.88941902
v 6.92957401 12.38111973 0.89265400
v 6.92827034 12.38091755 0.89587301
v 6.90714693 12.43590832 0.88159299
v 6.90537739 12.43567944 0.88462597
v 6.90364981 12.43545628 0.88771498
v 6.90199327 12.43523502 0.89080000
v 6.90037823 12.43501568 0.89393997
v 6.89883709 12.43480206 0.89707297
v 6.93539762 12.38196754 0.87992001
v 6.93386221 12.38175201 0.88305199
v 6.88926315 12.48493671 0.87605900
v 6.88309431 12.48453140 0.88474900
v 6.88113499 12.48434639 0.88772500
v 6.88721228 12.48482227 0.87891603
v 6.88511467 12.48467922 0.88182998
v 6.87924671 12.48411560 0.89070100
v 6.87739706 12.48388672 0.89373600
v 6.87562180 12.48366451 0.89676797
v 6.85758495 12.52819252 0.89538902
v 6.85565186 12.52808189 0.89836401
v 6.82977390 12.56820488 0.91378498
v 6.82800293 12.56809902 0.91681701
v 6.82622290 12.56798077 0.91990602
v 6.82452440 12.56785393 0.92299098
v 6.82288599 12.56768227 0.92613101
v 6.82132244 12.56747818 0.92926401
v 6.81980181 12.56727409 0.93245399
v 6.81835556 12.56707478 0.93563098
v 6.92701054 12.38071728 0.89915001
v 6.92582321 12.38052082 0.90240699
v 6.92468166 12.38032532 0.90572298
v 6.92361259 12.38013649 0.90901500
v 6.92259073 12.37994957 0.91236401
v 6.92163944 12.37976646 0.91568798
v 6.89733791 12.43459034 0.90026200
v 6.89591074 12.43438148 0.90344000
v 6.89452744 12.43417740 0.90667498
v 6.89321756 12.43397617 0.90989399
v 6.89195108 12.43377686 0.91316998
v 6.89075708 12.43358135 0.91642898
v 6.92073727 12.37958622 0.91906798
v 6.91990423 12.37940884 0.92241901
v 6.91912222 12.37923431 0.92582798
v 6.91841030 12.37906551 0.92920297
v 6.91774845 12.37889767 0.93263501
v 6.91715622 12.37873268 0.93603098
v 6.88960981 12.43338871 0.91974300
v 6.88853455 12.43319893 0.92303598
v 6.88750696 12.43301296 0.92638499
v 6.88655043 12.43282986 0.92970902
v 6.88564253 12.43265152 0.93308997
v 6.88480473 12.43247509 0.93644100
v 6.87388659 12.48344231 0.89985597
v 6.87222338 12.48322582 0.90294099
v 6.87060213 12.48301029 0.90608102
v 6.86905193 12.48279858 0.90921497
v 6.86754608 12.48259068 0.91240400
v 6.86611223 12.48238373 0.91558099
v 6.85372686 12.52795124 0.90134102
v 6.85184908 12.52781105 0.90437502
v 6.85006237 12.52762890 0.90740699
v 6.84832096 12.52741241 0.91049701
v 6.84665108 12.52719975 0.91358000
v 6.84502220 12.52698803 0.91672099
v 6.86472178 12.48217964 0.91881597
v 6.86340427 12.48197937 0.92203599
v 6.86213303 12.48178387 0.92531300
v 6.85977936 12.48139858 0.93188399
v 6.86093378 12.48159122 0.92856997
v 6.85869884 12.48121262 0.93517798
v 6.84346628 12.52678013 0.91985399
v 6.84195185 12.52657318 0.92304301
v 6.84051180 12.52637100 0.92622203
v 6.83911610 12.52617073 0.92945600
v 6.83779144 12.52597237 0.93267500
v 6.83651352 12.52577782 0.93595201
v 6.80531120 12.60553837 0.93137503
v 6.80368328 12.60544109 0.93451601
v 7.31870031 11.88221359 0.78433198
v 7.31736851 11.88194656 0.79347700
v 7.31675482 11.88172150 0.80037600
v 7.31641531 11.88170815 0.80267602
v 7.31629324 11.88151073 0.80729198
v 7.31589508 11.88145828 0.81190902
v 7.31579876 11.88121319 0.82115901
v 7.31765318 11.88032055 0.83041000
v 7.32207870 11.87903404 0.83502698
v 7.32370424 11.87871838 0.83964300
v 7.32528830 11.87851810 0.84194201
v 7.32603741 11.87838268 0.84884101
v 7.32809496 11.87815475 0.85798597
v 7.12870550 12.13109684 0.80032599
v 7.13966036 12.13256264 0.78229898
v 7.13770628 12.13230705 0.78521800
v 7.13578939 12.13205719 0.78819299
v 7.13394356 12.13181210 0.79117101
v 7.13213682 12.13156700 0.79420400
v 7.13040066 12.13132954 0.79723698
v 7.12708187 12.13086605 0.80340898
v 7.12549925 12.13064194 0.80655098
v 7.12398863 12.13042259 0.80968302
v 7.12251949 12.13020325 0.81287301
v 7.12112188 12.12999153 0.81605101
v 7.11976814 12.12978172 0.81928498
v 7.07790804 12.24490547 0.78541499
v 7.07532787 12.24470711 0.78797698
v 7.07283831 12.24449158 0.79055798
v 7.08046532 12.24507904 0.78291100
v 7.07038689 12.24421501 0.79319602
v 7.06799984 12.24392605 0.79584903
v 7.06564808 12.24364376 0.79856098
v 7.06336594 12.24336720 0.80128503
v 7.06111670 12.24309158 0.80406803
v 7.05893850 12.24282265 0.80686003
v 7.05679655 12.24255848 0.80971003
v 7.05472422 12.24229622 0.81256598
v 7.05268908 12.24203968 0.81548101
v 7.05072403 12.24178791 0.81839901
v 7.11848593 12.12957859 0.82250500
v 7.11724710 12.12937641 0.82578099
v 7.11608171 12.12917805 0.82903898
v 7.11496019 12.12898731 0.83235401
v 7.11390972 12.12879562 0.83564597
v 7.11290550 12.12860870 0.83899599
v 7.11197233 12.12842751 0.84232002
v 7.11108732 12.12824726 0.84570003
v 7.11027193 12.12807274 0.84905201
v 7.10950565 12.12790108 0.85246003
v 7.10880709 12.12773228 0.85583502
v 7.10816050 12.12756634 0.85926700
v 7.04879665 12.24153805 0.82137501
v 7.04694271 12.24129391 0.82435203
v 7.04512596 12.24105358 0.82738501
v 7.04338169 12.24081802 0.83041799
v 7.04167652 12.24058437 0.83350599
v 7.04004478 12.24035740 0.83659101
v 7.03845310 12.24013329 0.83973199
v 7.03693342 12.23991108 0.84286398
v 7.03545666 12.23969555 0.84605402
v 7.03405142 12.23948383 0.84923100
v 7.03268957 12.23927402 0.85246700
v 7.03139973 12.23906994 0.85568601
v 7.76443529 11.88649178 0.78433198
v 7.76600742 11.88634682 0.79347700
v 7.76673746 11.88613605 0.80037600
v 7.76718187 11.88623047 0.80267602
v 7.76738024 11.88601112 0.80729198
v 7.76787376 11.88607788 0.81190902
v 7.75953436 11.88036728 0.82809800
v 7.76806593 11.88586521 0.82115901
v 7.75947666 11.88031864 0.83041000
v 7.75353241 11.87873173 0.83964300
v 7.75185585 11.87851810 0.84194201
v 7.75106812 11.87837982 0.84884101
v 7.74903917 11.87815475 0.85798597
v 7.33024311 11.87795830 0.86706102
v 7.33267641 11.87777233 0.87604898
v 7.33542299 11.87759209 0.88493198
v 7.33702660 11.87750244 0.88931298
v 7.33848143 11.87741756 0.89369398
v 7.34196186 11.87724590 0.90231800
v 7.34576464 11.87707806 0.91078699
v 7.34988213 11.87691498 0.91908503
v 7.35107946 11.87687397 0.92111301
v 7.35441971 11.87675476 0.92719799
v 7.35926962 11.87659931 0.93510801
v 7.10758209 12.12740517 0.86266297
v 7.10705423 12.12724686 0.86611497
v 7.10659361 12.12709045 0.86952800
v 7.10618782 12.12693882 0.87299699
v 7.10584545 12.12679195 0.87642097
v 7.10555935 12.12664413 0.87990397
v 7.10533762 12.12650108 0.88333797
v 7.10517120 12.12636185 0.88682997
v 7.10506773 12.12622547 0.89026999
v 7.10502338 12.12609100 0.89376700
v 7.10505056 12.12594509 0.89720899
v 7.10536385 12.12556648 0.90414798
v 7.74692774 11.87795925 0.86706102
v 7.74529505 11.87783813 0.87265700
v 7.74449968 11.87777328 0.87604898
v 7.74292135 11.87769222 0.87935901
v 7.74172783 11.87759209 0.88493198
v 7.74010277 11.87750244 0.88931298
v 7.73865414 11.87741852 0.89369398
v 7.73518991 11.87724590 0.90231800
v 7.73371649 11.87718201 0.90547597
v 7.73081303 11.87705708 0.91180801
v 7.73137045 11.87707806 0.91078699
v 7.72725964 11.87691498 0.91908503
v 7.72602463 11.87687302 0.92111301
v 7.72273540 11.87675476 0.92719799
v 7.72069550 11.87669468 0.93014997
v 7.71787548 11.87659931 0.93510801
v 6.55068874 13.51007080 0.76808369
v 6.55200291 13.50419807 0.76905054
v 6.55949020 13.47136879 0.77459192
v 6.55794859 13.47813702 0.77334094
v 6.55937910 13.47188568 0.77437019
v 6.56012583 13.46802902 0.77770758
v 6.54945469 13.51571655 0.76715422
v 6.52315712 13.63706017 0.74717677
v 6.56301880 13.45291710 0.79180217
v 6.56375456 13.44922066 0.79525018
v 6.56451702 13.44555473 0.79866874
v 7.83110189 13.47154713 0.77442592
v 8.06388187 13.47154713 0.77442592
v 7.83752680 13.63706017 0.74717671
v 8.06388187 13.63706017 0.74717671
v 6.95675850 12.31814957 0.94025600
v 6.95658684 12.31800747 0.94374698
v 6.95647860 12.31786823 0.94718701
v 6.95642996 12.31773090 0.95068502
v 6.95644093 12.31759930 0.95412600
v 6.95649958 12.31748676 0.95756799
v 6.83530760 12.52558708 0.93921000
v 6.83414793 12.52539825 0.94252402
v 6.83306170 12.52521229 0.94581699
v 6.81695318 12.56687927 0.93886602
v 6.81562376 12.56668568 0.94208598
v 6.81433868 12.56649399 0.94536197
v 6.83202076 12.52502918 0.94916600
v 6.83105421 12.52484894 0.95248997
v 6.83013487 12.52467060 0.95587099
v 6.81312656 12.56630516 0.94862002
v 6.81196022 12.56611729 0.95193398
v 6.81086731 12.56593418 0.95522702
v 6.82928705 12.52449608 0.95922202
v 6.82849026 12.52432346 0.96262997
v 6.82776356 12.52415562 0.96600503
v 6.80982304 12.56575298 0.95857698
v 6.80884933 12.56557465 0.96190000
v 6.80792570 12.56539917 0.96528101
v 6.82708788 12.52398872 0.96943700
v 6.82648230 12.52382469 0.97283298
v 6.82593012 12.52366352 0.97628599
v 6.80707216 12.56522560 0.96863198
v 6.80627012 12.56505489 0.97204000
v 6.80553865 12.56488895 0.97541600
v 6.91661596 12.37857056 0.93948299
v 6.91614437 12.37841320 0.94289500
v 6.91572618 12.37825680 0.94636500
v 6.91537476 12.37810612 0.94979000
v 6.91507769 12.37795734 0.95327300
v 6.91485214 12.37779236 0.95670700
v 6.88401794 12.43229961 0.93984902
v 6.88330078 12.43212891 0.94322503
v 6.88263559 12.43196201 0.94665599
v 6.88149452 12.43163586 0.95350498
v 6.88101816 12.43147755 0.95691699
v 6.88203764 12.43179798 0.95005202
v 6.91456223 12.37752724 0.96363902
v 6.91451740 12.37726021 0.97057700
v 6.88059616 12.43132114 0.96038598
v 6.88024139 12.43117046 0.96381199
v 6.87994194 12.43101978 0.96729302
v 6.87970734 12.43087387 0.97072798
v 6.87953091 12.43072891 0.97421998
v 6.85766459 12.48102665 0.93852699
v 6.85670280 12.48084450 0.94185001
v 6.85578871 12.48066521 0.94523102
v 6.85494661 12.48048973 0.94858199
v 6.85415459 12.48031616 0.95199001
v 6.85343313 12.48014736 0.95536602
v 6.85276222 12.47998047 0.95879799
v 6.85216093 12.47981548 0.96219403
v 6.85161257 12.47965431 0.96564603
v 6.85113335 12.47949600 0.96905798
v 6.85070753 12.47934055 0.97252798
v 6.85034800 12.47918797 0.97595298
v 6.82544661 12.52350616 0.97969800
v 6.82501650 12.52335167 0.98316699
v 6.80485821 12.56472206 0.97884798
v 6.80424833 12.56455994 0.98224300
v 6.80369139 12.56439877 0.98569602
v 6.82465410 12.52319908 0.98659199
v 6.82434797 12.52304935 0.99007398
v 6.82410765 12.52290249 0.99350899
v 6.80320406 12.56424332 0.98910803
v 6.80277061 12.56408882 0.99257702
v 6.80240393 12.56393719 0.99600297
v 6.82392502 12.52275944 0.99699998
v 6.82380629 12.52261734 1.00044000
v 6.82374763 12.52247906 1.00393796
v 6.80209446 12.56378841 0.99948502
v 6.80185080 12.56364155 1.00291896
v 6.82375050 12.52234364 1.00737906
v 6.82380056 12.52223587 1.01082098
v 6.80154467 12.56335735 1.00985098
v 6.80166531 12.56349659 1.00641096
v 6.80148220 12.56321812 1.01334703
v 6.87941790 12.43058968 0.97765899
v 6.87936354 12.43045044 0.98115599
v 6.87937784 12.43030548 0.98459899
v 6.85004568 12.47903728 0.97943503
v 6.84980822 12.47889233 0.98286998
v 6.84962845 12.47874737 0.98636103
v 6.84951258 12.47860622 0.98980099
v 6.84945679 12.47846794 0.99329799
v 6.84946203 12.47833347 0.99673998
v 6.84951496 12.47822189 1.00018203
v 6.80208588 12.60533714 0.93764901
v 6.80053616 12.60522175 0.94083798
v 6.79907846 12.60506439 0.94401598
v 6.79766941 12.60487175 0.94725102
v 6.79633331 12.60468197 0.95046997
v 6.79504251 12.60449314 0.95374697
v 6.79382420 12.60430717 0.95700502
v 6.78375244 12.64061069 0.94835401
v 6.78230810 12.64052391 0.95153201
v 6.78086329 12.64043045 0.95476699
v 6.79265261 12.60412216 0.96031898
v 6.79155397 12.60394192 0.96361202
v 6.79050398 12.60376358 0.96696103
v 6.78952456 12.60358715 0.97028399
v 6.78859520 12.60341358 0.97366601
v 6.77949381 12.64033413 0.95798600
v 6.77819157 12.64019394 0.96126300
v 6.77696800 12.64001274 0.96452099
v 6.76479626 12.67378139 0.96475703
v 6.77579069 12.63983154 0.96783501
v 6.77468634 12.63965225 0.97112799
v 6.77363014 12.63947773 0.97447699
v 6.76225471 12.67362309 0.97129202
v 6.76351357 12.67370319 0.96803302
v 6.76104212 12.67354202 0.97460598
v 6.78693056 12.60307503 0.98042399
v 6.78619385 12.60290813 0.98379999
v 6.78773832 12.60324287 0.97701699
v 6.78550959 12.60274410 0.98723203
v 6.78489542 12.60258389 0.99062902
v 6.78433466 12.60242558 0.99408102
v 6.77264595 12.63930511 0.97780102
v 6.77171183 12.63913345 0.98118198
v 6.77084970 12.63896561 0.98453301
v 6.75992393 12.67341995 0.97789800
v 6.75886250 12.67325211 0.98124802
v 6.75787306 12.67308235 0.98457199
v 6.77003717 12.63879871 0.98794103
v 6.76929569 12.63863373 0.99131697
v 6.76860714 12.63847160 0.99474800
v 6.75693417 12.67291546 0.98795199
v 6.75606585 12.67274952 0.99130398
v 6.75524902 12.67258453 0.99471200
v 6.78384209 12.60227013 0.99749303
v 6.78340435 12.60211563 1.00096202
v 6.78303528 12.60196495 1.00438702
v 6.78272247 12.60181713 1.00786901
v 6.78247547 12.60167217 1.01130402
v 6.78228664 12.60152817 1.01479495
v 6.76798868 12.63831425 0.99814397
v 6.76742363 12.63815689 1.00159705
v 6.76692677 12.63800240 1.00500906
v 6.75450373 12.67242336 0.99808800
v 6.75380993 12.67226410 1.00152004
v 6.75318670 12.67210770 1.00491500
v 6.76648521 12.63784981 1.00847805
v 6.76611280 12.63770103 1.01190305
v 6.76579618 12.63755322 1.01538503
v 6.75261736 12.67195225 1.00836802
v 6.75211763 12.67179966 1.01178002
v 6.75167274 12.67164993 1.01524901
v 6.74706554 12.70524788 0.98402297
v 6.74597311 12.70517635 0.98737299
v 6.74494886 12.70510864 0.99069703
v 6.74399042 12.70500660 0.99407703
v 6.73272705 12.73537254 0.99963599
v 6.73183298 12.73531246 1.00298798
v 6.73097849 12.73525620 1.00639498
v 6.73020458 12.73517799 1.00977099
v 6.72949791 12.73504925 1.01320302
v 6.72035742 12.76429272 1.01482999
v 6.74311590 12.70485783 0.99742901
v 6.74229574 12.70469952 1.00083697
v 6.74154472 12.70454025 1.00421202
v 6.74084711 12.70438194 1.00764501
v 6.74022007 12.70422935 1.01103997
v 6.73964691 12.70407581 1.01449203
v 6.80148315 12.56308365 1.01679003
v 6.80153131 12.56297684 1.02023196
v 6.78216219 12.60138893 1.01823497
v 6.78209782 12.60124969 1.02173305
v 6.78209639 12.60111427 1.02517498
v 6.78214216 12.60100937 1.02861595
v 6.76554632 12.63740921 1.01882005
v 6.76535463 12.63726711 1.02231097
v 6.75129509 12.67150211 1.01867497
v 6.75097513 12.67135525 1.02215600
v 6.76522684 12.63712883 1.02575099
v 6.76515961 12.63699055 1.02924895
v 6.76515532 12.63685703 1.03269100
v 6.75072193 12.67121315 1.02559102
v 6.75052738 12.67107201 1.02908301
v 6.75039816 12.67093277 1.03252304
v 6.76519918 12.63675213 1.03613198
v 6.75032806 12.67079735 1.03601897
v 6.75032139 12.67066383 1.03946197
v 6.75039339 12.67049026 1.04290402
v 6.72886658 12.73489857 1.01659799
v 6.72828913 12.73474789 1.02005100
v 6.72778177 12.73460102 1.02346301
v 6.73799038 12.70348740 1.02828097
v 6.73773384 12.70334530 1.03171599
v 6.72732973 12.73445511 1.02693200
v 6.72694540 12.73431206 1.03035796
v 6.72661877 12.73416901 1.03383994
v 6.71964216 12.76424122 1.01826096
v 6.71897840 12.76419544 1.02165794
v 6.71837330 12.76414013 1.02511001
v 6.71785450 12.76403141 1.02852201
v 6.71739960 12.76388741 1.03199196
v 6.70980024 12.79214001 1.02972400
v 6.70928001 12.79209614 1.03313601
v 6.73914194 12.70392609 1.01790500
v 6.73869467 12.70377731 1.02137399
v 6.73831367 12.70363331 1.02479899
v 6.73753643 12.70320606 1.03520703
v 6.73740292 12.70306969 1.03864801
v 6.73733187 12.70293331 1.04214394
v 6.72635937 12.73402977 1.03727400
v 6.72615862 12.73389149 1.04076600
v 6.72602367 12.73375702 1.04420602
v 6.73732328 12.70280075 1.04558599
v 6.72594833 12.73362255 1.04770303
v 6.72593737 12.73349190 1.05114496
v 6.71701241 12.76374722 1.03541696
v 6.71668243 12.76360703 1.03889894
v 6.71642017 12.76347065 1.04233396
v 6.70879269 12.79206085 1.03660500
v 6.70837498 12.79202938 1.04003000
v 6.70803308 12.79193878 1.04351199
v 6.71621656 12.76333332 1.04582500
v 6.71607780 12.76319981 1.04926503
v 6.71600103 12.76306820 1.05276203
v 6.70776653 12.79180527 1.04694700
v 6.70756006 12.79166985 1.05043805
v 6.70741987 12.79153919 1.05387795
v 6.71598721 12.76293945 1.05620396
v 6.70733976 12.79140949 1.05737603
v 6.70732307 12.79128361 1.06081796
v 7.36438417 11.87644863 0.94280201
v 7.36584139 11.87641144 0.94466698
v 7.36991644 11.87630177 0.95026302
v 7.37577772 11.87615967 0.95748001
v 7.37885189 11.87609100 0.96095800
v 7.38190317 11.87602329 0.96443701
v 7.38829517 11.87589264 0.97112000
v 7.39502859 11.87576675 0.97751802
v 7.40200281 11.87564754 0.98361897
v 7.40922451 11.87553406 0.98941100
v 7.41486168 11.87545300 0.99351501
v 7.41665268 11.87542725 0.99488300
v 7.42058516 11.87537575 0.99745202
v 7.71275663 11.87644863 0.94280201
v 7.71130562 11.87641144 0.94466698
v 7.70721865 11.87630177 0.95026302
v 7.70519447 11.87625027 0.95295900
v 7.70136690 11.87615967 0.95748001
v 7.69829273 11.87609100 0.96095800
v 7.69524145 11.87602329 0.96443701
v 7.68884850 11.87589264 0.97112000
v 7.42938137 11.87526703 1.00301898
v 7.43540668 11.87519932 1.00648904
v 7.44048119 11.87514496 1.00927401
v 7.44775248 11.87507439 1.01285100
v 7.44878769 11.87506485 1.01336598
v 7.68210554 11.87576675 0.97751802
v 7.67514086 11.87564754 0.98361897
v 7.65946198 11.87541389 0.99552000
v 7.67061043 11.87557602 0.98723298
v 7.66792727 11.87553406 0.98941100
v 7.65655994 11.87537575 0.99745202
v 7.65274763 11.87532616 1.00002301
v 7.65071297 11.87530231 1.00122297
v 7.64480591 11.87523174 1.00482297
v 7.63561201 11.87513447 1.00978196
v 7.63666058 11.87514496 1.00927401
v 7.64172745 11.87519932 1.00648904
v 7.45410299 11.87501907 1.01569295
v 7.62303114 11.87501907 1.01569295
v 6.62529850 13.15781021 1.06704760
v 6.70060921 12.81904984 1.04772997
v 6.70031452 12.81902599 1.05116403
v 6.70007849 12.81900406 1.05465496
v 6.69992352 12.81893158 1.05809605
v 6.69983959 12.81880951 1.06159198
v 6.69375515 12.84430790 1.06182301
v 6.69982100 12.81868744 1.06503403
v 6.69364691 12.84429073 1.06532001
v 6.69360924 12.84424591 1.06876099
v 6.63716936 13.09904861 1.19766855
v 7.82059145 13.15781021 1.06704760
v 8.06388187 13.15779877 1.06707394
v 6.42411184 14.09955978 0.50490701
v 6.42515612 14.09362316 0.50604302
v 6.42680168 14.08764839 0.50729901
v 6.42266607 14.11765385 0.50221199
v 6.42234468 14.12378120 0.50154799
v 6.42218542 14.12998486 0.50099403
v 6.42353725 14.10550117 0.50389200
v 6.42303324 14.11154079 0.50299698
v 6.42179489 14.14229488 0.50025702
v 6.42203856 14.13616085 0.50057000
v 6.42147303 14.14846039 0.50007302
v 6.42127275 14.15466690 0.50000000
v 6.42120647 14.16069317 0.50004703
v 7.85470963 14.14254379 0.50025702
v 7.85163307 14.13648796 0.50057000
v 7.85625505 14.14858055 0.50007302
v 7.85649157 14.15466404 0.50000000
v 7.85655928 14.16069221 0.50004703
v 6.42126465 15.91244125 0.53428602
v 7.85650063 15.91244125 0.53428602
v 6.42335796 14.09517574 0.74430895
v 6.42311668 14.09632778 0.74430174
v 6.42265511 14.10105896 0.74427217
v 6.42083120 14.12534809 0.74412012
v 6.42071247 14.12656021 0.74411255
v 6.42243242 14.10224915 0.74426472
v 6.42173243 14.11191845 0.74420416
v 6.42153454 14.11312008 0.74419665
v 6.42096043 14.12040997 0.74415106
v 6.42127609 14.11799431 0.74416620
v 6.42059326 14.13147640 0.74408180
v 6.42039824 14.13635826 0.74405122
v 6.42030573 14.13757515 0.74404359
v 6.42023945 14.13879395 0.74403596
v 6.41998243 14.14370346 0.74400520
v 6.41994286 14.14492321 0.74399757
v 6.41978312 14.14986706 0.74396664
v 6.41973066 14.15466976 0.74393660
v 6.41971779 14.15586185 0.74392915
v 6.42120647 14.15885735 0.74391037
v 6.42123270 14.95445728 0.73892993
v 6.42124653 15.36187840 0.92626125
v 7.85804749 14.15586090 0.74392909
v 7.85655928 14.15885639 0.74391037
v 7.85653257 14.95445728 0.73892999
v 8.06388187 14.95445728 0.73892999
v 7.85651922 15.36187840 0.92626125
v 8.06388187 15.36187840 0.92626125
v 6.42125368 15.56896591 1.14845669
v 6.42107296 15.58627033 1.16702378
v 7.85651159 15.56896591 1.14845657
v 7.85669231 15.58627033 1.16702366
v 8.06388187 15.58627033 1.16702366
v 6.21388340 11.67467499 1.62128556
v 6.21388340 13.07225609 1.25722706
v 6.21388340 13.08220387 1.62128556
v 2.58662987 15.59605598 1.26309800
v 6.21388340 15.58493042 1.62128556
v 2.75234628 15.22422218 1.99360204
v 1.50073898 14.97748470 2.50000000
v 2.40188694 14.76771641 2.50000000
v 2.40245819 14.76771641 2.50000000
v 2.94944835 14.97821808 2.50000000
v 2.95039964 14.97835445 2.50000000
v 2.92034602 15.24191570 2.50000000
v 2.90490723 15.37489414 2.50000000
v 3.15334058 14.76771641 2.50000000
v 7.50033617 11.87481880 1.62128556
v 7.57351971 11.87476826 1.62128556
v 7.57489443 11.87477207 1.62128556
v 8.06388187 11.67467499 1.62128556
v 6.64310408 13.07225609 1.25722706
v 7.81848955 13.07225609 1.25722706
v 7.81872606 13.07306194 1.28673196
v 8.06388187 13.07225609 1.25722706
v 7.01791811 12.23530483 1.62128556
v 6.98293161 12.28211880 1.62128556
v 6.97702694 12.29001999 1.62128556
v 6.95650530 12.31747818 1.62128556
v 6.94273806 12.33707809 1.62128556
v 6.83434677 12.50418568 1.62128556
v 6.83165693 12.50878906 1.62128556
v 6.82380533 12.52222729 1.62128556
v 6.81707287 12.53454399 1.62128556
v 6.80391073 12.55862331 1.62128556
v 6.80153561 12.56296825 1.62128556
v 6.79576111 12.57429409 1.62128556
v 6.91877270 12.37119961 1.62128556
v 6.91452932 12.37724113 1.62128556
v 6.87938690 12.43029022 1.62128556
v 6.86999607 12.44535828 1.62128556
v 6.89415312 12.40799999 1.62128556
v 6.89059877 12.41336632 1.62128556
v 6.85263491 12.47321606 1.62128556
v 6.84951973 12.47821426 1.62128556
v 6.78423023 12.59691334 1.62128556
v 6.78214598 12.60100174 1.62128556
v 6.77716875 12.61150074 1.62128556
v 6.76703644 12.63287640 1.62128556
v 6.75627422 12.65709019 1.62128556
v 6.75467205 12.66074181 1.62128556
v 6.76520300 12.63674450 1.62128556
v 6.75038815 12.67050266 1.62128556
v 6.74657297 12.67993069 1.62128556
v 6.73732615 12.70279312 1.62128556
v 6.73042059 12.72140694 1.62128556
v 6.72917891 12.72475433 1.62128556
v 6.72593975 12.73348427 1.62128556
v 6.71988392 12.75140667 1.62128556
v 6.71355867 12.77088261 1.62128556
v 6.71598911 12.76293278 1.62128556
v 6.71879387 12.75463200 1.62128556
v 6.70828104 12.78814888 1.62128556
v 6.70732498 12.79127693 1.62128556
v 6.70273113 12.80805779 1.62128556
v 6.70190334 12.81108093 1.62128556
v 6.73874378 12.69928741 1.62128556
v 7.12403345 12.10389042 1.62128556
v 7.31465340 11.88182640 1.62128556
v 7.31288958 11.88329220 1.62128556
v 7.32309103 11.87933731 1.62128556
v 7.31599426 11.88118935 1.62128556
v 7.31869459 11.88040257 1.62128556
v 7.32025194 11.87991142 1.62128556
v 7.31833506 11.88050747 1.62128556
v 7.31969881 11.88020515 1.62128556
v 7.32236767 11.87948799 1.62128556
v 7.32170916 11.87969589 1.62128556
v 7.23530722 11.97468090 1.62128556
v 7.32438850 11.87918854 1.62128556
v 7.32751465 11.87883663 1.62128556
v 7.32906628 11.87871265 1.62128556
v 7.33250475 11.87844467 1.62128556
v 7.32575464 11.87905884 1.62128556
v 7.32657480 11.87893963 1.62128556
v 7.33188772 11.87849998 1.62128556
v 7.33082962 11.87859154 1.62128556
v 7.33353519 11.87838364 1.62128556
v 7.33634758 11.87822151 1.62128556
v 7.34001589 11.87803459 1.62128556
v 7.34248972 11.87792015 1.62128556
v 7.33504200 11.87829876 1.62128556
v 7.33447552 11.87832642 1.62128556
v 7.33827591 11.87812138 1.62128556
v 7.33859921 11.87810516 1.62128556
v 7.34213114 11.87793636 1.62128556
v 7.34717131 11.87771130 1.62128556
v 7.34795666 11.87768269 1.62128556
v 7.34479952 11.87782383 1.62128556
v 7.34518719 11.87780762 1.62128556
v 7.34671640 11.87774277 1.62128556
v 7.35015726 11.87760067 1.62128556
v 7.34983778 11.87761211 1.62128556
v 7.35307932 11.87751675 1.62128556
v 7.35812092 11.87735844 1.62128556
v 7.36151791 11.87725353 1.62128556
v 7.35133743 11.87757206 1.62128556
v 7.35628366 11.87740803 1.62128556
v 7.35581160 11.87742424 1.62128556
v 7.36248922 11.87722683 1.62128556
v 7.36101437 11.87726879 1.62128556
v 7.36506701 11.87647152 1.62128556
v 7.36714220 11.87710381 1.62128556
v 7.36778212 11.87639809 1.62128556
v 7.36738110 11.87640953 1.62128556
v 7.36916590 11.87706184 1.62128556
v 7.37250948 11.87697601 1.62128556
v 7.37519884 11.87692451 1.62128556
v 7.37726688 11.87687492 1.62128556
v 7.37932682 11.87682724 1.62128556
v 7.37309694 11.87696075 1.62128556
v 7.37695599 11.87688255 1.62128556
v 7.37901783 11.87683392 1.62128556
v 7.38301563 11.87674713 1.62128556
v 7.38366175 11.87673378 1.62128556
v 7.38808775 11.87667370 1.62128556
v 7.39266634 11.87658310 1.62128556
v 7.38583469 11.87670135 1.62128556
v 7.39197540 11.87659740 1.62128556
v 7.39743662 11.87649632 1.62128556
v 7.39672041 11.87650967 1.62128556
v 7.40214014 11.87645626 1.62128556
v 7.39975262 11.87647343 1.62128556
v 7.41370201 11.87551880 1.62128556
v 7.41041851 11.87556553 1.62128556
v 7.41464853 11.87628174 1.62128556
v 7.41986561 11.87623501 1.62128556
v 7.40709066 11.87637329 1.62128556
v 7.40634012 11.87638569 1.62128556
v 7.41552305 11.87549210 1.62128556
v 7.41939211 11.87567139 1.62128556
v 7.41736460 11.87624454 1.62128556
v 7.10512114 12.12586021 1.62128556
v 7.10529327 12.12565231 1.62128556
v 7.04825020 12.19723415 1.62128556
v 7.05614281 12.18732834 1.62128556
v 7.42503262 11.87616634 1.62128556
v 7.42859221 11.87612343 1.62128556
v 7.43160152 11.87608910 1.62128556
v 7.43881941 11.87606335 1.62128556
v 7.44263744 11.87512398 1.62128556
v 7.44692659 11.87508202 1.62128556
v 7.45325089 11.87530899 1.62128556
v 7.44725466 11.87601089 1.62128556
v 7.45546103 11.87528896 1.62128556
v 7.45097065 11.87597656 1.62128556
v 7.44842100 11.87506771 1.62128556
v 7.45715666 11.87558746 1.62128556
v 7.45909214 11.87557220 1.62128556
v 7.45586300 11.87596893 1.62128556
v 7.46465921 11.87593746 1.62128556
v 7.46230412 11.87554646 1.62128556
v 7.46323013 11.87553978 1.62128556
v 7.48026800 11.87592506 1.62128556
v 7.47918892 11.87587643 1.62128556
v 7.47320318 11.87587929 1.62128556
v 7.48543644 11.87594795 1.62128556
v 7.48226166 11.87591267 1.62128556
v 7.48262167 11.87590981 1.62128556
v 7.49177647 11.87591457 1.62128556
v 7.49080610 11.87592030 1.62128556
v 7.49738646 11.87589073 1.62128556
v 7.49652910 11.87589359 1.62128556
v 7.50708675 11.87501621 1.62128556
v 7.50021887 11.87593460 1.62128556
v 7.50505781 11.87591839 1.62128556
v 7.51158285 11.87512589 1.62128556
v 7.50951099 11.87500858 1.62128556
v 7.51809883 11.87511158 1.62128556
v 7.51033735 11.87596130 1.62128556
v 7.51972723 11.87600231 1.62128556
v 7.52544975 11.87599468 1.62128556
v 7.53091669 11.87561417 1.62128556
v 7.52833748 11.87605953 1.62128556
v 7.52796030 11.87523651 1.62128556
v 7.52915239 11.87605762 1.62128556
v 7.53747654 11.87561035 1.62128556
v 7.53860903 11.87612057 1.62128556
v 7.54276228 11.87585735 1.62128556
v 7.53967667 11.87585545 1.62128556
v 7.54175854 11.87585640 1.62128556
v 7.54802084 11.87613964 1.62128556
v 7.55676699 11.87614250 1.62128556
v 7.55286312 11.87614632 1.62128556
v 7.54622936 11.87585926 1.62128556
v 7.56707048 11.87617016 1.62128556
v 7.57719326 11.87618637 1.62128556
v 7.57281065 11.87614632 1.62128556
v 7.57621193 11.87618256 1.62128556
v 7.58646202 11.87622356 1.62128556
v 7.59183264 11.87625313 1.62128556
v 7.58262205 11.87621021 1.62128556
v 7.58549118 11.87621880 1.62128556
v 7.59468555 11.87626457 1.62128556
v 7.59602833 11.87504292 1.62128556
v 7.60377932 11.87632084 1.62128556
v 7.60095978 11.87507153 1.62128556
v 7.59801674 11.87505436 1.62128556
v 7.60000134 11.87506580 1.62128556
v 7.60229492 11.87507915 1.62128556
v 7.61652422 11.87642002 1.62128556
v 7.61691189 11.87500763 1.62128556
v 7.62653923 11.87651730 1.62128556
v 7.61998653 11.87645245 1.62128556
v 7.62388372 11.87530899 1.62128556
v 7.62379742 11.87648678 1.62128556
v 7.61930037 11.87644577 1.62128556
v 7.63397789 11.87659359 1.62128556
v 7.63983345 11.87593937 1.62128556
v 7.63814497 11.87664223 1.62128556
v 7.63876438 11.87664986 1.62128556
v 7.64589691 11.87524986 1.62128556
v 7.64368629 11.87598324 1.62128556
v 7.64710236 11.87675762 1.62128556
v 7.64549875 11.87600327 1.62128556
v 7.64282322 11.87597370 1.62128556
v 7.65523577 11.87687397 1.62128556
v 7.65166187 11.87542915 1.62128556
v 7.64936399 11.87529087 1.62128556
v 7.65285444 11.87544346 1.62128556
v 7.64998770 11.87529850 1.62128556
v 7.67185020 11.87567711 1.62128556
v 7.66981840 11.87564564 1.62128556
v 7.66954041 11.87564087 1.62128556
v 7.67138100 11.87566948 1.62128556
v 7.67081642 11.87713718 1.62128556
v 7.67447948 11.87571907 1.62128556
v 7.68135166 11.87735844 1.62128556
v 7.67823601 11.87728214 1.62128556
v 7.68063593 11.87734413 1.62128556
v 7.68609858 11.87745094 1.62128556
v 7.68999672 11.87753296 1.62128556
v 7.68540573 11.87743664 1.62128556
v 7.69525099 11.87769032 1.62128556
v 7.69234085 11.87760258 1.62128556
v 7.69460344 11.87767506 1.62128556
v 7.69894695 11.87777519 1.62128556
v 7.71172714 11.87816143 1.62128556
v 7.70931578 11.87804794 1.62128556
v 7.70566082 11.87796783 1.62128556
v 7.70350933 11.87791252 1.62128556
v 7.70143890 11.87786102 1.62128556
v 7.71405745 11.87823200 1.62128556
v 7.71047306 11.87808132 1.62128556
v 7.70785141 11.87802601 1.62128556
v 7.71131992 11.87814903 1.62128556
v 7.70527601 11.87795734 1.62128556
v 7.70319986 11.87790489 1.62128556
v 7.70113182 11.87785244 1.62128556
v 7.71622515 11.87832546 1.62128556
v 7.71705151 11.87834930 1.62128556
v 7.71549892 11.87825966 1.62128556
v 7.73381758 11.87906933 1.62128556
v 7.73146725 11.87897873 1.62128556
v 7.72960329 11.87890244 1.62128556
v 7.72286844 11.87857723 1.62128556
v 7.71947575 11.87846184 1.62128556
v 7.72744942 11.87877750 1.62128556
v 7.72561550 11.87867641 1.62128556
v 7.72916985 11.87888432 1.62128556
v 7.72239304 11.87856007 1.62128556
v 7.71897507 11.87844563 1.62128556
v 7.73216248 11.87900543 1.62128556
v 7.73348045 11.87905407 1.62128556
v 7.73582125 11.87915993 1.62128556
v 7.73903465 11.87935829 1.62128556
v 7.73757792 11.87928581 1.62128556
v 7.73613358 11.87917328 1.62128556
v 7.73648262 11.87924004 1.62128556
v 7.74983740 11.87922096 1.62128556
v 7.74917936 11.87916470 1.62128556
v 7.75073433 11.87929153 1.62128556
v 7.73985815 11.87939835 1.62128556
v 7.74875832 11.88018513 1.62128556
v 7.74647570 11.87995815 1.62128556
v 7.74425745 11.87975502 1.62128556
v 7.74218178 11.87963581 1.62128556
v 7.75287294 11.88060760 1.62128556
v 7.75030375 11.88030052 1.62128556
v 7.74738073 11.88001537 1.62128556
v 7.74850845 11.88016701 1.62128556
v 7.74506617 11.87980843 1.62128556
v 7.74565125 11.87984085 1.62128556
v 7.74048662 11.87948990 1.62128556
v 7.74186182 11.87961769 1.62128556
v 7.76053810 11.88261127 1.62128556
v 7.75847435 11.88178253 1.62128556
v 7.75714731 11.88133335 1.62128556
v 7.75602341 11.88119411 1.62128556
v 7.75759363 11.88142014 1.62128556
v 7.75937223 11.88190079 1.62128556
v 7.76005793 11.88248158 1.62128556
v 7.75509787 11.88093853 1.62128556
v 7.76485062 11.88530445 1.62128556
v 7.76937914 11.88823795 1.62128556
v 7.76371002 11.88347054 1.62128556
v 7.77017021 11.88881874 1.62128556
v 7.79249430 12.50601101 1.62128556
v 6.69810629 12.82574177 1.62128556
v 6.69982243 12.81868076 1.62128556
v 6.69429970 12.84140491 1.62128556
v 6.69361019 12.84424114 1.62128556
v 6.66866684 12.95685196 1.62128556
v 6.64090061 13.08220387 1.62128556
v 7.81808424 13.08220387 1.62128556
v 8.06388187 13.08220387 1.62128556
v 6.41942120 15.58492947 1.62128556
v 7.85834408 15.58492947 1.62128556
v 8.06388187 15.58492947 1.62128556
v 6.41869116 15.69714928 1.62128556
v 6.41729403 15.91199398 1.62128556
v 6.52929640 16.87400436 1.62128556
v 7.73892212 16.97413445 1.62128556
v 7.85907412 15.69715023 1.62128556
v 7.86047125 15.91199398 1.62128556
v 2.63682747 18.45205688 0.50000000
v 1.23420715 20.17975998 0.50000000
v 2.41360688 21.21049118 0.50689501
v 2.43715453 21.20148659 0.50431401
v 2.42527699 21.20574951 0.50553101
v 2.48631144 21.18978310 0.50093102
v 2.49889088 21.18817902 0.50046700
v 2.51152420 21.18713951 0.50015599
v 2.52420235 21.18665504 0.50000203
v 2.53687406 21.18669128 0.50000000
v 2.46145439 21.19457245 0.50231999
v 2.47383213 21.19192505 0.50155097
v 2.44921780 21.19779205 0.50324303
v 2.54954576 21.18729210 0.50015700
v 2.56216669 21.18842506 0.50046700
v 2.57471752 21.19011497 0.50093102
v 2.58717561 21.19234467 0.50155002
v 2.59951520 21.19506454 0.50231898
v 2.61171508 21.19837761 0.50323999
v 2.62374020 21.20217896 0.50431001
v 2.63557124 21.20649529 0.50552899
v 2.64718175 21.21130943 0.50689101
v 2.39100575 21.22144318 0.51004303
v 2.38013220 21.22766304 0.51182199
v 2.35929585 21.24142075 0.51577902
v 2.36953950 21.23430252 0.51373702
v 2.40218091 21.21572685 0.50839800
v 2.34939337 21.24896431 0.51794797
v 2.65856671 21.21659470 0.50839800
v 2.66965246 21.22239685 0.51003999
v 2.68048096 21.22864914 0.51182199
v 2.69099045 21.23533440 0.51373601
v 2.70118642 21.24244881 0.51577801
v 2.71091938 21.24998283 0.51794302
v 3.15334058 18.45205688 0.50000000
v 6.21388340 18.12410545 0.50000000
v 3.98365641 20.17975998 0.50000000
v 6.21388292 19.68043900 0.50000000
v 1.91426301 21.01584244 1.23488903
v 1.87362564 21.04574203 1.24395502
v 2.13571882 20.89327621 1.19772899
v 2.04380751 20.93671036 1.21089804
v 2.08926225 20.91403580 1.20402300
v 2.23123360 20.85769463 1.18693805
v 2.32963443 20.83022308 1.17860305
v 2.28011942 20.84293175 1.18245995
v 2.18307281 20.87448311 1.19202995
v 1.99943709 20.96127129 1.21834397
v 1.95622575 20.98766136 1.22634494
v 2.48100376 20.80469704 1.17085195
v 2.53207040 20.80043030 1.16955197
v 2.58329105 20.79830551 1.16890204
v 2.63455272 20.79832458 1.16890097
v 2.68577123 20.80049706 1.16955197
v 2.73683619 20.80480576 1.17085004
v 2.37969017 20.81960297 1.17537999
v 2.43018007 20.81108856 1.17279506
v 2.78766203 20.81123734 1.17279196
v 2.83814621 20.81979561 1.17537701
v 2.88818550 20.83045959 1.17859995
v 2.93768954 20.84320259 1.18245304
v 2.98657346 20.85800743 1.18693101
v 3.03472877 20.87483978 1.19202304
v 3.08207130 20.89367867 1.19772303
v 3.12849736 20.91447258 1.20401597
v 3.17393732 20.93718147 1.21089005
v 3.21829033 20.96177483 1.21833599
v 3.26147962 20.98819351 1.22633505
v 3.30342722 21.01639938 1.23487794
v 3.34398603 21.04619980 1.24394095
v 2.33983231 21.25687790 0.52023602
v 2.33069229 21.26524544 0.52264303
v 2.32193303 21.27394485 0.52516103
v 2.31360006 21.28301620 0.52778602
v 2.30576706 21.29235840 0.53051198
v 2.26655221 21.39256668 0.55875999
v 2.72073030 21.27633858 0.52263802
v 1.23420715 23.31247330 0.50000000
v 6.21388292 22.97263336 0.50000000
v 3.98365641 23.31247330 0.50000000
v 1.65325153 22.06959534 0.77183402
v 1.66068053 22.05992508 0.76891702
v 1.64630401 22.07959557 0.77483797
v 1.63977814 22.08986855 0.77792102
v 1.63379455 22.10044479 0.78108001
v 1.62828028 22.11126518 0.78430802
v 1.62327802 22.12231827 0.78759801
v 1.61881065 22.13357162 0.79094398
v 1.61484766 22.14501190 0.79434001
v 1.61144245 22.15663338 0.79777902
v 1.60859156 22.16838455 0.80125499
v 1.60628998 22.18025970 0.80476201
v 1.60454845 22.19223022 0.80829400
v 1.60337555 22.20425606 0.81183898
v 1.60276139 22.21634483 0.81539702
v 1.60272658 22.22844505 0.81895900
v 1.60323203 22.24053001 0.82251602
v 1.60435534 22.25260735 0.82606399
v 1.60600960 22.26461220 0.82959300
v 1.60824931 22.27653694 0.83309901
v 1.61101210 22.28836250 0.83657700
v 1.61435068 22.30006409 0.84001702
v 1.61824727 22.31160545 0.84341300
v 1.62265217 22.32296944 0.84675801
v 1.62761152 22.33413315 0.85004801
v 1.63306010 22.34507179 0.85327500
v 1.63902783 22.35577202 0.85643297
v 1.64549220 22.36620522 0.85951900
v 1.65241432 22.37634087 0.86252201
v 1.65981686 22.38617897 0.86543900
v 1.66766381 22.39567566 0.86826199
v 1.67591715 22.40483093 0.87099099
v 1.68461967 22.41362572 0.87361699
v 1.69368184 22.42203331 0.87613302
v 1.70313692 22.43003273 0.87853801
v 1.71287072 22.43756866 0.88082802
v 1.83990014 22.48161507 0.89722401
v 2.84007621 22.61401939 0.93837398
v 2.44066620 22.94853401 1.04233694
v 2.48866272 23.01397705 1.06267595
v 2.50693607 23.04614449 1.06989098
v 2.51669931 23.05352974 1.07205606
v 2.52688122 23.06057930 1.07410097
v 2.53740191 23.06718254 1.07601404
v 2.54821444 23.07333183 1.07779300
v 2.55931616 23.07905006 1.07943904
v 2.57069826 23.08425140 1.08094203
v 2.58230782 23.08898163 1.08230400
v 2.59411550 23.09318733 1.08352304
v 2.60612464 23.09680939 1.08459306
v 2.61835384 23.09991646 1.08551502
v 2.63071966 23.10252380 1.08628702
v 2.64319253 23.10459518 1.08690298
v 2.65573597 23.10615349 1.08736706
v 2.66833639 23.10721397 1.08767998
v 2.68098378 23.10772896 1.08783400
v 2.69363976 23.10773849 1.08783495
v 2.70628262 23.10720444 1.08767796
v 2.71889067 23.10615921 1.08736706
v 2.73142767 23.10459328 1.08690298
v 2.95131612 22.90585327 1.02907300
v 2.91211748 23.00375366 1.05732203
v 2.90427947 23.01298714 1.06004703
v 2.89594269 23.02197456 1.06267595
v 2.87802172 23.03882980 1.06759799
v 2.84832478 23.06115532 1.07409704
v 2.86848855 23.04669380 1.06988800
v 2.85858583 23.05414391 1.07205498
v 2.88719225 23.03059959 1.06519401
v 2.78058839 23.09318733 1.08352005
v 2.82686639 23.07385445 1.07779098
v 2.80421066 23.08449936 1.08094203
v 2.79249167 23.08909416 1.08230305
v 2.81570935 23.07941246 1.07943594
v 2.74390888 23.10251999 1.08628595
v 2.75626111 23.09991074 1.08551395
v 2.76850486 23.09681702 1.08459401
v 2.83774495 23.06774330 1.07601094
v 3.44595456 21.83884048 0.69745702
v 3.50501275 21.85852814 0.70700598
v 3.51473665 21.86597443 0.70929497
v 3.52419996 21.87387085 0.71170098
v 3.53325534 21.88220787 0.71421897
v 3.54194283 21.89089775 0.71684301
v 3.55021787 21.89996910 0.71957201
v 3.55805516 21.90939331 0.72239798
v 3.56545043 21.91914558 0.72531497
v 3.57238626 21.92920876 0.72831798
v 3.57884312 21.93956566 0.73140103
v 3.58481979 21.95018768 0.73455900
v 3.59026361 21.96108437 0.73778498
v 3.59523964 21.97218132 0.74107599
v 3.59962869 21.98352814 0.74442297
v 3.60351038 21.99502754 0.74781698
v 3.60685372 22.00669098 0.75125700
v 3.60962892 22.01850510 0.75473398
v 3.61188531 22.03040695 0.75824100
v 3.61351919 22.04242897 0.76177198
v 3.61461616 22.05449295 0.76531798
v 3.61515021 22.06659508 0.76887500
v 3.61510658 22.07871819 0.77243698
v 3.61450028 22.09082794 0.77599502
v 3.61332774 22.10290146 0.77954298
v 3.61158156 22.11490822 0.78307199
v 3.60927749 22.12683296 0.78657901
v 3.60642481 22.13864326 0.79005498
v 3.60302377 22.15031624 0.79349399
v 3.59907222 22.16184044 0.79689199
v 3.59459543 22.17317581 0.80023801
v 3.58958936 22.18430519 0.80352801
v 3.58410358 22.19520378 0.80675399
v 3.57807183 22.20584679 0.80991298
v 3.55719304 22.23608017 0.81891602
v 3.57157731 22.21623039 0.81299800
v 3.56463051 22.22632027 0.81599998
v 3.54938030 22.24544525 0.82174200
v 8.06388187 18.12410545 0.50000000
v 8.96333313 19.68043900 0.50000000
v 6.65021801 17.92144012 0.79837102
v 7.62754726 17.92144012 0.79837102
v 6.96705723 21.04008293 0.79997098
v 6.55528831 20.82019615 0.88998801
v 8.62193871 20.86071205 0.87382901
v 6.97709227 20.61213684 0.97347701
v 7.83231401 20.27127838 1.11167395
v 7.56674671 21.79806328 0.50000000
v 8.96333313 22.97263336 0.50000000
v 10.00000000 22.50000000 0.00000000
v 12.50000000 22.50000000 0.00000000
v 10.00000000 22.50000000 0.50000000
v 12.50000000 22.50000000 0.50000000
v 10.00000000 25.00000000 0.00000000
v 11.00055885 23.58332825 0.00000000
v 11.08332920 23.50055885 0.00000000
v 11.03786755 23.53786850 0.00000000
v 11.13519478 23.47283554 0.00000000
v 11.19147301 23.45576477 0.00000000
v 11.25000000 23.45000076 0.00000000
v 11.30852699 23.45576477 0.00000000
v 11.36480522 23.47283554 0.00000000
v 11.41667080 23.50055885 0.00000000
v 11.46213245 23.53786850 0.00000000
v 11.49944115 23.58332825 0.00000000
v 10.97283649 23.63519478 0.00000000
v 10.95576477 23.69147301 0.00000000
v 10.94999981 23.75000000 0.00000000
v 10.95576477 23.80852699 0.00000000
v 10.97283649 23.86480522 0.00000000
v 11.00055885 23.91667175 0.00000000
v 11.03786755 23.96213150 0.00000000
v 11.08332920 23.99944115 0.00000000
v 11.13519478 24.02716446 0.00000000
v 11.19147301 24.04423523 0.00000000
v 11.25000000 24.04999924 0.00000000
v 11.30852699 24.04423523 0.00000000
v 11.52716351 23.63519478 0.00000000
v 11.54423523 23.69147301 0.00000000
v 11.55000019 23.75000000 0.00000000
v 11.54423523 23.80852699 0.00000000
v 11.49944115 23.91667175 0.00000000
v 11.41667080 23.99944115 0.00000000
v 11.36480522 24.02716446 0.00000000
v 11.46213245 23.96213150 0.00000000
v 11.52716351 23.86480522 0.00000000
v 11.00055885 23.58332825 0.27499998
v 11.08332920 23.50055885 0.27500001
v 11.03786755 23.53786850 0.27500001
v 11.13519478 23.47283554 0.27500001
v 11.19147301 23.45576477 0.27500001
v 11.25000000 23.45000076 0.27500001
v 11.30852699 23.45576477 0.27500001
v 11.36480522 23.47283554 0.27500001
v 11.41667080 23.50055885 0.27500001
v 11.46213245 23.53786850 0.27500001
v 11.49944115 23.58332825 0.27499998
v 10.97283649 23.63519478 0.27500001
v 10.95576477 23.69147301 0.27500001
v 10.94999981 23.75000000 0.27500001
v 10.95576477 23.80852699 0.27500001
v 10.97283649 23.86480522 0.27500001
v 11.00055885 23.91667175 0.27499998
v 11.03786755 23.96213150 0.27500001
v 11.08332920 23.99944115 0.27500001
v 11.13519478 24.02716446 0.27500001
v 11.19147301 24.04423523 0.27500001
v 11.25000000 24.04999924 0.27500001
v 11.30852699 24.04423523 0.27500001
v 11.52716351 23.63519478 0.27500001
v 11.54423523 23.69147301 0.27500001
v 11.55000019 23.75000000 0.27500001
v 11.54423523 23.80852699 0.27500001
v 11.49944115 23.91667175 0.27499998
v 11.41667080 23.99944115 0.27500001
v 11.36480522 24.02716446 0.27500001
v 11.46213245 23.96213150 0.27500001
v 11.52716351 23.86480522 0.27500001
v 12.50000000 25.00000000 0.00000000
v 10.81347847 23.45832634 0.50000000
v 10.87876892 23.37876892 0.50000000
v 10.76496315 23.54909134 0.50000000
v 10.73508739 23.64757729 0.50000000
v 10.72500038 23.75000000 0.50000000
v 10.73508739 23.85242271 0.50000000
v 10.76496315 23.95090866 0.50000000
v 10.81347847 24.04167366 0.50000000
v 10.00000000 25.00000000 0.50000000
v 10.87876892 24.12123108 0.50000000
v 10.95832539 23.31347847 0.50000000
v 11.04909134 23.26496315 0.50000000
v 11.14757729 23.23508835 0.50000000
v 11.25000000 23.22500038 0.50000000
v 11.35242271 23.23508835 0.50000000
v 11.45090866 23.26496315 0.50000000
v 11.54167461 23.31347847 0.50000000
v 11.62123108 23.37876892 0.50000000
v 11.68652153 23.45832634 0.50000000
v 11.68652153 24.04167366 0.50000000
v 11.73503685 23.54909134 0.50000000
v 11.76491261 23.64757729 0.50000000
v 11.77499962 23.75000000 0.50000000
v 11.76491261 23.85242271 0.50000000
v 11.73503685 23.95090866 0.50000000
v 10.95832539 24.18652153 0.50000000
v 11.04909134 24.23503685 0.50000000
v 11.14757729 24.26491165 0.50000000
v 11.25000000 24.27499962 0.50000000
v 11.35242271 24.26491165 0.50000000
v 11.45090866 24.23503685 0.50000000
v 11.62123108 24.12123108 0.50000000
v 11.54167461 24.18652153 0.50000000
v 12.50000000 25.00000000 0.50000000
v 7.80668020 21.41399574 0.64837199
v 6.97926044 22.05816841 1.20753503
v 7.02362156 22.08208466 1.19810796
v 6.89413214 22.00505447 1.22847295
v 6.93607378 22.03248215 1.21765995
v 6.85351801 21.97595215 1.23994899
v 7.21101713 22.15904045 1.16778100
v 7.30941439 22.18580055 1.15723395
v 7.25990391 22.17342186 1.16211402
v 7.11550236 22.12438393 1.18143904
v 7.06906605 22.10416794 1.18940496
v 7.16285753 22.14268112 1.17422795
v 7.40996170 22.20444679 1.14988399
v 7.35946560 22.19614029 1.15315902
v 7.46078873 22.21068001 1.14742601
v 7.51186800 22.21483803 1.14578497
v 7.56308603 22.21691132 1.14496601
v 7.61435318 22.21690369 1.14496601
v 7.66557837 22.21480560 1.14578998
v 7.71665859 22.21062279 1.14743400
v 7.76748466 22.20435905 1.14989901
v 7.86801147 22.18566895 1.15725398
v 7.91752243 22.17327118 1.16213500
v 7.96639919 22.15886688 1.16780698
v 8.19810963 22.05790329 1.20757198
v 8.06189823 22.12416458 1.18147099
v 8.01456356 22.14249229 1.17425394
v 8.10833168 22.10393143 1.18943906
v 8.15376472 22.08182335 1.19814801
v 8.28322411 22.00474930 1.22852004
v 8.24129105 22.03218842 1.21770501
v 8.32382107 21.97563744 1.23999500
v 7.81797028 22.19604492 1.15317094
v 1.15474367 18.23587990 1.63942397
v 1.31953299 18.24644470 1.61758196
v 1.20679450 18.23991013 1.63052201
v 1.26204526 18.24362564 1.62314606
v 1.37820661 18.24822617 1.61406600
v 1.43691897 18.24890137 1.61272895
v 1.49345088 18.24848938 1.61354494
v 1.54952407 18.24701881 1.61644006
v 1.10641420 18.23220444 1.64950204
v 1.06210947 18.22761917 1.66043496
v 1.02189708 18.22238159 1.67189896
v 0.95324886 18.21100998 1.69541395
v 0.92437899 18.20522499 1.70708501
v 0.98567367 18.21677589 1.68363202
v 1.60326815 18.24456215 1.62127602
v 1.65444481 18.24122238 1.62784398
v 1.70303428 18.23708344 1.63597500
v 1.94362938 18.19962502 1.70926905
v 1.74884796 18.23224640 1.64546204
v 1.79186308 18.22681046 1.65610802
v 1.83209467 18.22086906 1.66772902
v 1.86965954 18.21451187 1.68015504
v 1.90643990 18.20750618 1.69385004
v 1.98126411 18.19080734 1.72653401
v 2.01941133 18.18099213 1.74576104
v 2.05810595 18.17009735 1.76711798
v 2.09738851 18.15804291 1.79076195
v 2.13717079 18.14477158 1.81682301
v 2.17378306 18.13155937 1.84273505
v 2.21402478 18.11588287 1.87354195
v 1.72588933 21.18142319 1.28509605
v 1.83439422 21.07731056 1.25352502
v 1.79664981 21.11049271 1.26358604
v 1.76045454 21.14521599 1.27411401
v 1.69302809 21.21890450 1.29650104
v 6.21388340 18.12410545 1.62128556
v 3.38319969 21.07753563 1.25351405
v 3.42102051 21.11046219 1.26357305
v 3.45729899 21.14494324 1.27410197
v 3.49196267 21.18090820 1.28507996
v 3.52494502 21.21829605 1.29648697
v 2.25414419 18.09895134 1.90680003
v 2.29392958 18.08077049 1.94251502
v 2.33304715 18.06141281 1.98054099
v 2.37110162 18.04099655 2.02062392
v 2.40762854 18.01971054 2.06238508
v 2.44210148 17.99783897 2.10523796
v 2.47392058 17.97577477 2.14837909
v 0.92539620 18.20513344 2.50000000
v 0.95431739 18.21093559 2.50000000
v 0.98680168 18.21674728 2.50000000
v 1.02308321 18.22245598 2.50000000
v 1.08196545 18.23018646 2.50000000
v 1.12817645 18.23499107 2.50000000
v 1.20789087 18.24132919 2.50000000
v 1.26291132 18.24503899 2.50000000
v 1.32012916 18.24784660 2.50000000
v 1.37852359 18.24962044 2.50000000
v 1.43695092 18.25029373 2.50000000
v 1.49319708 18.24988365 2.50000000
v 1.54898345 18.24842072 2.50000000
v 0.57077515 18.45205688 2.50000000
v 0.57107639 18.45205688 2.50000000
v 1.28627980 18.45205688 2.50000000
v 2.50249457 17.95401382 2.19079590
v 2.52705336 17.93331528 2.23096490
v 2.54483843 17.91666031 2.26294398
v 2.55940342 17.90148926 2.29185104
v 2.57264471 17.88594627 2.32132006
v 1.94098532 18.20130348 2.50000000
v 1.60244298 18.24597549 2.50000000
v 1.65334260 18.24265480 2.50000000
v 1.70166397 18.23853874 2.50000000
v 1.74721992 18.23373032 2.50000000
v 1.78999138 18.22832870 2.50000000
v 1.82999492 18.22242546 2.50000000
v 1.86735368 18.21610832 2.50000000
v 1.90395391 18.20914459 2.50000000
v 1.97848284 18.19252777 2.50000000
v 2.01651883 18.18275070 2.50000000
v 2.05512547 18.17189026 2.50000000
v 2.09434915 18.15986633 2.50000000
v 2.13410354 18.14661789 2.50000000
v 2.29104686 18.08261108 2.50000000
v 2.33029056 18.06321907 2.50000000
v 2.17070866 18.13342285 2.50000000
v 2.21098495 18.11775017 2.50000000
v 2.25116658 18.10081291 2.50000000
v 2.58358812 17.87125015 2.34893990
v 2.59283471 17.85690880 2.37582707
v 2.60085058 17.84242439 2.40316701
v 2.60952783 17.82373047 2.43901300
v 2.52552581 17.93458748 2.50000000
v 2.52214217 17.93737602 2.50000000
v 2.52789831 17.93243790 2.50000000
v 2.50074077 17.95540237 2.50000000
v 2.62116504 17.79244804 2.50000000
v 2.62067175 17.79388428 2.49737501
v 2.62065935 17.79390144 2.50000000
v 2.60957408 17.82323837 2.50000000
v 2.60923743 17.82411003 2.50000000
v 2.60080838 17.84213257 2.50000000
v 2.59994721 17.84371567 2.50000000
v 2.60036588 17.84301758 2.50000000
v 2.58349633 17.87107277 2.50000000
v 2.58277678 17.87211227 2.50000000
v 2.58191299 17.87320518 2.50000000
v 2.55667830 17.90413284 2.50000000
v 2.55824018 17.90257263 2.50000000
v 2.55962825 17.90102005 2.50000000
v 2.57166338 17.88691902 2.50000000
v 2.59218717 17.85764694 2.50000000
v 2.54349732 17.91783905 2.50000000
v 2.40521240 18.02139664 2.50000000
v 2.43989253 17.99943924 2.50000000
v 2.36850190 18.04275131 2.50000000
v 2.47193527 17.97727585 2.50000000
v 1.23420715 20.17975998 2.50000000
v 1.55497599 21.06830215 2.50000000
v 1.53333330 21.11688614 2.50000000
v 1.51373994 21.16640091 2.50000000
v 1.49621713 21.21675301 2.50000000
v 1.87315309 20.65338707 2.50000000
v 1.91382122 20.62072563 2.50000000
v 1.83388817 20.68786621 2.50000000
v 1.79610610 20.72410774 2.50000000
v 1.75987053 20.76203156 2.50000000
v 2.04344893 20.53427696 2.50000000
v 2.13541150 20.48681068 2.50000000
v 2.08892894 20.50950050 2.50000000
v 2.32943797 20.41786575 2.50000000
v 2.18279243 20.46626854 2.50000000
v 2.23097944 20.44791412 2.50000000
v 2.27989316 20.43177032 2.50000000
v 1.99905121 20.56111145 2.50000000
v 1.95581317 20.58994293 2.50000000
v 1.72525883 20.80157852 2.50000000
v 1.69232011 20.84265327 2.50000000
v 1.66113782 20.88520050 2.50000000
v 1.63175976 20.92911339 2.50000000
v 1.60423255 20.97432899 2.50000000
v 1.57862067 21.02075386 2.50000000
v 2.37952328 20.40624619 2.50000000
v 2.43004537 20.39692116 2.50000000
v 2.48090076 20.38991737 2.50000000
v 2.53200126 20.38523102 2.50000000
v 2.58325648 20.38288689 2.50000000
v 2.63455343 20.38288307 2.50000000
v 2.68580723 20.38523102 2.50000000
v 2.73690867 20.38991356 2.50000000
v 2.78777099 20.39691353 2.50000000
v 2.83829165 20.40623474 2.50000000
v 2.88836861 20.41785622 2.50000000
v 2.93791080 20.43174362 2.50000000
v 2.98683381 20.44789124 2.50000000
v 3.03502846 20.46624756 2.50000000
v 3.08241248 20.48679543 2.50000000
v 3.15334058 18.45205688 2.50000000
v 3.57755923 20.17975998 2.50000000
v 3.98365641 20.17975998 2.50000000
v 3.12888122 20.50947571 2.50000000
v 3.17436481 20.53425217 2.50000000
v 3.21876621 20.56108475 2.50000000
v 3.26200485 20.58990860 2.50000000
v 3.30400610 20.62069130 2.50000000
v 3.34466767 20.65334320 2.50000000
v 3.38393617 20.68782997 2.50000000
v 3.42171907 20.72406197 2.50000000
v 3.45795560 20.76198578 2.50000000
v 3.49257445 20.80151939 2.50000000
v 3.52551031 20.84260178 2.50000000
v 3.55670071 20.88514328 2.50000000
v 3.58608437 20.92906189 2.50000000
v 3.61360836 20.97426414 2.50000000
v 3.63922048 21.02069473 2.50000000
v 3.66287112 21.06823921 2.50000000
v 3.68451715 21.11681366 2.50000000
v 3.70411563 21.16633034 2.50000000
v 3.72163296 21.21669388 2.50000000
v 6.21388292 19.68043900 2.50000000
v 1.55546439 21.42432213 1.35917795
v 1.53376567 21.46859550 1.37267601
v 1.51411986 21.51373482 1.38643301
v 1.49654853 21.55964851 1.40042400
v 1.48111367 21.60627174 1.41462696
v 1.45670033 21.70123100 1.44354796
v 1.46781790 21.65349007 1.42901003
v 1.44778037 21.74939728 1.45821297
v 1.44108188 21.79789925 1.47297704
v 1.43660176 21.84663582 1.48781204
v 1.43435979 21.89552116 1.50268805
v 1.43435335 21.94443321 1.51758099
v 1.43660414 21.99337769 1.53245604
v 1.44109476 22.04219818 1.54729199
v 1.44780111 22.09078026 1.56205499
v 1.66186643 21.25760460 1.30831695
v 1.63242793 21.29756546 1.32051396
v 1.60483980 21.33872604 1.33307397
v 1.57916772 21.38100433 1.34596896
v 1.45672762 22.13905144 1.57672095
v 1.46785927 22.18689537 1.59125698
v 1.48115790 22.23423767 1.60564005
v 1.49661171 22.28098488 1.61984205
v 1.51418197 22.32704926 1.63383603
v 1.53384662 22.37233925 1.64759302
v 1.55556369 22.41676140 1.66108799
v 1.57929170 22.46023178 1.67429602
v 1.60497296 22.50267982 1.68719304
v 1.63258457 22.54401016 1.69975197
v 1.66204500 22.58414650 1.71194994
v 1.69331300 22.62300491 1.72376204
v 1.72631896 22.66052628 1.73517001
v 1.76101243 22.69662476 1.74614704
v 1.79732084 22.73123741 1.75667703
v 1.83516049 22.76429367 1.76673603
v 1.87437403 22.79569054 1.77630901
v 1.91492534 22.82540131 1.78537202
v 1.95682943 22.85345459 1.79391503
v 1.99998665 22.87972641 1.80191398
v 2.04430366 22.90417862 1.80936003
v 2.08970928 22.92676544 1.81623697
v 2.13611460 22.94743538 1.82253003
v 2.18341875 22.96614838 1.82822704
v 2.23137951 22.98282433 1.83331895
v 3.55618310 21.25703239 1.30830300
v 3.58561420 21.29703712 1.32050097
v 3.61318469 21.33822823 1.33305705
v 3.63884211 21.38055229 1.34595394
v 3.66253567 21.42390442 1.35916102
v 3.68422174 21.46821213 1.37265694
v 3.70385695 21.51338959 1.38641405
v 3.72140718 21.55935478 1.40040803
v 3.73683596 21.60601044 1.41460896
v 3.75011444 21.65327263 1.42899299
v 3.76121902 21.70105362 1.44353199
v 3.77012563 21.74924850 1.45819497
v 3.77682137 21.79779053 1.47296095
v 3.78128839 21.84656143 1.48779404
v 3.78352308 21.89548302 1.50267196
v 3.78351045 21.94441986 1.51756096
v 3.78124905 21.99340057 1.53243804
v 3.77675009 22.04224396 1.54727197
v 3.77002335 22.09086037 1.56203699
v 3.76107907 22.13914871 1.57670200
v 3.74993610 22.18702126 1.59124005
v 3.70354342 22.32722092 1.63381898
v 3.73661470 22.23438072 1.60562301
v 3.72114182 22.28114891 1.61982596
v 3.68385649 22.37251472 1.64757705
v 3.66211915 22.41693497 1.66107202
v 3.63837218 22.46040916 1.67428100
v 3.61266279 22.50284004 1.68717599
v 3.58504128 22.54415703 1.69973505
v 3.55556273 22.58427238 1.71193302
v 3.52436566 22.62304497 1.72374904
v 3.49151301 22.66044235 1.73515403
v 3.45694971 22.69649887 1.74613595
v 3.42077255 22.73106956 1.75666404
v 3.30323505 22.82532120 1.78536403
v 3.26129460 22.85337448 1.79390395
v 3.38304901 22.76410675 1.76672494
v 3.34384155 22.79554749 1.77629805
v 3.21811008 22.87965202 1.80190504
v 3.17381835 22.90408134 1.80935204
v 1.48082626 21.26787186 2.50000000
v 1.46756935 21.31962776 2.50000000
v 1.45648527 21.37194633 2.50000000
v 1.44759333 21.42471886 2.50000000
v 1.44091678 21.47784805 2.50000000
v 1.43645287 21.53122711 2.50000000
v 1.43422127 21.58475876 2.50000000
v 1.43420863 21.63787651 2.50000000
v 1.43667924 21.84320259 2.50000000
v 1.43428552 21.94412041 2.50000000
v 1.43653321 21.99307442 2.50000000
v 1.44101965 22.04190063 2.50000000
v 1.44772089 22.09048653 2.50000000
v 1.45664084 22.13875961 2.50000000
v 1.46776474 22.18660355 2.50000000
v 1.48105431 22.23394394 2.50000000
v 1.49649775 22.28068924 2.50000000
v 1.51405632 22.32675171 2.50000000
v 1.53370810 22.37203598 2.50000000
v 1.55541110 22.41645622 2.50000000
v 1.23420715 22.77208710 2.50000000
v 1.57912397 22.45992470 2.50000000
v 1.60478950 22.50237083 2.50000000
v 1.63238466 22.54370117 2.50000000
v 1.66182852 22.58383942 2.50000000
v 1.69307983 22.62270164 2.50000000
v 1.72606969 22.66023064 2.50000000
v 1.76074767 22.69633865 2.50000000
v 1.79704177 22.73096275 2.50000000
v 1.83486891 22.76403236 2.50000000
v 1.87410688 22.79546547 2.50000000
v 1.91470587 22.82521439 2.50000000
v 1.95664299 22.85328484 2.50000000
v 1.99982941 22.87957191 2.50000000
v 2.04417276 22.90403557 2.50000000
v 2.08960199 22.92663383 2.50000000
v 2.13602781 22.94731331 2.50000000
v 2.18334985 22.96603584 2.50000000
v 2.23136806 22.98272896 2.50000000
v 2.40792179 23.03639603 2.50000000
v 2.59230471 23.09624100 2.50000000
v 2.60442066 23.09988213 2.50000000
v 2.61689758 23.10306358 2.50000000
v 2.62952399 23.10573196 2.50000000
v 2.64225841 23.10785675 2.50000000
v 2.65506411 23.10945320 2.50000000
v 2.66793776 23.11053276 2.50000000
v 2.68085909 23.11106110 2.50000000
v 2.69378996 23.11106491 2.50000000
v 2.70670938 23.11051941 2.50000000
v 2.71958899 23.10944366 2.50000000
v 2.73239565 23.10783958 2.50000000
v 2.74514461 23.10570526 2.50000000
v 2.75776315 23.10303688 2.50000000
v 2.77026129 23.09985924 2.50000000
v 2.78260136 23.09614372 2.50000000
v 2.79473996 23.09194565 2.50000000
v 2.80669332 23.08724022 2.50000000
v 2.81842041 23.08203316 2.50000000
v 3.00694895 22.98560143 2.50000000
v 1.23420715 23.31247330 2.50000000
v 3.73703313 21.26780510 2.50000000
v 3.75028777 21.31956863 2.50000000
v 3.76137352 21.37188911 2.50000000
v 3.77026606 21.42465210 2.50000000
v 3.77695346 21.47778702 2.50000000
v 3.78141761 21.53116417 2.50000000
v 3.78365493 21.58469963 2.50000000
v 3.78117132 21.80938148 2.50000000
v 3.78118634 21.84317017 2.50000000
v 3.78358150 21.94408226 2.50000000
v 3.78133035 21.99305725 2.50000000
v 3.77684307 22.04189301 2.50000000
v 3.77012968 22.09050179 2.50000000
v 3.75007439 22.18664551 2.50000000
v 3.76120043 22.13878250 2.50000000
v 3.70374131 22.32682419 2.50000000
v 3.68407679 22.37211418 2.50000000
v 3.66236281 22.41653442 2.50000000
v 3.73677135 22.23399734 2.50000000
v 3.72131824 22.28075981 2.50000000
v 3.61295390 22.50244331 2.50000000
v 3.63863945 22.46000862 2.50000000
v 3.55589986 22.58389282 2.50000000
v 3.58535576 22.54376793 2.50000000
v 3.52468944 22.62270927 2.50000000
v 3.21820784 22.87951279 2.50000000
v 3.30337119 22.82515335 2.50000000
v 3.26141024 22.85322189 2.50000000
v 3.38323474 22.76390076 2.50000000
v 3.45719552 22.69624329 2.50000000
v 3.49179339 22.66015816 2.50000000
v 3.42098689 22.73084068 2.50000000
v 3.34400105 22.79536057 2.50000000
v 3.17388320 22.90396118 2.50000000
v 6.21388292 22.97263336 2.50000000
v 3.98365641 23.31247330 2.50000000
v 6.64901352 17.92253113 1.62128556
v 7.62875175 17.92253113 1.62128556
v 8.06388187 18.12410545 1.62128556
v 7.61046839 19.88328934 1.26381695
v 6.42071915 21.24695969 1.52987599
v 6.41623688 21.19965363 1.54865694
v 8.75653172 21.24678612 1.52995396
v 8.76100826 21.19947624 1.54873204
v 6.47632980 20.77766800 1.71581101
v 6.42073250 21.00974846 1.62395501
v 6.41399145 21.10472679 1.58634400
v 6.41399240 21.15221024 1.56748903
v 6.41624308 21.05717278 1.60517704
v 6.42745447 20.96253204 1.64264798
v 6.43639135 20.91562843 1.66121399
v 6.44753218 20.86912346 1.67961895
v 6.46085310 20.82310486 1.69783103
v 6.49393368 20.73290062 1.73352599
v 6.51362896 20.68888855 1.75094295
v 6.53537941 20.64571190 1.76803100
v 6.55914402 20.60346222 1.78475404
v 6.61251831 20.52207184 1.81698000
v 6.58487320 20.56221962 1.80108094
v 6.64202547 20.48308372 1.83242404
v 6.70638990 20.40891266 1.86182296
v 6.67333651 20.44534111 1.84738100
v 8.70078754 20.77740860 1.71588302
v 8.75645542 21.00951576 1.62403405
v 8.76323032 21.10451889 1.58642006
v 8.76323795 21.15200615 1.56756902
v 8.76095581 21.05695534 1.60525203
v 8.74972439 20.96229362 1.64272404
v 8.74076939 20.91537857 1.66128898
v 8.71627426 20.82284737 1.69790494
v 8.72960949 20.86886597 1.67969596
v 8.53498077 20.48286247 1.83248603
v 8.56450462 20.52183533 1.81704497
v 8.47059441 20.40872002 1.86187994
v 8.50365448 20.44513130 1.84744096
v 8.59215927 20.56198120 1.80114603
v 8.68316269 20.73263931 1.73359704
v 8.66344738 20.68862343 1.75101495
v 8.64168262 20.64545441 1.76810002
v 8.61790657 20.60320854 1.78482199
v 6.81496191 20.30838013 1.90179205
v 6.85410023 20.27789497 1.91391397
v 6.89465094 20.24902916 1.92539001
v 6.93653584 20.22182655 1.93620503
v 6.97966719 20.19634056 1.94633698
v 7.02382708 20.17270279 1.95576096
v 6.77732658 20.34035683 1.88905597
v 6.74111557 20.37387085 1.87572300
v 8.19748878 20.19630241 1.94637406
v 8.36219978 20.30827713 1.90184605
v 8.32304001 20.27780533 1.91395998
v 8.28247166 20.24894142 1.92543602
v 8.24057674 20.22174263 1.93624902
v 8.39987183 20.34031105 1.88910794
v 8.43597507 20.37377167 1.87578106
v 6.81467867 20.30866814 2.50000000
v 7.02374077 20.17285919 2.50000000
v 6.89445019 20.24925804 2.50000000
v 6.85386086 20.27815056 2.50000000
v 6.93636990 20.22203255 2.50000000
v 6.97953176 20.19652367 2.50000000
v 7.71870375 19.68043900 2.50000000
v 7.34192514 20.01596642 2.50000000
v 7.61049557 19.88153648 2.50000000
v 6.61225224 20.52248573 2.50000000
v 6.53518820 20.64611053 2.50000000
v 6.58463240 20.56263161 2.50000000
v 6.55892849 20.60387039 2.50000000
v 6.51346111 20.68927574 2.50000000
v 6.49378777 20.73327637 2.50000000
v 6.47620344 20.77803040 2.50000000
v 6.70605135 20.40930748 2.50000000
v 6.77698994 20.34069443 2.50000000
v 6.74075651 20.37425232 2.50000000
v 6.67302084 20.44574738 2.50000000
v 6.64173412 20.48349571 2.50000000
v 6.43631172 20.91595268 2.50000000
v 6.42738628 20.96284676 2.50000000
v 6.42067385 21.01005745 2.50000000
v 6.46074486 20.82345390 2.50000000
v 6.44743919 20.86945915 2.50000000
v 6.41619158 21.05747986 2.50000000
v 6.41394567 21.10503387 2.50000000
v 6.41622066 21.22167587 2.50000000
v 7.95268345 20.06456757 2.50000000
v 8.19760036 20.19647598 2.50000000
v 8.24072456 20.22193909 2.50000000
v 8.28265095 20.24916267 2.50000000
v 8.32325554 20.27805328 2.50000000
v 8.36245537 20.30855560 2.50000000
v 8.96333313 19.68043900 2.50000000
v 8.40017128 20.34062386 2.50000000
v 8.43632793 20.37413788 2.50000000
v 8.47096539 20.40913200 2.50000000
v 8.50400257 20.44555664 2.50000000
v 8.53530312 20.48329544 2.50000000
v 8.56480122 20.52227402 2.50000000
v 8.59242821 20.56241989 2.50000000
v 8.61814785 20.60364532 2.50000000
v 8.64189720 20.64588356 2.50000000
v 8.66363716 20.68904114 2.50000000
v 8.68332767 20.73304558 2.50000000
v 8.70092964 20.77779961 2.50000000
v 8.71639633 20.82322502 2.50000000
v 8.72971344 20.86922836 2.50000000
v 8.74085712 20.91572571 2.50000000
v 8.74979877 20.96262932 2.50000000
v 8.75651836 21.00984001 2.50000000
v 8.76101017 21.05727386 2.50000000
v 8.76327705 21.10483360 2.50000000
v 8.76100159 21.22145653 2.50000000
v 6.58457041 21.69226837 1.35276401
v 6.51345110 21.56639671 1.40289402
v 6.53516436 21.60931396 1.38580894
v 6.55888605 21.65129089 1.36909103
v 6.81431866 21.94523239 1.25206399
v 6.77661037 21.91294479 1.26480198
v 6.74049807 21.87935257 1.27812803
v 6.67290258 21.80835342 1.30646801
v 6.64163494 21.77087402 1.32142305
v 6.70591068 21.84452248 1.29202902
v 6.61217165 21.73215675 1.33686399
v 6.47621870 21.47809601 1.43802595
v 6.46076918 21.43288231 1.45600402
v 6.44747210 21.38707352 1.47421396
v 6.49379063 21.52262497 1.42031205
v 6.43635130 21.34075546 1.49261999
v 6.42742729 21.29402351 1.51118505
v 8.59281540 21.69224548 1.35283196
v 8.36300087 21.94489861 1.25211799
v 8.40065289 21.91278076 1.26485300
v 8.43683815 21.87937355 1.27818704
v 8.50452137 21.80838394 1.30652797
v 8.53577995 21.77088928 1.32148504
v 8.47151661 21.84457016 1.29208601
v 8.56522751 21.73215103 1.33692896
v 8.66389370 21.56632423 1.40296698
v 8.61848450 21.65126419 1.36915600
v 8.64219284 21.60926247 1.38587797
v 8.70109653 21.47799492 1.43809903
v 8.71653175 21.43276787 1.45607901
v 8.72982025 21.38694191 1.47429001
v 8.68354511 21.52254295 1.42038298
v 8.74093056 21.34061241 1.49269605
v 8.74983788 21.29386330 1.51126206
v 6.41388416 21.47644043 2.50000000
v 6.41389608 21.53116417 2.50000000
v 6.41613340 21.58625603 2.50000000
v 6.42059946 21.64120293 2.50000000
v 6.42728281 21.69588280 2.50000000
v 6.43617439 21.75020027 2.50000000
v 6.44725323 21.80405426 2.50000000
v 6.46050167 21.85733414 2.50000000
v 6.47589397 21.90994263 2.50000000
v 6.49340153 21.96178055 2.50000000
v 6.51299095 22.01275635 2.50000000
v 6.53462696 22.06276321 2.50000000
v 6.55826616 22.11170197 2.50000000
v 6.58386564 22.15949821 2.50000000
v 6.61137819 22.20605087 2.50000000
v 6.64075327 22.25126648 2.50000000
v 6.67193317 22.29506302 2.50000000
v 6.70485687 22.33735466 2.50000000
v 6.73947001 22.37807465 2.50000000
v 6.77569342 22.41712189 2.50000000
v 6.81347036 22.45445061 2.50000000
v 6.85273123 22.48995972 2.50000000
v 6.89340210 22.52359962 2.50000000
v 6.93539810 22.55530167 2.50000000
v 6.97863436 22.58498955 2.50000000
v 7.02304411 22.61263466 2.50000000
v 7.06853485 22.63816261 2.50000000
v 7.11501789 22.66153145 2.50000000
v 7.16241789 22.68268776 2.50000000
v 7.21062374 22.70160294 2.50000000
v 7.25955772 22.71823311 2.50000000
v 7.30911827 22.73255348 2.50000000
v 7.35921907 22.74451447 2.50000000
v 7.40976715 22.75412560 2.50000000
v 7.46064758 22.76134300 2.50000000
v 7.51178122 22.76616096 2.50000000
v 7.56305361 22.76856232 2.50000000
v 7.61437559 22.76856232 2.50000000
v 7.66565657 22.76614571 2.50000000
v 7.71679163 22.76132011 2.50000000
v 7.76767254 22.75408363 2.50000000
v 8.59346676 22.15929985 2.50000000
v 8.76097584 21.25559807 2.50000000
v 8.76333237 21.53092766 2.50000000
v 8.76110744 21.58603668 2.50000000
v 8.75664330 21.64097595 2.50000000
v 8.74997044 21.69565964 2.50000000
v 8.74109173 21.74997902 2.50000000
v 8.73001957 21.80383301 2.50000000
v 8.71677589 21.85711861 2.50000000
v 8.70139313 21.90972900 2.50000000
v 8.68390179 21.96157265 2.50000000
v 8.66431618 22.01254463 2.50000000
v 8.64268684 22.06256104 2.50000000
v 8.61905670 22.11151314 2.50000000
v 8.19876289 22.58488083 2.50000000
v 8.10887814 22.63806152 2.50000000
v 8.15436459 22.61251831 2.50000000
v 8.56596279 22.20586014 2.50000000
v 8.53660107 22.25108528 2.50000000
v 8.50542641 22.29488945 2.50000000
v 8.47250271 22.33719063 2.50000000
v 8.43790245 22.37790680 2.50000000
v 8.40167522 22.41697311 2.50000000
v 8.28399658 22.52346230 2.50000000
v 8.36390781 22.45429039 2.50000000
v 8.32465744 22.48982048 2.50000000
v 8.24200249 22.55516815 2.50000000
v 7.81821108 22.74448013 2.50000000
v 7.86830521 22.73249435 2.50000000
v 7.96679544 22.70152855 2.50000000
v 7.91786766 22.71817017 2.50000000
v 8.01500893 22.68260956 2.50000000
v 8.06239510 22.66143608 2.50000000
v 8.96333313 22.97263336 2.50000000
f 3883 3882 3679
f 4259 3895 3896
f 4259 3896 3897
f 4259 3897 3898
f 4259 3898 3900
f 3665 3666 3860
f 3665 3860 3664
f 3862 3666 3667
f 3862 3667 3668
f 3881 3868 3674
f 3882 3881 3676
f 3894 3895 4259
f 3884 3883 3677
f 3884 3677 3885
f 3668 3669 3864
f 3670 3864 3669
f 3866 3670 3671
f 3866 3671 3672
f 3674 3868 3672
f 3881 3674 3675
f 3881 3675 3676
f 4257 3654 3655
f 3661 3654 3662
f 3658 3660 3659
f 3660 3656 3661
f 3662 3654 3897
f 3612 3613 4258
f 4258 3613 3614
f 4258 3614 3615
f 4258 3615 3652
f 3652 3653 4257
f 4257 3653 3654
f 3885 3686 3886
f 4257 3655 3656
f 4257 3656 3657
f 4257 3657 3658
f 4257 3658 3659
f 4257 3659 3660
f 4257 3660 3661
f 4257 3661 3662
f 4257 3662 3893
f 4257 3893 3894
f 3680 3698 3699
f 3686 3678 3748
f 3687 3686 3748
f 3689 3888 3688
f 3890 3689 3690
f 3691 3890 3690
f 3688 3687 3760
f 3689 3688 3760
f 3690 3689 3750
f 3697 3891 3691
f 3698 3673 3697
f 3678 3677 3746
f 3683 3682 3702
f 3683 3702 3684
f 3684 3709 3685
f 3685 3711 3692
f 3692 3712 3693
f 3693 3713 3694
f 3694 3713 3695
f 3697 3691 3751
f 3691 3690 3750
f 3679 3676 3744
f 3886 3686 3887
f 3887 3688 3888
f 3888 3689 3889
f 3889 3689 3890
f 3890 3691 3891
f 3675 3674 3743
f 3882 3676 3679
f 3883 3679 3677
f 3885 3677 3678
f 3676 3675 3744
f 3658 3656 3660
f 3677 3679 3746
f 3686 3885 3678
f 3887 3686 3687
f 3688 3887 3687
f 3892 3891 3697
f 3892 3697 3673
f 3680 3673 3698
f 3681 3680 3700
f 3682 3681 3701
f 3587 3648 3649
f 3624 3625 3623
f 3833 3579 3623
f 3637 3576 3636
f 3637 3638 3578
f 3639 3578 3638
f 3639 3640 3580
f 3580 3640 3641
f 3642 3580 3641
f 3643 3581 3642
f 3647 3648 3587
f 3618 3845 3619
f 3650 3587 3649
f 3618 3650 3843
f 3618 3843 3844
f 3845 3618 3844
f 3646 3647 3584
f 3620 3845 3846
f 3847 3620 3846
f 3623 3847 3848
f 3623 3848 3842
f 3617 3616 3618
f 3614 3651 3615
f 3581 3643 3645
f 3644 3581 3645
f 3644 3646 3584
f 3582 3580 3642
f 3582 3642 3581
f 3584 3581 3644
f 3585 3584 3647
f 3587 3585 3647
f 3623 3583 3617
f 3849 3623 3842
f 3620 3618 3619
f 3621 3617 3620
f 3617 3618 3620
f 3617 3621 3623
f 3577 3579 3833
f 3621 3622 3623
f 3616 3587 3650
f 3616 3650 3618
f 3619 3845 3620
f 3855 3640 3639
f 3630 3629 3871
f 3833 3623 3635
f 3643 3860 3645
f 3645 3860 3644
f 3644 3862 3646
f 3646 3862 3647
f 3639 3858 3855
f 3641 3855 3856
f 3642 3856 3857
f 3855 3641 3640
f 3631 3630 3871
f 3856 3642 3641
f 3642 3857 3643
f 3654 3422 3897
f 3615 3651 3652
f 3652 3651 3653
f 3653 3651 3654
f 3654 3656 3655
f 3656 3654 3661
f 3656 3658 3657
f 3630 3627 3628
f 3624 3849 3850
f 3622 3621 3847
f 3847 3621 3620
f 3623 3622 3847
f 3624 3623 3849
f 3625 3624 3852
f 3625 3626 3627
f 3623 3625 3634
f 3627 3626 3628
f 3627 3630 3625
f 3698 3697 3779
f 3630 3628 3629
f 3625 3630 3633
f 3623 3634 3635
f 3634 3625 3633
f 3633 3630 3631
f 3633 3631 3632
f 3626 3625 3854
f 3628 3626 3854
f 3629 3628 3871
f 3780 3698 3779
f 3758 3760 3757
f 3750 3785 3786
f 3755 3754 3803
f 3756 3755 3803
f 3756 3805 3757
f 3689 3760 3749
f 3750 3689 3749
f 3751 3691 3750
f 3751 3752 3697
f 3779 3697 3752
f 3785 3760 3758
f 3738 3761 3764
f 3765 3738 3764
f 3765 3762 3740
f 3763 3740 3762
f 3766 3742 3763
f 3756 3803 3804
f 3770 3763 3762
f 3763 3770 3766
f 3769 3770 3762
f 3750 3749 3785
f 3747 3678 3746
f 3735 3734 3740
f 3743 3735 3740
f 3748 3678 3747
f 3687 3748 3759
f 3760 3687 3759
f 3748 3747 3756
f 3759 3748 3757
f 3760 3759 3757
f 3749 3760 3785
f 3810 3767 3766
f 3751 3750 3787
f 3752 3751 3787
f 3755 3746 3754
f 3754 3746 3753
f 3756 3747 3755
f 3757 3748 3756
f 3741 3742 3766
f 3753 3741 3766
f 3753 3768 3754
f 3786 3808 3787
f 3752 3787 3788
f 3789 3752 3788
f 3757 3806 3758
f 3785 3758 3806
f 3785 3808 3786
f 3787 3815 3788
f 3788 3816 3789
f 3780 3789 3790
f 3797 3780 3790
f 3798 3781 3797
f 3787 3750 3786
f 3781 3700 3780
f 3701 3781 3782
f 3783 3701 3782
f 3784 3702 3783
f 3791 3709 3784
f 3792 3710 3791
f 3792 3793 3712
f 3794 3712 3793
f 3795 3713 3794
f 3824 3823 3778
f 3766 3770 3809
f 3753 3766 3767
f 3768 3753 3767
f 3768 3803 3754
f 3811 3772 3773
f 3822 3821 3776
f 3823 3822 3777
f 3813 3773 3774
f 3774 3775 3813
f 3776 3821 3775
f 3746 3679 3745
f 3825 3824 3969
f 3777 3822 3776
f 3778 3823 3777
f 3824 3778 3969
f 3779 3752 3789
f 3780 3779 3789
f 3781 3780 3797
f 3782 3781 3798
f 3783 3782 3798
f 3717 3963 3718
f 3721 3696 3720
f 3722 3703 3721
f 3711 3710 3792
f 3711 3792 3712
f 3712 3794 3713
f 3706 3724 3707
f 3707 3725 3708
f 3708 3961 3715
f 3715 3961 3716
f 3716 3962 3717
f 3696 3714 3720
f 3705 3722 3723
f 3724 3705 3723
f 3714 3713 3795
f 3720 3714 3796
f 3721 3720 3796
f 3725 3707 3724
f 3708 3725 3960
f 3961 3708 3960
f 3722 3721 3990
f 3703 3696 3721
f 3700 3680 3699
f 3701 3681 3700
f 3702 3682 3701
f 3699 3698 3780
f 3700 3699 3780
f 3700 3781 3701
f 3709 3684 3702
f 3711 3685 3710
f 3710 3685 3709
f 3696 3695 3714
f 3722 3992 3723
f 3704 3703 3722
f 3705 3704 3722
f 3706 3705 3724
f 3712 3692 3711
f 3713 3693 3712
f 3714 3695 3713
f 3702 3701 3783
f 3709 3702 3784
f 3710 3709 3791
f 3738 3739 3734
f 3731 3730 3736
f 3731 3736 3732
f 3733 3732 3738
f 3733 3738 3734
f 3730 3728 3736
f 3744 3743 3742
f 3744 3753 3745
f 3745 3753 3746
f 3746 3755 3747
f 3738 3732 3737
f 3744 3675 3743
f 3740 3734 3739
f 3737 3761 3738
f 3742 3743 3740
f 3744 3742 3741
f 3753 3744 3741
f 3739 3738 3765
f 3740 3739 3765
f 3740 3763 3742
f 3744 3745 3679
f 3670 3669 3732
f 3723 3992 3724
f 3666 3665 3727
f 3667 3666 3729
f 3727 3665 3726
f 3729 3666 3727
f 3730 3731 3668
f 3730 3668 3729
f 3668 3667 3729
f 3669 3668 3731
f 3612 3614 3613
f 3732 3736 3737
f 3671 3670 3733
f 3671 3734 3672
f 3732 3669 3731
f 3674 3672 3734
f 3732 3733 3670
f 3734 3671 3733
f 3674 3734 3735
f 3743 3674 3735
f 4977 4970 3369
f 4985 3373 3374
f 3375 3379 4986
f 3374 3375 4986
f 3379 3380 4988
f 4988 3380 3381
f 3381 3383 4990
f 3383 3384 4991
f 3384 3382 4992
f 4992 3382 3385
f 3385 3386 5004
f 3373 4985 3372
f 3396 3341 3350
f 5120 3376 4653
f 3396 3397 4998
f 4998 3397 3398
f 4998 4654 3396
f 3339 3503 3399
f 3401 3413 3402
f 3402 3413 3412
f 3402 3404 3403
f 3383 3364 4302
f 4978 3366 3367
f 3367 3368 4979
f 3368 3370 4982
f 3370 3371 4983
f 4983 3371 3372
f 3357 4964 4966
f 4967 4964 3358
f 4968 4967 3358
f 4969 4968 3360
f 4970 4969 3360
f 3401 3402 3403
f 3391 3383 3392
f 3388 3390 3389
f 3390 3386 3391
f 4300 3392 3383
f 5006 3386 3387
f 3393 3392 3394
f 3395 3394 3392
f 3395 3392 3378
f 4300 3378 3392
f 3428 3422 3429
f 3416 3415 3417
f 3419 3418 3424
f 3419 3423 3421
f 3424 3422 3425
f 3424 3415 3422
f 3425 3422 3427
f 3423 3424 3426
f 3424 3423 3419
f 3427 3422 3428
f 3425 3427 3428
f 3400 3415 3416
f 3430 3433 3432
f 3429 3435 3433
f 3433 3430 3429
f 3430 3432 3431
f 3429 3422 3595
f 3433 3435 3434
f 3435 3429 3594
f 3594 3429 3595
f 3435 3594 3436
f 3402 3412 3408
f 3405 3404 3402
f 3404 3405 3407
f 3407 3405 3406
f 3407 3406 3400
f 3406 3405 3400
f 3409 3410 3408
f 3588 3405 3589
f 3589 3408 3410
f 3409 3589 3410
f 3589 3409 3411
f 3369 3366 4978
f 3588 3400 3405
f 3405 3402 3589
f 3408 3589 3402
f 3408 3412 3414
f 3422 3400 3588
f 3400 3422 3415
f 3415 3418 3417
f 3418 3415 3424
f 3418 3419 3420
f 3351 3339 3352
f 3437 66 3537
f 3503 92 3437
f 3345 3340 3339
f 3339 3340 3376
f 3341 3376 3340
f 3347 3341 3340
f 3339 3355 3354
f 3344 3345 3339
f 3344 3339 3351
f 3339 3353 3352
f 3339 92 3503
f 3345 3347 3340
f 3346 3348 3341
f 3346 3341 3347
f 3341 3343 3342
f 3343 3341 3348
f 3353 3339 3354
f 3349 3350 3341
f 3349 3341 3342
f 3355 3339 4298
f 3273 3338 3274
f 3338 3320 3318
f 3317 3320 3338
f 3338 3337 3317
f 3338 3314 3316
f 3338 3316 3332
f 3338 3333 3336
f 3338 3332 3333
f 3338 3336 3334
f 3272 3191 3338
f 3338 3273 3272
f 4298 3339 4297
f 3274 3338 3275
f 3338 3276 3275
f 3276 3338 3277
f 3277 3338 3325
f 3326 3338 3327
f 3326 3325 3338
f 3321 3327 3338
f 3321 3338 3322
f 3338 3323 3322
f 4970 3360 3361
f 3537 66 4826
f 3341 4654 3376
f 4654 3341 3396
f 4654 4653 3376
f 3378 3377 3395
f 4964 3357 3358
f 3363 3362 4966
f 3362 3357 4966
f 4968 3358 3359
f 4968 3359 3360
f 3380 3361 3383
f 3379 3375 3380
f 3381 3380 3383
f 3384 3383 3385
f 3382 3384 3385
f 3386 3385 3383
f 3386 3383 3391
f 3386 3388 3387
f 3388 3386 3390
f 4970 3361 3369
f 3367 3370 3368
f 3357 3362 3358
f 3358 3362 3359
f 3359 3362 3361
f 3359 3361 3360
f 3363 3356 3362
f 3361 3356 3365
f 3362 3356 3361
f 3365 3364 3383
f 3361 3367 3366
f 3412 3413 4247
f 3361 3366 3369
f 3370 3367 3372
f 3361 3365 3383
f 3370 3372 3371
f 3367 3361 3380
f 3372 3367 3375
f 3374 3373 3372
f 3375 3374 3372
f 3375 3367 3380
f 3567 3569 3593
f 3557 4476 3558
f 3554 3553 4503
f 3552 3565 4501
f 3553 3552 4502
f 3563 3566 4313
f 3636 3576 4246
f 3638 3637 4246
f 3637 3636 4246
f 3638 4246 3639
f 3567 3568 3569
f 3558 4480 3559
f 3588 3569 3577
f 3569 3571 3570
f 3569 3570 3573
f 3571 3572 3570
f 3570 3572 3574
f 3573 3570 3574
f 3577 3569 3573
f 3575 3576 3573
f 3577 3573 3576
f 3562 3561 3560
f 3550 3548 3549
f 3547 3548 3556
f 3553 4224 3560
f 3551 3553 3554
f 3556 3550 3555
f 3547 3558 3559
f 3558 3547 3556
f 3560 3547 3559
f 3558 3556 3557
f 3561 3564 3560
f 3576 3578 3577
f 3553 3560 3552
f 3552 3560 3565
f 3564 3566 3563
f 3564 3565 3560
f 3564 3561 3566
f 3339 4314 4297
f 3548 4467 3549
f 3549 4470 3550
f 3550 4472 3555
f 3604 3606 3605
f 3595 3597 3596
f 3597 3595 3600
f 3597 3600 3599
f 3597 3599 3598
f 3600 3595 3606
f 3600 3602 3601
f 3602 3600 3603
f 3422 3654 3595
f 3603 3600 3604
f 3604 3600 3606
f 3422 3588 3577
f 3605 3606 3607
f 3606 3610 3608
f 3606 3595 3654
f 3608 3610 3609
f 3609 3610 3611
f 3610 3606 3651
f 3651 3606 3654
f 3610 3614 3612
f 3614 3610 3651
f 3579 3583 3623
f 3578 3579 3577
f 3580 3583 3579
f 3580 3582 3581
f 3576 3637 3578
f 3578 3639 3579
f 3579 3639 3580
f 3583 3580 3581
f 3583 3581 3584
f 3583 3584 3586
f 3586 3584 3585
f 3548 3550 3556
f 3586 3585 3587
f 3586 3617 3583
f 3617 3586 3587
f 3617 3587 3616
f 3422 3577 3833
f 3588 3591 3590
f 3569 3588 3590
f 3590 3592 3593
f 3593 3569 3590
f 3424 3425 4257
f 4244 3567 3593
f 3572 3571 4245
f 3574 3572 4245
f 3569 3568 4244
f 3571 3569 4244
f 3573 3574 4245
f 3575 3573 4245
f 3576 3575 4245
f 3421 3423 4257
f 4257 3419 3421
f 3568 3567 4244
f 3426 3424 4257
f 4257 3423 3426
f 4257 3425 3428
f 4257 3428 3429
f 3431 3432 4258
f 3430 3431 4258
f 4257 3429 3430
f 3433 3434 4258
f 4258 3432 3433
f 3418 4253 3417
f 3414 3412 4247
f 3408 3414 4247
f 3409 3408 4251
f 3411 3409 4251
f 3589 3411 4251
f 3403 3404 4248
f 4248 3404 3407
f 3407 3400 4249
f 3403 4248 3401
f 3413 3401 4247
f 4258 3434 3435
f 3416 3417 4253
f 3416 4253 3400
f 4253 3418 3420
f 3420 3419 4253
f 3591 3588 4250
f 3591 4250 3590
f 3588 3589 4250
f 3592 3590 4244
f 3593 3592 4244
f 4257 3430 4258
f 4253 3419 4252
f 4251 4250 3589
f 4248 4247 3401
f 4249 4248 3407
f 4251 3408 4247
f 4253 4249 3400
f 4250 4244 3590
f 4245 3571 4244
f 4246 3576 4245
f 3419 4257 4252
f 4258 3610 3612
f 4258 3652 4257
f 4257 3894 4259
f 3399 3503 4815
f 3339 3399 4314
f 4229 3541 3542
f 3542 3543 3544
f 3544 3547 4213
f 3547 3544 3545
f 3547 3545 3546
f 3602 3603 4258
f 4258 3435 3436
f 4258 3436 3594
f 4258 3594 3595
f 3596 3597 4258
f 4258 3595 3596
f 3598 3599 4258
f 4258 3597 3598
f 3600 3601 4258
f 4258 3599 3600
f 3784 3783 3800
f 4258 3601 3602
f 4258 3603 3604
f 4258 3604 3605
f 4258 3605 3607
f 3607 3606 4258
f 4258 3606 3608
f 4258 3608 3609
f 4258 3609 3611
f 3611 3610 4258
f 3972 4009 3968
f 4002 4008 4042
f 4043 4002 4042
f 4011 3800 4010
f 4012 3802 4011
f 3996 4012 4013
f 3820 3818 3968
f 4009 3820 3968
f 3818 3966 3967
f 3968 3818 3967
f 4010 4009 3972
f 4008 3995 4007
f 3996 4013 4014
f 3997 4014 4015
f 4001 4015 4016
f 4011 4010 3974
f 4012 4011 3978
f 4010 3972 3973
f 3974 4010 3973
f 4013 4012 3978
f 3978 4011 3974
f 4002 3995 4008
f 3795 3997 3998
f 4001 3795 3998
f 4015 3998 3997
f 3998 4015 4001
f 3999 4001 4017
f 4001 3999 3990
f 4000 3990 3999
f 4004 3992 4000
f 4003 3963 4002
f 3995 3994 4007
f 4001 4016 4017
f 4003 4002 4043
f 3999 4017 4000
f 4019 4004 4000
f 4020 4005 4004
f 4005 3993 4004
f 3994 4005 4006
f 4007 3994 4006
f 4005 4020 4006
f 4045 4007 4006
f 4028 4027 4036
f 4022 4021 4029
f 4025 3985 4024
f 3989 3988 4078
f 4023 3989 4078
f 3985 4023 4024
f 4029 4021 4025
f 4024 4023 4081
f 4025 4024 4081
f 4026 4022 4030
f 4027 4026 4035
f 4021 3986 4025
f 4030 4022 4029
f 4029 4025 4095
f 4026 4030 4031
f 4035 4026 4031
f 4029 4096 4030
f 4033 4034 4049
f 4049 4034 4037
f 4050 4037 4038
f 4032 4028 4036
f 3985 4017 4016
f 4000 4017 4018
f 4000 4018 4019
f 4014 4013 3980
f 4015 4014 3984
f 3978 3979 4013
f 3980 4013 3979
f 4016 4015 3985
f 3984 4014 3980
f 4004 4019 4020
f 4006 4020 4045
f 3997 3996 4014
f 3986 4018 4017
f 4018 4022 4019
f 4022 4018 4021
f 4022 4026 4019
f 4020 4026 4027
f 4046 4027 4028
f 4028 4032 4047
f 4047 4032 4033
f 3985 4025 3986
f 3718 3963 3964
f 3956 3900 4242
f 3957 4243 3399
f 3957 3399 3959
f 4259 3900 3958
f 3958 3956 3959
f 3959 3956 3957
f 3957 3956 4242
f 3719 3718 3965
f 3962 3716 3961
f 3963 3717 3962
f 3955 3354 4231
f 3725 3724 3994
f 3960 3725 3995
f 3961 3960 3995
f 3965 3718 3964
f 3961 4002 3962
f 3962 4002 3963
f 3964 3963 4003
f 3965 3964 4003
f 3826 3825 3971
f 3950 4235 3947
f 4067 4246 4070
f 4070 4246 4075
f 4075 4246 4074
f 4074 4246 4076
f 4076 4246 4086
f 4086 4246 4113
f 4179 4245 4180
f 4180 4245 4181
f 4181 4245 4232
f 4245 4233 4232
f 3966 3826 3975
f 3953 4237 3950
f 3954 4239 3953
f 3954 3955 4240
f 3352 3353 3954
f 3351 3352 3953
f 3954 3953 3352
f 3955 3954 3353
f 3950 3351 3953
f 3955 3353 3354
f 3796 3795 4001
f 3980 4023 3984
f 3984 4023 3985
f 3987 3983 4066
f 3988 3979 3987
f 3988 3989 3980
f 3988 3987 4077
f 4023 3980 3989
f 3992 3722 3991
f 3992 3993 3724
f 3994 3724 3993
f 3979 3988 3980
f 3990 3796 4001
f 3991 3990 4000
f 3995 3725 3994
f 4002 3961 3995
f 3992 3991 4000
f 3993 3992 4004
f 3994 3993 4005
f 3802 3801 4011
f 3996 3802 4012
f 3977 3968 3976
f 3967 3966 3976
f 3968 3967 3976
f 3969 3970 3825
f 3971 3825 3970
f 3975 3826 3971
f 3976 3966 3975
f 3972 3968 3977
f 3973 3972 3982
f 3982 3974 3973
f 4033 4032 4040
f 3972 3977 3981
f 3982 3972 3981
f 3985 4015 3984
f 4017 3985 3986
f 3986 4021 4018
f 3974 3987 3978
f 3978 3987 3979
f 3982 3983 3974
f 3987 3974 3983
f 4090 4105 4091
f 4092 4084 4083
f 4093 4085 4084
f 4086 4114 4087
f 4114 4086 4113
f 4087 4115 4088
f 4084 4092 4093
f 4085 4093 4089
f 4089 4093 4094
f 4104 4089 4094
f 4089 4104 4090
f 4092 4083 4088
f 4115 4087 4114
f 4092 4088 4115
f 4116 4093 4092
f 4116 4092 4115
f 4094 4093 4123
f 4093 4116 4123
f 4082 4103 4095
f 4081 4101 4102
f 4082 4102 4103
f 4078 4089 4090
f 4079 4066 4085
f 4066 4084 4085
f 4077 4079 4089
f 4078 4077 4089
f 4079 4085 4089
f 4078 3988 4077
f 4078 4080 4023
f 4081 4023 4080
f 4080 4078 4091
f 4081 4080 4091
f 4103 4096 4095
f 4078 4090 4091
f 4102 4082 4081
f 4101 4081 4091
f 4081 4082 4025
f 4095 4025 4082
f 4096 4029 4095
f 4083 4073 4087
f 4073 4086 4087
f 4083 4087 4088
f 4106 4126 4127
f 4125 4094 4124
f 4104 4125 4105
f 4105 4126 4106
f 4126 4105 4125
f 4107 4103 4112
f 4103 4110 4111
f 4103 4111 4112
f 4108 4107 4137
f 4109 4108 4137
f 4112 4137 4107
f 4104 4094 4125
f 4110 4106 4128
f 4128 4106 4127
f 4111 4110 4164
f 4112 4111 4164
f 4164 4110 4128
f 4125 4124 4119
f 4118 4116 4117
f 4119 4123 4118
f 4126 4125 4121
f 4098 4099 4036
f 4097 4096 4107
f 4096 4103 4107
f 4031 4096 4097
f 4031 4097 4098
f 4098 4097 4109
f 4097 4107 4108
f 4109 4097 4108
f 4099 4098 4135
f 4100 4099 4135
f 4135 4098 4109
f 4086 4071 4076
f 4036 4099 4100
f 4040 4100 4131
f 4105 4090 4104
f 4106 4091 4105
f 4091 4106 4101
f 4102 4101 4110
f 4103 4102 4110
f 4101 4106 4110
f 4094 4123 4124
f 4050 4049 4037
f 4008 4047 4048
f 4020 4019 4026
f 4045 4020 4027
f 4046 4045 4027
f 4043 4048 4049
f 4043 4049 4050
f 4044 4050 4051
f 4047 4046 4028
f 4048 4047 4033
f 4049 4048 4033
f 4007 4046 4047
f 4051 4050 4038
f 3969 3778 4054
f 4054 3777 4053
f 3970 3969 4056
f 4054 4055 3969
f 3970 4056 3971
f 4055 4056 3969
f 4053 4059 4054
f 4061 4067 4056
f 4100 4040 4036
f 4036 4027 4035
f 4096 4031 4030
f 4040 4032 4036
f 4040 4039 4033
f 4035 4031 4098
f 4098 4036 4035
f 4034 4033 4041
f 4037 4034 4041
f 4129 4038 4037
f 4041 4033 4039
f 4068 4056 4067
f 4129 4037 4041
f 4040 4131 4039
f 4131 4041 4039
f 4047 4008 4007
f 4048 4042 4008
f 4042 4048 4043
f 4003 4043 4044
f 4050 4044 4043
f 4007 4045 4046
f 4066 4079 3987
f 3983 3982 4065
f 4058 4057 4068
f 4062 4058 4069
f 4063 4072 4064
f 4065 4064 4073
f 4073 4064 4072
f 4066 4065 4084
f 4065 4073 4083
f 4084 4065 4083
f 4066 3983 4065
f 3981 4064 4065
f 4077 3987 4079
f 4068 4067 4070
f 4069 4068 4075
f 4075 4068 4070
f 4071 4069 4076
f 4075 4074 4069
f 4076 4069 4074
f 4072 4071 4086
f 4073 4072 4086
f 4054 4060 4061
f 3971 4057 3975
f 4057 3971 4056
f 3975 4057 4058
f 3975 4062 3976
f 3976 4062 3977
f 4062 3975 4058
f 4061 4055 4054
f 4055 4061 4056
f 4054 4059 4060
f 4246 4067 4061
f 4056 4068 4057
f 4069 4058 4068
f 4062 4072 4063
f 4062 4069 4071
f 4072 4062 4071
f 4064 3981 3977
f 4062 4063 3977
f 4064 3977 4063
f 3982 3981 4065
f 3841 3839 3840
f 3833 3838 3839
f 3838 3835 3836
f 3833 3839 3841
f 3838 3836 3837
f 3831 3830 3920
f 3920 3832 3831
f 3833 3832 3923
f 3834 3833 3923
f 3835 3834 3926
f 3839 3838 3840
f 3833 3835 3838
f 3648 3647 3863
f 3650 3649 3865
f 3649 3648 3865
f 3643 3857 3859
f 3860 3643 3859
f 3862 3644 3861
f 3861 3644 3860
f 3843 3650 3866
f 3844 3843 3868
f 3877 3878 3635
f 3833 3635 3831
f 3632 3631 3874
f 3633 3632 3874
f 3634 3633 3876
f 3635 3634 3876
f 3833 3831 3832
f 3833 3834 3835
f 3829 3635 3879
f 3918 3830 3829
f 3635 3876 3877
f 3845 3844 3868
f 3635 3878 3879
f 3879 3880 3829
f 3829 3880 3917
f 3829 3917 3918
f 3830 3918 3919
f 3830 3919 3920
f 3832 3920 3921
f 3832 3921 3922
f 3832 3922 3923
f 3871 3870 3680
f 3864 3863 3668
f 3863 3862 3668
f 3865 3864 3670
f 3866 3865 3670
f 3664 3857 3663
f 3851 3888 3852
f 3852 3890 3853
f 3853 3890 3854
f 3854 3892 3869
f 3673 3870 3869
f 3666 3862 3861
f 3885 3848 3884
f 3849 3885 3886
f 3887 3849 3886
f 3888 3851 3887
f 3852 3888 3889
f 3890 3852 3889
f 3872 3871 3680
f 3873 3872 3681
f 3874 3873 3683
f 3847 3846 3882
f 3647 3862 3863
f 3863 3864 3648
f 3648 3864 3865
f 3650 3865 3866
f 3848 3847 3884
f 3842 3848 3885
f 3849 3842 3885
f 3850 3849 3887
f 3850 3887 3851
f 3868 3881 3845
f 3830 3831 3635
f 3846 3845 3882
f 3843 3866 3867
f 3868 3843 3867
f 3882 3845 3881
f 3847 3882 3883
f 3884 3847 3883
f 3859 3857 3664
f 3859 3664 3860
f 3861 3860 3666
f 3785 3807 3808
f 3806 3757 3805
f 3806 3807 3785
f 3767 3810 3811
f 3811 3768 3767
f 3768 3811 3803
f 3766 3809 3810
f 3813 3803 3812
f 3812 3803 3811
f 3803 3813 3804
f 3804 3813 3805
f 3805 3756 3804
f 3815 3787 3808
f 3815 3816 3788
f 3813 3814 3805
f 3805 3821 3806
f 3806 3821 3807
f 3807 3822 3808
f 3821 3805 3814
f 3811 3810 3772
f 3812 3811 3773
f 3797 3818 3798
f 3791 3784 3800
f 3801 3792 3791
f 3796 3714 3795
f 3990 3721 3796
f 3990 3991 3722
f 3793 3792 3996
f 3996 3794 3793
f 3795 3794 3997
f 3789 3819 3790
f 3790 3818 3797
f 3813 3812 3773
f 3800 3783 3799
f 3799 3783 3798
f 3801 3791 3800
f 3798 4009 3799
f 4009 3800 3799
f 3800 4011 3801
f 3801 3802 3792
f 3792 3802 3996
f 3794 3996 3997
f 3854 3625 3853
f 3775 3774 3827
f 3828 3775 3827
f 3776 3775 3828
f 3776 3828 4052
f 4053 3776 4052
f 3777 3776 4053
f 3778 3777 4054
f 3624 3850 3851
f 3852 3624 3851
f 3625 3852 3853
f 3821 3814 3775
f 3854 3869 3628
f 3870 3628 3869
f 3871 3628 3870
f 3871 3872 3631
f 3631 3872 3873
f 3631 3873 3874
f 3874 3875 3633
f 3633 3875 3876
f 3829 3830 3635
f 3824 3808 3823
f 3772 3810 3771
f 3816 3817 3789
f 3789 3817 3819
f 3818 3790 3819
f 3808 3824 3815
f 3822 3807 3821
f 3808 3822 3823
f 3816 3815 3825
f 3817 3816 3825
f 3875 3874 3684
f 3825 3815 3824
f 3818 3820 3798
f 3798 3820 4009
f 3800 4009 4010
f 3819 3817 3826
f 3826 3817 3825
f 3818 3819 3966
f 3966 3819 3826
f 3814 3813 3775
f 3809 3770 4246
f 3730 4246 3728
f 4246 3663 3857
f 3761 4246 3764
f 3764 4246 3765
f 3765 4246 3762
f 3728 4246 3736
f 3736 4246 3737
f 3737 4246 3761
f 3762 4246 3769
f 3770 3769 4246
f 3729 4246 3730
f 3810 3809 4246
f 3771 3810 4246
f 3772 3771 4246
f 4119 4246 4245
f 3946 4244 3945
f 4244 3946 3948
f 3945 4244 3951
f 4233 4245 4244
f 4244 3948 3949
f 3942 3943 3944
f 3936 3934 3937
f 3934 3905 4208
f 3937 3934 3939
f 3934 3938 3939
f 3938 3934 3943
f 3938 3941 3940
f 3897 3547 4208
f 3941 3938 3943
f 3943 3934 4208
f 3941 3943 3942
f 4244 3949 3947
f 3858 3639 4246
f 3855 3858 4246
f 3857 3856 4246
f 3856 3855 4246
f 3664 3663 4246
f 3665 3664 4246
f 3665 4246 3726
f 3726 4246 3727
f 3727 4246 3729
f 4163 4245 4179
f 4116 4246 4117
f 4117 4246 4118
f 4246 4119 4118
f 4119 4245 4120
f 4120 4245 4122
f 4122 4245 4157
f 4157 4245 4158
f 4159 4158 4245
f 4159 4245 4162
f 4162 4245 4163
f 4115 4246 4116
f 3827 3774 4246
f 3773 3772 4246
f 3774 3773 4246
f 4052 3828 4246
f 3828 3827 4246
f 4053 4052 4246
f 4053 4246 4059
f 4059 4246 4060
f 4060 4246 4061
f 3947 3344 3950
f 3343 3348 3945
f 3342 3343 3951
f 3349 3342 3951
f 3345 3344 3947
f 3346 3347 3948
f 3347 3345 3949
f 3344 3351 3950
f 3348 3346 3946
f 3951 3343 3945
f 3946 3945 3348
f 3934 3936 3935
f 3949 3345 3947
f 3948 3946 3346
f 3949 3948 3347
f 4244 3947 4233
f 3350 3349 3952
f 3952 3349 3951
f 3958 3900 3956
f 4113 4246 4114
f 4114 4246 4115
f 3841 3907 3909
f 3902 3897 3903
f 3901 3899 3902
f 3903 3897 3905
f 3903 3905 3904
f 3923 3924 3834
f 3834 3924 3925
f 3926 3834 3925
f 3926 3927 3835
f 3835 3927 3928
f 3841 3906 3907
f 3900 3899 3901
f 3833 3841 4194
f 3909 3907 3908
f 3909 3910 3911
f 3911 3912 3909
f 4194 3841 3909
f 3909 3912 3916
f 3912 3913 3914
f 3916 3912 3914
f 4194 3909 3916
f 3672 3868 3867
f 3876 3875 3685
f 3877 3876 3685
f 3854 3890 3891
f 3892 3854 3891
f 3673 3869 3892
f 3870 3673 3680
f 3681 3872 3680
f 3683 3873 3682
f 3873 3681 3682
f 3867 3866 3672
f 3916 3914 3915
f 3547 3422 3833
f 3897 3422 3547
f 3893 3662 3894
f 3895 3894 3662
f 3895 3662 3897
f 3896 3895 3897
f 3898 3897 3900
f 3900 3897 3899
f 3899 3897 3902
f 3717 3925 3716
f 3704 3918 3703
f 3705 3919 3704
f 3706 3921 3705
f 3925 3924 3716
f 3926 3925 3717
f 3927 3926 3718
f 3922 3706 3707
f 3708 3922 3707
f 3708 3715 3924
f 3716 3924 3715
f 3918 3696 3703
f 3718 3926 3717
f 3927 3718 3719
f 3905 3930 3929
f 3930 3905 3934
f 3930 3932 3931
f 3905 3897 4208
f 3932 3930 3934
f 3931 3932 3933
f 3933 3932 3934
f 3693 3877 3692
f 3547 3833 4194
f 3878 3877 3693
f 3879 3878 3693
f 3880 3879 3695
f 3917 3880 3696
f 3918 3917 3696
f 3684 3874 3683
f 3685 3875 3684
f 3877 3685 3692
f 3338 3319 3331
f 3879 3693 3694
f 3919 3918 3704
f 3920 3919 3705
f 3921 3920 3705
f 3922 3921 3706
f 3923 3922 3708
f 3924 3923 3708
f 3695 3879 3694
f 3696 3880 3695
f 2938 2951 2953
f 2942 2943 2944
f 2943 2879 2944
f 2941 2951 2938
f 2948 2864 2877
f 2864 2863 2876
f 2949 2948 2877
f 2945 2946 2936
f 2935 2946 2947
f 2949 2935 2947
f 2952 2945 2936
f 2942 2940 2943
f 2952 2938 2950
f 2953 2950 2938
f 2941 2942 2957
f 2942 2944 2958
f 2944 2879 2886
f 2954 2951 2941
f 2957 2942 2956
f 2957 2955 2941
f 2955 2954 2941
f 2936 2878 2939
f 2916 2915 2906
f 2914 2913 2908
f 2915 2914 2908
f 2918 2920 2919
f 2920 2918 2917
f 2917 2916 2920
f 2766 2934 3266
f 2935 2878 2936
f 2876 2861 2872
f 2937 2939 2878
f 2942 2958 2959
f 2936 2939 2938
f 2939 2937 2941
f 2938 2939 2941
f 2941 2937 2940
f 2941 2940 2942
f 2864 2876 2877
f 2877 2935 2949
f 2936 2946 2935
f 2936 2938 2952
f 3001 2659 3004
f 2992 2650 2990
f 2649 2991 2993
f 2651 2999 3000
f 2990 2651 3000
f 2994 2649 2993
f 2998 2652 2997
f 2997 2652 2996
f 2995 2653 2994
f 2996 2652 2995
f 3002 3005 2663
f 2649 2992 2991
f 3002 2663 3003
f 3003 2663 3001
f 3004 2659 2998
f 3006 2663 3005
f 3010 2660 3009
f 3009 2660 3006
f 3012 2661 3008
f 2662 3010 3011
f 2662 3011 3007
f 2702 2699 3059
f 2959 2956 2942
f 2958 2944 2960
f 2960 2944 2886
f 2698 2985 2696
f 2606 2984 2695
f 2698 2695 2982
f 2697 2696 2989
f 2651 2697 2987
f 2700 2691 3054
f 2699 2700 3055
f 2913 2912 2908
f 3013 2661 3012
f 2666 3013 3014
f 2666 3014 3015
f 2666 3015 3016
f 3017 2666 3016
f 3019 2667 3018
f 3018 2667 3017
f 3020 2664 3019
f 2651 2987 2999
f 2766 2913 2914
f 2888 2887 2881
f 2766 2903 2904
f 2766 2904 2905
f 2903 2766 2902
f 2766 2905 2909
f 2766 2911 2912
f 2766 2909 2910
f 2911 2766 2910
f 2766 2912 2913
f 2766 2915 2916
f 2887 2885 2881
f 2766 2916 2917
f 2915 2766 2914
f 2766 2917 2918
f 2766 2918 2919
f 2766 2919 2922
f 2881 2882 2889
f 2881 2889 2890
f 2889 2882 2892
f 2890 2889 2892
f 2766 2896 2897
f 2766 2958 2960
f 2766 2885 2887
f 2766 2960 2886
f 2766 2883 2884
f 2885 2766 2884
f 2883 2766 2886
f 2766 2957 2956
f 2766 2959 2958
f 2959 2766 2956
f 2766 2887 2888
f 2892 2882 2891
f 2896 2766 2888
f 2766 2897 2898
f 2766 2901 2902
f 2901 2766 2899
f 2899 2766 2900
f 2900 2766 2898
f 2884 2883 2879
f 2885 2884 2879
f 2886 2879 2883
f 2905 2904 2895
f 2766 2932 2933
f 2932 2766 2931
f 2934 2766 2933
f 2900 2898 2892
f 2900 2892 2899
f 2902 2901 2893
f 2903 2902 2893
f 2901 2899 2893
f 2895 2907 2905
f 2904 2903 2895
f 2766 2930 2931
f 2907 2894 2906
f 2907 2906 2908
f 2908 2911 2907
f 2908 2906 2915
f 2906 2920 2916
f 2909 2905 2907
f 2910 2909 2907
f 2911 2910 2907
f 2912 2911 2908
f 2895 2903 2893
f 2888 2881 2890
f 2892 2891 2893
f 2893 2891 2894
f 2890 2892 2898
f 2897 2896 2890
f 2896 2888 2890
f 2898 2897 2890
f 2892 2893 2899
f 2893 2894 2895
f 2895 2894 2907
f 3008 2662 3007
f 2766 2923 2924
f 2766 2924 2925
f 2923 2766 2921
f 2921 2766 2922
f 2766 2927 2928
f 2766 2928 2929
f 2927 2766 2926
f 2926 2766 2925
f 2766 2929 2930
f 2987 2986 2989
f 2806 2805 2577
f 2799 2798 2579
f 2795 2579 2796
f 2798 2796 2579
f 2807 2799 2579
f 2810 2808 2579
f 2579 2808 2811
f 2811 2807 2579
f 2812 2810 2579
f 2774 2577 2804
f 2805 2804 2577
f 2769 2768 2582
f 2982 2580 2985
f 2985 2581 2981
f 2582 2982 2984
f 2984 2983 2582
f 2983 2769 2582
f 2981 2583 2988
f 2812 2582 2768
f 2585 2990 3000
f 2989 2696 2988
f 2972 2970 3140
f 2973 2972 3139
f 2975 2973 3142
f 3144 2977 2975
f 2985 2698 2982
f 2982 2695 2984
f 2696 2985 2981
f 2987 2697 2986
f 2696 2981 2988
f 2986 2697 2989
f 2999 2585 3000
f 2984 2606 2983
f 2983 2606 2769
f 2700 3054 3053
f 3055 2700 3056
f 3056 2700 3053
f 2699 3055 3057
f 3059 2699 3057
f 2702 3059 3058
f 2806 2578 2795
f 3021 3020 2593
f 3007 2592 3008
f 3008 2593 3012
f 3013 3012 2593
f 3015 3014 2593
f 3014 3013 2593
f 3018 3017 2593
f 3016 3015 2593
f 3017 3016 2593
f 3019 3018 2593
f 3020 3019 2593
f 3011 3010 2591
f 3022 3021 2593
f 3023 3022 2593
f 3025 3024 2593
f 3024 3023 2593
f 3025 2595 3026
f 3027 3026 2595
f 3030 3028 2595
f 3031 3029 2595
f 3028 3027 2595
f 2995 2994 2589
f 2583 2987 2989
f 2987 2584 2999
f 2989 2988 2583
f 2992 2586 2991
f 2992 2990 2585
f 2991 2589 2993
f 2994 2993 2589
f 3004 2998 2589
f 3003 3001 2589
f 3004 2589 3001
f 2970 2969 3137
f 2996 2995 2589
f 2997 2996 2589
f 2998 2997 2589
f 3002 2587 3005
f 3003 2589 3002
f 3006 3005 2587
f 3006 2591 3009
f 3010 3009 2591
f 3011 2590 3007
f 2691 3051 3052
f 3042 2683 3041
f 2686 3044 3045
f 3047 2686 3045
f 2686 3042 3043
f 3044 2686 3043
f 3048 2688 3046
f 3046 2688 3047
f 3049 3050 2690
f 3049 2690 3048
f 3051 2690 3050
f 2683 3040 3041
f 3054 2691 3052
f 2705 2702 3062
f 2707 2705 3068
f 2708 2707 3066
f 2709 2708 3070
f 2710 2709 3073
f 2712 2710 3076
f 2715 2712 3079
f 2719 2718 3084
f 2678 3029 3031
f 2674 3020 3021
f 2674 3021 3022
f 3023 2674 3022
f 2673 3023 3024
f 3025 2673 3024
f 2675 3025 3026
f 3027 2675 3026
f 2677 3027 3028
f 2678 3030 3029
f 3030 2677 3028
f 2718 2715 3081
f 2678 3031 3032
f 3033 2678 3032
f 3034 2679 3033
f 2680 3034 3035
f 2680 3035 3036
f 3037 2680 3036
f 2685 3037 3038
f 3039 2685 3038
f 2683 3039 3040
f 2961 2743 3126
f 2974 2971 2972
f 2972 2973 2975
f 2974 2972 2975
f 2976 2974 2977
f 2977 2974 2975
f 2737 2735 3113
f 2738 2737 3115
f 2739 2738 3119
f 2742 2739 3121
f 2743 2742 3124
f 2971 2970 2972
f 2962 2961 3128
f 2964 2962 3129
f 2976 2977 2978
f 2976 2978 2979
f 3165 2976 2979
f 3165 2979 2980
f 2966 2964 3131
f 2967 2966 3133
f 2969 2967 3134
f 2735 2734 3109
f 2720 2719 3087
f 2721 2720 3089
f 2722 2721 3092
f 2727 2722 3095
f 2728 2727 3098
f 2730 2728 3103
f 2731 2730 3104
f 2732 2731 3105
f 2734 2732 3108
f 2879 2881 2885
f 2961 2962 2964
f 2963 2961 2964
f 2965 2963 2966
f 2966 2963 2964
f 2965 2966 2967
f 2965 2967 2969
f 2968 2965 2969
f 2969 2970 2968
f 2971 2968 2970
f 2765 2576 2784
f 2758 2869 2763
f 2762 2758 2763
f 2763 2869 2764
f 2749 2751 2837
f 2757 2843 2754
f 2757 2759 2851
f 2751 2750 2835
f 2750 2760 2841
f 2760 2761 2838
f 2761 2754 2813
f 2635 2745 2819
f 2766 2765 2823
f 2841 2839 2766
f 2766 2839 2840
f 2840 2838 2766
f 2841 2766 2832
f 2766 2838 2842
f 2842 2813 2766
f 2766 2813 2814
f 2766 2814 2844
f 2641 2782 2642
f 2756 2758 2759
f 2757 2756 2759
f 2759 2758 2762
f 2627 2619 2773
f 2624 2639 2779
f 2639 2638 2780
f 2624 2794 2618
f 2621 2618 2792
f 2620 2621 2771
f 2620 2775 2619
f 2848 2847 2766
f 2638 2642 2784
f 2641 2644 2787
f 2644 2643 2788
f 2629 2631 2823
f 2631 2630 2820
f 2630 2636 2830
f 2636 2635 2827
f 2746 2817 2745
f 2749 2815 2746
f 2766 2953 2951
f 2862 2863 2766
f 2766 2863 2864
f 2766 2946 2945
f 2946 2766 2947
f 2766 2864 2948
f 2947 2766 2949
f 2949 2766 2948
f 2766 2952 2950
f 2952 2766 2945
f 2766 2950 2953
f 2766 2861 2862
f 2766 2954 2955
f 2954 2766 2951
f 2766 2955 2957
f 2861 2766 2860
f 2638 2777 2780
f 2781 2779 2639
f 2781 2639 2780
f 2779 2778 2624
f 2619 2775 2776
f 2865 2766 2858
f 2848 2766 2846
f 2766 2847 2852
f 2766 2852 2856
f 2766 2849 2851
f 2851 2850 2766
f 2845 2843 2766
f 2845 2766 2844
f 2849 2766 2843
f 2850 2846 2766
f 2854 2853 2766
f 2755 2757 2754
f 2858 2766 2853
f 2766 2855 2857
f 2856 2855 2766
f 2857 2854 2766
f 2868 2867 2766
f 2766 2867 2859
f 2868 2766 2866
f 2866 2766 2865
f 2766 2859 2860
f 2717 2716 2720
f 2706 2710 2711
f 2711 2710 2713
f 2713 2710 2712
f 2711 2713 2715
f 2714 2711 2715
f 2713 2712 2715
f 2714 2715 2718
f 2716 2714 2718
f 2716 2718 2719
f 2716 2719 2720
f 2709 2710 2706
f 2724 2717 2721
f 2721 2717 2720
f 2724 2721 2723
f 2723 2721 2722
f 2723 2722 2727
f 2725 2724 2727
f 2724 2723 2727
f 2725 2727 2728
f 2726 2725 2728
f 2695 2693 2603
f 2677 2675 3027
f 2678 2677 3030
f 2679 2678 3033
f 2680 2679 3034
f 2685 2680 3037
f 2683 2685 3039
f 2686 2683 3042
f 2688 2686 3047
f 2690 2688 3048
f 2691 2690 3051
f 2728 2730 2726
f 2695 2603 2606
f 2702 2705 2701
f 2701 2703 2694
f 2703 2701 2705
f 2705 2707 2703
f 2703 2707 2704
f 2707 2708 2704
f 2704 2709 2706
f 2709 2704 2708
f 2749 2747 2751
f 2614 2613 2808
f 2610 2609 2801
f 2610 2802 2613
f 2625 2799 2609
f 2625 2626 2797
f 2627 2803 2626
f 2629 2789 2643
f 2746 2634 2749
f 2749 2634 2747
f 2747 2748 2751
f 2615 2768 2607
f 2751 2748 2750
f 2748 2760 2750
f 2760 2748 2752
f 2760 2752 2761
f 2761 2752 2753
f 2761 2753 2755
f 2761 2755 2754
f 2755 2753 2757
f 2757 2753 2756
f 2740 2736 2738
f 2729 2726 2730
f 2729 2730 2732
f 2732 2730 2731
f 2733 2729 2732
f 2733 2732 2734
f 2736 2733 2734
f 2735 2737 2734
f 2736 2734 2737
f 2736 2737 2738
f 2775 2620 2774
f 2740 2738 2739
f 2740 2739 2742
f 2741 2740 2742
f 2741 2742 2743
f 2741 2743 2961
f 2744 2741 2961
f 2963 2744 2961
f 2615 2614 2810
f 2606 2607 2767
f 2787 2786 2765
f 2783 2642 2782
f 2824 2821 2765
f 2823 2765 2821
f 2766 2829 2830
f 2829 2766 2825
f 2820 2825 2766
f 2822 2820 2766
f 2823 2822 2766
f 2765 2786 2788
f 2765 2788 2789
f 2784 2642 2783
f 2785 2787 2765
f 2785 2765 2782
f 2783 2782 2765
f 2784 2783 2765
f 2824 2765 2789
f 2819 2816 2766
f 2766 2831 2818
f 2819 2766 2818
f 2766 2816 2817
f 2760 2838 2840
f 2814 2754 2844
f 2844 2754 2845
f 2845 2754 2843
f 2843 2757 2849
f 2849 2757 2851
f 2759 2846 2850
f 2846 2759 2848
f 2851 2759 2850
f 2838 2761 2842
f 2841 2760 2839
f 2817 2815 2766
f 2839 2760 2840
f 2842 2761 2813
f 2784 2790 2638
f 2777 2638 2790
f 2782 2641 2785
f 2641 2787 2785
f 2787 2644 2786
f 2786 2644 2788
f 2788 2643 2789
f 2875 2764 2871
f 2853 2764 2858
f 2866 2875 2868
f 2875 2866 2865
f 2875 2867 2868
f 2863 2862 2876
f 2876 2862 2861
f 2764 2869 2870
f 2871 2870 2872
f 2872 2870 2873
f 2870 2871 2764
f 2764 2865 2858
f 2872 2875 2871
f 2873 2874 2876
f 2872 2873 2876
f 2876 2874 2877
f 2877 2874 2935
f 2935 2874 2878
f 2943 2880 2879
f 2879 2880 2881
f 2881 2880 2882
f 2762 2852 2847
f 2766 2815 2833
f 2766 2833 2837
f 2837 2836 2766
f 2836 2834 2766
f 2766 2826 2831
f 2828 2827 2766
f 2827 2826 2766
f 2830 2828 2766
f 2766 2834 2835
f 2835 2832 2766
f 2813 2754 2814
f 2848 2762 2847
f 2867 2872 2859
f 2860 2872 2861
f 2872 2860 2859
f 2852 2762 2856
f 2763 2857 2855
f 2857 2763 2854
f 2854 2764 2853
f 2856 2763 2855
f 2576 2781 2780
f 2625 2797 2796
f 2797 2626 2795
f 2626 2805 2806
f 2795 2626 2806
f 2626 2803 2804
f 2805 2626 2804
f 2803 2627 2773
f 2625 2796 2798
f 2799 2625 2798
f 2576 2779 2781
f 2768 2615 2812
f 2779 2576 2778
f 2780 2777 2576
f 2778 2576 2791
f 2576 2792 2794
f 2791 2576 2794
f 2784 2576 2790
f 2790 2576 2777
f 2793 2576 2770
f 2770 2576 2771
f 2800 2609 2799
f 2773 2619 2772
f 2772 2619 2776
f 2771 2621 2770
f 2621 2792 2793
f 2793 2770 2621
f 2794 2792 2618
f 2794 2624 2791
f 2778 2791 2624
f 2774 2620 2771
f 2801 2609 2800
f 2771 2576 2774
f 2802 2610 2801
f 2615 2810 2812
f 2613 2807 2811
f 2807 2613 2802
f 2808 2613 2811
f 2614 2808 2809
f 2810 2614 2809
f 2606 2767 2769
f 2767 2607 2768
f 2750 2841 2832
f 2817 2746 2815
f 2815 2749 2833
f 2833 2749 2837
f 2635 2831 2826
f 2827 2635 2826
f 2829 2630 2830
f 2636 2827 2828
f 2830 2636 2828
f 2831 2635 2818
f 2818 2635 2819
f 2816 2745 2817
f 2835 2750 2832
f 2751 2834 2836
f 2837 2751 2836
f 2834 2751 2835
f 2762 2763 2856
f 2762 2848 2759
f 2763 2764 2854
f 2867 2875 2872
f 2764 2875 2865
f 2801 2800 2802
f 2769 2767 2768
f 2803 2773 2774
f 2804 2803 2774
f 2775 2774 2772
f 2776 2775 2772
f 2773 2772 2774
f 2797 2795 2796
f 2807 2802 2800
f 2800 2799 2807
f 3030 2595 3029
f 2809 2808 2810
f 2630 2829 2825
f 2789 2629 2824
f 2629 2823 2821
f 2823 2631 2822
f 2824 2629 2821
f 2822 2631 2820
f 2820 2630 2825
f 2819 2745 2816
f 528 527 3321
f 524 508 3277
f 3278 506 509
f 3278 509 510
f 3280 510 511
f 3280 511 512
f 3282 512 513
f 3282 513 514
f 525 524 3325
f 526 525 3326
f 527 526 3327
f 508 507 3276
f 529 528 3322
f 3283 514 515
f 3285 515 516
f 3285 516 517
f 3287 517 518
f 3287 518 519
f 3289 519 520
f 521 3290 520
f 3290 521 522
f 495 494 3216
f 2928 483 484
f 2930 484 485
f 2933 485 486
f 3268 486 487
f 3268 487 504
f 3270 504 505
f 3270 505 506
f 492 491 3194
f 493 492 3197
f 494 493 3214
f 522 523 3292
f 496 495 3236
f 497 496 3252
f 498 497 3256
f 499 498 3259
f 500 499 3261
f 501 500 3264
f 502 501 3273
f 503 502 3274
f 507 503 3275
f 551 567 3332
f 533 532 3329
f 538 533 3330
f 537 536 3320
f 539 537 3317
f 536 535 3318
f 564 563 3335
f 563 539 3337
f 567 565 3333
f 566 564 3334
f 566 3336 565
f 3328 532 531
f 550 556 3305
f 3305 556 557
f 557 558 3307
f 558 559 3308
f 559 560 3309
f 562 561 3311
f 560 562 3310
f 2882 2880 478
f 2891 2882 477
f 3303 549 550
f 3292 523 540
f 540 541 3294
f 3294 541 542
f 542 543 3296
f 3296 543 544
f 544 545 3299
f 3299 545 546
f 546 547 3301
f 3301 547 548
f 3303 548 549
f 2925 482 483
f 561 553 3312
f 553 554 3313
f 554 552 3315
f 555 551 3316
f 3314 552 555
f 534 538 3331
f 535 534 3319
f 530 529 3323
f 531 530 3324
f 3215 3225 3226
f 3215 3213 3225
f 3213 3221 3223
f 3213 3222 3224
f 3222 3212 3220
f 3221 3213 3224
f 3220 3212 3219
f 3225 3213 3223
f 3217 3218 3216
f 3217 3215 3228
f 3218 3217 3230
f 3214 3217 3216
f 3228 3215 3227
f 3227 3215 3226
f 3230 3217 3229
f 3229 3217 3228
f 3218 3230 3231
f 3218 3231 3232
f 3216 3234 3233
f 3234 3216 3218
f 3234 3235 3233
f 3241 3191 3242
f 3238 3237 3191
f 3237 3232 3191
f 3240 3238 3191
f 3244 3191 3246
f 3191 3244 3243
f 3191 3247 3246
f 3191 3250 3248
f 3247 3191 3248
f 3191 3241 3240
f 3191 3243 3242
f 3234 3218 3232
f 3250 3191 3251
f 3251 3191 3252
f 3199 3212 3211
f 3214 3211 3212
f 3212 3213 3215
f 3212 3199 3219
f 3213 3212 3222
f 3214 3212 3215
f 3214 3215 3217
f 3263 3191 3264
f 3191 3256 3254
f 3256 3191 3255
f 3252 3191 3253
f 3253 3191 3254
f 3255 3191 3259
f 3259 3191 3258
f 3258 3191 3257
f 3260 3261 3191
f 3257 3191 3261
f 3191 3263 3262
f 3249 3251 3252
f 3260 3191 3262
f 3264 3191 3265
f 3272 3265 3191
f 2880 476 478
f 478 477 2882
f 477 479 2891
f 2906 479 480
f 2920 480 481
f 481 482 2922
f 3239 3235 3240
f 3233 3235 3236
f 3235 3234 3238
f 3238 3234 3237
f 3235 3238 3240
f 3234 3232 3237
f 3236 3235 3239
f 3236 3239 3246
f 3239 3241 3242
f 3241 3239 3240
f 493 3197 3211
f 3246 3239 3244
f 3244 3239 3243
f 3243 3239 3242
f 3236 3246 3245
f 3245 3248 3250
f 3248 3245 3247
f 3247 3245 3246
f 3249 3250 3251
f 3250 3249 3245
f 2766 3266 3267
f 498 3255 3259
f 3256 3255 498
f 3259 3258 499
f 3258 3257 499
f 499 3257 3261
f 3261 3260 500
f 500 3260 3262
f 500 3263 3264
f 3263 500 3262
f 3265 501 3264
f 497 3254 3256
f 2766 3267 3268
f 2766 3268 3269
f 3298 2766 3269
f 3298 3269 3270
f 3298 3270 3271
f 3298 3271 3278
f 3298 3278 3279
f 3298 3279 3280
f 3298 3280 3281
f 3332 3316 551
f 3318 3320 536
f 3324 530 3323
f 3328 3329 532
f 3328 531 3324
f 3330 533 3329
f 3330 3331 538
f 3335 3334 564
f 3333 3332 567
f 3336 3333 565
f 3334 3336 566
f 3298 3281 3282
f 3337 539 3317
f 3335 563 3337
f 3216 3233 495
f 495 3233 3236
f 3236 3245 496
f 496 3249 3252
f 3249 496 3245
f 497 3252 3253
f 497 3253 3254
f 3315 3338 3313
f 3298 3304 3305
f 3338 3298 3305
f 3338 3305 3306
f 3338 3306 3307
f 3338 3307 3308
f 3308 3309 3338
f 3338 3309 3310
f 3338 3310 3311
f 3311 3312 3338
f 3338 3312 3313
f 3304 3298 3303
f 3338 3315 3314
f 3334 3335 3338
f 3338 3335 3337
f 3323 3338 3324
f 3324 3338 3328
f 3338 3330 3329
f 3331 3330 3338
f 3329 3328 3338
f 3318 3319 3338
f 3298 3292 3293
f 3298 3282 3283
f 3298 3283 3284
f 3298 3284 3285
f 3298 3285 3286
f 3298 3286 3287
f 3298 3287 3288
f 3298 3288 3289
f 3298 3289 3290
f 3298 3290 3291
f 3298 3291 3292
f 3320 3317 537
f 3298 3293 3294
f 3298 3294 3295
f 3298 3295 3296
f 3298 3296 3297
f 3298 3297 3299
f 3298 3299 3300
f 3298 3300 3301
f 3298 3301 3302
f 3298 3302 3303
f 501 3265 3272
f 2931 2930 485
f 2934 2933 486
f 3266 2934 486
f 3266 486 3267
f 3267 486 3268
f 504 3269 3268
f 3269 504 3270
f 506 3271 3270
f 3271 506 3278
f 494 3214 3216
f 2932 2931 485
f 501 3272 3273
f 502 3273 3274
f 503 3274 3275
f 507 3275 3276
f 508 3276 3277
f 524 3277 3325
f 510 3279 3278
f 3279 510 3280
f 512 3281 3280
f 2923 2921 482
f 493 3211 3214
f 3338 471 3298
f 472 3191 3190
f 3189 472 3190
f 3191 472 3338
f 2894 2891 479
f 2906 2894 479
f 2920 2906 480
f 2919 2920 481
f 2922 2919 481
f 3281 512 3282
f 482 2921 2922
f 2924 2923 482
f 2925 2924 482
f 2926 2925 483
f 2927 2926 483
f 2928 2927 483
f 2929 2928 484
f 2930 2929 484
f 2933 2932 485
f 3316 3314 555
f 526 3326 3327
f 3300 3299 546
f 3301 3300 546
f 3302 3301 548
f 3302 548 3303
f 550 3304 3303
f 3304 550 3305
f 3312 553 3313
f 554 3315 3313
f 3314 3315 552
f 3325 3326 525
f 3305 557 3306
f 3306 557 3307
f 3307 558 3308
f 3308 559 3309
f 3309 560 3310
f 3311 561 3312
f 3310 562 3311
f 3319 534 3331
f 3319 3318 535
f 3292 3291 522
f 514 3283 3282
f 515 3284 3283
f 3284 515 3285
f 517 3287 3286
f 517 3286 3285
f 519 3288 3287
f 3288 519 3289
f 3290 3289 520
f 3291 3290 522
f 3232 3231 3191
f 3293 3292 540
f 3294 3293 540
f 3295 3294 542
f 3296 3295 542
f 3297 3296 544
f 3299 3297 544
f 3327 3321 527
f 528 3321 3322
f 3322 3323 529
f 3099 3098 3188
f 3091 3092 3188
f 3092 3090 3188
f 3096 3094 3188
f 3094 3093 3188
f 3096 3188 3095
f 3097 3095 3188
f 3103 3102 3188
f 3098 3097 3188
f 3101 3100 3188
f 3100 3099 3188
f 3093 3091 3188
f 3102 3101 3188
f 3103 3188 3104
f 3104 3188 3106
f 3106 3188 3105
f 3105 3188 3107
f 3107 3188 3108
f 3188 3111 3110
f 3188 3110 3109
f 3108 3188 3109
f 3081 3080 3188
f 3073 3071 3188
f 3074 3073 3188
f 3072 3070 3188
f 3072 3188 3071
f 3075 3074 3188
f 3079 3078 3188
f 3078 3077 3188
f 3076 3075 3188
f 3077 3076 3188
f 3080 3079 3188
f 3111 3188 3112
f 3084 3083 3188
f 3083 3081 3188
f 3084 3188 3082
f 3086 3085 3188
f 3085 3082 3188
f 3088 3087 3188
f 3089 3088 3188
f 3090 3089 3188
f 3087 3086 3188
f 3133 2966 3132
f 3123 3122 2742
f 3123 2742 3121
f 2743 3124 3125
f 3126 2743 3125
f 3128 2961 3126
f 3128 3127 2962
f 3129 2962 3127
f 2964 3129 3130
f 3131 2964 3130
f 2966 3131 3132
f 3124 2742 3122
f 3134 2967 3133
f 3147 2978 2977
f 3149 2979 2978
f 3151 2980 2979
f 3167 2980 3154
f 3167 3155 3168
f 3137 2969 3135
f 3135 2969 3134
f 3137 3136 2970
f 2735 3111 3112
f 3112 3188 3113
f 3113 3188 3114
f 3104 2730 3103
f 3105 2731 3106
f 3106 2731 3104
f 2732 3105 3107
f 3108 2732 3107
f 3109 2734 3108
f 2735 3109 3110
f 2735 3110 3111
f 3070 3069 3188
f 3113 2735 3112
f 3114 2737 3113
f 2738 3115 3116
f 3115 2737 3114
f 2738 3117 3118
f 3117 2738 3116
f 3119 2738 3118
f 2739 3119 3120
f 3121 2739 3120
f 3085 2719 3082
f 3074 2710 3073
f 3076 2710 3075
f 2712 3076 3077
f 3079 2712 3078
f 3078 2712 3077
f 2715 3079 3080
f 3081 2715 3080
f 2718 3081 3083
f 3084 2718 3083
f 2719 3085 3086
f 2710 3074 3075
f 3082 2719 3084
f 3087 2719 3086
f 3089 2720 3088
f 3088 2720 3087
f 2721 3089 3090
f 3092 2721 3090
f 2722 3092 3091
f 2722 3091 3093
f 3094 2722 3093
f 3064 2705 3063
f 3032 3031 2595
f 3033 3032 2595
f 3034 3033 2595
f 3035 3034 2595
f 3036 3035 2595
f 3037 3036 2595
f 2702 3058 3060
f 2702 3060 3061
f 3062 2702 3061
f 2705 3062 3063
f 2722 3094 3096
f 2707 3068 3065
f 3066 2707 3065
f 3068 2705 3067
f 2708 3066 3069
f 3067 2705 3064
f 3070 2708 3069
f 2709 3072 3071
f 3072 2709 3070
f 3073 2709 3071
f 3060 3058 2602
f 3049 2598 3050
f 3050 2599 3051
f 3052 3051 2599
f 3055 2600 3057
f 3054 3052 2599
f 2599 3055 3056
f 3056 3053 2599
f 3054 2599 3053
f 3057 2602 3059
f 3059 2602 3058
f 3048 3046 2597
f 3063 3062 2602
f 3061 3060 2602
f 3062 3061 2602
f 3064 3063 2602
f 3065 2601 3066
f 2602 3065 3068
f 3068 3067 2602
f 3067 3064 2602
f 3066 3188 3069
f 3038 3037 2595
f 3095 2722 3096
f 2727 3095 3097
f 2728 3098 3099
f 2728 3099 3100
f 2728 3100 3101
f 3098 2727 3097
f 2728 3101 3102
f 3103 2728 3102
f 3039 3038 2595
f 2970 3136 3138
f 3039 2597 3040
f 3041 3040 2597
f 3042 3041 2597
f 3044 3043 2597
f 3043 3042 2597
f 3045 3044 2597
f 3047 3045 2597
f 3047 2597 3046
f 3049 3048 2597
f 3187 3189 3200
f 3164 3189 3180
f 3189 3181 3182
f 3180 3189 3182
f 3181 3189 3183
f 3183 3189 3184
f 3184 3189 3185
f 3185 3189 3186
f 3186 3189 3187
f 3189 3202 3201
f 3189 3201 3200
f 3163 3189 3164
f 3189 3190 3220
f 3191 3222 3190
f 3192 3177 3178
f 3178 3179 3193
f 3192 3178 3193
f 3194 3192 3195
f 3195 3192 3193
f 3194 3195 3196
f 3179 3178 3200
f 3154 3153 3189
f 3143 3189 3144
f 3146 3145 3189
f 3145 3144 3189
f 3147 3146 3189
f 3148 3147 3189
f 3149 3148 3189
f 3150 3149 3189
f 3153 3152 3189
f 3152 3151 3189
f 3151 3150 3189
f 3193 3179 3201
f 3155 3154 3189
f 3157 3156 3189
f 3156 3155 3189
f 3158 3157 3189
f 3159 3189 3160
f 3159 3158 3189
f 3162 3189 3163
f 3189 3162 3161
f 3189 3161 3160
f 3220 3219 3189
f 3195 3203 3205
f 3206 3195 3205
f 3196 3206 3204
f 3207 3196 3204
f 3198 3207 3208
f 3199 3209 3210
f 3209 3198 3208
f 3219 3199 3210
f 3224 3222 3191
f 3222 3220 3190
f 3203 3193 3202
f 3224 3191 3221
f 3227 3226 3191
f 3225 3223 3191
f 3223 3221 3191
f 3226 3225 3191
f 3229 3228 3191
f 3228 3227 3191
f 3231 3230 3191
f 3230 3229 3191
f 3206 3205 3189
f 3194 3196 3198
f 3197 3194 3198
f 3198 3199 3197
f 3211 3197 3199
f 3200 3178 3187
f 3201 3179 3200
f 3195 3193 3203
f 3196 3195 3206
f 3198 3196 3207
f 3199 3198 3209
f 3189 3139 3140
f 3205 3203 3189
f 3202 3189 3203
f 3206 3189 3204
f 3207 3204 3189
f 3210 3209 3189
f 3209 3208 3189
f 3208 3207 3189
f 3219 3210 3189
f 3193 3201 3202
f 3154 3155 3167
f 2977 3146 3147
f 3146 2977 3145
f 3145 2977 3144
f 2978 3147 3148
f 2978 3148 3149
f 2979 3149 3150
f 2979 3150 3151
f 2980 3151 3152
f 2980 3152 3153
f 2980 3153 3154
f 3127 3189 3129
f 3155 3156 3168
f 3168 3156 3157
f 3158 3169 3157
f 3169 3158 3159
f 3166 3165 2980
f 3166 2980 3167
f 3166 3167 3169
f 3170 3166 3169
f 3169 3167 3168
f 3119 3118 3189
f 3140 2970 3138
f 3140 3139 2972
f 2973 3139 3141
f 3142 2973 3141
f 2975 3142 3143
f 3144 2975 3143
f 3115 3114 3189
f 3189 3116 3115
f 3118 3117 3189
f 3116 3189 3117
f 3172 3170 3169
f 3189 3120 3119
f 3120 3189 3121
f 3121 3189 3123
f 3122 3123 3189
f 3124 3189 3125
f 3189 3124 3122
f 3125 3189 3126
f 3127 3128 3189
f 3189 3128 3126
f 3132 3189 3133
f 3182 3175 3180
f 3183 3175 3181
f 3176 3183 3184
f 3176 3184 3185
f 3186 3176 3185
f 3178 3186 3187
f 3188 3189 3114
f 3129 3189 3130
f 3130 3189 3131
f 3131 3189 3132
f 3182 3181 3175
f 3133 3189 3134
f 3135 3189 3137
f 3189 3135 3134
f 3136 3189 3138
f 3189 3136 3137
f 3138 3189 3140
f 3142 3189 3143
f 3139 3189 3141
f 3189 3142 3141
f 3173 3172 3163
f 3171 3170 3172
f 3171 3172 3173
f 3173 3175 3171
f 3174 3171 3175
f 3168 3157 3169
f 3174 3175 3176
f 3176 3178 3174
f 3177 3174 3178
f 3169 3159 3172
f 4127 4126 4121
f 3175 3173 3180
f 3176 3175 3183
f 3178 3176 3186
f 3172 3159 3160
f 3172 3160 3161
f 3172 3161 3162
f 3172 3162 3163
f 3173 3163 3164
f 3180 3173 3164
f 5235 5080 5234
f 5082 5083 5080
f 5084 5080 5083
f 5084 5227 5080
f 5080 5227 5228
f 5228 5229 5080
f 5229 5230 5080
f 5230 5231 5080
f 5231 5232 5080
f 5232 5233 5080
f 5233 5234 5080
f 5081 5082 5080
f 5105 5080 5121
f 5085 5087 5080
f 5088 5080 5087
f 5086 5085 5080
f 5098 5086 5080
f 5080 5097 5098
f 5090 5097 5080
f 5090 5080 5092
f 5092 5080 5091
f 5117 4680 5116
f 5108 4669 5107
f 5109 4670 5108
f 5110 4671 5109
f 5111 4672 5110
f 5112 4673 5111
f 5105 4674 5093
f 5113 4676 5112
f 5114 4677 5113
f 5115 4678 5114
f 5116 4679 5115
f 5091 5080 5094
f 5118 4681 5117
f 5119 4682 5118
f 5123 4683 5119
f 5099 5100 5080
f 5100 5101 5080
f 5081 5080 5104
f 5101 5102 5080
f 5103 5080 5102
f 5103 5104 5080
f 5139 5192 5138
f 5129 4999 5128
f 5130 5000 5129
f 5131 5001 5130
f 5132 5002 5131
f 5133 5003 5132
f 5187 5133 5134
f 5188 5134 5135
f 5189 5135 5136
f 5190 5136 5137
f 5138 5191 5137
f 5128 4688 5127
f 5121 5122 5125
f 5116 5115 5121
f 5117 5116 5121
f 5118 5117 5121
f 5119 5118 5121
f 5123 5119 5121
f 5124 5123 5121
f 5125 5124 5121
f 5126 5125 5122
f 5110 5109 5121
f 5094 5080 5095
f 5095 5080 5096
f 5096 5080 5093
f 5088 5089 5080
f 5089 5099 5080
f 5093 5080 5105
f 5105 5121 5106
f 5106 5121 5107
f 5108 5107 5121
f 5109 5108 5121
f 5107 4668 5106
f 5111 5110 5121
f 5112 5111 5121
f 5113 5112 5121
f 5114 5113 5121
f 5115 5114 5121
f 5124 4684 5123
f 5125 4685 5124
f 5126 4686 5125
f 5127 4687 5126
f 5058 5079 5010
f 5065 5053 5066
f 5066 5053 5064
f 5054 5060 5061
f 5054 5061 5062
f 5054 5062 5063
f 5064 5054 5063
f 5061 5060 5059
f 5077 5076 5008
f 5078 5008 5076
f 5077 5010 5079
f 5074 5053 5065
f 5046 5047 5120
f 5120 5047 5078
f 5056 5055 5120
f 5058 5056 5120
f 5120 5079 5058
f 5077 5079 5120
f 5076 5120 5078
f 5120 5076 5077
f 5045 5048 5120
f 5053 5054 5064
f 5026 5042 5043
f 5120 5026 5045
f 5029 5030 5075
f 5030 5031 5072
f 5028 5057 5055
f 5028 5055 5056
f 5058 5028 5056
f 5057 5029 5075
f 5031 5051 5073
f 5051 5052 5067
f 5049 5050 5120
f 5075 5030 5070
f 5070 5030 5071
f 5071 5030 5072
f 5052 5053 5074
f 5072 5031 5073
f 5073 5051 5069
f 5069 5051 5068
f 5068 5051 5067
f 5067 5052 5074
f 5099 4993 5100
f 5098 4667 5086
f 5092 4661 5090
f 5091 4659 5092
f 5090 4660 5097
f 5095 4662 5094
f 5094 4665 5091
f 5093 4663 5096
f 5096 4664 5095
f 5097 4666 5098
f 5089 4996 5099
f 5086 4657 5085
f 5100 4997 5101
f 5087 4994 5088
f 5088 4995 5089
f 5085 4658 5087
f 5158 5102 5101
f 5159 5103 5102
f 5160 5104 5103
f 5161 5081 5104
f 5106 4675 5105
f 5072 5073 5120
f 5048 5049 5120
f 5050 5046 5120
f 5061 5059 5120
f 5062 5061 5120
f 5074 5065 5120
f 5071 5072 5120
f 5068 5067 5120
f 5069 5068 5120
f 5073 5069 5120
f 5067 5074 5120
f 5127 5126 5122
f 5063 5062 5120
f 5064 5063 5120
f 5066 5064 5120
f 5065 5066 5120
f 5075 5070 5120
f 5120 5070 5071
f 5120 5055 5057
f 5120 5057 5075
f 5082 5081 5143
f 4801 5203 5204
f 5183 4744 5184
f 5184 4745 5185
f 5185 4747 5186
f 5286 4769 5226
f 5266 5186 4747
f 5247 5287 4696
f 5323 4696 5287
f 4798 5200 5201
f 4798 5201 5202
f 4800 5202 5203
f 5182 4744 5183
f 5206 5207 4804
f 4801 5204 5205
f 4802 5205 5206
f 4804 5207 5209
f 4806 5209 5210
f 5208 4806 5210
f 4808 5208 5211
f 5212 4808 5211
f 5213 4810 5212
f 5148 5150 5230
f 5285 4770 4772
f 4772 4769 5286
f 4776 5222 5225
f 5226 4776 5225
f 5143 5144 5082
f 5144 5145 5083
f 5145 5146 5084
f 5146 5147 5227
f 5149 5148 5229
f 5149 5228 5147
f 5214 4812 5213
f 5151 5231 5150
f 5152 5232 5151
f 5152 5153 5233
f 5153 5154 5234
f 5080 5247 4696
f 5154 5155 5236
f 5155 5156 5237
f 5156 5157 5238
f 5081 5161 5143
f 5229 5228 5149
f 5295 5202 5201
f 5297 5203 5202
f 5298 5204 5203
f 5299 5205 5204
f 5323 5122 4698
f 5157 5162 5240
f 5162 5163 5241
f 5084 5083 5145
f 5083 5082 5144
f 5227 5084 5146
f 5293 5201 5200
f 5228 5227 5147
f 5230 5229 5148
f 5231 5230 5150
f 5232 5231 5151
f 5233 5232 5152
f 5234 5233 5153
f 5235 5234 5154
f 5236 5235 5154
f 5237 5236 5155
f 5190 5137 5191
f 5215 4812 5214
f 5216 4813 5215
f 5217 4814 5216
f 5218 4761 5217
f 5219 5220 4767
f 5219 4762 5218
f 4765 5223 5224
f 5223 4767 5220
f 5221 4765 5224
f 5221 5222 4764
f 5283 4768 4771
f 5191 5138 5192
f 5192 5139 5193
f 5193 5140 5194
f 5194 5141 5195
f 5288 5196 5195
f 5289 5197 5196
f 5290 5198 5197
f 5291 5199 5198
f 5292 5200 5199
f 4721 5165 5164
f 5295 5294 5122
f 4712 5152 5151
f 4713 5153 5152
f 5153 4713 5154
f 4715 5155 5154
f 5155 4715 5156
f 4717 5157 5156
f 5157 4717 5162
f 4719 5163 5162
f 5163 4719 5164
f 5294 5293 5122
f 5165 4721 5166
f 4722 5167 5166
f 4724 5168 5167
f 5168 4724 5169
f 4725 5170 5169
f 4739 4740 5179
f 5179 4740 4741
f 4741 4742 5181
f 4742 4743 5182
f 5138 5137 5122
f 5128 5127 5122
f 5129 5128 5122
f 5130 5129 5122
f 5131 5130 5122
f 5132 5131 5122
f 5133 5132 5122
f 5134 5133 5122
f 5135 5134 5122
f 5136 5135 5122
f 5137 5136 5122
f 5182 4743 4744
f 5139 5138 5122
f 5140 5139 5122
f 5141 5140 5122
f 5288 5141 5122
f 5289 5288 5122
f 5290 5289 5122
f 5291 5290 5122
f 5292 5291 5122
f 5293 5292 5122
f 5273 4753 4754
f 4739 5179 5178
f 5179 4741 5180
f 5180 4741 5181
f 5181 4742 5182
f 5267 4747 4748
f 5269 4748 4749
f 5270 4749 4750
f 5270 4750 4751
f 5272 4751 4752
f 5273 4752 4753
f 4733 5178 5177
f 5275 4754 4755
f 5276 4755 4756
f 5278 4757 4758
f 5277 4756 4757
f 4775 4768 5282
f 5280 4773 4774
f 4774 4775 5281
f 5279 4758 4773
f 5284 4771 4770
f 4769 4776 5226
f 4744 4745 5184
f 4760 5217 4761
f 4762 4761 5218
f 4767 4762 5219
f 4763 4767 5223
f 4765 4763 5223
f 4766 4765 5221
f 4764 4766 5221
f 4776 4764 5222
f 5026 5041 5042
f 4745 4746 5185
f 5185 4746 4747
f 4727 5171 5170
f 4728 5172 5171
f 5172 4728 5173
f 4730 5174 5173
f 5174 4730 5175
f 4731 5176 5175
f 4732 5177 5176
f 4823 5327 4821
f 4817 4818 5324
f 5326 4654 4998
f 4820 4819 4824
f 4819 4820 4822
f 4819 4822 4930
f 4930 4822 4821
f 4656 4816 5389
f 4822 5327 4823
f 4821 4822 4823
f 4822 4820 5327
f 4815 4654 5326
f 4698 4697 4904
f 4904 4697 4825
f 4825 4828 4904
f 4824 4819 4930
f 4820 4824 5445
f 4824 4943 4937
f 4943 4824 4942
f 4942 4824 4944
f 4944 4824 4945
f 4812 5215 4813
f 5196 5197 4794
f 5198 4794 5197
f 4796 5198 5199
f 5200 4796 5199
f 4808 5212 4809
f 4809 5212 4810
f 4806 5208 4807
f 4807 5208 4808
f 4761 4759 4808
f 4810 5213 4812
f 4945 4824 4946
f 5216 4811 4813
f 4811 5216 4814
f 4814 5217 4760
f 4697 4656 5322
f 4816 4654 4815
f 4656 4654 4816
f 3503 4825 4816
f 3537 4826 4828
f 4828 4825 3539
f 4820 5453 5450
f 4951 4824 4952
f 4820 5445 5448
f 4820 5448 5446
f 4820 5446 5447
f 4820 5447 5449
f 4820 5449 5439
f 5442 4820 5439
f 4820 5441 5440
f 4820 5442 5441
f 4820 5440 5453
f 4824 4937 4938
f 4824 4959 4960
f 4959 4824 4961
f 4961 4824 5457
f 4824 5458 5457
f 4952 4824 4953
f 4953 4824 4956
f 4956 4824 4955
f 4955 4824 4957
f 4957 4824 4958
f 4933 4824 4934
f 4946 4824 4947
f 4947 4824 4948
f 4824 4962 4950
f 4962 4824 4951
f 4948 4824 4949
f 4949 4824 4950
f 4930 4821 4824
f 4824 4821 5458
f 5445 4824 5444
f 4824 4933 4935
f 5196 4793 5195
f 5444 4824 5443
f 5443 4824 4935
f 4824 4940 4932
f 4934 4824 4931
f 4931 4824 4932
f 4824 4939 4940
f 4939 4824 4941
f 4941 4824 4936
f 4936 4824 4938
f 4781 4780 5001
f 4797 4798 4799
f 4796 4797 4803
f 4808 4794 4796
f 4803 4797 4802
f 4802 4800 4801
f 4797 4799 4802
f 4802 4799 4800
f 4778 4652 4688
f 4779 4778 4999
f 4780 4779 4999
f 4808 4789 4794
f 4782 4781 5001
f 4783 4782 5003
f 4784 4783 5187
f 4785 4784 5187
f 4808 4796 4803
f 4803 4804 4806
f 4806 4804 4805
f 4808 4803 4806
f 4807 4808 4806
f 4789 4781 4785
f 4696 5323 4698
f 4648 4781 4777
f 4695 4778 4779
f 4781 4695 4779
f 4808 4648 4777
f 4781 4779 4780
f 4777 4781 4789
f 4782 4783 4784
f 4781 4782 4785
f 4785 4782 4784
f 4786 4785 5189
f 4789 4785 4786
f 4789 4786 4787
f 4789 4787 4788
f 4789 4790 4791
f 4808 4777 4789
f 4789 4791 4794
f 4794 4791 4792
f 4794 4792 4793
f 4794 4795 4796
f 5003 4782 5002
f 4797 4796 5200
f 5200 4798 4797
f 4799 4798 5202
f 5202 4800 4799
f 5203 4801 4800
f 5205 4802 4801
f 4803 4802 5206
f 5206 4804 4803
f 4805 4804 5209
f 5209 4806 4805
f 4796 4795 5198
f 5187 4783 5003
f 4785 5187 5188
f 5189 4785 5188
f 5190 4787 5189
f 4788 5190 5191
f 5192 4788 5191
f 4790 5192 5193
f 5194 4790 5193
f 5195 4792 5194
f 4999 5000 4780
f 4787 4786 5189
f 4788 4787 5190
f 4809 4810 4808
f 4810 4811 4808
f 4811 4810 4812
f 4808 4811 4814
f 4811 4812 4813
f 4761 4808 4814
f 4778 4688 4999
f 4958 4824 4954
f 5001 4780 5000
f 5001 5002 4782
f 4789 4788 5192
f 4790 4789 5192
f 4791 4790 5194
f 4792 4791 5194
f 4793 4792 5195
f 4794 4793 5196
f 4795 4794 5198
f 5024 5011 5025
f 5015 4972 5016
f 5011 4975 5012
f 5012 4974 5013
f 5013 4976 5014
f 5019 4964 5020
f 5017 4965 5018
f 5018 4966 5019
f 5020 4967 5021
f 5021 4968 5022
f 5022 4969 5023
f 5016 4963 5017
f 5025 5011 5012
f 5026 5025 5012
f 5026 5012 5013
f 5026 5013 5014
f 5026 5014 5015
f 5026 5015 5016
f 5026 5016 5017
f 5026 5017 5018
f 5026 5018 5019
f 5042 4987 4988
f 5033 4977 4978
f 4978 4979 5035
f 5035 4979 4981
f 4981 4982 5037
f 4982 4983 5038
f 5038 4983 4984
f 4984 4985 5040
f 5040 4985 4980
f 4980 4986 5032
f 4986 4987 5042
f 5026 5019 5020
f 4988 4989 5044
f 5044 4989 4990
f 4990 4991 5048
f 5048 4991 4992
f 4992 5004 5050
f 5005 5006 5046
f 5004 5005 5046
f 5006 5007 5078
f 5014 4972 5015
f 5047 5006 5078
f 4992 5050 5049
f 5048 4992 5049
f 5050 5004 5046
f 5046 5006 5047
f 5010 5027 5058
f 5058 5027 5028
f 5028 5029 5057
f 5078 5007 5008
f 5008 5009 5077
f 5077 5009 5010
f 5044 4990 5045
f 5026 5035 5036
f 5026 5036 5037
f 5026 5037 5038
f 5026 5038 5039
f 5026 5039 5040
f 5040 5032 5026
f 5026 5032 5041
f 5026 5043 5044
f 5026 5044 5045
f 5036 4981 5037
f 5026 5020 5021
f 5026 5021 5022
f 5026 5022 5023
f 5026 5023 5033
f 5026 5033 5034
f 5026 5034 5035
f 5023 4970 5033
f 5033 4978 5034
f 5034 4978 5035
f 5035 4981 5036
f 4970 4977 5033
f 5037 4982 5038
f 5038 4984 5039
f 5039 4984 5040
f 5040 4980 5032
f 5032 4986 5041
f 5041 4986 5042
f 5042 4988 5043
f 4988 5044 5043
f 4990 5048 5045
f 4997 5158 5101
f 4665 5094 4662
f 4662 5095 4664
f 4660 5090 4661
f 4667 4657 5086
f 4658 5085 4657
f 4658 4994 5087
f 4995 4996 5089
f 4995 5088 4994
f 4996 4993 5099
f 4993 4997 5100
f 4659 5091 4665
f 5158 5159 5102
f 5159 5160 5103
f 4660 4666 5097
f 4666 4667 5098
f 4663 5093 4674
f 4674 5105 4675
f 4668 4675 5106
f 4668 5107 4669
f 4669 5108 4670
f 4821 5467 5470
f 4954 4824 4960
f 4821 5461 5460
f 5458 4821 5459
f 4821 5462 5459
f 5462 4821 5460
f 5461 4821 5463
f 5463 4821 5456
f 5456 4821 5465
f 5465 4821 5466
f 5466 4821 5464
f 4670 5109 4671
f 5464 4821 5470
f 4816 4825 5547
f 4825 4697 5547
f 4619 5024 5025
f 5025 5026 4619
f 5026 5120 4619
f 4620 5121 5080
f 4659 4661 5092
f 4664 5096 4663
f 4972 4971 5016
f 5001 5131 5002
f 5002 5132 5003
f 5003 5133 5187
f 5134 5188 5187
f 5135 5189 5188
f 5136 5190 5189
f 5322 4656 5142
f 4971 4963 5016
f 4976 4973 5014
f 4973 4972 5014
f 5000 5130 5001
f 4964 5019 4966
f 4964 4967 5020
f 4967 4968 5021
f 4968 4969 5022
f 4969 4970 5023
f 4963 4965 5017
f 4965 4966 5018
f 4974 4976 5013
f 4974 5012 4975
f 4682 5119 4683
f 4671 5110 4672
f 4672 5111 4673
f 4673 5112 4676
f 4676 5113 4677
f 4677 5114 4678
f 4678 5115 4679
f 4679 5116 4680
f 4680 5117 4681
f 4681 5118 4682
f 5238 5237 5156
f 5160 5161 5104
f 4655 5122 5121
f 4683 5123 4684
f 4684 5124 4685
f 4685 5125 4686
f 4686 5126 4687
f 4687 5127 4688
f 4688 5128 4999
f 4999 5129 5000
f 5447 5446 5489
f 5438 5437 5418
f 5515 5438 5418
f 5515 5418 5516
f 5467 4821 5468
f 5444 5443 5493
f 4935 4933 5495
f 5443 4935 5494
f 5448 5445 5490
f 5445 5444 5492
f 5446 5448 5490
f 5437 5436 5418
f 5453 5440 5483
f 5450 5453 5482
f 5454 5478 5455
f 5328 5476 5329
f 5329 5475 5335
f 5328 5455 5477
f 5452 5479 5454
f 5451 5480 5452
f 5450 5481 5451
f 5515 5352 5438
f 5430 5364 5429
f 5428 5365 5427
f 5355 5433 5434
f 5433 5356 5432
f 5435 5355 5434
f 5431 5350 5430
f 5432 5358 5431
f 5354 5435 5436
f 5437 5354 5436
f 5352 5437 5438
f 5439 5486 5442
f 5428 5427 5418
f 5429 5428 5418
f 5430 5429 5418
f 5431 5430 5418
f 5432 5431 5418
f 5433 5432 5418
f 5434 5433 5418
f 5435 5434 5418
f 5436 5435 5418
f 5462 5460 5533
f 4949 4950 5513
f 4950 4962 5541
f 5547 4697 5322
f 5460 5461 5532
f 4960 4959 5537
f 4959 4961 5539
f 4961 5457 5538
f 5457 5458 5536
f 5458 5459 5535
f 5459 5462 5534
f 4948 4949 5512
f 5463 5456 5514
f 5461 5463 5531
f 5464 5470 5524
f 5470 5467 5523
f 5471 5472 5519
f 5331 5353 5516
f 5330 5331 5517
f 5330 5518 5472
f 5468 5469 5521
f 4939 4941 5501
f 5441 5442 5485
f 5439 5449 5487
f 5449 5447 5488
f 5440 5441 5484
f 4931 4932 5498
f 4933 4934 5496
f 4934 4931 5496
f 4943 4942 5506
f 4932 4940 5499
f 4940 4939 5500
f 5364 5428 5429
f 4941 4936 5502
f 4936 4938 5503
f 4938 4937 5504
f 4937 4943 5505
f 4942 4944 5507
f 4944 4945 5508
f 4945 4946 5509
f 4946 4947 5510
f 4947 4948 5511
f 5399 5348 5402
f 5391 5390 5389
f 5412 5391 5389
f 5396 5393 5343
f 5395 5344 5393
f 5397 5341 5398
f 5397 5396 5342
f 5392 5345 5394
f 5403 5347 5392
f 5394 5346 5395
f 5401 5375 5399
f 5384 5388 5389
f 5400 5374 5401
f 5383 5368 5400
f 5402 5349 5403
f 5404 5408 5339
f 5405 5404 5338
f 5406 5405 5337
f 5408 5407 5340
f 5407 5398 5332
f 5336 5410 5409
f 5142 5401 5399
f 5373 5388 5384
f 5387 5371 5385
f 5385 5370 5386
f 5388 5372 5387
f 5390 5373 5384
f 5393 5142 5395
f 5399 5402 5142
f 5401 5142 5400
f 5386 5383 5142
f 5400 5142 5383
f 5333 5409 5406
f 5392 5142 5403
f 5142 5402 5403
f 5395 5142 5394
f 5394 5142 5392
f 5385 5386 5142
f 5387 5385 5142
f 5388 5387 5142
f 5388 5142 5389
f 5389 5390 5384
f 5426 5418 5427
f 5416 5415 5418
f 5417 5416 5418
f 5417 5418 5419
f 5419 5418 5420
f 5420 5418 5421
f 5421 5418 5422
f 5422 5418 5423
f 5423 5418 5424
f 5424 5418 5425
f 5425 5418 5426
f 5415 5414 5418
f 5381 5417 5419
f 5420 5381 5419
f 5421 5361 5420
f 5362 5421 5422
f 5423 5362 5422
f 5424 5359 5423
f 5425 5363 5424
f 5367 5425 5426
f 5427 5367 5426
f 5142 5406 5322
f 5334 5411 5410
f 5393 5396 5142
f 5397 5142 5396
f 5142 5397 5398
f 5398 5407 5142
f 5142 5407 5408
f 5408 5404 5142
f 5404 5405 5142
f 5405 5406 5142
f 5467 5468 5522
f 5376 5391 5412
f 5376 5412 5413
f 5416 5378 5415
f 5417 5377 5416
f 5415 5380 5414
f 5414 5376 5413
f 5412 5389 5418
f 5413 5412 5418
f 5414 5413 5418
f 5322 5496 5497
f 5322 5486 5487
f 5322 5487 5488
f 5322 5488 5489
f 5322 5489 5490
f 5322 5490 5491
f 5491 5492 5322
f 5492 5493 5322
f 5493 5494 5322
f 5322 5494 5495
f 5322 5495 5496
f 5322 5485 5486
f 5322 5497 5498
f 5322 5498 5499
f 5322 5499 5500
f 5322 5500 5501
f 5322 5501 5502
f 5322 5502 5503
f 5322 5503 5504
f 5322 5504 5505
f 5322 5505 5506
f 5322 5475 5476
f 5535 5459 5534
f 5411 5334 5473
f 5473 5334 5474
f 5474 5335 5475
f 5322 5406 5409
f 5322 5409 5410
f 5322 5410 5411
f 5322 5411 5473
f 5322 5473 5474
f 5322 5474 5475
f 5322 5506 5507
f 5322 5476 5477
f 5322 5477 5478
f 5322 5478 5479
f 5322 5479 5480
f 5322 5480 5481
f 5322 5481 5482
f 5322 5482 5483
f 5322 5483 5484
f 5322 5484 5485
f 5514 5527 5547
f 5544 5543 5547
f 5547 5543 5545
f 5528 5540 5547
f 5547 5529 5530
f 5530 5528 5547
f 5547 5540 5537
f 5547 5537 5539
f 5524 5523 5547
f 5524 5547 5525
f 5526 5525 5547
f 5547 5542 5544
f 5527 5526 5547
f 5522 5521 5547
f 5523 5522 5547
f 5532 5531 5547
f 5533 5532 5547
f 5534 5533 5547
f 5531 5514 5547
f 5535 5534 5547
f 5547 5536 5535
f 5519 5518 5547
f 5322 5507 5508
f 5322 5508 5509
f 5322 5509 5510
f 5322 5510 5511
f 5322 5511 5512
f 5547 5322 5512
f 5516 5353 5515
f 5516 5418 5547
f 5517 5516 5547
f 5518 5517 5547
f 5536 5458 5535
f 5520 5519 5547
f 5521 5520 5547
f 5538 5536 5547
f 5539 5538 5547
f 5547 5512 5513
f 5547 5513 5541
f 5545 5546 5547
f 5546 5529 5547
f 5547 5541 5542
f 5492 5444 5493
f 5481 5450 5482
f 5482 5453 5483
f 5484 5441 5485
f 5483 5440 5484
f 5480 5451 5481
f 5485 5442 5486
f 5486 5439 5487
f 5487 5449 5488
f 5496 4931 5497
f 5497 4931 5498
f 5489 5446 5490
f 5493 5443 5494
f 5490 5445 5491
f 5491 5445 5492
f 5494 4935 5495
f 5495 4933 5496
f 5498 4932 5499
f 5499 4940 5500
f 5500 4939 5501
f 5501 4941 5502
f 4957 4958 5530
f 5469 5471 5520
f 5465 5466 5526
f 5456 5465 5527
f 5466 5464 5525
f 4951 4952 5544
f 4962 4951 5542
f 4952 4953 5543
f 4953 4956 5545
f 4955 4957 5529
f 4958 4954 5528
f 5502 4936 5503
f 4956 4955 5546
f 4954 4960 5540
f 5334 5335 5474
f 5475 5329 5476
f 5476 5328 5477
f 5477 5455 5478
f 5478 5454 5479
f 5479 5452 5480
f 5488 5447 5489
f 5542 4951 5544
f 5522 5468 5521
f 5524 5470 5523
f 5523 5467 5522
f 5527 5465 5526
f 5526 5466 5525
f 5525 5464 5524
f 5514 5456 5527
f 5544 4952 5543
f 5543 4953 5545
f 5541 4962 5542
f 5521 5469 5520
f 5546 4955 5529
f 5545 4956 5546
f 5529 4957 5530
f 5530 4958 5528
f 5528 4954 5540
f 5538 5457 5536
f 5537 4959 5539
f 5540 4960 5537
f 5539 4961 5538
f 5512 4949 5513
f 5503 4938 5504
f 5504 4937 5505
f 5505 4943 5506
f 5506 4942 5507
f 5507 4944 5508
f 5508 4945 5509
f 5509 4946 5510
f 5510 4947 5511
f 5511 4948 5512
f 5386 5369 5383
f 5513 4950 5541
f 5534 5462 5533
f 5533 5460 5532
f 5532 5461 5531
f 5531 5463 5514
f 5517 5331 5516
f 5520 5471 5519
f 5518 5330 5517
f 5519 5472 5518
f 5205 5300 5206
f 5247 5267 5268
f 5269 5247 5268
f 5287 5269 5270
f 5271 5287 5270
f 5287 5271 5272
f 5287 5272 5273
f 5287 5273 5274
f 5287 5274 5275
f 5287 5275 5276
f 5287 5276 5323
f 5266 5267 5247
f 5207 5206 5302
f 5140 5193 5139
f 5141 5194 5140
f 5141 5288 5195
f 5196 5288 5289
f 5197 5289 5290
f 5198 5290 5291
f 5199 5291 5292
f 5200 5292 5293
f 5257 5258 5247
f 5183 5262 5261
f 5184 5263 5262
f 5263 5184 5264
f 5185 5265 5264
f 5186 5266 5265
f 5226 5321 5286
f 5253 5254 5247
f 5254 5255 5247
f 5255 5256 5247
f 5256 5257 5247
f 5201 5293 5294
f 5258 5259 5247
f 5259 5260 5247
f 5260 5261 5247
f 5261 5262 5247
f 5262 5263 5247
f 5247 5269 5287
f 5247 5263 5264
f 5264 5265 5247
f 5265 5266 5247
f 5305 5212 5304
f 5224 5320 5221
f 5223 5316 5224
f 5225 5313 5226
f 5222 5315 5225
f 5302 5206 5300
f 5301 5207 5302
f 5122 5323 5295
f 5318 5218 5312
f 5303 5208 5307
f 5304 5211 5303
f 5218 5318 5219
f 5306 5209 5301
f 5307 5210 5306
f 5309 5213 5305
f 5311 5215 5308
f 5308 5214 5309
f 5310 5216 5311
f 5312 5217 5310
f 5314 5221 5320
f 5315 5222 5314
f 5210 5307 5208
f 5201 5294 5295
f 5202 5295 5296
f 5202 5296 5297
f 5203 5297 5298
f 5204 5298 5299
f 5300 5205 5299
f 5207 5301 5209
f 5209 5306 5210
f 5208 5303 5211
f 5211 5304 5212
f 5260 5181 5261
f 5212 5305 5213
f 5217 5312 5218
f 5215 5214 5308
f 5213 5309 5214
f 5215 5311 5216
f 5216 5310 5217
f 5222 5221 5314
f 5220 5319 5223
f 5220 5219 5317
f 4773 5280 5279
f 5269 5268 4748
f 5270 5269 4749
f 5271 5270 4751
f 5272 5271 4751
f 5273 5272 4752
f 5275 5274 4754
f 5274 5273 4754
f 5276 5275 4755
f 4756 5277 5276
f 4757 5278 5277
f 5268 5267 4748
f 4758 5279 5278
f 4774 5281 5280
f 4775 5282 5281
f 4768 5283 5282
f 4771 5284 5283
f 4770 5285 5284
f 4772 5286 5285
f 5259 5180 5181
f 5261 5181 5182
f 5250 5171 5172
f 5239 5238 5157
f 5240 5239 5157
f 5242 5163 5164
f 5243 5164 5165
f 5243 5165 5166
f 5244 5166 5167
f 5246 5167 5168
f 5246 5168 5169
f 5249 5169 5170
f 5250 5170 5171
f 5261 5182 5183
f 5251 5172 5173
f 5253 5173 5174
f 5253 5174 5175
f 5255 5175 5176
f 5255 5176 5177
f 5257 5177 5178
f 5257 5178 5179
f 5259 5179 5180
f 5267 5266 4747
f 5172 5251 5250
f 5247 5245 5246
f 5247 5246 5248
f 5247 5248 5249
f 5247 5249 5250
f 5247 5250 5251
f 5247 5251 5252
f 5252 5253 5247
f 5169 5248 5246
f 5248 5169 5249
f 5170 5250 5249
f 5247 5244 5245
f 5173 5252 5251
f 5252 5173 5253
f 5175 5254 5253
f 5254 5175 5255
f 5177 5256 5255
f 5256 5177 5257
f 5179 5258 5257
f 5258 5179 5259
f 5181 5260 5259
f 5164 5243 5242
f 5262 5183 5184
f 5264 5184 5185
f 5265 5185 5186
f 5241 5240 5162
f 5235 5236 5080
f 5236 5237 5080
f 5237 5238 5080
f 5080 5238 5247
f 5163 5242 5241
f 5316 5223 5319
f 5166 5244 5243
f 5167 5245 5244
f 5245 5167 5246
f 5247 5238 5239
f 5247 5239 5240
f 5247 5240 5241
f 5247 5241 5242
f 5247 5242 5243
f 5247 5243 5244
f 5418 4816 5547
f 5327 5371 5372
f 5142 4656 5389
f 5327 5372 5373
f 5382 5327 5381
f 5377 5327 5378
f 5327 5377 5381
f 5327 5380 5379
f 5379 5378 5327
f 5380 5327 5376
f 5389 4816 5418
f 5327 5370 5371
f 5390 5327 5373
f 5327 5391 5376
f 5369 5368 5383
f 5373 5372 5388
f 5371 5370 5385
f 5370 5369 5386
f 5372 5371 5387
f 5391 5327 5390
f 5341 5332 5398
f 5365 5364 4821
f 4821 5355 5351
f 5354 4821 5351
f 5356 5355 4821
f 5353 5331 4821
f 5353 4821 5352
f 4821 5360 5363
f 5362 5359 4821
f 5360 4821 5359
f 5362 4821 5361
f 5382 5361 4821
f 5346 5344 5395
f 5366 5365 4821
f 5367 5366 4821
f 5363 5367 4821
f 5358 4821 5357
f 5357 4821 5350
f 5364 5350 4821
f 5327 5374 5368
f 5327 5368 5369
f 5370 5327 5369
f 5352 5515 5353
f 5350 5364 5430
f 5365 5366 5427
f 5367 5363 5425
f 5427 5366 5367
f 5364 5365 5428
f 5356 5358 5432
f 5355 5435 5351
f 5355 5356 5433
f 5351 5435 5354
f 5352 5354 5437
f 5378 5379 5415
f 5357 5431 5358
f 5431 5357 5350
f 5361 5421 5362
f 5360 5424 5363
f 5424 5360 5359
f 5359 5362 5423
f 5377 5417 5381
f 5381 5420 5382
f 5361 5382 5420
f 5347 5345 5392
f 5344 5343 5393
f 5342 5341 5397
f 5343 5342 5396
f 5337 5333 5406
f 5338 5337 5405
f 5339 5338 5404
f 5409 5333 5336
f 5410 5336 5334
f 5332 5340 5407
f 5340 5339 5408
f 5358 5356 4821
f 5345 5346 5394
f 5349 5347 5403
f 5348 5349 5402
f 5375 5348 5399
f 5374 5375 5401
f 5368 5374 5400
f 5378 5416 5377
f 5376 5414 5380
f 5380 5415 5379
f 5319 5317 5323
f 5318 5312 5323
f 5304 5303 5323
f 5305 5304 5323
f 5308 5309 5323
f 5309 5305 5323
f 5323 5311 5308
f 5323 5316 5319
f 5314 5320 5323
f 5315 5314 5323
f 5320 5316 5323
f 5312 5310 5323
f 5323 5276 5277
f 5323 5277 5278
f 5323 5278 5279
f 5323 5279 5280
f 5280 5281 5323
f 5282 5283 5323
f 5323 5283 5284
f 5323 5281 5282
f 5284 5285 5323
f 5302 5300 5323
f 5317 5219 5318
f 5319 5220 5317
f 5320 5224 5316
f 5313 5225 5315
f 5321 5226 5313
f 5296 5295 5323
f 5297 5296 5323
f 5298 5297 5323
f 5299 5298 5323
f 5300 5299 5323
f 5323 5285 5286
f 5303 5307 5323
f 5301 5302 5323
f 5306 5301 5323
f 5307 5306 5323
f 5286 5321 5323
f 5321 5313 5323
f 5323 5313 5315
f 5310 5311 5323
f 5317 5318 5323
f 4820 5339 5340
f 5341 5342 4820
f 4820 5342 5343
f 5343 5344 4820
f 5344 5346 4820
f 4820 5346 5345
f 4820 5347 5349
f 5347 4820 5345
f 4820 5348 5375
f 5374 4820 5375
f 5348 4820 5349
f 4820 5332 5341
f 4820 5338 5339
f 5332 4820 5340
f 5327 5382 4821
f 5468 4821 5469
f 5471 5469 4821
f 5331 5330 4821
f 5472 5471 4821
f 5472 4821 5330
f 5354 5352 4821
f 5452 4820 5451
f 4615 4817 5324
f 5324 4818 5325
f 5325 4818 4616
f 4998 4615 5324
f 4998 5324 5325
f 5326 4998 5325
f 5327 4820 5374
f 4820 5450 5451
f 5452 5454 4820
f 5178 4734 4739
f 5455 5328 4820
f 4820 5328 5329
f 5455 4820 5454
f 4820 5334 5336
f 4820 5333 5337
f 5333 4820 5336
f 4820 5337 5338
f 4820 5329 5335
f 5335 5334 4820
f 5029 5028 3394
f 3398 4301 4998
f 4310 3376 5120
f 4300 4302 4307
f 4302 4303 4306
f 4307 4302 4306
f 4306 4303 4304
f 4306 4304 4305
f 4307 4306 4305
f 4307 4305 4310
f 5052 4300 4307
f 5028 5027 3393
f 5030 5029 3394
f 5031 5030 3377
f 5051 5031 3377
f 5052 5051 3378
f 5052 4307 4308
f 4307 4310 5120
f 4308 4309 5053
f 4308 4307 5120
f 4309 4308 5120
f 5004 4992 3385
f 4984 4983 3372
f 4985 4984 3372
f 4985 3374 4980
f 4986 4980 3374
f 4987 4986 3379
f 4988 4987 3379
f 4989 4988 3381
f 4990 4989 3381
f 4992 4991 3384
f 4991 4990 3383
f 5053 5052 4308
f 5005 5004 3386
f 3377 3378 5051
f 3378 4300 5052
f 5006 5005 3386
f 5007 5006 3388
f 5008 5007 3388
f 5009 5008 3390
f 5010 5009 3390
f 5027 5010 3391
f 4382 4314 4387
f 4314 4373 4297
f 4379 4314 4381
f 4385 4386 4314
f 4314 4386 4381
f 4375 4314 4380
f 4314 4379 4380
f 4373 4314 4378
f 4374 4378 4314
f 4314 4375 4374
f 4385 4314 4382
f 4364 4297 4373
f 4387 4314 4405
f 4405 4314 4433
f 4312 4472 4467
f 4312 4467 4311
f 4433 4314 4444
f 4311 4444 4314
f 4312 4311 4314
f 4313 4312 4314
f 4501 4498 4314
f 4297 4363 4372
f 5054 5053 4309
f 5060 5054 4309
f 5060 4309 5059
f 5120 5059 4309
f 3549 4467 4471
f 4472 3550 4470
f 4313 3566 4312
f 4501 3565 4498
f 4502 3552 4501
f 3553 4502 4500
f 4983 4982 3370
f 4364 4370 4297
f 4367 4369 4297
f 4366 4368 4297
f 4297 4365 4362
f 4297 4362 4363
f 4366 4297 4369
f 4367 4297 4371
f 4371 4297 4370
f 4365 4297 4368
f 4282 3396 4281
f 4273 4272 3350
f 4267 3350 4272
f 3350 4276 4277
f 4276 3350 4275
f 4283 4256 4284
f 3396 3350 4277
f 3396 4277 4278
f 3396 4279 4280
f 4279 3396 4278
f 3396 4282 4283
f 3350 4271 4273
f 4281 3396 4280
f 4283 4284 3396
f 4284 4262 4285
f 4284 4285 3396
f 3396 4285 3397
f 4285 4262 4292
f 4259 3958 4286
f 4261 4286 4287
f 3958 3959 4289
f 4266 4250 4269
f 4275 4252 4276
f 4277 4252 4278
f 4278 4254 4279
f 4280 4255 4281
f 4279 4254 4280
f 4281 4256 4282
f 4282 4256 4283
f 4274 4253 4275
f 4244 4266 4265
f 4264 4244 4265
f 4288 4261 4287
f 3350 3952 4264
f 3350 4266 4269
f 4266 3350 4265
f 4265 3350 4264
f 3350 4270 4271
f 4270 3350 4269
f 3350 4274 4275
f 4274 3350 4268
f 4268 3350 4267
f 5010 3390 3391
f 4818 4263 4616
f 4263 4294 4295
f 4618 4263 4295
f 5326 4296 4815
f 4298 4297 4299
f 4302 4300 3383
f 4965 3363 4966
f 5006 3387 3388
f 5008 3388 3389
f 5008 3389 3390
f 4615 4262 4817
f 5027 3391 3392
f 3392 3393 5027
f 3393 3394 5028
f 3394 3395 5030
f 5030 3395 3377
f 4978 4977 3369
f 4979 4978 3367
f 4981 4979 3368
f 4982 4981 3368
f 4293 4285 4292
f 4286 3958 4289
f 4287 4286 4289
f 4288 4287 4289
f 4289 3959 4815
f 4288 4290 4263
f 4288 4289 4291
f 4290 4288 4291
f 4290 4294 4263
f 3397 4285 4293
f 4314 4498 4313
f 4293 3398 3397
f 4290 4291 4296
f 4294 4290 4296
f 4296 4295 4294
f 4818 4817 4262
f 4291 4289 4815
f 4296 4291 4815
f 4292 4262 4293
f 4614 4293 4262
f 4193 4406 4409
f 4400 3915 4395
f 4395 3915 4396
f 3916 4401 4398
f 3916 4397 4402
f 4401 3916 4402
f 4191 4398 4404
f 4191 4404 4399
f 4192 4399 4403
f 4403 4405 4192
f 4193 4405 4408
f 3915 4400 4397
f 4406 4193 4407
f 4407 4193 4408
f 4194 4409 4410
f 4195 4411 4415
f 4411 4194 4414
f 4412 4195 4415
f 4414 4194 4410
f 4413 4196 4416
f 4416 4196 4412
f 4387 3911 4382
f 4378 3906 4377
f 3907 4374 4375
f 4380 4379 3908
f 4380 3908 4375
f 3908 4379 4376
f 3909 4376 4381
f 3910 4381 4386
f 4385 4382 3910
f 4386 4385 3910
f 3911 4387 4388
f 4419 4197 4421
f 3911 4388 4383
f 3912 4389 4384
f 4389 3912 4383
f 3913 4384 4392
f 3913 4392 4393
f 3913 4393 4394
f 3913 4394 4390
f 3914 4390 4391
f 3915 4391 4396
f 3934 4585 4586
f 4596 3929 4581
f 4573 3931 4574
f 4574 3931 4582
f 3933 4583 4584
f 4582 3933 4577
f 4577 3933 4584
f 3936 4587 4588
f 4587 3936 4576
f 4583 3934 4578
f 4585 3935 4579
f 3929 4575 4581
f 4578 3934 4586
f 4579 3936 4580
f 4580 3936 4588
f 4576 3937 4569
f 4571 3938 4568
f 4572 4570 3939
f 4569 3939 4570
f 4572 3939 4571
f 4555 4553 4205
f 4599 3902 4589
f 4197 4413 4417
f 4197 4417 4418
f 4421 4197 4418
f 4361 3928 4437
f 3928 4436 4437
f 3719 4439 4436
f 4439 3719 4438
f 3900 4598 4600
f 4599 4597 3901
f 4594 3903 4590
f 3906 4373 4377
f 4593 4590 3903
f 3902 4594 4595
f 4595 4589 3902
f 4593 3904 4591
f 4596 4592 3905
f 4591 3905 4592
f 4598 3901 4597
f 3900 4600 4601
f 4575 3930 4573
f 4565 4314 4560
f 4314 4545 4552
f 4540 4314 4552
f 4543 4550 4314
f 4543 4314 4548
f 4548 4314 4542
f 4549 4314 4541
f 4544 4314 4550
f 4314 4564 4560
f 4314 4565 4554
f 4553 4314 4554
f 4314 4551 4545
f 4564 4314 4559
f 4314 4569 4570
f 4314 4568 4556
f 4314 4556 4567
f 4314 4567 4566
f 4314 4566 4557
f 4314 4573 4587
f 4561 4562 4314
f 4558 4563 4314
f 4314 4528 4526
f 4502 4501 4314
f 4314 4503 4500
f 4503 4314 4505
f 4502 4314 4500
f 4505 4314 4515
f 4515 4314 4522
f 4522 4314 4524
f 4521 4524 4314
f 4521 4314 4523
f 4314 4540 4530
f 4561 4314 4563
f 4523 4314 4526
f 4528 4314 4525
f 4525 4314 4530
f 4314 4547 4542
f 4314 4555 4546
f 4547 4314 4549
f 4555 4314 4553
f 4314 4546 4541
f 4544 4551 4314
f 3837 4365 4368
f 3719 4319 4438
f 3965 4320 4319
f 4320 3965 4321
f 4321 3965 4322
f 4323 4322 3965
f 4003 4331 4323
f 4331 4003 4332
f 4362 3835 4363
f 3835 4372 4363
f 3836 4362 4365
f 4598 4314 4600
f 4368 4366 3837
f 4369 4367 3838
f 4369 3838 4366
f 3840 4367 4371
f 4370 4364 3840
f 4371 4370 3840
f 3841 4364 4373
f 3928 4361 4372
f 4378 4374 3906
f 4592 4596 4314
f 4559 4314 4562
f 4558 4314 4557
f 4570 4572 4314
f 4314 4587 4576
f 4314 4572 4571
f 4569 4314 4576
f 4568 4314 4571
f 4590 4593 4314
f 4573 4314 4575
f 4252 4277 4276
f 4575 4314 4596
f 4592 4314 4591
f 4591 4314 4593
f 4590 4314 4594
f 4594 4314 4595
f 4595 4314 4589
f 4589 4314 4599
f 4599 4314 4597
f 4597 4314 4598
f 4188 4184 4190
f 4183 4182 4186
f 4183 4186 4187
f 4184 4183 4189
f 4189 4183 4187
f 4185 4181 4232
f 4186 4185 4233
f 4233 4185 4232
f 4186 4233 4234
f 4234 4187 4186
f 4184 4189 4190
f 4186 4178 4185
f 4234 4235 4187
f 4187 4236 4189
f 4236 4187 4235
f 4190 4189 4236
f 4190 4236 4238
f 3916 4191 4192
f 4194 3916 4192
f 4194 4192 4193
f 4194 4195 4198
f 4182 4183 4171
f 4174 4168 4172
f 4170 4156 4177
f 4156 4176 4177
f 4170 4177 4178
f 4170 4178 4182
f 4171 4170 4182
f 4171 4183 4172
f 4173 4169 4175
f 4174 4175 4169
f 4183 4174 4172
f 4198 4195 4196
f 4175 4174 4188
f 4174 4183 4184
f 4188 4174 4184
f 4176 4179 4180
f 4181 4176 4180
f 4176 4181 4177
f 4177 4185 4178
f 4185 4177 4181
f 4178 4186 4182
f 4228 4230 4226
f 4208 3547 3560
f 4217 4208 4224
f 4217 4220 4218
f 4220 4219 4221
f 4219 4220 4222
f 4222 4220 4223
f 4217 4224 4220
f 3560 4224 4208
f 4220 4224 4223
f 4224 3553 4225
f 4229 4215 4216
f 4228 4226 4227
f 4225 3553 4228
f 4230 4228 3551
f 3836 3835 4362
f 4213 3542 3544
f 3553 3551 4228
f 3900 3901 4598
f 4242 3900 4316
f 4319 3719 3965
f 4205 4208 4206
f 4198 4196 4197
f 4194 4198 4213
f 4198 4199 4201
f 4201 4199 4200
f 4213 4198 4201
f 4201 4202 4203
f 4201 4203 4212
f 3944 4205 4204
f 3944 3943 4208
f 4205 3944 4208
f 4169 4168 4174
f 4206 4208 4207
f 4208 4217 4209
f 4210 4217 4211
f 4209 4217 4210
f 3547 4194 4213
f 4213 4201 4212
f 4213 4214 4215
f 4229 4213 4215
f 3542 4213 4229
f 4152 4137 4166
f 4141 4132 4140
f 4145 4133 4141
f 4135 4109 4138
f 4109 4137 4138
f 4136 4135 4142
f 4138 4142 4135
f 4137 4112 4166
f 4112 4164 4165
f 4166 4112 4165
f 4138 4137 4152
f 4134 4133 4145
f 4139 4136 4143
f 4140 4139 4144
f 4136 4142 4143
f 4143 4144 4139
f 4141 4140 4146
f 4144 4146 4140
f 4142 4138 4153
f 4153 4138 4152
f 4143 4142 4167
f 4129 4134 4130
f 4128 4127 4149
f 4119 4120 4125
f 4121 4125 4120
f 4149 4127 4121
f 4121 4120 4122
f 4121 4122 4157
f 4123 4116 4118
f 4124 4123 4119
f 4038 4129 4130
f 4041 4133 4129
f 4167 4142 4153
f 4131 4100 4136
f 4136 4100 4135
f 4132 4131 4140
f 4131 4136 4139
f 4140 4131 4139
f 4131 4132 4041
f 4133 4041 4132
f 4134 4129 4133
f 4133 4132 4141
f 4154 4160 4161
f 4155 4156 4152
f 4153 4152 4170
f 4167 4153 4170
f 4170 4152 4156
f 4160 4154 4151
f 4176 4155 4154
f 4155 4176 4156
f 4149 4157 4158
f 4158 4159 4150
f 4150 4159 4160
f 4155 4166 4154
f 4159 4162 4160
f 4160 4162 4163
f 4179 4160 4163
f 4154 4161 4176
f 4160 4179 4161
f 4161 4179 4176
f 4168 4167 4171
f 4171 4167 4170
f 4171 4172 4168
f 4164 4128 4150
f 4144 4143 4168
f 4168 4143 4167
f 4145 4141 4147
f 4141 4146 4147
f 4147 4148 4145
f 4146 4144 4168
f 4168 4169 4146
f 4147 4146 4173
f 4173 4146 4169
f 4323 3965 4003
f 4150 4128 4149
f 4150 4151 4164
f 4165 4164 4154
f 4154 4164 4151
f 4166 4165 4154
f 4149 4121 4157
f 4150 4149 4158
f 4151 4150 4160
f 4152 4166 4155
f 4237 3953 4239
f 4511 4226 4230
f 4227 4226 4514
f 4230 3551 4509
f 4316 3900 4317
f 4601 4317 3900
f 4240 3955 4231
f 4233 3947 4234
f 4235 4234 3947
f 4235 3950 4237
f 4239 3954 4240
f 4228 4227 4519
f 4231 3354 3355
f 4236 4235 4237
f 4237 4239 4236
f 4238 4236 4240
f 4240 4236 4239
f 4231 3355 4298
f 4240 4231 4241
f 4241 4231 4298
f 4241 4298 4315
f 4468 3548 3547
f 4215 4214 4444
f 4216 4215 4445
f 3541 4229 4446
f 4229 4216 4447
f 3542 3541 4451
f 3543 3542 4452
f 3544 3543 4454
f 3546 3545 4460
f 3545 3544 4457
f 3547 3546 4463
f 4240 4241 4315
f 4474 3556 3555
f 4477 3557 3556
f 4484 3560 3559
f 4488 3562 3560
f 4487 3561 3562
f 3566 3561 4489
f 4494 3565 3564
f 4504 3551 3554
f 4495 3564 3563
f 4828 3539 3537
f 4262 4256 4261
f 4256 4262 4284
f 4262 4261 4263
f 4260 4259 4286
f 4261 4260 4286
f 3959 3399 4815
f 4263 4261 4288
f 4262 4263 4818
f 4816 4815 3503
f 4825 3503 3539
f 4260 4255 4259
f 3952 3951 4244
f 3952 4244 4264
f 4269 4251 4270
f 4270 4247 4271
f 4273 4248 4272
f 4271 4247 4273
f 4272 4248 4267
f 4249 4274 4268
f 4267 4249 4268
f 4250 4266 4244
f 4243 4318 3399
f 3399 4318 4314
f 4243 3957 4242
f 4243 4242 4316
f 4318 4243 4316
f 4255 4254 4259
f 4254 4252 4259
f 4256 4255 4261
f 4247 4270 4251
f 4251 4269 4250
f 4214 4213 4441
f 4248 4273 4247
f 4249 4267 4248
f 4255 4280 4254
f 4256 4281 4255
f 4253 4274 4249
f 4252 4275 4253
f 4254 4278 4252
f 4259 4252 4257
f 4261 4255 4260
f 3928 3927 4436
f 3909 3908 4376
f 3910 3909 4381
f 3911 3910 4382
f 3912 3911 4383
f 3913 3912 4384
f 3914 3913 4390
f 3915 3914 4391
f 3916 3915 4397
f 4191 3916 4398
f 4192 4191 4399
f 3908 3907 4375
f 4436 3927 3719
f 3901 3902 4599
f 3902 3903 4594
f 3903 3904 4593
f 3904 3905 4591
f 3905 3929 4596
f 3929 3930 4575
f 3930 3931 4573
f 3931 3933 4582
f 4175 4188 4351
f 4003 4044 4332
f 4044 4051 4334
f 4051 4038 4338
f 4038 4130 4327
f 4134 4145 4341
f 4130 4134 4330
f 4145 4148 4345
f 4148 4147 4346
f 4147 4173 4347
f 4173 4175 4348
f 3933 3934 4583
f 4188 4190 4353
f 4190 4238 4357
f 4372 3835 3928
f 3837 3836 4365
f 3838 3837 4366
f 3840 3838 4367
f 3841 3840 4364
f 3906 3841 4373
f 3907 3906 4374
f 4535 4211 4217
f 4201 4200 4428
f 4203 4202 4429
f 4212 4203 4430
f 4213 4212 4440
f 4205 4206 4546
f 4547 4206 4207
f 4548 4207 4208
f 4550 4208 4209
f 4209 4210 4551
f 4540 4210 4211
f 4202 4201 4427
f 4536 4217 4218
f 4530 4218 4220
f 4528 4220 4221
f 4520 4219 4222
f 4222 4223 4520
f 4223 4224 4523
f 4224 4225 4522
f 4225 4228 4518
f 4529 4221 4219
f 3942 3944 4562
f 3934 3935 4585
f 3935 3936 4579
f 3936 3937 4576
f 3937 3939 4569
f 3939 3938 4571
f 3938 3940 4568
f 4204 4205 4554
f 3940 3941 4566
f 3941 3942 4557
f 4555 4205 4546
f 3944 4204 4564
f 4193 4192 4405
f 4194 4193 4409
f 4195 4194 4411
f 4196 4195 4412
f 4197 4196 4413
f 4198 4197 4419
f 4199 4198 4420
f 4200 4199 4425
f 4645 4641 4660
f 4648 4652 4695
f 66 4830 4826
f 4619 4653 4655
f 4654 4656 4653
f 4655 4653 4656
f 4656 4698 4655
f 4653 4619 5120
f 4623 4621 4659
f 4659 4621 4645
f 4691 4692 4996
f 4652 4650 4651
f 4641 4642 4660
f 4642 4644 4667
f 4643 4646 4658
f 4658 4646 4689
f 4644 4643 4667
f 4689 4690 4995
f 4995 4690 4691
f 4630 4629 4674
f 4662 4622 4623
f 4648 4637 4638
f 4624 4631 4630
f 4631 4624 4628
f 4631 4628 4637
f 4623 4631 4648
f 4628 4632 4634
f 4634 4632 4633
f 4628 4634 4635
f 4637 4628 4635
f 4648 4631 4637
f 4637 4635 4636
f 4631 4622 4662
f 4638 4639 4640
f 4648 4638 4640
f 4645 4642 4641
f 4642 4646 4643
f 4642 4643 4644
f 4645 4623 4642
f 4648 4640 4647
f 4648 4649 4652
f 4652 4649 4650
f 4657 4643 4658
f 4620 5080 4696
f 5121 4620 4655
f 4661 4659 4645
f 4662 4623 4665
f 4623 4659 4665
f 4664 4631 4662
f 4645 4660 4661
f 4666 4660 4642
f 4667 4666 4642
f 4657 4667 4643
f 4652 4651 4687
f 4994 4658 4689
f 4994 4689 4995
f 4993 4996 4692
f 4997 4993 4693
f 4996 4995 4691
f 4674 4629 4663
f 4664 4663 4629
f 4624 4674 4675
f 4626 4668 4669
f 4636 4635 4677
f 4629 4631 4664
f 4624 4630 4674
f 4625 4624 4668
f 4626 4625 4668
f 4627 4626 4670
f 4628 4627 4670
f 4632 4628 4672
f 4633 4632 4672
f 4634 4633 4676
f 4635 4634 4677
f 4630 4631 4629
f 4637 4636 4678
f 4638 4637 4679
f 4639 4638 4681
f 4640 4639 4681
f 4647 4640 4683
f 4648 4647 4683
f 4649 4648 4685
f 4650 4649 4686
f 4651 4650 4686
f 4527 4520 4526
f 4509 4507 4508
f 4511 4508 4512
f 4513 4511 4512
f 4514 4513 4512
f 4519 4512 4515
f 4519 4515 4516
f 4518 4516 4515
f 4518 4515 4517
f 4529 4520 4527
f 4520 4523 4526
f 4510 4505 4507
f 4534 4536 4530
f 4536 4531 4530
f 4530 4531 4533
f 4533 4532 4530
f 4540 4537 4530
f 4537 4539 4530
f 4539 4538 4530
f 4538 4535 4530
f 4535 4534 4530
f 4496 4495 4313
f 4472 4312 4478
f 4487 4485 4488
f 4488 4482 4487
f 4487 4478 4486
f 4478 4312 4489
f 4489 4486 4478
f 4492 4313 4490
f 4489 4312 4491
f 4313 4493 4496
f 4493 4313 4498
f 4581 4575 4596
f 4494 4493 4498
f 4495 4490 4313
f 4498 4497 4494
f 4505 4504 4503
f 4504 4499 4503
f 4515 4512 4508
f 4515 4508 4505
f 4511 4506 4508
f 4505 4508 4507
f 4616 4612 5325
f 4301 4610 4613
f 4617 4611 4612
f 4262 4615 4614
f 4613 4293 4614
f 4263 4618 4616
f 4295 4617 4618
f 4612 4296 5326
f 4301 4613 4614
f 4301 4614 4615
f 4998 4301 4615
f 4611 4296 4612
f 4617 4612 4618
f 4616 4618 4612
f 5326 5325 4612
f 421 4655 4620
f 4623 4645 4621
f 4622 4631 4623
f 4624 4626 4627
f 4625 4626 4624
f 4628 4624 4627
f 4586 4585 4574
f 4574 4578 4586
f 4587 4573 4580
f 4573 4574 4579
f 4585 4579 4574
f 4583 4578 4574
f 4582 4577 4574
f 4580 4573 4579
f 4577 4584 4574
f 4588 4587 4580
f 4675 4668 4624
f 4584 4583 4574
f 4600 4314 4601
f 4601 4314 4609
f 4608 4601 4609
f 3398 4293 4610
f 3398 4610 4301
f 4610 4293 4613
f 4295 4296 4611
f 4295 4611 4617
f 4761 4814 4760
f 5161 4702 5143
f 5144 5143 4704
f 4733 4738 4734
f 4738 4733 4735
f 4734 4738 4740
f 4740 4739 4734
f 4738 4735 4737
f 4736 4808 4749
f 4735 4736 4737
f 4759 4749 4808
f 5161 5160 4702
f 4736 4749 4737
f 4749 4738 4737
f 4742 4740 4738
f 4740 4742 4741
f 4738 4746 4742
f 4742 4746 4743
f 4746 4738 4749
f 4743 4745 4744
f 4745 4743 4746
f 4701 4702 5160
f 5146 5145 4705
f 5147 5146 4707
f 5149 5147 4708
f 5148 5149 4708
f 5150 5148 4710
f 5151 5150 4710
f 5162 4717 4718
f 5162 4718 4719
f 4700 4699 5158
f 4699 4701 5160
f 4746 4748 4747
f 4702 4703 5143
f 5143 4703 4704
f 4704 4705 5145
f 4705 4706 5146
f 5146 4706 4707
f 4707 4708 5147
f 5158 4997 4700
f 5159 5158 4699
f 5160 5159 4699
f 5169 4724 4725
f 4774 4772 4768
f 4768 4770 4771
f 4774 4756 4772
f 4758 4774 4773
f 4774 4768 4775
f 5164 4719 4720
f 5164 4720 4721
f 5166 4721 4722
f 5167 4722 4723
f 5167 4723 4724
f 4770 4768 4772
f 5170 4725 4726
f 5170 4726 4727
f 5171 4727 4728
f 5173 4728 4729
f 5173 4729 4730
f 5175 4730 4731
f 5176 4731 4732
f 5177 4732 4733
f 5178 4733 4734
f 4776 4759 4761
f 4748 4746 4749
f 4749 4751 4750
f 4749 4776 4756
f 4751 4749 4752
f 4752 4749 4756
f 4752 4756 4753
f 4753 4756 4754
f 4754 4756 4755
f 4756 4758 4757
f 4758 4756 4774
f 5145 5144 4704
f 4749 4759 4776
f 4767 4761 4762
f 4767 4763 4761
f 4776 4761 4763
f 4764 4776 4765
f 4776 4763 4765
f 4764 4765 4766
f 4772 4776 4769
f 4756 4776 4772
f 4904 417 4698
f 4692 4691 4690
f 4642 4694 4692
f 4692 4700 4693
f 4700 4692 4694
f 4694 4648 4700
f 4646 4642 4692
f 4642 4623 4694
f 4694 4623 4648
f 4648 4695 4781
f 4695 4652 4778
f 4690 4646 4692
f 4698 4656 4697
f 4904 4830 383
f 4993 4692 4693
f 4700 4701 4699
f 4701 4700 4704
f 4702 4701 4703
f 4700 4705 4704
f 4703 4701 4704
f 4700 4648 4735
f 4640 4681 4682
f 4670 4626 4669
f 4628 4670 4671
f 4672 4628 4671
f 4633 4672 4673
f 4676 4633 4673
f 4677 4634 4676
f 4678 4636 4677
f 4679 4637 4678
f 4638 4679 4680
f 4681 4638 4680
f 4736 4648 4808
f 4683 4640 4682
f 4648 4683 4684
f 4685 4648 4684
f 4686 4649 4685
f 4687 4651 4686
f 4652 4687 4688
f 5122 4655 4698
f 472 4620 4696
f 4690 4689 4646
f 4731 4733 4732
f 4723 4716 4733
f 4723 4728 4724
f 4724 4728 4725
f 4725 4727 4726
f 4727 4725 4728
f 4728 4723 4731
f 4728 4730 4729
f 4731 4723 4733
f 4733 4716 4735
f 4730 4728 4731
f 4721 4723 4722
f 4708 4709 5148
f 5148 4709 4710
f 4710 4711 5151
f 5151 4711 4712
f 5152 4712 4713
f 5154 4713 4714
f 5154 4714 4715
f 5156 4715 4716
f 5156 4716 4717
f 4713 4705 4716
f 4997 4693 4700
f 4705 4708 4706
f 4706 4708 4707
f 4705 4700 4716
f 4708 4705 4710
f 4708 4710 4709
f 4710 4705 4713
f 4735 4648 4736
f 4710 4712 4711
f 4482 4478 4487
f 4712 4710 4713
f 4713 4716 4714
f 4714 4716 4715
f 4716 4718 4717
f 4718 4716 4721
f 4718 4721 4719
f 4721 4716 4723
f 4716 4700 4735
f 4719 4721 4720
f 3556 4474 4475
f 3547 4463 4466
f 4311 3547 4465
f 4466 4465 3547
f 3547 4311 4468
f 4467 3548 4469
f 4469 3548 4468
f 3549 4471 4473
f 3555 4472 4474
f 4470 3549 4473
f 4480 3558 4476
f 4464 4463 3546
f 3557 4477 4479
f 3556 4478 4477
f 4478 3556 4475
f 4476 3557 4479
f 3559 4480 4481
f 3559 4481 4483
f 3559 4483 4484
f 3560 4484 4482
f 3560 4482 4488
f 3543 4452 4455
f 4441 4213 4440
f 4445 4215 4444
f 4453 4451 3541
f 4216 4445 4450
f 3541 4446 4448
f 4229 4447 4449
f 4446 4229 4449
f 4450 4447 4216
f 4452 3542 4451
f 4453 3541 4448
f 3562 4485 4487
f 3543 4455 4456
f 4456 4454 3543
f 3544 4454 4459
f 4459 4458 3544
f 4458 4457 3544
f 3545 4457 4461
f 3545 4461 4462
f 4462 4460 3545
f 3546 4460 4464
f 4220 4525 4530
f 4523 4224 4521
f 4224 4522 4524
f 4520 4223 4523
f 4524 4521 4224
f 4217 4534 4535
f 4534 4217 4536
f 4221 4527 4526
f 4221 4526 4528
f 4527 4221 4529
f 4528 4525 4220
f 4515 4225 4517
f 4218 4532 4533
f 4532 4218 4530
f 4218 4533 4531
f 4218 4531 4536
f 4226 4511 4513
f 4227 4512 4519
f 4226 4513 4514
f 4512 4227 4514
f 4230 4508 4506
f 3563 4490 4495
f 3561 4487 4486
f 4485 3562 4488
f 3561 4486 4489
f 3551 4504 4505
f 3563 4313 4492
f 4312 3566 4491
f 3563 4492 4490
f 4491 3566 4489
f 3564 4496 4493
f 4496 3564 4495
f 4442 4214 4441
f 3564 4493 4494
f 4498 3565 4497
f 4497 3565 4494
f 3554 4499 4504
f 4503 3553 4500
f 4499 3554 4503
f 4219 4520 4529
f 4225 4518 4517
f 4522 4225 4515
f 4324 4038 4325
f 3942 4561 4563
f 4562 4561 3942
f 4563 4558 3942
f 4562 3944 4559
f 4564 4559 3944
f 4564 4204 4560
f 4554 4205 4553
f 4204 4554 4565
f 4565 4560 4204
f 4338 4038 4324
f 4557 3942 4558
f 4325 4038 4326
f 4326 4038 4327
f 4327 4130 4328
f 4328 4130 4329
f 4329 4130 4330
f 4336 4044 4333
f 4333 4044 4334
f 4332 4044 4335
f 4044 4336 4335
f 4210 4545 4551
f 4206 4541 4546
f 4207 4542 4547
f 4206 4547 4549
f 4548 4542 4207
f 4549 4541 4206
f 4550 4543 4208
f 4208 4543 4548
f 4209 4544 4550
f 4551 4544 4209
f 4211 4535 4538
f 4334 4051 4337
f 4552 4545 4210
f 4552 4210 4540
f 4211 4539 4537
f 4211 4537 4540
f 4539 4211 4538
f 4567 4556 3940
f 4568 3940 4556
f 4566 3941 4557
f 4567 3940 4566
f 4425 4432 4200
f 4356 4190 4357
f 4357 4238 4358
f 4198 4419 4422
f 4420 4198 4422
f 4199 4420 4424
f 4425 4199 4426
f 4426 4199 4423
f 4423 4199 4424
f 4200 4432 4431
f 4428 4200 4431
f 4353 4190 4356
f 4202 4427 4433
f 4427 4201 4428
f 4203 4429 4435
f 4429 4202 4433
f 4430 4203 4434
f 4434 4203 4435
f 4440 4212 4430
f 4214 4442 4443
f 4444 4214 4443
f 4346 4344 4148
f 4051 4338 4337
f 4134 4341 4340
f 4339 4134 4340
f 4330 4134 4339
f 4341 4145 4342
f 4345 4342 4145
f 4148 4344 4343
f 4345 4148 4343
f 4346 4147 4347
f 3551 4510 4507
f 4347 4173 4360
f 4360 4173 4348
f 4348 4175 4349
f 4350 4349 4175
f 4351 4350 4175
f 4351 4188 4352
f 4188 4355 4352
f 4188 4353 4354
f 4355 4188 4354
f 4424 4420 4428
f 4415 4408 4412
f 4416 4412 4408
f 4416 4405 4413
f 4417 4413 4405
f 4421 4418 4405
f 4418 4417 4405
f 4419 4421 4433
f 4421 4405 4433
f 4422 4419 4433
f 4420 4422 4433
f 4415 4411 4408
f 4423 4424 4428
f 4426 4423 4428
f 4433 4427 4420
f 4428 4420 4427
f 4425 4426 4428
f 4432 4425 4428
f 4432 4428 4431
f 4434 4435 4433
f 4435 4429 4433
f 4401 4405 4398
f 4402 4397 4405
f 4396 4391 4405
f 4391 4390 4405
f 4405 4390 4393
f 4393 4392 4405
f 4392 4384 4405
f 4395 4396 4405
f 4400 4395 4405
f 4405 4397 4400
f 4402 4405 4401
f 4440 4430 4434
f 4404 4398 4405
f 4404 4405 4399
f 4403 4399 4405
f 4408 4405 4416
f 4408 4411 4414
f 4414 4410 4408
f 4409 4406 4407
f 4410 4409 4407
f 4410 4407 4408
f 4473 4471 4470
f 4461 4311 4462
f 4460 4462 4311
f 4460 4311 4464
f 4463 4464 4311
f 4465 4466 4311
f 4311 4466 4463
f 4467 4469 4311
f 4468 4311 4469
f 4471 4467 4470
f 4472 4470 4467
f 4457 4311 4461
f 4479 4477 4478
f 4479 4478 4476
f 4481 4480 4483
f 4480 4476 4478
f 4480 4478 4482
f 4474 4472 4475
f 4478 4475 4472
f 4482 4484 4480
f 4484 4483 4480
f 4446 4455 4452
f 4434 4433 4444
f 4434 4444 4441
f 4442 4441 4444
f 4441 4440 4434
f 4443 4442 4444
f 4450 4445 4446
f 4446 4445 4444
f 4450 4446 4449
f 4447 4450 4449
f 4446 4456 4455
f 4384 4389 4405
f 4446 4452 4448
f 4448 4452 4451
f 4451 4453 4448
f 4454 4456 4459
f 4444 4311 4446
f 4456 4311 4459
f 4456 4446 4311
f 4458 4459 4311
f 4457 4458 4311
f 4340 4341 4297
f 4609 4317 4608
f 4337 4338 4297
f 4338 4324 4297
f 4324 4325 4297
f 4326 4297 4325
f 4297 4326 4327
f 4327 4328 4297
f 4328 4329 4297
f 4330 4339 4297
f 4329 4330 4297
f 4609 4318 4317
f 4342 4297 4341
f 4345 4343 4297
f 4297 4342 4345
f 4344 4297 4343
f 4346 4347 4297
f 4346 4297 4344
f 4339 4340 4297
f 4437 4436 4297
f 4361 4437 4297
f 4358 4238 4359
f 4230 4506 4511
f 3551 4507 4509
f 4510 3551 4505
f 4508 4230 4509
f 4518 4228 4516
f 4516 4228 4519
f 4238 4240 4602
f 4240 4315 4606
f 4315 4298 4607
f 4603 4359 4238
f 4319 4320 4297
f 4603 4238 4602
f 4604 4602 4240
f 4605 4604 4240
f 4606 4605 4240
f 4607 4298 4299
f 4607 4606 4315
f 4317 4601 4608
f 4314 4318 4609
f 4316 4317 4318
f 4357 4297 4356
f 4347 4360 4297
f 4297 4348 4349
f 4348 4297 4360
f 4349 4350 4297
f 4350 4351 4297
f 4351 4352 4297
f 4355 4354 4297
f 4355 4297 4352
f 4354 4353 4297
f 4297 4353 4356
f 4604 4605 4297
f 4605 4606 4297
f 4297 4606 4607
f 4299 4297 4607
f 4381 4376 4379
f 4377 4373 4378
f 4388 4387 4405
f 4383 4388 4405
f 4394 4393 4390
f 4389 4383 4405
f 4322 4323 4297
f 4321 4322 4297
f 4321 4297 4320
f 4439 4438 4297
f 4438 4319 4297
f 4439 4297 4436
f 4372 4361 4297
f 4297 4332 4335
f 4332 4297 4331
f 4335 4336 4297
f 2792 2576 2793
f 4297 4323 4331
f 4333 4297 4336
f 4333 4334 4297
f 4337 4297 4334
f 4357 4358 4297
f 4358 4359 4297
f 4359 4603 4297
f 4297 4603 4602
f 4602 4604 4297
f 1051 1052 1062
f 1416 836 1424
f 839 1428 1425
f 1424 839 1425
f 1428 844 1429
f 1429 844 1460
f 1460 847 1466
f 1466 850 1409
f 2114 1409 850
f 2115 2114 854
f 2116 2115 854
f 1415 836 1416
f 1050 1051 1062
f 1053 1054 1059
f 1052 1053 1059
f 1054 1206 1060
f 1057 1049 1058
f 1055 1056 1098
f 1056 1057 1098
f 1047 1055 1085
f 1098 1057 1097
f 820 1080 1081
f 1573 808 1077
f 1070 820 1071
f 1076 804 1072
f 1072 804 1070
f 1086 819 1083
f 1083 811 1082
f 1082 810 1048
f 816 1086 1087
f 1080 816 1087
f 1057 1099 1097
f 1071 820 1081
f 1069 827 1074
f 1073 824 1075
f 1074 827 1073
f 1075 824 1570
f 1570 824 1569
f 824 1573 1569
f 1250 851 1410
f 1410 851 1415
f 1086 1083 1088
f 1070 1141 1078
f 1079 1070 1078
f 1078 1141 1145
f 1048 1047 1085
f 1083 1082 1089
f 1082 1048 1089
f 1090 1048 1084
f 1084 1048 1085
f 1089 1048 1090
f 1076 1079 1582
f 1087 1086 1131
f 1086 1128 1129
f 1128 1086 1088
f 1091 1083 1089
f 1088 1083 1091
f 1089 1090 1095
f 1091 1089 1134
f 1088 1091 1134
f 1134 1089 1093
f 1062 1063 1105
f 1099 1057 1058
f 1058 1049 1050
f 1062 1052 1063
f 1058 1050 1061
f 1061 1050 1062
f 1052 1059 1063
f 1059 1054 1060
f 1058 1061 1106
f 1106 1061 1062
f 808 1076 1077
f 1063 1059 1105
f 1059 1060 1064
f 1064 1060 1206
f 1105 1059 1064
f 1071 1081 1141
f 1070 1071 1141
f 1072 1070 1079
f 1076 1072 1079
f 1077 1076 1574
f 1005 1579 1580
f 1005 1067 1068
f 1005 1068 1069
f 1005 1069 1074
f 1005 1073 1075
f 1074 1073 1005
f 1005 1075 1572
f 1005 1572 1576
f 1005 1577 1579
f 1577 1005 1576
f 1005 1065 1067
f 1005 1581 1588
f 1581 1005 1580
f 1005 1588 1592
f 1005 1592 1594
f 1005 1594 1595
f 1005 1595 1598
f 1005 1598 1599
f 1005 1600 1605
f 1600 1005 1599
f 1039 1040 1004
f 1004 1028 1030
f 1004 1030 1031
f 1004 1031 1032
f 1034 1033 1004
f 1004 1033 1035
f 1004 1035 1036
f 1034 1004 1032
f 1004 1036 1037
f 1004 1037 1038
f 1005 1605 1606
f 1039 1004 1038
f 1043 1004 1042
f 1004 1040 1041
f 1042 1004 1041
f 1005 1043 1044
f 1005 1044 1045
f 1005 1045 1046
f 1005 1046 1066
f 1066 1065 1005
f 1043 830 1044
f 1033 869 1035
f 1035 868 1036
f 868 1038 1037
f 1036 868 1037
f 1038 868 1039
f 1039 866 1040
f 830 1043 1042
f 1040 830 1041
f 1041 830 1042
f 1026 876 1027
f 1044 828 1045
f 1032 871 1034
f 1034 871 1033
f 834 1046 1045
f 1046 834 1066
f 1065 826 1067
f 1066 834 1065
f 1067 827 1068
f 1068 827 1069
f 874 1029 1027
f 1005 1606 1609
f 1005 1609 1610
f 1005 1610 1613
f 1005 1613 1614
f 2555 1005 1841
f 1010 1009 1012
f 1012 1009 1011
f 1010 1568 1013
f 1010 1012 1568
f 1085 1112 1092
f 871 1032 1031
f 871 1031 1030
f 873 1028 1029
f 1028 873 1030
f 878 1008 1006
f 1008 878 1023
f 876 1026 1024
f 1023 878 1025
f 877 1024 1025
f 1148 1130 1147
f 1141 1132 1144
f 1131 1142 1144
f 1144 1132 1131
f 1143 1133 1148
f 1143 1148 1149
f 1142 1143 1149
f 1145 1141 1144
f 1144 1142 1146
f 1146 1142 1149
f 1144 1146 1619
f 1139 1159 1154
f 1148 1147 1150
f 1621 1148 1150
f 1149 1148 1622
f 1622 1148 1621
f 1147 1138 1155
f 1155 1138 1137
f 1155 1137 1151
f 1150 1147 1155
f 1151 1152 1157
f 1096 1139 1140
f 1131 1129 1143
f 1129 1128 1143
f 1148 1133 1130
f 1130 1088 1134
f 1093 1095 1137
f 1134 1093 1138
f 1137 1095 1136
f 1136 1095 1135
f 1136 1135 1140
f 1152 1140 1157
f 1139 1096 1159
f 1135 1096 1140
f 1130 1134 1138
f 1138 1093 1137
f 1130 1138 1147
f 1137 1136 1151
f 1151 1136 1152
f 1152 1136 1140
f 1140 1139 1154
f 1126 1171 1167
f 1163 1160 1164
f 1165 1162 1175
f 1164 1165 1175
f 1175 1162 1176
f 1176 1162 1169
f 1124 1168 1162
f 1168 1124 1166
f 1170 1168 1166
f 1166 1167 1171
f 1165 1118 1162
f 1172 1126 1127
f 1269 1314 1127
f 1171 1126 1172
f 1172 1127 1173
f 1173 1127 1314
f 1162 1168 1169
f 1169 1168 1170
f 1170 1166 1171
f 1170 1171 1184
f 1641 1153 1158
f 1140 1154 1153
f 1157 1140 1153
f 1155 1151 1156
f 1156 1151 1157
f 1150 1155 1628
f 1155 1156 1627
f 1153 1154 1158
f 1641 1157 1153
f 1156 1157 1642
f 1128 1133 1143
f 1159 1096 1117
f 1159 1117 1160
f 1160 1161 1164
f 1118 1164 1161
f 1160 1163 1174
f 1159 1160 1174
f 1154 1159 1174
f 1162 1118 1120
f 1164 1118 1165
f 1105 1064 1110
f 1097 1103 1102
f 1104 1106 1113
f 1102 1103 1114
f 1103 1104 1113
f 1062 1105 1107
f 1106 1062 1107
f 1107 1105 1108
f 1064 1251 1111
f 1064 1111 1110
f 1085 1100 1112
f 1108 1105 1109
f 1108 1106 1107
f 1113 1106 1119
f 1119 1106 1108
f 1109 1105 1110
f 1109 1110 1122
f 1112 1101 1116
f 1114 1101 1102
f 1116 1101 1114
f 1085 1055 1100
f 1090 1084 1094
f 1094 1084 1085
f 1094 1085 1092
f 1095 1090 1094
f 1093 1089 1095
f 1094 1092 1096
f 1096 1092 1112
f 1095 1094 1135
f 1135 1094 1096
f 1114 1103 1115
f 1100 1055 1098
f 1098 1097 1101
f 1099 1058 1104
f 1097 1099 1103
f 1103 1099 1104
f 1104 1058 1106
f 1100 1098 1101
f 1101 1097 1102
f 1100 1101 1112
f 1269 1127 1123
f 1121 1109 1122
f 1122 1111 1123
f 1122 1123 1127
f 1123 1263 1269
f 1125 1121 1166
f 1166 1124 1125
f 1167 1166 1121
f 1121 1122 1126
f 1127 1126 1122
f 1125 1108 1121
f 1167 1121 1126
f 1080 1087 1131
f 1081 1080 1141
f 1131 1086 1129
f 1128 1088 1130
f 1133 1128 1130
f 1141 1080 1132
f 1132 1080 1131
f 1131 1143 1142
f 1120 1113 1124
f 1115 1103 1113
f 1115 1113 1118
f 1096 1112 1117
f 1117 1112 1116
f 1117 1116 1160
f 1160 1116 1114
f 1161 1160 1114
f 1114 1115 1118
f 1120 1118 1113
f 1029 1028 1004
f 1161 1114 1118
f 1119 1108 1124
f 1108 1109 1121
f 1113 1119 1124
f 1124 1108 1125
f 1111 1251 1123
f 1251 1263 1123
f 1122 1110 1111
f 1162 1120 1124
f 898 896 916
f 889 886 888
f 887 889 891
f 889 888 890
f 889 890 893
f 890 892 894
f 894 892 895
f 893 890 894
f 895 892 897
f 897 892 896
f 897 896 898
f 887 886 889
f 916 896 914
f 899 901 900
f 901 899 902
f 901 902 903
f 902 904 905
f 903 902 905
f 905 904 906
f 906 904 908
f 908 904 907
f 1248 801 1249
f 1227 786 1228
f 791 1230 1229
f 1228 791 1229
f 1230 791 1231
f 1231 793 1232
f 1232 793 1241
f 1241 793 1242
f 1242 799 1247
f 1247 799 1248
f 908 907 911
f 1249 801 1250
f 884 879 880
f 884 880 881
f 881 880 885
f 865 864 883
f 883 864 879
f 883 879 884
f 885 880 886
f 885 886 887
f 900 901 1509
f 889 893 1546
f 893 894 1539
f 894 895 1540
f 895 897 1536
f 898 915 1511
f 915 916 1512
f 897 898 1545
f 901 903 1508
f 916 900 1515
f 891 889 1547
f 903 905 1507
f 858 860 1565
f 2116 857 858
f 2558 2574 418
f 2574 2575 418
f 419 2575 2573
f 917 920 919
f 920 917 918
f 919 920 921
f 883 884 1552
f 906 908 909
f 909 908 911
f 911 907 910
f 911 910 912
f 912 910 913
f 912 913 1468
f 898 916 915
f 916 914 899
f 916 899 900
f 1226 786 1227
f 884 881 1555
f 881 885 1534
f 862 863 1563
f 882 865 1558
f 865 883 1557
f 863 882 1562
f 860 862 1566
f 885 887 1535
f 887 891 1550
f 793 798 1242
f 776 777 1054
f 777 778 1198
f 1198 778 779
f 770 1200 780
f 779 780 1200
f 770 782 1202
f 1202 782 783
f 791 792 1231
f 1231 792 793
f 1070 821 820
f 783 784 1205
f 1205 784 785
f 785 787 1225
f 1225 787 786
f 786 791 1228
f 1242 798 799
f 799 800 1248
f 1248 800 801
f 801 802 1250
f 764 765 1055
f 757 1048 810
f 1048 757 756
f 758 762 1057
f 760 1052 763
f 1052 760 775
f 1052 775 776
f 1050 761 763
f 762 761 1050
f 756 764 1055
f 1250 802 851
f 758 1057 765
f 804 821 1070
f 804 1076 808
f 811 810 1082
f 813 1083 819
f 1083 813 811
f 816 1080 817
f 816 819 1086
f 817 1080 820
f 1199 779 1200
f 1055 765 1056
f 765 1057 1056
f 1047 756 1055
f 850 855 2114
f 855 854 2114
f 854 857 2116
f 1054 777 1197
f 1197 777 1198
f 1198 779 1199
f 1051 763 1052
f 1200 770 1201
f 1201 770 1202
f 783 1205 1204
f 783 1204 1203
f 1202 783 1203
f 1205 785 1223
f 1223 785 1224
f 1224 785 1225
f 1225 786 1226
f 847 849 1466
f 851 852 1415
f 1415 852 836
f 836 837 1424
f 1424 837 839
f 839 841 1428
f 1428 841 842
f 1428 842 844
f 844 845 1460
f 1460 845 847
f 919 921 922
f 1466 849 850
f 1573 823 808
f 824 823 1573
f 1048 756 1047
f 1057 762 1049
f 1052 776 1053
f 1053 776 1054
f 1050 763 1051
f 762 1050 1049
f 956 955 945
f 746 987 985
f 984 746 985
f 740 990 989
f 990 740 991
f 740 992 993
f 991 740 993
f 988 740 989
f 738 994 992
f 919 975 1004
f 746 986 987
f 945 953 954
f 956 945 954
f 954 953 959
f 957 956 954
f 959 958 954
f 958 957 954
f 960 959 953
f 962 960 944
f 944 961 963
f 736 998 997
f 745 986 746
f 739 995 994
f 737 997 996
f 995 739 996
f 732 1002 1000
f 1002 732 1003
f 732 1006 1007
f 1003 732 1007
f 736 999 998
f 964 962 944
f 999 736 1001
f 734 1000 1001
f 986 745 988
f 977 750 980
f 980 749 979
f 979 749 981
f 981 749 982
f 982 747 983
f 983 746 984
f 1007 1006 1004
f 1005 1004 1043
f 1004 994 995
f 1004 995 996
f 1004 998 999
f 998 1004 997
f 997 1004 996
f 1001 1000 1004
f 1001 1004 999
f 1004 1000 1002
f 1004 992 994
f 1004 1002 1003
f 1007 1004 1003
f 1008 1004 1006
f 1004 1008 1023
f 1004 1023 1025
f 1025 1024 1004
f 1004 1026 1027
f 1026 1004 1024
f 1004 1027 1029
f 1004 983 984
f 964 944 963
f 1004 975 976
f 978 977 1004
f 978 1004 976
f 1004 977 980
f 980 979 1004
f 1004 979 981
f 1004 981 982
f 1004 982 983
f 740 988 745
f 1004 984 985
f 987 986 1004
f 987 1004 985
f 1004 986 988
f 1004 988 989
f 1004 989 990
f 1004 990 991
f 1004 991 993
f 993 992 1004
f 919 968 969
f 919 959 960
f 919 960 962
f 919 964 963
f 964 919 962
f 919 963 961
f 919 961 965
f 919 965 967
f 919 967 966
f 919 966 968
f 919 958 959
f 919 971 972
f 971 919 970
f 970 919 969
f 919 972 973
f 919 973 974
f 919 974 975
f 750 934 933
f 934 935 933
f 935 934 940
f 919 932 931
f 919 922 924
f 919 923 925
f 923 919 924
f 919 925 926
f 919 926 928
f 919 928 927
f 919 927 930
f 919 930 929
f 919 929 932
f 940 934 936
f 919 931 948
f 919 948 949
f 919 949 951
f 919 951 950
f 919 950 952
f 919 952 955
f 919 955 956
f 919 957 958
f 957 919 956
f 972 971 937
f 940 936 974
f 947 946 966
f 943 947 961
f 944 943 961
f 965 961 947
f 969 968 939
f 947 966 967
f 967 965 947
f 968 966 946
f 939 937 971
f 973 972 940
f 970 969 939
f 971 970 939
f 974 973 940
f 975 974 936
f 936 977 978
f 975 936 976
f 976 936 978
f 742 992 740
f 941 947 942
f 746 983 747
f 935 937 938
f 938 937 939
f 938 939 946
f 935 940 937
f 747 982 749
f 750 749 980
f 934 750 977
f 936 934 977
f 1172 1173 1187
f 943 942 947
f 942 943 953
f 942 953 945
f 953 943 944
f 953 944 960
f 938 946 941
f 947 941 946
f 937 940 972
f 946 939 968
f 1403 1404 1406
f 1403 1375 1380
f 1403 1380 1399
f 1403 1399 1404
f 1399 1400 1407
f 1404 1399 1407
f 1401 1383 1402
f 1400 1382 1401
f 1407 1400 1401
f 1393 1390 1403
f 1403 1405 1393
f 1390 1375 1403
f 2000 1393 2014
f 2014 1393 1405
f 1405 1403 1406
f 1406 1404 2016
f 2014 1405 1406
f 2016 1404 1407
f 1407 1401 1408
f 1401 1402 2018
f 1407 1408 2017
f 1394 1387 1395
f 1391 1385 1388
f 1391 1388 1392
f 1392 1389 1390
f 1395 1387 1391
f 1391 1392 1397
f 1392 1390 1393
f 1397 1392 1398
f 1398 1392 2000
f 2000 1392 1393
f 1408 1401 2018
f 1363 1386 1394
f 1363 1394 1396
f 1394 1395 2001
f 1396 1394 2001
f 1366 1363 1396
f 2001 1395 1397
f 1395 1391 1397
f 1397 2004 2001
f 1397 1398 2005
f 1434 1437 1424
f 1421 1417 1423
f 1293 1420 1379
f 1421 1423 1430
f 1423 1422 1431
f 1430 1423 1431
f 1415 1416 1427
f 1427 1416 1424
f 1427 1424 1436
f 1424 1425 1434
f 1420 1417 1421
f 1434 1425 1428
f 1436 1424 1437
f 1419 1415 1426
f 1426 1415 1427
f 1422 1419 1426
f 1422 1426 1435
f 1435 1426 1427
f 1420 1421 1450
f 1421 1430 1451
f 1289 1412 1417
f 2018 1402 2125
f 1419 1250 1410
f 1419 1410 1415
f 1248 1412 1411
f 1412 1248 1413
f 1249 1250 1413
f 1413 1250 1414
f 1412 1413 1417
f 1411 1412 1289
f 1388 1389 1392
f 1414 1250 1418
f 1418 1250 1419
f 1417 1413 1423
f 1293 1289 1420
f 1420 1289 1417
f 1423 1413 1414
f 1423 1414 1418
f 1423 1418 1422
f 1422 1418 1419
f 1359 1360 1972
f 1357 1352 1361
f 1361 1353 1362
f 1362 1353 1363
f 1355 1356 1359
f 1358 1355 1359
f 1359 1356 1357
f 1357 1361 1360
f 1359 1357 1360
f 1358 1359 1970
f 1356 1350 1357
f 1972 1360 1364
f 1360 1361 1364
f 1362 1363 1366
f 1364 1361 1362
f 1365 1366 1977
f 1364 1362 1365
f 1364 1365 1976
f 1366 1365 1362
f 1367 1307 1368
f 1350 1351 1357
f 1348 1355 1358
f 1344 1341 1347
f 1962 1344 1347
f 1347 1348 1965
f 1965 1348 1358
f 1328 1350 1349
f 1350 1329 1351
f 1351 1330 1352
f 1349 1350 1356
f 1368 1307 1308
f 1357 1351 1352
f 1352 1330 1331
f 1332 1372 1353
f 1353 1372 1354
f 1352 1331 1332
f 1352 1332 1353
f 1353 1354 1363
f 1361 1352 1353
f 1355 1349 1356
f 1382 1383 1401
f 1381 1313 1382
f 1378 1379 1383
f 1376 1377 1399
f 1375 1376 1380
f 1380 1376 1399
f 1399 1377 1400
f 1377 1381 1400
f 1382 1378 1383
f 1400 1381 1382
f 1377 1313 1381
f 1354 1372 1386
f 1384 1385 1386
f 1386 1372 1384
f 1386 1387 1394
f 1363 1354 1386
f 1386 1385 1387
f 1387 1385 1391
f 1388 1374 1389
f 1389 1375 1390
f 1385 1369 1373
f 1368 1308 1369
f 1369 1308 1373
f 1308 1309 1373
f 1373 1309 1370
f 1373 1370 1374
f 1374 1370 1375
f 1375 1370 1371
f 1368 1369 1385
f 1372 1367 1368
f 1450 1421 1451
f 1368 1385 1384
f 1372 1368 1384
f 1385 1373 1388
f 1388 1373 1374
f 1374 1375 1389
f 1312 1313 1377
f 1376 1312 1377
f 1375 1371 1376
f 1313 1378 1382
f 898 1542 1541
f 1521 1473 1520
f 1475 1503 1506
f 1475 1506 1505
f 1504 1475 1505
f 1503 1476 1500
f 1500 1478 1501
f 1501 1478 1502
f 891 1547 1548
f 1550 891 1548
f 1547 889 1546
f 1473 1522 1520
f 898 1541 1544
f 1542 898 1543
f 1543 898 1511
f 901 1508 1510
f 1509 901 1510
f 1515 900 1509
f 916 1514 1513
f 1512 916 1513
f 1511 915 1512
f 1480 1477 1479
f 1468 1524 912
f 1469 1523 1468
f 1469 1470 1516
f 1475 1474 1476
f 1476 1474 1477
f 1477 1480 1478
f 1476 1477 1478
f 1473 1519 1470
f 1475 1504 1473
f 1514 916 1515
f 1480 1479 1481
f 1478 1500 1476
f 1481 1479 1488
f 1480 1491 1478
f 1481 1492 1480
f 1478 1491 1502
f 1475 1476 1503
f 1522 1473 1504
f 1519 1473 1521
f 1014 1013 1568
f 1507 905 1533
f 1533 905 1532
f 1529 909 1528
f 1530 909 1529
f 1523 1469 1517
f 1517 1469 1518
f 1518 1469 1516
f 1516 1470 1519
f 1488 1482 1483
f 905 1531 1532
f 1015 1014 1568
f 1016 1015 1568
f 1017 1016 1568
f 1481 1488 1489
f 1481 1489 1490
f 1481 1490 1498
f 1481 1498 1494
f 1489 1488 1495
f 1490 1497 1499
f 909 1530 906
f 1539 894 1540
f 895 1536 1537
f 895 1537 1538
f 1540 895 1538
f 893 1539 1549
f 1546 893 1549
f 1536 897 1545
f 1545 898 1544
f 906 1531 905
f 1475 1471 1474
f 911 1528 909
f 912 1527 911
f 1508 903 1507
f 912 1524 1526
f 1524 1468 1523
f 912 1526 1525
f 1527 912 1525
f 1528 911 1527
f 1531 906 1530
f 2120 1446 1443
f 1441 1443 1446
f 1444 1434 1464
f 1439 1444 1448
f 1443 1439 1447
f 1447 1439 1448
f 1445 2136 1442
f 1446 1445 1441
f 2170 1448 1444
f 2120 1443 1447
f 1442 1438 1445
f 2120 1447 1448
f 1420 1450 1449
f 1379 1420 1449
f 1383 1379 1453
f 1453 1379 1449
f 1449 1450 1452
f 1453 1449 1452
f 1452 1450 1451
f 1402 1383 1453
f 1439 1436 1437
f 1451 1430 1431
f 1431 1422 1432
f 1451 1431 1433
f 1433 1431 1432
f 1433 1432 1440
f 1435 1427 1436
f 1435 1438 1422
f 1422 1438 1432
f 1435 1436 1439
f 1452 1451 1454
f 1432 1438 1442
f 1435 1443 1441
f 1438 1435 1441
f 1437 1434 1439
f 1435 1439 1443
f 1439 1434 1444
f 1440 1432 1442
f 1440 1442 1458
f 1445 1438 1441
f 2170 1444 1464
f 1462 1461 1460
f 1461 1462 1465
f 1459 1461 1465
f 1460 1466 2166
f 1462 1460 1463
f 2165 1465 1462
f 2166 1463 1460
f 2167 1462 1463
f 1464 1459 1465
f 1434 1459 1464
f 2170 1464 1465
f 1467 1471 1470
f 1468 913 1469
f 1469 913 1467
f 1469 1467 1470
f 1470 1471 1472
f 1470 1472 1473
f 1472 1471 1475
f 1473 1472 1475
f 2125 1402 1455
f 1402 1453 1455
f 1452 1454 1456
f 1453 1452 1456
f 1455 1453 1456
f 1451 1433 1454
f 1454 1433 1457
f 1457 1433 1458
f 1458 1433 1440
f 1456 1454 2127
f 1348 1346 1355
f 2125 1455 1456
f 1454 1457 2128
f 2128 1457 1458
f 2127 1454 2128
f 2136 1458 1442
f 1428 1429 1461
f 1434 1428 1459
f 1461 1429 1460
f 1459 1428 1461
f 1239 1234 1235
f 1234 1224 1225
f 1233 1205 1234
f 1234 1225 1235
f 1235 1225 1236
f 1225 1226 1236
f 1236 1226 1227
f 1236 1227 1228
f 1228 1229 1230
f 1228 1230 1244
f 1233 1234 1239
f 1205 1224 1234
f 1236 1228 1237
f 1237 1228 1243
f 1239 1238 1233
f 1240 1239 1235
f 1240 1235 1236
f 1236 1237 1282
f 1281 1240 1236
f 1282 1281 1236
f 1237 1243 1283
f 1221 1216 1217
f 1064 1206 1211
f 1211 1208 1212
f 1212 1210 1218
f 1212 1218 1255
f 1213 1214 1219
f 1218 1213 1219
f 1219 1214 1215
f 1215 1216 1221
f 1233 1222 1217
f 1283 1282 1237
f 1219 1215 1220
f 1218 1219 1257
f 1257 1219 1220
f 1220 1215 1221
f 1221 1217 1222
f 1238 1222 1233
f 1220 1221 1259
f 1260 1221 1222
f 1205 1223 1224
f 1265 1254 1266
f 1222 1238 1294
f 1263 1251 1252
f 1252 1253 1265
f 1263 1252 1264
f 1264 1252 1265
f 1265 1253 1254
f 1254 1255 1267
f 1255 1256 1261
f 1254 1267 1266
f 1255 1218 1256
f 1267 1255 1261
f 1256 1218 1257
f 1220 1259 1258
f 1257 1220 1258
f 1221 1260 1259
f 1222 1294 1260
f 1261 1256 1257
f 1258 1259 1273
f 1257 1258 1273
f 1286 1246 1242
f 1244 1230 1231
f 1243 1228 1244
f 1245 1244 1231
f 1231 1232 1246
f 1232 1241 1242
f 1246 1232 1242
f 1246 1245 1231
f 1283 1243 1244
f 1242 1247 1411
f 1210 1213 1218
f 1411 1286 1242
f 1411 1247 1248
f 1413 1248 1249
f 1251 1064 1211
f 1253 1211 1212
f 1251 1211 1252
f 1252 1211 1253
f 1212 1255 1254
f 1253 1212 1254
f 1184 1185 1190
f 1182 1175 1181
f 1181 1189 1183
f 1180 1182 1667
f 1667 1182 1183
f 1183 1182 1181
f 1176 1169 1189
f 1189 1169 1170
f 1189 1170 1184
f 1184 1171 1185
f 1180 1175 1182
f 1185 1172 1186
f 1187 1333 1188
f 1185 1194 1191
f 1188 1333 1334
f 1194 1185 1186
f 1194 1186 1187
f 1194 1187 1188
f 1188 1334 1339
f 1189 1190 1192
f 1177 1164 1175
f 1187 1173 1314
f 1171 1172 1185
f 1172 1187 1186
f 1187 1314 1333
f 1164 1179 1163
f 1174 1163 1179
f 1179 1164 1177
f 1158 1154 1174
f 1174 1179 1178
f 1190 1189 1184
f 1177 1175 1180
f 1176 1181 1175
f 1181 1176 1189
f 1158 1174 1178
f 1179 1177 1180
f 1178 1179 1665
f 1665 1158 1178
f 1665 1179 1664
f 1664 1179 1180
f 1216 1203 1204
f 1206 1198 1207
f 1207 1198 1208
f 1208 1198 1209
f 1209 1200 1210
f 1210 1200 1213
f 1200 1201 1214
f 1214 1201 1202
f 1202 1203 1216
f 1204 1205 1216
f 1206 1054 1197
f 1213 1200 1214
f 1202 1216 1215
f 1214 1202 1215
f 1216 1205 1217
f 1217 1205 1233
f 1206 1207 1211
f 1211 1207 1208
f 1209 1210 1212
f 1208 1209 1212
f 1194 1188 1195
f 1190 1185 1191
f 1183 1189 1192
f 1183 1192 1679
f 1679 1192 1190
f 1679 1190 1680
f 1190 1191 1193
f 1680 1190 1193
f 1191 1194 1193
f 1194 1195 1196
f 1261 1257 1262
f 1195 1188 1339
f 1193 1196 1684
f 1196 1195 1685
f 1196 1193 1194
f 1339 1342 1685
f 1685 1195 1339
f 1199 1200 1209
f 1198 1199 1209
f 1197 1198 1206
f 1319 1316 1320
f 1315 1270 1316
f 1272 1318 1317
f 1271 1317 1316
f 1318 1272 1324
f 1317 1318 1322
f 1322 1318 1324
f 1315 1316 1319
f 1333 1314 1315
f 1333 1315 1319
f 1270 1315 1314
f 1320 1316 1321
f 1321 1316 1317
f 1321 1317 1322
f 1322 1324 1328
f 1322 1328 1338
f 1324 1276 1323
f 1323 1278 1325
f 1324 1323 1328
f 1323 1325 1329
f 1311 1300 1312
f 1308 1303 1309
f 1367 1306 1307
f 1304 1305 1370
f 1370 1305 1310
f 1309 1304 1370
f 1370 1310 1371
f 1299 1300 1311
f 1310 1299 1311
f 1290 1291 1312
f 1325 1279 1326
f 1300 1290 1312
f 1371 1310 1376
f 1376 1310 1311
f 1376 1311 1312
f 1312 1291 1313
f 1313 1291 1378
f 1378 1291 1292
f 1378 1292 1293
f 1378 1293 1379
f 1339 1334 1340
f 1336 1320 1337
f 1337 1322 1338
f 1337 1320 1321
f 1338 1328 1349
f 1341 1336 1337
f 1337 1338 1346
f 1341 1337 1345
f 1345 1337 1346
f 1346 1338 1349
f 1321 1322 1337
f 1339 1340 1343
f 1342 1339 1343
f 1346 1349 1355
f 1340 1341 1344
f 1343 1340 1344
f 1343 1344 1962
f 1346 1348 1347
f 1341 1345 1347
f 1346 1347 1345
f 1332 1326 1327
f 1327 1280 1367
f 1326 1279 1327
f 1325 1326 1331
f 1328 1323 1329
f 1329 1325 1330
f 1330 1325 1331
f 1328 1329 1350
f 1329 1330 1351
f 1331 1326 1332
f 1307 1303 1308
f 1332 1327 1367
f 1332 1367 1372
f 1334 1333 1319
f 1334 1319 1335
f 1335 1319 1336
f 1336 1319 1320
f 1334 1335 1340
f 1336 1341 1340
f 1340 1335 1336
f 1275 1306 1280
f 1272 1276 1324
f 1261 1262 1277
f 1262 1273 1277
f 1273 1274 1278
f 1276 1261 1277
f 1277 1273 1278
f 1279 1274 1275
f 1278 1274 1279
f 1275 1301 1306
f 1317 1271 1272
f 1279 1275 1280
f 1276 1277 1323
f 1323 1277 1278
f 1278 1279 1325
f 1280 1306 1367
f 1279 1280 1327
f 1294 1238 1239
f 1239 1240 1296
f 1240 1281 1297
f 1267 1261 1272
f 1273 1262 1257
f 1260 1294 1275
f 1259 1260 1275
f 1274 1273 1259
f 1275 1294 1301
f 1259 1275 1274
f 1263 1264 1270
f 1270 1264 1265
f 1266 1267 1272
f 1297 1281 1282
f 1265 1271 1268
f 1271 1265 1266
f 1271 1266 1272
f 1261 1276 1272
f 1269 1263 1270
f 1270 1265 1268
f 1314 1269 1270
f 1316 1270 1268
f 1316 1268 1271
f 1303 1296 1297
f 1288 1289 1293
f 1292 1288 1293
f 1239 1296 1295
f 1294 1239 1295
f 1296 1240 1297
f 1301 1294 1295
f 1295 1303 1302
f 1301 1295 1302
f 1303 1295 1296
f 1291 1288 1292
f 1297 1298 1305
f 1302 1307 1301
f 1307 1302 1303
f 1303 1297 1304
f 1304 1297 1305
f 1305 1298 1299
f 1303 1304 1309
f 1305 1299 1310
f 1306 1301 1307
f 1286 1411 1289
f 1282 1283 1299
f 1297 1282 1298
f 1298 1282 1299
f 1244 1284 1283
f 1284 1244 1285
f 1285 1244 1245
f 1285 1245 1246
f 1287 1246 1286
f 1285 1246 1287
f 731 878 1006
f 1283 1284 1300
f 1299 1283 1300
f 1300 1284 1285
f 1300 1285 1290
f 1290 1285 1291
f 1287 1286 1288
f 1288 1286 1289
f 1285 1287 1291
f 1291 1287 1288
f 433 429 475
f 424 425 452
f 425 422 452
f 427 424 452
f 423 426 424
f 427 423 424
f 429 428 427
f 431 430 429
f 431 429 433
f 432 431 433
f 434 433 435
f 417 4904 383
f 435 433 475
f 427 482 429
f 439 438 440
f 440 443 452
f 443 440 442
f 440 441 442
f 446 444 445
f 454 443 444
f 444 446 454
f 2656 441 440
f 194 192 4655
f 420 194 421
f 4655 192 4619
f 4655 421 194
f 421 4620 472
f 5024 4619 192
f 2577 420 421
f 2658 442 441
f 2655 440 438
f 454 446 447
f 2668 443 442
f 2670 444 443
f 2671 445 444
f 2672 446 445
f 3189 421 472
f 420 471 419
f 471 472 419
f 383 4830 315
f 417 419 4696
f 475 429 482
f 465 466 468
f 468 466 467
f 488 469 470
f 495 465 468
f 4696 419 472
f 4698 417 4696
f 436 435 474
f 473 436 474
f 475 474 435
f 495 443 465
f 443 521 427
f 478 479 477
f 476 475 482
f 476 482 478
f 479 478 482
f 479 481 480
f 481 479 482
f 482 484 483
f 521 482 427
f 457 455 456
f 447 448 453
f 452 450 437
f 452 437 439
f 451 437 449
f 437 450 449
f 452 439 440
f 427 452 443
f 454 447 453
f 454 455 457
f 194 420 419
f 454 457 459
f 443 454 465
f 459 457 458
f 465 454 459
f 459 460 461
f 465 459 461
f 461 462 463
f 465 461 463
f 465 463 464
f 198 195 806
f 417 193 418
f 417 418 419
f 809 208 209
f 219 210 752
f 753 207 219
f 209 207 751
f 814 197 196
f 195 197 803
f 812 196 208
f 1017 267 268
f 199 198 822
f 212 211 766
f 759 210 212
f 211 213 768
f 213 214 769
f 214 215 771
f 215 216 773
f 216 217 774
f 789 217 218
f 248 913 249
f 306 295 305
f 271 306 307
f 271 278 299
f 239 238 933
f 302 312 310
f 309 310 308
f 285 312 299
f 310 312 311
f 285 299 578
f 796 218 220
f 248 250 1471
f 250 251 1474
f 1477 251 252
f 1488 252 262
f 1484 264 265
f 1482 262 263
f 1486 263 264
f 1021 265 266
f 1019 266 267
f 767 766 211
f 886 229 230
f 888 230 231
f 892 231 243
f 896 243 244
f 914 244 245
f 902 245 246
f 904 246 247
f 2573 194 419
f 759 212 766
f 879 228 229
f 769 768 213
f 771 769 214
f 768 767 211
f 772 771 215
f 773 772 215
f 774 773 216
f 788 774 217
f 2575 419 418
f 315 4830 102
f 200 199 831
f 797 220 221
f 795 221 222
f 835 222 223
f 843 224 225
f 225 205 846
f 853 205 206
f 840 223 224
f 856 206 226
f 2558 418 193
f 484 482 486
f 201 200 833
f 203 201 829
f 867 202 203
f 872 204 202
f 232 204 875
f 233 232 730
f 234 233 733
f 861 226 227
f 864 227 228
f 543 545 544
f 467 2971 468
f 469 468 2974
f 469 3165 470
f 470 3166 488
f 489 488 3171
f 490 489 3174
f 491 490 3177
f 541 521 543
f 543 521 547
f 541 543 542
f 466 2965 467
f 545 543 547
f 545 547 546
f 547 550 548
f 548 550 549
f 550 547 557
f 557 547 558
f 558 547 561
f 547 536 554
f 561 547 554
f 456 2711 457
f 436 473 2873
f 474 475 2937
f 475 476 2940
f 420 3298 471
f 450 2603 449
f 449 2693 451
f 453 2694 454
f 454 2704 455
f 455 2706 456
f 554 566 567
f 457 2716 458
f 458 2717 459
f 459 2725 460
f 460 2726 461
f 461 2729 462
f 462 2736 463
f 463 2740 464
f 464 2744 465
f 465 2963 466
f 581 583 584
f 571 572 573
f 278 571 578
f 578 571 573
f 285 576 575
f 576 285 578
f 576 578 577
f 573 579 580
f 573 580 581
f 581 582 583
f 571 570 572
f 578 573 581
f 578 581 586
f 586 581 584
f 586 584 585
f 591 586 587
f 592 588 578
f 578 586 591
f 578 591 592
f 592 590 589
f 554 536 566
f 555 567 551
f 554 555 552
f 561 554 553
f 567 555 554
f 550 557 556
f 558 560 559
f 560 558 561
f 560 561 562
f 566 536 564
f 473 474 2874
f 565 567 566
f 564 537 563
f 471 3338 472
f 594 192 593
f 259 258 924
f 260 259 921
f 193 917 919
f 571 278 568
f 571 568 569
f 514 482 521
f 507 502 503
f 482 514 505
f 521 443 547
f 495 524 530
f 524 500 507
f 524 507 508
f 506 510 509
f 505 514 506
f 510 506 514
f 500 502 507
f 510 514 511
f 511 514 512
f 512 514 513
f 514 519 515
f 515 517 516
f 517 515 519
f 517 519 518
f 519 514 521
f 519 521 520
f 495 491 492
f 484 486 485
f 486 482 504
f 504 482 505
f 486 504 487
f 468 469 495
f 488 489 490
f 495 469 488
f 488 490 491
f 495 488 491
f 521 523 522
f 495 492 493
f 495 493 494
f 443 495 547
f 495 496 497
f 497 498 495
f 495 498 500
f 500 498 499
f 495 500 524
f 500 501 502
f 431 2634 430
f 446 2682 447
f 447 2684 448
f 448 2692 453
f 450 452 2604
f 422 2608 452
f 425 2611 422
f 426 423 2623
f 425 424 2616
f 426 2617 424
f 439 2654 438
f 427 428 2640
f 427 2637 423
f 429 2632 428
f 430 2633 429
f 431 432 2748
f 433 2752 432
f 433 434 2756
f 434 435 2758
f 435 436 2870
f 538 531 532
f 523 521 540
f 540 521 541
f 524 525 526
f 547 495 530
f 526 529 524
f 529 526 527
f 530 524 529
f 527 528 529
f 530 531 538
f 271 294 306
f 538 532 533
f 536 530 538
f 534 535 538
f 536 538 535
f 547 530 536
f 536 537 564
f 539 563 537
f 437 451 2648
f 437 2647 439
f 179 112 180
f 169 109 170
f 170 109 171
f 171 114 172
f 172 114 173
f 173 113 174
f 174 113 175
f 111 177 176
f 175 111 176
f 177 112 178
f 178 112 179
f 168 110 169
f 133 134 594
f 594 134 136
f 594 136 137
f 594 137 138
f 594 138 139
f 594 139 140
f 594 140 141
f 594 141 142
f 594 142 143
f 151 152 153
f 158 120 159
f 159 120 160
f 156 121 157
f 157 121 158
f 146 124 147
f 147 124 148
f 117 118 150
f 150 129 151
f 151 129 152
f 594 143 144
f 180 107 181
f 593 127 132
f 593 132 133
f 162 116 163
f 163 116 164
f 164 115 165
f 165 115 166
f 166 110 167
f 167 110 168
f 594 177 178
f 594 168 169
f 594 169 170
f 594 170 171
f 172 173 594
f 594 171 172
f 594 173 174
f 594 174 175
f 176 177 594
f 594 175 176
f 594 167 168
f 594 178 179
f 594 179 180
f 594 180 181
f 594 181 182
f 594 182 183
f 594 183 184
f 186 185 594
f 594 184 186
f 594 185 187
f 594 157 158
f 145 146 594
f 594 144 145
f 594 146 147
f 594 147 148
f 594 148 149
f 594 149 154
f 594 154 155
f 594 155 156
f 594 156 157
f 161 108 162
f 594 158 159
f 594 159 160
f 594 160 161
f 594 161 162
f 594 162 163
f 594 163 164
f 594 164 165
f 594 165 166
f 594 166 167
f 118 122 123
f 114 116 112
f 110 115 116
f 116 114 110
f 112 118 117
f 107 180 112
f 118 119 125
f 120 122 116
f 122 120 121
f 118 116 122
f 111 113 114
f 118 123 124
f 115 110 166
f 110 109 169
f 116 115 164
f 114 113 173
f 109 114 171
f 111 112 177
f 113 111 175
f 120 108 160
f 105 106 4304
f 104 92 105
f 92 106 105
f 315 102 104
f 104 105 317
f 105 593 192
f 92 66 3437
f 106 92 3376
f 3376 92 3339
f 4830 66 102
f 121 120 158
f 106 3376 4310
f 112 3364 3365
f 107 3356 3363
f 112 3365 3356
f 593 105 127
f 108 120 116
f 116 118 112
f 114 109 110
f 114 112 111
f 143 119 144
f 118 124 145
f 119 118 144
f 125 119 141
f 139 125 140
f 140 125 141
f 145 124 146
f 144 118 145
f 141 119 142
f 142 119 143
f 134 135 136
f 137 126 138
f 138 126 139
f 150 118 129
f 131 152 129
f 149 122 154
f 154 122 155
f 155 122 156
f 148 123 149
f 160 108 161
f 128 126 137
f 108 116 162
f 122 121 156
f 123 122 149
f 124 123 148
f 118 125 126
f 126 128 118
f 118 128 129
f 126 125 139
f 127 131 132
f 594 187 188
f 129 132 130
f 129 130 131
f 132 129 133
f 132 131 130
f 135 129 128
f 135 128 136
f 136 128 137
f 133 129 134
f 134 129 135
f 270 268 297
f 258 259 260
f 287 258 260
f 287 260 261
f 263 265 264
f 266 268 267
f 265 297 266
f 268 266 297
f 270 269 268
f 263 299 297
f 287 255 258
f 299 263 262
f 265 263 297
f 240 239 938
f 241 240 941
f 242 241 945
f 256 255 951
f 253 256 932
f 255 242 955
f 254 253 930
f 250 248 262
f 225 262 228
f 231 244 243
f 245 228 246
f 244 231 245
f 246 228 262
f 249 247 246
f 249 246 248
f 248 246 262
f 262 218 299
f 257 254 928
f 251 250 262
f 251 262 252
f 256 258 255
f 253 254 256
f 241 255 287
f 256 254 257
f 258 256 257
f 287 235 241
f 299 218 287
f 238 236 748
f 290 287 288
f 271 287 292
f 287 271 299
f 293 295 294
f 271 292 294
f 294 295 306
f 237 234 738
f 235 237 741
f 236 235 744
f 287 291 292
f 296 270 297
f 298 297 299
f 302 301 300
f 300 299 302
f 312 302 299
f 303 302 309
f 304 303 309
f 310 309 302
f 247 249 910
f 299 278 578
f 258 257 925
f 272 274 271
f 646 193 194
f 274 272 273
f 278 271 274
f 274 275 276
f 278 274 276
f 278 276 277
f 278 279 568
f 242 255 241
f 282 280 313
f 312 285 313
f 281 282 283
f 313 285 283
f 313 283 282
f 284 283 285
f 286 285 574
f 288 289 290
f 287 290 291
f 4303 153 4304
f 4963 184 183
f 4971 186 184
f 4972 185 186
f 185 4973 187
f 4973 188 187
f 4976 190 188
f 4974 189 190
f 4975 191 189
f 4302 151 4303
f 182 4963 183
f 104 317 315
f 105 417 317
f 417 105 192
f 193 192 194
f 417 192 193
f 198 197 195
f 208 198 207
f 197 208 196
f 197 198 208
f 181 3363 182
f 593 133 594
f 191 594 189
f 189 594 190
f 188 190 594
f 3356 107 112
f 3364 112 117
f 127 105 4304
f 3364 117 150
f 181 107 3363
f 198 203 207
f 3364 150 4302
f 4304 106 4305
f 4305 106 4310
f 4965 182 3363
f 131 127 4304
f 4302 150 151
f 152 131 4304
f 153 4303 151
f 153 152 4304
f 231 228 245
f 218 222 220
f 220 222 221
f 222 224 223
f 224 222 225
f 206 227 226
f 227 225 228
f 228 231 229
f 229 231 230
f 222 262 225
f 207 212 219
f 232 233 234
f 234 235 232
f 235 234 237
f 232 287 218
f 236 241 235
f 236 238 239
f 236 239 240
f 241 236 240
f 287 232 235
f 218 262 222
f 198 199 200
f 207 232 218
f 203 198 200
f 207 203 232
f 203 200 201
f 232 203 202
f 204 232 202
f 205 225 206
f 206 225 227
f 588 592 589
f 208 207 209
f 210 219 212
f 212 213 211
f 212 207 216
f 213 212 216
f 213 215 214
f 215 213 216
f 207 218 216
f 216 218 217
f 925 257 926
f 910 249 913
f 913 248 1467
f 1467 248 1471
f 1471 250 1474
f 1474 251 1477
f 252 1479 1477
f 1479 252 1488
f 1568 194 2569
f 920 260 921
f 922 921 259
f 910 907 247
f 928 926 257
f 928 254 927
f 930 927 254
f 948 931 256
f 932 256 931
f 949 948 256
f 955 242 945
f 951 255 950
f 952 950 255
f 896 892 243
f 859 856 226
f 861 859 226
f 864 861 227
f 879 864 228
f 886 880 229
f 880 879 229
f 888 886 230
f 890 888 231
f 892 890 231
f 951 949 256
f 234 733 735
f 738 234 735
f 741 237 738
f 1012 194 1568
f 904 902 246
f 914 896 244
f 245 899 914
f 902 899 245
f 907 904 247
f 1000 734 732
f 743 746 747
f 742 740 745
f 744 742 745
f 746 744 745
f 743 747 749
f 748 743 749
f 749 750 748
f 933 748 750
f 1006 732 731
f 743 744 746
f 1001 736 734
f 997 737 736
f 996 739 737
f 992 742 738
f 994 738 739
f 1013 270 1010
f 267 1017 1018
f 267 1018 1019
f 266 1019 1020
f 733 730 734
f 955 952 255
f 930 253 929
f 932 929 253
f 924 258 923
f 924 922 259
f 925 923 258
f 2555 2556 193
f 2556 2557 193
f 2557 2558 193
f 232 875 878
f 734 730 731
f 734 731 732
f 733 734 736
f 735 733 736
f 735 736 737
f 738 735 739
f 739 735 737
f 744 741 742
f 741 738 742
f 919 1004 193
f 724 722 646
f 724 646 723
f 725 723 646
f 725 646 728
f 728 646 729
f 1011 727 729
f 726 725 728
f 727 726 728
f 729 727 728
f 722 721 646
f 1004 1005 193
f 744 235 741
f 236 744 743
f 748 236 743
f 933 238 748
f 239 933 935
f 938 239 935
f 941 240 938
f 241 941 942
f 715 714 646
f 705 703 646
f 646 703 706
f 706 704 646
f 704 702 646
f 646 708 710
f 707 705 646
f 710 707 646
f 709 708 646
f 711 709 646
f 945 241 942
f 714 713 646
f 646 713 712
f 712 711 646
f 720 718 646
f 716 715 646
f 718 717 646
f 717 716 646
f 720 646 719
f 721 719 646
f 222 835 795
f 225 846 843
f 848 846 205
f 853 848 205
f 856 853 206
f 217 789 788
f 218 796 789
f 220 797 796
f 221 794 797
f 794 221 795
f 224 843 840
f 201 833 829
f 203 829 868
f 203 870 867
f 202 867 872
f 203 868 869
f 869 870 203
f 233 730 733
f 204 872 875
f 232 878 730
f 199 822 826
f 1005 2555 193
f 207 753 755
f 207 755 751
f 209 751 809
f 208 809 812
f 196 812 815
f 197 814 803
f 196 815 814
f 198 806 822
f 1487 263 1486
f 200 831 833
f 199 826 831
f 195 803 805
f 195 805 806
f 219 752 753
f 210 754 752
f 754 210 759
f 223 838 835
f 838 223 840
f 844 842 840
f 852 795 835
f 852 835 836
f 837 836 835
f 837 835 838
f 839 837 838
f 839 838 840
f 839 840 842
f 841 839 842
f 840 843 844
f 833 832 828
f 845 843 846
f 845 844 843
f 847 845 846
f 849 847 846
f 846 848 849
f 849 848 850
f 850 848 854
f 795 852 851
f 853 857 854
f 822 806 824
f 813 819 818
f 819 816 818
f 816 815 818
f 814 817 820
f 814 815 817
f 817 815 816
f 803 814 821
f 821 804 803
f 821 814 820
f 854 848 853
f 823 824 806
f 822 824 825
f 827 822 825
f 826 822 827
f 828 830 833
f 829 833 830
f 831 826 832
f 833 831 832
f 832 834 828
f 868 866 1039
f 875 876 877
f 878 875 877
f 1045 828 834
f 1029 874 873
f 1027 876 874
f 1024 877 876
f 1025 878 877
f 830 1040 866
f 828 1044 830
f 875 874 876
f 869 868 1035
f 869 1033 870
f 870 1033 871
f 826 1065 832
f 832 1065 834
f 826 827 1067
f 824 1073 825
f 825 1073 827
f 1030 873 871
f 863 865 882
f 850 854 855
f 857 853 856
f 856 859 858
f 857 856 858
f 858 859 860
f 860 859 862
f 862 859 861
f 862 861 863
f 863 861 864
f 818 809 813
f 865 863 864
f 878 731 730
f 829 830 866
f 868 829 866
f 872 867 870
f 872 870 873
f 873 870 871
f 872 873 874
f 875 872 874
f 766 767 775
f 764 752 758
f 775 760 759
f 754 759 763
f 763 759 760
f 752 754 762
f 763 761 754
f 761 762 754
f 762 758 752
f 765 764 758
f 757 755 756
f 767 768 778
f 779 778 768
f 768 769 780
f 780 779 768
f 780 769 770
f 770 769 781
f 769 771 781
f 771 772 783
f 781 771 783
f 268 1016 1017
f 263 1487 1482
f 265 1021 1022
f 264 1484 1485
f 265 1022 1484
f 266 1020 1021
f 264 1485 1486
f 268 1015 1016
f 269 1013 1014
f 1015 269 1014
f 784 783 772
f 262 1482 1488
f 194 2571 2572
f 2572 2569 194
f 2573 2571 194
f 751 757 810
f 753 752 764
f 764 755 753
f 764 756 755
f 751 755 757
f 805 803 807
f 798 793 796
f 799 798 796
f 799 796 797
f 800 799 797
f 797 794 802
f 800 797 802
f 801 800 802
f 851 802 794
f 803 804 807
f 794 795 851
f 807 804 808
f 806 807 823
f 806 805 807
f 823 807 808
f 815 812 818
f 809 811 813
f 809 751 811
f 810 811 751
f 812 809 818
f 787 773 774
f 784 772 773
f 775 759 766
f 775 767 777
f 776 775 777
f 778 777 767
f 782 770 781
f 783 782 781
f 785 784 773
f 787 785 773
f 702 701 646
f 786 787 774
f 774 788 790
f 786 774 790
f 791 786 790
f 790 788 789
f 792 791 790
f 790 789 792
f 793 792 789
f 793 789 796
f 722 296 721
f 297 718 720
f 297 720 719
f 721 297 719
f 713 299 712
f 715 299 714
f 714 299 713
f 718 298 717
f 298 715 716
f 717 298 716
f 296 722 724
f 673 289 675
f 296 724 723
f 725 296 723
f 270 725 726
f 596 270 727
f 727 270 726
f 917 604 918
f 918 604 595
f 272 670 607
f 273 607 606
f 599 678 261
f 283 284 642
f 284 285 641
f 285 286 640
f 286 574 639
f 194 729 646
f 270 1009 1010
f 729 194 1011
f 1009 270 596
f 289 673 668
f 275 610 609
f 599 261 600
f 600 261 598
f 287 681 679
f 681 287 678
f 288 676 674
f 288 679 680
f 288 680 677
f 676 288 677
f 289 674 675
f 634 588 633
f 629 587 628
f 635 578 634
f 636 577 635
f 637 576 636
f 638 575 637
f 630 591 629
f 631 592 630
f 632 590 631
f 633 589 632
f 628 586 627
f 642 284 641
f 644 281 643
f 643 283 642
f 645 282 644
f 639 574 638
f 641 285 640
f 640 286 639
f 290 668 669
f 290 669 665
f 617 571 614
f 274 606 610
f 276 609 608
f 277 608 615
f 279 611 612
f 568 612 613
f 614 569 613
f 278 615 611
f 616 570 617
f 618 572 616
f 280 282 645
f 619 573 618
f 620 579 619
f 621 580 620
f 622 581 621
f 623 582 622
f 624 583 623
f 625 584 624
f 585 625 626
f 627 585 626
f 308 310 691
f 647 271 307
f 296 297 721
f 297 298 718
f 298 299 715
f 299 300 712
f 301 302 705
f 302 303 706
f 300 301 709
f 309 308 694
f 649 307 306
f 303 304 699
f 304 309 700
f 310 311 688
f 311 312 686
f 312 313 683
f 280 682 313
f 194 1012 1011
f 597 602 193
f 193 602 604
f 668 290 289
f 285 575 574
f 670 272 271
f 607 273 272
f 606 274 273
f 598 261 260
f 678 287 261
f 270 296 725
f 269 270 1013
f 268 269 1015
f 193 604 917
f 679 288 287
f 674 289 288
f 665 291 290
f 659 292 291
f 660 294 292
f 656 293 294
f 653 295 293
f 655 305 295
f 651 306 305
f 582 581 622
f 574 575 638
f 575 576 637
f 590 592 631
f 588 589 633
f 589 590 632
f 576 577 636
f 577 578 635
f 578 588 634
f 193 646 597
f 581 580 621
f 583 582 623
f 584 583 624
f 585 584 625
f 586 585 627
f 587 586 628
f 591 587 629
f 592 591 630
f 282 281 644
f 281 283 643
f 608 277 276
f 260 920 918
f 260 918 595
f 260 601 598
f 601 260 603
f 260 595 605
f 603 260 605
f 610 275 274
f 609 276 275
f 611 279 278
f 664 291 666
f 615 278 277
f 612 568 279
f 613 569 568
f 569 614 571
f 572 570 616
f 570 571 617
f 573 572 618
f 579 573 619
f 580 579 620
f 617 597 616
f 605 595 604
f 604 602 605
f 605 602 603
f 613 612 597
f 615 608 597
f 615 597 611
f 612 611 597
f 614 613 597
f 617 614 597
f 602 597 603
f 616 597 618
f 618 597 619
f 619 597 620
f 620 597 621
f 621 597 622
f 597 623 622
f 623 597 624
f 624 597 625
f 625 597 626
f 648 651 597
f 672 647 597
f 670 671 597
f 672 597 671
f 651 655 597
f 657 656 597
f 657 597 653
f 654 653 597
f 654 597 652
f 655 652 597
f 626 597 627
f 607 670 597
f 606 607 597
f 658 663 597
f 658 597 656
f 678 599 597
f 599 600 597
f 600 598 597
f 598 601 597
f 601 603 597
f 693 691 646
f 683 682 646
f 688 687 646
f 686 685 646
f 685 684 646
f 684 683 646
f 687 686 646
f 689 688 646
f 690 689 646
f 691 690 646
f 682 645 646
f 693 646 692
f 694 692 646
f 695 694 646
f 700 698 646
f 696 695 646
f 698 696 646
f 700 646 697
f 699 697 646
f 701 699 646
f 636 635 646
f 627 597 628
f 628 597 629
f 629 597 630
f 630 597 631
f 631 597 632
f 632 597 646
f 633 632 646
f 634 633 646
f 635 634 646
f 650 649 597
f 637 636 646
f 638 637 646
f 639 638 646
f 640 639 646
f 641 640 646
f 642 641 646
f 643 642 646
f 644 643 646
f 645 644 646
f 699 304 697
f 672 271 647
f 271 671 670
f 308 691 693
f 308 693 692
f 694 308 692
f 301 705 707
f 705 302 703
f 703 302 706
f 303 699 701
f 271 672 671
f 697 304 700
f 702 303 701
f 706 303 704
f 704 303 702
f 309 694 695
f 700 309 698
f 698 309 696
f 696 309 695
f 300 709 711
f 305 655 651
f 291 665 667
f 666 291 667
f 291 664 659
f 292 659 661
f 292 661 660
f 293 657 653
f 295 653 654
f 295 654 652
f 295 652 655
f 712 300 711
f 294 658 656
f 658 294 663
f 294 660 662
f 294 662 663
f 657 293 656
f 306 651 648
f 306 648 649
f 307 649 650
f 307 650 647
f 597 668 673
f 661 659 597
f 661 597 660
f 659 664 597
f 666 667 597
f 667 665 597
f 664 666 597
f 674 676 597
f 669 668 597
f 669 597 665
f 663 662 597
f 673 675 597
f 675 674 597
f 681 678 597
f 676 677 597
f 677 680 597
f 680 679 597
f 681 597 679
f 647 650 597
f 649 648 597
f 312 683 684
f 301 710 708
f 709 301 708
f 710 301 707
f 310 688 689
f 310 689 690
f 691 310 690
f 311 686 687
f 688 311 687
f 683 313 682
f 2673 2674 3023
f 312 684 685
f 686 312 685
f 682 280 645
f 727 1011 1009
f 1009 596 727
f 610 606 597
f 608 609 597
f 609 610 597
f 662 660 597
f 2290 2077 2291
f 2289 2281 2288
f 2292 2298 2288
f 2288 2282 2292
f 2307 2287 2289
f 2289 2288 2309
f 2289 2309 2308
f 2307 2289 2308
f 2315 2309 2288
f 2315 2288 2298
f 2290 2291 2293
f 2287 2281 2289
f 2292 2290 2293
f 2293 2291 2294
f 2294 2291 2296
f 2291 2077 2295
f 2295 2296 2291
f 2079 2327 2295
f 2295 2327 2301
f 2296 2295 2297
f 2297 2295 2301
f 2282 2290 2292
f 2283 1871 2278
f 2283 2278 2284
f 2284 2278 2279
f 2279 2278 2280
f 2278 2070 2280
f 2280 2070 2290
f 2282 2280 2290
f 2280 2282 2281
f 2279 2280 2281
f 2298 2292 2299
f 2283 2284 2286
f 2284 2279 2286
f 2286 2279 2287
f 2285 2286 2305
f 1878 2283 2285
f 2286 2285 2283
f 2286 2287 2307
f 2281 2282 2288
f 2287 2279 2281
f 2310 1906 2305
f 2286 2307 2306
f 2305 2286 2306
f 2305 2306 2311
f 2311 2306 2307
f 2307 2308 2313
f 2313 2308 2309
f 2313 2309 2314
f 2309 2315 2321
f 2309 2321 2314
f 2305 1878 2285
f 2311 2310 2305
f 2311 2307 2312
f 2378 2311 2312
f 2307 2313 2312
f 2380 2313 2314
f 2379 2312 2313
f 2314 2321 2380
f 2315 2316 2322
f 2321 2315 2322
f 2294 2296 2302
f 2299 2292 2293
f 2299 2293 2294
f 2294 2302 2300
f 2299 2294 2300
f 2298 2299 2315
f 2315 2299 2316
f 2300 2302 2317
f 2299 2300 2317
f 2317 2316 2299
f 1870 2068 2278
f 2302 2297 2303
f 2301 2304 2303
f 2303 2297 2301
f 2297 2302 2296
f 2318 2317 2302
f 2302 2319 2318
f 2319 2302 2303
f 2319 2303 2304
f 2304 2301 2334
f 2188 2251 2253
f 2270 2246 2272
f 2247 2243 2258
f 2258 2244 2257
f 2259 2248 2245
f 2258 2259 2247
f 2259 2245 2247
f 2249 2185 2250
f 2250 2186 2254
f 2252 2251 2188
f 2248 2246 2245
f 2254 2188 2253
f 2253 2256 2254
f 2249 2250 2263
f 2254 2255 2250
f 2263 2250 2255
f 2255 2254 2256
f 2244 2183 2249
f 2244 2249 2257
f 2263 2257 2249
f 2239 2237 2457
f 2233 2218 2231
f 2238 2233 2239
f 2239 2233 2231
f 2222 2234 2235
f 2234 2230 2456
f 2456 2230 2240
f 2239 2236 2237
f 2237 2236 2276
f 2238 2239 2457
f 2246 2248 2260
f 2240 2238 2457
f 2228 2235 2462
f 2242 2181 2246
f 2246 2181 2241
f 2246 2241 2245
f 2245 2182 2243
f 2245 2243 2247
f 2243 2244 2258
f 2242 2246 2270
f 2276 2236 2273
f 2215 2189 2270
f 2215 2270 2271
f 2217 2215 2271
f 2232 2217 2271
f 2271 2270 2272
f 2232 2271 2273
f 2271 2272 2274
f 2260 2274 2272
f 2236 2232 2273
f 2189 2242 2270
f 2277 2275 2274
f 2273 2271 2275
f 2275 2271 2274
f 2274 2260 2277
f 2273 2275 2497
f 2276 2273 2497
f 2498 2237 2276
f 2499 2275 2277
f 1871 1870 2278
f 2490 2261 2269
f 2272 2246 2260
f 2248 2259 2262
f 2260 2248 2262
f 2259 2258 2261
f 2262 2259 2261
f 2261 2258 2269
f 2260 2262 2277
f 2489 2277 2262
f 2490 2262 2261
f 2316 2317 2322
f 2263 2255 2266
f 2257 2263 2264
f 2257 2264 2258
f 2266 2265 2263
f 2258 2264 2269
f 2265 2267 2263
f 2263 2267 2268
f 2268 2264 2263
f 2268 2269 2264
f 2310 2311 2376
f 2371 2369 2415
f 2372 2366 2375
f 2375 2366 2373
f 2375 2373 2374
f 2367 2468 2374
f 2373 2367 2374
f 2369 2372 2415
f 2415 2372 2375
f 2375 2374 2417
f 2417 2374 2468
f 2370 2369 2371
f 2376 2311 2377
f 2377 2311 2378
f 1952 2310 2376
f 2313 2380 2379
f 2312 2379 2378
f 2380 2321 2383
f 2376 2377 2392
f 1952 2376 2392
f 2397 2377 2378
f 2364 2365 2367
f 2413 2358 2368
f 2361 2359 2360
f 2360 2359 2343
f 2343 2364 2363
f 2360 2343 2363
f 2361 2360 2362
f 2362 2363 2369
f 2362 2360 2363
f 2364 2346 2365
f 1960 1952 2392
f 2363 2364 2366
f 2363 2366 2372
f 2364 2367 2373
f 2366 2364 2373
f 2368 2361 2370
f 2370 2361 2362
f 2370 2362 2369
f 2369 2363 2372
f 2413 2368 2370
f 2396 2395 2398
f 2388 2405 2564
f 2387 2388 2563
f 2386 2387 2563
f 2559 2386 2563
f 2564 2563 2388
f 1960 2392 2393
f 2393 2392 2394
f 2394 2395 2396
f 2394 2392 2395
f 2391 2386 2559
f 2397 2401 2398
f 2398 2395 2397
f 2381 2399 2400
f 2381 2400 2401
f 2397 2381 2401
f 2399 2381 2382
f 2399 2382 2402
f 2402 2382 2389
f 2402 2389 2404
f 2384 2323 2385
f 2377 2397 2395
f 2392 2377 2395
f 2378 2379 2397
f 2379 2380 2381
f 2380 2383 2389
f 2397 2379 2381
f 2381 2380 2382
f 2382 2380 2389
f 2383 2321 2384
f 2407 2358 2413
f 2385 2324 2386
f 2386 2324 2387
f 2387 2326 2388
f 2388 2326 2405
f 2383 2384 2389
f 2389 2384 2390
f 2384 2385 2391
f 2390 2384 2391
f 2391 2385 2386
f 2332 2328 2333
f 2106 2330 2329
f 2330 2106 2107
f 2330 2107 2339
f 2328 2329 2336
f 2336 2329 2330
f 2336 2330 2342
f 2331 2332 2334
f 2334 2301 2331
f 2331 2327 2332
f 2328 2327 2329
f 2334 2332 2335
f 2304 2334 2348
f 2335 2332 2349
f 2349 2332 2333
f 2328 2337 2333
f 2337 2328 2336
f 2337 2336 2338
f 2337 2338 2352
f 2352 2349 2337
f 2323 2324 2385
f 2317 2318 2324
f 2317 2324 2323
f 2322 2317 2323
f 2319 2304 2320
f 2320 2304 2348
f 2324 2318 2319
f 2320 2348 2326
f 2326 2319 2320
f 2321 2322 2384
f 2349 2333 2337
f 2384 2322 2323
f 2319 2326 2325
f 2324 2319 2325
f 2324 2325 2387
f 2387 2325 2326
f 2327 2079 2104
f 2327 2104 2329
f 2327 2328 2332
f 2301 2327 2331
f 2358 2353 2361
f 2351 2350 2349
f 2356 2348 2350
f 2338 2353 2352
f 2349 2352 2354
f 2353 2338 2361
f 2361 2338 2359
f 2351 2349 2354
f 2353 2358 2354
f 2354 2352 2353
f 2349 2350 2335
f 2348 2356 2355
f 2348 2355 2326
f 2350 2351 2356
f 2356 2351 2357
f 2351 2354 2357
f 2354 2358 2407
f 2358 2361 2368
f 2357 2354 2406
f 2406 2354 2407
f 2339 2346 2342
f 2359 2338 2336
f 2111 2341 2339
f 2342 2330 2339
f 2339 2341 2344
f 2113 2226 2340
f 2113 2340 2341
f 2344 2341 2345
f 2341 2340 2345
f 2336 2342 2343
f 2218 2233 2212
f 2346 2339 2344
f 2343 2359 2336
f 2342 2364 2343
f 2364 2342 2346
f 2344 2345 2347
f 2346 2344 2365
f 2365 2344 2347
f 2348 2334 2350
f 2350 2334 2335
f 2123 2121 2124
f 2188 2115 2119
f 1445 2137 2136
f 1445 1446 2122
f 2137 1445 2122
f 1448 2170 2121
f 1446 2120 2122
f 1448 2121 2120
f 2121 2170 2173
f 2122 2120 2123
f 2123 2120 2121
f 2118 2115 2117
f 2124 2121 2178
f 2178 2121 2173
f 2123 2124 2164
f 2164 2124 2178
f 2164 2178 2189
f 2132 1456 2127
f 2125 1456 2126
f 2125 2126 2130
f 2126 1456 2132
f 2339 2105 2111
f 2110 2100 2108
f 2110 2108 2112
f 2096 2199 2220
f 2224 2109 2096
f 2224 2096 2220
f 2108 2109 2112
f 2105 2102 2110
f 2105 2110 2111
f 2339 2107 2105
f 2018 2125 2130
f 2341 2111 2110
f 2109 2226 2112
f 2226 2109 2224
f 2113 2110 2112
f 2110 2113 2341
f 2226 2113 2112
f 2114 2115 2188
f 2116 2117 2115
f 2115 2118 2119
f 2143 2140 2144
f 2139 2157 2138
f 2129 2138 2157
f 2139 2122 2156
f 2122 2123 2158
f 2133 2140 2039
f 2143 2039 2140
f 2140 2133 2141
f 2140 2141 2144
f 2141 2131 2142
f 2137 2122 2139
f 2144 2141 2150
f 2150 2141 2142
f 2142 2134 2146
f 2146 2135 2148
f 2135 2145 2148
f 2148 2145 2157
f 2146 2148 2152
f 2146 2152 2147
f 2142 2146 2147
f 2131 2134 2142
f 1458 2129 2128
f 2132 2127 2128
f 2129 1458 2138
f 2022 2130 2133
f 2126 2132 2131
f 2130 2126 2131
f 2130 2131 2141
f 2133 2130 2141
f 2131 2132 2134
f 2102 2100 2110
f 2129 2135 2128
f 2135 2129 2145
f 2145 2129 2157
f 2132 2128 2135
f 2134 2132 2146
f 2146 2132 2135
f 1458 2136 2138
f 2138 2136 2137
f 2138 2137 2139
f 2081 2080 2083
f 2290 2076 2077
f 2077 2075 2078
f 2078 2103 2079
f 2077 2078 2079
f 2077 2079 2295
f 2034 2083 2080
f 2083 2034 2037
f 2058 2080 2081
f 2058 2081 2085
f 2077 2073 2075
f 2086 2081 2083
f 2037 2082 2083
f 2083 2084 2088
f 2084 2083 2082
f 2085 2081 2086
f 2087 2085 2086
f 2085 2099 2097
f 2064 2085 2097
f 2099 2085 2087
f 2071 2062 2072
f 1798 2065 2067
f 2067 2070 2068
f 2068 2070 2278
f 1798 2067 2068
f 1870 1798 2068
f 2070 2067 2069
f 2070 2069 2076
f 2076 2069 2073
f 2070 2076 2290
f 2086 2083 2088
f 2073 2071 2075
f 2075 2071 2072
f 2062 2064 2072
f 2072 2064 2074
f 2074 2064 2098
f 2075 2072 2078
f 2078 2072 2074
f 2078 2074 2103
f 2076 2073 2077
f 2105 2099 2102
f 2109 2093 2096
f 2096 2095 2199
f 2098 2064 2097
f 2097 2099 2101
f 2103 2074 2098
f 2098 2097 2101
f 2099 2087 2100
f 2099 2100 2102
f 2101 2099 2105
f 2199 2092 2198
f 2103 2098 2106
f 2106 2098 2101
f 2329 2104 2103
f 2104 2079 2103
f 2329 2103 2106
f 2106 2101 2105
f 2107 2106 2105
f 2100 2094 2108
f 2108 2094 2109
f 2091 2196 2198
f 2087 2086 2100
f 2100 2086 2088
f 2082 2089 2090
f 2089 2082 2038
f 2084 2082 2090
f 2090 2089 2095
f 2089 2091 2092
f 2091 2195 2196
f 2095 2089 2092
f 2142 2147 2153
f 2092 2091 2198
f 2084 2090 2093
f 2084 2093 2094
f 2093 2090 2096
f 2094 2093 2109
f 2088 2084 2094
f 2100 2088 2094
f 2096 2090 2095
f 2095 2092 2199
f 2203 2205 2211
f 2222 2200 2197
f 2194 2222 2197
f 2203 2161 2201
f 2201 2207 2205
f 2202 2163 2203
f 2203 2201 2205
f 2202 2204 2210
f 2204 2202 2203
f 2209 2202 2210
f 2219 2199 2198
f 2204 2203 2211
f 2201 2206 2207
f 2206 2164 2208
f 2208 2164 2215
f 2215 2164 2189
f 2205 2207 2213
f 2206 2208 2214
f 2207 2206 2214
f 2193 2209 2229
f 2154 2209 2192
f 2185 2186 2250
f 2254 2187 2188
f 2188 2119 2252
f 2191 2154 2192
f 2190 2151 2191
f 2154 2202 2209
f 2190 2194 2197
f 2191 2192 2193
f 2190 2191 2193
f 2211 2205 2218
f 2192 2209 2193
f 2194 2190 2193
f 2193 2229 2194
f 2195 2155 2190
f 2195 2190 2197
f 2196 2195 2200
f 2200 2195 2197
f 2198 2196 2219
f 2219 2196 2200
f 2235 2223 2222
f 2221 2219 2228
f 2228 2219 2223
f 2220 2225 2224
f 2224 2225 2227
f 2449 2226 2224
f 2449 2224 2227
f 2221 2228 2450
f 2450 2225 2221
f 2223 2235 2228
f 2219 2222 2223
f 2194 2229 2230
f 2229 2212 2238
f 2222 2230 2234
f 2238 2212 2233
f 2230 2229 2240
f 2240 2229 2238
f 2231 2216 2232
f 2231 2232 2236
f 2231 2236 2239
f 2213 2207 2216
f 2210 2204 2211
f 2229 2209 2210
f 2211 2218 2212
f 2210 2211 2212
f 2229 2210 2212
f 2205 2213 2218
f 2215 2217 2214
f 2214 2208 2215
f 2207 2214 2216
f 2185 2184 2186
f 2214 2217 2232
f 2218 2213 2231
f 2216 2214 2232
f 2231 2213 2216
f 2222 2194 2230
f 2199 2219 2221
f 2199 2225 2220
f 2225 2199 2221
f 2200 2222 2219
f 2162 2161 2203
f 2160 2156 2158
f 2159 2139 2160
f 2156 2122 2158
f 2158 2123 2164
f 2162 2157 2161
f 2161 2157 2159
f 2161 2159 2160
f 2160 2206 2201
f 2161 2160 2201
f 2139 2156 2160
f 2163 2162 2203
f 2206 2158 2164
f 2160 2158 2206
f 1466 2168 2166
f 1462 2167 2165
f 1463 2166 2167
f 2167 2166 2169
f 2169 2166 2175
f 2175 2166 2168
f 2151 2150 2153
f 2148 2157 2162
f 2143 2149 2155
f 2149 2143 2144
f 2149 2144 2150
f 2149 2150 2151
f 2149 2151 2190
f 2155 2149 2190
f 2147 2152 2154
f 2153 2147 2154
f 2167 2169 2179
f 2150 2142 2153
f 2152 2162 2163
f 2162 2152 2148
f 2153 2154 2191
f 2151 2153 2191
f 2152 2163 2202
f 2152 2202 2154
f 2155 2045 2143
f 2157 2139 2159
f 2180 2183 2244
f 2179 2169 2180
f 2176 2179 2182
f 2182 2179 2180
f 2181 2176 2241
f 2178 2181 2242
f 2189 2178 2242
f 2241 2176 2245
f 2182 2180 2243
f 2176 2182 2245
f 2181 2177 2176
f 2243 2180 2244
f 2185 2174 2184
f 2184 2114 2187
f 2175 2174 2185
f 2187 2114 2188
f 2184 2187 2254
f 2184 2254 2186
f 2183 2175 2249
f 2249 2175 2185
f 1409 2174 1466
f 1465 2171 2170
f 2171 1465 2165
f 2171 2165 2172
f 2172 2165 2167
f 2173 2170 2177
f 2177 2170 2171
f 2177 2171 2176
f 2176 2171 2172
f 2172 2167 2179
f 2389 2390 2403
f 2168 1466 2174
f 2174 1409 2114
f 2174 2114 2184
f 2175 2168 2174
f 2169 2175 2183
f 2169 2183 2180
f 2176 2172 2179
f 2173 2177 2181
f 2178 2173 2181
f 2711 456 2706
f 446 2672 2681
f 2682 446 2681
f 2684 447 2682
f 2684 2689 448
f 2692 448 2689
f 2694 453 2692
f 2603 2693 449
f 454 2694 2703
f 2704 454 2703
f 2706 455 2704
f 445 2671 2672
f 457 2711 2714
f 2716 457 2714
f 2717 458 2716
f 459 2717 2724
f 2725 459 2724
f 2726 460 2725
f 2576 2765 420
f 2765 2766 420
f 2637 427 2640
f 440 2655 2656
f 2611 425 2612
f 2608 2605 452
f 2616 424 2617
f 2617 426 2623
f 2623 423 2622
f 2616 2612 425
f 2647 437 2648
f 439 2647 2645
f 438 2654 2655
f 2622 423 2637
f 2656 2657 441
f 441 2657 2658
f 2654 439 2645
f 2693 2646 451
f 2648 451 2646
f 442 2658 2668
f 443 2668 2669
f 443 2669 2670
f 444 2670 2671
f 2971 467 2968
f 2729 461 2726
f 2729 2733 462
f 2736 462 2733
f 2740 463 2736
f 2740 2741 464
f 2744 464 2741
f 2963 465 2744
f 2965 466 2963
f 2965 2968 467
f 476 2880 2943
f 2974 468 2971
f 2974 2976 469
f 3165 469 2976
f 3166 470 3165
f 3166 3170 488
f 3171 488 3170
f 3174 489 3171
f 3177 490 3174
f 491 3177 3192
f 2753 433 2756
f 2640 428 2628
f 2628 428 2632
f 2632 429 2633
f 2633 430 2634
f 2634 431 2747
f 2748 432 2752
f 2747 431 2748
f 2752 433 2753
f 2758 435 2869
f 2611 2608 422
f 2756 434 2758
f 3298 420 2766
f 2869 435 2870
f 2870 436 2873
f 2873 473 2874
f 2874 474 2878
f 2878 474 2937
f 2937 475 2940
f 2940 476 2943
f 2571 2429 2433
f 2566 2567 2570
f 2565 2566 2570
f 2567 2568 2571
f 2427 2571 2568
f 2571 2427 2425
f 2571 2425 2426
f 2432 2435 2571
f 2432 2571 2433
f 2571 2426 2429
f 2567 2564 2568
f 2570 2558 2557
f 2573 2574 2558
f 2557 2565 2570
f 2570 2573 2558
f 2445 2446 2569
f 2530 2533 2569
f 2533 2531 2569
f 2446 2530 2569
f 2434 2436 2572
f 2560 2557 2403
f 2398 2556 2396
f 2401 2400 2556
f 2400 2399 2556
f 2402 2404 2556
f 2402 2556 2399
f 2404 2403 2556
f 2562 2561 2557
f 2565 2557 2561
f 2562 2557 2560
f 2434 2572 2435
f 2560 2391 2562
f 2562 2391 2561
f 2561 2391 2559
f 2559 2565 2561
f 2565 2559 2563
f 2423 2568 2564
f 2563 2564 2567
f 2563 2567 2566
f 2565 2563 2566
f 2591 421 2590
f 2582 421 2580
f 2584 2583 421
f 2585 2584 421
f 2586 2585 421
f 2583 2581 421
f 2589 2586 421
f 2589 421 2587
f 2588 2587 421
f 2591 2588 421
f 2581 2580 421
f 2592 2590 421
f 2593 2592 421
f 2594 2593 421
f 2595 2594 421
f 2596 2595 421
f 2597 2596 421
f 2598 2597 421
f 2603 450 2604
f 2604 452 2605
f 2572 2445 2569
f 2440 2441 2572
f 2437 2439 2572
f 2572 2439 2440
f 2572 2436 2430
f 2572 2430 2437
f 2572 2441 2442
f 2443 2445 2572
f 2442 2444 2572
f 2444 2443 2572
f 491 3192 3194
f 2570 2567 2571
f 2571 2435 2572
f 2573 2570 2571
f 2574 2573 2575
f 192 594 5024
f 2577 2576 420
f 2582 2579 421
f 2579 2578 421
f 2578 2577 421
f 2661 2656 2662
f 2657 2661 2665
f 2658 2664 2668
f 2657 2667 2658
f 2657 2665 2667
f 2664 2658 2667
f 2654 2653 2659
f 2663 2654 2659
f 2663 2660 2655
f 2662 2655 2660
f 2656 2661 2657
f 2665 2661 2666
f 2667 2665 2666
f 2668 2673 2669
f 2664 2674 2668
f 2668 2674 2673
f 2669 2676 2670
f 2673 2675 2669
f 2669 2675 2676
f 2670 2678 2671
f 2651 2648 2697
f 2642 2622 2637
f 2642 2637 2641
f 2641 2637 2640
f 2641 2640 2643
f 2643 2644 2641
f 2643 2640 2629
f 2646 2697 2648
f 2646 2696 2697
f 2696 2646 2693
f 2670 2676 2678
f 2648 2650 2647
f 2647 2649 2645
f 2645 2653 2654
f 2645 2649 2653
f 2649 2647 2650
f 2650 2648 2651
f 2659 2653 2652
f 2654 2663 2655
f 2655 2662 2656
f 2652 2653 2995
f 2696 2693 2695
f 2696 2695 2698
f 2700 2699 2692
f 2701 2692 2699
f 2701 2699 2702
f 2650 2651 2990
f 2650 2992 2649
f 2653 2649 2994
f 2659 2652 2998
f 2692 2701 2694
f 2663 2659 3001
f 2660 2663 3006
f 2662 2660 3010
f 2661 2662 3008
f 2666 2661 3013
f 2667 2666 3017
f 2664 2667 3019
f 2674 2664 3020
f 2675 2673 3025
f 2682 2683 2687
f 2671 2679 2672
f 2672 2685 2681
f 2676 2675 2677
f 2678 2676 2677
f 2679 2671 2678
f 2679 2680 2672
f 2685 2672 2680
f 2681 2683 2682
f 2683 2681 2685
f 2638 2622 2642
f 2682 2687 2688
f 2682 2688 2684
f 2687 2683 2686
f 2688 2687 2686
f 2690 2684 2688
f 2684 2690 2689
f 2689 2690 2691
f 2700 2689 2691
f 2689 2700 2692
f 3006 2588 2591
f 2589 2991 2586
f 2586 2992 2585
f 2577 2578 2806
f 2578 2579 2795
f 2579 2582 2812
f 2580 2581 2985
f 2581 2583 2981
f 2580 2982 2582
f 2587 2588 3006
f 2585 2999 2584
f 2587 3002 2589
f 2592 3007 2590
f 2590 3011 2591
f 2593 3008 2592
f 2593 2594 3025
f 3025 2594 2595
f 2596 3039 2595
f 3039 2596 2597
f 2598 3049 2597
f 184 4963 4971
f 492 3194 3197
f 2599 2598 421
f 2600 2599 421
f 2602 2600 421
f 2602 421 2601
f 3188 2601 421
f 3188 421 3189
f 5011 594 191
f 182 4965 4963
f 2599 3050 2598
f 186 4971 4972
f 185 4972 4973
f 188 4973 4976
f 189 4974 4975
f 190 4976 4974
f 191 4975 5011
f 594 5011 5024
f 2576 2577 2774
f 2584 2987 2583
f 2628 2632 2631
f 2620 2617 2618
f 2620 2618 2621
f 2622 2639 2623
f 2624 2617 2623
f 2624 2623 2639
f 2625 2611 2626
f 2626 2612 2627
f 2627 2612 2619
f 2640 2628 2629
f 2618 2617 2624
f 2629 2628 2631
f 2630 2631 2632
f 2630 2632 2636
f 2636 2632 2633
f 2636 2633 2635
f 2633 2634 2635
f 2635 2634 2746
f 2635 2746 2745
f 2639 2622 2638
f 2613 2608 2609
f 2600 3055 2599
f 2602 3057 2600
f 2601 3065 2602
f 2601 3188 3066
f 2604 2607 2603
f 2604 2614 2615
f 2614 2604 2605
f 2603 2607 2606
f 2607 2604 2615
f 2556 2398 2401
f 2611 2625 2608
f 2609 2608 2625
f 2613 2609 2610
f 2612 2626 2611
f 2614 2605 2613
f 2605 2608 2613
f 2612 2616 2619
f 2617 2620 2616
f 2619 2616 2620
f 2365 2465 2466
f 2458 2456 2461
f 2461 2240 2459
f 2460 2472 2463
f 2458 2461 2473
f 2473 2460 2458
f 2462 2460 2463
f 2463 2472 2484
f 2464 2463 2484
f 2465 2453 2470
f 2365 2347 2465
f 2456 2240 2461
f 2367 2365 2466
f 2453 2455 2467
f 2455 2482 2483
f 2470 2453 2467
f 2467 2455 2485
f 2485 2455 2483
f 2466 2465 2471
f 2468 2367 2469
f 2469 2367 2466
f 2454 2451 2482
f 2449 2451 2454
f 2450 2462 2463
f 2451 2450 2463
f 2345 2452 2453
f 2452 2449 2455
f 2345 2453 2465
f 2453 2452 2455
f 2347 2345 2465
f 2455 2449 2454
f 2469 2466 2471
f 2451 2463 2464
f 2482 2451 2464
f 2455 2454 2482
f 2234 2456 2458
f 2235 2234 2458
f 2235 2458 2462
f 2462 2458 2460
f 2457 2237 2498
f 2240 2457 2459
f 2488 2486 2484
f 2484 2480 2478
f 2480 2475 2479
f 2482 2464 2484
f 2482 2484 2486
f 2485 2483 2487
f 2483 2482 2487
f 2487 2482 2486
f 2553 2487 2486
f 2487 2545 2485
f 2477 2474 2521
f 2486 2488 2553
f 2484 2478 2488
f 2262 2490 2491
f 2262 2491 2489
f 2269 2495 2490
f 2489 2491 2492
f 2489 2492 2496
f 2489 2496 2502
f 2490 2494 2493
f 2460 2474 2475
f 2523 2468 2469
f 2471 2465 2470
f 2470 2467 2485
f 2547 2471 2470
f 2526 2469 2471
f 2470 2485 2543
f 2547 2470 2543
f 2472 2460 2475
f 2460 2473 2474
f 2228 2462 2450
f 2461 2516 2473
f 2475 2484 2472
f 2474 2473 2520
f 2474 2520 2521
f 2475 2476 2481
f 2484 2475 2480
f 2475 2481 2479
f 2475 2474 2477
f 2476 2475 2477
f 2418 2417 2527
f 2411 2412 2436
f 2413 2370 2414
f 2414 2370 2371
f 2371 2415 2419
f 2414 2371 2419
f 2419 2415 2420
f 2415 2375 2416
f 2416 2417 2418
f 2416 2375 2417
f 2410 2411 2435
f 2415 2416 2421
f 2412 2413 2414
f 2414 2419 2441
f 2412 2414 2438
f 2441 2419 2420
f 2441 2420 2442
f 2441 2438 2414
f 2422 2421 2416
f 2421 2420 2415
f 2410 2406 2407
f 2389 2403 2404
f 2403 2390 2560
f 2560 2390 2391
f 2355 2356 2405
f 2405 2326 2355
f 2356 2357 2409
f 2356 2409 2408
f 2405 2356 2408
f 2357 2406 2410
f 2527 2422 2418
f 2409 2357 2410
f 2407 2413 2412
f 2405 2408 2424
f 2405 2424 2423
f 2564 2405 2423
f 2424 2408 2409
f 2410 2407 2411
f 2411 2407 2412
f 2410 2432 2409
f 2438 2437 2412
f 2410 2435 2431
f 2432 2410 2431
f 2435 2411 2434
f 2436 2434 2411
f 2436 2412 2430
f 2435 2432 2431
f 2428 2432 2433
f 2440 2439 2438
f 2439 2437 2438
f 2433 2429 2428
f 2437 2430 2412
f 2438 2441 2440
f 2445 2422 2446
f 2340 2226 2452
f 2227 2451 2449
f 2345 2340 2452
f 2452 2226 2449
f 2225 2450 2451
f 2451 2227 2225
f 2448 2422 2530
f 2422 2416 2418
f 2444 2442 2420
f 2421 2445 2443
f 2420 2421 2444
f 2422 2447 2446
f 2530 2447 2448
f 2447 2422 2448
f 2447 2530 2446
f 2445 2421 2422
f 2494 2490 2495
f 2444 2421 2443
f 2423 2424 2425
f 2424 2409 2428
f 2428 2409 2432
f 2568 2423 2427
f 2424 2428 2426
f 2427 2423 2425
f 2426 2425 2424
f 2429 2426 2428
f 2488 2478 2569
f 2569 2494 2495
f 2495 2269 2569
f 2496 2492 2569
f 2505 2496 2569
f 2509 2506 2569
f 2506 2505 2569
f 2507 2509 2569
f 2265 2569 2267
f 2267 2569 2268
f 2492 2491 2569
f 2552 2551 2569
f 2554 2553 2569
f 2546 2554 2569
f 2545 2544 2569
f 2551 2545 2569
f 2569 2544 2546
f 2553 2488 2569
f 2536 2535 2569
f 2542 2540 2569
f 2119 2569 2252
f 1562 2569 1563
f 1563 2569 1564
f 1564 2569 1566
f 1565 1566 2569
f 1565 2569 1567
f 1567 2569 2116
f 2117 2116 2569
f 2118 2117 2569
f 2119 2118 2569
f 2541 2536 2569
f 2251 2252 2569
f 2251 2569 2253
f 2253 2569 2256
f 2569 2255 2256
f 2265 2266 2569
f 2569 2266 2255
f 2269 2268 2569
f 2493 2494 2569
f 2491 2493 2569
f 2555 1944 1947
f 2515 2508 2569
f 2477 2521 2569
f 2476 2477 2569
f 2481 2476 2569
f 2479 2481 2569
f 2480 2479 2569
f 2569 2478 2480
f 2555 1958 2556
f 2403 2557 2556
f 2508 2510 2569
f 1944 2555 1941
f 2555 1947 1957
f 1957 1955 2555
f 1958 2555 1955
f 2556 1958 1959
f 2556 1960 2393
f 1960 2556 1959
f 2556 2393 2394
f 2396 2556 2394
f 2569 2550 2552
f 2569 2540 2541
f 2569 2535 2538
f 2538 2537 2569
f 2532 2534 2569
f 2531 2532 2569
f 2534 2542 2569
f 2537 2548 2569
f 2569 2548 2549
f 2569 2549 2550
f 2487 2553 2554
f 2514 2513 2569
f 2569 2513 2515
f 2569 2512 2514
f 2520 2517 2569
f 2521 2520 2569
f 2569 2517 2518
f 2569 2518 2519
f 2519 2512 2569
f 2510 2507 2569
f 2514 2511 2513
f 2459 2457 2511
f 2501 2502 2509
f 2501 2509 2507
f 2502 2496 2505
f 2502 2505 2506
f 2509 2502 2506
f 2510 2501 2507
f 2504 2510 2508
f 2511 2514 2512
f 2511 2461 2459
f 2512 2519 2511
f 2511 2519 2516
f 2516 2461 2511
f 2473 2516 2517
f 2517 2516 2518
f 2518 2516 2519
f 2520 2473 2517
f 2468 2523 2524
f 2468 2522 2417
f 2502 2277 2489
f 2491 2490 2493
f 2275 2501 2497
f 2276 2500 2498
f 2500 2276 2497
f 2275 2499 2501
f 2501 2500 2497
f 2498 2503 2457
f 2503 2498 2500
f 2277 2502 2499
f 2469 2525 2523
f 2501 2499 2502
f 2503 2511 2457
f 2503 2500 2504
f 2501 2510 2504
f 2500 2501 2504
f 2515 2513 2503
f 2515 2503 2504
f 2513 2511 2503
f 2504 2508 2515
f 2485 2551 2552
f 2534 2529 2542
f 2533 2528 2531
f 2527 2533 2530
f 2530 2422 2527
f 2531 2528 2532
f 2542 2525 2540
f 2540 2525 2539
f 2540 2539 2541
f 2539 2536 2541
f 2529 2525 2542
f 2485 2552 2543
f 2487 2546 2544
f 2546 2487 2554
f 2545 2487 2544
f 2551 2485 2545
f 2543 2552 2550
f 2543 2550 2547
f 2548 2547 2549
f 2549 2547 2550
f 2526 2535 2536
f 2522 2468 2524
f 2525 2469 2526
f 2417 2522 2527
f 2527 2522 2528
f 2524 2523 2529
f 2528 2522 2524
f 2529 2523 2525
f 2471 2538 2526
f 2526 2538 2535
f 1488 1483 1495
f 2536 2539 2526
f 2538 2471 2537
f 2547 2548 2537
f 2537 2471 2547
f 2525 2526 2539
f 2528 2524 2529
f 2528 2529 2532
f 2527 2528 2533
f 2532 2529 2534
f 1762 1787 1824
f 1758 1766 1759
f 1760 1758 1759
f 1766 1782 1761
f 1761 1759 1766
f 1753 1757 1755
f 1755 1757 1760
f 1760 1761 1822
f 1760 1759 1761
f 1762 1761 1782
f 1762 1782 1787
f 1761 1762 1823
f 1757 1745 1758
f 1824 1787 1788
f 1739 1702 1763
f 1763 1702 1765
f 1765 1702 1764
f 1765 1764 1768
f 1764 1702 1704
f 1766 1765 1768
f 1766 1768 1769
f 1704 1767 1768
f 1768 1764 1704
f 1767 1772 1770
f 1751 1752 1754
f 1756 1740 1745
f 1745 1765 1758
f 1758 1765 1766
f 1748 1726 1746
f 1746 1747 1749
f 1747 1743 1750
f 1748 1746 1752
f 1752 1746 1749
f 1750 1749 1747
f 1751 1728 1752
f 1752 1728 1748
f 1769 1768 1767
f 1754 1750 1753
f 1750 1754 1749
f 1752 1749 1754
f 1754 1753 1810
f 1743 1744 1750
f 1744 1756 1753
f 1753 1750 1744
f 1756 1745 1757
f 1753 1756 1757
f 1757 1758 1760
f 1789 1784 1786
f 1782 1769 1783
f 1787 1782 1783
f 1788 1783 1784
f 1783 1771 1785
f 1785 1777 1786
f 1785 1786 1784
f 1784 1783 1785
f 1783 1788 1787
f 1788 1784 1856
f 1789 1857 1856
f 1789 1856 1784
f 1782 1766 1769
f 1790 1786 1795
f 1857 1789 1786
f 1857 1786 1790
f 1857 1790 1860
f 1860 1790 1795
f 1777 1791 1786
f 1791 1780 1795
f 1786 1791 1795
f 1795 1780 1793
f 1795 1793 1797
f 1793 1780 1792
f 1775 1774 1779
f 1767 1770 1769
f 1770 1772 1771
f 1769 1770 1771
f 1783 1769 1771
f 1771 1777 1785
f 1767 1711 1772
f 1772 1711 1773
f 1772 1773 1775
f 1776 1772 1775
f 1773 1714 1774
f 1775 1773 1774
f 1745 1763 1765
f 1771 1772 1776
f 1776 1775 1778
f 1777 1776 1778
f 1771 1776 1777
f 1778 1780 1791
f 1778 1791 1777
f 1780 1778 1779
f 1778 1775 1779
f 1780 1779 1781
f 1781 1792 1780
f 1717 1718 1721
f 1711 1710 1713
f 1711 1713 1773
f 1713 1708 1712
f 1773 1713 1712
f 1773 1712 1714
f 1715 1602 1636
f 1717 1716 1637
f 1716 1717 1720
f 1639 1730 1718
f 1718 1730 1719
f 1717 1637 1718
f 1767 1710 1711
f 1721 1718 1719
f 1604 1715 1722
f 1722 1715 1716
f 1722 1716 1720
f 1720 1717 1721
f 1720 1721 1723
f 1721 1719 1726
f 1726 1719 1732
f 1611 1604 1722
f 1611 1722 1724
f 1722 1720 1724
f 1704 1707 1710
f 1697 1699 1701
f 1699 1705 1707
f 1699 1707 1703
f 1700 1701 1739
f 1739 1662 1700
f 1700 1696 1701
f 1702 1701 1699
f 1739 1701 1702
f 1702 1699 1703
f 1702 1703 1704
f 1704 1703 1707
f 1724 1720 1723
f 1704 1710 1767
f 1707 1705 1706
f 1705 1691 1706
f 1710 1707 1706
f 1710 1706 1708
f 1706 1693 1708
f 1708 1693 1709
f 1709 1693 1982
f 1709 1712 1708
f 1710 1708 1713
f 1738 1663 1740
f 1726 1732 1746
f 1746 1731 1733
f 1733 1743 1747
f 1747 1746 1733
f 1734 1657 1658
f 1734 1658 1736
f 1735 1738 1737
f 1735 1737 1736
f 1736 1656 1735
f 1734 1736 1741
f 1736 1737 1742
f 1732 1731 1746
f 1740 1663 1739
f 1740 1739 1763
f 1737 1738 1740
f 1745 1740 1763
f 1741 1736 1743
f 1743 1736 1742
f 1742 1737 1744
f 1743 1742 1744
f 1744 1737 1740
f 1740 1756 1744
f 1727 1729 1802
f 1724 1723 1725
f 1723 1721 1725
f 1725 1721 1726
f 1725 1727 1724
f 1615 1611 1724
f 1725 1726 1728
f 1728 1726 1748
f 1618 1615 1724
f 1618 1724 1727
f 1727 1728 1729
f 1727 1725 1728
f 1797 1793 1792
f 1618 1727 1802
f 1729 1728 1806
f 1806 1728 1751
f 1730 1657 1731
f 1731 1657 1734
f 1719 1730 1731
f 1731 1734 1741
f 1732 1719 1731
f 1731 1741 1733
f 1733 1741 1743
f 1908 1853 1855
f 1854 1851 1849
f 1850 1848 1849
f 1843 1828 1852
f 1852 1879 1853
f 1853 1849 1852
f 1879 1880 1855
f 1879 1855 1853
f 1849 1845 1852
f 1907 1854 1849
f 1880 1884 1911
f 1855 1880 1911
f 1851 1850 1849
f 1849 1853 1907
f 1908 1907 1853
f 1909 1908 1855
f 1911 1884 1912
f 1909 1855 1911
f 1858 1856 1857
f 1858 1857 1862
f 1857 1859 1862
f 1859 1857 1860
f 1861 1860 1867
f 1863 1859 1860
f 1842 1841 1840
f 1831 1833 1832
f 1819 1831 1832
f 1830 1819 1832
f 1833 1831 1834
f 1834 1820 1838
f 1838 1821 1836
f 1821 1835 1836
f 1835 1841 1839
f 1837 1835 1839
f 1835 1837 1836
f 1841 1835 1840
f 1863 1860 1861
f 1835 1826 1840
f 1840 1826 1843
f 1840 1843 1844
f 1843 1852 1845
f 1842 1840 1844
f 1846 1844 1843
f 1843 1845 1847
f 1847 1846 1843
f 1848 1847 1845
f 1848 1845 1849
f 1880 1864 1881
f 1873 1877 1897
f 1874 1871 1875
f 1876 2283 1878
f 2283 1876 1871
f 1875 1871 1876
f 1877 1874 1875
f 1875 1878 1898
f 1897 1877 1875
f 1897 1875 1898
f 1878 1875 1876
f 1880 1879 1864
f 1873 1874 1877
f 1880 1881 1884
f 1881 1864 1866
f 1881 1882 1885
f 1881 1866 1882
f 1883 1866 1892
f 1882 1866 1883
f 1883 1892 1889
f 1889 1892 1895
f 1884 1881 1887
f 1885 1887 1881
f 1861 1867 1868
f 1879 1862 1859
f 1879 1859 1863
f 1879 1863 1864
f 1864 1863 1861
f 1864 1861 1865
f 1865 1861 1868
f 1864 1865 1866
f 1866 1865 1868
f 1860 1796 1867
f 1867 1799 1868
f 1868 1799 1869
f 1828 1858 1852
f 1868 1869 1874
f 1869 1799 1870
f 1869 1870 1871
f 1874 1869 1871
f 1866 1868 1872
f 1872 1868 1874
f 1872 1874 1873
f 1866 1872 1892
f 1892 1872 1893
f 1893 1872 1873
f 2555 1927 1928
f 1914 2555 1915
f 1915 2555 1913
f 2555 1909 1910
f 2555 1910 1913
f 2555 1914 1916
f 2555 1916 1917
f 2555 1917 1918
f 2555 1918 1922
f 2555 1922 1926
f 1925 1927 2555
f 2555 1926 1925
f 2555 1908 1909
f 2555 1930 1931
f 1930 2555 1928
f 2555 1931 1935
f 1935 1934 2555
f 1934 1933 2555
f 2555 1936 1943
f 1942 1941 2555
f 1943 1942 2555
f 1936 2555 1933
f 1802 1729 1806
f 1806 1751 1812
f 1804 1802 1805
f 1797 1792 1794
f 1796 1795 1797
f 1860 1795 1796
f 1796 1797 1799
f 1796 1799 1867
f 1797 1794 1799
f 1799 1794 1798
f 1799 1798 1870
f 1802 1804 1803
f 1801 1618 1803
f 1803 1618 1802
f 1802 1806 1807
f 1841 1842 2555
f 2555 1842 1844
f 2555 1844 1846
f 2555 1846 1847
f 2555 1847 1848
f 2555 1848 1850
f 2555 1850 1851
f 2555 1851 1854
f 2555 1854 1907
f 2555 1907 1908
f 1825 1827 1826
f 1821 1838 1820
f 1760 1820 1811
f 1820 1760 1822
f 1811 1755 1760
f 1822 1761 1823
f 1820 1822 1823
f 1823 1824 1825
f 1823 1762 1824
f 1825 1824 1827
f 1820 1823 1821
f 1823 1825 1835
f 1831 1820 1834
f 1821 1823 1835
f 1835 1825 1826
f 1826 1827 1843
f 1843 1827 1828
f 1824 1788 1856
f 1827 1824 1856
f 1828 1827 1856
f 1828 1856 1858
f 1862 1879 1852
f 1862 1852 1858
f 1812 1814 1813
f 1805 1802 1807
f 1806 1812 1808
f 1807 1806 1808
f 1808 1812 1809
f 1812 1751 1754
f 1812 1754 1810
f 1810 1814 1812
f 1810 1753 1818
f 1818 1753 1755
f 1818 1755 1819
f 1819 1755 1811
f 1699 1678 1705
f 1810 1816 1815
f 1814 1810 1815
f 1809 1812 1813
f 1816 1810 1818
f 1816 1818 1817
f 1817 1818 1829
f 1829 1819 1830
f 1820 1819 1811
f 1819 1820 1831
f 1829 1818 1819
f 1005 1829 1830
f 1005 1804 1805
f 1804 1005 1803
f 1005 1805 1807
f 1005 1808 1809
f 1808 1005 1807
f 1005 1809 1813
f 1005 1813 1814
f 1005 1815 1816
f 1815 1005 1814
f 1005 1816 1817
f 1005 1817 1829
f 1801 1005 1800
f 1005 1830 1832
f 1005 1832 1833
f 1838 1836 1005
f 1838 1005 1834
f 1834 1005 1833
f 1005 1837 1839
f 1837 1005 1836
f 1841 1005 1839
f 1075 1570 1571
f 1572 1075 1571
f 1569 1573 1577
f 1557 1556 2569
f 1533 1532 1568
f 1508 1507 1568
f 1510 1508 1568
f 1553 1534 1568
f 1568 1534 1535
f 1568 1535 1550
f 1554 1553 1568
f 1551 1555 1568
f 1568 1555 1554
f 1556 1552 1568
f 1552 1551 1568
f 1570 1569 1572
f 2569 1556 1568
f 1558 1557 2569
f 1559 1558 2569
f 1560 1559 2569
f 1561 1560 2569
f 2569 1562 1561
f 1005 1614 1616
f 1005 1616 1617
f 1005 1617 1800
f 1005 1801 1803
f 1602 1587 1632
f 1590 1583 1586
f 1584 1632 1587
f 1586 1584 1591
f 1591 1584 1587
f 1585 1590 1589
f 1588 1585 1593
f 1589 1593 1585
f 1596 1589 1590
f 1590 1586 1591
f 1597 1590 1591
f 1603 1591 1587
f 1585 1583 1590
f 1594 1592 1593
f 1592 1588 1593
f 1593 1589 1596
f 1595 1594 1593
f 1593 1598 1595
f 1590 1597 1596
f 1598 1593 1596
f 1596 1597 1601
f 1601 1597 1591
f 1601 1591 1603
f 1598 1596 1599
f 1578 1575 1581
f 1571 1570 1572
f 1576 1572 1569
f 1577 1576 1569
f 1577 1573 1578
f 1573 1077 1574
f 1574 1076 1582
f 1573 1574 1575
f 1573 1575 1578
f 1585 1575 1574
f 1580 1579 1578
f 1579 1577 1578
f 1507 1533 1568
f 1581 1580 1578
f 1588 1581 1575
f 1582 1079 1583
f 1079 1078 1583
f 1583 1078 1145
f 1583 1145 1584
f 1585 1574 1582
f 1585 1582 1583
f 1583 1584 1586
f 1588 1575 1585
f 1516 1519 1568
f 1497 1496 1568
f 1493 1568 1492
f 1568 1493 1494
f 1491 1492 1568
f 1502 1568 1501
f 1502 1491 1568
f 1501 1568 1500
f 1503 1500 1568
f 1519 1521 1568
f 1520 1522 1568
f 1521 1520 1568
f 1499 1497 1568
f 1523 1517 1568
f 1568 1517 1518
f 1518 1516 1568
f 1505 1568 1504
f 1568 1505 1506
f 1506 1503 1568
f 1522 1504 1568
f 1524 1523 1568
f 1526 1524 1568
f 1525 1526 1568
f 1527 1525 1568
f 1022 1021 1568
f 1489 1495 1496
f 1498 1490 1499
f 1490 1489 1497
f 1497 1489 1496
f 1481 1494 1493
f 1492 1481 1493
f 1491 1480 1492
f 1019 1018 1568
f 1020 1019 1568
f 1018 1017 1568
f 1021 1020 1568
f 1528 1527 1568
f 1484 1022 1568
f 1485 1484 1568
f 1486 1485 1568
f 1487 1486 1568
f 1482 1487 1568
f 1483 1482 1568
f 1496 1495 1568
f 1495 1483 1568
f 1499 1568 1498
f 1494 1498 1568
f 1538 1537 1568
f 2116 858 1567
f 1509 1510 1568
f 1514 1515 1568
f 1515 1509 1568
f 1511 1512 1568
f 1543 1511 1568
f 1568 1512 1513
f 1568 1513 1514
f 1550 1548 1568
f 1537 1536 1568
f 1540 1538 1568
f 1565 860 1566
f 1545 1544 1568
f 1536 1545 1568
f 1544 1541 1568
f 1568 1541 1542
f 1568 1542 1543
f 1546 1549 1568
f 1539 1540 1568
f 1549 1539 1568
f 1548 1547 1568
f 1547 1546 1568
f 1534 885 1535
f 1530 1529 1568
f 1529 1528 1568
f 1532 1531 1568
f 1531 1530 1568
f 1552 884 1551
f 883 1552 1556
f 1557 883 1556
f 884 1555 1551
f 1553 1554 881
f 1553 881 1534
f 1555 881 1554
f 1596 1601 1605
f 1558 865 1557
f 882 1560 1561
f 882 1558 1559
f 882 1559 1560
f 1535 887 1550
f 1562 882 1561
f 1563 863 1562
f 862 1563 1564
f 1566 862 1564
f 858 1565 1567
f 1647 1665 1671
f 1180 1668 1666
f 1666 1668 1674
f 1668 1180 1667
f 1667 1183 1669
f 1183 1679 1670
f 1669 1183 1670
f 1668 1667 1669
f 1668 1669 1674
f 1669 1670 1676
f 1676 1670 1682
f 1647 1643 1665
f 1666 1665 1664
f 1652 1647 1673
f 1673 1647 1671
f 1671 1666 1672
f 1672 1674 1677
f 1672 1666 1674
f 1672 1695 1673
f 1673 1671 1672
f 1695 1672 1677
f 1669 1676 1675
f 1677 1674 1675
f 1674 1669 1675
f 1656 1659 1660
f 1659 1646 1653
f 1659 1653 1661
f 1661 1653 1654
f 1640 1649 1657
f 1657 1649 1655
f 1655 1650 1656
f 1656 1650 1659
f 1657 1655 1658
f 1658 1655 1656
f 1658 1656 1736
f 1656 1660 1735
f 1678 1675 1676
f 1660 1659 1661
f 1735 1660 1738
f 1654 1662 1663
f 1661 1654 1663
f 1738 1660 1663
f 1663 1660 1661
f 1663 1662 1739
f 1643 1158 1665
f 1666 1664 1180
f 1665 1666 1671
f 1654 1673 1694
f 1689 1692 1688
f 1692 1689 1963
f 1686 1690 1691
f 1705 1686 1691
f 1690 1688 1691
f 1691 1688 1692
f 1692 1967 1693
f 1691 1693 1706
f 1693 1691 1692
f 1652 1673 1654
f 1673 1695 1694
f 1688 1684 1689
f 1694 1695 1696
f 1695 1677 1697
f 1696 1695 1697
f 1694 1696 1700
f 1654 1694 1662
f 1662 1694 1700
f 1701 1696 1697
f 1698 1699 1697
f 1697 1677 1698
f 1699 1698 1678
f 1690 1681 1684
f 1676 1682 1678
f 1698 1677 1675
f 1698 1675 1678
f 1680 1682 1679
f 1193 1681 1683
f 1680 1193 1683
f 1670 1679 1682
f 1683 1682 1680
f 1683 1681 1690
f 1681 1193 1684
f 1684 1196 1685
f 1653 1652 1654
f 1690 1684 1688
f 1687 1678 1682
f 1682 1683 1687
f 1686 1687 1683
f 1686 1683 1690
f 1678 1687 1705
f 1705 1687 1686
f 1684 1685 1689
f 1685 1342 1963
f 1689 1685 1963
f 1621 1150 1628
f 1615 1618 1801
f 1800 1615 1801
f 1145 1144 1620
f 1620 1144 1619
f 1584 1145 1620
f 1620 1619 1624
f 1620 1624 1632
f 1584 1620 1632
f 1623 1146 1149
f 1619 1146 1623
f 1623 1149 1622
f 1617 1615 1800
f 1622 1621 1626
f 1626 1621 1628
f 1624 1619 1623
f 1624 1623 1634
f 1623 1622 1633
f 1622 1626 1625
f 1633 1622 1625
f 1635 1626 1628
f 1628 1631 1635
f 1628 1155 1627
f 1642 1630 1156
f 1607 1604 1612
f 1599 1596 1600
f 1600 1596 1605
f 1587 1602 1603
f 1603 1602 1604
f 1604 1602 1715
f 1603 1604 1607
f 1601 1603 1608
f 1608 1603 1607
f 1605 1601 1606
f 1606 1601 1608
f 1604 1611 1612
f 1628 1627 1629
f 1606 1608 1609
f 1609 1608 1610
f 1608 1607 1612
f 1608 1612 1613
f 1613 1612 1614
f 1610 1608 1613
f 1614 1612 1616
f 1616 1612 1617
f 1617 1612 1615
f 1612 1611 1615
f 1639 1657 1730
f 1640 1629 1649
f 1158 1644 1641
f 1644 1158 1643
f 1642 1641 1644
f 1648 1630 1642
f 1645 1642 1644
f 1644 1643 1647
f 1648 1642 1645
f 1644 1647 1646
f 1645 1644 1646
f 1646 1647 1652
f 1629 1640 1631
f 1639 1640 1657
f 1648 1645 1650
f 1649 1629 1648
f 1649 1650 1655
f 1649 1648 1650
f 1650 1645 1651
f 1651 1645 1646
f 1659 1651 1646
f 1646 1652 1653
f 1650 1651 1659
f 1638 1626 1635
f 1630 1629 1156
f 1627 1156 1629
f 1157 1641 1642
f 1631 1628 1629
f 1629 1630 1648
f 1632 1624 1634
f 1634 1623 1633
f 1632 1634 1636
f 1634 1633 1637
f 1633 1625 1638
f 1638 1625 1626
f 2069 2066 2071
f 1635 1631 1640
f 1602 1632 1636
f 1715 1636 1634
f 1716 1715 1634
f 1716 1634 1637
f 1638 1635 1718
f 1637 1633 1638
f 1635 1640 1639
f 1718 1637 1638
f 1718 1635 1639
f 2030 2010 2013
f 2019 2016 2017
f 2017 1408 2018
f 2017 2018 2020
f 2014 2015 2026
f 2015 2019 2028
f 2015 1406 2016
f 2014 1406 2015
f 2016 2019 2015
f 2016 1407 2017
f 2013 2011 2012
f 2010 2011 2013
f 2010 2003 2006
f 2006 2011 2010
f 2009 2010 2030
f 2008 2003 2010
f 2009 2008 2010
f 2130 2022 2020
f 2026 2024 2014
f 2012 2007 2024
f 2007 2014 2024
f 2007 2000 2014
f 2039 2022 2133
f 2023 2021 2039
f 2043 2023 2039
f 2021 2022 2039
f 2009 1978 2008
f 2023 2019 2021
f 2028 2019 2023
f 2026 2015 2028
f 2019 2017 2021
f 2022 2017 2020
f 2020 2018 2130
f 2017 2022 2021
f 1992 1990 1994
f 1998 1996 1999
f 1999 1994 2034
f 1992 1999 1996
f 1997 1996 1998
f 1995 1996 1997
f 1995 1992 1996
f 1999 1992 1994
f 1994 1993 2033
f 2057 1998 1999
f 1994 1990 1993
f 1991 1992 1995
f 1992 1989 1990
f 1991 1989 1992
f 1997 1987 1995
f 1988 1987 1997
f 2048 1987 1988
f 2003 2001 2006
f 2011 2005 2007
f 2007 2012 2011
f 2006 2004 2011
f 2004 2005 2011
f 2007 1398 2000
f 2005 1398 2007
f 2004 1397 2005
f 2001 2004 2006
f 2012 2024 2025
f 2008 1977 2002
f 2002 2003 2008
f 1977 1396 2002
f 1396 2003 2002
f 1977 1366 1396
f 1396 2001 2003
f 2080 2057 1999
f 2046 2091 2089
f 1779 1774 2048
f 1774 1714 2048
f 2091 2047 2195
f 2195 2044 2155
f 2047 2044 2195
f 2091 2041 2047
f 2044 2045 2155
f 2091 2046 2041
f 1779 2048 2049
f 2089 2038 2046
f 2036 2031 2046
f 2038 2036 2046
f 2044 2043 2045
f 2040 2044 2047
f 2039 2045 2043
f 2044 2042 2043
f 1781 1779 2049
f 2054 2059 2061
f 2051 2050 2053
f 2054 2051 2053
f 2053 2059 2054
f 1792 1781 2051
f 1792 2051 2052
f 2051 2054 2052
f 1781 2049 2051
f 2040 2042 2044
f 2059 2050 2055
f 2050 2059 2053
f 2050 1997 2055
f 2050 1988 1997
f 2049 1988 2050
f 2049 2050 2051
f 2048 1988 2049
f 2042 2028 2043
f 2032 2030 2031
f 2035 2033 2032
f 2033 2029 2032
f 2033 1993 2029
f 2032 2009 2030
f 1993 2009 2029
f 2009 2032 2029
f 2043 2028 2023
f 2030 2013 2031
f 2025 2027 2040
f 2027 2028 2042
f 2013 2025 2040
f 2013 2012 2025
f 2024 2027 2025
f 2024 2026 2027
f 2028 2027 2026
f 1987 1991 1995
f 2032 2031 2036
f 2033 2035 2034
f 2034 1994 2033
f 2037 2034 2035
f 2080 1999 2034
f 2035 2032 2036
f 2038 2035 2036
f 2035 2038 2082
f 2082 2037 2035
f 2039 2143 2045
f 2013 2041 2031
f 2041 2013 2040
f 2040 2027 2042
f 2031 2041 2046
f 2040 2047 2041
f 1905 1906 1952
f 1941 1939 1944
f 1943 1938 1942
f 1938 1939 1941
f 1951 1905 1952
f 1950 1905 1951
f 1950 1940 1905
f 1937 1940 1950
f 1952 1906 2310
f 1939 1946 1945
f 1939 1937 1946
f 1903 1937 1939
f 1904 1939 1938
f 1936 1932 1943
f 1934 1929 1933
f 1933 1932 1936
f 1932 1938 1943
f 1947 1945 1948
f 1952 1960 1959
f 1955 1951 1958
f 1957 1951 1955
f 1957 1950 1951
f 1956 1950 1957
f 1954 1950 1956
f 1946 1950 1954
f 1953 1946 1954
f 1929 1932 1933
f 1945 1949 1948
f 1949 1946 1953
f 1945 1946 1949
f 1944 1945 1947
f 1942 1938 1941
f 1939 1945 1944
f 1946 1937 1950
f 1917 1916 1912
f 1920 1925 1926
f 1920 1921 1925
f 1918 1912 1920
f 1919 1888 1923
f 1920 1886 1919
f 1923 1921 1919
f 1919 1921 1920
f 1912 1886 1920
f 1926 1922 1920
f 1916 1914 1912
f 1918 1917 1912
f 1914 1911 1912
f 1915 1911 1914
f 1913 1910 1911
f 1915 1913 1911
f 1910 1909 1911
f 1952 1959 1958
f 1922 1918 1920
f 1921 1923 1928
f 1891 1929 1924
f 1890 1924 1923
f 1891 1904 1932
f 1924 1929 1923
f 1929 1891 1932
f 1932 1904 1938
f 1927 1925 1921
f 1928 1927 1921
f 1928 1923 1930
f 1923 1929 1931
f 1929 1934 1935
f 1931 1929 1935
f 1930 1923 1931
f 1978 1975 1976
f 1980 1978 1981
f 1978 2009 1981
f 1974 1978 1980
f 1989 1980 1990
f 1989 1979 1980
f 1980 1973 1974
f 1973 1980 1979
f 1978 1977 2008
f 1980 1993 1990
f 1976 1977 1978
f 1974 1975 1978
f 1975 1364 1976
f 1976 1365 1977
f 1972 1364 1975
f 1973 1971 1974
f 1974 1972 1975
f 1983 1984 1985
f 1987 1983 1985
f 2048 1986 1987
f 1714 1986 2048
f 1986 1983 1987
f 1714 1983 1986
f 1714 1712 1983
f 1985 1984 1991
f 1985 1991 1987
f 1971 1972 1974
f 1991 1984 1989
f 1712 1982 1983
f 1712 1709 1982
f 1982 1984 1983
f 1982 1968 1984
f 1993 1980 1981
f 1981 2009 1993
f 1963 1343 1961
f 1965 1358 1970
f 1965 1964 1347
f 1962 1347 1964
f 1964 1965 1966
f 1967 1962 1966
f 1967 1961 1962
f 1963 1961 1967
f 1961 1343 1962
f 1965 1970 1973
f 1963 1342 1343
f 1957 1954 1956
f 1957 1949 1954
f 1954 1949 1953
f 1957 1948 1949
f 1947 1948 1957
f 1958 1951 1952
f 1997 2056 2055
f 1962 1964 1966
f 1973 1966 1965
f 1967 1692 1963
f 1967 1969 1968
f 1693 1967 1968
f 1982 1693 1968
f 1967 1966 1969
f 1969 1966 1973
f 1969 1973 1979
f 1968 1969 1984
f 1984 1969 1989
f 1989 1969 1979
f 1970 1971 1973
f 1970 1359 1971
f 1971 1359 1972
f 1902 1896 1903
f 1878 2305 1901
f 1878 1901 1900
f 1898 1878 1900
f 1897 1898 1900
f 1903 1897 1899
f 1899 1897 1900
f 1901 2305 1906
f 1895 1896 1904
f 1904 1896 1902
f 1903 1894 1897
f 1939 1904 1902
f 1937 1903 1940
f 1939 1902 1903
f 1903 1899 1940
f 1940 1899 1900
f 1900 1901 1905
f 1906 1905 1901
f 1940 1900 1905
f 1886 1887 1919
f 1889 1895 1904
f 1887 1886 1884
f 1912 1884 1886
f 1919 1887 1885
f 1888 1919 1885
f 1885 1882 1890
f 1885 1890 1888
f 1923 1888 1890
f 1890 1882 1883
f 1890 1883 1889
f 2056 1997 1998
f 1924 1890 1891
f 1891 1890 1889
f 1904 1891 1889
f 1892 1893 1896
f 1893 1873 1896
f 1896 1873 1894
f 1894 1873 1897
f 1895 1892 1896
f 1896 1894 1903
f 2063 2060 2058
f 2069 2071 2073
f 2069 2065 2066
f 2066 2061 2071
f 2066 2054 2061
f 2066 2052 2054
f 1798 1794 2065
f 2065 2069 2067
f 1794 1792 2065
f 1792 2052 2065
f 2052 2066 2065
f 2064 2063 2085
f 2062 2060 2064
f 2064 2060 2063
f 2058 2085 2063
f 2062 2061 2060
f 2061 2062 2071
f 2059 2060 2061
f 2056 2058 2060
f 2058 2057 2080
f 2058 2056 2057
f 1998 2057 2056
f 2060 2055 2056
f 2055 2060 2059
f 28 29 61
f 29 30 62
f 25 26 58
f 27 28 60
f 26 27 59
f 34 2 39
f 32 64 30
f 32 31 63
f 31 33 65
f 101 1 103
f 4 11 1
f 47 15 46
f 24 25 57
f 23 24 56
f 33 22 54
f 22 21 53
f 21 20 52
f 20 19 51
f 19 18 50
f 18 17 49
f 17 16 48
f 16 15 47
f 15 14 46
f 46 14 45
f 56 24 57
f 55 23 56
f 65 33 54
f 54 22 53
f 53 21 52
f 52 20 51
f 51 19 50
f 50 18 49
f 49 17 48
f 48 16 47
f 5 3 35
f 37 5 35
f 45 13 44
f 44 12 43
f 43 11 36
f 42 10 55
f 41 9 42
f 40 8 41
f 39 7 40
f 38 6 34
f 36 4 37
f 35 3 38
f 103 83 84
f 14 1 13
f 12 13 1
f 11 12 1
f 66 1 14
f 6 1 2
f 3 1 6
f 4 1 5
f 101 102 26
f 102 101 104
f 104 101 103
f 103 82 83
f 66 67 1
f 103 84 85
f 103 85 86
f 103 86 87
f 103 87 88
f 104 103 88
f 104 89 90
f 100 104 99
f 104 90 99
f 104 88 89
f 3 5 1
f 4 5 37
f 13 12 44
f 12 11 43
f 10 23 55
f 9 10 42
f 8 9 41
f 7 8 40
f 2 7 39
f 6 2 34
f 3 6 38
f 11 4 36
f 14 13 45
f 57 25 58
f 25 101 26
f 24 101 25
f 23 101 24
f 10 101 23
f 9 101 10
f 8 101 9
f 7 101 8
f 2 101 7
f 2 1 101
f 62 64 90
f 103 78 79
f 103 77 78
f 103 67 77
f 89 62 90
f 88 62 89
f 87 61 88
f 86 59 87
f 90 64 99
f 85 58 86
f 84 58 85
f 83 57 84
f 82 56 83
f 80 42 82
f 64 63 99
f 103 79 80
f 65 99 63
f 62 88 61
f 87 60 61
f 59 60 87
f 58 59 86
f 58 84 57
f 57 83 56
f 82 55 56
f 42 55 82
f 79 42 80
f 78 41 79
f 77 39 78
f 76 34 77
f 51 50 95
f 97 104 98
f 97 92 104
f 99 65 100
f 100 54 98
f 65 54 100
f 54 97 98
f 97 53 96
f 96 51 95
f 95 50 94
f 50 93 94
f 93 48 91
f 54 53 97
f 53 52 96
f 52 51 96
f 69 38 81
f 50 49 93
f 92 97 96
f 92 96 95
f 92 95 94
f 92 94 93
f 92 93 91
f 75 92 91
f 74 92 75
f 73 92 74
f 72 92 73
f 71 92 72
f 67 66 92
f 103 80 82
f 21 66 20
f 44 43 72
f 43 36 71
f 37 70 36
f 103 1 67
f 32 102 31
f 30 102 32
f 102 33 31
f 102 22 33
f 29 102 30
f 28 102 29
f 27 102 28
f 26 102 27
f 102 66 22
f 22 66 21
f 45 44 72
f 20 66 19
f 19 66 18
f 18 66 17
f 17 66 16
f 66 15 16
f 66 14 15
f 63 31 65
f 64 32 63
f 62 30 64
f 61 29 62
f 60 28 61
f 59 27 60
f 58 26 59
f 69 67 68
f 81 34 76
f 49 48 93
f 48 47 91
f 42 79 41
f 78 40 41
f 39 40 78
f 37 35 69
f 34 39 77
f 38 34 81
f 38 69 35
f 67 92 71
f 67 76 77
f 71 70 67
f 98 104 100
f 70 68 67
f 81 76 67
f 67 69 81
f 91 47 75
f 75 46 74
f 46 73 74
f 73 45 72
f 72 43 71
f 71 36 70
f 70 37 68
f 37 69 68
f 47 46 75
f 46 45 73
f 3496 3464 3497
f 3503 3515 3514
f 3503 3514 3513
f 3505 3503 3507
f 3507 3503 3506
f 3499 3467 3500
f 3500 3468 3501
f 3502 3470 3499
f 3498 3466 3502
f 3497 3465 3498
f 3506 3503 3504
f 3495 3463 3496
f 3494 3462 3495
f 3493 3461 3494
f 3492 3460 3493
f 3491 3459 3490
f 3490 3458 3489
f 3489 3457 3488
f 3488 3456 3487
f 3501 3469 3491
f 3508 3481 3509
f 3539 3510 3511
f 3539 3509 3510
f 3539 3508 3509
f 3539 3505 3508
f 3539 3503 3505
f 3511 3493 3512
f 3510 3482 3511
f 3482 3492 3511
f 3509 3482 3510
f 3487 3455 3486
f 3505 3479 3508
f 3507 3474 3505
f 3506 3474 3507
f 3504 3473 3506
f 3482 3509 3481
f 3508 3480 3481
f 3479 3480 3508
f 3474 3479 3505
f 3474 3506 3473
f 3462 3463 3495
f 3467 3470 3538
f 3459 3538 3438
f 3466 3470 3502
f 3467 3468 3500
f 3468 3469 3501
f 3470 3467 3499
f 3465 3466 3498
f 3464 3465 3497
f 3463 3464 3496
f 3538 3470 3466
f 3461 3462 3494
f 3460 3461 3493
f 3465 3538 3466
f 3464 3538 3465
f 3463 3538 3464
f 3459 3458 3490
f 3458 3457 3489
f 3457 3456 3488
f 3469 3459 3491
f 3477 3445 3476
f 3486 3454 3485
f 3485 3453 3484
f 3484 3452 3483
f 3483 3451 3478
f 3482 3450 3492
f 3481 3449 3482
f 3480 3448 3481
f 3479 3447 3480
f 3478 3446 3477
f 3503 3438 3521
f 3476 3444 3475
f 3474 3442 3479
f 3473 3441 3474
f 3471 3439 3472
f 3475 3443 3471
f 3472 3440 3473
f 3538 3469 3468
f 3538 3459 3469
f 3467 3538 3468
f 3501 3491 3527
f 3531 3499 3528
f 3528 3501 3527
f 3527 3491 3536
f 3526 3498 3530
f 3525 3496 3526
f 3524 3495 3525
f 3523 3495 3524
f 3512 3494 3523
f 3528 3500 3501
f 3530 3502 3529
f 3499 3500 3528
f 3502 3499 3531
f 3502 3530 3498
f 3526 3497 3498
f 3496 3497 3526
f 3495 3496 3525
f 3495 3523 3494
f 3494 3512 3493
f 3511 3492 3493
f 3523 3539 3512
f 3528 3527 3540
f 3530 3529 3540
f 3531 3528 3540
f 3529 3531 3540
f 3540 3539 3530
f 3530 3539 3526
f 3526 3539 3525
f 3525 3539 3524
f 3524 3539 3523
f 3491 3535 3536
f 3539 3511 3512
f 3540 3537 3539
f 3537 3540 3538
f 3537 3538 3463
f 3527 3536 3540
f 3536 3535 3540
f 3535 3521 3540
f 3521 3538 3540
f 3529 3502 3531
f 3516 3476 3515
f 3519 3518 3521
f 3518 3517 3521
f 3517 3516 3521
f 3516 3515 3521
f 3503 3521 3515
f 3520 3484 3519
f 3519 3483 3518
f 3483 3517 3518
f 3517 3478 3516
f 3520 3519 3521
f 3515 3475 3514
f 3513 3471 3504
f 3514 3471 3513
f 3484 3483 3519
f 3483 3478 3517
f 3478 3477 3516
f 3477 3476 3516
f 3476 3475 3515
f 3475 3471 3514
f 3487 3486 3522
f 3535 3490 3534
f 3534 3488 3533
f 3533 3487 3532
f 3487 3522 3532
f 3522 3485 3520
f 3491 3490 3535
f 3490 3489 3534
f 3489 3488 3534
f 3488 3487 3533
f 3503 3513 3504
f 3486 3485 3522
f 3485 3484 3520
f 3504 3472 3473
f 3471 3472 3504
f 3535 3534 3521
f 3534 3533 3521
f 3533 3532 3521
f 3532 3522 3521
f 3522 3520 3521
f 3444 3443 3475
f 3451 3452 3438
f 3452 3453 3438
f 3438 3453 3454
f 3438 3454 3455
f 3438 3455 3456
f 3456 3457 3438
f 3457 3458 3438
f 3458 3459 3438
f 3438 3538 3521
f 3443 3439 3471
f 3439 3440 3472
f 3440 3441 3473
f 3442 3474 3441
f 3438 3437 3451
f 3445 3444 3476
f 3446 3445 3477
f 3451 3446 3478
f 3442 3447 3479
f 3447 3448 3480
f 3448 3449 3481
f 3449 3450 3482
f 3450 3460 3492
f 3452 3451 3483
f 3453 3452 3484
f 3454 3453 3485
f 3455 3454 3486
f 3456 3455 3487
f 3537 3463 3462
f 3443 3437 3439
f 3439 3437 3440
f 3444 3437 3443
f 3445 3437 3444
f 3446 3437 3445
f 3451 3437 3446
f 3437 3441 3440
f 3437 3442 3441
f 3437 3438 3503
f 3442 3537 3447
f 3537 3462 3461
f 3460 3537 3461
f 3450 3537 3460
f 3449 3537 3450
f 3448 3537 3449
f 3447 3537 3448
f 3442 3437 3537
f 315 314 325
f 316 315 317
f 315 316 314
f 316 392 393
f 390 391 316
f 392 316 389
f 389 316 391
f 316 317 390
f 390 317 394
f 366 334 367
f 367 335 368
f 368 336 369
f 369 337 374
f 370 338 360
f 371 339 370
f 372 340 371
f 373 341 372
f 353 321 352
f 335 336 368
f 336 337 369
f 338 328 360
f 339 338 370
f 340 339 371
f 341 340 372
f 346 341 373
f 337 342 374
f 342 343 375
f 343 344 376
f 344 345 377
f 347 346 378
f 348 347 379
f 349 348 380
f 349 381 345
f 334 335 367
f 352 320 351
f 350 318 353
f 354 322 350
f 355 323 354
f 356 324 355
f 357 325 356
f 358 326 357
f 359 327 358
f 360 328 359
f 361 329 362
f 362 330 363
f 363 331 364
f 364 332 365
f 351 319 361
f 365 333 366
f 321 320 352
f 394 317 395
f 395 317 396
f 396 317 397
f 397 317 408
f 317 409 408
f 319 320 314
f 319 314 329
f 320 321 314
f 318 322 314
f 318 314 321
f 329 314 382
f 322 323 314
f 323 324 314
f 325 314 324
f 322 318 350
f 399 314 316
f 320 319 351
f 318 321 353
f 323 322 354
f 324 323 355
f 325 324 356
f 326 325 357
f 327 326 358
f 328 327 359
f 329 330 362
f 330 331 363
f 331 332 364
f 329 361 319
f 332 333 365
f 333 334 366
f 400 368 401
f 384 361 385
f 385 362 386
f 386 364 387
f 387 365 388
f 388 365 398
f 398 367 400
f 393 384 316
f 316 384 385
f 399 316 385
f 369 401 368
f 369 374 403
f 374 375 404
f 404 375 376
f 377 405 376
f 377 381 407
f 381 380 416
f 401 369 402
f 402 369 403
f 403 374 404
f 404 376 405
f 405 377 406
f 406 377 407
f 407 381 416
f 417 382 399
f 399 385 386
f 399 386 387
f 399 387 388
f 399 388 398
f 399 398 400
f 400 401 399
f 401 402 399
f 393 361 384
f 383 382 417
f 352 351 392
f 361 393 351
f 353 352 392
f 353 391 350
f 354 350 390
f 355 354 394
f 356 355 394
f 357 356 395
f 358 357 397
f 359 358 408
f 360 359 409
f 390 350 391
f 392 389 353
f 392 351 393
f 375 343 376
f 391 353 389
f 394 354 390
f 395 356 394
f 357 395 396
f 397 357 396
f 408 358 397
f 361 362 385
f 362 363 386
f 386 363 364
f 365 387 364
f 365 366 398
f 398 366 367
f 368 400 367
f 380 379 416
f 382 383 337
f 343 383 344
f 342 383 343
f 337 383 342
f 383 347 348
f 383 346 347
f 346 383 315
f 346 315 341
f 341 315 340
f 340 315 339
f 339 315 338
f 338 315 328
f 328 315 327
f 315 326 327
f 315 325 326
f 382 314 399
f 403 404 399
f 336 382 337
f 335 382 336
f 334 382 335
f 333 382 334
f 332 382 333
f 331 382 332
f 330 382 331
f 329 382 330
f 380 348 379
f 377 345 381
f 381 349 380
f 379 347 378
f 378 346 373
f 376 344 377
f 374 342 375
f 411 370 410
f 414 417 416
f 415 317 417
f 317 415 412
f 317 412 411
f 317 411 410
f 317 410 409
f 416 379 414
f 414 378 413
f 378 415 413
f 415 373 412
f 412 371 411
f 349 383 348
f 379 378 414
f 378 373 415
f 373 372 412
f 372 371 412
f 371 370 411
f 370 409 410
f 409 359 408
f 370 360 409
f 417 399 405
f 404 405 399
f 402 403 399
f 344 383 345
f 345 383 349
f 413 417 414
f 415 417 413
f 417 407 416
f 417 406 407
f 417 405 406
f 4907 4864 4906
f 4868 4867 4909
f 4864 4897 4906
f 4910 4869 4909
f 4909 4867 4908
f 4908 4866 4907
f 4886 4873 4914
f 4873 4872 4914
f 4872 4871 4913
f 4871 4870 4912
f 4870 4869 4910
f 4869 4868 4909
f 4894 4889 4919
f 4870 4910 4911
f 4912 4870 4911
f 4913 4871 4912
f 4914 4872 4913
f 4886 4914 4916
f 4903 4879 4880
f 4881 4905 4880
f 4887 4886 4917
f 4888 4887 4918
f 4889 4888 4918
f 4891 4893 4927
f 4898 4874 4899
f 4904 4900 4901
f 4878 4879 4903
f 4899 4875 4900
f 4900 4877 4901
f 4901 4878 4902
f 4902 4878 4903
f 4903 4880 4905
f 4834 4826 4832
f 4898 4828 4896
f 4899 4828 4898
f 4828 4899 4904
f 4929 4830 4904
f 4904 4899 4900
f 4867 4866 4908
f 4904 4901 4902
f 4904 4902 4903
f 4904 4903 4905
f 4921 4904 4905
f 4922 4904 4921
f 4923 4904 4922
f 4924 4904 4923
f 4925 4904 4924
f 4864 4865 4897
f 4866 4864 4907
f 4865 4863 4897
f 4911 4829 4912
f 4928 4891 4927
f 4829 4895 4929
f 4929 4904 4925
f 4920 4919 4929
f 4929 4925 4926
f 4928 4927 4929
f 4929 4926 4928
f 4915 4920 4929
f 4927 4915 4929
f 4832 4826 4833
f 4913 4829 4914
f 4912 4829 4913
f 4926 4892 4928
f 4910 4829 4911
f 4909 4829 4910
f 4908 4829 4909
f 4828 4829 4908
f 4828 4827 4829
f 4828 4907 4906
f 4896 4828 4897
f 4828 4906 4897
f 4828 4908 4907
f 4827 4826 4838
f 4826 4827 4828
f 4882 4921 4881
f 4893 4890 4927
f 4917 4886 4916
f 4918 4887 4917
f 4919 4889 4918
f 4894 4919 4920
f 4927 4890 4915
f 4915 4894 4920
f 4914 4829 4916
f 4917 4916 4829
f 4918 4917 4829
f 4919 4918 4829
f 4919 4829 4929
f 4894 4915 4890
f 4882 4883 4923
f 4883 4884 4924
f 4924 4884 4885
f 4892 4925 4885
f 4892 4891 4928
f 4905 4881 4921
f 4921 4882 4922
f 4922 4882 4923
f 4923 4883 4924
f 4924 4885 4925
f 4925 4892 4926
f 4857 4856 4888
f 4843 4844 4876
f 4844 4845 4877
f 4845 4846 4878
f 4846 4847 4879
f 4847 4848 4880
f 4848 4849 4881
f 4849 4850 4882
f 4850 4851 4883
f 4851 4852 4884
f 4852 4853 4885
f 4854 4841 4873
f 4855 4854 4886
f 4856 4855 4887
f 4842 4843 4875
f 4862 4857 4889
f 4858 4862 4894
f 4861 4858 4890
f 4853 4860 4892
f 4860 4859 4891
f 4859 4861 4893
f 4838 4839 4827
f 4839 4840 4827
f 4827 4840 4841
f 4827 4841 4854
f 4827 4854 4855
f 4855 4856 4827
f 4830 4849 4848
f 4826 4842 4831
f 4835 4826 4834
f 4836 4826 4835
f 4837 4826 4836
f 4838 4826 4837
f 4842 4826 4830
f 4842 4830 4843
f 4843 4830 4844
f 4844 4830 4845
f 4845 4830 4846
f 4846 4830 4847
f 4847 4830 4848
f 4856 4857 4827
f 4830 4850 4849
f 4833 4831 4863
f 4832 4833 4865
f 4834 4832 4864
f 4835 4834 4866
f 4836 4835 4867
f 4837 4836 4868
f 4838 4837 4869
f 4839 4838 4870
f 4840 4839 4871
f 4841 4840 4872
f 4842 4874 4831
f 4895 4862 4858
f 4887 4855 4886
f 4888 4856 4887
f 4889 4857 4888
f 4890 4858 4894
f 4892 4860 4891
f 4893 4861 4890
f 4891 4859 4893
f 4894 4862 4889
f 4827 4895 4829
f 4850 4895 4851
f 4851 4895 4852
f 4852 4895 4853
f 4830 4895 4850
f 4886 4854 4873
f 4895 4858 4861
f 4859 4860 4895
f 4895 4861 4859
f 4895 4860 4853
f 4830 4929 4895
f 4874 4896 4863
f 4897 4863 4896
f 4896 4874 4898
f 4874 4875 4899
f 4875 4876 4900
f 4900 4876 4877
f 4878 4901 4877
f 4863 4831 4874
f 4857 4862 4827
f 4862 4895 4827
f 4865 4833 4863
f 4864 4832 4865
f 4866 4834 4864
f 4867 4835 4866
f 4868 4836 4867
f 4869 4837 4868
f 4870 4838 4869
f 4871 4839 4870
f 4872 4840 4871
f 4873 4841 4872
f 4826 4831 4833
f 4874 4842 4875
f 4875 4843 4876
f 4876 4844 4877
f 4877 4845 4878
f 4878 4846 4879
f 4879 4847 4880
f 4880 4848 4881
f 4881 4849 4882
f 4882 4850 4883
f 4883 4851 4884
f 4884 4852 4885
f 4885 4853 4892

