ISO-10303-21;
HEADER;
/* Generated by software containing ST-Developer
 * from STEP Tools, Inc. (www.steptools.com) 
 */

FILE_DESCRIPTION(
/* description */ (''),
/* implementation_level */ '2;1');

FILE_NAME(
/* name */ 
'C:\\Users\\designnet\\AppData\\Local\\Temp\\derivatives\\21224_18ba4a
ba\\AssemblyExtractor\\21224_18ba4aba\\a4759174-05a3-11ec-b444-020a4e4
6e3ef.step',
/* time_stamp */ '2021-08-25T12:55:00+00:00',
/* author */ (''),
/* organization */ (''),
/* preprocessor_version */ 'ST-DEVELOPER v18.1',
/* originating_system */ 'Autodesk Translation Framework v10.6.0.1341',

/* authorisation */ '');

FILE_SCHEMA (('AUTOMOTIVE_DESIGN { 1 0 10303 214 3 1 1 }'));
ENDSEC;

DATA;
#10=MECHANICAL_DESIGN_GEOMETRIC_PRESENTATION_REPRESENTATION('',(#13),#1614);
#11=SHAPE_REPRESENTATION_RELATIONSHIP('SRR','None',#1621,#12);
#12=ADVANCED_BREP_SHAPE_REPRESENTATION('',(#14),#1613);
#13=STYLED_ITEM('',(#1630),#14);
#14=MANIFOLD_SOLID_BREP('Body1',#607);
#15=CONICAL_SURFACE('',#654,1.52948273872885,0.401425727958696);
#16=(
BOUNDED_CURVE()
B_SPLINE_CURVE(3,(#1315,#1316,#1317,#1318),.UNSPECIFIED.,.F.,.F.)
B_SPLINE_CURVE_WITH_KNOTS((4,4),(0.0034653043460538,0.005179271747554),
 .UNSPECIFIED.)
CURVE()
GEOMETRIC_REPRESENTATION_ITEM()
RATIONAL_B_SPLINE_CURVE((1.,1.,1.,1.))
REPRESENTATION_ITEM('')
);
#17=(
BOUNDED_CURVE()
B_SPLINE_CURVE(3,(#1321,#1322,#1323,#1324),.UNSPECIFIED.,.F.,.F.)
B_SPLINE_CURVE_WITH_KNOTS((4,4),(0.413034902333119,0.414748870113717),
 .UNSPECIFIED.)
CURVE()
GEOMETRIC_REPRESENTATION_ITEM()
RATIONAL_B_SPLINE_CURVE((1.,1.,1.,1.))
REPRESENTATION_ITEM('')
);
#18=PLANE('',#634);
#19=PLANE('',#636);
#20=PLANE('',#649);
#21=PLANE('',#652);
#22=PLANE('',#663);
#23=PLANE('',#664);
#24=PLANE('',#665);
#25=PLANE('',#666);
#26=PLANE('',#669);
#27=FACE_BOUND('',#105,.T.);
#28=FACE_BOUND('',#106,.T.);
#29=FACE_BOUND('',#113,.T.);
#30=FACE_BOUND('',#114,.T.);
#31=CIRCLE('',#630,30.8161963981913);
#32=CIRCLE('',#633,30.8161963981913);
#33=CIRCLE('',#637,31.6989581169734);
#34=CIRCLE('',#638,0.0577557048140879);
#35=CIRCLE('',#639,0.0254);
#36=CIRCLE('',#646,1.55488273872838);
#37=CIRCLE('',#648,1.55488273872885);
#38=CIRCLE('',#651,0.0330199999999998);
#39=CIRCLE('',#653,0.0577557048140879);
#40=CIRCLE('',#655,0.0330200000000002);
#41=CIRCLE('',#657,0.0380999999999927);
#42=CIRCLE('',#659,0.0381000000000005);
#43=B_SPLINE_SURFACE_WITH_KNOTS('',3,1,((#911,#912),(#913,#914),(#915,#916),
(#917,#918)),.UNSPECIFIED.,.F.,.F.,.F.,(4,4),(2,2),(-0.0380014123407794,
0.),(-0.254,0.254),.UNSPECIFIED.);
#44=B_SPLINE_SURFACE_WITH_KNOTS('',3,1,((#937,#938),(#939,#940),(#941,#942),
(#943,#944)),.UNSPECIFIED.,.F.,.F.,.F.,(4,4),(2,2),(-0.105909901915573,
-0.0689991415447002),(-0.254,0.254),.UNSPECIFIED.);
#45=B_SPLINE_SURFACE_WITH_KNOTS('',3,3,((#1108,#1109,#1110,#1111,#1112,
#1113,#1114,#1115,#1116,#1117,#1118,#1119,#1120,#1121,#1122,#1123,#1124,
#1125),(#1126,#1127,#1128,#1129,#1130,#1131,#1132,#1133,#1134,#1135,#1136,
#1137,#1138,#1139,#1140,#1141,#1142,#1143),(#1144,#1145,#1146,#1147,#1148,
#1149,#1150,#1151,#1152,#1153,#1154,#1155,#1156,#1157,#1158,#1159,#1160,
#1161),(#1162,#1163,#1164,#1165,#1166,#1167,#1168,#1169,#1170,#1171,#1172,
#1173,#1174,#1175,#1176,#1177,#1178,#1179),(#1180,#1181,#1182,#1183,#1184,
#1185,#1186,#1187,#1188,#1189,#1190,#1191,#1192,#1193,#1194,#1195,#1196,
#1197)),.UNSPECIFIED.,.F.,.T.,.F.,(4,1,4),(4,1,1,1,1,1,1,1,1,1,1,1,1,1,
1,4),(0.,0.5,1.),(0.,0.0342586711541526,0.0685173423083052,0.102776013462458,
0.13703468461661,0.154164020193687,0.205552026924916,0.222681362501992,
0.239810698079068,0.274069369233221,0.308328040387373,0.342586711541526,
0.376845382695679,0.411104053849831,0.445362725003984,0.479621396158136),
 .UNSPECIFIED.);
#46=B_SPLINE_SURFACE_WITH_KNOTS('',3,3,((#1329,#1330,#1331,#1332),(#1333,
#1334,#1335,#1336),(#1337,#1338,#1339,#1340),(#1341,#1342,#1343,#1344)),
 .UNSPECIFIED.,.F.,.F.,.F.,(4,4),(4,4),(0.,1.),(0.586396653662168,0.743787106521757),
 .UNSPECIFIED.);
#47=B_SPLINE_SURFACE_WITH_KNOTS('',3,3,((#1401,#1402,#1403,#1404),(#1405,
#1406,#1407,#1408),(#1409,#1410,#1411,#1412),(#1413,#1414,#1415,#1416)),
 .UNSPECIFIED.,.F.,.F.,.F.,(4,4),(4,4),(0.,1.),(-0.743787106521757,-0.586396653662168),
 .UNSPECIFIED.);
#48=B_SPLINE_SURFACE_WITH_KNOTS('',3,3,((#1420,#1421,#1422,#1423),(#1424,
#1425,#1426,#1427),(#1428,#1429,#1430,#1431),(#1432,#1433,#1434,#1435),
(#1436,#1437,#1438,#1439)),.UNSPECIFIED.,.F.,.F.,.F.,(4,1,4),(4,4),(0.,
0.571428571428571,1.),(-1.20307336550112,-1.20269515564199),
 .UNSPECIFIED.);
#49=B_SPLINE_SURFACE_WITH_KNOTS('',3,3,((#1443,#1444,#1445,#1446),(#1447,
#1448,#1449,#1450),(#1451,#1452,#1453,#1454),(#1455,#1456,#1457,#1458),
(#1459,#1460,#1461,#1462)),.UNSPECIFIED.,.F.,.F.,.F.,(4,1,4),(4,4),(0.,
0.571428571428571,1.),(0.,0.503254644727375),.UNSPECIFIED.);
#50=B_SPLINE_SURFACE_WITH_KNOTS('',3,3,((#1469,#1470,#1471,#1472),(#1473,
#1474,#1475,#1476),(#1477,#1478,#1479,#1480),(#1481,#1482,#1483,#1484),
(#1485,#1486,#1487,#1488)),.UNSPECIFIED.,.F.,.F.,.F.,(4,1,4),(4,4),(0.,
0.571428571428571,1.),(1.20269515564199,1.20307336550112),.UNSPECIFIED.);
#51=B_SPLINE_SURFACE_WITH_KNOTS('',3,3,((#1501,#1502,#1503,#1504,#1505,
#1506,#1507,#1508,#1509,#1510,#1511,#1512,#1513,#1514,#1515,#1516,#1517),
(#1518,#1519,#1520,#1521,#1522,#1523,#1524,#1525,#1526,#1527,#1528,#1529,
#1530,#1531,#1532,#1533,#1534),(#1535,#1536,#1537,#1538,#1539,#1540,#1541,
#1542,#1543,#1544,#1545,#1546,#1547,#1548,#1549,#1550,#1551),(#1552,#1553,
#1554,#1555,#1556,#1557,#1558,#1559,#1560,#1561,#1562,#1563,#1564,#1565,
#1566,#1567,#1568),(#1569,#1570,#1571,#1572,#1573,#1574,#1575,#1576,#1577,
#1578,#1579,#1580,#1581,#1582,#1583,#1584,#1585)),.UNSPECIFIED.,.F.,.F.,
 .F.,(4,1,4),(4,1,1,1,1,1,1,1,1,1,1,1,1,1,4),(0.,0.571428571428571,1.),
(0.,0.00456193676605476,0.00912387353210953,0.0182477470642191,0.0364954941284381,
0.0729909882568762,0.164229723577971,0.218972964770629,0.364954941284381,
0.437945929541257,0.474441423669695,0.492689170733914,0.501813044266024,
0.506374981032079,0.510936917798134),.UNSPECIFIED.);
#52=ELLIPSE('',#623,0.318387949914051,0.318349553439106);
#53=ELLIPSE('',#624,3.65265148804681,0.318349553439106);
#54=ELLIPSE('',#626,3.64186970602215,0.317409859218603);
#55=ELLIPSE('',#627,0.317448142356039,0.317409859218603);
#56=ELLIPSE('',#631,207.990860946405,30.8161963981912);
#57=ELLIPSE('',#632,207.990860946405,30.8161963981913);
#58=ELLIPSE('',#643,1.82840962839797,0.3175);
#59=ELLIPSE('',#645,3.58433247058212,1.55488273872838);
#60=ELLIPSE('',#647,3.58433247058212,1.55488273872838);
#61=ELLIPSE('',#650,2.21468493455286,0.45338810948051);
#62=ELLIPSE('',#656,2.21468493455286,0.45338810948051);
#63=ELLIPSE('',#658,207.996509304849,30.8542963981913);
#64=ELLIPSE('',#660,207.996509304849,30.8542963981913);
#65=ELLIPSE('',#662,1.83225180637455,1.651);
#66=FACE_OUTER_BOUND('',#98,.T.);
#67=FACE_OUTER_BOUND('',#99,.T.);
#68=FACE_OUTER_BOUND('',#100,.T.);
#69=FACE_OUTER_BOUND('',#101,.T.);
#70=FACE_OUTER_BOUND('',#102,.T.);
#71=FACE_OUTER_BOUND('',#103,.T.);
#72=FACE_OUTER_BOUND('',#104,.T.);
#73=FACE_OUTER_BOUND('',#107,.T.);
#74=FACE_OUTER_BOUND('',#108,.T.);
#75=FACE_OUTER_BOUND('',#109,.T.);
#76=FACE_OUTER_BOUND('',#110,.T.);
#77=FACE_OUTER_BOUND('',#111,.T.);
#78=FACE_OUTER_BOUND('',#112,.T.);
#79=FACE_OUTER_BOUND('',#115,.T.);
#80=FACE_OUTER_BOUND('',#116,.T.);
#81=FACE_OUTER_BOUND('',#117,.T.);
#82=FACE_OUTER_BOUND('',#118,.T.);
#83=FACE_OUTER_BOUND('',#119,.T.);
#84=FACE_OUTER_BOUND('',#120,.T.);
#85=FACE_OUTER_BOUND('',#121,.T.);
#86=FACE_OUTER_BOUND('',#122,.T.);
#87=FACE_OUTER_BOUND('',#123,.T.);
#88=FACE_OUTER_BOUND('',#124,.T.);
#89=FACE_OUTER_BOUND('',#125,.T.);
#90=FACE_OUTER_BOUND('',#126,.T.);
#91=FACE_OUTER_BOUND('',#127,.T.);
#92=FACE_OUTER_BOUND('',#128,.T.);
#93=FACE_OUTER_BOUND('',#129,.T.);
#94=FACE_OUTER_BOUND('',#130,.T.);
#95=FACE_OUTER_BOUND('',#131,.T.);
#96=FACE_OUTER_BOUND('',#132,.T.);
#97=FACE_OUTER_BOUND('',#133,.T.);
#98=EDGE_LOOP('',(#378,#379,#380,#381,#382,#383));
#99=EDGE_LOOP('',(#384,#385,#386,#387,#388));
#100=EDGE_LOOP('',(#389,#390,#391,#392,#393,#394));
#101=EDGE_LOOP('',(#395,#396,#397));
#102=EDGE_LOOP('',(#398,#399,#400,#401));
#103=EDGE_LOOP('',(#402,#403,#404,#405,#406,#407,#408,#409));
#104=EDGE_LOOP('',(#410,#411,#412,#413,#414,#415,#416,#417,#418,#419,#420,
#421,#422));
#105=EDGE_LOOP('',(#423,#424));
#106=EDGE_LOOP('',(#425,#426));
#107=EDGE_LOOP('',(#427,#428,#429,#430));
#108=EDGE_LOOP('',(#431,#432,#433,#434));
#109=EDGE_LOOP('',(#435,#436,#437,#438,#439,#440,#441,#442,#443));
#110=EDGE_LOOP('',(#444,#445,#446,#447,#448));
#111=EDGE_LOOP('',(#449,#450,#451,#452,#453,#454));
#112=EDGE_LOOP('',(#455,#456,#457,#458,#459,#460,#461,#462,#463,#464,#465));
#113=EDGE_LOOP('',(#466,#467));
#114=EDGE_LOOP('',(#468));
#115=EDGE_LOOP('',(#469,#470,#471,#472));
#116=EDGE_LOOP('',(#473,#474,#475,#476,#477,#478,#479,#480,#481,#482));
#117=EDGE_LOOP('',(#483,#484,#485,#486));
#118=EDGE_LOOP('',(#487,#488,#489,#490));
#119=EDGE_LOOP('',(#491,#492,#493,#494,#495,#496,#497,#498));
#120=EDGE_LOOP('',(#499,#500,#501,#502));
#121=EDGE_LOOP('',(#503,#504,#505,#506));
#122=EDGE_LOOP('',(#507,#508,#509,#510));
#123=EDGE_LOOP('',(#511,#512,#513,#514));
#124=EDGE_LOOP('',(#515,#516,#517,#518));
#125=EDGE_LOOP('',(#519,#520,#521,#522));
#126=EDGE_LOOP('',(#523,#524,#525,#526));
#127=EDGE_LOOP('',(#527,#528,#529,#530,#531,#532,#533,#534));
#128=EDGE_LOOP('',(#535,#536,#537,#538));
#129=EDGE_LOOP('',(#539,#540,#541,#542,#543,#544));
#130=EDGE_LOOP('',(#545,#546,#547,#548));
#131=EDGE_LOOP('',(#549,#550,#551,#552));
#132=EDGE_LOOP('',(#553,#554,#555,#556));
#133=EDGE_LOOP('',(#557,#558,#559,#560,#561));
#134=LINE('',#837,#160);
#135=LINE('',#883,#161);
#136=LINE('',#900,#162);
#137=LINE('',#907,#163);
#138=LINE('',#954,#164);
#139=LINE('',#972,#165);
#140=LINE('',#1024,#166);
#141=LINE('',#1064,#167);
#142=LINE('',#1075,#168);
#143=LINE('',#1082,#169);
#144=LINE('',#1084,#170);
#145=LINE('',#1086,#171);
#146=LINE('',#1088,#172);
#147=LINE('',#1243,#173);
#148=LINE('',#1246,#174);
#149=LINE('',#1282,#175);
#150=LINE('',#1313,#176);
#151=LINE('',#1327,#177);
#152=LINE('',#1373,#178);
#153=LINE('',#1374,#179);
#154=LINE('',#1376,#180);
#155=LINE('',#1492,#181);
#156=LINE('',#1495,#182);
#157=LINE('',#1497,#183);
#158=LINE('',#1499,#184);
#159=LINE('',#1607,#185);
#160=VECTOR('',#674,0.127);
#161=VECTOR('',#677,1.);
#162=VECTOR('',#684,1.);
#163=VECTOR('',#685,1.);
#164=VECTOR('',#690,1.);
#165=VECTOR('',#693,1.);
#166=VECTOR('',#704,1.);
#167=VECTOR('',#707,1.);
#168=VECTOR('',#710,1.);
#169=VECTOR('',#717,1.);
#170=VECTOR('',#718,1.);
#171=VECTOR('',#719,1.);
#172=VECTOR('',#720,1.);
#173=VECTOR('',#725,0.0793749999999999);
#174=VECTOR('',#728,1.);
#175=VECTOR('',#729,1.);
#176=VECTOR('',#742,1.);
#177=VECTOR('',#747,1.);
#178=VECTOR('',#754,1.);
#179=VECTOR('',#755,1.);
#180=VECTOR('',#756,1.);
#181=VECTOR('',#775,1.651);
#182=VECTOR('',#778,1.651);
#183=VECTOR('',#781,1.);
#184=VECTOR('',#784,1.);
#185=VECTOR('',#789,1.);
#186=B_SPLINE_CURVE_WITH_KNOTS('',3,(#800,#801,#802,#803,#804,#805,#806,
#807,#808,#809),.UNSPECIFIED.,.F.,.F.,(4,2,2,2,4),(0.,0.0478055922476516,
0.0956111844953031,0.144098777115922,0.192586369736542),.UNSPECIFIED.);
#187=B_SPLINE_CURVE_WITH_KNOTS('',3,(#810,#811,#812,#813,#814,#815,#816,
#817,#818,#819,#820,#821,#822,#823,#824,#825,#826,#827,#828,#829,#830,#831,
#832,#833,#834,#835),.UNSPECIFIED.,.F.,.F.,(4,2,2,2,2,2,2,2,2,2,2,2,4),
(0.192586369736542,0.241099559373267,0.289612749009992,0.337420961382078,
0.385229173754165,0.433037386126252,0.480845598498338,0.529358788135063,
0.577871977771788,0.626359570392407,0.674847163013027,0.722652755260678,
0.77045834750833),.UNSPECIFIED.);
#188=B_SPLINE_CURVE_WITH_KNOTS('',3,(#839,#840,#841,#842,#843,#844,#845,
#846,#847,#848,#849,#850,#851,#852,#853,#854,#855,#856,#857,#858,#859,#860,
#861,#862,#863,#864),.UNSPECIFIED.,.F.,.F.,(4,2,2,2,2,2,2,2,2,2,2,2,4),
(0.,0.0478059028732297,0.0956118057464593,0.144094163327534,0.192576520908608,
0.241083649630445,0.289590778352282,0.337399216167733,0.385207653983184,
0.433016091798636,0.480824529614087,0.529331658335924,0.57783878705776),
 .UNSPECIFIED.);
#189=B_SPLINE_CURVE_WITH_KNOTS('',3,(#865,#866,#867,#868,#869,#870,#871,
#872,#873,#874),.UNSPECIFIED.,.F.,.F.,(4,2,2,2,4),(0.57783878705776,0.626321144638835,
0.674803502219909,0.722609405093139,0.770415307966369),.UNSPECIFIED.);
#190=B_SPLINE_CURVE_WITH_KNOTS('',3,(#878,#879,#880,#881),.UNSPECIFIED.,
 .F.,.F.,(4,4),(1.26995944480545,1.3725267232063),.UNSPECIFIED.);
#191=B_SPLINE_CURVE_WITH_KNOTS('',3,(#885,#886,#887,#888),.UNSPECIFIED.,
 .F.,.F.,(4,4),(0.0494596862745414,0.105077925147843),.UNSPECIFIED.);
#192=B_SPLINE_CURVE_WITH_KNOTS('',3,(#895,#896,#897,#898),.UNSPECIFIED.,
 .F.,.F.,(4,4),(1.84830370145354,1.86847528900559),.UNSPECIFIED.);
#193=B_SPLINE_CURVE_WITH_KNOTS('',3,(#902,#903,#904,#905),.UNSPECIFIED.,
 .F.,.F.,(4,4),(0.0385830666003694,0.0695571117821136),.UNSPECIFIED.);
#194=B_SPLINE_CURVE_WITH_KNOTS('',3,(#920,#921,#922,#923,#924,#925,#926,
#927,#928,#929),.UNSPECIFIED.,.F.,.F.,(4,3,3,4),(0.,0.0275917595602243,
0.038653924669957,0.0485615119139206),.UNSPECIFIED.);
#195=B_SPLINE_CURVE_WITH_KNOTS('',3,(#930,#931,#932,#933,#934,#935,#936),
 .UNSPECIFIED.,.F.,.F.,(4,3,4),(0.,0.0191812964394368,0.0386911917052261),
 .UNSPECIFIED.);
#196=B_SPLINE_CURVE_WITH_KNOTS('',3,(#946,#947,#948,#949,#950,#951,#952),
 .UNSPECIFIED.,.F.,.F.,(4,3,4),(0.,0.0195479506239644,0.0390130768287082),
 .UNSPECIFIED.);
#197=B_SPLINE_CURVE_WITH_KNOTS('',3,(#955,#956,#957,#958,#959,#960,#961),
 .UNSPECIFIED.,.F.,.F.,(4,3,4),(0.,0.0194647454853674,0.0390127067476055),
 .UNSPECIFIED.);
#198=B_SPLINE_CURVE_WITH_KNOTS('',3,(#965,#966,#967,#968,#969,#970),
 .UNSPECIFIED.,.F.,.F.,(4,2,4),(4.40170004888437,4.83796106795709,6.43098234242889),
 .UNSPECIFIED.);
#199=B_SPLINE_CURVE_WITH_KNOTS('',3,(#974,#975,#976,#977,#978,#979),
 .UNSPECIFIED.,.F.,.F.,(4,2,4),(44.9079568103364,46.4716991338306,46.937757789673),
 .UNSPECIFIED.);
#200=B_SPLINE_CURVE_WITH_KNOTS('',3,(#981,#982,#983,#984,#985,#986),
 .UNSPECIFIED.,.F.,.F.,(4,2,4),(44.7710998819691,44.8609785287197,44.9079568103364),
 .UNSPECIFIED.);
#201=B_SPLINE_CURVE_WITH_KNOTS('',3,(#987,#988,#989,#990),.UNSPECIFIED.,
 .F.,.F.,(4,4),(44.77051572113,44.7710998819691),.UNSPECIFIED.);
#202=B_SPLINE_CURVE_WITH_KNOTS('',3,(#992,#993,#994,#995),.UNSPECIFIED.,
 .F.,.F.,(4,4),(0.989632272419674,0.995452603312111),.UNSPECIFIED.);
#203=B_SPLINE_CURVE_WITH_KNOTS('',3,(#996,#997,#998,#999,#1000,#1001),
 .UNSPECIFIED.,.F.,.F.,(4,2,4),(6.43098234242889,6.45061475727611,6.56781853553701),
 .UNSPECIFIED.);
#204=B_SPLINE_CURVE_WITH_KNOTS('',3,(#1008,#1009,#1010,#1011),
 .UNSPECIFIED.,.F.,.F.,(4,4),(-0.503254644727375,0.),.UNSPECIFIED.);
#205=B_SPLINE_CURVE_WITH_KNOTS('',3,(#1016,#1017,#1018,#1019,#1020,#1021,
#1022,#1023),.UNSPECIFIED.,.F.,.F.,(4,2,2,4),(4.22294710058358,4.82893221752991,
6.43857629003989,6.53333080225877),.UNSPECIFIED.);
#206=B_SPLINE_CURVE_WITH_KNOTS('',3,(#1027,#1028,#1029,#1030,#1031,#1032,
#1033,#1034,#1035,#1036),.UNSPECIFIED.,.F.,.F.,(4,2,2,2,4),(0.,0.0298913767696357,
0.0597827535392713,0.0898376226403747,0.119892491741478),.UNSPECIFIED.);
#207=B_SPLINE_CURVE_WITH_KNOTS('',3,(#1037,#1038,#1039,#1040,#1041,#1042,
#1043,#1044,#1045,#1046,#1047,#1048,#1049,#1050,#1051,#1052,#1053,#1054,
#1055,#1056,#1057,#1058,#1059,#1060,#1061,#1062),.UNSPECIFIED.,.F.,.F.,
(4,2,2,2,2,2,2,2,2,2,2,2,4),(0.119892491741478,0.149953433161979,0.18001437458248,
0.209906361585598,0.239798348588716,0.269690335591834,0.299582322594953,
0.329643264015454,0.359704205435955,0.389759074537058,0.419813943638161,
0.449705320407797,0.479596697177433),.UNSPECIFIED.);
#208=B_SPLINE_CURVE_WITH_KNOTS('',3,(#1067,#1068,#1069,#1070,#1071,#1072,
#1073,#1074),.UNSPECIFIED.,.F.,.F.,(4,2,2,4),(44.7593449710933,44.8814334339062,
46.4930130097397,47.0691272652124),.UNSPECIFIED.);
#209=B_SPLINE_CURVE_WITH_KNOTS('',3,(#1089,#1090,#1091,#1092,#1093,#1094,
#1095,#1096,#1097,#1098,#1099,#1100,#1101,#1102,#1103,#1104,#1105,#1106,
#1107),.UNSPECIFIED.,.F.,.F.,(4,3,3,3,3,3,4),(0.,0.0116674447258062,0.0152567051902657,
0.0200017478718208,0.0304116982849417,0.0384598938824284,0.0464905407444803),
 .UNSPECIFIED.);
#210=B_SPLINE_CURVE_WITH_KNOTS('',3,(#1202,#1203,#1204,#1205,#1206,#1207,
#1208,#1209,#1210,#1211,#1212,#1213,#1214,#1215,#1216),.UNSPECIFIED.,.F.,
 .F.,(4,1,1,1,1,1,1,1,1,1,1,1,4),(0.,0.0342586711541526,0.0685173423083052,
0.102776013462458,0.13703468461661,0.154164020193687,0.205552026924916,
0.222681362501992,0.239810698079068,0.274069369233221,0.308328040387373,
0.342586711541526,0.35972459067738),.UNSPECIFIED.);
#211=B_SPLINE_CURVE_WITH_KNOTS('',3,(#1217,#1218,#1219,#1220,#1221,#1222,
#1223),.UNSPECIFIED.,.F.,.F.,(4,1,1,1,4),(0.35972459067738,0.376845382695679,
0.411104053849831,0.445362725003984,0.479621396158136),.UNSPECIFIED.);
#212=B_SPLINE_CURVE_WITH_KNOTS('',3,(#1224,#1225,#1226,#1227,#1228,#1229,
#1230,#1231,#1232,#1233,#1234,#1235,#1236,#1237,#1238,#1239,#1240,#1241),
 .UNSPECIFIED.,.T.,.F.,(4,1,1,1,1,1,1,1,1,1,1,1,1,1,1,4),(-0.479621396158136,
-0.445362725003984,-0.411104053849831,-0.376845382695679,-0.342586711541526,
-0.308328040387373,-0.274069369233221,-0.239810698079068,-0.222681362501992,
-0.205552026924916,-0.154164020193687,-0.13703468461661,-0.102776013462458,
-0.0685173423083052,-0.0342586711541526,0.),.UNSPECIFIED.);
#213=B_SPLINE_CURVE_WITH_KNOTS('',3,(#1248,#1249,#1250,#1251,#1252,#1253,
#1254,#1255,#1256,#1257,#1258,#1259,#1260,#1261,#1262,#1263,#1264,#1265,
#1266,#1267,#1268,#1269,#1270,#1271,#1272,#1273,#1274,#1275,#1276,#1277,
#1278,#1279,#1280,#1281),.UNSPECIFIED.,.F.,.F.,(4,3,3,3,3,3,3,3,3,3,3,4),
(0.,0.00852535159996425,0.0147161631283359,0.0350059321640159,0.0482058211923223,
0.0650989651969346,0.0735470438038405,0.0819796312654438,0.102686236548862,
0.114556526371155,0.124975535042844,0.132829000576677),.UNSPECIFIED.);
#214=B_SPLINE_CURVE_WITH_KNOTS('',3,(#1283,#1284,#1285,#1286),
 .UNSPECIFIED.,.F.,.F.,(4,4),(-0.10604085823432,0.),.UNSPECIFIED.);
#215=B_SPLINE_CURVE_WITH_KNOTS('',3,(#1293,#1294,#1295,#1296,#1297,#1298,
#1299),.UNSPECIFIED.,.F.,.F.,(4,3,4),(-0.00691062824954651,-0.00361682350797267,
0.),.UNSPECIFIED.);
#216=B_SPLINE_CURVE_WITH_KNOTS('',3,(#1303,#1304,#1305,#1306,#1307,#1308,
#1309),.UNSPECIFIED.,.F.,.F.,(4,3,4),(-0.00690874825678358,-0.00329203829504682,
0.),.UNSPECIFIED.);
#217=B_SPLINE_CURVE_WITH_KNOTS('',3,(#1347,#1348,#1349,#1350),
 .UNSPECIFIED.,.F.,.F.,(4,4),(0.586396653662168,0.741660058541522),
 .UNSPECIFIED.);
#218=B_SPLINE_CURVE_WITH_KNOTS('',3,(#1353,#1354,#1355,#1356,#1357,#1358,
#1359,#1360,#1361,#1362,#1363,#1364,#1365,#1366,#1367,#1368,#1369,#1370,
#1371),.UNSPECIFIED.,.F.,.F.,(4,3,3,3,3,3,4),(0.,0.0115138389511657,0.0147969699617552,
0.0265143247592962,0.0297871585505906,0.0381251392433415,0.0464721020692236),
 .UNSPECIFIED.);
#219=B_SPLINE_CURVE_WITH_KNOTS('',3,(#1380,#1381,#1382,#1383,#1384,#1385,
#1386,#1387,#1388,#1389,#1390,#1391,#1392,#1393,#1394,#1395,#1396),
 .UNSPECIFIED.,.F.,.F.,(4,1,1,1,1,1,1,1,1,1,1,1,1,1,4),(0.,0.00456193676605476,
0.00912387353210953,0.0182477470642191,0.0364954941284381,0.0729909882568762,
0.164229723577971,0.218972964770629,0.364954941284381,0.437945929541257,
0.474441423669695,0.492689170733914,0.501813044266024,0.506374981032079,
0.510936917798134),.UNSPECIFIED.);
#220=B_SPLINE_CURVE_WITH_KNOTS('',3,(#1397,#1398,#1399,#1400),
 .UNSPECIFIED.,.F.,.F.,(4,4),(-0.741660058541522,-0.586396653662168),
 .UNSPECIFIED.);
#221=B_SPLINE_CURVE_WITH_KNOTS('',3,(#1465,#1466,#1467,#1468),
 .UNSPECIFIED.,.F.,.F.,(4,4),(0.,0.503254644727375),.UNSPECIFIED.);
#222=B_SPLINE_CURVE_WITH_KNOTS('',3,(#1586,#1587,#1588,#1589,#1590,#1591,
#1592,#1593,#1594,#1595),.UNSPECIFIED.,.F.,.F.,(4,1,1,1,1,1,1,4),(-0.191405681589929,
-0.164229723577971,-0.0729909882568762,-0.0364954941284381,-0.0182477470642191,
-0.00912387353210953,-0.00456193676605476,0.),.UNSPECIFIED.);
#223=B_SPLINE_CURVE_WITH_KNOTS('',3,(#1596,#1597,#1598,#1599,#1600,#1601,
#1602,#1603,#1604,#1605),.UNSPECIFIED.,.F.,.F.,(4,1,1,1,1,1,1,4),(-0.510936917798134,
-0.506374981032079,-0.501813044266024,-0.492689170733914,-0.474441423669695,
-0.437945929541257,-0.364954941284381,-0.319525684138444),.UNSPECIFIED.);
#224=VERTEX_POINT('',#798);
#225=VERTEX_POINT('',#799);
#226=VERTEX_POINT('',#836);
#227=VERTEX_POINT('',#838);
#228=VERTEX_POINT('',#876);
#229=VERTEX_POINT('',#877);
#230=VERTEX_POINT('',#882);
#231=VERTEX_POINT('',#884);
#232=VERTEX_POINT('',#889);
#233=VERTEX_POINT('',#893);
#234=VERTEX_POINT('',#894);
#235=VERTEX_POINT('',#899);
#236=VERTEX_POINT('',#901);
#237=VERTEX_POINT('',#906);
#238=VERTEX_POINT('',#908);
#239=VERTEX_POINT('',#919);
#240=VERTEX_POINT('',#945);
#241=VERTEX_POINT('',#953);
#242=VERTEX_POINT('',#963);
#243=VERTEX_POINT('',#964);
#244=VERTEX_POINT('',#971);
#245=VERTEX_POINT('',#973);
#246=VERTEX_POINT('',#980);
#247=VERTEX_POINT('',#991);
#248=VERTEX_POINT('',#1003);
#249=VERTEX_POINT('',#1005);
#250=VERTEX_POINT('',#1007);
#251=VERTEX_POINT('',#1012);
#252=VERTEX_POINT('',#1014);
#253=VERTEX_POINT('',#1025);
#254=VERTEX_POINT('',#1026);
#255=VERTEX_POINT('',#1066);
#256=VERTEX_POINT('',#1077);
#257=VERTEX_POINT('',#1079);
#258=VERTEX_POINT('',#1081);
#259=VERTEX_POINT('',#1083);
#260=VERTEX_POINT('',#1085);
#261=VERTEX_POINT('',#1087);
#262=VERTEX_POINT('',#1198);
#263=VERTEX_POINT('',#1199);
#264=VERTEX_POINT('',#1201);
#265=VERTEX_POINT('',#1245);
#266=VERTEX_POINT('',#1247);
#267=VERTEX_POINT('',#1290);
#268=VERTEX_POINT('',#1292);
#269=VERTEX_POINT('',#1300);
#270=VERTEX_POINT('',#1302);
#271=VERTEX_POINT('',#1310);
#272=VERTEX_POINT('',#1312);
#273=VERTEX_POINT('',#1314);
#274=VERTEX_POINT('',#1319);
#275=VERTEX_POINT('',#1326);
#276=VERTEX_POINT('',#1345);
#277=VERTEX_POINT('',#1352);
#278=VERTEX_POINT('',#1372);
#279=VERTEX_POINT('',#1375);
#280=VERTEX_POINT('',#1379);
#281=VERTEX_POINT('',#1417);
#282=VERTEX_POINT('',#1440);
#283=VERTEX_POINT('',#1463);
#284=VERTEX_POINT('',#1491);
#285=VERTEX_POINT('',#1493);
#286=EDGE_CURVE('',#224,#225,#186,.T.);
#287=EDGE_CURVE('',#225,#224,#187,.T.);
#288=EDGE_CURVE('',#225,#226,#134,.T.);
#289=EDGE_CURVE('',#227,#226,#188,.T.);
#290=EDGE_CURVE('',#226,#227,#189,.T.);
#291=EDGE_CURVE('',#228,#229,#190,.T.);
#292=EDGE_CURVE('',#230,#228,#135,.T.);
#293=EDGE_CURVE('',#231,#230,#191,.T.);
#294=EDGE_CURVE('',#232,#231,#52,.T.);
#295=EDGE_CURVE('',#229,#232,#53,.T.);
#296=EDGE_CURVE('',#233,#234,#192,.T.);
#297=EDGE_CURVE('',#235,#233,#136,.T.);
#298=EDGE_CURVE('',#236,#235,#193,.T.);
#299=EDGE_CURVE('',#237,#236,#137,.T.);
#300=EDGE_CURVE('',#238,#237,#54,.T.);
#301=EDGE_CURVE('',#234,#238,#55,.T.);
#302=EDGE_CURVE('',#237,#239,#194,.T.);
#303=EDGE_CURVE('',#239,#236,#195,.T.);
#304=EDGE_CURVE('',#240,#233,#196,.T.);
#305=EDGE_CURVE('',#241,#240,#138,.T.);
#306=EDGE_CURVE('',#235,#241,#197,.T.);
#307=EDGE_CURVE('',#242,#243,#198,.T.);
#308=EDGE_CURVE('',#244,#242,#139,.T.);
#309=EDGE_CURVE('',#245,#244,#199,.T.);
#310=EDGE_CURVE('',#246,#245,#200,.T.);
#311=EDGE_CURVE('',#230,#246,#201,.T.);
#312=EDGE_CURVE('',#247,#228,#202,.T.);
#313=EDGE_CURVE('',#243,#247,#203,.T.);
#314=EDGE_CURVE('',#244,#248,#31,.T.);
#315=EDGE_CURVE('',#249,#248,#56,.T.);
#316=EDGE_CURVE('',#250,#249,#204,.T.);
#317=EDGE_CURVE('',#251,#250,#57,.T.);
#318=EDGE_CURVE('',#252,#251,#32,.T.);
#319=EDGE_CURVE('',#252,#240,#205,.T.);
#320=EDGE_CURVE('',#231,#234,#140,.T.);
#321=EDGE_CURVE('',#253,#254,#206,.T.);
#322=EDGE_CURVE('',#254,#253,#207,.T.);
#323=EDGE_CURVE('',#232,#238,#141,.T.);
#324=EDGE_CURVE('',#241,#255,#208,.T.);
#325=EDGE_CURVE('',#255,#252,#142,.T.);
#326=EDGE_CURVE('',#256,#242,#33,.T.);
#327=EDGE_CURVE('',#256,#257,#34,.T.);
#328=EDGE_CURVE('',#258,#257,#143,.T.);
#329=EDGE_CURVE('',#258,#259,#144,.T.);
#330=EDGE_CURVE('',#259,#260,#145,.T.);
#331=EDGE_CURVE('',#261,#260,#146,.T.);
#332=EDGE_CURVE('',#248,#261,#209,.T.);
#333=EDGE_CURVE('',#262,#263,#35,.T.);
#334=EDGE_CURVE('',#263,#264,#210,.T.);
#335=EDGE_CURVE('',#264,#263,#211,.T.);
#336=EDGE_CURVE('',#262,#262,#212,.T.);
#337=EDGE_CURVE('',#254,#264,#147,.T.);
#338=EDGE_CURVE('',#265,#255,#148,.T.);
#339=EDGE_CURVE('',#266,#265,#213,.T.);
#340=EDGE_CURVE('',#256,#266,#149,.T.);
#341=EDGE_CURVE('',#247,#239,#214,.T.);
#342=EDGE_CURVE('',#239,#229,#58,.T.);
#343=EDGE_CURVE('',#267,#258,#59,.T.);
#344=EDGE_CURVE('',#268,#267,#215,.T.);
#345=EDGE_CURVE('',#269,#268,#36,.T.);
#346=EDGE_CURVE('',#270,#269,#216,.T.);
#347=EDGE_CURVE('',#271,#270,#60,.T.);
#348=EDGE_CURVE('',#272,#271,#150,.T.);
#349=EDGE_CURVE('',#272,#273,#16,.T.);
#350=EDGE_CURVE('',#273,#274,#37,.T.);
#351=EDGE_CURVE('',#274,#259,#17,.T.);
#352=EDGE_CURVE('',#257,#275,#151,.T.);
#353=EDGE_CURVE('',#267,#275,#61,.T.);
#354=EDGE_CURVE('',#276,#275,#38,.T.);
#355=EDGE_CURVE('',#276,#268,#217,.T.);
#356=EDGE_CURVE('',#277,#251,#218,.T.);
#357=EDGE_CURVE('',#278,#277,#152,.T.);
#358=EDGE_CURVE('',#278,#272,#153,.T.);
#359=EDGE_CURVE('',#271,#279,#154,.T.);
#360=EDGE_CURVE('',#279,#255,#39,.T.);
#361=EDGE_CURVE('',#280,#276,#219,.T.);
#362=EDGE_CURVE('',#269,#280,#220,.T.);
#363=EDGE_CURVE('',#280,#281,#40,.T.);
#364=EDGE_CURVE('',#281,#270,#62,.T.);
#365=EDGE_CURVE('',#250,#282,#41,.T.);
#366=EDGE_CURVE('',#282,#277,#63,.T.);
#367=EDGE_CURVE('',#249,#283,#42,.T.);
#368=EDGE_CURVE('',#283,#282,#221,.T.);
#369=EDGE_CURVE('',#261,#283,#64,.T.);
#370=EDGE_CURVE('',#283,#284,#155,.T.);
#371=EDGE_CURVE('',#284,#285,#65,.T.);
#372=EDGE_CURVE('',#285,#282,#156,.T.);
#373=EDGE_CURVE('',#285,#278,#157,.T.);
#374=EDGE_CURVE('',#260,#284,#158,.T.);
#375=EDGE_CURVE('',#265,#281,#222,.T.);
#376=EDGE_CURVE('',#275,#266,#223,.T.);
#377=EDGE_CURVE('',#281,#279,#159,.T.);
#378=ORIENTED_EDGE('',*,*,#286,.F.);
#379=ORIENTED_EDGE('',*,*,#287,.F.);
#380=ORIENTED_EDGE('',*,*,#288,.T.);
#381=ORIENTED_EDGE('',*,*,#289,.F.);
#382=ORIENTED_EDGE('',*,*,#290,.F.);
#383=ORIENTED_EDGE('',*,*,#288,.F.);
#384=ORIENTED_EDGE('',*,*,#291,.F.);
#385=ORIENTED_EDGE('',*,*,#292,.F.);
#386=ORIENTED_EDGE('',*,*,#293,.F.);
#387=ORIENTED_EDGE('',*,*,#294,.F.);
#388=ORIENTED_EDGE('',*,*,#295,.F.);
#389=ORIENTED_EDGE('',*,*,#296,.F.);
#390=ORIENTED_EDGE('',*,*,#297,.F.);
#391=ORIENTED_EDGE('',*,*,#298,.F.);
#392=ORIENTED_EDGE('',*,*,#299,.F.);
#393=ORIENTED_EDGE('',*,*,#300,.F.);
#394=ORIENTED_EDGE('',*,*,#301,.F.);
#395=ORIENTED_EDGE('',*,*,#302,.F.);
#396=ORIENTED_EDGE('',*,*,#299,.T.);
#397=ORIENTED_EDGE('',*,*,#303,.F.);
#398=ORIENTED_EDGE('',*,*,#304,.F.);
#399=ORIENTED_EDGE('',*,*,#305,.F.);
#400=ORIENTED_EDGE('',*,*,#306,.F.);
#401=ORIENTED_EDGE('',*,*,#297,.T.);
#402=ORIENTED_EDGE('',*,*,#307,.F.);
#403=ORIENTED_EDGE('',*,*,#308,.F.);
#404=ORIENTED_EDGE('',*,*,#309,.F.);
#405=ORIENTED_EDGE('',*,*,#310,.F.);
#406=ORIENTED_EDGE('',*,*,#311,.F.);
#407=ORIENTED_EDGE('',*,*,#292,.T.);
#408=ORIENTED_EDGE('',*,*,#312,.F.);
#409=ORIENTED_EDGE('',*,*,#313,.F.);
#410=ORIENTED_EDGE('',*,*,#293,.T.);
#411=ORIENTED_EDGE('',*,*,#311,.T.);
#412=ORIENTED_EDGE('',*,*,#310,.T.);
#413=ORIENTED_EDGE('',*,*,#309,.T.);
#414=ORIENTED_EDGE('',*,*,#314,.T.);
#415=ORIENTED_EDGE('',*,*,#315,.F.);
#416=ORIENTED_EDGE('',*,*,#316,.F.);
#417=ORIENTED_EDGE('',*,*,#317,.F.);
#418=ORIENTED_EDGE('',*,*,#318,.F.);
#419=ORIENTED_EDGE('',*,*,#319,.T.);
#420=ORIENTED_EDGE('',*,*,#304,.T.);
#421=ORIENTED_EDGE('',*,*,#296,.T.);
#422=ORIENTED_EDGE('',*,*,#320,.F.);
#423=ORIENTED_EDGE('',*,*,#286,.T.);
#424=ORIENTED_EDGE('',*,*,#287,.T.);
#425=ORIENTED_EDGE('',*,*,#321,.T.);
#426=ORIENTED_EDGE('',*,*,#322,.T.);
#427=ORIENTED_EDGE('',*,*,#294,.T.);
#428=ORIENTED_EDGE('',*,*,#320,.T.);
#429=ORIENTED_EDGE('',*,*,#301,.T.);
#430=ORIENTED_EDGE('',*,*,#323,.F.);
#431=ORIENTED_EDGE('',*,*,#324,.F.);
#432=ORIENTED_EDGE('',*,*,#305,.T.);
#433=ORIENTED_EDGE('',*,*,#319,.F.);
#434=ORIENTED_EDGE('',*,*,#325,.F.);
#435=ORIENTED_EDGE('',*,*,#308,.T.);
#436=ORIENTED_EDGE('',*,*,#326,.F.);
#437=ORIENTED_EDGE('',*,*,#327,.T.);
#438=ORIENTED_EDGE('',*,*,#328,.F.);
#439=ORIENTED_EDGE('',*,*,#329,.T.);
#440=ORIENTED_EDGE('',*,*,#330,.T.);
#441=ORIENTED_EDGE('',*,*,#331,.F.);
#442=ORIENTED_EDGE('',*,*,#332,.F.);
#443=ORIENTED_EDGE('',*,*,#314,.F.);
#444=ORIENTED_EDGE('',*,*,#333,.T.);
#445=ORIENTED_EDGE('',*,*,#334,.T.);
#446=ORIENTED_EDGE('',*,*,#335,.T.);
#447=ORIENTED_EDGE('',*,*,#333,.F.);
#448=ORIENTED_EDGE('',*,*,#336,.T.);
#449=ORIENTED_EDGE('',*,*,#321,.F.);
#450=ORIENTED_EDGE('',*,*,#322,.F.);
#451=ORIENTED_EDGE('',*,*,#337,.T.);
#452=ORIENTED_EDGE('',*,*,#334,.F.);
#453=ORIENTED_EDGE('',*,*,#335,.F.);
#454=ORIENTED_EDGE('',*,*,#337,.F.);
#455=ORIENTED_EDGE('',*,*,#306,.T.);
#456=ORIENTED_EDGE('',*,*,#324,.T.);
#457=ORIENTED_EDGE('',*,*,#338,.F.);
#458=ORIENTED_EDGE('',*,*,#339,.F.);
#459=ORIENTED_EDGE('',*,*,#340,.F.);
#460=ORIENTED_EDGE('',*,*,#326,.T.);
#461=ORIENTED_EDGE('',*,*,#307,.T.);
#462=ORIENTED_EDGE('',*,*,#313,.T.);
#463=ORIENTED_EDGE('',*,*,#341,.T.);
#464=ORIENTED_EDGE('',*,*,#303,.T.);
#465=ORIENTED_EDGE('',*,*,#298,.T.);
#466=ORIENTED_EDGE('',*,*,#289,.T.);
#467=ORIENTED_EDGE('',*,*,#290,.T.);
#468=ORIENTED_EDGE('',*,*,#336,.F.);
#469=ORIENTED_EDGE('',*,*,#291,.T.);
#470=ORIENTED_EDGE('',*,*,#342,.F.);
#471=ORIENTED_EDGE('',*,*,#341,.F.);
#472=ORIENTED_EDGE('',*,*,#312,.T.);
#473=ORIENTED_EDGE('',*,*,#343,.F.);
#474=ORIENTED_EDGE('',*,*,#344,.F.);
#475=ORIENTED_EDGE('',*,*,#345,.F.);
#476=ORIENTED_EDGE('',*,*,#346,.F.);
#477=ORIENTED_EDGE('',*,*,#347,.F.);
#478=ORIENTED_EDGE('',*,*,#348,.F.);
#479=ORIENTED_EDGE('',*,*,#349,.T.);
#480=ORIENTED_EDGE('',*,*,#350,.T.);
#481=ORIENTED_EDGE('',*,*,#351,.T.);
#482=ORIENTED_EDGE('',*,*,#329,.F.);
#483=ORIENTED_EDGE('',*,*,#343,.T.);
#484=ORIENTED_EDGE('',*,*,#328,.T.);
#485=ORIENTED_EDGE('',*,*,#352,.T.);
#486=ORIENTED_EDGE('',*,*,#353,.F.);
#487=ORIENTED_EDGE('',*,*,#344,.T.);
#488=ORIENTED_EDGE('',*,*,#353,.T.);
#489=ORIENTED_EDGE('',*,*,#354,.F.);
#490=ORIENTED_EDGE('',*,*,#355,.T.);
#491=ORIENTED_EDGE('',*,*,#325,.T.);
#492=ORIENTED_EDGE('',*,*,#318,.T.);
#493=ORIENTED_EDGE('',*,*,#356,.F.);
#494=ORIENTED_EDGE('',*,*,#357,.F.);
#495=ORIENTED_EDGE('',*,*,#358,.T.);
#496=ORIENTED_EDGE('',*,*,#348,.T.);
#497=ORIENTED_EDGE('',*,*,#359,.T.);
#498=ORIENTED_EDGE('',*,*,#360,.T.);
#499=ORIENTED_EDGE('',*,*,#345,.T.);
#500=ORIENTED_EDGE('',*,*,#355,.F.);
#501=ORIENTED_EDGE('',*,*,#361,.F.);
#502=ORIENTED_EDGE('',*,*,#362,.F.);
#503=ORIENTED_EDGE('',*,*,#346,.T.);
#504=ORIENTED_EDGE('',*,*,#362,.T.);
#505=ORIENTED_EDGE('',*,*,#363,.T.);
#506=ORIENTED_EDGE('',*,*,#364,.T.);
#507=ORIENTED_EDGE('',*,*,#365,.T.);
#508=ORIENTED_EDGE('',*,*,#366,.T.);
#509=ORIENTED_EDGE('',*,*,#356,.T.);
#510=ORIENTED_EDGE('',*,*,#317,.T.);
#511=ORIENTED_EDGE('',*,*,#365,.F.);
#512=ORIENTED_EDGE('',*,*,#316,.T.);
#513=ORIENTED_EDGE('',*,*,#367,.T.);
#514=ORIENTED_EDGE('',*,*,#368,.T.);
#515=ORIENTED_EDGE('',*,*,#332,.T.);
#516=ORIENTED_EDGE('',*,*,#369,.T.);
#517=ORIENTED_EDGE('',*,*,#367,.F.);
#518=ORIENTED_EDGE('',*,*,#315,.T.);
#519=ORIENTED_EDGE('',*,*,#368,.F.);
#520=ORIENTED_EDGE('',*,*,#370,.T.);
#521=ORIENTED_EDGE('',*,*,#371,.T.);
#522=ORIENTED_EDGE('',*,*,#372,.T.);
#523=ORIENTED_EDGE('',*,*,#366,.F.);
#524=ORIENTED_EDGE('',*,*,#372,.F.);
#525=ORIENTED_EDGE('',*,*,#373,.T.);
#526=ORIENTED_EDGE('',*,*,#357,.T.);
#527=ORIENTED_EDGE('',*,*,#349,.F.);
#528=ORIENTED_EDGE('',*,*,#358,.F.);
#529=ORIENTED_EDGE('',*,*,#373,.F.);
#530=ORIENTED_EDGE('',*,*,#371,.F.);
#531=ORIENTED_EDGE('',*,*,#374,.F.);
#532=ORIENTED_EDGE('',*,*,#330,.F.);
#533=ORIENTED_EDGE('',*,*,#351,.F.);
#534=ORIENTED_EDGE('',*,*,#350,.F.);
#535=ORIENTED_EDGE('',*,*,#369,.F.);
#536=ORIENTED_EDGE('',*,*,#331,.T.);
#537=ORIENTED_EDGE('',*,*,#374,.T.);
#538=ORIENTED_EDGE('',*,*,#370,.F.);
#539=ORIENTED_EDGE('',*,*,#339,.T.);
#540=ORIENTED_EDGE('',*,*,#375,.T.);
#541=ORIENTED_EDGE('',*,*,#363,.F.);
#542=ORIENTED_EDGE('',*,*,#361,.T.);
#543=ORIENTED_EDGE('',*,*,#354,.T.);
#544=ORIENTED_EDGE('',*,*,#376,.T.);
#545=ORIENTED_EDGE('',*,*,#347,.T.);
#546=ORIENTED_EDGE('',*,*,#364,.F.);
#547=ORIENTED_EDGE('',*,*,#377,.T.);
#548=ORIENTED_EDGE('',*,*,#359,.F.);
#549=ORIENTED_EDGE('',*,*,#376,.F.);
#550=ORIENTED_EDGE('',*,*,#352,.F.);
#551=ORIENTED_EDGE('',*,*,#327,.F.);
#552=ORIENTED_EDGE('',*,*,#340,.T.);
#553=ORIENTED_EDGE('',*,*,#375,.F.);
#554=ORIENTED_EDGE('',*,*,#338,.T.);
#555=ORIENTED_EDGE('',*,*,#360,.F.);
#556=ORIENTED_EDGE('',*,*,#377,.F.);
#557=ORIENTED_EDGE('',*,*,#295,.T.);
#558=ORIENTED_EDGE('',*,*,#323,.T.);
#559=ORIENTED_EDGE('',*,*,#300,.T.);
#560=ORIENTED_EDGE('',*,*,#302,.T.);
#561=ORIENTED_EDGE('',*,*,#342,.T.);
#562=CYLINDRICAL_SURFACE('',#621,0.127);
#563=CYLINDRICAL_SURFACE('',#622,0.318349553439106);
#564=CYLINDRICAL_SURFACE('',#625,0.317409859218603);
#565=CYLINDRICAL_SURFACE('',#628,14.0472654918307);
#566=CYLINDRICAL_SURFACE('',#629,30.8161963981913);
#567=CYLINDRICAL_SURFACE('',#635,14.0295622946925);
#568=CYLINDRICAL_SURFACE('',#640,0.0793749999999999);
#569=CYLINDRICAL_SURFACE('',#641,31.6989581169734);
#570=CYLINDRICAL_SURFACE('',#642,0.3175);
#571=CYLINDRICAL_SURFACE('',#644,1.55488273872838);
#572=CYLINDRICAL_SURFACE('',#661,1.651);
#573=CYLINDRICAL_SURFACE('',#667,0.0577557048140879);
#574=CYLINDRICAL_SURFACE('',#668,0.0577557048140879);
#575=ADVANCED_FACE('',(#66),#562,.F.);
#576=ADVANCED_FACE('',(#67),#563,.T.);
#577=ADVANCED_FACE('',(#68),#564,.T.);
#578=ADVANCED_FACE('',(#69),#43,.F.);
#579=ADVANCED_FACE('',(#70),#44,.F.);
#580=ADVANCED_FACE('',(#71),#565,.T.);
#581=ADVANCED_FACE('',(#72,#27,#28),#566,.T.);
#582=ADVANCED_FACE('',(#73),#18,.T.);
#583=ADVANCED_FACE('',(#74),#567,.T.);
#584=ADVANCED_FACE('',(#75),#19,.T.);
#585=ADVANCED_FACE('',(#76),#45,.F.);
#586=ADVANCED_FACE('',(#77),#568,.F.);
#587=ADVANCED_FACE('',(#78,#29,#30),#569,.F.);
#588=ADVANCED_FACE('',(#79),#570,.T.);
#589=ADVANCED_FACE('',(#80),#571,.F.);
#590=ADVANCED_FACE('',(#81),#20,.T.);
#591=ADVANCED_FACE('',(#82),#46,.F.);
#592=ADVANCED_FACE('',(#83),#21,.F.);
#593=ADVANCED_FACE('',(#84),#15,.F.);
#594=ADVANCED_FACE('',(#85),#47,.F.);
#595=ADVANCED_FACE('',(#86),#48,.T.);
#596=ADVANCED_FACE('',(#87),#49,.T.);
#597=ADVANCED_FACE('',(#88),#50,.T.);
#598=ADVANCED_FACE('',(#89),#572,.T.);
#599=ADVANCED_FACE('',(#90),#22,.T.);
#600=ADVANCED_FACE('',(#91),#23,.T.);
#601=ADVANCED_FACE('',(#92),#24,.T.);
#602=ADVANCED_FACE('',(#93),#51,.F.);
#603=ADVANCED_FACE('',(#94),#25,.T.);
#604=ADVANCED_FACE('',(#95),#573,.T.);
#605=ADVANCED_FACE('',(#96),#574,.T.);
#606=ADVANCED_FACE('',(#97),#26,.T.);
#607=CLOSED_SHELL('',(#575,#576,#577,#578,#579,#580,#581,#582,#583,#584,
#585,#586,#587,#588,#589,#590,#591,#592,#593,#594,#595,#596,#597,#598,#599,
#600,#601,#602,#603,#604,#605,#606));
#608=DERIVED_UNIT_ELEMENT(#610,1.);
#609=DERIVED_UNIT_ELEMENT(#1616,-3.);
#610=(
MASS_UNIT()
NAMED_UNIT(*)
SI_UNIT(.KILO.,.GRAM.)
);
#611=DERIVED_UNIT((#608,#609));
#612=MEASURE_REPRESENTATION_ITEM('density measure',
POSITIVE_RATIO_MEASURE(7850.),#611);
#613=PROPERTY_DEFINITION_REPRESENTATION(#618,#615);
#614=PROPERTY_DEFINITION_REPRESENTATION(#619,#616);
#615=REPRESENTATION('material name',(#617),#1613);
#616=REPRESENTATION('density',(#612),#1613);
#617=DESCRIPTIVE_REPRESENTATION_ITEM('Steel','Steel');
#618=PROPERTY_DEFINITION('material property','material name',#1623);
#619=PROPERTY_DEFINITION('material property','density of part',#1623);
#620=AXIS2_PLACEMENT_3D('placement',#796,#670,#671);
#621=AXIS2_PLACEMENT_3D('',#797,#672,#673);
#622=AXIS2_PLACEMENT_3D('',#875,#675,#676);
#623=AXIS2_PLACEMENT_3D('',#890,#678,#679);
#624=AXIS2_PLACEMENT_3D('',#891,#680,#681);
#625=AXIS2_PLACEMENT_3D('',#892,#682,#683);
#626=AXIS2_PLACEMENT_3D('',#909,#686,#687);
#627=AXIS2_PLACEMENT_3D('',#910,#688,#689);
#628=AXIS2_PLACEMENT_3D('',#962,#691,#692);
#629=AXIS2_PLACEMENT_3D('',#1002,#694,#695);
#630=AXIS2_PLACEMENT_3D('',#1004,#696,#697);
#631=AXIS2_PLACEMENT_3D('',#1006,#698,#699);
#632=AXIS2_PLACEMENT_3D('',#1013,#700,#701);
#633=AXIS2_PLACEMENT_3D('',#1015,#702,#703);
#634=AXIS2_PLACEMENT_3D('',#1063,#705,#706);
#635=AXIS2_PLACEMENT_3D('',#1065,#708,#709);
#636=AXIS2_PLACEMENT_3D('',#1076,#711,#712);
#637=AXIS2_PLACEMENT_3D('',#1078,#713,#714);
#638=AXIS2_PLACEMENT_3D('',#1080,#715,#716);
#639=AXIS2_PLACEMENT_3D('',#1200,#721,#722);
#640=AXIS2_PLACEMENT_3D('',#1242,#723,#724);
#641=AXIS2_PLACEMENT_3D('',#1244,#726,#727);
#642=AXIS2_PLACEMENT_3D('',#1287,#730,#731);
#643=AXIS2_PLACEMENT_3D('',#1288,#732,#733);
#644=AXIS2_PLACEMENT_3D('',#1289,#734,#735);
#645=AXIS2_PLACEMENT_3D('',#1291,#736,#737);
#646=AXIS2_PLACEMENT_3D('',#1301,#738,#739);
#647=AXIS2_PLACEMENT_3D('',#1311,#740,#741);
#648=AXIS2_PLACEMENT_3D('',#1320,#743,#744);
#649=AXIS2_PLACEMENT_3D('',#1325,#745,#746);
#650=AXIS2_PLACEMENT_3D('',#1328,#748,#749);
#651=AXIS2_PLACEMENT_3D('',#1346,#750,#751);
#652=AXIS2_PLACEMENT_3D('',#1351,#752,#753);
#653=AXIS2_PLACEMENT_3D('',#1377,#757,#758);
#654=AXIS2_PLACEMENT_3D('',#1378,#759,#760);
#655=AXIS2_PLACEMENT_3D('',#1418,#761,#762);
#656=AXIS2_PLACEMENT_3D('',#1419,#763,#764);
#657=AXIS2_PLACEMENT_3D('',#1441,#765,#766);
#658=AXIS2_PLACEMENT_3D('',#1442,#767,#768);
#659=AXIS2_PLACEMENT_3D('',#1464,#769,#770);
#660=AXIS2_PLACEMENT_3D('',#1489,#771,#772);
#661=AXIS2_PLACEMENT_3D('',#1490,#773,#774);
#662=AXIS2_PLACEMENT_3D('',#1494,#776,#777);
#663=AXIS2_PLACEMENT_3D('',#1496,#779,#780);
#664=AXIS2_PLACEMENT_3D('',#1498,#782,#783);
#665=AXIS2_PLACEMENT_3D('',#1500,#785,#786);
#666=AXIS2_PLACEMENT_3D('',#1606,#787,#788);
#667=AXIS2_PLACEMENT_3D('',#1608,#790,#791);
#668=AXIS2_PLACEMENT_3D('',#1609,#792,#793);
#669=AXIS2_PLACEMENT_3D('',#1610,#794,#795);
#670=DIRECTION('axis',(0.,0.,1.));
#671=DIRECTION('refdir',(1.,0.,0.));
#672=DIRECTION('center_axis',(0.,1.,0.));
#673=DIRECTION('ref_axis',(1.,0.,0.));
#674=DIRECTION('',(0.,1.,0.));
#675=DIRECTION('center_axis',(0.,1.,0.));
#676=DIRECTION('ref_axis',(0.336397768798547,0.,-0.941719990839825));
#677=DIRECTION('',(0.,1.,0.));
#678=DIRECTION('center_axis',(0.,-0.999879403492011,0.015529921843375));
#679=DIRECTION('ref_axis',(1.20955774793239E-13,-0.015529921843375,-0.99987940349201));
#680=DIRECTION('center_axis',(0.,-0.0871557427476711,-0.996194698091744));
#681=DIRECTION('ref_axis',(-3.79937364767186E-18,0.996194698091744,-0.0871557427476711));
#682=DIRECTION('center_axis',(0.,1.,0.));
#683=DIRECTION('ref_axis',(-0.00191332466413509,0.,-0.99999816959269));
#684=DIRECTION('',(0.,-1.,0.));
#685=DIRECTION('',(0.,1.,0.));
#686=DIRECTION('center_axis',(0.,-0.0871557427476711,-0.996194698091744));
#687=DIRECTION('ref_axis',(-2.9770482197446E-20,0.996194698091744,-0.0871557427476711));
#688=DIRECTION('center_axis',(0.,-0.999879403492011,0.015529921843375));
#689=DIRECTION('ref_axis',(2.49321851449594E-17,-0.015529921843375,-0.999879403492011));
#690=DIRECTION('',(0.,-1.,0.));
#691=DIRECTION('center_axis',(0.,1.,0.));
#692=DIRECTION('ref_axis',(0.999991550728916,0.,-0.00411077496074953));
#693=DIRECTION('',(0.,1.,0.));
#694=DIRECTION('center_axis',(-1.,0.,0.));
#695=DIRECTION('ref_axis',(0.,-0.986031794451617,0.166557198374986));
#696=DIRECTION('center_axis',(-1.,0.,0.));
#697=DIRECTION('ref_axis',(0.,-0.986031794451617,0.166557198374986));
#698=DIRECTION('center_axis',(-0.148161300251226,0.504908162521023,0.850362261937529));
#699=DIRECTION('ref_axis',(-0.98896320917811,-0.0756427025518392,-0.127396830583763));
#700=DIRECTION('center_axis',(0.148161300251226,0.504908162521023,0.850362261937529));
#701=DIRECTION('ref_axis',(0.98896320917811,-0.0756427025518392,-0.127396830583763));
#702=DIRECTION('center_axis',(-1.,0.,0.));
#703=DIRECTION('ref_axis',(0.,-0.986031794451617,0.166557198374986));
#704=DIRECTION('',(-1.,0.,0.));
#705=DIRECTION('center_axis',(0.,-0.999879403492011,0.015529921843375));
#706=DIRECTION('ref_axis',(0.,0.015529921843375,0.999879403492011));
#707=DIRECTION('',(-1.,0.,0.));
#708=DIRECTION('center_axis',(0.,1.,0.));
#709=DIRECTION('ref_axis',(-0.98500457854093,0.,-0.172528201327798));
#710=DIRECTION('',(0.,-1.,0.));
#711=DIRECTION('center_axis',(1.,0.,0.));
#712=DIRECTION('ref_axis',(0.,0.0871557427476582,-0.996194698091746));
#713=DIRECTION('center_axis',(1.,0.,0.));
#714=DIRECTION('ref_axis',(0.,-0.986084933756099,0.16624230333832));
#715=DIRECTION('center_axis',(1.,0.,0.));
#716=DIRECTION('ref_axis',(0.,0.985704483837036,-0.168483442935983));
#717=DIRECTION('',(0.,0.859772525184841,-0.51067720228857));
#718=DIRECTION('',(0.,-0.996194698091745,0.0871557427476604));
#719=DIRECTION('',(0.,-0.0871557427476604,-0.996194698091745));
#720=DIRECTION('',(0.,-0.85985227159687,0.510542917911611));
#721=DIRECTION('center_axis',(1.,0.,0.));
#722=DIRECTION('ref_axis',(0.,0.995228909913821,-0.0975674990544908));
#723=DIRECTION('center_axis',(0.,1.,0.));
#724=DIRECTION('ref_axis',(1.,0.,0.));
#725=DIRECTION('',(0.,1.,0.));
#726=DIRECTION('center_axis',(-1.,0.,0.));
#727=DIRECTION('ref_axis',(0.,-0.986084933756099,0.16624230333832));
#728=DIRECTION('',(-1.,0.,0.));
#729=DIRECTION('',(-1.,0.,0.));
#730=DIRECTION('center_axis',(0.,0.996194698091746,0.0871557427476582));
#731=DIRECTION('ref_axis',(1.,1.21905275372292E-16,-1.39338367348783E-15));
#732=DIRECTION('center_axis',(0.,-0.0871557427476711,-0.996194698091744));
#733=DIRECTION('ref_axis',(-2.42882777990602E-16,0.996194698091744,-0.087155742747671));
#734=DIRECTION('center_axis',(0.,0.996194698091745,-0.0871557427476604));
#735=DIRECTION('ref_axis',(-0.204195462520642,-0.0853193831864852,-0.975205012260837));
#736=DIRECTION('center_axis',(0.,-0.51067720228857,-0.859772525184841));
#737=DIRECTION('ref_axis',(-1.54871657935912E-17,0.859772525184841,-0.51067720228857));
#738=DIRECTION('center_axis',(0.,-0.996194698091745,0.0871557427476604));
#739=DIRECTION('ref_axis',(-0.204195462520642,-0.0853193831864852,-0.975205012260837));
#740=DIRECTION('center_axis',(0.,-0.51067720228857,-0.859772525184841));
#741=DIRECTION('ref_axis',(-1.54871657935912E-17,0.859772525184841,-0.51067720228857));
#742=DIRECTION('',(0.,0.996194698091745,-0.0871557427476604));
#743=DIRECTION('center_axis',(0.,-0.996194698091745,0.0871557427476604));
#744=DIRECTION('ref_axis',(-0.207586520566995,-0.0852571996852514,-0.974494251589366));
#745=DIRECTION('center_axis',(0.,0.51067720228857,0.859772525184841));
#746=DIRECTION('ref_axis',(0.,0.859772525184841,-0.51067720228857));
#747=DIRECTION('',(-1.,0.,0.));
#748=DIRECTION('center_axis',(0.,0.51067720228857,0.859772525184841));
#749=DIRECTION('ref_axis',(-1.04896618603734E-16,0.859772525184841,-0.51067720228857));
#750=DIRECTION('center_axis',(-0.294485037268966,0.821646849919261,-0.488031778516985));
#751=DIRECTION('ref_axis',(-0.138601337422428,0.468556907375363,0.872493033677376));
#752=DIRECTION('center_axis',(1.,0.,0.));
#753=DIRECTION('ref_axis',(0.,0.0871557427476582,-0.996194698091746));
#754=DIRECTION('',(0.,0.85985227159687,-0.510542917911611));
#755=DIRECTION('',(0.,0.0871557427476604,0.996194698091745));
#756=DIRECTION('',(0.,0.859772525184841,-0.51067720228857));
#757=DIRECTION('center_axis',(-1.,0.,0.));
#758=DIRECTION('ref_axis',(0.,0.985704483837036,-0.168483442935983));
#759=DIRECTION('center_axis',(0.,0.996194698091745,-0.0871557427476605));
#760=DIRECTION('ref_axis',(-0.207586520566995,-0.0852571996852512,-0.974494251589366));
#761=DIRECTION('center_axis',(-0.294485037268958,-0.821646849919273,0.48803177851697));
#762=DIRECTION('ref_axis',(0.138601337422431,0.468556907375345,0.872493033677385));
#763=DIRECTION('center_axis',(0.,0.51067720228857,0.859772525184841));
#764=DIRECTION('ref_axis',(-1.04896618603734E-16,0.859772525184841,-0.51067720228857));
#765=DIRECTION('center_axis',(0.987321816386747,-0.0264969803790394,-0.156504124282934));
#766=DIRECTION('ref_axis',(-2.03977983526971E-14,0.985968790417588,-0.166929758648597));
#767=DIRECTION('center_axis',(-0.148340452930245,-0.504894451222247,-0.85033916947853));
#768=DIRECTION('ref_axis',(0.988936352868297,-0.0757341676833373,-0.12755087542178));
#769=DIRECTION('center_axis',(0.987321816387053,0.0264969803786853,0.156504124281063));
#770=DIRECTION('ref_axis',(7.2849279831046E-16,0.985968790417647,-0.166929758648247));
#771=DIRECTION('center_axis',(0.148340452930245,-0.504894451222247,-0.85033916947853));
#772=DIRECTION('ref_axis',(-0.988936352868297,-0.0757341676833373,-0.12755087542178));
#773=DIRECTION('center_axis',(0.,-0.85985227159687,0.510542917911611));
#774=DIRECTION('ref_axis',(-0.148340452930245,-0.504894451222247,-0.85033916947853));
#775=DIRECTION('',(0.,-0.85985227159687,0.510542917911611));
#776=DIRECTION('center_axis',(0.,0.996194698091745,-0.0871557427476604));
#777=DIRECTION('ref_axis',(-6.05933649928793E-17,-0.0871557427476604,-0.996194698091745));
#778=DIRECTION('',(0.,0.85985227159687,-0.510542917911611));
#779=DIRECTION('center_axis',(-0.148340452930245,-0.504894451222247,-0.85033916947853));
#780=DIRECTION('ref_axis',(-0.983365554325848,-0.0158307524610983,0.180946328622422));
#781=DIRECTION('',(-0.986425771120357,0.01431165184214,0.163582929094566));
#782=DIRECTION('center_axis',(0.,-0.996194698091745,0.0871557427476604));
#783=DIRECTION('ref_axis',(0.,0.0871557427476604,0.996194698091745));
#784=DIRECTION('',(-0.986425771120357,-0.01431165184214,-0.163582929094566));
#785=DIRECTION('center_axis',(0.148340452930245,-0.504894451222247,-0.85033916947853));
#786=DIRECTION('ref_axis',(-0.983365554325848,0.0158307524610983,-0.180946328622422));
#787=DIRECTION('center_axis',(0.,0.51067720228857,0.859772525184841));
#788=DIRECTION('ref_axis',(0.,0.859772525184841,-0.51067720228857));
#789=DIRECTION('',(-1.,0.,0.));
#790=DIRECTION('center_axis',(-1.,0.,0.));
#791=DIRECTION('ref_axis',(0.,0.985704483837036,-0.168483442935983));
#792=DIRECTION('center_axis',(-1.,0.,0.));
#793=DIRECTION('ref_axis',(0.,0.985704483837036,-0.168483442935983));
#794=DIRECTION('center_axis',(0.,-0.0871557427476711,-0.996194698091744));
#795=DIRECTION('ref_axis',(0.,-0.996194698091744,0.0871557427476711));
#796=CARTESIAN_POINT('',(0.,0.,0.));
#797=CARTESIAN_POINT('Origin',(-0.3175,0.,-0.910840462587044));
#798=CARTESIAN_POINT('',(-0.3175,0.315032246072129,-1.03784046258704));
#799=CARTESIAN_POINT('',(-0.4445,0.335400199652968,-0.910840462587044));
#800=CARTESIAN_POINT('Ctrl Pts',(-0.3175,0.315032246072129,-1.03784046258704));
#801=CARTESIAN_POINT('Ctrl Pts',(-0.333435197415884,0.315032246072129,-1.03784046258704));
#802=CARTESIAN_POINT('Ctrl Pts',(-0.35041854522425,0.315535489608717,-1.03465681020352));
#803=CARTESIAN_POINT('Ctrl Pts',(-0.381627361373977,0.317581396513314,-1.02175394267154));
#804=CARTESIAN_POINT('Ctrl Pts',(-0.395853285574099,0.319124609588605,-1.01203591733174));
#805=CARTESIAN_POINT('Ctrl Pts',(-0.418463706364272,0.322712659004864,-0.989537941102324));
#806=CARTESIAN_POINT('Ctrl Pts',(-0.428294001192811,0.325006321491467,-0.975199694502099));
#807=CARTESIAN_POINT('Ctrl Pts',(-0.44131152156349,0.330053428766706,-0.943827256231549));
#808=CARTESIAN_POINT('Ctrl Pts',(-0.4445,0.332807499105813,-0.926793685086306));
#809=CARTESIAN_POINT('Ctrl Pts',(-0.4445,0.335400199652968,-0.910840462587045));
#810=CARTESIAN_POINT('Ctrl Pts',(-0.4445,0.335400199652968,-0.910840462587045));
#811=CARTESIAN_POINT('Ctrl Pts',(-0.4445,0.337994268908983,-0.894878818244769));
#812=CARTESIAN_POINT('Ctrl Pts',(-0.441308502765569,0.340777403065311,-0.877841337760374));
#813=CARTESIAN_POINT('Ctrl Pts',(-0.428285908529133,0.345927926697628,-0.846466787365177));
#814=CARTESIAN_POINT('Ctrl Pts',(-0.418453729011641,0.348294538465578,-0.832130039117195));
#815=CARTESIAN_POINT('Ctrl Pts',(-0.395844610081378,0.35201808372011,-0.809639352026374));
#816=CARTESIAN_POINT('Ctrl Pts',(-0.381622541634535,0.353633112203783,-0.799924617578978));
#817=CARTESIAN_POINT('Ctrl Pts',(-0.350418582277905,0.355780763892305,-0.787024502613743));
#818=CARTESIAN_POINT('Ctrl Pts',(-0.333436070790696,0.356312421968017,-0.783840462587044));
#819=CARTESIAN_POINT('Ctrl Pts',(-0.301563929209304,0.356312421968017,-0.783840462587044));
#820=CARTESIAN_POINT('Ctrl Pts',(-0.284581417722095,0.355780763892305,-0.787024502613743));
#821=CARTESIAN_POINT('Ctrl Pts',(-0.253377458365465,0.353633112203783,-0.799924617578978));
#822=CARTESIAN_POINT('Ctrl Pts',(-0.239155389918622,0.35201808372011,-0.809639352026374));
#823=CARTESIAN_POINT('Ctrl Pts',(-0.216546270988359,0.348294538465578,-0.832130039117195));
#824=CARTESIAN_POINT('Ctrl Pts',(-0.206714091470867,0.345927926697628,-0.846466787365177));
#825=CARTESIAN_POINT('Ctrl Pts',(-0.193691497234431,0.340777403065311,-0.877841337760374));
#826=CARTESIAN_POINT('Ctrl Pts',(-0.1905,0.337994268908981,-0.894878818244769));
#827=CARTESIAN_POINT('Ctrl Pts',(-0.1905,0.332807499105812,-0.926793685086305));
#828=CARTESIAN_POINT('Ctrl Pts',(-0.19368847843651,0.330053428766706,-0.943827256231549));
#829=CARTESIAN_POINT('Ctrl Pts',(-0.206705998807189,0.325006321491467,-0.975199694502099));
#830=CARTESIAN_POINT('Ctrl Pts',(-0.216536293635728,0.322712659004864,-0.989537941102324));
#831=CARTESIAN_POINT('Ctrl Pts',(-0.239146714425901,0.319124609588605,-1.01203591733174));
#832=CARTESIAN_POINT('Ctrl Pts',(-0.253372638626023,0.317581396513314,-1.02175394267154));
#833=CARTESIAN_POINT('Ctrl Pts',(-0.28458145477575,0.315535489608717,-1.03465681020352));
#834=CARTESIAN_POINT('Ctrl Pts',(-0.301564802584116,0.315032246072129,-1.03784046258704));
#835=CARTESIAN_POINT('Ctrl Pts',(-0.3175,0.315032246072129,-1.03784046258704));
#836=CARTESIAN_POINT('',(-0.4445,0.374552550273968,-0.910840462587044));
#837=CARTESIAN_POINT('',(-0.4445,0.,-0.910840462587044));
#838=CARTESIAN_POINT('',(-0.3175,0.354265735645215,-1.03784046258704));
#839=CARTESIAN_POINT('Ctrl Pts',(-0.3175,0.354265735645215,-1.03784046258704));
#840=CARTESIAN_POINT('Ctrl Pts',(-0.301564699042257,0.354265735645215,-1.03784046258704));
#841=CARTESIAN_POINT('Ctrl Pts',(-0.284581140800942,0.354767156651004,-1.0346567786412));
#842=CARTESIAN_POINT('Ctrl Pts',(-0.253371690454457,0.356805551584117,-1.02175345241235));
#843=CARTESIAN_POINT('Ctrl Pts',(-0.23914534473193,0.358343056515473,-1.01203499122132));
#844=CARTESIAN_POINT('Ctrl Pts',(-0.216535440557997,0.361917357934844,-0.98953664924587));
#845=CARTESIAN_POINT('Ctrl Pts',(-0.206705600153304,0.364201945593172,-0.97519890528997));
#846=CARTESIAN_POINT('Ctrl Pts',(-0.193688500215501,0.369228461759078,-0.943827137164018));
#847=CARTESIAN_POINT('Ctrl Pts',(-0.1905,0.371970997224177,-0.926793725058259));
#848=CARTESIAN_POINT('Ctrl Pts',(-0.1905,0.377135422319304,-0.894879049099046));
#849=CARTESIAN_POINT('Ctrl Pts',(-0.193691421860451,0.37990619732819,-0.877841853556567));
#850=CARTESIAN_POINT('Ctrl Pts',(-0.206713432362419,0.385033210150088,-0.846468041132026));
#851=CARTESIAN_POINT('Ctrl Pts',(-0.216545096889385,0.387388690632774,-0.832131747060848));
#852=CARTESIAN_POINT('Ctrl Pts',(-0.239153741183163,0.391094680486383,-0.809640460009538));
#853=CARTESIAN_POINT('Ctrl Pts',(-0.253376355244294,0.392701985578687,-0.799925183806394));
#854=CARTESIAN_POINT('Ctrl Pts',(-0.284581105191334,0.394839266335945,-0.787024521639901));
#855=CARTESIAN_POINT('Ctrl Pts',(-0.301563854061516,0.395368301201522,-0.783840462587044));
#856=CARTESIAN_POINT('Ctrl Pts',(-0.333436145938484,0.395368301201522,-0.783840462587044));
#857=CARTESIAN_POINT('Ctrl Pts',(-0.350418894808666,0.394839266335945,-0.787024521639901));
#858=CARTESIAN_POINT('Ctrl Pts',(-0.381623644755706,0.392701985578687,-0.799925183806394));
#859=CARTESIAN_POINT('Ctrl Pts',(-0.395846258816837,0.391094680486383,-0.809640460009538));
#860=CARTESIAN_POINT('Ctrl Pts',(-0.418454903110615,0.387388690632774,-0.832131747060848));
#861=CARTESIAN_POINT('Ctrl Pts',(-0.428286567637581,0.385033210150088,-0.846468041132026));
#862=CARTESIAN_POINT('Ctrl Pts',(-0.441308578139549,0.37990619732819,-0.877841853556567));
#863=CARTESIAN_POINT('Ctrl Pts',(-0.4445,0.377135422319307,-0.894879049099047));
#864=CARTESIAN_POINT('Ctrl Pts',(-0.4445,0.374552550273968,-0.910840462587044));
#865=CARTESIAN_POINT('Ctrl Pts',(-0.4445,0.374552550273968,-0.910840462587044));
#866=CARTESIAN_POINT('Ctrl Pts',(-0.4445,0.371970997224181,-0.92679372505826));
#867=CARTESIAN_POINT('Ctrl Pts',(-0.4413114997845,0.369228461759078,-0.943827137164018));
#868=CARTESIAN_POINT('Ctrl Pts',(-0.428294399846696,0.364201945593172,-0.97519890528997));
#869=CARTESIAN_POINT('Ctrl Pts',(-0.418464559442003,0.361917357934844,-0.98953664924587));
#870=CARTESIAN_POINT('Ctrl Pts',(-0.39585465526807,0.358343056515473,-1.01203499122132));
#871=CARTESIAN_POINT('Ctrl Pts',(-0.381628309545543,0.356805551584117,-1.02175345241235));
#872=CARTESIAN_POINT('Ctrl Pts',(-0.350418859199058,0.354767156651004,-1.0346567786412));
#873=CARTESIAN_POINT('Ctrl Pts',(-0.333435300957743,0.354265735645215,-1.03784046258704));
#874=CARTESIAN_POINT('Ctrl Pts',(-0.3175,0.354265735645215,-1.03784046258704));
#875=CARTESIAN_POINT('Origin',(-0.316726319316344,0.,-2.77359924946666));
#876=CARTESIAN_POINT('',(-0.209634239841415,0.0942153442815537,-3.0733953880152));
#877=CARTESIAN_POINT('',(-0.314384983112697,0.0987470489176823,-3.09194019298423));
#878=CARTESIAN_POINT('Ctrl Pts',(-0.209634239841415,0.0942153442815532,
-3.0733953880152));
#879=CARTESIAN_POINT('Ctrl Pts',(-0.24381810783052,0.0963186081604326,-3.08560642423859));
#880=CARTESIAN_POINT('Ctrl Pts',(-0.280085900746838,0.0977692139318856,
-3.09168792985274));
#881=CARTESIAN_POINT('Ctrl Pts',(-0.314384983112697,0.0987470489176832,
-3.09194019298423));
#882=CARTESIAN_POINT('',(-0.209634239841415,0.0620475753478296,-3.0733953880152));
#883=CARTESIAN_POINT('',(-0.209634239805814,0.,-3.07339538800248));
#884=CARTESIAN_POINT('',(-0.266328946884435,0.060733702595605,-3.08793433027508));
#885=CARTESIAN_POINT('Ctrl Pts',(-0.266328946884435,0.0607337025956066,
-3.08793433027508));
#886=CARTESIAN_POINT('Ctrl Pts',(-0.247253341783882,0.0610093568990062,
-3.08487593675392));
#887=CARTESIAN_POINT('Ctrl Pts',(-0.228153779529473,0.0614481596694167,
-3.08001087020824));
#888=CARTESIAN_POINT('Ctrl Pts',(-0.209634239841415,0.0620475753478327,
-3.0733953880152));
#889=CARTESIAN_POINT('',(-0.27076503961481,0.0607231533553819,-3.08861353317944));
#890=CARTESIAN_POINT('Origin',(-0.316726319316344,0.0656158906080152,-2.77359924946666));
#891=CARTESIAN_POINT('Origin',(-0.316726319316344,-3.53990658559805,-2.77359924946666));
#892=CARTESIAN_POINT('Origin',(-0.316892691887718,0.,-2.77453858454216));
#893=CARTESIAN_POINT('',(-0.38795450987561,0.0610983515100045,-3.0838915168919));
#894=CARTESIAN_POINT('',(-0.367212919288661,0.060733702595605,-3.08793433027508));
#895=CARTESIAN_POINT('Ctrl Pts',(-0.387954509875628,0.0610983515099974,
-3.08389151689198));
#896=CARTESIAN_POINT('Ctrl Pts',(-0.381059295103956,0.0609553829009005,
-3.08547542460984));
#897=CARTESIAN_POINT('Ctrl Pts',(-0.374132438692026,0.0608338401179586,
-3.08682330118607));
#898=CARTESIAN_POINT('Ctrl Pts',(-0.367212919288661,0.0607337025956056,
-3.08793433027508));
#899=CARTESIAN_POINT('',(-0.38795450987561,0.099571402457574,-3.0838915168919));
#900=CARTESIAN_POINT('',(-0.38795450987561,0.,-3.0838915168919));
#901=CARTESIAN_POINT('',(-0.356104943655216,0.0990567769609605,-3.08951702513845));
#902=CARTESIAN_POINT('Ctrl Pts',(-0.356104943655222,0.0990567769609603,
-3.08951702513849));
#903=CARTESIAN_POINT('Ctrl Pts',(-0.366709713665756,0.0991774318667225,
-3.08819681760047));
#904=CARTESIAN_POINT('Ctrl Pts',(-0.377366518291686,0.0993486863937203,
-3.08632369661977));
#905=CARTESIAN_POINT('Ctrl Pts',(-0.387954509875628,0.0995714024575698,
-3.08389151689198));
#906=CARTESIAN_POINT('',(-0.356104943655216,0.0710501137019935,-3.08951702513845));
#907=CARTESIAN_POINT('',(-0.356104943655216,0.,-3.08951702513845));
#908=CARTESIAN_POINT('',(-0.36278327226831,0.0607231533553819,-3.08861353317944));
#909=CARTESIAN_POINT('Origin',(-0.316892691887718,-3.5291699365552,-2.77453858454216));
#910=CARTESIAN_POINT('Origin',(-0.316892691887718,0.065601301048258,-2.77453858454216));
#911=CARTESIAN_POINT('Ctrl Pts',(-0.356104943655216,-0.254,-3.08951702513845));
#912=CARTESIAN_POINT('Ctrl Pts',(-0.356104943655216,0.254,-3.08951702513845));
#913=CARTESIAN_POINT('Ctrl Pts',(-0.343101684631821,-0.254,-3.09114284505446));
#914=CARTESIAN_POINT('Ctrl Pts',(-0.343101684631821,0.254,-3.09114284505446));
#915=CARTESIAN_POINT('Ctrl Pts',(-0.330167137446927,-0.254,-3.09194786277144));
#916=CARTESIAN_POINT('Ctrl Pts',(-0.330167137446927,0.254,-3.09194786277144));
#917=CARTESIAN_POINT('Ctrl Pts',(-0.3175,-0.254,-3.09194786277144));
#918=CARTESIAN_POINT('Ctrl Pts',(-0.3175,0.254,-3.09194786277144));
#919=CARTESIAN_POINT('',(-0.3175,0.0988347149867357,-3.09194786277144));
#920=CARTESIAN_POINT('Ctrl Pts',(-0.356104943655216,0.0710501137019935,
-3.08951702513845));
#921=CARTESIAN_POINT('Ctrl Pts',(-0.350845517393736,0.0785664605680198,
-3.09017462028035));
#922=CARTESIAN_POINT('Ctrl Pts',(-0.344316705273692,0.0863781501518219,
-3.09085805456192));
#923=CARTESIAN_POINT('Ctrl Pts',(-0.336856686360917,0.0917811595033663,
-3.09133075662911));
#924=CARTESIAN_POINT('Ctrl Pts',(-0.33386579479582,0.0939473490646286,-3.09152027365876));
#925=CARTESIAN_POINT('Ctrl Pts',(-0.330615208725337,0.0958075752599212,
-3.09168302236245));
#926=CARTESIAN_POINT('Ctrl Pts',(-0.327141426284029,0.0970725555059901,
-3.09179369379356));
#927=CARTESIAN_POINT('Ctrl Pts',(-0.324030208700273,0.0982055075118133,
-3.09189281425039));
#928=CARTESIAN_POINT('Ctrl Pts',(-0.320812491590328,0.0988347149866163,
-3.09194786277144));
#929=CARTESIAN_POINT('Ctrl Pts',(-0.3175,0.0988347149866163,-3.09194786277144));
#930=CARTESIAN_POINT('Ctrl Pts',(-0.3175,0.0988347149867331,-3.09194786277144));
#931=CARTESIAN_POINT('Ctrl Pts',(-0.323893765479812,0.0988347149867331,
-3.09194786277144));
#932=CARTESIAN_POINT('Ctrl Pts',(-0.330294973353117,0.098853439903474,-3.09174277954647));
#933=CARTESIAN_POINT('Ctrl Pts',(-0.33667642577498,0.0988900325779053,-3.09134212645242));
#934=CARTESIAN_POINT('Ctrl Pts',(-0.343167200201374,0.0989272521291438,
-3.09093460968589));
#935=CARTESIAN_POINT('Ctrl Pts',(-0.349651668356092,0.0989830369505041,
-3.09032388928581));
#936=CARTESIAN_POINT('Ctrl Pts',(-0.356104943655216,0.099056776960964,-3.08951702513845));
#937=CARTESIAN_POINT('Ctrl Pts',(-0.425339768331099,-0.254,-3.07284756920797));
#938=CARTESIAN_POINT('Ctrl Pts',(-0.425339768331099,0.254,-3.07284756920797));
#939=CARTESIAN_POINT('Ctrl Pts',(-0.413087483171064,-0.254,-3.07732503850905));
#940=CARTESIAN_POINT('Ctrl Pts',(-0.413087483171064,0.254,-3.07732503850905));
#941=CARTESIAN_POINT('Ctrl Pts',(-0.400565038305798,-0.254,-3.08100153305165));
#942=CARTESIAN_POINT('Ctrl Pts',(-0.400565038305798,0.254,-3.08100153305165));
#943=CARTESIAN_POINT('Ctrl Pts',(-0.38795450987561,-0.254,-3.0838915168919));
#944=CARTESIAN_POINT('Ctrl Pts',(-0.38795450987561,0.254,-3.0838915168919));
#945=CARTESIAN_POINT('',(-0.425339768379169,0.0620972170485725,-3.07284756921615));
#946=CARTESIAN_POINT('Ctrl Pts',(-0.425339768331099,0.0620972170493097,
-3.07284756920797));
#947=CARTESIAN_POINT('Ctrl Pts',(-0.419222600667469,0.0618946267021882,
-3.0750830240693));
#948=CARTESIAN_POINT('Ctrl Pts',(-0.413029288843424,0.0617100835183678,
-3.07712203607966));
#949=CARTESIAN_POINT('Ctrl Pts',(-0.406781578538861,0.0615434495809084,
-3.0789648211306));
#950=CARTESIAN_POINT('Ctrl Pts',(-0.400560339703731,0.0613775216693316,
-3.08079979832461));
#951=CARTESIAN_POINT('Ctrl Pts',(-0.394277524640304,0.0612291483168847,
-3.08244245703744));
#952=CARTESIAN_POINT('Ctrl Pts',(-0.38795450987561,0.0610983515100045,-3.0838915168919));
#953=CARTESIAN_POINT('',(-0.425339768355114,0.100584651122474,-3.07284756921217));
#954=CARTESIAN_POINT('',(-0.425339768331099,0.,-3.07284756920797));
#955=CARTESIAN_POINT('Ctrl Pts',(-0.38795450987561,0.0995714024575776,-3.0838915168919));
#956=CARTESIAN_POINT('Ctrl Pts',(-0.394277484942654,0.099704092849326,-3.08244246613505));
#957=CARTESIAN_POINT('Ctrl Pts',(-0.400560249306317,0.0998546096244682,
-3.08079982159004));
#958=CARTESIAN_POINT('Ctrl Pts',(-0.40678142789954,0.10002292636821,-3.07896486556218));
#959=CARTESIAN_POINT('Ctrl Pts',(-0.413029203306477,0.100191962700532,-3.07712206472117));
#960=CARTESIAN_POINT('Ctrl Pts',(-0.419222564980195,0.100379159377242,-3.07508303711084));
#961=CARTESIAN_POINT('Ctrl Pts',(-0.425339768331099,0.100584651122471,-3.07284756920797));
#962=CARTESIAN_POINT('Origin',(-14.0457729273809,0.,-0.647094908637754));
#963=CARTESIAN_POINT('',(0.,0.384153041087797,-0.85186470726866));
#964=CARTESIAN_POINT('',(-0.18578011030426,0.113733367577569,-2.93319790469053));
#965=CARTESIAN_POINT('Ctrl Pts',(-1.38777878078145E-16,0.384153041087798,
-0.85186470726866));
#966=CARTESIAN_POINT('Ctrl Pts',(-0.00217205761703029,0.359755568480599,
-1.00085263555678));
#967=CARTESIAN_POINT('Ctrl Pts',(-0.00671900269085931,0.336415653369877,
-1.15005969340004));
#968=CARTESIAN_POINT('Ctrl Pts',(-0.039002698870317,0.232853539665064,-1.84456803087342));
#969=CARTESIAN_POINT('Ctrl Pts',(-0.0963683359202823,0.165982977931005,
-2.3911197249831));
#970=CARTESIAN_POINT('Ctrl Pts',(-0.18578011030426,0.113733367577569,-2.93319790469053));
#971=CARTESIAN_POINT('',(0.,0.345043578626584,-0.851864707268697));
#972=CARTESIAN_POINT('',(0.,0.,-0.851864707268694));
#973=CARTESIAN_POINT('',(-0.18578011030426,0.0750735735059584,-2.93319790469053));
#974=CARTESIAN_POINT('Ctrl Pts',(-0.185780110304259,0.0750735735059582,
-2.93319790469053));
#975=CARTESIAN_POINT('Ctrl Pts',(-0.098021703374152,0.125733938253745,-2.40114362201407));
#976=CARTESIAN_POINT('Ctrl Pts',(-0.0411394729602992,0.190854085603458,
-1.86482246210323));
#977=CARTESIAN_POINT('Ctrl Pts',(-0.00734707181226841,0.293938838781396,
-1.170312466339));
#978=CARTESIAN_POINT('Ctrl Pts',(-0.00231940483290858,0.318870877505672,
-1.01095962178981));
#979=CARTESIAN_POINT('Ctrl Pts',(-6.0281640790194E-16,0.345043578626588,
-0.851864707268698));
#980=CARTESIAN_POINT('',(-0.209529825135716,0.0621015388845301,-3.07279988093367));
#981=CARTESIAN_POINT('Ctrl Pts',(-0.209529825103147,0.0621015388840149,
-3.07279988093938));
#982=CARTESIAN_POINT('Ctrl Pts',(-0.204175426230861,0.0648694445012821,
-3.04225834134184));
#983=CARTESIAN_POINT('Ctrl Pts',(-0.198923050434985,0.0676844580538826,
-3.01170419770926));
#984=CARTESIAN_POINT('Ctrl Pts',(-0.191080793489012,0.0720426459948503,
-2.96516223952986));
#985=CARTESIAN_POINT('Ctrl Pts',(-0.188416567150796,0.0735516239838601,
-2.9491819933421));
#986=CARTESIAN_POINT('Ctrl Pts',(-0.18578011030426,0.0750735735059581,-2.93319790469053));
#987=CARTESIAN_POINT('Ctrl Pts',(-0.20963423980904,0.062047575347318,-3.07339538802087));
#988=CARTESIAN_POINT('Ctrl Pts',(-0.20959943059738,0.0620655612029745,-3.07319688619299));
#989=CARTESIAN_POINT('Ctrl Pts',(-0.209564625695407,0.0620835490485359,
-3.0729983838324));
#990=CARTESIAN_POINT('Ctrl Pts',(-0.209529825103147,0.0621015388840149,
-3.07279988093938));
#991=CARTESIAN_POINT('',(-0.209529825126497,0.100589034825956,-3.07279988093529));
#992=CARTESIAN_POINT('Ctrl Pts',(-0.209529825098483,0.100589034823393,-3.07279988091277));
#993=CARTESIAN_POINT('Ctrl Pts',(-0.209564626755487,0.0984644613165636,
-3.0729983898791));
#994=CARTESIAN_POINT('Ctrl Pts',(-0.209599431696419,0.0963398954742646,
-3.07319689246035));
#995=CARTESIAN_POINT('Ctrl Pts',(-0.209634239809038,0.0942153440824909,
-3.07339538802087));
#996=CARTESIAN_POINT('Ctrl Pts',(-0.185780110304261,0.11373336757757,-2.93319790469053));
#997=CARTESIAN_POINT('Ctrl Pts',(-0.186882022171392,0.113089442701925,-2.93987848320771));
#998=CARTESIAN_POINT('Ctrl Pts',(-0.187988783878779,0.112447724529916,-2.94655838380254));
#999=CARTESIAN_POINT('Ctrl Pts',(-0.195736606182684,0.107990382468215,-2.99311189980613));
#1000=CARTESIAN_POINT('Ctrl Pts',(-0.2025464705056,0.104250689973338,-3.0329667631512));
#1001=CARTESIAN_POINT('Ctrl Pts',(-0.209529825103135,0.10058903482521,-3.07279988093931));
#1002=CARTESIAN_POINT('Origin',(0.,30.7525199915848,-5.85419802755884));
#1003=CARTESIAN_POINT('',(0.,0.370508046647871,-0.699461309781217));
#1004=CARTESIAN_POINT('Origin',(0.,30.7525199915848,-5.85419802755884));
#1005=CARTESIAN_POINT('',(-0.0669381409556928,0.368712103587599,-0.710057800351368));
#1006=CARTESIAN_POINT('Origin',(73.9513775271246,30.7525199915848,-5.85419802755885));
#1007=CARTESIAN_POINT('',(-0.568061859044463,0.368712103587591,-0.710057800351358));
#1008=CARTESIAN_POINT('Ctrl Pts',(-0.56806185904447,0.368712103587603,-0.710057800351343));
#1009=CARTESIAN_POINT('Ctrl Pts',(-0.402437095732049,0.36427268284009,-0.736279190354093));
#1010=CARTESIAN_POINT('Ctrl Pts',(-0.232562904268114,0.364272682840088,
-0.736279190354101));
#1011=CARTESIAN_POINT('Ctrl Pts',(-0.0669381409556929,0.368712103587599,
-0.710057800351369));
#1012=CARTESIAN_POINT('',(-0.635000000000005,0.370508046647872,-0.699461309781232));
#1013=CARTESIAN_POINT('Origin',(-74.5863775271246,30.7525199915848,-5.85419802755885));
#1014=CARTESIAN_POINT('',(-0.635000000000007,0.369605908942969,-0.704781332563187));
#1015=CARTESIAN_POINT('Origin',(-0.635,30.7525199915848,-5.85419802755884));
#1016=CARTESIAN_POINT('Ctrl Pts',(-0.635000000000005,0.369605908942973,
-0.704781332563188));
#1017=CARTESIAN_POINT('Ctrl Pts',(-0.634281162923998,0.334585029841969,
-0.911413738493442));
#1018=CARTESIAN_POINT('Ctrl Pts',(-0.628992978605283,0.301647574763911,
-1.11855996036567));
#1019=CARTESIAN_POINT('Ctrl Pts',(-0.592752479030841,0.189028163614225,
-1.8766434016054));
#1020=CARTESIAN_POINT('Ctrl Pts',(-0.533694071284324,0.122360099330313,
-2.42876406029749));
#1021=CARTESIAN_POINT('Ctrl Pts',(-0.436488624182676,0.0679857995123812,
-3.00843459341096));
#1022=CARTESIAN_POINT('Ctrl Pts',(-0.430970960652751,0.0650153279850931,
-3.04064808206552));
#1023=CARTESIAN_POINT('Ctrl Pts',(-0.425339768379169,0.0620972170485725,
-3.07284756921615));
#1024=CARTESIAN_POINT('',(0.,0.060733702595605,-3.08793433027508));
#1025=CARTESIAN_POINT('',(-0.317499999999998,0.0827350343598461,-2.85382286277144));
#1026=CARTESIAN_POINT('',(-0.396874999999998,0.0906038842312509,-2.77444786277144));
#1027=CARTESIAN_POINT('Ctrl Pts',(-0.317499999999998,0.0827350343598461,
-2.85382286277144));
#1028=CARTESIAN_POINT('Ctrl Pts',(-0.327463792256543,0.0827350343598461,
-2.85382286277144));
#1029=CARTESIAN_POINT('Ctrl Pts',(-0.338088373194352,0.0829296093940186,
-2.85183183640782));
#1030=CARTESIAN_POINT('Ctrl Pts',(-0.3576251807806,0.0837223115527236,-2.84374526785687));
#1031=CARTESIAN_POINT('Ctrl Pts',(-0.366537512974095,0.0843206922129489,
-2.83765000552005));
#1032=CARTESIAN_POINT('Ctrl Pts',(-0.38064635727814,0.085709042775363,-2.82356822315939));
#1033=CARTESIAN_POINT('Ctrl Pts',(-0.386768642774396,0.0865930289439919,
-2.81462885939195));
#1034=CARTESIAN_POINT('Ctrl Pts',(-0.39488281023397,0.0885397071953205,
-2.7950526690208));
#1035=CARTESIAN_POINT('Ctrl Pts',(-0.396874999999998,0.0896026630241647,
-2.78441599622836));
#1036=CARTESIAN_POINT('Ctrl Pts',(-0.396874999999998,0.0906038842312507,
-2.77444786277144));
#1037=CARTESIAN_POINT('Ctrl Pts',(-0.396874999999998,0.0906038842312509,
-2.77444786277144));
#1038=CARTESIAN_POINT('Ctrl Pts',(-0.396874999999998,0.0916053077261904,
-2.76447771534168));
#1039=CARTESIAN_POINT('Ctrl Pts',(-0.394882089683977,0.0926791890102501,
-2.75384011105478));
#1040=CARTESIAN_POINT('Ctrl Pts',(-0.386766711360494,0.0946651211581256,
-2.73426341390104));
#1041=CARTESIAN_POINT('Ctrl Pts',(-0.380643974444894,0.0955768846989369,
-2.72532440336307));
#1042=CARTESIAN_POINT('Ctrl Pts',(-0.366535439449052,0.0970171814685046,
-2.71124436747317));
#1043=CARTESIAN_POINT('Ctrl Pts',(-0.357624027503353,0.0976431723563829,
-2.70514989070113));
#1044=CARTESIAN_POINT('Ctrl Pts',(-0.338088377593145,0.0984748820112099,
-2.69706398058773));
#1045=CARTESIAN_POINT('Ctrl Pts',(-0.327463995667704,0.0986802868251004,
-2.69507286277144));
#1046=CARTESIAN_POINT('Ctrl Pts',(-0.307536004332292,0.0986802868251004,
-2.69507286277144));
#1047=CARTESIAN_POINT('Ctrl Pts',(-0.296911622406851,0.0984748820112099,
-2.69706398058773));
#1048=CARTESIAN_POINT('Ctrl Pts',(-0.277375972496642,0.0976431723563829,
-2.70514989070113));
#1049=CARTESIAN_POINT('Ctrl Pts',(-0.268464560550943,0.0970171814685046,
-2.71124436747317));
#1050=CARTESIAN_POINT('Ctrl Pts',(-0.254356025555101,0.0955768846989369,
-2.72532440336307));
#1051=CARTESIAN_POINT('Ctrl Pts',(-0.248233288639502,0.0946651211581256,
-2.73426341390104));
#1052=CARTESIAN_POINT('Ctrl Pts',(-0.240117910316018,0.0926791890102501,
-2.75384011105478));
#1053=CARTESIAN_POINT('Ctrl Pts',(-0.238124999999998,0.0916053077261892,
-2.76447771534168));
#1054=CARTESIAN_POINT('Ctrl Pts',(-0.238124999999998,0.0896026630241638,
-2.78441599622836));
#1055=CARTESIAN_POINT('Ctrl Pts',(-0.240117189766025,0.0885397071953205,
-2.7950526690208));
#1056=CARTESIAN_POINT('Ctrl Pts',(-0.248231357225599,0.0865930289439919,
-2.81462885939195));
#1057=CARTESIAN_POINT('Ctrl Pts',(-0.254353642721856,0.085709042775363,
-2.82356822315939));
#1058=CARTESIAN_POINT('Ctrl Pts',(-0.268462487025901,0.0843206922129489,
-2.83765000552005));
#1059=CARTESIAN_POINT('Ctrl Pts',(-0.277374819219396,0.0837223115527236,
-2.84374526785687));
#1060=CARTESIAN_POINT('Ctrl Pts',(-0.296911626805644,0.0829296093940186,
-2.85183183640782));
#1061=CARTESIAN_POINT('Ctrl Pts',(-0.307536207743452,0.0827350343598461,
-2.85382286277144));
#1062=CARTESIAN_POINT('Ctrl Pts',(-0.317499999999998,0.0827350343598461,
-2.85382286277144));
#1063=CARTESIAN_POINT('Origin',(0.,0.0607231533553819,-3.08861353317944));
#1064=CARTESIAN_POINT('',(0.,0.0607231533553819,-3.08861353317944));
#1065=CARTESIAN_POINT('Origin',(13.3944774012281,0.,-0.655975297190368));
#1066=CARTESIAN_POINT('',(-0.635,0.40859396081544,-0.704781332563185));
#1067=CARTESIAN_POINT('Ctrl Pts',(-0.425339768379143,0.100584651121708,
-3.0728475692163));
#1068=CARTESIAN_POINT('Ctrl Pts',(-0.432596528717481,0.10439897283907,-3.03135298868746));
#1069=CARTESIAN_POINT('Ctrl Pts',(-0.439664810801018,0.108297976558055,
-2.9898348242356));
#1070=CARTESIAN_POINT('Ctrl Pts',(-0.537356115989912,0.164868292153527,
-2.39997501644904));
#1071=CARTESIAN_POINT('Ctrl Pts',(-0.595335254802548,0.232417767608591,
-1.84702308780122));
#1072=CARTESIAN_POINT('Ctrl Pts',(-0.629499015257973,0.344157589733405,
-1.09831001600529));
#1073=CARTESIAN_POINT('Ctrl Pts',(-0.634316278334749,0.375459910346601,
-0.90131968234256));
#1074=CARTESIAN_POINT('Ctrl Pts',(-0.635000000000006,0.408593960815439,
-0.704781332563185));
#1075=CARTESIAN_POINT('',(-0.635,0.,-0.704781332565163));
#1076=CARTESIAN_POINT('Origin',(0.,0.225980608942777,-1.78866243893047));
#1077=CARTESIAN_POINT('',(0.,0.40859396081544,-0.704781332563185));
#1078=CARTESIAN_POINT('Origin',(0.,31.6664589757285,-5.97448914335378));
#1079=CARTESIAN_POINT('',(0.,0.380933218002059,-0.646818110804784));
#1080=CARTESIAN_POINT('Origin',(0.,0.351438696251396,-0.696474878976623));
#1081=CARTESIAN_POINT('',(3.30334717912883E-15,0.191901124183044,-0.534539132369772));
#1082=CARTESIAN_POINT('',(0.,0.140457303737775,-0.503983159097217));
#1083=CARTESIAN_POINT('',(3.30334717912883E-15,0.138195082813066,-0.529840462587044));
#1084=CARTESIAN_POINT('',(0.,0.138195082813066,-0.529840462587045));
#1085=CARTESIAN_POINT('',(0.,0.137961536361081,-0.532509910748359));
#1086=CARTESIAN_POINT('',(0.,0.140457303737775,-0.503983159097217));
#1087=CARTESIAN_POINT('',(-2.75524668309746E-14,0.352333316969817,-0.659794559524874));
#1088=CARTESIAN_POINT('',(0.,0.572295463799104,-0.79039852485925));
#1089=CARTESIAN_POINT('Ctrl Pts',(-1.72951930554888E-14,0.370508046647869,
-0.699461309781212));
#1090=CARTESIAN_POINT('Ctrl Pts',(-3.91392989800751E-11,0.37115859824442,
-0.695626957206876));
#1091=CARTESIAN_POINT('Ctrl Pts',(-3.94955160326434E-7,0.371226410482068,
-0.691718079823775));
#1092=CARTESIAN_POINT('Ctrl Pts',(-7.79811861857703E-7,0.37072757483213,
-0.687872260736115));
#1093=CARTESIAN_POINT('Ctrl Pts',(-8.98205475519587E-7,0.370574117831162,
-0.686689169945526));
#1094=CARTESIAN_POINT('Ctrl Pts',(-1.00737387896232E-6,0.37036666248458,
-0.685512035785781));
#1095=CARTESIAN_POINT('Ctrl Pts',(-1.04364125685463E-6,0.370104694210705,
-0.684345024505016));
#1096=CARTESIAN_POINT('Ctrl Pts',(-1.09158714659555E-6,0.369758369207807,
-0.682802222473256));
#1097=CARTESIAN_POINT('Ctrl Pts',(-1.02560126969292E-6,0.369318781946663,
-0.681285851285441));
#1098=CARTESIAN_POINT('Ctrl Pts',(-6.50231699039772E-7,0.368786677272652,
-0.679805056874674));
#1099=CARTESIAN_POINT('Ctrl Pts',(1.73275881262045E-7,0.367619315113282,
-0.676556404033671));
#1100=CARTESIAN_POINT('Ctrl Pts',(2.22028444361872E-6,0.366008427306934,
-0.673477605451888));
#1101=CARTESIAN_POINT('Ctrl Pts',(2.87256236110832E-6,0.36400881796709,
-0.670643660857722));
#1102=CARTESIAN_POINT('Ctrl Pts',(3.37685490552425E-6,0.362462869480598,
-0.668452666712586));
#1103=CARTESIAN_POINT('Ctrl Pts',(3.067050004866E-6,0.360696037064758,-0.666425406105973));
#1104=CARTESIAN_POINT('Ctrl Pts',(2.22476827176923E-6,0.358733745774847,
-0.664598062823133));
#1105=CARTESIAN_POINT('Ctrl Pts',(1.3843230837568E-6,0.356775733174521,
-0.662774703981706));
#1106=CARTESIAN_POINT('Ctrl Pts',(-5.25250137883346E-15,0.354634281737025,
-0.661160772425698));
#1107=CARTESIAN_POINT('Ctrl Pts',(-1.94011473553246E-14,0.352333316969812,
-0.659794559524869));
#1108=CARTESIAN_POINT('Ctrl Pts',(-0.317499999999998,0.093460629257418,
-2.85382286277144));
#1109=CARTESIAN_POINT('Ctrl Pts',(-0.305595590435094,0.093460629257418,
-2.85382286277144));
#1110=CARTESIAN_POINT('Ctrl Pts',(-0.281798373085875,0.0941643804504439,
-2.84837489083977));
#1111=CARTESIAN_POINT('Ctrl Pts',(-0.253259257050056,0.0971344509919068,
-2.8255453850476));
#1112=CARTESIAN_POINT('Ctrl Pts',(-0.237483262433367,0.101468545082992,
-2.79265381799591));
#1113=CARTESIAN_POINT('Ctrl Pts',(-0.237524604300607,0.105527308235297,
-2.76232812588667));
#1114=CARTESIAN_POINT('Ctrl Pts',(-0.2492943550104,0.110100927935494,-2.72853036150918));
#1115=CARTESIAN_POINT('Ctrl Pts',(-0.271299237801351,0.113164042528667,
-2.70623651738717));
#1116=CARTESIAN_POINT('Ctrl Pts',(-0.299617678513245,0.114523197211813,
-2.69639567582957));
#1117=CARTESIAN_POINT('Ctrl Pts',(-0.3234102028375,0.114899582935329,-2.69367555066454));
#1118=CARTESIAN_POINT('Ctrl Pts',(-0.353187806946711,0.113957608321613,
-2.70048008432188));
#1119=CARTESIAN_POINT('Ctrl Pts',(-0.381716575177786,0.110813426128128,
-2.72333551781276));
#1120=CARTESIAN_POINT('Ctrl Pts',(-0.397504180638797,0.106346628083235,
-2.7562049211563));
#1121=CARTESIAN_POINT('Ctrl Pts',(-0.397511818084898,0.101471029266743,
-2.79263550478036));
#1122=CARTESIAN_POINT('Ctrl Pts',(-0.381751063957509,0.0971376192402244,
-2.8255213129653));
#1123=CARTESIAN_POINT('Ctrl Pts',(-0.353199908821471,0.0941652908322405,
-2.84836814512821));
#1124=CARTESIAN_POINT('Ctrl Pts',(-0.329404409564901,0.093460629257418,
-2.85382286277144));
#1125=CARTESIAN_POINT('Ctrl Pts',(-0.317499999999998,0.093460629257418,
-2.85382286277144));
#1126=CARTESIAN_POINT('Ctrl Pts',(-0.317499999999998,0.100524027586608,
-2.85382286277144));
#1127=CARTESIAN_POINT('Ctrl Pts',(-0.305709928900968,0.100524027586608,
-2.85382286277144));
#1128=CARTESIAN_POINT('Ctrl Pts',(-0.282136901857757,0.101195649386073,
-2.84847330314587));
#1129=CARTESIAN_POINT('Ctrl Pts',(-0.253689126961363,0.104032108915201,
-2.82598922673051));
#1130=CARTESIAN_POINT('Ctrl Pts',(-0.237699392120286,0.108179765430271,
-2.79337629537843));
#1131=CARTESIAN_POINT('Ctrl Pts',(-0.237462306123368,0.11207447866365,-2.76305214239214));
#1132=CARTESIAN_POINT('Ctrl Pts',(-0.248979877769919,0.116470295035046,
-2.7290731790139));
#1133=CARTESIAN_POINT('Ctrl Pts',(-0.270970360182011,0.119421723338809,
-2.70648166201432));
#1134=CARTESIAN_POINT('Ctrl Pts',(-0.299477651552635,0.120732130293678,
-2.69648718193265));
#1135=CARTESIAN_POINT('Ctrl Pts',(-0.323452697146033,0.121095136206435,
-2.69372177300068));
#1136=CARTESIAN_POINT('Ctrl Pts',(-0.353462730249647,0.120186536505344,
-2.70064170590353));
#1137=CARTESIAN_POINT('Ctrl Pts',(-0.382050049779532,0.117156913540883,
-2.72380962578341));
#1138=CARTESIAN_POINT('Ctrl Pts',(-0.397624515960313,0.112860477236532,
-2.75693224780245));
#1139=CARTESIAN_POINT('Ctrl Pts',(-0.39729418455467,0.108182192052658,-2.79335742935308));
#1140=CARTESIAN_POINT('Ctrl Pts',(-0.381321475479544,0.104035097680218,
-2.82596592746207));
#1141=CARTESIAN_POINT('Ctrl Pts',(-0.352860970638339,0.101196532156198,
-2.84846644331816));
#1142=CARTESIAN_POINT('Ctrl Pts',(-0.329290071099027,0.100524027586608,
-2.85382286277144));
#1143=CARTESIAN_POINT('Ctrl Pts',(-0.317499999999998,0.100524027586608,
-2.85382286277144));
#1144=CARTESIAN_POINT('Ctrl Pts',(-0.317499999999998,0.114575852540394,
-2.86007644975483));
#1145=CARTESIAN_POINT('Ctrl Pts',(-0.304963038206047,0.114575852540394,
-2.86007644975483));
#1146=CARTESIAN_POINT('Ctrl Pts',(-0.279901302499021,0.115183829260674,
-2.85444304619886));
#1147=CARTESIAN_POINT('Ctrl Pts',(-0.249509202750427,0.117762996627405,
-2.83065360885064));
#1148=CARTESIAN_POINT('Ctrl Pts',(-0.232221744561865,0.121554290779138,
-2.79594244177344));
#1149=CARTESIAN_POINT('Ctrl Pts',(-0.231753888199769,0.12513256301951,-2.76347958735181));
#1150=CARTESIAN_POINT('Ctrl Pts',(-0.243903289777465,0.129187655799708,
-2.72694845191798));
#1151=CARTESIAN_POINT('Ctrl Pts',(-0.267433461097575,0.131921951318356,
-2.70254632296899));
#1152=CARTESIAN_POINT('Ctrl Pts',(-0.298098443375365,0.133138240138436,
-2.69173167311062));
#1153=CARTESIAN_POINT('Ctrl Pts',(-0.323906027998292,0.133475316640342,
-2.68873783259214));
#1154=CARTESIAN_POINT('Ctrl Pts',(-0.35620941209658,0.132631658017402,-2.69622916337099));
#1155=CARTESIAN_POINT('Ctrl Pts',(-0.386865372828671,0.129822744702575,
-2.72127037341794));
#1156=CARTESIAN_POINT('Ctrl Pts',(-0.403384938020993,0.125855156668066,
-2.75692427418023));
#1157=CARTESIAN_POINT('Ctrl Pts',(-0.402772752091937,0.12155643246051,-2.79592264670928));
#1158=CARTESIAN_POINT('Ctrl Pts',(-0.385503558040411,0.117765859814745,
-2.83062758717114));
#1159=CARTESIAN_POINT('Ctrl Pts',(-0.355096925496059,0.115184623333075,
-2.85443573957146));
#1160=CARTESIAN_POINT('Ctrl Pts',(-0.330036961793949,0.114575852540394,
-2.86007644975483));
#1161=CARTESIAN_POINT('Ctrl Pts',(-0.317499999999998,0.114575852540394,
-2.86007644975483));
#1162=CARTESIAN_POINT('Ctrl Pts',(-0.317499999999998,0.119428601679034,
-2.87467137902798));
#1163=CARTESIAN_POINT('Ctrl Pts',(-0.30285315400773,0.119428601679034,-2.87467137902798));
#1164=CARTESIAN_POINT('Ctrl Pts',(-0.273572316130836,0.12008358791891,-2.86800372294459));
#1165=CARTESIAN_POINT('Ctrl Pts',(-0.238341561424475,0.122846321901722,
-2.84000892835638));
#1166=CARTESIAN_POINT('Ctrl Pts',(-0.218698651140768,0.126886297915999,
-2.79952873305542));
#1167=CARTESIAN_POINT('Ctrl Pts',(-0.218574269435938,0.130683443636054,
-2.7620462378659));
#1168=CARTESIAN_POINT('Ctrl Pts',(-0.23297101818086,0.134969418079756,-2.72015472027394));
#1169=CARTESIAN_POINT('Ctrl Pts',(-0.260170114414002,0.137850299072894,
-2.69241497487182));
#1170=CARTESIAN_POINT('Ctrl Pts',(-0.295302256434622,0.139129238199205,
-2.68015624319805));
#1171=CARTESIAN_POINT('Ctrl Pts',(-0.324834229965331,0.139483601702876,
-2.67676614345642));
#1172=CARTESIAN_POINT('Ctrl Pts',(-0.361796955327244,0.138596475811289,
-2.68524762580797));
#1173=CARTESIAN_POINT('Ctrl Pts',(-0.397109175206445,0.13564025763683,-2.71369240851334));
#1174=CARTESIAN_POINT('Ctrl Pts',(-0.416498111515852,0.13144927008784,-2.75447872112057));
#1175=CARTESIAN_POINT('Ctrl Pts',(-0.416294757191419,0.126888765483656,
-2.79950590233051));
#1176=CARTESIAN_POINT('Ctrl Pts',(-0.396671580898728,0.122849115224116,
-2.83997934910774));
#1177=CARTESIAN_POINT('Ctrl Pts',(-0.361425443649636,0.120084469937894,
-2.86799533606743));
#1178=CARTESIAN_POINT('Ctrl Pts',(-0.332146845992265,0.119428601679034,
-2.87467137902798));
#1179=CARTESIAN_POINT('Ctrl Pts',(-0.317499999999998,0.119428601679034,
-2.87467137902798));
#1180=CARTESIAN_POINT('Ctrl Pts',(-0.317499999999998,0.118739443569229,
-2.88170107724742));
#1181=CARTESIAN_POINT('Ctrl Pts',(-0.301786179374325,0.118739443569229,
-2.88170107724742));
#1182=CARTESIAN_POINT('Ctrl Pts',(-0.270373852473356,0.119442631306243,
-2.87451551200601));
#1183=CARTESIAN_POINT('Ctrl Pts',(-0.232702219306074,0.122410323870775,
-2.84440469180422));
#1184=CARTESIAN_POINT('Ctrl Pts',(-0.211877906412045,0.126740947884088,
-2.80102258486488));
#1185=CARTESIAN_POINT('Ctrl Pts',(-0.211932477676802,0.130796461401407,
-2.76102472109558));
#1186=CARTESIAN_POINT('Ctrl Pts',(-0.227468548613728,0.135366419248464,
-2.71644739140402));
#1187=CARTESIAN_POINT('Ctrl Pts',(-0.256514993897784,0.138427081369301,
-2.68704307849093));
#1188=CARTESIAN_POINT('Ctrl Pts',(-0.293895335637484,0.139785147849848,
-2.67406356796307));
#1189=CARTESIAN_POINT('Ctrl Pts',(-0.3253014677455,0.140161232221408,-2.67047587751913));
#1190=CARTESIAN_POINT('Ctrl Pts',(-0.364607905169659,0.13922001179648,-2.67945067055137));
#1191=CARTESIAN_POINT('Ctrl Pts',(-0.402265879234678,0.13607834698183,-2.70959568791367));
#1192=CARTESIAN_POINT('Ctrl Pts',(-0.423105518443212,0.131615125263681,
-2.75294856218205));
#1193=CARTESIAN_POINT('Ctrl Pts',(-0.423115599872066,0.126743430078887,
-2.80099843077475));
#1194=CARTESIAN_POINT('Ctrl Pts',(-0.402311404423912,0.122413489582445,
-2.84437294209625));
#1195=CARTESIAN_POINT('Ctrl Pts',(-0.364623879644343,0.119443540959145,
-2.87450661479598));
#1196=CARTESIAN_POINT('Ctrl Pts',(-0.33321382062567,0.118739443569229,-2.88170107724742));
#1197=CARTESIAN_POINT('Ctrl Pts',(-0.317499999999998,0.118739443569229,
-2.88170107724742));
#1198=CARTESIAN_POINT('',(-0.317499999999998,0.118739443569229,-2.88170107724742));
#1199=CARTESIAN_POINT('',(-0.317499999999998,0.093460629257418,-2.85382286277144));
#1200=CARTESIAN_POINT('Origin',(-0.317499999999998,0.093460629257418,-2.87922286277144));
#1201=CARTESIAN_POINT('',(-0.396850743645434,0.103910421343765,-2.77442941842092));
#1202=CARTESIAN_POINT('Ctrl Pts',(-0.317499999999998,0.093460629257418,
-2.85382286277144));
#1203=CARTESIAN_POINT('Ctrl Pts',(-0.305595590435094,0.093460629257418,
-2.85382286277144));
#1204=CARTESIAN_POINT('Ctrl Pts',(-0.281798373085875,0.0941643804504439,
-2.84837489083977));
#1205=CARTESIAN_POINT('Ctrl Pts',(-0.253259257050056,0.0971344509919068,
-2.8255453850476));
#1206=CARTESIAN_POINT('Ctrl Pts',(-0.237483262433367,0.101468545082992,
-2.79265381799591));
#1207=CARTESIAN_POINT('Ctrl Pts',(-0.237524604300607,0.105527308235297,
-2.76232812588667));
#1208=CARTESIAN_POINT('Ctrl Pts',(-0.2492943550104,0.110100927935494,-2.72853036150918));
#1209=CARTESIAN_POINT('Ctrl Pts',(-0.271299237801351,0.113164042528667,
-2.70623651738717));
#1210=CARTESIAN_POINT('Ctrl Pts',(-0.299617678513245,0.114523197211813,
-2.69639567582957));
#1211=CARTESIAN_POINT('Ctrl Pts',(-0.3234102028375,0.114899582935329,-2.69367555066454));
#1212=CARTESIAN_POINT('Ctrl Pts',(-0.353187806946711,0.113957608321613,
-2.70048008432188));
#1213=CARTESIAN_POINT('Ctrl Pts',(-0.381716575177786,0.110813426128128,
-2.72333551781276));
#1214=CARTESIAN_POINT('Ctrl Pts',(-0.394874225453157,0.107090723108309,
-2.75072941963166));
#1215=CARTESIAN_POINT('Ctrl Pts',(-0.396849884771236,0.104703601502382,
-2.76850274036188));
#1216=CARTESIAN_POINT('Ctrl Pts',(-0.396850743645434,0.103910421343765,
-2.77442941842092));
#1217=CARTESIAN_POINT('Ctrl Pts',(-0.396850743645434,0.103910421343765,
-2.77442941842092));
#1218=CARTESIAN_POINT('Ctrl Pts',(-0.396851601663301,0.103118032015944,
-2.78035018735644));
#1219=CARTESIAN_POINT('Ctrl Pts',(-0.394883715571233,0.100748434034854,
-2.79811920654083));
#1220=CARTESIAN_POINT('Ctrl Pts',(-0.381751063957509,0.0971376192402244,
-2.8255213129653));
#1221=CARTESIAN_POINT('Ctrl Pts',(-0.353199908821471,0.0941652908322405,
-2.84836814512821));
#1222=CARTESIAN_POINT('Ctrl Pts',(-0.329404409564901,0.093460629257418,
-2.85382286277144));
#1223=CARTESIAN_POINT('Ctrl Pts',(-0.317499999999998,0.093460629257418,
-2.85382286277144));
#1224=CARTESIAN_POINT('Ctrl Pts',(-0.317499999999998,0.118739443569229,
-2.88170107724742));
#1225=CARTESIAN_POINT('Ctrl Pts',(-0.33321382062567,0.118739443569229,-2.88170107724742));
#1226=CARTESIAN_POINT('Ctrl Pts',(-0.364623879644343,0.119443540959145,
-2.87450661479598));
#1227=CARTESIAN_POINT('Ctrl Pts',(-0.402311404423912,0.122413489582445,
-2.84437294209625));
#1228=CARTESIAN_POINT('Ctrl Pts',(-0.423115599872066,0.126743430078887,
-2.80099843077475));
#1229=CARTESIAN_POINT('Ctrl Pts',(-0.423105518443212,0.131615125263681,
-2.75294856218205));
#1230=CARTESIAN_POINT('Ctrl Pts',(-0.402265879234678,0.13607834698183,-2.70959568791367));
#1231=CARTESIAN_POINT('Ctrl Pts',(-0.364607905169659,0.13922001179648,-2.67945067055137));
#1232=CARTESIAN_POINT('Ctrl Pts',(-0.3253014677455,0.140161232221408,-2.67047587751913));
#1233=CARTESIAN_POINT('Ctrl Pts',(-0.293895335637484,0.139785147849848,
-2.67406356796307));
#1234=CARTESIAN_POINT('Ctrl Pts',(-0.256514993897784,0.138427081369301,
-2.68704307849093));
#1235=CARTESIAN_POINT('Ctrl Pts',(-0.227468548613728,0.135366419248464,
-2.71644739140402));
#1236=CARTESIAN_POINT('Ctrl Pts',(-0.211932477676802,0.130796461401407,
-2.76102472109558));
#1237=CARTESIAN_POINT('Ctrl Pts',(-0.211877906412045,0.126740947884088,
-2.80102258486488));
#1238=CARTESIAN_POINT('Ctrl Pts',(-0.232702219306074,0.122410323870775,
-2.84440469180422));
#1239=CARTESIAN_POINT('Ctrl Pts',(-0.270373852473356,0.119442631306243,
-2.87451551200601));
#1240=CARTESIAN_POINT('Ctrl Pts',(-0.301786179374325,0.118739443569229,
-2.88170107724742));
#1241=CARTESIAN_POINT('Ctrl Pts',(-0.317499999999998,0.118739443569229,
-2.88170107724742));
#1242=CARTESIAN_POINT('Origin',(-0.317499999999998,0.,-2.77444786277144));
#1243=CARTESIAN_POINT('',(-0.396874999999998,0.,-2.77444786277144));
#1244=CARTESIAN_POINT('Origin',(0.,31.6664589757285,-5.97448914335378));
#1245=CARTESIAN_POINT('',(-0.381540700532787,0.408593960817027,-0.704781332552292));
#1246=CARTESIAN_POINT('',(0.,0.40859396081544,-0.704781332563185));
#1247=CARTESIAN_POINT('',(-0.253459292828349,0.408593960858805,-0.704781332264827));
#1248=CARTESIAN_POINT('Ctrl Pts',(-0.253462167012961,0.408663819929875,
-0.704817529014952));
#1249=CARTESIAN_POINT('Ctrl Pts',(-0.256303561350293,0.40867281256811,-0.704822057188246));
#1250=CARTESIAN_POINT('Ctrl Pts',(-0.259877077737057,0.40867236003092,-0.704894106002329));
#1251=CARTESIAN_POINT('Ctrl Pts',(-0.263201739244108,0.408669195158375,
-0.704966746206726));
#1252=CARTESIAN_POINT('Ctrl Pts',(-0.265615991905063,0.408666896938858,
-0.705019494977205));
#1253=CARTESIAN_POINT('Ctrl Pts',(-0.267899065289036,0.408663020496689,
-0.705074089648647));
#1254=CARTESIAN_POINT('Ctrl Pts',(-0.269675628952114,0.408658790834289,
-0.705122401252898));
#1255=CARTESIAN_POINT('Ctrl Pts',(-0.275498139657832,0.408644928536463,
-0.705280737730679));
#1256=CARTESIAN_POINT('Ctrl Pts',(-0.281961866785664,0.408619951478549,
-0.705485391002439));
#1257=CARTESIAN_POINT('Ctrl Pts',(-0.288537826664789,0.408593309547163,
-0.705656478115312));
#1258=CARTESIAN_POINT('Ctrl Pts',(-0.292815940452403,0.408575977140018,
-0.705767782038985));
#1259=CARTESIAN_POINT('Ctrl Pts',(-0.297141546150922,0.408557921173522,
-0.705865879590299));
#1260=CARTESIAN_POINT('Ctrl Pts',(-0.301368744552084,0.408541338392477,
-0.705940786889128));
#1261=CARTESIAN_POINT('Ctrl Pts',(-0.306778689376146,0.408520115842229,
-0.706036652830379));
#1262=CARTESIAN_POINT('Ctrl Pts',(-0.312047624605518,0.408502089503674,
-0.706089998157715));
#1263=CARTESIAN_POINT('Ctrl Pts',(-0.317498997667647,0.408490818349203,
-0.706084293871178));
#1264=CARTESIAN_POINT('Ctrl Pts',(-0.320225170376046,0.408485181766757,
-0.706081441219176));
#1265=CARTESIAN_POINT('Ctrl Pts',(-0.322918195222806,0.408481373427397,
-0.706064035271642));
#1266=CARTESIAN_POINT('Ctrl Pts',(-0.325642358952588,0.408479320415364,
-0.706033285571985));
#1267=CARTESIAN_POINT('Ctrl Pts',(-0.328361527414437,0.408477271167916,
-0.706002592257702));
#1268=CARTESIAN_POINT('Ctrl Pts',(-0.331068202009836,0.40847700203604,-0.705959073391158));
#1269=CARTESIAN_POINT('Ctrl Pts',(-0.333783763272011,0.408478288867508,
-0.705905811152546));
#1270=CARTESIAN_POINT('Ctrl Pts',(-0.340451948503988,0.4084814487412,-0.705775023282692));
#1271=CARTESIAN_POINT('Ctrl Pts',(-0.34737456066983,0.408493465210273,-0.705585934916821));
#1272=CARTESIAN_POINT('Ctrl Pts',(-0.353959463888355,0.408513032027062,
-0.705393478044355));
#1273=CARTESIAN_POINT('Ctrl Pts',(-0.357734332273866,0.408524248920562,
-0.705283150019883));
#1274=CARTESIAN_POINT('Ctrl Pts',(-0.361398252701359,0.408537727082331,
-0.705172820443188));
#1275=CARTESIAN_POINT('Ctrl Pts',(-0.364839842429297,0.408549813408791,
-0.705080174565239));
#1276=CARTESIAN_POINT('Ctrl Pts',(-0.367860657738494,0.408560422041105,
-0.704998855724654));
#1277=CARTESIAN_POINT('Ctrl Pts',(-0.371196543817381,0.408572138116761,
-0.704915549446501));
#1278=CARTESIAN_POINT('Ctrl Pts',(-0.374277032491146,0.408580448396397,
-0.704858505764648));
#1279=CARTESIAN_POINT('Ctrl Pts',(-0.376598991555497,0.408586712379541,
-0.704815508335289));
#1280=CARTESIAN_POINT('Ctrl Pts',(-0.379196426019047,0.408592230620352,
-0.704779398927401));
#1281=CARTESIAN_POINT('Ctrl Pts',(-0.381537683429152,0.408592173130884,
-0.704779193012077));
#1282=CARTESIAN_POINT('',(0.,0.40859396081544,-0.704781332563185));
#1283=CARTESIAN_POINT('Ctrl Pts',(-0.209529825149848,0.100589034825956,
-3.07279988093119));
#1284=CARTESIAN_POINT('Ctrl Pts',(-0.244724098171983,0.0994051372920633,
-3.08567884631945));
#1285=CARTESIAN_POINT('Ctrl Pts',(-0.282153047255227,0.0988347149867352,
-3.09194786277144));
#1286=CARTESIAN_POINT('Ctrl Pts',(-0.3175,0.0988347149867352,-3.09194786277144));
#1287=CARTESIAN_POINT('Origin',(-0.3175,-0.027455370950812,-2.78428401518668));
#1288=CARTESIAN_POINT('Origin',(-0.3175,-1.72261726276328,-2.93259146356143));
#1289=CARTESIAN_POINT('Origin',(-0.317499999999999,0.270856719008684,0.986488977698732));
#1290=CARTESIAN_POINT('',(-0.0105201018525952,0.196175234595718,-0.537077816363363));
#1291=CARTESIAN_POINT('Origin',(-0.317499999999999,-2.82487823537483,1.25733069148824));
#1292=CARTESIAN_POINT('',(-0.0171026988615727,0.19750382267016,-0.538509976172319));
#1293=CARTESIAN_POINT('Ctrl Pts',(-0.0171027001420771,0.197503815950079,
-0.538509972146305));
#1294=CARTESIAN_POINT('Ctrl Pts',(-0.0160257422525541,0.197522299122326,
-0.538298721292026));
#1295=CARTESIAN_POINT('Ctrl Pts',(-0.0149543595327895,0.197410725517769,
-0.538076085004622));
#1296=CARTESIAN_POINT('Ctrl Pts',(-0.0139018632565225,0.197198626165387,
-0.537847191031292));
#1297=CARTESIAN_POINT('Ctrl Pts',(-0.0127461501609621,0.196965726529887,
-0.537595849750153));
#1298=CARTESIAN_POINT('Ctrl Pts',(-0.011613611894515,0.196611712954031,
-0.537337070457155));
#1299=CARTESIAN_POINT('Ctrl Pts',(-0.0105201018525952,0.196175234595718,
-0.537077816363364));
#1300=CARTESIAN_POINT('',(-0.617897301138427,0.197503822670159,-0.538509976172318));
#1301=CARTESIAN_POINT('Origin',(-0.317499999999999,0.330467664970125,0.98127369570505));
#1302=CARTESIAN_POINT('',(-0.624479898147405,0.196175234595717,-0.537077816363363));
#1303=CARTESIAN_POINT('Ctrl Pts',(-0.624479898147405,0.196175234595717,
-0.537077816363363));
#1304=CARTESIAN_POINT('Ctrl Pts',(-0.623386125501192,0.196611817773453,
-0.537337132716517));
#1305=CARTESIAN_POINT('Ctrl Pts',(-0.622253305117241,0.19696589686826,-0.537595974205826));
#1306=CARTESIAN_POINT('Ctrl Pts',(-0.621097302180261,0.197198794324936,
-0.537847372527624));
#1307=CARTESIAN_POINT('Ctrl Pts',(-0.620045073503373,0.197410784601819,
-0.538076202848945));
#1308=CARTESIAN_POINT('Ctrl Pts',(-0.618973972471589,0.19752229422631,-0.538298777250359));
#1309=CARTESIAN_POINT('Ctrl Pts',(-0.617897299857922,0.197503815950079,
-0.538509972146305));
#1310=CARTESIAN_POINT('',(-0.635,0.191901124183044,-0.534539132369772));
#1311=CARTESIAN_POINT('Origin',(-0.317499999999999,-2.82487823537483,1.25733069148824));
#1312=CARTESIAN_POINT('',(-0.635000000000003,0.138195082813066,-0.529840462587044));
#1313=CARTESIAN_POINT('',(-0.635,0.138195082813066,-0.529840462587044));
#1314=CARTESIAN_POINT('',(-0.632390668163848,0.138147848877879,-0.530380348936693));
#1315=CARTESIAN_POINT('Ctrl Pts',(-0.635000000000003,0.138195082813066,
-0.529840462587044));
#1316=CARTESIAN_POINT('Ctrl Pts',(-0.634130377747926,0.138179273207279,
-0.530021167208074));
#1317=CARTESIAN_POINT('Ctrl Pts',(-0.633260600043353,0.138163528554508,
-0.530201129412736));
#1318=CARTESIAN_POINT('Ctrl Pts',(-0.632390668163848,0.13814784887788,-0.530380348936693));
#1319=CARTESIAN_POINT('',(-0.00260933241338956,0.138147848867475,-0.530380349055613));
#1320=CARTESIAN_POINT('Origin',(-0.317499999999999,0.270856719008726,0.986488977699209));
#1321=CARTESIAN_POINT('Ctrl Pts',(-0.00260933241338977,0.138147848867475,
-0.530380349055613));
#1322=CARTESIAN_POINT('Ctrl Pts',(-0.00173940034140459,0.138163528547543,
-0.530201129492345));
#1323=CARTESIAN_POINT('Ctrl Pts',(-0.00086962244441797,0.138179273203782,
-0.530021167248043));
#1324=CARTESIAN_POINT('Ctrl Pts',(3.39311911901063E-15,0.138195082813066,
-0.529840462587045));
#1325=CARTESIAN_POINT('Origin',(0.,0.140457303737775,-0.503983159097217));
#1326=CARTESIAN_POINT('',(-0.0666116820369002,0.380933218002059,-0.646818110804785));
#1327=CARTESIAN_POINT('',(0.,0.380933218002059,-0.646818110804784));
#1328=CARTESIAN_POINT('Origin',(-0.3175,-1.20508895437818,0.295228002595559));
#1329=CARTESIAN_POINT('Ctrl Pts',(-0.0711882981985889,0.379542405864025,
-0.646398079614361));
#1330=CARTESIAN_POINT('Ctrl Pts',(-0.0518046746889132,0.324257357863677,
-0.613629007364959));
#1331=CARTESIAN_POINT('Ctrl Pts',(-0.0334672804797983,0.26241037716556,
-0.576973438706335));
#1332=CARTESIAN_POINT('Ctrl Pts',(-0.0164104591185974,0.194764403726056,
-0.53688660032247));
#1333=CARTESIAN_POINT('Ctrl Pts',(-0.0696735468711559,0.38006237203663,
-0.646436689873275));
#1334=CARTESIAN_POINT('Ctrl Pts',(-0.0501497756790107,0.324788752965954,
-0.613628905813266));
#1335=CARTESIAN_POINT('Ctrl Pts',(-0.031670357916051,0.262955029149554,
-0.576928460717338));
#1336=CARTESIAN_POINT('Ctrl Pts',(-0.0144691626067292,0.195324567569561,
-0.536789352549182));
#1337=CARTESIAN_POINT('Ctrl Pts',(-0.0681426201732778,0.38052761346362,
-0.646577194766114));
#1338=CARTESIAN_POINT('Ctrl Pts',(-0.0484744482285368,0.325256175909512,
-0.61374772285483));
#1339=CARTESIAN_POINT('Ctrl Pts',(-0.029847532261189,0.263424989715203,
-0.577022043347088));
#1340=CARTESIAN_POINT('Ctrl Pts',(-0.0124946509713675,0.195797493377262,
-0.536853450239791));
#1341=CARTESIAN_POINT('Ctrl Pts',(-0.0666116820369003,0.380933218002059,
-0.646818110804785));
#1342=CARTESIAN_POINT('Ctrl Pts',(-0.0467991036993919,0.325653864148428,
-0.613983954160592));
#1343=CARTESIAN_POINT('Ctrl Pts',(-0.0280246847008446,0.263813499116817,
-0.57725276808779));
#1344=CARTESIAN_POINT('Ctrl Pts',(-0.0105201018525951,0.196175234595717,
-0.537077816363363));
#1345=CARTESIAN_POINT('',(-0.071188298198589,0.379542405864024,-0.646398079614361));
#1346=CARTESIAN_POINT('Origin',(-0.0666116820369005,0.36407065678249,-0.675207799586388));
#1347=CARTESIAN_POINT('Ctrl Pts',(-0.0711882981985889,0.379542405864025,
-0.646398079614361));
#1348=CARTESIAN_POINT('Ctrl Pts',(-0.05206663401673,0.325004505784976,-0.614071863889455));
#1349=CARTESIAN_POINT('Ctrl Pts',(-0.0339631117582192,0.264080836568889,
-0.577963489772455));
#1350=CARTESIAN_POINT('Ctrl Pts',(-0.0171027017100996,0.197503822141758,
-0.538509975815492));
#1351=CARTESIAN_POINT('Origin',(-0.635,0.225980608942777,-1.78866243893047));
#1352=CARTESIAN_POINT('',(-0.634999999999977,0.352333316969818,-0.659794559524873));
#1353=CARTESIAN_POINT('Ctrl Pts',(-0.634999999999972,0.352333316969811,
-0.65979455952487));
#1354=CARTESIAN_POINT('Ctrl Pts',(-0.634999999999984,0.355633383828798,
-0.661753995836366));
#1355=CARTESIAN_POINT('Ctrl Pts',(-0.635002557061374,0.358595070770152,
-0.664214341667329));
#1356=CARTESIAN_POINT('Ctrl Pts',(-0.635003055321741,0.361151236676079,
-0.667060441326405));
#1357=CARTESIAN_POINT('Ctrl Pts',(-0.635003197398946,0.361880118466901,
-0.667871996715496));
#1358=CARTESIAN_POINT('Ctrl Pts',(-0.635003219615228,0.362575842773305,
-0.668715185755163));
#1359=CARTESIAN_POINT('Ctrl Pts',(-0.635003114707488,0.363236326062408,
-0.669587878720316));
#1360=CARTESIAN_POINT('Ctrl Pts',(-0.635002740296232,0.365593562801151,
-0.672702482758061));
#1361=CARTESIAN_POINT('Ctrl Pts',(-0.635000354774654,0.367469955671105,
-0.67614387984673));
#1362=CARTESIAN_POINT('Ctrl Pts',(-0.634999424350812,0.368785755940751,
-0.679805406630892));
#1363=CARTESIAN_POINT('Ctrl Pts',(-0.634999164469411,0.369153278786948,
-0.680828126245856));
#1364=CARTESIAN_POINT('Ctrl Pts',(-0.634999053399851,0.369476795530078,
-0.681868196563925));
#1365=CARTESIAN_POINT('Ctrl Pts',(-0.634999021259221,0.369756027450422,
-0.682922623446319));
#1366=CARTESIAN_POINT('Ctrl Pts',(-0.634998939376681,0.370467408018182,
-0.685608916594078));
#1367=CARTESIAN_POINT('Ctrl Pts',(-0.634999309747531,0.370886766387444,
-0.688367164766703));
#1368=CARTESIAN_POINT('Ctrl Pts',(-0.634999567163317,0.371013581112202,
-0.691146368721895));
#1369=CARTESIAN_POINT('Ctrl Pts',(-0.634999824856371,0.371140532448783,
-0.693928566589028));
#1370=CARTESIAN_POINT('Ctrl Pts',(-0.634999999971973,0.370973640123652,
-0.696717100786977));
#1371=CARTESIAN_POINT('Ctrl Pts',(-0.634999999999974,0.370508046647867,
-0.699461309781212));
#1372=CARTESIAN_POINT('',(-0.635,0.137961536361081,-0.532509910748359));
#1373=CARTESIAN_POINT('',(-0.635,0.572295463799104,-0.79039852485925));
#1374=CARTESIAN_POINT('',(-0.635,0.140457303737775,-0.503983159097217));
#1375=CARTESIAN_POINT('',(-0.635,0.380933218002059,-0.646818110804784));
#1376=CARTESIAN_POINT('',(-0.635,0.140457303737775,-0.503983159097217));
#1377=CARTESIAN_POINT('Origin',(-0.635,0.351438696251396,-0.696474878976623));
#1378=CARTESIAN_POINT('Origin',(-0.317499999999999,0.270856719008726,0.986488977699209));
#1379=CARTESIAN_POINT('',(-0.563811701801411,0.379542405864024,-0.64639807961436));
#1380=CARTESIAN_POINT('Ctrl Pts',(-0.56381170180141,0.379542405864024,-0.646398079614361));
#1381=CARTESIAN_POINT('Ctrl Pts',(-0.563373589740857,0.380791968221914,
-0.647138731936587));
#1382=CARTESIAN_POINT('Ctrl Pts',(-0.561175455776843,0.382547428246581,
-0.648429643665041));
#1383=CARTESIAN_POINT('Ctrl Pts',(-0.555938494918756,0.384787148439892,
-0.650447326416118));
#1384=CARTESIAN_POINT('Ctrl Pts',(-0.546102321565916,0.38717577853997,-0.653220359257649));
#1385=CARTESIAN_POINT('Ctrl Pts',(-0.525804652021378,0.38977447367234,-0.657517780257677));
#1386=CARTESIAN_POINT('Ctrl Pts',(-0.478528097917106,0.391959327935901,
-0.664634328230405));
#1387=CARTESIAN_POINT('Ctrl Pts',(-0.418975008110467,0.391658288864304,
-0.669566473458278));
#1388=CARTESIAN_POINT('Ctrl Pts',(-0.323490089848751,0.391044178645696,
-0.673042756041042));
#1389=CARTESIAN_POINT('Ctrl Pts',(-0.233861527401997,0.391612281610692,
-0.671307718228707));
#1390=CARTESIAN_POINT('Ctrl Pts',(-0.150524569911558,0.391764110680075,
-0.663781382792099));
#1391=CARTESIAN_POINT('Ctrl Pts',(-0.109210799177453,0.38975657092687,-0.657510079612717));
#1392=CARTESIAN_POINT('Ctrl Pts',(-0.0888846565235425,0.387174666890955,
-0.653217917643311));
#1393=CARTESIAN_POINT('Ctrl Pts',(-0.0790443550159933,0.384769932478202,
-0.650435338631654));
#1394=CARTESIAN_POINT('Ctrl Pts',(-0.0738589447610267,0.382560990139184,
-0.648442313467309));
#1395=CARTESIAN_POINT('Ctrl Pts',(-0.0716264102591425,0.380791968221914,
-0.647138731936586));
#1396=CARTESIAN_POINT('Ctrl Pts',(-0.0711882981985895,0.379542405864024,
-0.646398079614361));
#1397=CARTESIAN_POINT('Ctrl Pts',(-0.6178972982899,0.197503822141758,-0.538509975815491));
#1398=CARTESIAN_POINT('Ctrl Pts',(-0.601036888241781,0.264080836568888,
-0.577963489772455));
#1399=CARTESIAN_POINT('Ctrl Pts',(-0.58293336598327,0.325004505784975,-0.614071863889454));
#1400=CARTESIAN_POINT('Ctrl Pts',(-0.563811701801411,0.379542405864024,
-0.64639807961436));
#1401=CARTESIAN_POINT('Ctrl Pts',(-0.618589540881402,0.194764403726055,
-0.53688660032247));
#1402=CARTESIAN_POINT('Ctrl Pts',(-0.601532719520201,0.26241037716556,-0.576973438706335));
#1403=CARTESIAN_POINT('Ctrl Pts',(-0.583195325311087,0.324257357863677,
-0.613629007364958));
#1404=CARTESIAN_POINT('Ctrl Pts',(-0.563811701801411,0.379542405864024,
-0.64639807961436));
#1405=CARTESIAN_POINT('Ctrl Pts',(-0.620530837393271,0.19532456756956,-0.536789352549182));
#1406=CARTESIAN_POINT('Ctrl Pts',(-0.603329642083949,0.262955029149554,
-0.576928460717337));
#1407=CARTESIAN_POINT('Ctrl Pts',(-0.584850224320989,0.324788752965953,
-0.613628905813265));
#1408=CARTESIAN_POINT('Ctrl Pts',(-0.565326453128844,0.380062372036629,
-0.646436689873274));
#1409=CARTESIAN_POINT('Ctrl Pts',(-0.622505349028632,0.195797493377262,
-0.536853450239791));
#1410=CARTESIAN_POINT('Ctrl Pts',(-0.605152467738811,0.263424989715203,
-0.577022043347087));
#1411=CARTESIAN_POINT('Ctrl Pts',(-0.586525551771463,0.325256175909512,
-0.613747722854829));
#1412=CARTESIAN_POINT('Ctrl Pts',(-0.566857379826722,0.380527613463619,
-0.646577194766113));
#1413=CARTESIAN_POINT('Ctrl Pts',(-0.624479898147405,0.196175234595717,
-0.537077816363363));
#1414=CARTESIAN_POINT('Ctrl Pts',(-0.606975315299155,0.263813499116817,
-0.57725276808779));
#1415=CARTESIAN_POINT('Ctrl Pts',(-0.588200896300608,0.325653864148428,
-0.613983954160591));
#1416=CARTESIAN_POINT('Ctrl Pts',(-0.5683883179631,0.380933218002059,-0.646818110804784));
#1417=CARTESIAN_POINT('',(-0.5683883179631,0.380933218002058,-0.646818110804784));
#1418=CARTESIAN_POINT('Origin',(-0.5683883179631,0.36407065678249,-0.675207799586388));
#1419=CARTESIAN_POINT('Origin',(-0.3175,-1.20508895437818,0.295228002595559));
#1420=CARTESIAN_POINT('Ctrl Pts',(-0.634999999999972,0.352333316969811,
-0.65979455952487));
#1421=CARTESIAN_POINT('Ctrl Pts',(-0.610801599119689,0.351682543173061,
-0.66362953477338));
#1422=CARTESIAN_POINT('Ctrl Pts',(-0.586604961138789,0.351032494589046,
-0.667464633086424));
#1423=CARTESIAN_POINT('Ctrl Pts',(-0.56241008778782,0.350383171264255,-0.671299854189712));
#1424=CARTESIAN_POINT('Ctrl Pts',(-0.635494368000719,0.359892742075922,
-0.664196775901256));
#1425=CARTESIAN_POINT('Ctrl Pts',(-0.611296103853805,0.359241179100343,
-0.668031279498382));
#1426=CARTESIAN_POINT('Ctrl Pts',(-0.58709959503027,0.358590385737321,-0.671865871517953));
#1427=CARTESIAN_POINT('Ctrl Pts',(-0.562904858347591,0.357940273239756,
-0.675700620966236));
#1428=CARTESIAN_POINT('Ctrl Pts',(-0.637173210692314,0.370293895970739,
-0.676555162541498));
#1429=CARTESIAN_POINT('Ctrl Pts',(-0.612975003636491,0.369641618845115,
-0.680387817913404));
#1430=CARTESIAN_POINT('Ctrl Pts',(-0.58877856196312,0.368990047577879,-0.684220606068987));
#1431=CARTESIAN_POINT('Ctrl Pts',(-0.564583882329566,0.368339220649656,
-0.688053507651973));
#1432=CARTESIAN_POINT('Ctrl Pts',(-0.639608842634813,0.371745308707615,
-0.692170110654159));
#1433=CARTESIAN_POINT('Ctrl Pts',(-0.615410499532117,0.371094415960442,
-0.69600087661883));
#1434=CARTESIAN_POINT('Ctrl Pts',(-0.591213920416346,0.370444256436633,
-0.699831778189708));
#1435=CARTESIAN_POINT('Ctrl Pts',(-0.567019104811165,0.369794812824655,
-0.703662790105861));
#1436=CARTESIAN_POINT('Ctrl Pts',(-0.640651771256614,0.370659841182778,
-0.698566712840056));
#1437=CARTESIAN_POINT('Ctrl Pts',(-0.616453370376332,0.370009870985026,
-0.702396952522567));
#1438=CARTESIAN_POINT('Ctrl Pts',(-0.592256732395432,0.36936062510449,-0.706227315117648));
#1439=CARTESIAN_POINT('Ctrl Pts',(-0.568061859044462,0.368712103587601,
-0.710057800351346));
#1440=CARTESIAN_POINT('',(-0.562410087787838,0.350383171264258,-0.67129985418971));
#1441=CARTESIAN_POINT('Origin',(-0.568061859044462,0.331146692672688,-0.703697776546848));
#1442=CARTESIAN_POINT('Origin',(-74.5807257558679,30.7717564701764,-5.82180010520171));
#1443=CARTESIAN_POINT('Ctrl Pts',(-0.0669381409556929,0.368712103587599,
-0.710057800351369));
#1444=CARTESIAN_POINT('Ctrl Pts',(-0.232562904268114,0.364272682840088,
-0.736279190354101));
#1445=CARTESIAN_POINT('Ctrl Pts',(-0.402437095732049,0.36427268284009,-0.736279190354093));
#1446=CARTESIAN_POINT('Ctrl Pts',(-0.56806185904447,0.368712103587603,-0.710057800351343));
#1447=CARTESIAN_POINT('Ctrl Pts',(-0.0683284799334215,0.37015571590367,
-0.701531120024055));
#1448=CARTESIAN_POINT('Ctrl Pts',(-0.233028716516004,0.36572477749056,-0.727652096202131));
#1449=CARTESIAN_POINT('Ctrl Pts',(-0.401971283484159,0.365724777490562,
-0.727652096202123));
#1450=CARTESIAN_POINT('Ctrl Pts',(-0.566671520066741,0.370155715903675,
-0.70153112002403));
#1451=CARTESIAN_POINT('Ctrl Pts',(-0.0707528288818184,0.367247472144913,
-0.685744492697695));
#1452=CARTESIAN_POINT('Ctrl Pts',(-0.233845953479961,0.362894449263088,
-0.71170437111038));
#1453=CARTESIAN_POINT('Ctrl Pts',(-0.401154046520201,0.36289444926309,-0.711704371110372));
#1454=CARTESIAN_POINT('Ctrl Pts',(-0.564247171118342,0.367247472144918,
-0.685744492697669));
#1455=CARTESIAN_POINT('Ctrl Pts',(-0.0722188342925035,0.356050997745879,
-0.674600429272128));
#1456=CARTESIAN_POINT('Ctrl Pts',(-0.234346649779019,0.351836361330928,
-0.700424903590876));
#1457=CARTESIAN_POINT('Ctrl Pts',(-0.400653350221141,0.35183636133093,-0.700424903590867));
#1458=CARTESIAN_POINT('Ctrl Pts',(-0.562781165707656,0.356050997745884,
-0.674600429272103));
#1459=CARTESIAN_POINT('Ctrl Pts',(-0.0725899122123317,0.350383171264254,
-0.671299854189735));
#1460=CARTESIAN_POINT('Ctrl Pts',(-0.234478778607931,0.346224362138853,
-0.697071815427041));
#1461=CARTESIAN_POINT('Ctrl Pts',(-0.40052122139223,0.346224362138855,-0.697071815427033));
#1462=CARTESIAN_POINT('Ctrl Pts',(-0.562410087787828,0.350383171264258,
-0.67129985418971));
#1463=CARTESIAN_POINT('',(-0.0725899122122484,0.35038317126426,-0.671299854189726));
#1464=CARTESIAN_POINT('Origin',(-0.0669381409556929,0.331146692672686,-0.70369777654687));
#1465=CARTESIAN_POINT('Ctrl Pts',(-0.0725899122123317,0.350383171264254,
-0.671299854189735));
#1466=CARTESIAN_POINT('Ctrl Pts',(-0.234478778607931,0.346224362138853,
-0.697071815427041));
#1467=CARTESIAN_POINT('Ctrl Pts',(-0.40052122139223,0.346224362138855,-0.697071815427033));
#1468=CARTESIAN_POINT('Ctrl Pts',(-0.562410087787828,0.350383171264258,
-0.67129985418971));
#1469=CARTESIAN_POINT('Ctrl Pts',(-0.0725899122122996,0.350383171264249,
-0.671299854189729));
#1470=CARTESIAN_POINT('Ctrl Pts',(-0.0483950388612872,0.351032494589042,
-0.667464633086434));
#1471=CARTESIAN_POINT('Ctrl Pts',(-0.0241984008803446,0.351682543173061,
-0.663629534773386));
#1472=CARTESIAN_POINT('Ctrl Pts',(-1.94115556961805E-14,0.352333316969812,
-0.659794559524869));
#1473=CARTESIAN_POINT('Ctrl Pts',(-0.0720951416525283,0.357940273239751,
-0.675700620966254));
#1474=CARTESIAN_POINT('Ctrl Pts',(-0.0479004049698063,0.358590385737317,
-0.671865871517964));
#1475=CARTESIAN_POINT('Ctrl Pts',(-0.0237038961462288,0.359241179100342,
-0.668031279498387));
#1476=CARTESIAN_POINT('Ctrl Pts',(0.000494368000728355,0.359892742075923,
-0.664196775901255));
#1477=CARTESIAN_POINT('Ctrl Pts',(-0.0704162809201582,0.368341099003034,
-0.688052795790852));
#1478=CARTESIAN_POINT('Ctrl Pts',(-0.0462216012865618,0.368991925931258,
-0.68421989420786));
#1479=CARTESIAN_POINT('Ctrl Pts',(-0.0220251598312956,0.369643499605755,
-0.680387105598908));
#1480=CARTESIAN_POINT('Ctrl Pts',(0.00217304722456995,0.37029577673138,
-0.676554450226996));
#1481=CARTESIAN_POINT('Ctrl Pts',(-0.0679808951889536,0.36979481282465,
-0.703662790105881));
#1482=CARTESIAN_POINT('Ctrl Pts',(-0.0437860795837305,0.37044425643663,
-0.699831778189721));
#1483=CARTESIAN_POINT('Ctrl Pts',(-0.0195895004679168,0.371094415960442,
-0.696000876618837));
#1484=CARTESIAN_POINT('Ctrl Pts',(0.00460884263482195,0.371745308707616,
-0.692170110654159));
#1485=CARTESIAN_POINT('Ctrl Pts',(-0.0669381409556563,0.368712103587596,
-0.710057800351366));
#1486=CARTESIAN_POINT('Ctrl Pts',(-0.0427432676046439,0.369360625104487,
-0.706227315117662));
#1487=CARTESIAN_POINT('Ctrl Pts',(-0.0185466296237019,0.370009870985026,
-0.702396952522574));
#1488=CARTESIAN_POINT('Ctrl Pts',(0.00565177125662325,0.370659841182779,
-0.698566712840056));
#1489=CARTESIAN_POINT('Origin',(73.9457257558679,30.7717564701764,-5.82180010520171));
#1490=CARTESIAN_POINT('Origin',(-0.3175,1.40031716292827,0.604148953813206));
#1491=CARTESIAN_POINT('',(-0.0725899122121654,0.136908358736117,-0.544547786085798));
#1492=CARTESIAN_POINT('',(-0.0725899122121655,0.566736423960342,-0.799761014995847));
#1493=CARTESIAN_POINT('',(-0.562410087787835,0.136908358736117,-0.544547786085797));
#1494=CARTESIAN_POINT('Origin',(-0.3175,0.294832857992387,1.26053750030072));
#1495=CARTESIAN_POINT('',(-0.562410087787835,0.566736423960342,-0.799761014995847));
#1496=CARTESIAN_POINT('Origin',(-0.4826,0.560624452695644,-0.810054747787954));
#1497=CARTESIAN_POINT('',(-0.22839725509924,0.132062301878927,-0.599938469425626));
#1498=CARTESIAN_POINT('Origin',(0.,0.13353931665718,-0.583056113258249));
#1499=CARTESIAN_POINT('',(-0.0976638777878604,0.136544570728821,-0.548705902036306));
#1500=CARTESIAN_POINT('Origin',(-0.1524,0.560624452695644,-0.810054747787954));
#1501=CARTESIAN_POINT('Ctrl Pts',(-0.56381170180141,0.379542405864024,-0.646398079614361));
#1502=CARTESIAN_POINT('Ctrl Pts',(-0.563373589740857,0.380791968221914,
-0.647138731936587));
#1503=CARTESIAN_POINT('Ctrl Pts',(-0.561175455776843,0.382547428246581,
-0.648429643665041));
#1504=CARTESIAN_POINT('Ctrl Pts',(-0.555938494918756,0.384787148439892,
-0.650447326416118));
#1505=CARTESIAN_POINT('Ctrl Pts',(-0.546102321565916,0.38717577853997,-0.653220359257649));
#1506=CARTESIAN_POINT('Ctrl Pts',(-0.525804652021378,0.38977447367234,-0.657517780257677));
#1507=CARTESIAN_POINT('Ctrl Pts',(-0.478528097917106,0.391959327935901,
-0.664634328230405));
#1508=CARTESIAN_POINT('Ctrl Pts',(-0.418975008110467,0.391658288864304,
-0.669566473458278));
#1509=CARTESIAN_POINT('Ctrl Pts',(-0.323490089848751,0.391044178645696,
-0.673042756041042));
#1510=CARTESIAN_POINT('Ctrl Pts',(-0.233861527401997,0.391612281610692,
-0.671307718228707));
#1511=CARTESIAN_POINT('Ctrl Pts',(-0.150524569911558,0.391764110680075,
-0.663781382792099));
#1512=CARTESIAN_POINT('Ctrl Pts',(-0.109210799177453,0.38975657092687,-0.657510079612717));
#1513=CARTESIAN_POINT('Ctrl Pts',(-0.0888846565235425,0.387174666890955,
-0.653217917643311));
#1514=CARTESIAN_POINT('Ctrl Pts',(-0.0790443550159933,0.384769932478202,
-0.650435338631654));
#1515=CARTESIAN_POINT('Ctrl Pts',(-0.0738589447610267,0.382560990139184,
-0.648442313467309));
#1516=CARTESIAN_POINT('Ctrl Pts',(-0.0716264102591425,0.380791968221914,
-0.647138731936586));
#1517=CARTESIAN_POINT('Ctrl Pts',(-0.0711882981985895,0.379542405864024,
-0.646398079614361));
#1518=CARTESIAN_POINT('Ctrl Pts',(-0.564677273988514,0.379839529391227,
-0.646420142619454));
#1519=CARTESIAN_POINT('Ctrl Pts',(-0.564235883874376,0.381415433428507,
-0.647336858736991));
#1520=CARTESIAN_POINT('Ctrl Pts',(-0.562022410028429,0.383658959035978,
-0.648893598870093));
#1521=CARTESIAN_POINT('Ctrl Pts',(-0.556749985916975,0.386574982325435,
-0.651282391336382));
#1522=CARTESIAN_POINT('Ctrl Pts',(-0.54684935917828,0.389783147287193,-0.654509192467117));
#1523=CARTESIAN_POINT('Ctrl Pts',(-0.526426968273065,0.393506045548309,
-0.659432902216294));
#1524=CARTESIAN_POINT('Ctrl Pts',(-0.478896963109593,0.397353922727355,
-0.667481091691733));
#1525=CARTESIAN_POINT('Ctrl Pts',(-0.419139004864279,0.398162723555342,
-0.673010788004181));
#1526=CARTESIAN_POINT('Ctrl Pts',(-0.323484048990782,0.398383066765655,
-0.676913326145523));
#1527=CARTESIAN_POINT('Ctrl Pts',(-0.23377448623131,0.398514736082028,-0.674961677875796));
#1528=CARTESIAN_POINT('Ctrl Pts',(-0.150123088750163,0.396964457284125,
-0.666514322151437));
#1529=CARTESIAN_POINT('Ctrl Pts',(-0.108588723812736,0.393485175797698,
-0.659423688725098));
#1530=CARTESIAN_POINT('Ctrl Pts',(-0.0881375157763703,0.389781276330829,
-0.654506095255528));
#1531=CARTESIAN_POINT('Ctrl Pts',(-0.078232747910261,0.3865531045186,-0.65126785051122));
#1532=CARTESIAN_POINT('Ctrl Pts',(-0.073012223358388,0.383676647059911,
-0.64890851218133));
#1533=CARTESIAN_POINT('Ctrl Pts',(-0.0707641161256238,0.381415433428508,
-0.64733685873699));
#1534=CARTESIAN_POINT('Ctrl Pts',(-0.0703227260114849,0.379839529391227,
-0.646420142619454));
#1535=CARTESIAN_POINT('Ctrl Pts',(-0.566201263099072,0.380328261974356,
-0.646516911733101));
#1536=CARTESIAN_POINT('Ctrl Pts',(-0.565756280041317,0.382467946268958,
-0.647755365594717));
#1537=CARTESIAN_POINT('Ctrl Pts',(-0.56352665150131,0.385529111106907,-0.649845406482448));
#1538=CARTESIAN_POINT('Ctrl Pts',(-0.558216654202721,0.389541764633557,
-0.653045562448219));
#1539=CARTESIAN_POINT('Ctrl Pts',(-0.548246441439685,0.394022575462804,
-0.657367924475871));
#1540=CARTESIAN_POINT('Ctrl Pts',(-0.527682630198051,0.399384296599687,
-0.663998444517222));
#1541=CARTESIAN_POINT('Ctrl Pts',(-0.479831030544339,0.405420164157429,
-0.675019307644722));
#1542=CARTESIAN_POINT('Ctrl Pts',(-0.419698829302925,0.407404176255647,
-0.682959929610851));
#1543=CARTESIAN_POINT('Ctrl Pts',(-0.323510324882488,0.40840907186315,-0.688758883590924));
#1544=CARTESIAN_POINT('Ctrl Pts',(-0.23333166770758,0.408178511368479,-0.685758077175919));
#1545=CARTESIAN_POINT('Ctrl Pts',(-0.149147887162681,0.404775142829889,
-0.673687630632873));
#1546=CARTESIAN_POINT('Ctrl Pts',(-0.107333257559707,0.399357538330316,
-0.663987880005501));
#1547=CARTESIAN_POINT('Ctrl Pts',(-0.086740314978199,0.39401921514972,-0.65736352368976));
#1548=CARTESIAN_POINT('Ctrl Pts',(-0.0767659539326208,0.389511955496802,
-0.653026084718296));
#1549=CARTESIAN_POINT('Ctrl Pts',(-0.0715082261208507,0.385553403001055,
-0.649865344737399));
#1550=CARTESIAN_POINT('Ctrl Pts',(-0.0692437199586819,0.382467946268958,
-0.647755365594717));
#1551=CARTESIAN_POINT('Ctrl Pts',(-0.0687987369009277,0.380328261974357,
-0.646516911733102));
#1552=CARTESIAN_POINT('Ctrl Pts',(-0.567732201618937,0.380759387485585,
-0.646714861073925));
#1553=CARTESIAN_POINT('Ctrl Pts',(-0.567285241617493,0.383445964792098,
-0.64829678559857));
#1554=CARTESIAN_POINT('Ctrl Pts',(-0.565047543258667,0.387244327423997,
-0.651031090355845));
#1555=CARTESIAN_POINT('Ctrl Pts',(-0.559718677335077,0.39213945313068,-0.655286598439976));
#1556=CARTESIAN_POINT('Ctrl Pts',(-0.549712512442715,0.39745249976374,-0.661120306986943));
#1557=CARTESIAN_POINT('Ctrl Pts',(-0.529069472403698,0.403456811928505,
-0.670172305351397));
#1558=CARTESIAN_POINT('Ctrl Pts',(-0.481005825633346,0.409191382373074,
-0.685302198226552));
#1559=CARTESIAN_POINT('Ctrl Pts',(-0.420507492211602,0.409621723796252,
-0.696089132366743));
#1560=CARTESIAN_POINT('Ctrl Pts',(-0.323573785436594,0.409147342714308,
-0.703845171318798));
#1561=CARTESIAN_POINT('Ctrl Pts',(-0.232618337251575,0.409892020594354,
-0.699890102212368));
#1562=CARTESIAN_POINT('Ctrl Pts',(-0.147947452832792,0.4086351463752,-0.683478087422424));
#1563=CARTESIAN_POINT('Ctrl Pts',(-0.105946296086433,0.403419559397933,
-0.670157661234762));
#1564=CARTESIAN_POINT('Ctrl Pts',(-0.0852742284366664,0.397449607813538,
-0.661114721628131));
#1565=CARTESIAN_POINT('Ctrl Pts',(-0.0752638620077025,0.392102285882217,
-0.655261210469852));
#1566=CARTESIAN_POINT('Ctrl Pts',(-0.0699874592103996,0.387273975797882,
-0.651057736049434));
#1567=CARTESIAN_POINT('Ctrl Pts',(-0.0677147583825065,0.383445964792099,
-0.64829678559857));
#1568=CARTESIAN_POINT('Ctrl Pts',(-0.0672677983810625,0.380759387485585,
-0.646714861073925));
#1569=CARTESIAN_POINT('Ctrl Pts',(-0.568388317963098,0.380933218002059,
-0.646818110804784));
#1570=CARTESIAN_POINT('Ctrl Pts',(-0.567940510590242,0.383850536189119,
-0.648550903894019));
#1571=CARTESIAN_POINT('Ctrl Pts',(-0.565699353264292,0.387948051820159,
-0.651580269583354));
#1572=CARTESIAN_POINT('Ctrl Pts',(-0.560362396756272,0.39317456473688,-0.65632610227221));
#1573=CARTESIAN_POINT('Ctrl Pts',(-0.550340810002578,0.398746321570123,
-0.662863588355779));
#1574=CARTESIAN_POINT('Ctrl Pts',(-0.529663764701789,0.404803454755592,
-0.673018761779019));
#1575=CARTESIAN_POINT('Ctrl Pts',(-0.481509059423085,0.409883341258896,
-0.689881674533423));
#1576=CARTESIAN_POINT('Ctrl Pts',(-0.420853683561317,0.409162044901074,
-0.701608074559195));
#1577=CARTESIAN_POINT('Ctrl Pts',(-0.323600919988972,0.407714405823589,
-0.709882001669216));
#1578=CARTESIAN_POINT('Ctrl Pts',(-0.232313118625016,0.409048241654373,
-0.70574665622743));
#1579=CARTESIAN_POINT('Ctrl Pts',(-0.147433207102532,0.409430236722296,
-0.687859138612924));
#1580=CARTESIAN_POINT('Ctrl Pts',(-0.105351954766591,0.404761647092513,
-0.673000853685499));
#1581=CARTESIAN_POINT('Ctrl Pts',(-0.0846459242975358,0.398743732682376,
-0.662857810643135));
#1582=CARTESIAN_POINT('Ctrl Pts',(-0.0746201132122038,0.393134377574162,
-0.656297990682608));
#1583=CARTESIAN_POINT('Ctrl Pts',(-0.069335702761735,0.387979697615124,
-0.651610081483287));
#1584=CARTESIAN_POINT('Ctrl Pts',(-0.0670594894097577,0.38385053618912,
-0.648550903894019));
#1585=CARTESIAN_POINT('Ctrl Pts',(-0.0666116820369006,0.380933218002059,
-0.646818110804784));
#1586=CARTESIAN_POINT('Ctrl Pts',(-0.381537683677964,0.408592173134023,
-0.704779192990536));
#1587=CARTESIAN_POINT('Ctrl Pts',(-0.390588904503479,0.408706363629095,
-0.703995576955003));
#1588=CARTESIAN_POINT('Ctrl Pts',(-0.430017028038466,0.40927101276918,-0.699836540851155));
#1589=CARTESIAN_POINT('Ctrl Pts',(-0.481509059423085,0.409883341258896,
-0.689881674533423));
#1590=CARTESIAN_POINT('Ctrl Pts',(-0.529663764701789,0.404803454755592,
-0.673018761779019));
#1591=CARTESIAN_POINT('Ctrl Pts',(-0.550340810002578,0.398746321570123,
-0.662863588355779));
#1592=CARTESIAN_POINT('Ctrl Pts',(-0.560362396756272,0.39317456473688,-0.65632610227221));
#1593=CARTESIAN_POINT('Ctrl Pts',(-0.565699353264292,0.387948051820159,
-0.651580269583354));
#1594=CARTESIAN_POINT('Ctrl Pts',(-0.567940510590242,0.383850536189119,
-0.648550903894019));
#1595=CARTESIAN_POINT('Ctrl Pts',(-0.568388317963098,0.380933218002059,
-0.646818110804784));
#1596=CARTESIAN_POINT('Ctrl Pts',(-0.0666116820369006,0.380933218002059,
-0.646818110804784));
#1597=CARTESIAN_POINT('Ctrl Pts',(-0.0670594894097577,0.38385053618912,
-0.648550903894019));
#1598=CARTESIAN_POINT('Ctrl Pts',(-0.069335702761735,0.387979697615124,
-0.651610081483287));
#1599=CARTESIAN_POINT('Ctrl Pts',(-0.0746201132122038,0.393134377574162,
-0.656297990682608));
#1600=CARTESIAN_POINT('Ctrl Pts',(-0.0846459242975358,0.398743732682376,
-0.662857810643135));
#1601=CARTESIAN_POINT('Ctrl Pts',(-0.105351954766591,0.404761647092513,
-0.673000853685499));
#1602=CARTESIAN_POINT('Ctrl Pts',(-0.147433207102532,0.409430236722296,
-0.687859138612924));
#1603=CARTESIAN_POINT('Ctrl Pts',(-0.198904274495818,0.409198595412447,
-0.698706105912024));
#1604=CARTESIAN_POINT('Ctrl Pts',(-0.238330369157574,0.408805206236645,
-0.703481173181135));
#1605=CARTESIAN_POINT('Ctrl Pts',(-0.253462160151417,0.408663819993987,
-0.704817528408979));
#1606=CARTESIAN_POINT('Origin',(0.,0.140457303737775,-0.503983159097217));
#1607=CARTESIAN_POINT('',(0.,0.380933218002059,-0.646818110804784));
#1608=CARTESIAN_POINT('Origin',(0.,0.351438696251396,-0.696474878976623));
#1609=CARTESIAN_POINT('Origin',(0.,0.351438696251396,-0.696474878976623));
#1610=CARTESIAN_POINT('Origin',(0.,0.0988347149867381,-3.09194786277145));
#1611=UNCERTAINTY_MEASURE_WITH_UNIT(LENGTH_MEASURE(0.001),#1615,
'DISTANCE_ACCURACY_VALUE',
'Maximum model space distance between geometric entities at asserted c
onnectivities');
#1612=UNCERTAINTY_MEASURE_WITH_UNIT(LENGTH_MEASURE(0.001),#1615,
'DISTANCE_ACCURACY_VALUE',
'Maximum model space distance between geometric entities at asserted c
onnectivities');
#1613=(
GEOMETRIC_REPRESENTATION_CONTEXT(3)
GLOBAL_UNCERTAINTY_ASSIGNED_CONTEXT((#1611))
GLOBAL_UNIT_ASSIGNED_CONTEXT((#1615,#1617,#1618))
REPRESENTATION_CONTEXT('','3D')
);
#1614=(
GEOMETRIC_REPRESENTATION_CONTEXT(3)
GLOBAL_UNCERTAINTY_ASSIGNED_CONTEXT((#1612))
GLOBAL_UNIT_ASSIGNED_CONTEXT((#1615,#1617,#1618))
REPRESENTATION_CONTEXT('','3D')
);
#1615=(
LENGTH_UNIT()
NAMED_UNIT(*)
SI_UNIT(.CENTI.,.METRE.)
);
#1616=(
LENGTH_UNIT()
NAMED_UNIT(*)
SI_UNIT($,.METRE.)
);
#1617=(
NAMED_UNIT(*)
PLANE_ANGLE_UNIT()
SI_UNIT($,.RADIAN.)
);
#1618=(
NAMED_UNIT(*)
SI_UNIT($,.STERADIAN.)
SOLID_ANGLE_UNIT()
);
#1619=SHAPE_DEFINITION_REPRESENTATION(#1620,#1621);
#1620=PRODUCT_DEFINITION_SHAPE('',$,#1623);
#1621=SHAPE_REPRESENTATION('',(#620),#1613);
#1622=PRODUCT_DEFINITION_CONTEXT('part definition',#1627,'design');
#1623=PRODUCT_DEFINITION('temp_body','temp_body',#1624,#1622);
#1624=PRODUCT_DEFINITION_FORMATION('',$,#1629);
#1625=PRODUCT_RELATED_PRODUCT_CATEGORY('temp_body','temp_body',(#1629));
#1626=APPLICATION_PROTOCOL_DEFINITION('international standard',
'automotive_design',2009,#1627);
#1627=APPLICATION_CONTEXT(
'Core Data for Automotive Mechanical Design Process');
#1628=PRODUCT_CONTEXT('part definition',#1627,'mechanical');
#1629=PRODUCT('temp_body','temp_body',$,(#1628));
#1630=PRESENTATION_STYLE_ASSIGNMENT((#1631));
#1631=SURFACE_STYLE_USAGE(.BOTH.,#1632);
#1632=SURFACE_SIDE_STYLE('',(#1633));
#1633=SURFACE_STYLE_FILL_AREA(#1634);
#1634=FILL_AREA_STYLE('Steel - Satin',(#1635));
#1635=FILL_AREA_STYLE_COLOUR('Steel - Satin',#1636);
#1636=COLOUR_RGB('Steel - Satin',0.627450980392157,0.627450980392157,0.627450980392157);
ENDSEC;
END-ISO-10303-21;
