# https://github.com/mikedh/trimesh
v -12.50000000 10.00000000 0.00000000
v -11.52716351 11.13519478 0.00000000
v -11.54423523 11.19147301 0.00000000
v -11.49944115 11.08332920 0.00000000
v -11.46213245 11.03786755 0.00000000
v -11.41667080 11.00055885 0.00000000
v -11.36480522 10.97283649 0.00000000
v -11.30852699 10.95576477 0.00000000
v -11.25000000 10.94999981 0.00000000
v -11.19147301 10.95576477 0.00000000
v -11.13519478 10.97283649 0.00000000
v -11.08332920 11.00055885 0.00000000
v -11.03786755 11.03786755 0.00000000
v -11.00055885 11.08332920 0.00000000
v -10.97283649 11.13519478 0.00000000
v -10.95576477 11.19147301 0.00000000
v -11.52716351 11.13519478 0.27500001
v -11.54423523 11.19147301 0.27500001
v -11.49944115 11.08332920 0.27499998
v -11.46213245 11.03786755 0.27500001
v -11.41667080 11.00055885 0.27500001
v -11.36480522 10.97283649 0.27500001
v -11.30852699 10.95576477 0.27500001
v -11.25000000 10.94999981 0.27500001
v -11.19147301 10.95576477 0.27500001
v -11.13519478 10.97283649 0.27500001
v -11.08332920 11.00055885 0.27500001
v -11.03786755 11.03786755 0.27500001
v -11.00055885 11.08332920 0.27499998
v -10.97283649 11.13519478 0.27500001
v -10.95576477 11.19147301 0.27500001
v -11.55000019 11.25000000 0.00000000
v -11.54423523 11.30852699 0.00000000
v -11.52716351 11.36480522 0.00000000
v -11.49944115 11.41667080 0.00000000
v -11.46213245 11.46213245 0.00000000
v -11.41667080 11.49944115 0.00000000
v -11.36480522 11.52716351 0.00000000
v -11.30852699 11.54423523 0.00000000
v -11.25000000 11.55000019 0.00000000
v -11.19147301 11.54423523 0.00000000
v -11.13519478 11.52716351 0.00000000
v -10.94999981 11.25000000 0.00000000
v -10.95576477 11.30852699 0.00000000
v -10.97283649 11.36480522 0.00000000
v -11.03786755 11.46213245 0.00000000
v -11.08332920 11.49944115 0.00000000
v -11.00055885 11.41667080 0.00000000
v -11.55000019 11.25000000 0.27500001
v -11.54423523 11.30852699 0.27500001
v -11.52716351 11.36480522 0.27500001
v -11.49944115 11.41667080 0.27499998
v -11.46213245 11.46213245 0.27500001
v -11.41667080 11.49944115 0.27500001
v -11.36480522 11.52716351 0.27500001
v -11.30852699 11.54423523 0.27500001
v -11.25000000 11.55000019 0.27500001
v -11.19147301 11.54423523 0.27500001
v -11.13519478 11.52716351 0.27500001
v -10.94999981 11.25000000 0.27500001
v -10.95576477 11.30852699 0.27500001
v -10.97283649 11.36480522 0.27500001
v -11.03786755 11.46213150 0.27500001
v -11.08332920 11.49944115 0.27500001
v -11.00055885 11.41667080 0.27499998
v -10.00000000 10.00000000 0.00000000
v -12.50000000 10.00000000 0.50000000
v -11.73503685 11.04909134 0.50000000
v -11.76491261 11.14757729 0.50000000
v -11.62123108 10.87876892 0.50000000
v -11.54167461 10.81347847 0.50000000
v -11.45090866 10.76496315 0.50000000
v -11.35242271 10.73508739 0.50000000
v -11.68652153 10.95832539 0.50000000
v -11.25000000 10.72500038 0.50000000
v -11.14757729 10.73508739 0.50000000
v -11.04909134 10.76496315 0.50000000
v -10.95832539 10.81347847 0.50000000
v -11.77499962 11.25000000 0.50000000
v -11.76491261 11.35242271 0.50000000
v -11.73503685 11.45090866 0.50000000
v -11.68652153 11.54167461 0.50000000
v -11.62123108 11.62123108 0.50000000
v -11.54167461 11.68652153 0.50000000
v -11.45090866 11.73503685 0.50000000
v -11.35242271 11.76491261 0.50000000
v -11.25000000 11.77499962 0.50000000
v -11.14757729 11.76491261 0.50000000
v -10.95832539 11.68652153 0.50000000
v -11.04909134 11.73503685 0.50000000
v -10.87876892 10.87876892 0.50000000
v -10.81347847 10.95832539 0.50000000
v -10.76496315 11.04909134 0.50000000
v -10.73508739 11.14757729 0.50000000
v -10.00000000 10.00000000 0.50000000
v -10.76496315 11.45090866 0.50000000
v -10.81347847 11.54167461 0.50000000
v -10.72500038 11.25000000 0.50000000
v -10.73508739 11.35242271 0.50000000
v -10.87876892 11.62123108 0.50000000
v -12.50000000 12.50000000 0.00000000
v -10.00000000 12.50000000 0.00000000
v -12.50000000 12.50000000 0.50000000
v -10.00000000 12.50000000 0.50000000
v -9.21254635 12.06625366 0.50000000
v -9.01036358 14.08122921 0.50000000
v -8.58705711 14.51230335 0.60640502
v -7.74486876 13.94111633 0.60170400
v -9.01238155 13.55900097 0.90681797
v -8.36986828 13.61932945 0.85596502
v -8.80424404 15.16946220 0.77255899
v -3.77719092 12.06625366 0.50000000
v -5.24486876 13.94111633 0.60170400
v -4.83705664 14.51230335 0.60640502
v -3.97937393 14.08122921 0.50000000
v -2.21810889 12.01048088 0.50000000
v -4.61986876 13.61932945 0.85596502
v -3.97735596 13.55900097 0.90681797
v -1.00443578 14.61901379 1.23148096
v -1.00229645 17.02618599 0.50000000
v -2.21810889 17.84962654 0.50000000
v -1.00443578 16.41195869 0.68286997
v -1.32504642 16.80380440 0.89025903
v -9.01233196 13.14968681 1.27070606
v -9.01230145 12.81124210 1.62165904
v -8.36986828 12.77863407 1.65470195
v -8.36986828 12.61914158 1.85296297
v -9.01228809 12.45302963 2.10174990
v -9.01228333 12.35680294 2.27885294
v -9.21254635 12.06625366 2.50000000
v -9.01227951 12.29349899 2.42732906
v -9.01180077 12.26954937 2.50000000
v -9.01173973 12.27338219 2.50000000
v -9.01229668 12.59758186 1.88600695
v -6.49486876 12.51941109 1.99387801
v -9.01118565 12.81690121 2.50000000
v -8.80424404 17.08915901 1.25792897
v -9.01254654 18.88890266 1.71342504
v -9.01118565 16.51674080 2.50000000
v -3.97740579 13.14968681 1.27070606
v -3.97743607 12.81124210 1.62165904
v -4.61986876 12.77863407 1.65470195
v -4.61986876 12.61914158 1.85296297
v -1.00443578 13.42371750 1.59722197
v -3.97744942 12.45302963 2.10174990
v -3.97745442 12.35680294 2.27885294
v -3.97745752 12.29349899 2.42732906
v -3.97793651 12.26954937 2.50000000
v -3.97756100 12.29268551 2.50000000
v -3.77719092 12.06625366 2.50000000
v -3.97744083 12.59758186 1.88600695
v -1.00271821 12.21677017 1.96296299
v -2.21810889 12.01048088 2.50000000
v -1.57308829 12.38259697 2.50000000
v -1.57449412 12.38374138 2.50000000
v -1.57780790 12.39467144 2.50000000
v -1.57877898 12.39821053 2.50000000
v -1.58059895 12.40430832 2.50000000
v -1.59681952 12.45992184 2.50000000
v -1.50207627 12.35753727 2.44108200
v -1.50197005 12.35752201 2.50000000
v -1.00133026 12.21508980 2.50000000
v -1.13754642 12.86422920 1.89962196
v -1.96852696 13.72546291 2.50000000
v -1.97269428 13.73905849 2.50000000
v -1.88754642 14.27896976 2.25105906
v -2.01796579 14.31791687 2.37058902
v -2.01809859 13.89348984 2.50000000
v -2.01744413 14.51828289 2.50000000
v -4.47143173 18.11538124 1.51739597
v -3.97719097 18.88890266 1.71342504
v -2.01280069 17.32185173 1.45623696
v -2.01796579 15.51321411 2.00484800
v -2.01254630 17.57896996 2.28343296
v -2.01178575 17.64650917 2.50000000
v -2.21810889 17.84962654 2.50000000
v -9.21254635 22.25102234 0.50000000
v -12.50000000 27.50000000 0.00000000
v -11.52716351 28.63519478 0.00000000
v -11.54423523 28.69147301 0.00000000
v -11.49944115 28.58332825 0.00000000
v -11.46213245 28.53786850 0.00000000
v -11.41667080 28.50055885 0.00000000
v -11.36480522 28.47283554 0.00000000
v -11.30852699 28.45576477 0.00000000
v -11.25000000 28.45000076 0.00000000
v -11.19147301 28.45576477 0.00000000
v -11.13519478 28.47283554 0.00000000
v -11.08332920 28.50055885 0.00000000
v -11.03786755 28.53786850 0.00000000
v -11.00055885 28.58332825 0.00000000
v -10.97283649 28.63519478 0.00000000
v -10.95576477 28.69147301 0.00000000
v -11.52716351 28.63519478 0.27500001
v -11.54423523 28.69147301 0.27500001
v -11.49944115 28.58332825 0.27499998
v -11.46213245 28.53786850 0.27500001
v -11.41667080 28.50055885 0.27500001
v -11.36480522 28.47283554 0.27500001
v -11.30852699 28.45576477 0.27500001
v -11.25000000 28.45000076 0.27500001
v -11.19147301 28.45576477 0.27500001
v -11.13519478 28.47283554 0.27500001
v -11.08332920 28.50055885 0.27500001
v -11.03786755 28.53786850 0.27500001
v -11.00055885 28.58332825 0.27499998
v -10.97283649 28.63519478 0.27500001
v -10.95576477 28.69147301 0.27500001
v -12.50000000 30.00000000 0.00000000
v -11.55000019 28.75000000 0.00000000
v -11.54423523 28.80852699 0.00000000
v -11.52716351 28.86480522 0.00000000
v -11.49944115 28.91667175 0.00000000
v -11.46213245 28.96213150 0.00000000
v -11.41667080 28.99944115 0.00000000
v -11.36480522 29.02716446 0.00000000
v -11.30852699 29.04423523 0.00000000
v -11.25000000 29.04999924 0.00000000
v -11.19147301 29.04423523 0.00000000
v -11.13519478 29.02716446 0.00000000
v -10.94999981 28.75000000 0.00000000
v -10.95576477 28.80852699 0.00000000
v -10.97283649 28.86480522 0.00000000
v -11.03786755 28.96213150 0.00000000
v -11.08332920 28.99944115 0.00000000
v -11.00055885 28.91667175 0.00000000
v -11.55000019 28.75000000 0.27500001
v -11.54423523 28.80852699 0.27500001
v -11.52716351 28.86480522 0.27500001
v -11.49944115 28.91667175 0.27499998
v -11.46213245 28.96213150 0.27500001
v -11.41667080 28.99944115 0.27500001
v -11.36480522 29.02716446 0.27500001
v -11.30852699 29.04423523 0.27500001
v -11.25000000 29.04999924 0.27500001
v -11.19147301 29.04423523 0.27500001
v -11.13519478 29.02716446 0.27500001
v -10.94999981 28.75000000 0.27500001
v -10.95576477 28.80852699 0.27500001
v -10.97283649 28.86480522 0.27500001
v -11.03786755 28.96213150 0.27500001
v -11.08332920 28.99944115 0.27500001
v -11.00055885 28.91667175 0.27499998
v -10.00000000 27.50000000 0.00000000
v -10.00000000 30.00000000 0.00000000
v -12.50000000 27.50000000 0.50000000
v -11.73503685 28.54909134 0.50000000
v -11.76491261 28.64757729 0.50000000
v -11.62123108 28.37876892 0.50000000
v -11.54167461 28.31347847 0.50000000
v -11.45090866 28.26496315 0.50000000
v -11.35242271 28.23508835 0.50000000
v -11.68652153 28.45832634 0.50000000
v -11.25000000 28.22500038 0.50000000
v -11.14757729 28.23508835 0.50000000
v -11.04909134 28.26496315 0.50000000
v -10.95832539 28.31347847 0.50000000
v -11.77499962 28.75000000 0.50000000
v -11.76491261 28.85242271 0.50000000
v -11.73503685 28.95090866 0.50000000
v -12.50000000 30.00000000 0.50000000
v -11.68652153 29.04167366 0.50000000
v -11.62123108 29.12123108 0.50000000
v -11.54167461 29.18652153 0.50000000
v -11.45090866 29.23503685 0.50000000
v -11.35242271 29.26491165 0.50000000
v -11.25000000 29.27499962 0.50000000
v -11.14757729 29.26491165 0.50000000
v -10.95832539 29.18652153 0.50000000
v -11.04909134 29.23503685 0.50000000
v -10.87876892 28.37876892 0.50000000
v -10.81347847 28.45832634 0.50000000
v -10.76496315 28.54909134 0.50000000
v -10.73508739 28.64757729 0.50000000
v -10.00000000 27.50000000 0.50000000
v -10.76496315 28.95090866 0.50000000
v -10.81347847 29.04167366 0.50000000
v -10.72500038 28.75000000 0.50000000
v -10.73508739 28.85242271 0.50000000
v -10.87876892 29.12123108 0.50000000
v -10.00000000 30.00000000 0.50000000
v -3.77719092 22.25102234 0.50000000
v -1.21986473 23.42628098 0.50000000
v -1.21986473 27.80154800 0.50000000
v -8.80424404 20.92854881 2.22866893
v -9.00967789 21.97919655 2.50000000
v -9.00969219 22.01132584 2.50000000
v -9.00801563 22.01139259 2.50000000
v -9.00235462 22.01112366 2.50000000
v -9.21254635 22.25102234 2.50000000
v -8.80029011 22.01090050 2.50000000
v -0.14369099 24.68242836 1.39653504
v -0.15025224 24.65738297 1.40669298
v -0.15556550 24.63263130 1.41913199
v -0.15941165 24.60904312 1.43369901
v -0.16172582 24.58687210 1.45025694
v -0.16250154 24.56682014 1.46860099
v -0.29950184 24.75983238 1.46750700
v -0.30720159 24.73536110 1.47815895
v -0.45172313 24.82531166 1.56059802
v -0.44297171 24.84913254 1.54938304
v -0.32067084 24.66583633 1.52255499
v -0.32158035 24.64584732 1.54095495
v -0.31343925 24.71106339 1.49098003
v -0.31795231 24.68780518 1.50582898
v -0.45881960 24.80154228 1.57386804
v -0.46393049 24.77866364 1.58903694
v -0.46702984 24.75692940 1.60596097
v -0.46806106 24.73702049 1.62442994
v -0.58998293 24.90301132 1.66682196
v -0.57242185 24.94927216 1.64119697
v -0.58213317 24.92618752 1.65305102
v -0.60023195 24.83926010 1.71803904
v -0.59566170 24.88056374 1.68235195
v -0.59909546 24.85907745 1.69948995
v -0.71158522 24.99229813 1.78468001
v -0.71531183 24.97110367 1.80206001
v -0.71654946 24.95137596 1.82068396
v -5.42455673 21.36398888 2.33876395
v -4.75736856 21.29761314 2.32198191
v -4.06443691 22.01090050 2.50000000
v -4.02142191 22.01095009 2.50000000
v -3.98503113 22.01137161 2.50000000
v -3.98004484 22.01132584 2.50000000
v -3.77719092 22.25102234 2.50000000
v -1.21986473 23.42628098 2.50000000
v -0.16250160 23.88545418 2.20137691
v -0.16172588 23.86729050 2.22132707
v -0.15941167 23.85076904 2.24265409
v -0.15556546 23.83653450 2.26512098
v -0.32158038 23.96448326 2.27373099
v -0.32067090 23.94625282 2.29362512
v -0.15025230 23.82472038 2.28848600
v -0.31795231 23.92953300 2.31478405
v -0.31343919 23.91496277 2.33696890
v -0.14351919 23.81547356 2.31250501
v -0.13539550 23.80886841 2.33689404
v -0.81643009 24.54282188 2.50000000
v -0.89682770 24.77948570 2.50000000
v -0.46806103 24.05565834 2.35720491
v -0.46702984 24.03734779 2.37703204
v -0.46393052 24.02039337 2.39799190
v -0.45881960 24.00544357 2.41985703
v -0.30720156 23.90269661 2.35995197
v -0.29929924 23.89286613 2.38347697
v -0.28986266 23.88562012 2.40728092
v -0.45172310 23.99264336 2.44238997
v -0.44273332 23.98214340 2.46535206
v -0.49176285 24.02004623 2.50000000
v -0.53288186 24.05526924 2.50000000
v -0.43211263 23.97414780 2.48847795
v -0.43211198 23.97414780 2.50000000
v -0.60023195 24.15790558 2.45081401
v -0.59909546 24.13949966 2.47056007
v -0.59566176 24.12228584 2.49130607
v -0.59358329 24.11606979 2.50000000
v -0.60603213 24.13193512 2.50000000
v -0.65699601 24.21098709 2.50000000
v -0.63334686 24.17151451 2.50000000
v -0.69784659 24.28428841 2.50000000
v -0.71767604 24.31928825 2.50000000
v -0.57158792 24.09222221 2.50000000
v -0.28985405 23.88561440 2.50000000
v -0.13539314 23.80886459 2.50000000
v -0.79464304 25.15586090 1.86354899
v -0.78339756 25.17727470 1.85024703
v -0.68634671 25.05908012 1.74187803
v -0.69688237 25.03680611 1.75443196
v -0.70542175 25.01427460 1.76874602
v -0.80375552 25.13404083 1.87846005
v -0.81034303 25.11256599 1.89481604
v -0.81431681 25.09167290 1.91245496
v -0.81564069 25.07205009 1.93116605
v -0.86244559 25.30246353 1.96502995
v -0.87426710 25.28196526 1.97912300
v -0.88385135 25.26088142 1.99465799
v -0.89077252 25.23995209 2.01147509
v -0.89495224 25.21938324 2.02938390
v -0.89634311 25.19986725 2.04818892
v -0.92255312 25.43318176 2.08488011
v -0.93482333 25.41363525 2.09980106
v -0.94475460 25.39333534 2.11599994
v -0.95193225 25.37295914 2.13327909
v -0.95627207 25.35272598 2.15147495
v -0.95771116 25.33332825 2.17037892
v -0.96302396 25.56789017 2.20839095
v -0.97558516 25.54933357 2.22416806
v -0.98576748 25.52982903 2.24103999
v -0.99310863 25.51003265 2.25881290
v -0.99755239 25.49015808 2.27730608
v -0.99903381 25.47087097 2.29630303
v -0.98338515 25.70501900 2.33412004
v -0.99910951 25.28104973 2.50000000
v -0.95795095 25.02651787 2.50000000
v -1.01981843 25.61087227 2.42447996
v -1.01982355 25.54013824 2.50000000
v -0.99609375 25.68747139 2.35077190
v -1.00639117 25.66878128 2.36833000
v -1.01382864 25.64956665 2.38659501
v -1.01831973 25.63004684 2.40538812
v -0.98338825 25.84295845 2.46059299
v -1.01985312 25.69317436 2.50000000
v -1.01837754 25.73303604 2.50000000
v -1.01444066 25.76900101 2.50000000
v -1.01401436 25.77281952 2.50000000
v -1.01367414 25.77462769 2.50000000
v -1.01314747 25.77740669 2.50000000
v -0.99609739 25.82641411 2.47811604
v -1.00638998 25.80854797 2.49636793
v -1.00832713 25.80244827 2.50000000
v -1.00786448 25.80500221 2.50000000
v -1.00581670 25.81278610 2.50000000
v -0.99277478 25.85087204 2.50000000
v -0.97741032 25.88669968 2.50000000
v -0.96852756 25.90596962 2.50000000
v -0.96832335 25.90640640 2.50000000
v -0.95056331 25.94047928 2.50000000
v -0.95080847 25.94003677 2.50000000
v -0.94211304 25.95404625 2.50000000
v -0.93015468 25.97286987 2.50000000
v -0.93076754 25.97197914 2.50000000
v -0.93048209 25.97242355 2.50000000
v -0.90846997 26.00144386 2.50000000
v -0.90810531 26.00187874 2.50000000
v -0.19376406 26.82707024 2.50000000
v -1.21986473 27.80154800 2.50000000
v 2.72837138 12.01048088 0.50000000
v 5.27501440 12.01057911 0.50000000
v 1.51469839 14.61901379 1.23148096
v 6.19532871 14.88739300 0.82883900
v 6.18762255 14.91441059 0.82847798
v 6.18138552 14.94242477 0.83037400
v 6.17687798 14.97048092 0.83450198
v 6.17415237 14.99827385 0.84083998
v 6.05186081 14.84323215 0.94098699
v 6.04310799 14.86992455 0.94140399
v 6.03601885 14.89767742 0.94390798
v 6.03089094 14.92554188 0.94848502
v 6.02779531 14.95322514 0.95508200
v 6.02677155 14.97979641 0.96361899
v 5.92241335 14.79370403 1.06675398
v 5.91270590 14.82003498 1.06803703
v 5.90484428 14.84749889 1.07123101
v 5.89917517 14.87515163 1.07629895
v 5.89573622 14.90270138 1.08320105
v 5.89459896 14.92923260 1.09183598
v 5.80848646 14.73940372 1.20465600
v 5.79795885 14.76533890 1.20689201
v 5.78942013 14.79247284 1.21084499
v 5.78325701 14.81989193 1.21645796
v 5.77953005 14.84730721 1.22368205
v 5.77829123 14.87378883 1.23243296
v 1.51255894 17.02618599 0.50000000
v 2.72837138 17.84962654 0.50000000
v 5.27501440 16.46374893 0.50000000
v 5.27501440 18.01414871 0.50000000
v 1.51469839 16.41195869 0.68286997
v 1.83530891 16.80380440 0.89025903
v 6.17324400 15.02488136 0.84928697
v 6.17324400 15.95813751 1.21166205
v 6.17415237 15.98387623 1.22215295
v 6.17687798 16.00907898 1.23455000
v 6.18138552 16.03283501 1.24873698
v 9.21985722 12.01057911 0.50000000
v 6.69232130 14.98287201 0.58636999
v 7.80253744 14.98288155 0.58635801
v 10.00000000 10.00000000 0.00000000
v 11.00055885 11.08332920 0.00000000
v 11.08332920 11.00055885 0.00000000
v 11.03786755 11.03786755 0.00000000
v 10.97283649 11.13519478 0.00000000
v 10.95576477 11.19147301 0.00000000
v 11.13519478 10.97283649 0.00000000
v 11.19147301 10.95576477 0.00000000
v 11.25000000 10.94999981 0.00000000
v 11.30852699 10.95576477 0.00000000
v 11.36480522 10.97283649 0.00000000
v 11.41667080 11.00055885 0.00000000
v 11.46213245 11.03786755 0.00000000
v 11.49944115 11.08332920 0.00000000
v 11.52716351 11.13519478 0.00000000
v 11.54423523 11.19147301 0.00000000
v 12.50000000 10.00000000 0.00000000
v 11.00055885 11.08332920 0.27499998
v 11.08332920 11.00055885 0.27500001
v 11.03786755 11.03786755 0.27500001
v 10.97283649 11.13519478 0.27500001
v 10.95576477 11.19147301 0.27500001
v 11.13519478 10.97283649 0.27500001
v 11.19147301 10.95576477 0.27500001
v 11.25000000 10.94999981 0.27500001
v 11.30852699 10.95576477 0.27500001
v 11.36480522 10.97283649 0.27500001
v 11.41667080 11.00055885 0.27500001
v 11.46213245 11.03786755 0.27500001
v 11.49944115 11.08332920 0.27499998
v 11.52716351 11.13519478 0.27500001
v 11.54423523 11.19147301 0.27500001
v 10.94999981 11.25000000 0.00000000
v 10.95576477 11.30852699 0.00000000
v 10.97283649 11.36480522 0.00000000
v 11.00055885 11.41667080 0.00000000
v 11.03786755 11.46213245 0.00000000
v 11.08332920 11.49944115 0.00000000
v 11.13519478 11.52716351 0.00000000
v 11.19147301 11.54423523 0.00000000
v 11.25000000 11.55000019 0.00000000
v 11.30852699 11.54423523 0.00000000
v 11.36480522 11.52716351 0.00000000
v 11.41667080 11.49944115 0.00000000
v 11.46213245 11.46213245 0.00000000
v 11.49944115 11.41667080 0.00000000
v 11.55000019 11.25000000 0.00000000
v 11.54423523 11.30852699 0.00000000
v 11.52716351 11.36480522 0.00000000
v 10.94999981 11.25000000 0.27500001
v 10.95576477 11.30852699 0.27500001
v 10.97283649 11.36480522 0.27500001
v 11.00055885 11.41667080 0.27499998
v 11.03786755 11.46213245 0.27500001
v 11.08332920 11.49944115 0.27500001
v 11.13519478 11.52716351 0.27500001
v 11.19147301 11.54423523 0.27500001
v 11.25000000 11.55000019 0.27500001
v 11.30852699 11.54423523 0.27500001
v 11.36480522 11.52716351 0.27500001
v 11.41667080 11.49944115 0.27500001
v 11.46213245 11.46213150 0.27500001
v 11.49944115 11.41667080 0.27499998
v 11.55000019 11.25000000 0.27500001
v 11.54423523 11.30852699 0.27500001
v 11.52716351 11.36480522 0.27500001
v 10.00000000 10.00000000 0.50000000
v 10.87876892 10.87876892 0.50000000
v 10.73508739 11.14757729 0.50000000
v 10.81347847 10.95832539 0.50000000
v 10.76496315 11.04909134 0.50000000
v 10.72500038 11.25000000 0.50000000
v 10.73508739 11.35242271 0.50000000
v 10.76496315 11.45090866 0.50000000
v 10.81347847 11.54167461 0.50000000
v 10.87876892 11.62123108 0.50000000
v 11.04909134 10.76496315 0.50000000
v 10.95832539 10.81347847 0.50000000
v 11.14757729 10.73508739 0.50000000
v 11.25000000 10.72500038 0.50000000
v 11.35242271 10.73508739 0.50000000
v 11.45090866 10.76496315 0.50000000
v 11.54167461 10.81347847 0.50000000
v 11.62123108 10.87876892 0.50000000
v 11.68652153 10.95832539 0.50000000
v 12.50000000 10.00000000 0.50000000
v 11.73503685 11.04909134 0.50000000
v 11.76491261 11.14757729 0.50000000
v 10.95832539 11.68652153 0.50000000
v 11.04909134 11.73503685 0.50000000
v 11.14757729 11.76491261 0.50000000
v 11.25000000 11.77499962 0.50000000
v 11.68652153 11.54167461 0.50000000
v 11.35242271 11.76491261 0.50000000
v 11.45090866 11.73503685 0.50000000
v 11.54167461 11.68652153 0.50000000
v 11.62123108 11.62123108 0.50000000
v 11.77499962 11.25000000 0.50000000
v 11.76491261 11.35242271 0.50000000
v 11.73503685 11.45090866 0.50000000
v 10.00000000 12.50000000 0.00000000
v 12.50000000 12.50000000 0.00000000
v 10.00000000 12.50000000 0.50000000
v 12.50000000 12.50000000 0.50000000
v 6.79431677 12.48343468 1.11412597
v 6.77099705 12.46517277 1.15991902
v 6.75327778 12.44609928 1.20774305
v 7.70055246 12.48343754 1.11411798
v 7.72387218 12.46517277 1.15991902
v 7.74159861 12.44610405 1.20773196
v 6.98303175 12.55562687 0.93309999
v 7.13718414 12.57788277 0.87729400
v 7.19198132 12.58114052 0.86912501
v 7.08368015 12.57250214 0.89078599
v 7.24743271 12.58222961 0.86639303
v 7.30288076 12.58113861 0.86913002
v 7.35768700 12.57788658 0.87728500
v 7.41118956 12.57250023 0.89078701
v 7.03208780 12.56505299 0.90946698
v 7.46278238 12.56505585 0.90946198
v 7.51184654 12.55562878 0.93309498
v 6.51745033 14.95762825 0.65048403
v 6.51210260 14.98515892 0.64889199
v 6.34457159 14.95296860 0.73059499
v 6.33925724 14.98121452 0.73195398
v 6.35113907 14.92567539 0.73162597
v 7.97740841 14.95763397 0.65047401
v 7.98274660 14.98515987 0.64888197
v 8.14371586 14.92567825 0.73161399
v 8.15028191 14.95297718 0.73057997
v 8.15559578 14.98121834 0.73194498
v 8.29952145 14.88739586 0.82882798
v 8.30723286 14.91441154 0.82846802
v 8.31347275 14.94243240 0.83036000
v 8.31797504 14.97048569 0.83449399
v 8.32069969 14.99827766 0.84082401
v 6.93706751 12.54433537 0.96141601
v 6.89474487 12.53130531 0.99408901
v 6.85654974 12.51669598 1.03072202
v 6.82295418 12.50067711 1.07088900
v 7.55779886 12.54433346 0.96141899
v 7.60012722 12.53130817 0.99408400
v 7.63831806 12.51669884 1.03071404
v 7.67192221 12.50067997 1.07088399
v 8.44299984 14.84323597 0.94097602
v 8.45174885 14.86993027 0.94138801
v 8.45884037 14.89768314 0.94389403
v 8.46396637 14.92555046 0.94846702
v 8.46706009 14.95323181 0.95506901
v 8.46808529 14.97980213 0.96360397
v 8.57245064 14.79371262 1.06673300
v 8.58215523 14.82004833 1.06801403
v 8.59000874 14.84750557 1.07121396
v 8.59569359 14.87515736 1.07628298
v 8.59911537 14.90271568 1.08317804
v 8.60025597 14.92924118 1.09182000
v 8.68636894 14.73940563 1.20464301
v 8.69690418 14.76534176 1.20687497
v 8.70544434 14.79248142 1.21082604
v 8.71160603 14.81989956 1.21644294
v 8.71533489 14.84731388 1.22367001
v 8.71656895 14.87379456 1.23241901
v 6.87369633 15.00112629 0.54002100
v 6.87096167 15.02897644 0.53766102
v 6.86874247 15.05766296 0.53798199
v 6.86714697 15.08620358 0.54096800
v 6.86617041 15.11429882 0.54660898
v 6.68825483 15.01059246 0.58432502
v 6.68496180 15.03917217 0.58490098
v 6.86585093 15.14100456 0.55483299
v 6.68258572 15.06763554 0.58807200
v 6.68114281 15.09568024 0.59382802
v 6.68067122 15.12236881 0.60208702
v 7.24742413 15.01585388 0.50261903
v 7.24742079 15.04380894 0.50000000
v 7.24742317 15.07258987 0.50010699
v 7.24742603 15.10119438 0.50295401
v 7.05945778 15.01216030 0.51199901
v 7.05808544 15.04008770 0.50944400
v 7.05696821 15.06884670 0.50960201
v 7.05615902 15.09743500 0.51248699
v 7.05567408 15.12555408 0.51805902
v 7.05551624 15.15227127 0.52625602
v 7.24742413 15.12932205 0.50850397
v 7.24742031 15.15604210 0.51669401
v 7.43538857 15.01216316 0.51199198
v 7.43676329 15.04009533 0.50943798
v 7.43788147 15.06884575 0.50960600
v 7.43869066 15.09743500 0.51248097
v 7.43917465 15.12555790 0.51805502
v 7.43933582 15.15227318 0.52625698
v 7.62115717 15.00112438 0.54002100
v 7.62388468 15.02897835 0.53765500
v 7.62610340 15.05766582 0.53797698
v 7.62770128 15.08620739 0.54096597
v 7.62867403 15.11429882 0.54661101
v 7.62899971 15.14100266 0.55483299
v 7.80659437 15.01059723 0.58432198
v 7.80988455 15.03917217 0.58489299
v 7.81226492 15.06763744 0.58806098
v 7.81370783 15.09568596 0.59381503
v 7.81417942 15.12237453 0.60207701
v 9.21985722 16.46374893 0.50000000
v 9.21985722 18.01414871 0.50000000
v 6.50777483 15.01358509 0.64981300
v 6.50464392 15.04194450 0.65323400
v 6.50275850 15.06992626 0.65914100
v 6.50212669 15.09659195 0.66745400
v 6.33542013 15.00943184 0.73570597
v 6.33309698 15.03732681 0.74180102
v 6.33232594 15.06396866 0.75017601
v 6.86585093 16.07425308 0.91720802
v 6.86617088 16.09990120 0.92792201
v 7.05551624 16.08552551 0.88863200
v 7.24742031 16.08929443 0.87906998
v 7.24742413 16.11492729 0.88981700
v 7.05567408 16.11116028 0.89937198
v 7.05615902 16.13603401 0.91253501
v 7.05696821 16.15925789 0.92796499
v 7.24742603 16.13979340 0.90300202
v 7.24742270 16.16300011 0.91846901
v 7.24742079 16.18430328 0.93606800
v 7.43933582 16.08552170 0.88863200
v 7.43917465 16.11116028 0.89936900
v 7.43869066 16.13603973 0.91252899
v 7.43788147 16.15925789 0.92796803
v 7.62899971 16.07425499 0.91720802
v 7.62867403 16.09989929 0.92792398
v 7.98708391 15.01359272 0.64979702
v 7.99020958 15.04194832 0.65322900
v 7.99210215 15.06992626 0.65913099
v 7.99272871 15.09659672 0.66744101
v 8.15943432 15.00943851 0.73568898
v 8.16175938 15.03732967 0.74179500
v 8.16253185 15.06397152 0.75016397
v 8.32160854 15.02488804 0.84927100
v 6.68067122 16.05562019 0.96446198
v 6.68114281 16.08127975 0.97514099
v 6.86714697 16.12480927 0.94101602
v 6.86874247 16.14807320 0.95634401
v 6.87096167 16.16946411 0.97372901
v 6.68258572 16.10623550 0.98812002
v 6.68496180 16.12957954 1.00326300
v 6.87376833 16.18874931 0.99299002
v 6.87714338 16.20570564 1.01392198
v 6.50212669 16.02984238 1.02982903
v 6.50275850 16.05552292 1.04045403
v 6.50464392 16.08054543 1.05328202
v 6.50777483 16.10400009 1.06817603
v 6.51210260 16.12564659 1.08495998
v 6.68825483 16.15108299 1.02039301
v 6.69242811 16.17050171 1.03933895
v 6.88103151 16.22013664 1.03627801
v 6.69743013 16.18762398 1.05987895
v 6.70321798 16.20224571 1.08179295
v 6.88541317 16.23191261 1.05982804
v 6.89022112 16.24087334 1.08430505
v 7.05808544 16.18058205 0.94551200
v 7.05949402 16.19977951 0.96496803
v 7.24742365 16.20347214 0.95558900
v 7.06118774 16.21663857 0.98612702
v 7.06315422 16.23095894 1.00874901
v 7.24742508 16.22029686 0.97682500
v 7.24742746 16.23457909 0.99953699
v 7.43676329 16.18058205 0.94550598
v 7.43535185 16.19978333 0.96496099
v 7.62770128 16.12480736 0.94101399
v 7.62610340 16.14807320 0.95634001
v 7.62388468 16.16946793 0.97372299
v 7.43366480 16.21664047 0.98612601
v 7.43170023 16.23095703 1.00875103
v 7.62108517 16.18874931 0.99299002
v 7.81226492 16.10624123 0.98810899
v 7.61770773 16.20570755 1.01391494
v 7.80988455 16.12958527 1.00325596
v 7.06535292 16.24260330 1.03260505
v 7.24742937 16.24618149 1.02349401
v 7.42950439 16.24260330 1.03260303
v 7.61382103 16.22013855 1.03627396
v 7.80659437 16.15108109 1.02039003
v 7.80243063 16.17050362 1.03932703
v 7.60944653 16.23191261 1.05982494
v 7.60463953 16.24087715 1.08429599
v 7.79741955 16.18762779 1.05987000
v 7.79164410 16.20224953 1.08178306
v 6.33232594 15.99721909 1.11255205
v 6.33309698 16.02293205 1.12311399
v 6.51759052 16.14525604 1.10345304
v 6.52416706 16.16260719 1.12346399
v 6.33542013 16.04803085 1.13575399
v 6.33925724 16.07162285 1.15031600
v 6.34457159 16.09346199 1.16666305
v 6.53177595 16.17749405 1.14476204
v 6.54032230 16.18977737 1.16712201
v 6.70971489 16.21423340 1.10484505
v 6.71685553 16.22343254 1.12876701
v 6.89540815 16.24695015 1.10945201
v 6.72456074 16.22976303 1.15332198
v 6.35131216 16.11331177 1.18459499
v 6.35938787 16.13094902 1.20393896
v 6.54970551 16.19929886 1.19028795
v 6.36872959 16.14616394 1.22445798
v 6.37921333 16.15882492 1.24593496
v 6.55984688 16.20598030 1.21402097
v 6.57050562 16.20969963 1.23804903
v 6.73271990 16.23312378 1.17822397
v 7.59945297 16.24695396 1.10944295
v 7.78514433 16.21423721 1.10483503
v 7.77800083 16.22343445 1.12875998
v 7.77029800 16.22976494 1.15331304
v 7.76214266 16.23312950 1.17821205
v 7.24743032 16.25495148 1.04841602
v 7.06777000 16.25142097 1.05741596
v 7.07038069 16.25734711 1.08291399
v 7.24742794 16.26082802 1.07403398
v 7.42708588 16.25142288 1.05741298
v 7.42447758 16.25734711 1.08291698
v 6.90091991 16.25005531 1.13497198
v 7.07315874 16.26029015 1.10882103
v 7.24743128 16.26371574 1.10006905
v 7.42170000 16.26029205 1.10881805
v 7.59393692 16.25005341 1.13497496
v 7.81417942 16.05562210 0.96445203
v 7.81370783 16.08128357 0.97512800
v 7.99272871 16.02984619 1.02981699
v 7.99210215 16.05553055 1.04044402
v 7.99020958 16.08054733 1.05327702
v 7.98708391 16.10400391 1.06816006
v 7.98274660 16.12565231 1.08494997
v 7.97726727 16.14526176 1.10344398
v 7.97068119 16.16261101 1.12346101
v 8.16253185 15.99722672 1.11254001
v 8.16175938 16.02293205 1.12310803
v 7.96308279 16.17749405 1.14475906
v 7.95453405 16.18978119 1.16711104
v 8.15943432 16.04803467 1.13573694
v 8.15559578 16.07162666 1.15030706
v 8.15028191 16.09346771 1.16664803
v 7.94514894 16.19930077 1.19027996
v 8.14354324 16.11331749 1.18458295
v 8.13546085 16.13095284 1.20392299
v 7.93501472 16.20598412 1.21401203
v 7.92434740 16.20970345 1.23803997
v 8.12612534 16.14617157 1.22444105
v 8.11563969 16.15882874 1.24593103
v 8.32160854 15.95814419 1.21164596
v 8.32069969 15.98388577 1.22213697
v 8.31797504 16.00908089 1.23454201
v 8.31347275 16.03283882 1.24872303
v 6.98303127 18.55919647 0.93309999
v 7.19198132 18.58471298 0.86912501
v 7.13718462 18.58145142 0.87729400
v 7.08367968 18.57607269 0.89078599
v 7.24743271 18.58580017 0.86639303
v 7.30288124 18.58470917 0.86913002
v 7.35767698 18.58145714 0.87728602
v 7.41118956 18.57607079 0.89078701
v 7.03208780 18.56862259 0.90946698
v 7.46277189 18.56862259 0.90946198
v 7.51183653 18.55920029 0.93309599
v 6.93706656 18.54790688 0.96141601
v 6.89474535 18.53487396 0.99408901
v 6.85654879 18.52026749 1.03072202
v 6.82294369 18.50424576 1.07088995
v 7.55779839 18.54790306 0.96141899
v 7.60012722 18.53487778 0.99408400
v 7.63831854 18.52026939 1.03071404
v 7.67192125 18.50424767 1.07088399
v 6.79431534 18.48700523 1.11412597
v 6.77099848 18.46874046 1.15991902
v 6.75326681 18.44966888 1.20774305
v 7.70055294 18.48700714 1.11411798
v 7.72387218 18.46874237 1.15991902
v 7.74159908 18.44967461 1.20773196
v 0.09888128 13.12433624 1.68865705
v 1.51469839 13.42371750 1.59722197
v 5.71144247 14.68094921 1.35309303
v 5.70019436 14.70646000 1.35635197
v 5.69108963 14.73324966 1.36111498
v 5.68450308 14.76041794 1.36731696
v 5.68053389 14.78767872 1.37489796
v 5.67920399 14.81410694 1.38376498
v 5.63240099 14.61903954 1.51031101
v 5.61100006 14.67051888 1.52027702
v 5.62057734 14.64409447 1.51466095
v 5.60407734 14.69742298 1.52710104
v 5.59990072 14.72452259 1.53505504
v 5.59850264 14.75089931 1.54404700
v 5.57230139 14.55439377 1.67447102
v 5.56003380 14.57897568 1.67995298
v 5.55009317 14.60501957 1.68647206
v 5.54292440 14.63165092 1.69393301
v 5.53858805 14.65857983 1.70228601
v 5.53714275 14.68490028 1.71141100
v 5.53183889 14.48777676 1.84364295
v 5.51926851 14.51186943 1.85030699
v 5.50910091 14.53751850 1.85774100
v 5.50174665 14.56385708 1.86587405
v 5.49730110 14.59062386 1.87462401
v 1.51298082 12.21677017 1.96296299
v 1.51159286 12.21508980 2.50000000
v 1.61998057 12.24704170 2.50000000
v 2.01233888 12.35753727 2.44108200
v 2.01223278 12.35752201 2.50000000
v 2.08335066 12.38259697 2.50000000
v 2.08475661 12.38374138 2.50000000
v 2.08807039 12.39467144 2.50000000
v 2.08904147 12.39820957 2.50000000
v 2.09086132 12.40430927 2.50000000
v 2.10708189 12.45992184 2.50000000
v 2.72837138 12.01048088 2.50000000
v 1.64780891 12.86422920 1.89962196
v 2.47878957 13.72546291 2.50000000
v 2.48295689 13.73905849 2.50000000
v 2.39780903 14.27896976 2.25105906
v 2.52822828 14.31791687 2.37058902
v 2.52836132 13.89348984 2.50000000
v 2.52770662 14.51828194 2.50000000
v 5.27501440 12.01057911 2.50000000
v 5.49583101 14.61688709 1.88389003
v 5.51148510 14.41996479 2.01585388
v 5.49877644 14.44355488 2.02371001
v 5.48847103 14.46880341 2.03208399
v 5.48103714 14.49485683 2.04090095
v 5.47654200 14.52144146 2.05006504
v 5.47504854 14.54764748 2.05946302
v 5.51148939 14.35174942 2.18908405
v 5.49877882 14.37484455 2.19813395
v 5.48848438 14.39967537 2.20745993
v 5.48105717 14.42538834 2.21695995
v 5.47653103 14.45199203 2.22653389
v 5.47501469 14.47836208 2.23607206
v 5.53185654 14.28391457 2.36129808
v 5.51928711 14.30653763 2.37153602
v 5.50904369 14.33108521 2.38179994
v 5.57867432 14.20748329 2.50000000
v 5.56501961 14.22926521 2.50000000
v 5.53453302 14.28039932 2.50000000
v 5.53186178 14.28390312 2.50000000
v 5.50904608 14.33108234 2.50000000
v 5.51928997 14.30653095 2.50000000
v 5.48105955 14.42536736 2.50000000
v 5.47653437 14.45197105 2.50000000
v 5.47501945 14.47831917 2.50000000
v 5.47504902 14.53362274 2.50000000
v 5.47635078 14.66150284 2.50000000
v 5.47504234 14.72087955 2.50000000
v 5.47633934 14.70846272 2.50000000
v 2.52306342 17.32185173 1.45623696
v 6.02677155 15.91304874 1.32599401
v 6.18762255 16.05489922 1.26454604
v 6.19553185 16.07503891 1.28180897
v 6.20502090 16.09302139 1.30034101
v 6.21597767 16.10863686 1.31992698
v 6.02779531 15.93882751 1.33639598
v 6.03089094 15.96414185 1.34853303
v 6.03601885 15.98808861 1.36227095
v 6.22828913 16.12174225 1.34036803
v 6.24183083 16.13216782 1.36142004
v 6.04310799 16.01041412 1.37747204
v 6.05209112 16.03088379 1.39395702
v 5.89459896 15.86248589 1.45421195
v 5.89573622 15.88830757 1.46451497
v 5.89917517 15.91375065 1.47634697
v 6.06287479 16.04926872 1.41155195
v 6.07532883 16.06534195 1.43007004
v 6.08932304 16.07896423 1.44929600
v 6.10469723 16.08995628 1.46902204
v 5.90484428 15.93790627 1.48959303
v 5.91270638 15.96053123 1.50410497
v 5.92266750 15.98136997 1.51972401
v 6.12130737 16.09822845 1.48903298
v 5.93460560 16.00019646 1.53627706
v 5.94841433 16.01679230 1.55357504
v 5.77829123 15.80704021 1.59480906
v 5.77953005 15.83291149 1.60499501
v 5.78325701 15.85849380 1.61650598
v 5.78942013 15.88288212 1.62920702
v 5.96392012 16.03099442 1.57145202
v 5.98097181 16.04262543 1.58968198
v 5.99902105 16.05143547 1.60809898
v 5.79795885 15.90582752 1.64295995
v 5.80876398 15.92707634 1.65762496
v 5.82174301 15.94639301 1.67303801
v 5.83673096 15.96355247 1.68901300
v 5.85357475 15.97839069 1.70539999
v 5.67920399 15.74736500 1.74614096
v 5.68053389 15.77328205 1.75621104
v 5.68450308 15.79901409 1.76736498
v 5.69108963 15.82365704 1.77947700
v 5.70019436 15.84694862 1.79242003
v 5.87206888 15.99070358 1.72200501
v 5.71173716 15.86863518 1.80606198
v 5.72558212 15.88848114 1.82023096
v 5.74158382 15.90625095 1.83478701
v 5.75954723 15.92175007 1.84957302
v 5.77896738 15.93464947 1.86442101
v 2.52822828 15.51321411 2.00484800
v 2.52280903 17.57896996 2.28343296
v 2.52204823 17.64650917 2.50000000
v 2.72837138 17.84962654 2.50000000
v 5.59850264 15.68415737 1.90642297
v 5.59990072 15.71012878 1.91636801
v 5.60407734 15.73602009 1.92714906
v 5.61100006 15.76092911 1.93863904
v 5.62057734 15.78458500 1.95072901
v 5.63271236 15.80673790 1.96327996
v 5.64727783 15.82714081 1.97614598
v 5.66405773 15.84550858 1.98920000
v 5.68269300 15.86157227 2.00228190
v 5.53714275 15.61815453 2.07378697
v 5.53858805 15.64418316 2.08360004
v 5.54292440 15.67024422 2.09398103
v 5.55009317 15.69542599 2.10483408
v 5.56003380 15.71947289 2.11602092
v 5.57260561 15.74206734 2.12743998
v 5.58779907 15.76317501 2.13894701
v 5.49583101 15.55013180 2.24626589
v 5.49730110 15.57622242 2.25593710
v 5.50174665 15.60246277 2.26592207
v 5.50908661 15.62786293 2.27610397
v 5.51932287 15.65246677 2.28637505
v 5.53192759 15.67515850 2.29661298
v 5.47505188 15.48086071 2.42183805
v 5.47655487 15.50706100 2.43137789
v 5.48107529 15.53365517 2.44094896
v 5.48823214 15.55861187 2.45044589
v 5.47505045 15.48084831 2.50000000
v 5.47655392 15.50705528 2.50000000
v 5.48107481 15.53365040 2.50000000
v 5.48823833 15.55862713 2.50000000
v 5.50908232 15.62785721 2.50000000
v 5.51931810 15.65245533 2.50000000
v 5.53195381 15.67519569 2.50000000
v 5.57261896 15.74209499 2.50000000
v 5.58779287 15.76316643 2.50000000
v 5.66406536 15.84551811 2.50000000
v 5.68277597 15.86163235 2.50000000
v 5.75962162 15.92180920 2.50000000
v 5.77908468 15.93471432 2.50000000
v 5.87218428 15.99077034 2.50000000
v 5.99919415 16.05150604 2.50000000
v 6.12153578 16.09831619 2.50000000
v 5.27501440 16.46374893 2.50000000
v 5.27501440 18.01414871 2.50000000
v 6.74133348 12.42644978 1.25701702
v 6.73532867 12.40644264 1.30718505
v 6.73532963 12.38631916 1.35764503
v 7.75353861 12.42645073 1.25701499
v 7.75954151 12.40644455 1.30717897
v 7.75954342 12.38632107 1.35763800
v 6.74133396 12.36631393 1.40780795
v 6.75342226 12.34669971 1.45708299
v 6.77287149 12.32694149 1.50490403
v 6.79745293 12.30836010 1.55069602
v 7.75354004 12.36631966 1.40779698
v 7.74145555 12.34670067 1.45708001
v 7.72201443 12.32694626 1.50489497
v 7.69742107 12.30835915 1.55069697
v 6.82685757 12.29105282 1.59394002
v 6.86084127 12.27511215 1.63410902
v 6.89906359 12.26065445 1.67074001
v 6.94118404 12.24780560 1.70340502
v 7.66802073 12.29105473 1.59393406
v 7.63404608 12.27511501 1.63410199
v 7.59580660 12.26065636 1.67073405
v 7.55370331 12.24780941 1.70339704
v 6.98673964 12.23669338 1.73171794
v 7.03523588 12.22743225 1.75535202
v 7.08613443 12.22011757 1.77403605
v 7.13887691 12.21483898 1.78752804
v 7.19284534 12.21164608 1.79569304
v 7.40874767 12.22012138 1.77402699
v 7.30203438 12.21164703 1.79568899
v 7.35600519 12.21483898 1.78752899
v 7.50814724 12.23669529 1.73171306
v 7.45964622 12.22743034 1.75535703
v 7.24743843 12.21057892 1.79842198
v 8.78342056 14.68095779 1.35307395
v 8.79466438 14.70646477 1.35633600
v 8.80377293 14.73325634 1.36109304
v 8.81035709 14.76042175 1.36729598
v 8.81433964 14.78768730 1.37487495
v 8.81565952 14.81412029 1.38374197
v 8.86245728 14.61904621 1.51029098
v 8.87428379 14.64410210 1.51463604
v 8.88386726 14.67052555 1.52025795
v 8.89078712 14.69743252 1.52707195
v 8.89497089 14.72453690 1.53503299
v 8.89635372 14.75091362 1.54402804
v 8.92257309 14.55440807 1.67444396
v 8.93483639 14.57898521 1.67993605
v 8.94477272 14.60502911 1.68644702
v 8.95194435 14.63165760 1.69391203
v 8.95628357 14.65859032 1.70225894
v 8.95772934 14.68490982 1.71139002
v 8.96304131 14.48778820 1.84361994
v 8.97560310 14.51187992 1.85028398
v 8.98577595 14.53752899 1.85771704
v 8.99312210 14.56386852 1.86585498
v 8.99756527 14.59062862 1.87460697
v 6.75912523 12.33941269 2.50000000
v 6.78161097 12.31994057 2.50000000
v 6.76881361 12.32960510 2.50000000
v 6.82300997 12.29296112 2.50000000
v 6.79343224 12.31061459 2.50000000
v 6.74945354 12.34984112 2.50000000
v 6.89581585 12.26207161 2.50000000
v 6.85725975 12.27674294 2.50000000
v 6.93831539 12.24906921 2.50000000
v 6.98428583 12.23786068 2.50000000
v 7.03322983 12.22855759 2.50000000
v 7.08460808 12.22125435 2.50000000
v 7.13786268 12.21604061 2.50000000
v 7.19237804 12.21296692 2.50000000
v 7.24743843 12.21196938 2.50000000
v 7.30250168 12.21296787 2.50000000
v 7.35701942 12.21604061 2.50000000
v 7.41027451 12.22125816 2.50000000
v 7.46165180 12.22855568 2.50000000
v 7.51060152 12.23786259 2.50000000
v 7.55657244 12.24907303 2.50000000
v 7.59905529 12.26207352 2.50000000
v 7.63762665 12.27674580 2.50000000
v 7.67186880 12.29296398 2.50000000
v 7.70144176 12.31061268 2.50000000
v 7.71326685 12.31994152 2.50000000
v 7.72607088 12.32960892 2.50000000
v 7.73575497 12.33941460 2.50000000
v 7.74542427 12.34984207 2.50000000
v 8.07093334 12.01057911 2.50000000
v 9.21985722 12.01057911 2.50000000
v 8.99904156 14.61689377 1.88386798
v 8.98339367 14.41997337 2.01583505
v 8.99610329 14.44356823 2.02368593
v 9.00640202 14.46881294 2.03206491
v 9.01383686 14.49486637 2.04088092
v 9.01832771 14.52145100 2.05004191
v 9.01982307 14.54765511 2.05944109
v 6.35166502 12.98768902 2.50000000
v 8.98339653 14.35175800 2.18906403
v 8.99610710 14.37485600 2.19811010
v 9.00639725 14.39969254 2.20743299
v 9.01381302 14.42539883 2.21693897
v 9.01834202 14.45199966 2.22651100
v 9.01985741 14.47837067 2.23604989
v 8.96302891 14.28392506 2.36127496
v 8.97559547 14.30654907 2.37151408
v 8.98583317 14.33109283 2.38178396
v 8.91620064 14.20748234 2.50000000
v 8.92985535 14.22926521 2.50000000
v 8.96302414 14.28391266 2.50000000
v 8.97559261 14.30654240 2.50000000
v 8.98583126 14.33108997 2.50000000
v 9.01381016 14.42537785 2.50000000
v 9.01833820 14.45197868 2.50000000
v 9.01985264 14.47832775 2.50000000
v 6.39074945 16.16875839 1.26814306
v 6.40319109 16.17588234 1.29083705
v 6.41616726 16.18004417 1.31376302
v 6.25642967 16.13982582 1.38286698
v 6.27149725 16.14449883 1.40447295
v 8.10411167 16.16876030 1.26813400
v 8.09166622 16.17588806 1.29082406
v 8.07869339 16.18004990 1.31375098
v 8.46808529 15.91305447 1.32597899
v 8.30723286 16.05490494 1.26453602
v 8.29931927 16.07504272 1.28179801
v 8.28983879 16.09302521 1.30032396
v 8.27888107 16.10864258 1.31991804
v 8.26656532 16.12174797 1.34035301
v 8.25302601 16.13217354 1.36140704
v 8.46706009 15.93883133 1.33638203
v 8.46396637 15.96414757 1.34851503
v 8.45884037 15.98809528 1.36225700
v 8.23841858 16.13983154 1.38285303
v 8.22336197 16.14450073 1.40446699
v 8.45174885 16.01042175 1.37745595
v 8.44277000 16.03088951 1.39394498
v 8.43198776 16.04926872 1.41154206
v 8.41953945 16.06534958 1.43004799
v 8.39016056 16.08996582 1.46900105
v 8.40553761 16.07897186 1.44928098
v 8.37354660 16.09823036 1.48902595
v 8.59000874 15.93791389 1.48957598
v 8.58215523 15.96053600 1.50408304
v 8.57219505 15.98138046 1.51970196
v 8.56024551 16.00020409 1.53626096
v 8.54644299 16.01679802 1.55355895
v 8.60025597 15.86249161 1.45419502
v 8.59911537 15.88831329 1.46449101
v 8.59569359 15.91375732 1.47633100
v 8.53093338 16.03100204 1.57143295
v 8.51388836 16.04262924 1.58967102
v 8.49583817 16.05144310 1.60808003
v 8.71656895 15.80704594 1.59479403
v 8.71533489 15.83291626 1.60498297
v 8.71160603 15.85849762 1.61649096
v 8.70544434 15.88288784 1.62918901
v 8.68609333 15.92708111 1.65761197
v 8.69690418 15.90583611 1.64294302
v 8.67312050 15.94639969 1.67301297
v 8.65813065 15.96356106 1.68899405
v 8.64128208 15.97839928 1.70537996
v 8.81565952 15.74737072 1.74611700
v 8.81433964 15.77329254 1.75618899
v 8.81035709 15.79902649 1.76734400
v 8.80377293 15.82366753 1.77945495
v 8.79466438 15.84695625 1.79240406
v 8.62279415 15.99071026 1.72198701
v 8.78312588 15.86864090 1.80604303
v 8.76928139 15.88848782 1.82021499
v 8.75327778 15.90625477 1.83477700
v 8.73532295 15.92175674 1.84955394
v 8.71589184 15.93465900 1.86439800
v 6.74133396 18.43001747 1.25701702
v 6.73532867 18.41001129 1.30718505
v 6.73533058 18.38988876 1.35764503
v 7.75353765 18.43001938 1.25701499
v 7.75954342 18.41001511 1.30717897
v 7.75954390 18.38989067 1.35763800
v 6.74133348 18.36988449 1.40780795
v 6.75342274 18.35026932 1.45708299
v 6.77285719 18.33051300 1.50490499
v 6.79745531 18.31192970 1.55069602
v 7.75353765 18.36988831 1.40779698
v 7.74145651 18.35027122 1.45708001
v 7.72201204 18.33051491 1.50489497
v 7.69742107 18.31192970 1.55069697
v 6.82685804 18.29462242 1.59394002
v 6.86082935 18.27868271 1.63410997
v 6.89906406 18.26422501 1.67074001
v 6.94118547 18.25137520 1.70340502
v 7.66802073 18.29462433 1.59393406
v 7.63404608 18.27868462 1.63410199
v 7.59580660 18.26422691 1.67073405
v 7.55369139 18.25137711 1.70339799
v 6.98673964 18.24026299 1.73171794
v 7.03523684 18.23100090 1.75535202
v 7.08613443 18.22368813 1.77403605
v 7.13887691 18.21840858 1.78752804
v 7.19284534 18.21521568 1.79569304
v 7.40873718 18.22369003 1.77402794
v 7.30203438 18.21521759 1.79568899
v 7.35600519 18.21840858 1.78752899
v 7.50813818 18.24026489 1.73171401
v 7.45964622 18.23099899 1.75535703
v 7.24743843 18.21414948 1.79842198
v 8.89635372 15.68415928 1.90640295
v 8.89497089 15.71013165 1.91634703
v 8.89078712 15.73603344 1.92711997
v 8.88386726 15.76093769 1.93861997
v 8.87428379 15.78459740 1.95070505
v 8.86214733 15.80674553 1.96326005
v 8.84759331 15.82714653 1.97613001
v 8.83080196 15.84552002 1.98917103
v 8.81218052 15.86157799 2.00226307
v 8.95772934 15.61816216 2.07376504
v 8.95628357 15.64419556 2.08357191
v 8.95194435 15.67025471 2.09396005
v 8.94477272 15.69543552 2.10481000
v 8.93483639 15.71947670 2.11600494
v 8.92226982 15.74207497 2.12741399
v 8.90707588 15.76318741 2.13891792
v 6.27173519 16.14455414 2.50000000
v 6.41641188 16.18009567 2.50000000
v 6.57073307 16.20974350 2.50000000
v 6.73290920 16.23316002 2.50000000
v 7.76195288 16.23316574 2.50000000
v 6.90105581 16.25008583 2.50000000
v 7.07322979 16.26031494 2.50000000
v 7.24742651 16.26362991 2.50000000
v 7.42162848 16.26031685 2.50000000
v 7.59380102 16.25008392 2.50000000
v 8.99904156 15.55014324 2.24624395
v 8.99756527 15.57623100 2.25592089
v 8.99312210 15.60246563 2.26590300
v 8.97554874 15.65247631 2.28635192
v 8.96295261 15.67516518 2.29659009
v 8.98579025 15.62786961 2.27607894
v 7.92411995 16.20974731 2.50000000
v 8.07844925 16.18010139 2.50000000
v 8.22312450 16.14455605 2.50000000
v 8.37332058 16.09831810 2.50000000
v 8.49566460 16.05151367 2.50000000
v 9.01981926 15.48086929 2.42181706
v 9.01831532 15.50706959 2.43135500
v 9.01379871 15.53366184 2.44092894
v 9.00664043 15.55861950 2.45042801
v 9.01982117 15.48085690 2.50000000
v 9.01831627 15.50706387 2.50000000
v 9.01379871 15.53365707 2.50000000
v 9.00663471 15.55863476 2.50000000
v 8.71577454 15.93472385 2.50000000
v 8.73524761 15.92181587 2.50000000
v 8.97555351 15.65246487 2.50000000
v 8.96292591 15.67520237 2.50000000
v 8.92225647 15.74210262 2.50000000
v 8.90708160 15.76317883 2.50000000
v 8.83079433 15.84552956 2.50000000
v 8.81209755 15.86163807 2.50000000
v 8.62267876 15.99077702 2.50000000
v 8.98579502 15.62786388 2.50000000
v 9.21985722 16.46374893 2.50000000
v 6.74945259 18.35341263 2.50000000
v 6.75912094 18.34360504 2.50000000
v 6.76880169 18.33317566 2.50000000
v 6.78064203 18.32382774 2.50000000
v 6.79343367 18.31418419 2.50000000
v 6.82300949 18.29653168 2.50000000
v 6.85724831 18.28031349 2.50000000
v 6.89581633 18.26564217 2.50000000
v 6.93831635 18.25263786 2.50000000
v 6.98428583 18.24143028 2.50000000
v 7.03323030 18.23212624 2.50000000
v 7.08460808 18.22482491 2.50000000
v 7.13786268 18.21961021 2.50000000
v 7.19237804 18.21653748 2.50000000
v 7.24743843 18.21553993 2.50000000
v 7.30250168 18.21653748 2.50000000
v 7.35701942 18.21961021 2.50000000
v 7.41026402 18.22482681 2.50000000
v 7.46165180 18.23212433 2.50000000
v 7.51059198 18.24143219 2.50000000
v 7.55656052 18.25264168 2.50000000
v 7.59905481 18.26564407 2.50000000
v 7.63762665 18.28031540 2.50000000
v 7.67186880 18.29653358 2.50000000
v 7.70144176 18.31418419 2.50000000
v 7.71422958 18.32382965 2.50000000
v 7.72606945 18.33317757 2.50000000
v 7.73575163 18.34360504 2.50000000
v 7.74542475 18.35341263 2.50000000
v 6.35166264 18.99125862 2.50000000
v 8.26036072 18.01414871 2.50000000
v 9.21985722 18.01414871 2.50000000
v 8.14321327 18.99126053 2.50000000
v 2.72499442 23.42628098 0.50000000
v 5.27501440 22.46731758 0.50000000
v 5.31651449 24.20075607 0.50000000
v 0.56464553 24.50754547 1.23619294
v 0.56326437 24.48122787 1.24524498
v 0.75261509 24.50008202 1.22935104
v 0.75261211 24.44787216 1.24987495
v 0.75260693 24.47371292 1.23835695
v 0.94057834 24.50755119 1.23619998
v 0.94194895 24.48123741 1.24525499
v 6.19532871 20.89096260 0.82883900
v 6.18762255 20.91798019 0.82847798
v 6.18138599 20.94599533 0.83037400
v 6.17687845 20.97405052 0.83450198
v 6.17415237 21.00184441 0.84083998
v 6.17324400 21.02845001 0.84928697
v 6.05186081 20.84680176 0.94098699
v 6.04310894 20.87349129 0.94140399
v 6.03600836 20.90124702 0.94390899
v 6.03089094 20.92911339 0.94848502
v 6.02779579 20.95679092 0.95508200
v 6.02676153 20.98336411 0.96361899
v 5.90484524 20.85106659 1.07123101
v 5.92240238 20.79727554 1.06675506
v 5.91270542 20.82360840 1.06803703
v 5.89916468 20.87872124 1.07629895
v 5.89573574 20.90627480 1.08320105
v 5.89459848 20.93280220 1.09183598
v 5.80848742 20.74297142 1.20465600
v 5.79794884 20.76890945 1.20689201
v 5.78941965 20.79604721 1.21084499
v 5.78325653 20.82346153 1.21645796
v 5.77953005 20.85087776 1.22368205
v 5.77829123 20.87735748 1.23243296
v 6.17324400 21.96170807 1.21166205
v 6.17415237 21.98744583 1.22215295
v 6.17687845 22.01264763 1.23455000
v 6.18138599 22.03640366 1.24873698
v 0.69713366 26.85291100 0.50199300
v 0.75258470 26.85071373 0.50000000
v 0.64233160 26.85950089 0.50795603
v 0.58881956 26.87038040 0.51780802
v 0.53724217 26.88544655 0.53144401
v 0.36169681 26.98321915 0.61996400
v 0.48817223 26.90450096 0.54869699
v 0.44220546 26.92733192 0.56936902
v 0.39988962 26.95368576 0.59322399
v 0.80802870 26.85291672 0.50199503
v 0.86283439 26.85950089 0.50795603
v 0.91633385 26.87039185 0.51781601
v 0.96792191 26.88544846 0.53144801
v 1.01698625 26.90451241 0.54870498
v 1.06294227 26.92735291 0.56938398
v 1.10527503 26.95369148 0.59323102
v 1.14345729 26.98323631 0.61997801
v 2.72499442 27.80154800 0.50000000
v 5.31651449 27.61081505 0.50000000
v 5.31651449 27.98909569 0.50000000
v 0.32808504 27.01561546 0.64929402
v 0.29945642 27.05048370 0.68085998
v 0.27613762 27.08741570 0.71429503
v 0.25840852 27.12597275 0.74920303
v 1.17706740 27.01563072 0.64930600
v 1.20570111 27.05049515 0.68087298
v 1.22900057 27.08743095 0.71430898
v 1.24673772 27.12599182 0.74922198
v 0.24647442 27.16571808 0.78518599
v 0.24046229 27.20616531 0.82180500
v 0.24045788 27.24686432 0.85865003
v 0.75256729 27.22894669 0.84023601
v 0.24644944 27.28732681 0.89527601
v 0.25831047 27.32706833 0.93125099
v 1.25867498 27.16573143 0.78519899
v 1.26467907 27.20618248 0.82182300
v 1.26467741 27.24687576 0.85866100
v 1.25868881 27.28734016 0.89528900
v 1.24681747 27.32708168 0.93126303
v 0.27592158 27.36563683 0.96616399
v 0.29907373 27.40258408 0.99959701
v 0.32759163 27.43728638 1.03116298
v 0.36161044 27.46966553 1.06049502
v 0.40021932 27.49914551 1.08723903
v 1.22920728 27.36565208 0.96617699
v 1.20605588 27.40260124 0.99961197
v 1.14350784 27.46967506 1.06050301
v 1.10490954 27.49916077 1.08725095
v 1.17753804 27.43730354 1.03117895
v 0.44279760 27.52536964 1.11108899
v 0.48888600 27.54805565 1.13176095
v 0.53795278 27.56696320 1.14901805
v 0.58944070 27.58188820 1.16265702
v 0.64278376 27.59266663 1.17251396
v 0.69735372 27.59918404 1.17847800
v 0.75256425 27.60136032 1.18046999
v 1.06232357 27.52538109 1.11109805
v 1.01623356 27.54807091 1.13177598
v 0.96716624 27.56697845 1.14903104
v 0.91567308 27.58189774 1.16266501
v 0.80776542 27.59918404 1.17847705
v 0.86233294 27.59267044 1.17251694
v 6.87369633 21.00469589 0.54002100
v 6.87096167 21.03254700 0.53766102
v 6.86874294 21.06123161 0.53798199
v 6.86713648 21.08977318 0.54096800
v 6.86617088 21.11786842 0.54660898
v 6.68825483 21.01416206 0.58432502
v 6.68496180 21.04274178 0.58490098
v 6.86585140 21.14457512 0.55483299
v 6.69232178 20.98644066 0.58636999
v 6.68258572 21.07120514 0.58807200
v 6.68114281 21.09924889 0.59382802
v 6.68066120 21.12593842 0.60208702
v 7.24742413 21.01942444 0.50261903
v 7.24742079 21.04737854 0.50000000
v 7.24742317 21.07616043 0.50010699
v 7.24742603 21.10476303 0.50295401
v 7.05945778 21.01572990 0.51199901
v 7.05808544 21.04365730 0.50944400
v 7.05696821 21.07241631 0.50960201
v 7.05615902 21.10100555 0.51248699
v 7.05567408 21.12912369 0.51805902
v 7.05551624 21.15584183 0.52625602
v 7.24742413 21.13289261 0.50850397
v 7.24742031 21.15961266 0.51669401
v 7.43538857 21.01573372 0.51199198
v 7.43676329 21.04366493 0.50943798
v 7.43788195 21.07241631 0.50960600
v 7.43868017 21.10100365 0.51248199
v 7.43917465 21.12912750 0.51805502
v 7.43933582 21.15584373 0.52625698
v 7.62114668 21.00469398 0.54002100
v 7.62388468 21.03254700 0.53765500
v 7.62610340 21.06123543 0.53797698
v 7.62770128 21.08977699 0.54096597
v 7.62867451 21.11787033 0.54661101
v 7.80659437 21.01416397 0.58432198
v 7.80988455 21.04274178 0.58489299
v 7.62898970 21.14457321 0.55483299
v 7.80252695 20.98645020 0.58635801
v 7.81226540 21.07120895 0.58806098
v 7.81369781 21.09925652 0.59381503
v 7.81417990 21.12594223 0.60207701
v 9.21985722 22.46731758 0.50000000
v 9.17835999 24.20075607 0.50000000
v 6.51743984 20.96119881 0.65048498
v 6.51210260 20.98872948 0.64889199
v 6.50777483 21.01715469 0.64981300
v 6.50464392 21.04551125 0.65323400
v 6.50274801 21.07349586 0.65914202
v 6.50212717 21.10016251 0.66745400
v 6.35112858 20.92924690 0.73162597
v 6.34457159 20.95654106 0.73059499
v 6.33925772 20.98478317 0.73195398
v 6.33540964 21.01300049 0.73570597
v 6.33309698 21.04089546 0.74180102
v 6.33231544 21.06753731 0.75017703
v 6.86585140 22.07782364 0.91720802
v 6.86617088 22.10346985 0.92792201
v 7.05551624 22.08909416 0.88863200
v 7.24742031 22.09286499 0.87906998
v 7.24742413 22.11849785 0.88981700
v 7.05567408 22.11473083 0.89937198
v 7.05615902 22.13960457 0.91253501
v 7.05696821 22.16282845 0.92796499
v 7.24742603 22.14336205 0.90300202
v 7.24742317 22.16657066 0.91846901
v 7.24742079 22.18787384 0.93606800
v 7.43933582 22.08909225 0.88863200
v 7.43917465 22.11472893 0.89936900
v 7.43868017 22.13960838 0.91253000
v 7.43788195 22.16282654 0.92796803
v 7.62898970 22.07782173 0.91720903
v 7.62867451 22.10346794 0.92792398
v 7.97740841 20.96120262 0.65047401
v 7.98274708 20.98873138 0.64888197
v 7.98707390 21.01716232 0.64979798
v 7.99021006 21.04551697 0.65322900
v 7.99209166 21.07349777 0.65913099
v 7.99271822 21.10016632 0.66744202
v 8.14371586 20.92924881 0.73161399
v 8.15028191 20.95654678 0.73057997
v 8.15559578 20.98478889 0.73194498
v 8.15943432 21.01300812 0.73568898
v 8.16175842 21.04089928 0.74179500
v 8.16253090 21.06754112 0.75016397
v 8.29952240 20.89096832 0.82882798
v 8.30722427 20.91798401 0.82846802
v 8.31346226 20.94599915 0.83036101
v 8.31797504 20.97405243 0.83449399
v 8.32069969 21.00184631 0.84082401
v 8.32160854 21.02845764 0.84927100
v 6.68066120 22.05918884 0.96446198
v 6.68114281 22.08485031 0.97514099
v 6.86713648 22.12837791 0.94101602
v 6.86874294 22.15164375 0.95634401
v 6.87096167 22.17303276 0.97372901
v 6.68258572 22.10980606 0.98812002
v 6.68496180 22.13315010 1.00326300
v 6.87376833 22.19231796 0.99299002
v 6.87714338 22.20927429 1.01392198
v 6.50212717 22.03340912 1.02982903
v 6.50274801 22.05909348 1.04045498
v 6.50464439 22.08411789 1.05328202
v 6.50777483 22.10756874 1.06817603
v 6.51210260 22.12921524 1.08495998
v 6.68825483 22.15465164 1.02039301
v 6.69242811 22.17407036 1.03933895
v 6.88103151 22.22370720 1.03627801
v 6.69743061 22.19119263 1.05987895
v 6.70320749 22.20581436 1.08179402
v 6.88540268 22.23548126 1.05982900
v 6.89021111 22.24444389 1.08430600
v 7.05808544 22.18415260 0.94551200
v 7.05949402 22.20335007 0.96496803
v 7.24742365 22.20704269 0.95558900
v 7.06118774 22.22020721 0.98612702
v 7.06314421 22.23452759 1.00874901
v 7.24742508 22.22386742 0.97682500
v 7.24742746 22.23814964 0.99953699
v 7.43676329 22.18415070 0.94550598
v 7.62770128 22.12837601 0.94101399
v 7.62610340 22.15164375 0.95634001
v 7.62388468 22.17303848 0.97372299
v 7.81226540 22.10980988 0.98810899
v 7.80988455 22.13315582 1.00325596
v 7.43535233 22.20335388 0.96496099
v 7.43365431 22.22020912 0.98612601
v 7.43170023 22.23452759 1.00875103
v 7.62107515 22.19231796 0.99299097
v 7.61770821 22.20927620 1.01391494
v 7.06534290 22.24617386 1.03260505
v 7.24741888 22.24975204 1.02349401
v 7.24742031 22.25852203 1.04841602
v 7.06777048 22.25499153 1.05741596
v 7.07037067 22.26091766 1.08291399
v 7.24741840 22.26439667 1.07403505
v 7.80659437 22.15465355 1.02039003
v 7.80242014 22.17407417 1.03932798
v 7.42950439 22.24617386 1.03260303
v 7.61381102 22.22370911 1.03627396
v 7.42708588 22.25499344 1.05741298
v 7.60943651 22.23548317 1.05982494
v 7.42446756 22.26091576 1.08291805
v 7.60462952 22.24444771 1.08429599
v 7.79741955 22.19119644 1.05987000
v 7.79163313 22.20581818 1.08178401
v 6.33231544 22.00079155 1.11255205
v 6.33309698 22.02650261 1.12311399
v 6.51758051 22.14882660 1.10345399
v 6.52416801 22.16617775 1.12346399
v 6.33540964 22.05159950 1.13575399
v 6.33925772 22.07519341 1.15031600
v 6.34457159 22.09703064 1.16666305
v 6.53177595 22.18106270 1.14476204
v 6.54031134 22.19334602 1.16712296
v 6.70970488 22.21780396 1.10484505
v 6.71684599 22.22700119 1.12876701
v 6.89539766 22.25052071 1.10945201
v 6.72456074 22.23333168 1.15332198
v 6.90091991 22.25362396 1.13497198
v 6.35130167 22.11688232 1.18459594
v 6.35938787 22.13451767 1.20393896
v 6.36871958 22.14973259 1.22445798
v 6.37921381 22.16239548 1.24593496
v 6.54970551 22.20286942 1.19028795
v 6.55983639 22.20954895 1.21402204
v 6.57049561 22.21327019 1.23804903
v 6.73270941 22.23669434 1.17822397
v 7.07315922 22.26386070 1.10882103
v 7.24742126 22.26728439 1.10006905
v 7.42168999 22.26386070 1.10881901
v 7.59944296 22.25052452 1.10944402
v 7.78513432 22.21780777 1.10483503
v 7.77800035 22.22700500 1.12875998
v 7.59393740 22.25362396 1.13497496
v 7.77028751 22.23333549 1.15331399
v 7.76213264 22.23669815 1.17821300
v 8.44299984 20.84680557 0.94097602
v 8.45174885 20.87349892 0.94138801
v 8.45884037 20.90125275 0.94389403
v 8.46396637 20.92912102 0.94846702
v 8.46706009 20.95680237 0.95506901
v 8.46808529 20.98337173 0.96360397
v 8.57245064 20.79728317 1.06673300
v 8.58215618 20.82361794 1.06801403
v 8.59000969 20.85107803 1.07121396
v 8.59568310 20.87872696 1.07628298
v 8.59911537 20.90628242 1.08317804
v 8.60025597 20.93280983 1.09182000
v 8.68636894 20.74297523 1.20464301
v 8.69690609 20.76891518 1.20687497
v 8.70543385 20.79605103 1.21082699
v 8.71160507 20.82346535 1.21644294
v 8.71533489 20.85088158 1.22367001
v 8.71656895 20.87736511 1.23241901
v 7.81417942 22.05919266 0.96445203
v 7.81369781 22.08485413 0.97512901
v 7.99271822 22.03341484 1.02981699
v 7.99209166 22.05909920 1.04044402
v 7.99021006 22.08411598 1.05327702
v 7.98707390 22.10757446 1.06816006
v 7.98274708 22.12921906 1.08494997
v 7.97726727 22.14883232 1.10344398
v 7.97068119 22.16617966 1.12346101
v 8.16253090 22.00079727 1.11254001
v 8.16175842 22.02650261 1.12310803
v 7.96308231 22.18106270 1.14475906
v 8.15943432 22.05160522 1.13573694
v 8.15559578 22.07519722 1.15030706
v 8.15028191 22.09703636 1.16664803
v 7.95453358 22.19335175 1.16711104
v 8.14354324 22.11688614 1.18458295
v 8.13546085 22.13452339 1.20392299
v 8.12612534 22.14974213 1.22444105
v 8.11563873 22.16239929 1.24593103
v 7.94513845 22.20287132 1.19028103
v 7.93500519 22.20955467 1.21401203
v 7.92434788 22.21327400 1.23803997
v 8.32160854 21.96171379 1.21164596
v 8.32069969 21.98745537 1.22213697
v 8.31797504 22.01265335 1.23454201
v 8.31346226 22.03641129 1.24872303
v 6.98303223 26.94097137 0.53298301
v 6.89474773 27.00053596 0.56313902
v 6.93706465 26.96863174 0.54698700
v 6.85655451 27.03631401 0.58125502
v 6.82294989 27.07555008 0.60111803
v 6.79431915 27.11777687 0.62249702
v 7.13718557 26.88646317 0.50538802
v 7.19198895 26.87849617 0.50135303
v 7.24744225 26.87582207 0.50000000
v 7.30289268 26.87849236 0.50135201
v 7.35768604 26.88646507 0.50538802
v 7.08367872 26.89964676 0.51206201
v 7.03209352 26.91789055 0.52129698
v 7.41119957 26.89964867 0.51206303
v 7.46277857 26.91789627 0.52130002
v 7.51184368 26.94097328 0.53298402
v 7.55780888 26.96863174 0.54698700
v 7.60012674 27.00053787 0.56314200
v 7.63831758 27.03630829 0.58125198
v 7.67192554 27.07554817 0.60111701
v 7.70055103 27.11777306 0.62249398
v 9.17835999 27.98909569 0.50000000
v 10.00000000 27.50000000 0.00000000
v 10.00000000 30.00000000 0.00000000
v 11.00055885 28.58332825 0.00000000
v 11.08332920 28.50055885 0.00000000
v 11.03786755 28.53786850 0.00000000
v 10.97283649 28.63519478 0.00000000
v 10.95576477 28.69147301 0.00000000
v 11.13519478 28.47283554 0.00000000
v 11.19147301 28.45576477 0.00000000
v 11.25000000 28.45000076 0.00000000
v 11.30852699 28.45576477 0.00000000
v 11.36480522 28.47283554 0.00000000
v 11.41667080 28.50055885 0.00000000
v 11.46213245 28.53786850 0.00000000
v 11.49944115 28.58332825 0.00000000
v 11.52716351 28.63519478 0.00000000
v 11.54423523 28.69147301 0.00000000
v 12.50000000 27.50000000 0.00000000
v 11.00055885 28.58332825 0.27499998
v 11.08332920 28.50055885 0.27500001
v 11.03786755 28.53786850 0.27500001
v 10.97283649 28.63519478 0.27500001
v 10.95576477 28.69147301 0.27500001
v 11.13519478 28.47283554 0.27500001
v 11.19147301 28.45576477 0.27500001
v 11.25000000 28.45000076 0.27500001
v 11.30852699 28.45576477 0.27500001
v 11.36480522 28.47283554 0.27500001
v 11.41667080 28.50055885 0.27500001
v 11.46213245 28.53786850 0.27500001
v 11.49944115 28.58332825 0.27499998
v 11.52716351 28.63519478 0.27500001
v 11.54423523 28.69147301 0.27500001
v 10.94999981 28.75000000 0.00000000
v 10.95576477 28.80852699 0.00000000
v 10.97283649 28.86480522 0.00000000
v 11.00055885 28.91667175 0.00000000
v 11.03786755 28.96213150 0.00000000
v 11.08332920 28.99944115 0.00000000
v 11.13519478 29.02716446 0.00000000
v 11.19147301 29.04423523 0.00000000
v 11.25000000 29.04999924 0.00000000
v 11.30852699 29.04423523 0.00000000
v 11.36480522 29.02716446 0.00000000
v 11.41667080 28.99944115 0.00000000
v 11.46213245 28.96213150 0.00000000
v 11.49944115 28.91667175 0.00000000
v 11.55000019 28.75000000 0.00000000
v 11.54423523 28.80852699 0.00000000
v 11.52716351 28.86480522 0.00000000
v 12.50000000 30.00000000 0.00000000
v 10.94999981 28.75000000 0.27500001
v 10.95576477 28.80852699 0.27500001
v 10.97283649 28.86480522 0.27500001
v 11.00055885 28.91667175 0.27499998
v 11.03786755 28.96213150 0.27500001
v 11.08332920 28.99944115 0.27500001
v 11.13519478 29.02716446 0.27500001
v 11.19147301 29.04423523 0.27500001
v 11.25000000 29.04999924 0.27500001
v 11.30852699 29.04423523 0.27500001
v 11.36480522 29.02716446 0.27500001
v 11.41667080 28.99944115 0.27500001
v 11.46213245 28.96213150 0.27500001
v 11.49944115 28.91667175 0.27499998
v 11.55000019 28.75000000 0.27500001
v 11.54423523 28.80852699 0.27500001
v 11.52716351 28.86480522 0.27500001
v 10.00000000 27.50000000 0.50000000
v 10.87876892 28.37876892 0.50000000
v 10.73508739 28.64757729 0.50000000
v 10.81347847 28.45832634 0.50000000
v 10.76496315 28.54909134 0.50000000
v 10.00000000 30.00000000 0.50000000
v 10.72500038 28.75000000 0.50000000
v 10.73508739 28.85242271 0.50000000
v 10.76496315 28.95090866 0.50000000
v 10.81347847 29.04167366 0.50000000
v 10.87876892 29.12123108 0.50000000
v 11.04909134 28.26496315 0.50000000
v 10.95832539 28.31347847 0.50000000
v 11.14757729 28.23508835 0.50000000
v 11.25000000 28.22500038 0.50000000
v 11.35242271 28.23508835 0.50000000
v 11.45090866 28.26496315 0.50000000
v 11.54167461 28.31347847 0.50000000
v 11.62123108 28.37876892 0.50000000
v 11.68652153 28.45832634 0.50000000
v 12.50000000 27.50000000 0.50000000
v 11.73503685 28.54909134 0.50000000
v 11.76491261 28.64757729 0.50000000
v 10.95832539 29.18652153 0.50000000
v 11.04909134 29.23503685 0.50000000
v 11.14757729 29.26491165 0.50000000
v 11.25000000 29.27499962 0.50000000
v 11.68652153 29.04167366 0.50000000
v 11.35242271 29.26491165 0.50000000
v 11.45090866 29.23503685 0.50000000
v 11.54167461 29.18652153 0.50000000
v 11.62123108 29.12123108 0.50000000
v 11.77499962 28.75000000 0.50000000
v 11.76491261 28.85242271 0.50000000
v 11.73503685 28.95090866 0.50000000
v 12.50000000 30.00000000 0.50000000
v 6.77100706 27.16250229 0.64513999
v 6.75326967 27.20920563 0.66878498
v 6.74133396 27.25733185 0.69315201
v 6.73530245 27.30634308 0.71795899
v 6.73522568 27.35563087 0.74290901
v 6.74110222 27.40463829 0.76771301
v 7.72387218 27.16249847 0.64513898
v 7.74159718 27.20920563 0.66878599
v 7.75354052 27.25733757 0.69315398
v 7.75957441 27.30633926 0.71795797
v 7.75964642 27.35562897 0.74290800
v 7.75377560 27.40463638 0.76771200
v 6.75286055 27.45280838 0.79208201
v 6.77036667 27.49958420 0.81572503
v 7.74201822 27.45280838 0.79208201
v 7.72451639 27.49958038 0.81572402
v 6.79342890 27.54443550 0.83836901
v 6.82178497 27.58685493 0.85974997
v 6.85519361 27.62616920 0.87961203
v 6.89344168 27.66189194 0.89772600
v 6.93611813 27.69379807 0.91387701
v 6.98236513 27.72142410 0.92787898
v 7.70145369 27.54443932 0.83837003
v 7.60143757 27.66189003 0.89772499
v 7.67308664 27.58685303 0.85974902
v 7.63968897 27.62617111 0.87961298
v 7.55876350 27.69380379 0.91387999
v 7.51251698 27.72142601 0.92787999
v 7.03164482 27.74446106 0.93956703
v 7.08339596 27.76264572 0.94880098
v 7.13702393 27.77579117 0.95547998
v 7.19191408 27.78372192 0.95951200
v 7.35785151 27.77578926 0.95547998
v 7.41147947 27.76265526 0.94880599
v 7.24743652 27.78638077 0.96086401
v 7.30295849 27.78372574 0.95951402
v 7.46323013 27.74446678 0.93957001
v 0.37888244 24.52985954 1.25665295
v 0.37614501 24.50370979 1.26584899
v 0.37393078 24.47804832 1.27751803
v 0.19014050 24.51543427 1.31176805
v 0.18776917 24.49135017 1.32591796
v 0.19343424 24.54088211 1.29991496
v 0.37135661 24.43123627 1.30775499
v 0.37232441 24.45380402 1.29153299
v 0.37104347 24.41105080 1.32599103
v 0.19750236 24.56676674 1.29048896
v 0.56215143 24.45543671 1.25680494
v 0.56134975 24.43109512 1.27073801
v 0.56085640 24.40847397 1.28691602
v 0.75261289 24.42350388 1.26378703
v 0.75261199 24.40085793 1.27994096
v 0.56069684 24.38827133 1.30513203
v 0.75261325 24.38064957 1.29815698
v 0.18632255 24.46887970 1.34222102
v 0.18585214 24.44872475 1.36048198
v 0.01728779 24.59230232 1.34704602
v 0.02262503 24.61781120 1.33729303
v 0.01295141 24.56716537 1.35915804
v 0.00793687 24.52095795 1.38990498
v 0.00982623 24.54330063 1.37349296
v 0.94306511 24.45545006 1.25681400
v 0.94387114 24.43110275 1.27074397
v 0.94436151 24.40847778 1.28691995
v 1.12633634 24.52987862 1.25666702
v 1.12907314 24.50371933 1.26585805
v 1.13128579 24.47806168 1.27753103
v 0.94451916 24.38827896 1.30514097
v 1.13385141 24.43124771 1.30776799
v 1.13289118 24.45381546 1.29154503
v 1.13418019 24.41106987 1.32600701
v 1.31506634 24.51545525 1.31178606
v 1.31745327 24.49136925 1.32593405
v 1.30771387 24.56677628 1.29050004
v 1.31177914 24.54089355 1.29992998
v 1.31888330 24.46889114 1.34223402
v 1.31936204 24.44874382 1.36049998
v 1.48792875 24.59233475 1.34707201
v 1.48258269 24.61783791 1.33731794
v 1.49225891 24.56718826 1.35917795
v 1.49727571 24.52098274 1.38992596
v 1.49538243 24.54332161 1.37351298
v 0.00730910 24.50085068 1.40820599
v 1.49790835 24.50087547 1.40822697
v 1.64889359 24.68245316 1.39656103
v 1.65545166 24.65741920 1.40672302
v 1.66077340 24.63265800 1.41915405
v 1.66461480 24.60907173 1.43372500
v 1.66693616 24.58689690 1.45027804
v 1.66770530 24.56684303 1.46862495
v 1.80469930 24.75986099 1.46753395
v 1.81239951 24.73539162 1.47818899
v 1.82587683 24.66586494 1.52258396
v 1.82678127 24.64588165 1.54099000
v 1.81863999 24.71110153 1.49101400
v 1.82315457 24.68784142 1.50585997
v 1.94816935 24.84917068 1.54941797
v 1.95691764 24.82534790 1.56063294
v 1.96400762 24.80158424 1.57390594
v 1.96912968 24.77870560 1.58907402
v 1.97222757 24.75696945 1.60599899
v 1.97326040 24.73706436 1.62447000
v 2.07762241 24.94930840 1.64123499
v 2.08731556 24.92622757 1.65309095
v 2.09517121 24.90305901 1.66686296
v 2.10542297 24.83930397 1.71807802
v 2.10085392 24.88060760 1.68239200
v 2.10428882 24.85912704 1.69953501
v 2.21676922 24.99235153 1.78472602
v 2.22049880 24.97115326 1.80210400
v 2.22173667 24.95142555 1.82072794
v 5.71144247 20.68451881 1.35309303
v 5.70019579 20.71002579 1.35635197
v 5.69107962 20.73681831 1.36111498
v 5.68450308 20.76398849 1.36731696
v 5.68052387 20.79124832 1.37489796
v 5.67920399 20.81768036 1.38376498
v 5.63240099 20.62261009 1.51031101
v 5.61100006 20.67408943 1.52027702
v 5.62057734 20.64766312 1.51466095
v 5.60407734 20.70099258 1.52710104
v 5.59990072 20.72809219 1.53505504
v 5.59850264 20.75446892 1.54404700
v 6.18762255 22.05846977 1.26454604
v 6.19553185 22.07860947 1.28180897
v 6.02676153 21.91662025 1.32599497
v 6.20502090 22.09659004 1.30034101
v 6.21597767 22.11220741 1.31992698
v 6.02779579 21.94239998 1.33639598
v 6.03089094 21.96771049 1.34853303
v 6.03600836 21.99165726 1.36227095
v 6.22828865 22.12531090 1.34036803
v 6.24182081 22.13573647 1.36142004
v 6.04310894 22.01398659 1.37747204
v 6.05209017 22.03445244 1.39395702
v 5.89459848 21.86605644 1.45421195
v 6.06286383 22.05283546 1.41155303
v 6.07531834 22.06891060 1.43007100
v 5.89573574 21.89187431 1.46451497
v 5.89916468 21.91731834 1.47634697
v 6.08931351 22.08253479 1.44929600
v 6.10469866 22.09352875 1.46902204
v 5.90484524 21.94147873 1.48959303
v 5.91270542 21.96409798 1.50410497
v 5.92265749 21.98493767 1.51972401
v 6.12130737 22.10179710 1.48903298
v 5.93460655 22.00376701 1.53627706
v 5.94841385 22.02036095 1.55357504
v 5.57230139 20.55796432 1.67447102
v 5.56003380 20.58254623 1.67995298
v 5.55009413 20.60858536 1.68647206
v 5.54291534 20.63521767 1.69393396
v 5.53857756 20.66215324 1.70228696
v 5.53714275 20.68847466 1.71141100
v 5.53182697 20.49134827 1.84364402
v 5.51926851 20.51543808 1.85030699
v 5.50909090 20.54108810 1.85774195
v 5.50174570 20.56743050 1.86587405
v 5.49730158 20.59419060 1.87462401
v 5.77829123 21.81060982 1.59480906
v 5.77953005 21.83648109 1.60499501
v 5.78325653 21.86206245 1.61650598
v 5.78941965 21.88644981 1.62920702
v 5.96391869 22.03456116 1.57145202
v 5.98096132 22.04619598 1.58968306
v 5.99902248 22.05500603 1.60809898
v 5.79794884 21.90939713 1.64295995
v 5.80876541 21.93064880 1.65762496
v 5.82174301 21.94996262 1.67303801
v 5.83673048 21.96712303 1.68901300
v 5.85357475 21.98196030 1.70539999
v 5.67920399 21.75093079 1.74614096
v 5.68052387 21.77685165 1.75621104
v 5.68450356 21.80258560 1.76736498
v 5.69107962 21.82722473 1.77947795
v 5.70019579 21.85052109 1.79242003
v 5.71173716 21.87220573 1.80606198
v 5.87206888 21.99427414 1.72200501
v 5.72558212 21.89204979 1.82023096
v 5.74158335 21.90982056 1.83478701
v 5.75954723 21.92531967 1.84957302
v 5.77896738 21.93821907 1.86442101
v 0.75261319 23.69928932 2.03093195
v 0.37104350 23.72969055 2.05876589
v 0.37135664 23.71165466 2.07882595
v 0.37232444 23.69552803 2.10048795
v 0.56069678 23.70690727 2.03790808
v 0.56085634 23.68889236 2.05798602
v 0.75261194 23.68127441 2.05101109
v 0.56134975 23.67282295 2.07969308
v 0.56215149 23.65933800 2.10279393
v 0.75261289 23.66523170 2.07274199
v 0.75261205 23.65177155 2.09586501
v 0.18632258 23.74929619 2.11329198
v 0.18776920 23.73307610 2.13487291
v 0.37393078 23.68194580 2.12350702
v 0.37614504 23.67104530 2.14764190
v 0.19014053 23.71933365 2.15775704
v 0.19343427 23.70821381 2.18170691
v 0.37895450 23.66293907 2.17262197
v 0.56326443 23.64856339 2.12703800
v 0.75260693 23.64104843 2.12015009
v 0.75261509 23.63316536 2.14531994
v 0.56468189 23.64062691 2.15216208
v 0.56637567 23.63561821 2.17789102
v 0.75260544 23.62822533 2.17110610
v 0.94451928 23.70691872 2.03791690
v 0.94436157 23.68889999 2.05799007
v 1.13418019 23.72970963 2.05878305
v 0.94387114 23.67282677 2.07969904
v 0.94306511 23.65934563 2.10280299
v 1.13385129 23.71166992 2.07883906
v 1.13289118 23.69554138 2.10050011
v 0.94194889 23.64857483 2.12704802
v 1.13128591 23.68196106 2.12351990
v 1.12907314 23.67105484 2.14765096
v 0.94054222 23.64063454 2.15216994
v 0.93884194 23.63562202 2.17789412
v 1.12626457 23.66295242 2.17263603
v 1.31888330 23.74931145 2.11330390
v 1.31745327 23.73309135 2.13488889
v 1.31506634 23.71935463 2.15777612
v 1.31177914 23.70823097 2.18172312
v 0.18585218 23.76736259 2.09325790
v 0.00730910 23.81948853 2.14098096
v 0.00793686 23.80137444 2.16097498
v 0.00982624 23.78502464 2.18244696
v 1.31936204 23.76738358 2.09327507
v 1.49790835 23.81951332 2.14100289
v 1.49727571 23.80139732 2.16099596
v 1.49538243 23.78504753 2.18246794
v 0.19760892 23.69983482 2.20645809
v 0.38232797 23.65772438 2.19817805
v 0.38617578 23.65548897 2.22402406
v 0.20260744 23.69428635 2.23172998
v 0.20830028 23.69167137 2.25724506
v 0.56831932 23.63360596 2.20392799
v 0.75261080 23.62629128 2.19721103
v 0.02934833 23.74487114 2.27815294
v 0.03675912 23.74174881 2.30321693
v 0.93689907 23.63361359 2.20393395
v 1.12289274 23.65773773 2.19818997
v 1.11904180 23.65550041 2.22403407
v 1.30760670 23.69984627 2.20646906
v 1.30260229 23.69430542 2.23174906
v 1.29691327 23.69169044 2.25726295
v 1.47585869 23.74489212 2.27817202
v 1.46845841 23.74177361 2.30324006
v 0.03677530 23.74174500 2.50000000
v 0.20831646 23.69166756 2.50000000
v 0.38618869 23.65548706 2.50000000
v 0.52790117 23.42628098 2.50000000
v 0.56832647 23.63360405 2.50000000
v 0.75261080 23.62628937 2.50000000
v 0.93689191 23.63361168 2.50000000
v 1.11902881 23.65549850 2.50000000
v 1.29689705 23.69168663 2.50000000
v 1.46844220 23.74176979 2.50000000
v 0.01295145 23.77106476 2.20514798
v 0.01728772 23.75963974 2.22883892
v 0.02276588 23.75087166 2.25326204
v 1.49225891 23.77108574 2.20516706
v 1.48792875 23.75966644 2.22886395
v 1.48244226 23.75090027 2.25328708
v 2.72499442 23.42628098 2.50000000
v 1.66770518 23.88548088 2.20140004
v 1.66693604 23.86731339 2.22134900
v 1.66461480 23.85079765 2.24268007
v 1.66077352 23.83655739 2.26514292
v 1.65545166 23.82475090 2.28851604
v 1.82678127 23.96452332 2.27376509
v 1.82587683 23.94628525 2.29365396
v 1.64872122 23.81550217 2.31253004
v 1.64060068 23.80890083 2.33692408
v 1.82315457 23.92956352 2.31481504
v 1.81863999 23.91499901 2.33700299
v 1.81239951 23.90272903 2.35998106
v 1.80449629 23.89289474 2.38350391
v 1.79506850 23.88565636 2.40731406
v 1.97326040 24.05570412 2.35724592
v 1.97222757 24.03738976 2.37706900
v 1.96912968 24.02043152 2.39802909
v 1.96400762 24.00548553 2.41989493
v 1.64059854 23.80889702 2.50000000
v 1.79505992 23.88565063 2.50000000
v 1.94793189 23.98218346 2.46538711
v 1.93731034 23.97418213 2.48850894
v 1.93730962 23.97418213 2.50000000
v 1.95691764 23.99268532 2.44242597
v 1.99691176 24.02004814 2.50000000
v 2.03801584 24.05527306 2.50000000
v 2.10542297 24.15794754 2.45085311
v 2.10428882 24.13954735 2.47060490
v 2.06919360 24.08488846 2.50000000
v 2.07485676 24.09031296 2.50000000
v 2.07671952 24.09222221 2.50000000
v 2.09618545 24.11338615 2.50000000
v 2.09878349 24.11614037 2.50000000
v 2.10085416 24.12232971 2.49134707
v 2.11117506 24.13193321 2.50000000
v 2.13848758 24.17151451 2.50000000
v 2.16213846 24.21098900 2.50000000
v 2.17281675 24.22957802 2.50000000
v 2.22286296 24.31937790 2.50000000
v 2.32160616 24.54291534 2.50000000
v 2.40199852 24.77957726 2.50000000
v 5.49582100 20.62045288 1.88389099
v 5.51148701 20.42353249 2.01585388
v 5.49876642 20.44712639 2.02371001
v 5.48847008 20.47237778 2.03208399
v 5.48103714 20.49842644 2.04090095
v 5.47654200 20.52501106 2.05006504
v 5.47504854 20.55121613 2.05946302
v 5.59850264 21.68772697 1.90642297
v 5.59990072 21.71369743 1.91636801
v 5.60407734 21.73958969 1.92714906
v 5.61100006 21.76449776 1.93863904
v 5.62057734 21.78815460 1.95072901
v 5.63271236 21.81030846 1.96327996
v 5.64727831 21.83071136 1.97614598
v 5.66405582 21.84907722 1.98920000
v 5.68268108 21.86513901 2.00228190
v 5.53714275 21.62171936 2.07378697
v 5.53857756 21.64774895 2.08360004
v 5.54291534 21.67381668 2.09398198
v 5.55009413 21.69899940 2.10483408
v 5.56003380 21.72304153 2.11602092
v 5.57260370 21.74563408 2.12743998
v 5.58778763 21.76674461 2.13894796
v 5.51147938 20.35531998 2.18908501
v 5.49876690 20.37841797 2.19813490
v 5.48848295 20.40324974 2.20745993
v 5.48105717 20.42895889 2.21695995
v 5.47653103 20.45556068 2.22653389
v 5.47501469 20.48192978 2.23607206
v 5.53185797 20.28748131 2.36129808
v 5.51927853 20.31010628 2.37153697
v 5.50904226 20.33465958 2.38179994
v 5.56501007 20.23283768 2.50000000
v 5.53453398 20.28396606 2.50000000
v 5.53186321 20.28746986 2.50000000
v 5.51928139 20.31009865 2.50000000
v 5.57866478 20.21105576 2.50000000
v 5.50904465 20.33465576 2.50000000
v 5.48105955 20.42893791 2.50000000
v 5.47653437 20.45553970 2.50000000
v 5.47501945 20.48188782 2.50000000
v 5.47504902 20.53719139 2.50000000
v 5.47635078 20.66507149 2.50000000
v 5.47633886 20.71203041 2.50000000
v 5.47504234 20.72444725 2.50000000
v 5.49582100 21.55370522 2.24626589
v 5.49730158 21.57979584 2.25593710
v 5.50174570 21.60602760 2.26592207
v 5.50907612 21.63143158 2.27610397
v 5.51932335 21.65603828 2.28637505
v 5.53191614 21.67872620 2.29661298
v 5.27501440 22.46731758 2.50000000
v 5.47505188 21.48443031 2.42183805
v 5.47655487 21.51063156 2.43137789
v 5.48107529 21.53722572 2.44094896
v 5.48823166 21.56217957 2.45044589
v 5.47505045 21.48441696 2.50000000
v 5.47655392 21.51062584 2.50000000
v 5.48107481 21.53722191 2.50000000
v 5.48823738 21.56219482 2.50000000
v 5.50907183 21.63142586 2.50000000
v 5.51931810 21.65602684 2.50000000
v 5.53194237 21.67876244 2.50000000
v 5.57261705 21.74566078 2.50000000
v 5.58778191 21.76673698 2.50000000
v 5.66406345 21.84908676 2.50000000
v 5.68276453 21.86520004 2.50000000
v 5.75962162 21.92537880 2.50000000
v 5.77908468 21.93828392 2.50000000
v 5.87218428 21.99434090 2.50000000
v 5.99919462 22.05507469 2.50000000
v 6.12153578 22.10188484 2.50000000
v 5.31651449 24.20075607 2.50000000
v 6.02610254 24.95364189 2.50000000
v 6.17252731 24.81363297 2.50000000
v 2.19153690 25.05912209 1.74191904
v 2.20206404 25.03684807 1.75447297
v 2.21060801 25.01432610 1.76879394
v 2.29982519 25.15590668 1.86359203
v 2.28857660 25.17731857 1.85028696
v 2.30893207 25.13408470 1.87850499
v 2.31551361 25.11261177 1.89486098
v 2.31948900 25.09173012 1.91250396
v 2.32081676 25.07210350 1.93121099
v 2.36761022 25.30251122 1.96507204
v 2.37944078 25.28202057 1.97917402
v 2.38902235 25.26093674 1.99471200
v 2.39593554 25.24000359 2.01152301
v 2.40011692 25.21944046 2.02943397
v 2.40151381 25.19992065 2.04823399
v 2.42771649 25.43323326 2.08492994
v 2.43997717 25.41369247 2.09985399
v 2.44991422 25.39339066 2.11604810
v 2.45709562 25.37301445 2.13333201
v 2.46142888 25.35278893 2.15153193
v 2.46287203 25.33337975 2.17042398
v 0.32244778 27.43539619 2.50000000
v 0.35672882 27.46824455 2.50000000
v 0.39565757 27.49817276 2.50000000
v 1.10947013 27.49818611 2.50000000
v 1.14839137 27.46825218 2.50000000
v 1.18268001 27.43541527 2.50000000
v 2.46817756 25.56794548 2.20844102
v 2.48074269 25.54939079 2.22422194
v 2.49091053 25.52988815 2.24109292
v 2.49826860 25.51009560 2.25886703
v 2.50270462 25.49020767 2.27735400
v 2.50418258 25.47092056 2.29635000
v 2.48852205 25.70508003 2.33417511
v 2.46311188 25.02660942 2.50000000
v 2.50425816 25.28114510 2.50000000
v 2.52495813 25.61093330 2.42453790
v 2.52496314 25.54025459 2.50000000
v 2.52469945 25.61427879 2.50000000
v 2.50123453 25.68752670 2.35082293
v 2.51153421 25.66883850 2.36838388
v 2.51896715 25.64962959 2.38665199
v 2.52346444 25.63010788 2.40544391
v 2.48851967 25.84301758 2.46064806
v 2.52499008 25.69317245 2.50000000
v 2.52315640 25.73628044 2.50000000
v 2.52351999 25.73303795 2.50000000
v 2.51950455 25.77014732 2.50000000
v 2.51914406 25.77282906 2.50000000
v 2.51862121 25.77558708 2.50000000
v 2.50122857 25.82647705 2.47817302
v 2.51152444 25.80860138 2.49641800
v 2.51297855 25.80510521 2.50000000
v 2.51095915 25.81278229 2.50000000
v 2.51664901 25.78641129 2.50000000
v 2.49791479 25.85087204 2.50000000
v 2.48254657 25.88669968 2.50000000
v 2.47366285 25.90596962 2.50000000
v 2.47345877 25.90640640 2.50000000
v 2.43529201 25.97286987 2.50000000
v 2.43590498 25.97197914 2.50000000
v 2.43561935 25.97242355 2.50000000
v 2.41325021 26.00187683 2.50000000
v 2.41361475 26.00144196 2.50000000
v 2.45594954 25.94003487 2.50000000
v 2.45570421 25.94047737 2.50000000
v 2.44363260 25.95976067 2.50000000
v 1.69889653 26.82708359 2.50000000
v 0.43865395 27.52477837 2.50000000
v 0.48525184 27.54776955 2.50000000
v 0.53492218 27.56689644 2.50000000
v 0.58710492 27.58194351 2.50000000
v 0.64122438 27.59273911 2.50000000
v 0.69650972 27.59927559 2.50000000
v 0.75256443 27.60148430 2.50000000
v 0.80860937 27.59927559 2.50000000
v 0.86389148 27.59274292 2.50000000
v 0.97019583 27.56691170 2.50000000
v 0.91800809 27.58195305 2.50000000
v 1.01986670 27.54778481 2.50000000
v 1.06646800 27.52478790 2.50000000
v 2.72499442 27.80154800 2.50000000
v 6.19533968 25.11896324 1.98653901
v 6.18763924 25.09842110 2.00287294
v 6.18139267 25.07875633 2.02111411
v 6.05186558 25.22710609 2.04198694
v 6.04311085 25.20736694 2.05871010
v 6.17688799 25.06067657 2.04105210
v 6.17415905 25.04439545 2.06249404
v 6.03602028 25.18833542 2.07725191
v 6.03090477 25.17072678 2.09741211
v 6.17326117 25.03039742 2.08518195
v 5.92242098 25.34839630 2.10417509
v 5.80849361 25.48138809 2.17236495
v 6.02780771 25.15472412 2.11898208
v 6.02677250 25.14081764 2.14171505
v 5.90485334 25.31122398 2.14020705
v 5.89917898 25.29413986 2.16061497
v 5.89574623 25.27845383 2.18233490
v 5.91270828 25.32953835 2.12132597
v 5.79795647 25.46350288 2.18998790
v 5.78942871 25.44598961 2.20924592
v 5.78325796 25.42946815 2.22991800
v 5.77953482 25.41412354 2.25180197
v 5.71145105 25.62454033 2.24576306
v 5.70019817 25.60769653 2.26389003
v 5.89460659 25.26464844 2.20511603
v 5.77829504 25.40043449 2.27463698
v 5.69109058 25.59102249 2.28354597
v 5.68450928 25.57512665 2.30451393
v 5.68053293 25.56015015 2.32657003
v 5.63240147 25.77615166 2.32349992
v 5.62058115 25.76042557 2.34216809
v 5.31651449 26.09769249 2.50000000
v 5.31651449 26.09799576 2.50000000
v 5.31651449 26.17164993 2.50000000
v 5.31651449 26.20197296 2.50000000
v 5.31651449 26.22404099 2.50000000
v 5.67921019 25.54658699 2.34946489
v 5.77785444 25.28266525 2.50000000
v 5.67890453 25.46780777 2.50000000
v 5.89403868 25.11060524 2.50000000
v 5.61099815 25.74465752 2.36225104
v 5.60408640 25.72939873 2.38352108
v 5.59990311 25.71481705 2.40576291
v 5.57230568 25.93446541 2.40467191
v 5.59850693 25.70138550 2.42872000
v 5.56004143 25.91989708 2.42390203
v 5.55009937 25.90506935 2.44442797
v 5.59833097 25.66387749 2.50000000
v 5.54292250 25.89048767 2.46601701
v 5.54575062 25.83965874 2.50000000
v 5.53858280 25.87631798 2.48845506
v 5.53775454 25.86965752 2.50000000
v 5.53271866 25.89926147 2.50000000
v 5.52589512 25.95692635 2.50000000
v 5.52223825 26.01317024 2.50000000
v 5.52321148 26.06136513 2.50000000
v 5.52321243 26.06837273 2.50000000
v 5.52443314 26.08973885 2.50000000
v 5.52393723 26.09314919 2.50000000
v 5.53183556 26.09761810 2.48832512
v 5.52789879 26.12107849 2.50000000
v 5.53128290 26.14767456 2.50000000
v 5.54126978 26.19681168 2.50000000
v 5.54117584 26.19644356 2.50000000
v 5.55395985 26.24279594 2.50000000
v 5.55383015 26.24242592 2.50000000
v 5.55820513 26.25473213 2.50000000
v 5.56931639 26.28507996 2.50000000
v 5.56915188 26.28470802 2.50000000
v 5.58292818 26.31410408 2.50000000
v 5.58904457 26.32507896 2.50000000
v 5.58881140 26.32471657 2.50000000
v 5.61279392 26.35872841 2.50000000
v 5.61223555 26.35804558 2.50000000
v 5.61249924 26.35839653 2.50000000
v 5.63060904 26.37863350 2.50000000
v 5.63731050 26.38605309 2.50000000
v 5.31651449 27.98909569 2.50000000
v 6.39074945 22.17232895 1.26814306
v 6.40319109 22.17945290 1.29083705
v 6.41616726 22.18361473 1.31376302
v 6.25643015 22.14339638 1.38286698
v 6.27148676 22.14806747 1.40447402
v 8.78342056 20.68452835 1.35307395
v 8.79466438 20.71003532 1.35633600
v 8.80377293 20.73682594 1.36109304
v 8.81035805 20.76399612 1.36729598
v 8.81432915 20.79125595 1.37487602
v 8.81565952 20.81768608 1.38374197
v 8.86245728 20.62261581 1.51029098
v 8.87428379 20.64767075 1.51463604
v 8.88386726 20.67409325 1.52025795
v 8.89078808 20.70100594 1.52707195
v 8.89496136 20.72810555 1.53503394
v 8.89635372 20.75447845 1.54402804
v 8.10410118 22.17233086 1.26813495
v 8.09166622 22.17945862 1.29082406
v 8.07868290 22.18361855 1.31375206
v 8.30722332 22.05847359 1.26453602
v 8.29932022 22.07860947 1.28179801
v 8.28983879 22.09659767 1.30032396
v 8.27887058 22.11221123 1.31991899
v 8.46808529 21.91662407 1.32597899
v 8.26656628 22.12531662 1.34035301
v 8.25302601 22.13574219 1.36140704
v 8.46706009 21.94240189 1.33638203
v 8.46396637 21.96771812 1.34851503
v 8.45884037 21.99166489 1.36225700
v 8.23841858 22.14340210 1.38285303
v 8.22336197 22.14807129 1.40446699
v 8.45174885 22.01399040 1.37745595
v 8.44277000 22.03445816 1.39394498
v 8.43198681 22.05283928 1.41154206
v 8.41952896 22.06892014 1.43004799
v 8.39015007 22.09353638 1.46900201
v 8.40553761 22.08254051 1.44928098
v 8.37354660 22.10180092 1.48902595
v 8.59000969 21.94148064 1.48957598
v 8.58215618 21.96410561 1.50408304
v 8.57219505 21.98495102 1.51970196
v 8.56024456 22.00377464 1.53626096
v 8.54644299 22.02036858 1.55355895
v 8.60025597 21.86606026 1.45419502
v 8.59911537 21.89188576 1.46449101
v 8.59568310 21.91732597 1.47633100
v 8.92256165 20.55797386 1.67444503
v 8.93483448 20.58255196 1.67993605
v 8.94477272 20.60859871 1.68644702
v 8.95194435 20.63522720 1.69391203
v 8.95628357 20.66215897 1.70225894
v 8.95772934 20.68847847 1.71139002
v 8.96303082 20.49135780 1.84362102
v 8.97559166 20.51544571 1.85028398
v 8.98577499 20.54109573 1.85771704
v 8.99312210 20.56743813 1.86585498
v 8.99756527 20.59419823 1.87460697
v 8.53093243 22.03457069 1.57143295
v 8.51388836 22.04619980 1.58967102
v 8.49583817 22.05501175 1.60808003
v 8.71656895 21.81061363 1.59479403
v 8.71533489 21.83648682 1.60498297
v 8.71160507 21.86207008 1.61649096
v 8.70543385 21.88645744 1.62918901
v 8.68609333 21.93065071 1.65761197
v 8.69690609 21.90940285 1.64294302
v 8.67312145 21.94997025 1.67301297
v 8.65813065 21.96713066 1.68899405
v 8.64128304 21.98196793 1.70537996
v 8.81565952 21.75094414 1.74611700
v 8.81432915 21.77686119 1.75618899
v 8.81035805 21.80259323 1.76734400
v 8.80377293 21.82723618 1.77945495
v 8.79466438 21.85052490 1.79240406
v 8.78312397 21.87221336 1.80604303
v 8.62279510 21.99427986 1.72198701
v 8.76927090 21.89205742 1.82021499
v 8.75327778 21.90982437 1.83477700
v 8.73531246 21.92532730 1.84955394
v 8.71589470 21.93822670 1.86439800
v 6.69233036 24.88511848 1.86663902
v 6.87370539 24.84042549 1.84372401
v 6.87097311 24.81785202 1.85907400
v 7.05947495 24.81339836 1.82986701
v 7.24743986 24.80435181 1.82522798
v 7.05809689 24.79063034 1.84512103
v 7.05697584 24.76914215 1.86250198
v 7.24743605 24.78151131 1.84044898
v 7.24743748 24.75998116 1.85780895
v 7.43540192 24.81339264 1.82986403
v 7.43677855 24.79062462 1.84511995
v 7.43789768 24.76914597 1.86250401
v 7.62116146 24.84041786 1.84372103
v 7.62390089 24.81785011 1.85907400
v 7.80254602 24.88512421 1.86664104
v 8.99904156 20.62046432 1.88386798
v 8.98339367 20.42354202 2.01583505
v 8.99610424 20.44713974 2.02368593
v 9.00639153 20.47238159 2.03206611
v 9.01383591 20.49843216 2.04088092
v 9.01832771 20.52502060 2.05004191
v 9.01982307 20.55122566 2.05944109
v 8.89635372 21.68773270 1.90640295
v 8.89496136 21.71370125 1.91634703
v 8.89078808 21.73959923 1.92711997
v 8.88386726 21.76450729 1.93861997
v 8.87428379 21.78816795 1.95070505
v 8.86214733 21.81031609 1.96326005
v 8.84759331 21.83071709 1.97613001
v 8.83080006 21.84909058 1.98917103
v 8.81216717 21.86515045 2.00226402
v 8.95772934 21.62173271 2.07376504
v 8.95628357 21.64776421 2.08357191
v 8.95194435 21.67382431 2.09396005
v 8.94477272 21.69900513 2.10481000
v 8.93483448 21.72305107 2.11600494
v 8.92225933 21.74564362 2.12741399
v 8.90707779 21.76675606 2.13891792
v 6.27172470 22.14812279 2.50000000
v 6.41641188 22.18366623 2.50000000
v 6.57072306 22.21331406 2.50000000
v 6.73289919 22.23673058 2.50000000
v 6.90105629 22.25365448 2.50000000
v 7.07323027 22.26388550 2.50000000
v 7.24742317 22.26719856 2.50000000
v 7.42161846 22.26388550 2.50000000
v 7.59380150 22.25365448 2.50000000
v 7.76194286 22.23673439 2.50000000
v 8.98338699 20.35532761 2.18906498
v 8.99609470 20.37842369 2.19811106
v 9.00639534 20.40325928 2.20743299
v 9.01381302 20.42896843 2.21693897
v 9.01834202 20.45556831 2.22651100
v 9.01985741 20.48194122 2.23604989
v 8.96301651 20.28749084 2.36127591
v 8.97559357 20.31011391 2.37151408
v 8.98583317 20.33466339 2.38178396
v 8.91620064 20.21105385 2.50000000
v 8.92985535 20.23283577 2.50000000
v 8.96301174 20.28747940 2.50000000
v 8.96033955 20.28397560 2.50000000
v 8.97559071 20.31010628 2.50000000
v 8.98583126 20.33465958 2.50000000
v 9.01381016 20.42894745 2.50000000
v 9.01833820 20.45554733 2.50000000
v 9.01985264 20.48189926 2.50000000
v 8.99904156 21.55371284 2.24624395
v 8.99756527 21.57980156 2.25592089
v 8.97553635 21.65604973 2.28635192
v 8.96294212 21.67873573 2.29659009
v 8.99312210 21.60603523 2.26590300
v 8.98578930 21.63144302 2.27607894
v 8.07843876 22.18367004 2.50000000
v 7.92412043 22.21331787 2.50000000
v 8.22312450 22.14812469 2.50000000
v 8.37331963 22.10188866 2.50000000
v 8.49566460 22.05508232 2.50000000
v 9.01981926 21.48443985 2.42181706
v 8.97554111 21.65603828 2.50000000
v 8.96291637 21.67877197 2.50000000
v 8.81208420 21.86520958 2.50000000
v 8.83079243 21.84910011 2.50000000
v 8.92224598 21.74567032 2.50000000
v 8.90708351 21.76674843 2.50000000
v 9.01831532 21.51063919 2.43135500
v 9.01379776 21.53723526 2.44092894
v 9.00662994 21.56219292 2.45042801
v 9.01982117 21.48442650 2.50000000
v 9.01831627 21.51063347 2.50000000
v 9.00662422 21.56220818 2.50000000
v 9.01379776 21.53723145 2.50000000
v 8.98579311 21.63143730 2.50000000
v 8.62267876 21.99434662 2.50000000
v 8.71577740 21.93829155 2.50000000
v 8.73523808 21.92538643 2.50000000
v 9.21985722 22.46731758 2.50000000
v 6.51745701 24.94695854 1.89834595
v 6.50777769 24.90446854 1.93183005
v 6.51211452 24.92515755 1.91407096
v 6.50465250 24.88566399 1.95142496
v 6.68497276 24.84181595 1.89973402
v 6.68826389 24.86286545 1.88214505
v 6.86875534 24.79653168 1.87653303
v 6.86715269 24.77726364 1.89591002
v 6.68259764 24.82274628 1.91920197
v 6.68116140 24.80585480 1.94035399
v 6.86618423 24.76026344 1.91701102
v 6.86586952 24.74601936 1.93958199
v 6.33926725 24.98376083 1.97244895
v 6.50276041 24.86893654 1.97265303
v 6.33542299 24.96528816 1.99220204
v 6.33310699 24.94876480 2.01352692
v 6.50213718 24.85478592 1.99526894
v 6.68068361 24.79165077 1.96294498
v 7.05617332 24.74976540 1.88182795
v 7.05568695 24.73269463 1.90289295
v 7.24744034 24.74055862 1.87711298
v 7.24743319 24.72346687 1.89816999
v 7.05552626 24.71842384 1.92545199
v 7.24743652 24.70919037 1.92072499
v 7.43869400 24.74976349 1.88182604
v 7.43918943 24.73269081 1.90289295
v 7.62611628 24.79653740 1.87653506
v 7.62771988 24.77726364 1.89590895
v 7.80989933 24.84181786 1.89973402
v 7.80661154 24.86286926 1.88214695
v 7.43934441 24.71842384 1.92545295
v 7.62868261 24.76025772 1.91700804
v 7.81228113 24.82274437 1.91920197
v 7.62900925 24.74602127 1.93958402
v 6.33233166 24.93467712 2.03617191
v 7.97741795 24.94695091 1.89834297
v 7.81371212 24.80585670 1.94035494
v 7.98708677 24.90447235 1.93183005
v 7.98276281 24.92515564 1.91407096
v 7.99021435 24.88565826 1.95141995
v 7.81418657 24.79165077 1.96294606
v 7.99210691 24.86892891 1.97265005
v 8.15561008 24.98375702 1.97244704
v 7.99273539 24.85478020 1.99526703
v 8.15944576 24.96528435 1.99220002
v 8.16176891 24.94875908 2.01352406
v 8.16254616 24.93467712 2.03617191
v 6.50143957 24.59083939 2.50000000
v 6.33158684 24.69221306 2.50000000
v 6.68009424 24.51070023 2.50000000
v 6.86544228 24.45276260 2.50000000
v 7.05530119 24.41771507 2.50000000
v 7.24743652 24.40599060 2.50000000
v 7.43956947 24.41771698 2.50000000
v 7.62943649 24.45276642 2.50000000
v 7.81477594 24.51070213 2.50000000
v 7.99343252 24.59083366 2.50000000
v 8.16329002 24.69221306 2.50000000
v 8.32234955 24.81362343 2.50000000
v 8.46877003 24.95364189 2.50000000
v 9.17835999 24.20075607 2.50000000
v 6.35114145 25.02520943 1.93846798
v 6.34458160 25.00398445 1.95447195
v 8.14372921 25.02520561 1.93846595
v 8.15029240 25.00398827 1.95447302
v 8.29953480 25.11895752 1.98653603
v 8.30723286 25.09842110 2.00287294
v 8.31347942 25.07875061 2.02111197
v 8.31798840 25.06068230 2.04105496
v 8.32071209 25.04439735 2.06249309
v 8.44300842 25.22710419 2.04198599
v 8.45175838 25.20735931 2.05870795
v 8.32161617 25.03039169 2.08517790
v 8.45884895 25.18834114 2.07725406
v 8.46397018 25.17072678 2.09740996
v 8.57245445 25.34839058 2.10417295
v 8.46707249 25.15472412 2.11898303
v 8.46810055 25.14081764 2.14171505
v 8.59001637 25.31122971 2.14020991
v 8.58216000 25.32953072 2.12132406
v 8.59569359 25.29413795 2.16061306
v 8.59912682 25.27845383 2.18233609
v 8.68637657 25.48138046 2.17236209
v 6.31224680 27.06876373 2.50000000
v 8.60026169 25.26464844 2.20511508
v 8.69691181 25.46350098 2.18998790
v 8.70544338 25.44598770 2.20924401
v 8.71161556 25.42946434 2.22991610
v 8.71533585 25.41411591 2.25179791
v 8.78343296 25.62452888 2.24575901
v 8.79467201 25.60769653 2.26389098
v 8.71657658 25.40043068 2.27463508
v 8.80378151 25.59102440 2.28354502
v 8.81036663 25.57512474 2.30451298
v 8.81433964 25.56014442 2.32656693
v 8.86246872 25.77614594 2.32349610
v 8.87429619 25.76042366 2.34216809
v 8.81566048 25.54657745 2.34946108
v 8.60083008 25.11060333 2.50000000
v 8.71701717 25.28265953 2.50000000
v 8.81596661 25.46779633 2.50000000
v 8.88387108 25.74465370 2.36224890
v 8.89079189 25.72939491 2.38351798
v 8.89497089 25.71482086 2.40576506
v 8.92257309 25.93445969 2.40466905
v 8.89636612 25.70138359 2.42871904
v 8.93483448 25.91989708 2.42390203
v 8.94476986 25.90506554 2.44442511
v 8.89654255 25.66387367 2.50000000
v 8.95195007 25.89049149 2.46601892
v 8.94913292 25.83966064 2.50000000
v 8.95628738 25.87631989 2.48845506
v 8.95712185 25.86965752 2.50000000
v 8.96215248 25.89926147 2.50000000
v 8.96897984 25.95692825 2.50000000
v 8.97263527 26.01317024 2.50000000
v 8.97330379 26.06349373 2.50000000
v 8.97166157 26.06837273 2.50000000
v 8.97044182 26.08973694 2.50000000
v 8.96304226 26.09761810 2.48832607
v 8.96697903 26.12107658 2.50000000
v 8.96359444 26.14767265 2.50000000
v 8.95370007 26.19644356 2.50000000
v 8.95360565 26.19681168 2.50000000
v 8.94104481 26.24242783 2.50000000
v 8.94091511 26.24279785 2.50000000
v 8.18263149 27.06876564 2.50000000
v 8.88238049 26.35839272 2.50000000
v 8.88264370 26.35804558 2.50000000
v 8.85756397 26.38605118 2.50000000
v 8.92572689 26.28470802 2.50000000
v 8.92556286 26.28507996 2.50000000
v 8.90605927 26.32471657 2.50000000
v 8.90582657 26.32508087 2.50000000
v 8.91194534 26.31410217 2.50000000
v 9.17835999 27.01369667 2.50000000
v 9.17835999 27.01313782 2.50000000
v 9.17835999 27.08451080 2.50000000
v 9.17835999 27.08515549 2.50000000
v 9.17835999 27.15842056 2.50000000
v 9.17835999 27.15913773 2.50000000
v 6.85012245 27.62623405 2.50000000
v 6.88870430 27.66224480 2.50000000
v 6.93182087 27.69458580 2.50000000
v 6.97861004 27.72257423 2.50000000
v 7.02853203 27.74588394 2.50000000
v 7.08092642 27.76427841 2.50000000
v 7.13528490 27.77764511 2.50000000
v 7.19103718 27.78574562 2.50000000
v 7.24743652 27.78845978 2.50000000
v 7.30383539 27.78574944 2.50000000
v 7.35959053 27.77764511 2.50000000
v 7.41394854 27.76428795 2.50000000
v 7.51627207 27.72257614 2.50000000
v 7.46634340 27.74588776 2.50000000
v 7.56306028 27.69459152 2.50000000
v 7.60617542 27.66224289 2.50000000
v 7.64475870 27.62623596 2.50000000
v 9.17835999 27.98909569 2.50000000
f 1791 1799 1308
f 1796 1795 1800
f 1802 1800 1803
f 1800 1801 1803
f 1800 1802 1310
f 1310 1308 1799
f 1799 1800 1310
f 1800 1795 1801
f 1791 1796 1800
f 1799 1791 1800
f 1795 1804 1801
f 1308 1790 1791
f 1308 1789 1790
f 1795 1796 1806
f 1806 1796 1793
f 1796 1792 1793
f 1792 1796 1791
f 1790 1794 1792
f 1808 1792 1794
f 1794 1798 1809
f 1807 1797 1795
f 1313 1813 1817
f 1803 1815 1814
f 1805 1815 1803
f 1814 1802 1803
f 1813 1313 1310
f 1814 1813 1310
f 1310 1802 1814
f 1834 1807 1811
f 1812 1811 1806
f 1809 1808 1794
f 1795 1806 1807
f 1812 1792 1810
f 1792 1808 1810
f 1806 1811 1807
f 1806 1793 1812
f 1793 1792 1812
f 1804 1805 1803
f 1803 1801 1804
f 1795 1797 1804
f 2244 1752 1753
f 1770 1769 1773
f 1769 1768 1773
f 2606 1447 1647
f 2574 1759 1758
f 2559 1758 1646
f 1646 1645 2559
f 2552 1645 1644
f 2540 1644 1643
f 1643 1642 2540
f 1771 1770 1772
f 2244 1631 1752
f 1631 2226 1630
f 2226 1629 1630
f 2535 1642 1641
f 2505 1641 1640
f 1640 1639 2505
f 1627 1629 2218
f 2218 1628 1627
f 2470 1638 1626
f 1782 1781 1783
f 1789 1798 1794
f 1791 1790 1792
f 1790 1789 1794
f 2628 1647 1361
f 1779 1788 1787
f 1786 1783 1787
f 1788 1785 1787
f 1784 1787 1785
f 1773 1779 1787
f 1312 1817 1816
f 1780 1787 1783
f 1781 1780 1783
f 1780 1773 1787
f 1776 1778 1779
f 1776 1777 1778
f 1778 1777 1775
f 1779 1773 1776
f 1773 1753 1776
f 1773 1772 1770
f 1847 1840 1844
f 1807 1975 1797
f 1850 1847 1851
f 1849 1846 1850
f 1842 1849 1848
f 1847 1844 1851
f 1846 1847 1850
f 1849 1843 1846
f 1842 1843 1849
f 1844 1841 1845
f 1834 1976 1807
f 1843 1838 1846
f 1842 1837 1843
f 1836 1837 1842
f 1838 1847 1846
f 1840 1841 1844
f 1847 1839 1840
f 1838 1839 1847
f 1837 1838 1843
f 1840 1835 1841
f 1960 1819 1958
f 1850 1851 1858
f 1848 1849 1854
f 1849 1850 1856
f 1852 1844 1853
f 1851 1844 1852
f 1845 1853 1844
f 1841 1835 2017
f 1304 2016 2003
f 1960 1979 1822
f 1839 1833 1840
f 1819 1934 1958
f 1938 1804 1935
f 1975 1807 1976
f 1935 1797 1975
f 1934 1804 1938
f 1835 1828 1979
f 1828 1822 1979
f 1822 1819 1960
f 1797 1935 1804
f 1816 1817 1825
f 1826 1823 1831
f 1825 1826 1829
f 1824 1821 1827
f 1827 1820 1822
f 1821 1820 1827
f 1823 1818 1824
f 1826 1817 1823
f 1818 1821 1824
f 1825 1817 1826
f 1825 1829 1830
f 1817 1818 1823
f 1820 1819 1822
f 1820 1815 1819
f 1821 1814 1820
f 1815 1805 1819
f 1818 1814 1821
f 1814 1815 1820
f 1817 1813 1818
f 1813 1814 1818
f 1832 1827 1835
f 1838 1833 1839
f 1837 1829 1838
f 1830 1837 1836
f 1840 1832 1835
f 1819 1805 1934
f 1805 1804 1934
f 1833 1832 1840
f 1838 1831 1833
f 1829 1831 1838
f 2531 1626 1628
f 1827 1828 1835
f 1830 1829 1837
f 1831 1824 1833
f 1829 1826 1831
f 1824 1832 1833
f 1824 1827 1832
f 1831 1823 1824
f 1827 1822 1828
f 1601 1488 1608
f 1541 1540 1606
f 1527 1602 1603
f 1540 1528 1604
f 1528 1527 1604
f 1602 1599 1601
f 1527 1600 1602
f 1600 1599 1602
f 1608 1488 1622
f 1494 1586 2317
f 1604 1527 1603
f 1598 1592 1597
f 1597 1591 1596
f 2469 670 1446
f 1596 1589 1595
f 1595 1588 1594
f 1592 1591 1597
f 1594 1587 1593
f 1591 1590 1596
f 1590 1589 1596
f 1548 1606 1607
f 1610 1607 1616
f 1606 1613 1615
f 1607 1606 1616
f 1606 1605 1613
f 1613 1604 1612
f 1604 1611 1612
f 1605 1604 1613
f 1611 1602 1609
f 1548 1607 1610
f 1589 1588 1595
f 2317 1622 1494
f 2317 1586 1592
f 1604 1603 1611
f 1603 1602 1611
f 1602 1608 1609
f 1602 1601 1608
f 1606 1540 1605
f 1540 1604 1605
f 1548 1541 1606
f 1879 1565 1566
f 1574 1546 1575
f 1574 1573 1539
f 1573 1572 1539
f 1569 1562 1571
f 2294 1568 1569
f 1570 1569 1571
f 1568 1560 1569
f 2294 2293 1568
f 2293 1567 1568
f 1578 1574 1575
f 1878 1564 1565
f 1567 1558 1568
f 1557 1558 1567
f 1567 1566 1557
f 1875 1556 1564
f 1875 1555 1556
f 1565 1553 1566
f 1555 1340 1554
f 1563 1571 1562
f 1584 1583 1589
f 1588 1587 1594
f 1587 833 1593
f 1591 1592 1586
f 1591 1584 1590
f 1584 1589 1590
f 1589 1583 1588
f 1588 1581 1587
f 1586 1585 1591
f 1585 1584 1591
f 1616 1606 1615
f 1583 1582 1588
f 1582 1581 1588
f 1581 833 1587
f 1580 1575 1579
f 1580 1578 1575
f 1575 1577 1579
f 1577 1547 1576
f 1575 1547 1577
f 1645 1643 1644
f 1753 1638 1776
f 1757 1755 1768
f 1756 1755 1757
f 1755 1753 1768
f 1754 1753 1755
f 1752 1631 1753
f 1647 1446 1721
f 1721 1361 1647
f 1646 1641 1645
f 1646 1758 1759
f 1645 1642 1643
f 1641 1642 1645
f 1638 1641 1646
f 1641 1633 1640
f 1640 1636 1639
f 1640 1634 1636
f 1638 1633 1641
f 1632 1638 1637
f 1638 1632 1633
f 1774 1762 1763
f 2386 1639 1636
f 2383 1636 1635
f 1635 1634 2383
f 2377 1634 1633
f 1633 1632 2377
f 2375 1632 1637
f 2374 1637 1638
f 1774 1766 1767
f 1763 1766 1774
f 1633 1634 1640
f 1776 1760 1774
f 1768 1753 1773
f 1768 1765 1757
f 1764 1757 1765
f 1760 1762 1774
f 1646 1760 1776
f 1760 1761 1762
f 1776 1638 1646
f 1646 1759 1760
f 1614 1610 1617
f 1580 1579 1620
f 1620 1577 1619
f 2315 1617 1616
f 1619 2310 2311
f 1616 1615 2315
f 2314 1615 1613
f 1614 1618 2310
f 1617 1618 1614
f 1617 1610 1616
f 1621 1580 1620
f 1611 1609 1623
f 1609 1608 1622
f 1446 1305 2469
f 1579 1577 1620
f 1577 1614 1619
f 1577 1576 1614
f 1614 1549 1610
f 1576 1549 1614
f 1549 1548 1610
f 1625 2313 1613
f 1634 1635 1636
f 1628 1753 1627
f 1630 1627 1631
f 1631 1627 1753
f 1753 1628 1638
f 1629 1627 1630
f 1638 1628 1626
f 2530 1306 1447
f 2314 1613 2313
f 1851 1852 1859
f 1625 1611 1624
f 1613 1612 1625
f 1612 1611 1625
f 1611 1623 1624
f 1609 1622 1623
f 2311 1621 1620
f 1620 1619 2311
f 1619 1614 2310
f 1965 1944 1953
f 1968 1970 1967
f 1969 1957 1989
f 1968 1954 1969
f 1954 1957 1969
f 1967 1965 1968
f 1966 1962 1967
f 1962 1965 1967
f 1953 1954 1968
f 1965 1953 1968
f 1968 1969 1993
f 1971 1963 1964
f 1979 1960 1971
f 1960 1963 1971
f 1964 1961 1966
f 1961 1962 1966
f 1963 1961 1964
f 1963 1959 1961
f 1944 1965 1962
f 1962 1961 1944
f 2013 1973 1974
f 1971 1972 1981
f 1979 1971 1980
f 1949 1978 2010
f 1978 1945 1977
f 1945 1978 1946
f 1977 1975 1976
f 1945 1975 1977
f 2017 1835 1980
f 1979 1980 1835
f 1961 1943 1944
f 1973 2013 1972
f 1967 1995 1974
f 1967 1970 1995
f 1973 1967 1974
f 1972 1966 1973
f 1966 1967 1973
f 1964 1966 1972
f 1971 1964 1972
f 1970 1968 1993
f 1943 1941 1944
f 1948 1950 1951
f 1949 1950 1948
f 1978 1949 1946
f 1947 1949 1948
f 1949 1937 1946
f 1947 1937 1949
f 1937 1945 1946
f 1944 1942 1952
f 1944 1941 1942
f 1950 1983 1951
f 1941 1947 1942
f 1941 1937 1947
f 1941 1939 1936
f 1937 1941 1936
f 1940 1941 1943
f 1940 1939 1941
f 1938 1940 1934
f 1938 1939 1940
f 1939 1938 1936
f 1956 1955 1984
f 1960 1959 1963
f 1958 1959 1960
f 1961 1959 1940
f 1940 1943 1961
f 1959 1958 1934
f 1934 1940 1959
f 1957 1956 1988
f 1954 1956 1957
f 1954 1955 1956
f 1980 1971 1981
f 1951 1984 1955
f 1955 1952 1951
f 1952 1948 1951
f 1953 1952 1954
f 1954 1952 1955
f 1952 1953 1944
f 1947 1948 1952
f 1947 1952 1942
f 2005 1989 2004
f 2007 1994 2006
f 2006 1992 2005
f 2005 2003 2006
f 2004 2003 2005
f 2004 2002 2003
f 2001 2000 2003
f 2002 2001 2003
f 2000 364 2003
f 364 363 2003
f 1999 1997 2008
f 2004 1988 2002
f 2002 1985 2001
f 2001 1987 2000
f 1987 1991 2000
f 1997 1994 2007
f 1998 1996 1999
f 1994 1992 2006
f 1992 1989 2005
f 2015 1995 1998
f 2021 2014 2015
f 2019 1982 2020
f 2018 1982 2019
f 2017 1981 2018
f 2036 2035 2016
f 2035 2009 2016
f 2009 2003 2016
f 2035 1999 2009
f 2025 1998 1999
f 2015 1998 2025
f 1996 1997 1999
f 2013 2014 2021
f 2013 2020 1982
f 1981 1982 2018
f 1949 2010 2011
f 2009 1999 2008
f 2008 2003 2009
f 2008 2007 2003
f 2007 2006 2003
f 1997 2007 2008
f 2141 2056 2147
f 1991 1987 1986
f 2012 1990 1986
f 1986 1983 2012
f 1984 1987 1985
f 1951 1986 1984
f 1983 1986 1951
f 1983 1950 2012
f 1950 2011 2012
f 1950 1949 2011
f 1986 1987 1984
f 2141 1862 2055
f 2043 1857 2031
f 2031 1845 2022
f 2054 1862 1857
f 1857 1853 2031
f 1845 2017 2022
f 1982 1972 2013
f 2017 1980 1981
f 1981 1972 1982
f 1969 1992 1993
f 1995 1996 1998
f 1996 1993 1997
f 2014 1974 2015
f 1974 1995 2015
f 2013 1974 2014
f 1995 1993 1996
f 1993 1994 1997
f 1970 1993 1995
f 1993 1992 1994
f 1938 1935 1936
f 1969 1989 1992
f 1985 2002 1988
f 1989 1988 2004
f 1987 2001 1985
f 1986 1990 1991
f 1989 1957 1988
f 1984 1985 1988
f 1988 1956 1984
f 1881 1880 1340
f 1880 1881 1891
f 1880 1890 1877
f 1876 1888 1886
f 1888 1878 1879
f 1876 1878 1888
f 1875 1886 1885
f 1885 1882 1875
f 1886 1875 1876
f 1882 1881 1340
f 1891 1881 1882
f 1882 1341 1875
f 1880 1877 1339
f 1340 1341 1882
f 1339 1340 1880
f 1877 1338 1339
f 1331 1887 1911
f 1923 1874 1868
f 1874 1873 1867
f 1337 1923 1868
f 1885 1895 1882
f 1895 1886 1896
f 1894 1882 1895
f 1893 1884 1897
f 1892 1884 1893
f 1897 2296 2297
f 1884 2296 1897
f 1886 1888 1896
f 1891 1882 1894
f 1895 1885 1886
f 1873 1872 1867
f 1890 1880 1891
f 1890 1887 1877
f 1887 1912 1911
f 1887 1890 1912
f 1911 1923 1337
f 1889 1879 1892
f 1888 1879 1889
f 1892 1883 1884
f 1879 1883 1892
f 1845 1841 2017
f 2016 1304 2214
f 1861 1862 2141
f 1853 1845 2031
f 1861 1859 1862
f 1861 1860 1858
f 2135 1858 1860
f 2135 2134 1855
f 1859 1857 1862
f 1858 1859 1861
f 1333 1334 1865
f 2135 1856 1858
f 1855 1856 2135
f 2134 1854 1855
f 1859 1853 1857
f 1856 1850 1858
f 1858 1851 1859
f 1859 1852 1853
f 1855 1849 1856
f 1854 1849 1855
f 1911 1337 1331
f 1872 1870 1865
f 1870 1871 1865
f 1871 1869 1864
f 1871 1864 1865
f 1869 1863 1864
f 1874 1867 1868
f 1872 1866 1867
f 1872 1865 1866
f 1867 1337 1868
f 1888 1889 1899
f 1866 1336 1867
f 1865 1335 1866
f 1863 1332 1864
f 1864 1333 1865
f 1337 1867 1336
f 1335 1336 1866
f 1865 1334 1335
f 1332 1333 1864
f 1920 1898 1921
f 1924 1925 2067
f 2065 1923 1924
f 1926 1918 1927
f 1925 1913 1926
f 2065 1874 1923
f 1922 1916 1929
f 1921 1915 1922
f 1919 1920 1930
f 1919 1927 1918
f 2067 1925 1926
f 1915 1916 1922
f 1921 1899 1915
f 1898 1899 1921
f 1896 1898 1919
f 1919 1898 1920
f 1918 1896 1919
f 1914 1894 1918
f 1913 1891 1914
f 1924 1912 1925
f 1922 1929 1933
f 1936 1945 1937
f 1975 1945 1936
f 1935 1975 1936
f 2130 2246 1306
f 1917 1897 2129
f 1897 2297 2412
f 1932 1922 1933
f 1931 1922 1932
f 1930 1921 1931
f 1926 1914 1918
f 1930 1928 1919
f 1921 1922 1931
f 1927 1919 1928
f 1930 1920 1921
f 2070 1928 1930
f 1927 1928 2070
f 1926 1927 2069
f 2066 1924 2067
f 2065 1924 2066
f 1899 1892 1915
f 1904 1873 1874
f 1872 1873 1904
f 1870 1872 1903
f 1902 1871 1870
f 1901 1871 1902
f 1869 1901 1900
f 1871 1901 1869
f 1916 1897 1917
f 1915 1892 1916
f 1902 1870 1903
f 1918 1895 1896
f 1895 1918 1894
f 1891 1894 1914
f 1916 1893 1897
f 1892 1893 1916
f 1898 1888 1899
f 1896 1888 1898
f 1912 1890 1891
f 1899 1889 1892
f 1909 1903 1910
f 1923 1911 1924
f 1913 1914 1926
f 1912 1913 1925
f 1911 1912 1924
f 1912 1891 1913
f 1910 1904 2058
f 1905 1874 2065
f 1904 1905 2058
f 1910 1903 1904
f 1560 1562 1569
f 1908 1903 1909
f 1907 1901 1908
f 1906 1901 1907
f 1908 1902 1903
f 1901 1902 1908
f 1900 1901 1906
f 1904 1874 1905
f 1903 1872 1904
f 1343 1346 1344
f 1355 1353 1354
f 1343 1353 1355
f 1353 1351 1352
f 1343 1351 1353
f 1350 1343 1355
f 1350 1349 1348
f 1348 1346 1350
f 1346 1343 1350
f 1346 1345 1344
f 1356 1357 1355
f 1344 1342 1343
f 1564 1876 1875
f 1341 1555 1875
f 1340 1555 1341
f 1339 1551 1340
f 1338 1551 1339
f 1887 1325 1877
f 1325 1338 1877
f 1331 1325 1887
f 1721 1359 1361
f 1809 1346 1348
f 1346 1809 1345
f 1353 1825 1354
f 1352 1825 1353
f 1351 1312 1352
f 1312 1351 1343
f 1309 1343 1342
f 1342 1344 1789
f 1345 1789 1344
f 1325 1319 1338
f 1360 1361 1359
f 1721 1649 245
f 245 1649 1648
f 1306 1360 1359
f 1304 1306 1359
f 1721 281 1359
f 1366 1357 1358
f 1355 1357 1366
f 1366 1350 1355
f 1320 1315 1321
f 1328 1321 1322
f 1320 1321 1328
f 1319 1459 1338
f 1324 1318 1325
f 1323 1317 1324
f 1318 1319 1325
f 1318 1324 1317
f 1322 1316 1317
f 1317 1323 1322
f 1322 1323 1329
f 1315 1322 1321
f 1316 1322 1315
f 1314 1315 1320
f 1318 1458 1319
f 1317 1458 1318
f 1316 1456 1317
f 1315 1456 1316
f 1314 1454 1315
f 1817 1312 1313
f 1329 1330 1336
f 1336 1331 1337
f 1335 1329 1336
f 1326 1329 1334
f 1333 1328 1326
f 1327 1328 1333
f 1334 1329 1335
f 1333 1326 1334
f 1336 1330 1331
f 1332 1327 1333
f 1349 292 1348
f 1332 830 1327
f 456 2109 1305
f 1330 1325 1331
f 1329 1324 1330
f 1320 1328 1327
f 1326 1322 1329
f 1328 1322 1326
f 1324 1325 1330
f 1329 1323 1324
f 1389 1378 1386
f 1391 1385 1392
f 2214 1304 1359
f 2148 1376 1369
f 2142 1369 1368
f 1367 2142 1368
f 1848 1357 1842
f 1389 1386 1387
f 1389 1390 1388
f 1389 1387 1390
f 1393 1392 1395
f 1400 1366 1389
f 2133 1367 1366
f 1854 1366 1358
f 1358 1357 1854
f 1392 1385 1383
f 1400 1392 1371
f 1384 1383 1385
f 1383 1382 1392
f 1382 1371 1392
f 1359 284 2214
f 1407 1423 1424
f 1405 1404 1421
f 1407 1406 1422
f 1406 1405 1422
f 1407 1422 1423
f 1421 1422 1405
f 1404 1420 1421
f 2292 1361 1360
f 2246 1360 1306
f 1381 1375 1382
f 1400 1401 1402
f 1403 1402 1401
f 1398 1399 1400
f 1389 1398 1400
f 1397 1396 1402
f 1396 1395 1402
f 1402 1392 1400
f 1395 1392 1402
f 1394 1393 1395
f 1365 1364 1370
f 1374 1372 1382
f 1372 1371 1382
f 1371 1350 1400
f 1347 301 1350
f 1366 1376 1378
f 1376 1368 1369
f 1366 1368 1376
f 1366 1367 1368
f 1371 1370 1364
f 1400 1350 1373
f 1364 1350 1371
f 1350 1366 1373
f 1364 1363 1350
f 1347 1363 1362
f 1350 1363 1347
f 1357 1356 1842
f 1355 1842 1356
f 1354 1830 1355
f 301 1349 1350
f 1345 1809 1798
f 1375 1374 1382
f 1362 311 1347
f 1842 1355 1836
f 1355 1830 1836
f 1348 292 1809
f 1830 1354 1825
f 1825 1352 1816
f 1352 1312 1816
f 1343 1309 1312
f 1311 1310 1313
f 1789 1345 1798
f 1342 1307 1309
f 1307 1342 1789
f 1379 1380 1386
f 1378 1379 1386
f 1366 1378 1389
f 1373 1366 1400
f 1378 1376 1377
f 1265 1264 1270
f 1196 1276 1197
f 1191 1276 1196
f 1270 1248 1249
f 1270 1247 1248
f 1270 1235 1247
f 1240 1235 1270
f 1270 1239 1240
f 1270 1266 1265
f 1264 1263 1270
f 1197 1277 1198
f 1258 1257 1270
f 1257 1256 1270
f 1262 1269 1270
f 1263 1262 1270
f 1269 1259 1270
f 1259 1258 1270
f 1270 1260 1261
f 1268 1260 1270
f 1270 1267 1266
f 1209 1211 1287
f 1273 1190 1272
f 1190 1273 1274
f 1272 1190 1271
f 1189 1300 1271
f 1289 1213 1209
f 1212 1213 1289
f 1203 1212 1290
f 1292 1202 1203
f 1210 1287 1211
f 1270 1261 1267
f 1207 1283 1208
f 1206 1282 1207
f 1205 1281 1206
f 1201 1202 1292
f 1200 1201 1293
f 1195 1200 1295
f 1204 1280 1205
f 1199 1279 1204
f 1198 1278 1199
f 1230 1229 1264
f 1254 1255 1246
f 1254 1242 1253
f 1252 1253 1242
f 1223 1266 1267
f 1266 1222 1265
f 1264 1229 1245
f 1261 1223 1267
f 1260 1181 1261
f 1268 1176 1260
f 1246 1255 1259
f 1229 1244 1245
f 1222 1230 1265
f 1244 1227 1246
f 1246 1226 1243
f 1243 1254 1246
f 1243 1242 1254
f 1242 1241 1252
f 1242 1224 1241
f 1241 1105 1252
f 1256 1123 1270
f 1270 1250 1251
f 1270 1251 1268
f 1249 1250 1270
f 1263 1245 1262
f 1264 1245 1263
f 1262 1244 1269
f 1265 1230 1264
f 1245 1244 1262
f 1244 1246 1269
f 1191 1274 1275
f 1259 1255 1258
f 1258 1254 1257
f 1257 1253 1256
f 1255 1254 1258
f 1254 1253 1257
f 1253 1252 1256
f 1246 1259 1269
f 1252 1123 1256
f 1290 1289 1301
f 1299 1298 1301
f 1298 1297 1301
f 1297 1296 1301
f 1296 1295 1301
f 1295 1294 1301
f 1294 1293 1301
f 1293 1292 1301
f 1292 1291 1301
f 1291 1290 1301
f 1303 1299 1301
f 1289 1288 1301
f 1288 1287 1301
f 1287 1286 1301
f 1286 1285 1301
f 1285 1284 1301
f 1284 1283 1301
f 1283 1282 1301
f 1282 1281 1301
f 1280 1279 1011
f 1304 121 1306
f 1312 1311 1313
f 1312 1309 1311
f 1311 1308 1310
f 1309 1308 1311
f 1309 1307 1308
f 1307 1789 1308
f 2003 283 1304
f 567 245 1648
f 1306 454 1305
f 1281 1280 1011
f 2438 2437 1302
f 2437 2436 1302
f 2436 2435 1302
f 2435 2433 1302
f 2434 1302 2433
f 2434 2432 1302
f 2432 2431 1302
f 2431 1303 1301
f 2431 1301 1302
f 1303 2431 1193
f 1284 1208 1283
f 1283 1207 1282
f 1282 1206 1281
f 1281 1205 1280
f 1280 1204 1279
f 1279 1199 1278
f 1277 1197 1276
f 1278 1198 1277
f 2431 2428 1193
f 1210 1285 1286
f 2428 2422 1187
f 1193 1299 1303
f 1299 1194 1298
f 1194 1297 1298
f 1194 1296 1297
f 1296 1195 1295
f 1210 1214 1285
f 1208 1284 1214
f 1276 1191 1275
f 1285 1214 1284
f 1279 1278 1011
f 1274 1273 1011
f 1276 1275 1011
f 1275 1274 1011
f 1272 1011 1273
f 1272 1271 1011
f 1278 1277 1011
f 1011 1277 1276
f 1011 1301 1281
f 1408 1407 1424
f 1289 1209 1288
f 1292 1203 1291
f 1203 1290 1291
f 1212 1289 1290
f 1200 1293 1294
f 1293 1201 1292
f 1209 1287 1288
f 1287 1210 1286
f 1502 1517 1519
f 1551 1505 1506
f 1550 1504 1505
f 1505 1551 1550
f 1509 1510 1552
f 1506 1501 1507
f 1501 1509 1507
f 1505 1500 1506
f 1519 1520 1503
f 1503 1502 1519
f 1507 1509 1508
f 1502 1516 1517
f 1509 1499 1502
f 1501 1498 1509
f 1509 1498 1499
f 1500 1497 1501
f 1502 1499 1516
f 1499 1467 1516
f 1499 1498 1467
f 1497 1467 1498
f 1514 1520 1534
f 1515 1538 1561
f 1538 1515 1537
f 1515 1534 1537
f 1515 1514 1534
f 1514 1515 1560
f 1513 1511 1559
f 1512 1513 1553
f 1511 1514 1559
f 1513 1512 1511
f 1498 1501 1497
f 1514 1511 1520
f 1511 1503 1520
f 1512 1503 1511
f 1512 1502 1503
f 1510 1502 1512
f 1509 1502 1510
f 1506 1507 1555
f 1552 1510 1512
f 1508 1509 1552
f 1484 1489 1490
f 1491 1583 1584
f 1583 1490 1582
f 1582 1489 1581
f 1491 1490 1583
f 1490 1489 1582
f 1494 1487 1493
f 1493 1486 1492
f 1486 1491 1492
f 1491 1484 1490
f 1492 1491 1584
f 1489 832 1581
f 1489 1483 826
f 1487 1494 1488
f 1486 1493 1487
f 1485 1491 1486
f 1484 1491 1485
f 1488 1481 1487
f 1481 1486 1487
f 1486 1479 1485
f 1327 829 1320
f 1496 1461 1500
f 1461 1497 1500
f 1495 1461 1496
f 1500 1501 1506
f 1504 1495 1505
f 1505 1496 1500
f 1505 1495 1496
f 1338 1459 1550
f 1459 1504 1550
f 1516 1470 1517
f 1488 1494 1622
f 1599 1482 1601
f 1482 1488 1601
f 1599 1445 1482
f 1494 1585 1586
f 1585 1493 1584
f 1494 1493 1585
f 1493 1492 1584
f 1544 1542 1547
f 1555 1507 1508
f 1554 1506 1555
f 1551 1506 1554
f 1576 1545 1549
f 1547 1545 1576
f 1545 1543 1549
f 1575 1544 1547
f 1546 1544 1575
f 1547 1542 1545
f 1552 1512 1553
f 1549 1533 1548
f 1533 1541 1548
f 1543 1533 1549
f 1542 1543 1545
f 1543 1531 1533
f 1542 1531 1543
f 1539 1546 1574
f 1539 1544 1546
f 1539 1536 1544
f 1557 1513 1558
f 1558 1559 1560
f 1562 1561 1563
f 1563 1538 1572
f 1561 1538 1563
f 1560 1561 1562
f 1558 1513 1559
f 1560 1515 1561
f 1559 1514 1560
f 1560 1568 1558
f 1538 1539 1572
f 1553 1557 1566
f 1564 1552 1553
f 1564 1553 1565
f 1556 1552 1564
f 1555 1508 1556
f 1551 1554 1340
f 1551 1338 1550
f 1553 1513 1557
f 1552 1556 1508
f 1520 1522 1534
f 1525 1524 1527
f 1476 1599 1600
f 1524 1476 1527
f 1523 1526 1529
f 1526 1474 1525
f 1523 1474 1526
f 1522 1531 1542
f 1522 1530 1531
f 1522 1521 1530
f 1527 1476 1600
f 1520 1521 1522
f 1520 1519 1521
f 1521 1529 1530
f 1521 1518 1529
f 1529 1470 1523
f 1518 1470 1529
f 1517 1518 1521
f 1517 1521 1519
f 1517 1470 1518
f 1531 1530 1533
f 1539 1538 1536
f 1538 1537 1536
f 1544 1535 1542
f 1536 1535 1544
f 1535 1522 1542
f 1534 1536 1537
f 1534 1535 1536
f 1534 1522 1535
f 1533 1532 1541
f 1479 1484 1485
f 1533 1529 1532
f 1529 1526 1532
f 1530 1529 1533
f 1541 1526 1540
f 1526 1528 1540
f 1526 1541 1532
f 1528 1525 1527
f 1526 1525 1528
f 1435 1440 1436
f 1442 1477 1439
f 1441 1444 1445
f 1444 1438 1443
f 1441 1438 1444
f 1443 1436 1440
f 1440 1435 1439
f 1435 1442 1439
f 1438 1437 1443
f 1436 1443 1437
f 1440 1439 1479
f 1434 1442 1435
f 1441 1432 1438
f 1432 1437 1438
f 1432 1441 1433
f 1431 1437 1432
f 1437 1431 1436
f 1436 1430 1435
f 1435 1428 1434
f 1431 1430 1436
f 1721 669 1716
f 1448 1449 1455
f 1415 1453 1452
f 1452 1451 1413
f 1451 1450 1410
f 1450 1449 1409
f 1449 1448 1409
f 1412 1448 819
f 816 1448 1454
f 1412 819 1404
f 1430 1429 1435
f 670 1721 1446
f 567 1648 1716
f 669 1721 670
f 1447 1446 1647
f 1305 1446 1447
f 1306 1305 1447
f 1445 1444 1482
f 1444 1443 1481
f 1443 1440 1479
f 1406 1407 1410
f 1417 1421 1416
f 1421 1417 1422
f 1414 1408 1415
f 1415 1408 1411
f 1413 1408 1414
f 1410 1407 1413
f 1409 1406 1410
f 1412 1404 1409
f 1407 1408 1413
f 1422 1417 1418
f 1409 1405 1406
f 1404 1405 1409
f 1452 1414 1415
f 1452 1413 1414
f 1451 1410 1413
f 1450 1409 1410
f 1448 1412 1409
f 1425 1408 1424
f 1425 1411 1408
f 1424 1423 1419
f 1429 1428 1435
f 1433 1427 1432
f 1432 1426 1431
f 1426 1432 1427
f 1419 1431 1426
f 1429 1416 1428
f 1424 1426 1427
f 1424 1419 1426
f 1427 1425 1424
f 1449 1450 1456
f 1423 1422 1419
f 1416 1421 1420
f 1419 1418 1431
f 1431 1418 1430
f 1418 1429 1430
f 1418 1417 1429
f 1417 1416 1429
f 1418 1419 1422
f 1467 1466 1468
f 1523 1469 1474
f 1469 1473 1474
f 1470 1469 1523
f 1473 1464 1472
f 1469 1468 1473
f 1468 1464 1473
f 1516 1469 1470
f 1467 1469 1516
f 1467 1468 1469
f 1472 1471 1476
f 1466 1465 1468
f 1472 1463 1471
f 1464 1463 1472
f 1465 1464 1468
f 1465 1463 1464
f 1462 1463 1465
f 1475 1441 1599
f 1471 1441 1475
f 1497 1466 1467
f 1443 1479 1480
f 1484 1477 1483
f 1483 1489 1484
f 1488 1482 1481
f 1481 1480 1486
f 1480 1479 1486
f 1479 1478 1484
f 1478 1477 1484
f 1482 1444 1481
f 1481 1443 1480
f 1461 1465 1497
f 1479 1439 1478
f 1439 1477 1478
f 1477 826 1483
f 1476 1475 1599
f 1525 1473 1524
f 1524 1472 1476
f 1474 1473 1525
f 1476 1471 1475
f 1473 1472 1524
f 1456 1315 1455
f 1477 1442 823
f 1442 1434 822
f 822 1434 1428
f 820 1428 1416
f 1420 817 1416
f 817 1420 1404
f 1459 1319 1458
f 1458 1317 1457
f 1456 1457 1317
f 1454 1314 827
f 1458 1452 1459
f 1457 1451 1458
f 1455 1449 1456
f 1454 1448 1455
f 1456 1451 1457
f 1454 1455 1315
f 1452 1453 1459
f 1451 1452 1458
f 1456 1450 1451
f 1462 1425 1463
f 1465 1466 1497
f 1461 1462 1465
f 1461 1460 1462
f 1495 1460 1461
f 1504 1415 1495
f 1415 1460 1495
f 1459 1453 1504
f 1441 1445 1599
f 1463 1427 1471
f 2017 2018 2023
f 1471 1433 1441
f 1427 1433 1471
f 1425 1427 1463
f 1460 1425 1462
f 1453 1415 1504
f 1460 1411 1425
f 1411 1460 1415
f 1314 1320 827
f 2430 2429 2435
f 2436 2430 2435
f 2435 2429 2433
f 2433 2428 2434
f 2428 2432 2434
f 2428 2431 2432
f 2439 2427 2438
f 2438 2426 2437
f 2437 2424 2436
f 2424 2430 2436
f 1302 2469 2438
f 2429 2428 2433
f 2451 2395 2439
f 2395 2451 2440
f 2426 2438 2427
f 2425 2437 2426
f 2424 2437 2425
f 2424 2429 2430
f 2429 2422 2428
f 2395 2427 2439
f 2441 2405 2440
f 2419 2420 2469
f 2468 2404 2454
f 2373 2468 2467
f 2373 2467 2466
f 2445 2444 2459
f 2444 2441 2459
f 2441 2440 2451
f 2404 2455 2454
f 2410 2443 2453
f 2423 2429 2424
f 2411 2410 2456
f 2443 2409 2442
f 2455 2403 2411
f 2409 2445 2442
f 2445 2407 2444
f 2444 2406 2441
f 2369 2466 2450
f 2439 2438 2469
f 2451 2439 2461
f 2372 2371 2403
f 2398 2406 2407
f 2450 2449 2331
f 2449 2448 2331
f 2447 2312 2446
f 2447 2421 1621
f 2448 2446 2312
f 2466 2369 2373
f 2372 2403 2404
f 2402 2371 2370
f 2408 2398 2407
f 2402 2401 2411
f 2401 2400 2409
f 2400 2399 2408
f 2406 2396 2405
f 2398 2408 2399
f 2397 2406 2398
f 2396 2406 2397
f 2371 2402 2403
f 2368 2401 2402
f 2410 2409 2443
f 2422 2429 2423
f 2469 2109 2419
f 2109 2418 2419
f 2418 2109 2417
f 2416 2417 2109
f 2415 2416 2109
f 2372 2404 2468
f 2468 2373 2372
f 2404 2403 2455
f 2469 2420 2421
f 2409 2408 2445
f 2408 2407 2445
f 2407 2406 2444
f 2406 2405 2441
f 2389 2440 2405
f 2411 2401 2410
f 2401 2409 2410
f 2409 2400 2408
f 2403 2402 2411
f 2478 2471 2473
f 2477 2479 2480
f 2477 2478 2479
f 2489 2477 2480
f 2488 2477 2489
f 2488 2380 2477
f 2476 2477 2380
f 2477 2474 2478
f 2476 2474 2477
f 2476 2475 2474
f 2481 2480 2479
f 2474 2471 2478
f 2532 2471 2472
f 2531 2472 2470
f 2473 2479 2478
f 2532 2482 2471
f 2472 2531 2532
f 2475 2471 2474
f 2472 2471 2475
f 2475 2374 2472
f 2483 2485 2504
f 2495 2491 2493
f 2495 2494 2490
f 2491 2495 2490
f 2491 2489 2492
f 2489 2491 2490
f 2490 2488 2489
f 2504 2486 2483
f 2221 2485 2484
f 2485 2483 2484
f 2374 2470 2472
f 2479 2473 2483
f 2473 2484 2483
f 2471 2484 2473
f 2483 2486 2487
f 2487 2479 2483
f 2471 2482 2484
f 2492 2489 2480
f 2480 2481 2492
f 2487 2481 2479
f 2459 2441 2458
f 2464 2459 2462
f 2462 2458 2461
f 2460 2459 2464
f 2459 2458 2462
f 2458 2451 2461
f 2453 2443 2452
f 2452 2442 2465
f 2445 2460 2463
f 2445 2459 2460
f 2463 2460 2464
f 2441 2451 2458
f 2456 2410 2453
f 2457 2411 2456
f 2455 2411 2457
f 2443 2442 2452
f 2442 2445 2465
f 2469 2446 2448
f 2469 2447 2446
f 2469 2421 2447
f 2469 2454 2455
f 2456 2453 2469
f 2457 2456 2469
f 2457 2469 2455
f 2452 2465 2469
f 2452 2469 2453
f 2465 2463 2469
f 2469 2449 2450
f 2469 2448 2449
f 2469 2467 2468
f 2368 2400 2401
f 2469 2468 2454
f 2469 2466 2467
f 2469 2450 2466
f 2464 2462 2469
f 2462 2461 2469
f 2463 2464 2469
f 2465 2445 2463
f 2461 2439 2469
f 2345 2344 2350
f 2355 2354 2363
f 1621 2312 2447
f 2353 2352 2369
f 2352 2351 2369
f 2351 2336 2361
f 2336 2335 2360
f 1580 1621 2421
f 2345 2350 2389
f 2345 2405 2309
f 2356 2355 2365
f 2344 2349 2350
f 2349 2343 2348
f 2348 2341 2347
f 2346 2347 2341
f 2344 2343 2349
f 2343 2342 2348
f 2342 2341 2348
f 2341 2340 2346
f 2309 2344 2345
f 2361 2336 2360
f 2366 2356 2365
f 2363 2309 2396
f 2331 2353 2450
f 2448 2324 2331
f 2312 2324 2448
f 2360 2358 2368
f 2358 2359 2368
f 2369 2351 2362
f 2351 2361 2362
f 2344 2307 2343
f 2360 2334 2358
f 2334 2359 2358
f 2359 2332 2357
f 2335 2334 2360
f 2332 2356 2357
f 2365 2355 2364
f 2363 2364 2355
f 2357 2366 2359
f 2356 2366 2357
f 2351 2330 2336
f 2333 2332 2359
f 2332 2339 2356
f 2339 2338 2356
f 2338 2355 2356
f 2355 2337 2354
f 2337 2355 2338
f 2354 1598 2363
f 2353 2329 2352
f 2329 2351 2352
f 2334 2333 2359
f 2331 2329 2353
f 2329 2330 2351
f 2336 2327 2335
f 2335 2327 2334
f 2330 2328 2336
f 2328 2327 2336
f 2334 2326 2333
f 2333 2322 2332
f 2331 2323 2329
f 2297 2295 2413
f 2307 2342 2343
f 2309 2308 2344
f 2308 2307 2344
f 2307 2306 2342
f 2306 2305 2342
f 2305 2341 2342
f 2341 2304 2340
f 2305 2304 2341
f 2109 2469 1305
f 2359 2366 2367
f 1578 1580 2420
f 2419 1574 1578
f 1573 1574 2419
f 1572 1573 2418
f 2295 1570 2414
f 1563 2416 1571
f 1571 2415 1570
f 1572 2417 1563
f 2412 2297 2413
f 2389 2350 2395
f 2350 2349 2393
f 2349 2348 2393
f 2348 2347 2391
f 2347 2346 2390
f 2421 2420 1580
f 2420 2419 1578
f 2418 1573 2419
f 2417 1572 2418
f 2391 2347 2390
f 2416 1563 2417
f 2415 1571 2416
f 2413 2295 2414
f 2414 1570 2415
f 2499 2388 2386
f 2499 2387 2496
f 2387 2499 2386
f 2387 2385 2496
f 2384 2385 2387
f 2422 2423 2391
f 2367 2399 2400
f 2399 2366 2398
f 2450 2353 2369
f 2440 2389 2395
f 2427 2395 2426
f 2426 2393 2425
f 2424 2425 2393
f 2395 2394 2426
f 2424 2391 2423
f 2386 2384 2387
f 2394 2393 2426
f 2393 2392 2424
f 2392 2391 2424
f 2391 2390 2422
f 2405 2345 2389
f 2395 2350 2394
f 2350 2393 2394
f 2393 2348 2392
f 2391 2392 2348
f 2361 2360 2371
f 2375 2475 2376
f 2130 1306 2530
f 2373 2362 2372
f 2371 2372 2361
f 2371 2360 2370
f 2360 2368 2370
f 2369 2362 2373
f 2368 2359 2367
f 2362 2361 2372
f 2376 2475 2476
f 2402 2370 2368
f 2398 2364 2397
f 2400 2368 2367
f 2399 2367 2366
f 2397 2363 2396
f 2365 2364 2398
f 2366 2365 2398
f 2364 2363 2397
f 2405 2396 2309
f 2381 2379 2380
f 2383 2384 2386
f 2494 2385 2490
f 2385 2382 2490
f 2384 2381 2385
f 2381 2384 2383
f 2381 2382 2385
f 2382 2380 2490
f 2380 2488 2490
f 2381 2380 2382
f 2491 2492 2493
f 2381 2377 2379
f 2378 2381 2383
f 2377 2381 2378
f 2379 2376 2380
f 2376 2476 2380
f 2375 2376 2379
f 2375 2379 2377
f 2475 2375 2374
f 2564 2558 2561
f 2566 2562 2571
f 2562 2563 2572
f 2559 2566 2565
f 2566 2560 2562
f 2559 2560 2566
f 2563 2564 2572
f 2564 2561 2567
f 2563 2557 2564
f 2562 2557 2563
f 2571 2562 2572
f 2558 2564 2557
f 2561 2554 2568
f 2560 2555 2562
f 2559 2555 2560
f 2562 2556 2557
f 2556 2562 2555
f 2558 2551 2561
f 2552 2555 2559
f 2557 2551 2558
f 2580 2530 2582
f 2575 2580 2573
f 2572 2573 2581
f 2576 2566 2577
f 2574 2566 2576
f 2577 2571 2572
f 2566 2571 2577
f 2573 2564 2575
f 2565 2566 2574
f 2572 2564 2573
f 2551 2554 2561
f 2578 2530 2580
f 2575 2570 2578
f 2575 2567 2570
f 2567 2569 2570
f 2570 2530 2578
f 2569 2561 2568
f 2564 2567 2575
f 2561 2569 2567
f 2554 2529 2568
f 2549 2543 2548
f 2555 2549 2556
f 2550 2557 2548
f 2552 2549 2555
f 2549 2548 2556
f 2545 2549 2552
f 2551 2547 2554
f 2550 2546 2551
f 2548 2544 2550
f 2546 2547 2551
f 1761 2589 2591
f 2544 2546 2550
f 2546 2542 2547
f 2543 2544 2548
f 2540 2549 2545
f 2549 2541 2543
f 2541 2549 2540
f 2544 2539 2546
f 2539 2542 2546
f 2537 2543 2541
f 2602 1767 2604
f 2556 2548 2557
f 2557 2550 2551
f 2554 2547 2529
f 2612 2250 2611
f 2596 1777 2599
f 1777 2596 2627
f 1777 2597 2599
f 2598 1774 2603
f 1774 2598 2597
f 2577 2572 2579
f 1767 2602 2603
f 1766 2601 2604
f 2600 1763 2595
f 1763 2600 2601
f 1762 2594 2595
f 1762 2593 2594
f 1761 2592 2593
f 1761 2591 2592
f 2614 1773 2615
f 1788 2623 2624
f 2625 1778 2626
f 1784 2622 2621
f 1787 2621 2620
f 1786 2620 2619
f 2618 1783 2619
f 1783 2618 2617
f 2616 1781 2617
f 1781 2616 2615
f 1785 2624 2622
f 1773 2614 2613
f 1772 2613 2612
f 2611 1770 2612
f 2628 2604 2610
f 2628 2602 2604
f 2603 2602 2628
f 2598 2603 2628
f 2628 2597 2598
f 2628 2599 2597
f 2292 2619 2620
f 2627 2596 2628
f 2628 2624 2623
f 2628 2622 2624
f 2628 2621 2622
f 2628 2620 2621
f 2628 2625 2626
f 2626 2627 2628
f 2623 2625 2628
f 2292 2620 2628
f 2596 2599 2628
f 2292 2618 2619
f 2292 2617 2618
f 2292 2616 2617
f 2292 2615 2616
f 2292 2614 2615
f 2292 2613 2614
f 2612 2613 2292
f 2626 1775 2627
f 1779 2625 2623
f 2577 2585 2576
f 2583 2582 2606
f 2582 2530 2606
f 2591 2589 2590
f 2589 2588 2590
f 2589 2587 2588
f 2585 2577 2584
f 2587 2576 2586
f 2589 2576 2587
f 2576 2585 2586
f 2584 2583 2606
f 2574 2576 2589
f 2583 2581 2582
f 2581 2580 2582
f 2584 2579 2583
f 2581 2583 2579
f 2577 2579 2584
f 2581 2573 2580
f 2580 2575 2578
f 2579 2572 2581
f 2591 2590 2606
f 2610 2601 2609
f 2609 2600 2608
f 2608 2595 2607
f 2607 2594 2605
f 2606 2605 2594
f 2601 2600 2609
f 2604 2601 2610
f 2600 2595 2608
f 2595 2594 2607
f 2536 2541 2540
f 2590 2588 2606
f 2593 2592 2606
f 2593 2606 2594
f 2592 2591 2606
f 2588 2587 2606
f 2587 2586 2606
f 2586 2585 2606
f 2585 2584 2606
f 2517 2486 2518
f 2518 2504 2132
f 2522 2521 2130
f 2521 2520 2130
f 2525 2510 2524
f 2503 2523 2524
f 2523 2500 2522
f 2522 2493 2521
f 2521 2492 2520
f 2520 2481 2519
f 2519 2130 2520
f 2519 2487 2517
f 2516 2513 2526
f 2513 2510 2525
f 2542 2515 2516
f 2514 2515 2538
f 2511 2516 2515
f 2511 2513 2516
f 2515 2514 2509
f 2509 2511 2515
f 2525 2524 2530
f 2377 2378 1634
f 1632 2375 2377
f 2569 2530 2570
f 2568 2530 2569
f 2529 2530 2568
f 2529 2528 2530
f 2528 2527 2530
f 2527 2526 2530
f 2526 2525 2530
f 2512 2509 2514
f 2547 2528 2529
f 2542 2527 2528
f 2527 2516 2526
f 2524 2523 2530
f 2522 2530 2523
f 2526 2513 2525
f 2547 2542 2528
f 2542 2516 2527
f 2530 2522 2130
f 2501 2495 2500
f 2492 2481 2520
f 2481 2487 2519
f 2486 2517 2487
f 2486 2504 2518
f 2221 2504 2485
f 2506 2501 2510
f 2501 2503 2510
f 2502 2501 2506
f 2501 2500 2503
f 2493 2492 2521
f 2498 2497 2502
f 2497 2501 2502
f 2496 2498 2499
f 2496 2497 2498
f 2497 2495 2501
f 2385 2497 2496
f 2497 2494 2495
f 2385 2494 2497
f 2500 2495 2493
f 2498 2502 2509
f 2513 2511 2510
f 2511 2506 2510
f 2534 2508 2512
f 2512 2507 2509
f 2533 2508 2534
f 2508 2507 2512
f 2505 2508 2533
f 2509 2502 2511
f 2507 2498 2509
f 1634 2378 2383
f 2502 2506 2511
f 2508 2499 2507
f 2505 2499 2508
f 2499 2498 2507
f 2388 2499 2505
f 2510 2503 2524
f 2503 2500 2523
f 2500 2493 2522
f 2617 1782 1783
f 1778 2625 1779
f 2624 1785 1788
f 2623 1788 1779
f 1777 2627 1775
f 1775 2626 1778
f 2622 1784 1785
f 2621 1787 1784
f 2620 1786 1787
f 2619 1783 1786
f 2292 2628 1361
f 2617 1781 1782
f 2615 1780 1781
f 2615 1773 1780
f 2613 1772 1773
f 2612 1771 1772
f 2612 1770 1771
f 2609 1647 2610
f 2608 1647 2609
f 2607 1647 2608
f 2512 2514 2538
f 2537 2544 2543
f 2544 2538 2539
f 2538 2544 2537
f 2515 2542 2539
f 2539 2538 2515
f 2541 2536 2537
f 2540 2535 2536
f 2538 2537 2512
f 2536 2512 2537
f 2605 1647 2607
f 2535 2533 2536
f 2534 2512 2536
f 2536 2533 2534
f 2553 1770 2611
f 2291 1770 2553
f 2482 2220 2484
f 2482 2532 2217
f 2216 2532 2531
f 2610 1647 2628
f 2274 1754 1755
f 1641 2533 2535
f 2505 2533 1641
f 2287 1769 1770
f 2289 1768 1769
f 2285 1765 1768
f 1764 1765 2286
f 1757 1764 2282
f 1756 1757 2279
f 1755 1756 2277
f 1642 2535 2540
f 1754 2274 1753
f 1639 2388 2505
f 1639 2386 2388
f 2215 1628 2218
f 1628 2215 2531
f 1626 2531 2470
f 1637 2374 2375
f 1638 2470 2374
f 1636 2383 2386
f 2597 1777 1776
f 1647 2605 2606
f 2589 1760 2574
f 1758 2565 2574
f 2606 2530 1447
f 2559 2565 1758
f 1645 2552 2559
f 1644 2545 2552
f 2540 2545 1644
f 1629 2225 2218
f 2332 2321 2339
f 1774 2597 1776
f 2603 1774 1767
f 2604 1767 1766
f 2601 1766 1763
f 2595 1763 1762
f 2593 1762 1761
f 2589 1761 1760
f 1759 2574 1760
f 2109 2124 2125
f 2504 2224 2132
f 2414 2415 2109
f 2413 2414 2109
f 2412 2413 2109
f 2129 2412 2109
f 2128 2129 2109
f 2109 2127 2128
f 2109 2126 2127
f 2109 2125 2126
f 2224 2131 2132
f 2123 2124 2109
f 2109 2122 2123
f 2109 2121 2122
f 2117 2113 2118
f 2108 2121 2120
f 2119 2107 2120
f 2107 2119 2118
f 2116 2113 2117
f 2115 2111 2116
f 1390 2159 1388
f 2198 1380 1379
f 2191 1379 1378
f 2166 1378 1377
f 1376 2166 1377
f 1367 2137 2142
f 2133 2137 1367
f 1366 1854 2133
f 1357 1848 1854
f 1388 2158 1389
f 2114 2111 2115
f 1384 1385 2156
f 1383 1384 2155
f 2517 2130 2519
f 2132 2130 2518
f 2517 2518 2130
f 2130 2131 2254
f 2253 2130 2252
f 2254 2252 2130
f 2132 2131 2130
f 2079 2080 2122
f 2125 1932 2126
f 2127 1929 2128
f 2128 1917 2129
f 2123 2073 2124
f 2123 2122 2072
f 2108 2079 2121
f 2112 2105 2106
f 2104 2105 2112
f 2103 2104 2111
f 2126 1933 2127
f 2107 2078 2108
f 2080 2072 2122
f 2106 2078 2107
f 2105 2076 2106
f 2104 2076 2105
f 2103 2075 2104
f 2114 2102 2110
f 2102 2101 2064
f 2101 2100 2064
f 2110 2103 2111
f 2116 2112 2113
f 2111 2112 2116
f 2110 2111 2114
f 2113 2106 2118
f 2106 2113 2112
f 2122 2121 2079
f 2120 2107 2108
f 2118 2106 2107
f 2112 2111 2104
f 2194 1386 1380
f 2109 2120 2121
f 2109 2119 2120
f 2109 2118 2119
f 2109 2117 2118
f 2109 2116 2117
f 2109 2115 2116
f 2114 2115 2109
f 2125 2124 2073
f 2144 2138 2139
f 2148 2142 2143
f 2143 2144 2150
f 2146 2140 2147
f 2145 2139 2146
f 2144 2139 2145
f 2141 2147 2140
f 2143 2136 2144
f 2142 2137 2143
f 2139 2140 2146
f 2144 2145 2151
f 2136 2138 2144
f 2137 2136 2143
f 2140 1861 2141
f 1390 2200 2159
f 2157 1389 2158
f 2158 1388 2159
f 2156 2155 1384
f 2155 2154 1383
f 2154 425 1383
f 2163 2150 2151
f 1380 2193 2194
f 1379 2197 2198
f 1379 2191 2197
f 2200 1390 2195
f 1378 2190 2191
f 1378 2176 2190
f 1378 2166 2176
f 2161 2160 2148
f 2164 2151 2152
f 2274 2258 1753
f 2161 2149 2150
f 2149 2161 2148
f 2153 2152 2147
f 2151 2146 2152
f 2150 2144 2151
f 2149 2143 2150
f 2148 2143 2149
f 2146 2147 2152
f 2151 2145 2146
f 2137 2133 2136
f 2204 1394 1395
f 1393 1394 2204
f 2202 1392 1393
f 1391 1392 2202
f 2156 1385 1391
f 2166 1376 2160
f 2139 1861 2140
f 2138 2135 2139
f 2136 2135 2138
f 1395 1396 2206
f 2139 1860 1861
f 1860 2139 2135
f 2133 2134 2136
f 2134 2135 2136
f 2148 2160 1376
f 1369 2142 2148
f 2133 1854 2134
f 1387 2195 1390
f 2192 1387 1386
f 426 2214 284
f 2258 2244 1753
f 2250 2292 1360
f 2249 1360 2248
f 2249 2250 1360
f 2247 2248 1360
f 1360 2246 2247
f 2244 2237 1631
f 2237 2226 1631
f 1629 2226 2225
f 2095 2093 2089
f 1401 2211 1403
f 1401 1400 2210
f 1402 1403 2209
f 1397 1402 2208
f 1399 2212 1400
f 1389 2157 1398
f 1398 2213 1399
f 1396 1397 2207
f 2046 2045 2016
f 2050 2034 2047
f 2044 2033 2050
f 2031 2044 2043
f 2053 2052 2016
f 2052 2051 2016
f 2051 2049 2016
f 2049 2048 2016
f 2048 2047 2016
f 2047 2046 2016
f 2047 2034 2046
f 2045 2042 2016
f 2042 2041 2016
f 2041 2039 2016
f 2039 2036 2016
f 2041 2038 2039
f 2045 2040 2042
f 2040 2041 2042
f 2041 2037 2038
f 2034 2045 2046
f 2055 2054 2016
f 1906 1907 2060
f 2171 2016 2177
f 2170 2016 2171
f 2168 2016 2170
f 2167 2016 2168
f 2057 2016 2167
f 2056 2057 2147
f 2056 2016 2057
f 2056 2055 2016
f 2037 2041 2040
f 2054 2053 2016
f 2054 2043 2053
f 2043 2052 2053
f 2052 2044 2051
f 2051 2050 2049
f 2050 2047 2048
f 2050 2048 2049
f 2050 2051 2044
f 2044 2052 2043
f 2027 2026 2020
f 2021 2029 2028
f 2024 2025 2029
f 2055 2056 2141
f 1862 2054 2055
f 1857 2043 2054
f 2032 2031 2023
f 2033 2023 2026
f 2031 2022 2023
f 2028 2027 2020
f 1999 2035 2025
f 2029 2021 2024
f 2023 2018 2026
f 2020 2021 2028
f 2025 2024 2015
f 2026 2019 2020
f 2021 2015 2024
f 2022 2017 2023
f 2019 2026 2018
f 2020 2013 2021
f 2031 2032 2044
f 2034 2040 2045
f 2033 2034 2050
f 2038 2036 2039
f 2038 2030 2036
f 2030 2035 2036
f 2037 2029 2038
f 2040 2029 2037
f 2029 2030 2038
f 2044 2032 2033
f 2060 1907 1908
f 2034 2027 2040
f 2040 2028 2029
f 2030 2025 2035
f 2026 2034 2033
f 2028 2040 2027
f 2023 2033 2032
f 2026 2027 2034
f 2029 2025 2030
f 2075 2076 2104
f 2082 2083 2089
f 2081 2082 2088
f 2129 1897 2412
f 2073 1932 2125
f 1932 1933 2126
f 2072 2073 2123
f 2078 2079 2108
f 2106 2077 2078
f 2076 2077 2106
f 2086 2064 2099
f 2103 2074 2075
f 2079 2070 2080
f 2078 2070 2079
f 2077 2069 2078
f 2080 2071 2072
f 2076 2068 2077
f 2075 2067 2076
f 1933 1929 2127
f 1929 1916 2128
f 2089 2083 2095
f 2092 2087 2093
f 2092 2091 2087
f 2090 2087 2091
f 2099 2098 2086
f 2098 2097 2085
f 2097 2096 2085
f 2093 2088 2089
f 2096 2095 2083
f 2100 2099 2064
f 1916 1917 2128
f 2087 2088 2093
f 2109 1011 2114
f 2102 2114 1011
f 2064 2110 2102
f 2085 2086 2098
f 2096 2084 2085
f 2083 2084 2096
f 2088 2082 2089
f 2087 2081 2088
f 2081 2059 2060
f 2085 2063 2086
f 2084 2063 2085
f 2083 2061 2084
f 2063 2064 2086
f 2082 2061 2083
f 2081 2060 2082
f 2084 2062 2063
f 2061 2062 2084
f 2060 2061 2082
f 2064 2058 2110
f 2058 1905 2103
f 2063 2058 2064
f 2062 1910 2063
f 2061 1908 2062
f 2060 1908 2061
f 2059 1906 2060
f 1910 2058 2063
f 2062 1909 1910
f 1908 1909 2062
f 2103 1905 2074
f 2073 1931 1932
f 2072 1930 1931
f 2070 2071 2080
f 2070 2078 2069
f 2069 2077 2068
f 2074 2065 2075
f 2067 2068 2076
f 2075 2066 2067
f 2065 2066 2075
f 2193 1380 2199
f 1931 2073 2072
f 2071 1930 2072
f 2070 1930 2071
f 2069 1927 2070
f 2069 2068 1926
f 2067 1926 2068
f 1905 2065 2074
f 2110 2058 2103
f 2264 2259 2265
f 2260 2271 2270
f 2260 2274 2271
f 2270 2261 2260
f 2274 2260 2258
f 2268 2267 2265
f 2267 2266 2265
f 2266 2264 2265
f 2265 2263 2268
f 2269 2263 2261
f 2263 2269 2268
f 2264 2262 2259
f 2265 2257 2263
f 2263 2255 2261
f 2257 2265 2259
f 2251 2259 2262
f 2261 2245 2260
f 2263 2256 2255
f 2260 2244 2258
f 2255 2245 2261
f 2248 2283 2282
f 2291 2250 2290
f 2250 2287 2290
f 2289 2250 2288
f 2289 2287 2250
f 2288 2249 2285
f 2286 2248 2284
f 2286 2285 2249
f 2282 2284 2248
f 2249 2288 2250
f 2256 2263 2257
f 2247 2281 2283
f 2279 2247 2280
f 2279 2281 2247
f 2247 2277 2280
f 2275 2274 2276
f 2273 2274 2275
f 2274 2272 2271
f 2272 2274 2273
f 2261 2270 2269
f 2264 2266 2130
f 2246 2278 2247
f 2272 2130 2271
f 2273 2130 2272
f 2270 2271 2130
f 2269 2270 2130
f 2246 2130 2273
f 2268 2269 2130
f 2267 2268 2130
f 2266 2267 2130
f 2273 2275 2246
f 2255 2238 2245
f 2238 2244 2245
f 2242 2241 2255
f 2241 2238 2255
f 2238 2237 2244
f 2228 2239 2254
f 2240 2243 2251
f 2239 2240 2252
f 2243 2235 2242
f 2240 2251 2253
f 2259 2243 2257
f 2245 2244 2260
f 2257 2242 2256
f 2242 2255 2256
f 2252 2240 2253
f 2253 2251 2262
f 2264 2130 2262
f 2130 2253 2262
f 2131 2228 2254
f 2250 2291 2553
f 2251 2243 2259
f 2243 2242 2257
f 2254 2239 2252
f 2248 2286 2249
f 2283 2248 2247
f 2277 2247 2278
f 2278 2246 2276
f 2275 2276 2246
f 2318 1617 2316
f 2312 2323 2324
f 2323 2311 2319
f 2312 2311 2323
f 2322 1625 2321
f 2321 1623 2320
f 2320 1622 2317
f 2315 2314 2326
f 2319 2310 2318
f 2313 2325 2314
f 2316 2315 2328
f 1625 2322 2313
f 1617 2315 2316
f 1615 2314 2315
f 1624 2321 1625
f 1623 2321 1624
f 1622 2320 1623
f 1621 2311 2312
f 2310 2319 2311
f 1618 2318 2310
f 2322 2321 2332
f 2321 2338 2339
f 2327 2326 2334
f 2325 2322 2333
f 2338 2317 2337
f 2326 2325 2333
f 2329 2318 2330
f 2330 2318 2328
f 2324 2323 2331
f 2337 1592 2354
f 1617 2318 1618
f 2321 2320 2338
f 2320 2317 2338
f 2319 2318 2329
f 2323 2319 2329
f 2328 2315 2327
f 2326 2327 2315
f 2325 2313 2322
f 2318 2316 2328
f 2326 2314 2325
f 1569 1570 2295
f 1597 2303 1598
f 1596 2301 1597
f 1595 2300 1596
f 1594 2300 1595
f 1593 2298 1594
f 2297 2296 2295
f 2296 2294 2295
f 2296 1884 2293
f 1569 2295 2294
f 1594 2298 2299
f 2293 2294 2296
f 1884 1883 1567
f 1883 1879 1567
f 1567 2293 1884
f 1879 1878 1565
f 1566 1567 1879
f 1878 1876 1564
f 2553 2611 2250
f 2250 2612 2292
f 2302 2301 2307
f 1592 2337 2317
f 2363 2303 2309
f 2303 2308 2309
f 2363 1598 2303
f 2308 2302 2307
f 2307 2300 2306
f 2306 2299 2305
f 2305 2298 2304
f 2303 2302 2308
f 2235 2241 2242
f 2301 2300 2307
f 2300 2299 2306
f 2299 2298 2305
f 1592 1598 2354
f 2303 1597 2302
f 1597 2301 2302
f 2301 1596 2300
f 2300 1594 2299
f 2177 2016 2214
f 2179 2177 2214
f 2178 2179 2214
f 2186 2185 2214
f 2187 2182 2214
f 2182 2181 2214
f 2181 2180 2214
f 2185 2187 2214
f 2214 2200 2195
f 2159 2200 2214
f 2180 2178 2214
f 2189 2176 2188
f 2190 2176 2189
f 2188 2183 2186
f 2186 2184 2185
f 2184 2187 2185
f 2183 2184 2186
f 2176 2183 2188
f 2174 2180 2181
f 2178 2174 2179
f 2214 2192 2194
f 2206 1396 2207
f 2205 1395 2206
f 2204 1395 2205
f 2204 2203 1393
f 2203 2202 1393
f 2202 2201 1391
f 2201 2156 1391
f 2199 2198 2214
f 2214 2195 2196
f 2180 2174 2178
f 2214 2196 2192
f 2194 2193 2214
f 2193 2199 2214
f 2197 2191 2214
f 2198 2197 2214
f 2190 2189 2214
f 2191 2190 2214
f 2189 2188 2214
f 2188 2186 2214
f 2164 2153 2165
f 2172 2161 2173
f 2160 2172 2166
f 2174 2173 2163
f 2175 2164 2165
f 2163 2164 2175
f 2173 2162 2163
f 2161 2162 2173
f 2165 2153 2167
f 2160 2161 2172
f 2147 2057 2167
f 2162 2150 2163
f 2150 2162 2161
f 2151 2164 2163
f 2152 2153 2164
f 2147 2167 2153
f 1387 2196 2195
f 2196 1387 2192
f 1386 2194 2192
f 2199 1380 2198
f 2173 2174 2181
f 2177 2169 2171
f 2179 2175 2177
f 2176 2172 2183
f 2187 2173 2182
f 2184 2173 2187
f 2181 2182 2173
f 2173 2184 2183
f 2169 2177 2175
f 2175 2179 2174
f 2207 1397 2208
f 2183 2172 2173
f 2176 2166 2172
f 2171 2169 2170
f 2169 2168 2170
f 2165 2167 2168
f 2169 2165 2168
f 2175 2165 2169
f 2175 2174 2163
f 2235 2230 2229
f 2284 2282 1764
f 2283 1757 2282
f 2283 2281 1757
f 2281 2279 1757
f 2280 1756 2279
f 2280 2277 1756
f 2278 1755 2277
f 2278 2276 1755
f 2276 2274 1755
f 2286 2284 1764
f 2232 2233 2229
f 2232 2225 2226
f 2239 2228 2231
f 2227 2230 2231
f 2228 2227 2231
f 2230 2223 2229
f 2227 2223 2230
f 2229 2222 2232
f 2234 2229 2233
f 2226 2238 2233
f 2240 2236 2243
f 2236 2235 2243
f 2230 2235 2231
f 2131 2224 2228
f 2241 2233 2238
f 2238 2226 2237
f 2235 2234 2241
f 2233 2241 2234
f 2240 2231 2236
f 2232 2226 2233
f 2231 2235 2236
f 2231 2240 2239
f 2229 2234 2235
f 2290 1770 2291
f 1770 2290 2287
f 1769 2287 2289
f 2288 1768 2289
f 1768 2288 2285
f 1765 2285 2286
f 426 2207 2208
f 2214 2157 2158
f 2158 2159 2214
f 2213 2157 2214
f 2214 2212 2213
f 2214 2210 2212
f 2214 2209 2211
f 2214 2208 2209
f 2211 2210 2214
f 2214 426 2208
f 2531 2215 2216
f 426 2206 2207
f 426 2205 2206
f 426 2204 2205
f 2213 1398 2157
f 2212 1399 2213
f 2210 1400 2212
f 2209 1403 2211
f 2211 1401 2210
f 2208 1402 2209
f 2217 2219 2222
f 2221 2227 2228
f 2228 2224 2221
f 2220 2223 2227
f 2221 2220 2227
f 2220 2222 2223
f 2223 2222 2229
f 2218 2225 2232
f 2222 2219 2232
f 2219 2218 2232
f 1295 1200 1294
f 2219 2216 2218
f 2504 2221 2224
f 2484 2220 2221
f 2220 2217 2222
f 2217 2216 2219
f 2220 2482 2217
f 2532 2216 2217
f 2216 2215 2218
f 651 650 656
f 656 663 657
f 655 661 656
f 660 655 654
f 659 654 653
f 653 652 659
f 657 651 656
f 656 650 655
f 653 640 652
f 652 658 659
f 650 643 655
f 648 650 651
f 643 650 648
f 651 649 648
f 648 647 643
f 647 646 643
f 640 645 644
f 662 661 667
f 665 664 695
f 454 669 670
f 663 667 668
f 667 661 666
f 666 660 665
f 665 659 664
f 659 466 664
f 663 662 667
f 655 642 654
f 661 660 666
f 660 659 665
f 659 658 466
f 663 656 662
f 656 661 662
f 661 655 660
f 654 659 660
f 633 632 648
f 629 630 634
f 674 638 639
f 672 637 638
f 672 635 637
f 671 634 635
f 649 633 648
f 630 629 645
f 636 633 649
f 634 630 631
f 632 631 646
f 631 630 646
f 632 647 648
f 632 646 647
f 630 645 646
f 629 644 645
f 622 627 628
f 666 665 695
f 631 632 635
f 632 633 637
f 634 631 635
f 635 632 637
f 637 633 638
f 639 633 636
f 638 633 639
f 645 641 646
f 641 645 640
f 641 642 646
f 642 643 646
f 641 640 653
f 642 641 653
f 643 642 655
f 642 653 654
f 690 681 689
f 687 686 691
f 686 682 691
f 724 687 688
f 724 685 687
f 685 684 687
f 686 687 684
f 682 686 684
f 684 683 682
f 691 682 690
f 682 681 690
f 680 681 682
f 680 682 683
f 693 663 789
f 705 684 685
f 705 679 683
f 683 684 705
f 680 683 679
f 731 688 687
f 692 687 691
f 687 692 731
f 690 689 693
f 691 690 733
f 690 693 694
f 692 691 734
f 733 690 694
f 734 691 733
f 695 664 594
f 666 695 696
f 697 666 696
f 698 667 697
f 696 695 699
f 697 696 699
f 638 674 673
f 676 433 675
f 676 673 677
f 675 672 676
f 591 672 675
f 636 649 678
f 673 674 677
f 672 673 676
f 591 671 672
f 677 459 676
f 673 672 638
f 589 634 671
f 672 671 635
f 1716 669 569
f 1716 569 567
f 668 667 698
f 667 666 697
f 627 620 626
f 674 639 703
f 639 636 703
f 678 649 680
f 651 680 649
f 651 657 689
f 657 663 693
f 663 668 789
f 680 651 681
f 681 651 689
f 689 657 693
f 712 677 674
f 703 636 678
f 712 674 703
f 703 678 679
f 679 678 680
f 580 577 584
f 588 580 465
f 592 577 588
f 629 465 580
f 587 607 598
f 586 587 593
f 466 584 586
f 466 583 584
f 586 584 587
f 634 589 588
f 585 577 580
f 581 580 584
f 584 583 581
f 582 581 583
f 579 578 580
f 581 579 580
f 603 577 592
f 577 585 588
f 588 589 590
f 671 591 589
f 592 588 590
f 590 589 591
f 592 590 431
f 591 431 590
f 675 433 591
f 644 629 579
f 640 644 579
f 652 640 581
f 658 652 583
f 583 466 658
f 466 586 593
f 592 430 603
f 603 430 435
f 461 753 462
f 664 466 594
f 465 629 634
f 465 634 588
f 464 428 533
f 835 1332 1863
f 765 918 917
f 463 757 917
f 462 757 463
f 669 464 533
f 460 753 461
f 916 459 460
f 440 916 446
f 440 459 916
f 460 459 677
f 434 676 459
f 433 676 434
f 598 607 608
f 669 533 569
f 571 572 573
f 1018 577 571
f 1012 571 573
f 1097 428 464
f 574 576 575
f 1034 584 577
f 584 1025 574
f 576 574 1017
f 578 579 629
f 578 629 580
f 579 581 640
f 581 582 652
f 652 582 583
f 588 585 580
f 611 608 609
f 615 621 616
f 621 615 614
f 620 614 613
f 618 613 612
f 612 611 618
f 617 611 609
f 610 574 623
f 623 609 610
f 611 617 618
f 605 435 441
f 571 843 572
f 606 447 571
f 606 605 447
f 609 574 610
f 609 587 574
f 608 607 609
f 584 574 587
f 613 618 619
f 613 619 620
f 614 620 621
f 616 621 622
f 609 623 617
f 574 1045 623
f 618 617 624
f 619 618 625
f 620 619 625
f 621 620 627
f 624 617 623
f 625 618 624
f 625 626 620
f 622 621 627
f 464 669 1270
f 597 596 600
f 599 598 611
f 699 601 602
f 699 600 601
f 600 596 599
f 599 595 598
f 598 608 611
f 595 587 598
f 597 600 699
f 600 599 613
f 596 595 599
f 695 596 597
f 596 593 595
f 594 596 695
f 594 593 596
f 466 593 594
f 593 587 595
f 698 697 701
f 601 600 614
f 602 601 614
f 602 615 702
f 611 612 599
f 613 599 612
f 614 600 613
f 615 602 614
f 702 615 616
f 604 605 603
f 603 571 577
f 571 603 605
f 605 606 571
f 435 604 603
f 604 435 605
f 607 587 609
f 741 794 746
f 793 792 802
f 792 791 798
f 796 747 795
f 751 750 797
f 795 746 794
f 750 747 796
f 794 739 793
f 746 795 747
f 794 793 802
f 739 794 741
f 739 792 793
f 792 790 791
f 790 792 739
f 791 790 789
f 798 791 701
f 616 1132 702
f 802 792 799
f 797 796 807
f 805 775 801
f 776 775 805
f 775 774 801
f 796 795 804
f 795 794 804
f 794 803 804
f 794 802 803
f 787 773 788
f 801 751 800
f 797 800 751
f 774 751 801
f 797 750 796
f 1132 616 622
f 701 812 798
f 798 799 792
f 770 764 771
f 773 749 776
f 749 774 775
f 772 771 764
f 1124 767 1125
f 1125 767 770
f 769 767 1124
f 766 768 920
f 918 765 766
f 776 749 775
f 769 760 767
f 767 764 770
f 759 760 769
f 768 759 769
f 766 759 768
f 917 758 765
f 917 757 758
f 804 806 796
f 777 788 773
f 777 773 776
f 779 743 778
f 778 743 782
f 780 779 781
f 781 779 778
f 780 781 785
f 781 778 782
f 781 782 783
f 781 783 787
f 784 763 780
f 784 780 785
f 785 781 786
f 786 781 787
f 787 783 773
f 824 819 1448
f 828 816 827
f 1489 831 832
f 822 823 1442
f 826 831 1489
f 1477 825 826
f 823 825 1477
f 1454 827 816
f 1448 816 824
f 829 830 828
f 1428 821 822
f 1428 820 821
f 1416 817 820
f 1404 819 818
f 818 817 1404
f 825 831 826
f 816 819 824
f 816 818 819
f 1182 818 828
f 828 830 836
f 825 818 1182
f 831 825 834
f 832 831 834
f 832 834 833
f 834 825 1185
f 836 830 835
f 1182 828 836
f 1182 836 837
f 456 670 1301
f 834 1185 838
f 839 838 840
f 1195 825 1182
f 1195 1185 825
f 809 777 808
f 807 806 1135
f 1129 801 811
f 801 810 811
f 808 805 1130
f 810 800 807
f 801 800 810
f 806 804 1133
f 805 801 1129
f 1130 805 1129
f 808 776 805
f 777 776 808
f 802 799 813
f 799 798 812
f 702 1132 812
f 807 796 806
f 800 797 807
f 757 462 756
f 810 807 1135
f 813 799 812
f 803 802 815
f 804 803 815
f 802 813 814
f 815 802 814
f 1133 804 815
f 806 1133 1134
f 1270 669 455
f 818 816 828
f 818 820 817
f 820 818 823
f 820 823 821
f 823 822 821
f 823 818 825
f 716 715 717
f 722 719 728
f 719 711 728
f 720 711 719
f 718 710 720
f 720 710 711
f 717 710 718
f 754 718 720
f 754 716 717
f 728 742 722
f 757 714 715
f 753 713 714
f 753 712 713
f 752 712 753
f 717 718 754
f 714 709 715
f 709 717 715
f 713 704 714
f 721 720 719
f 721 719 722
f 761 721 722
f 762 722 723
f 722 742 723
f 723 742 779
f 780 723 779
f 723 780 763
f 725 724 688
f 725 688 726
f 725 726 727
f 726 729 727
f 726 688 732
f 732 688 731
f 729 726 732
f 700 602 702
f 679 704 703
f 714 708 709
f 704 713 712
f 704 708 714
f 703 704 712
f 677 712 752
f 789 698 791
f 812 701 702
f 679 705 708
f 698 701 791
f 701 700 702
f 699 602 700
f 789 668 698
f 701 697 700
f 699 700 697
f 695 597 699
f 729 732 736
f 704 679 708
f 705 706 709
f 706 705 685
f 707 706 685
f 707 685 724
f 710 707 724
f 710 724 725
f 708 705 709
f 717 706 707
f 709 706 717
f 717 707 710
f 710 725 727
f 711 710 727
f 711 727 728
f 752 460 677
f 774 748 751
f 753 460 752
f 759 721 760
f 754 758 716
f 759 755 720
f 755 754 720
f 715 716 757
f 756 714 757
f 714 756 753
f 753 756 462
f 749 748 774
f 748 745 751
f 783 749 773
f 782 749 783
f 749 744 748
f 782 744 749
f 751 740 750
f 740 747 750
f 757 716 758
f 758 754 765
f 765 755 766
f 765 754 755
f 755 759 766
f 760 762 767
f 759 720 721
f 722 762 761
f 723 763 762
f 760 721 761
f 762 763 764
f 764 763 784
f 760 761 762
f 767 762 764
f 764 784 772
f 735 692 734
f 732 735 738
f 736 732 740
f 739 733 790
f 734 733 739
f 733 694 790
f 790 693 789
f 694 693 790
f 732 731 735
f 740 732 738
f 731 692 735
f 744 730 737
f 730 736 737
f 730 729 736
f 743 728 730
f 728 727 730
f 729 730 727
f 967 454 121
f 740 737 736
f 735 734 741
f 741 734 739
f 738 735 747
f 747 740 738
f 735 741 746
f 747 735 746
f 742 728 743
f 742 743 779
f 730 744 743
f 743 744 782
f 737 745 744
f 745 737 740
f 744 745 748
f 745 740 751
f 325 177 290
f 290 288 289
f 290 287 288
f 290 286 287
f 289 285 291
f 288 285 289
f 287 138 288
f 138 287 286
f 137 285 288
f 290 289 291
f 386 1365 1370
f 380 1364 1365
f 374 1363 1364
f 284 283 426
f 367 1362 1363
f 298 1349 301
f 292 1349 298
f 1812 295 1811
f 295 304 305
f 296 295 302
f 295 294 304
f 1811 296 297
f 1811 295 296
f 297 1834 1811
f 294 293 304
f 1810 293 294
f 284 1359 281
f 1810 295 1812
f 295 1810 294
f 292 293 1809
f 1808 293 1810
f 1808 1809 293
f 290 291 321
f 291 285 319
f 174 172 915
f 167 172 174
f 173 172 167
f 172 173 166
f 324 149 325
f 149 324 171
f 170 171 323
f 150 325 149
f 121 176 967
f 167 175 169
f 166 119 123
f 172 166 123
f 150 112 325
f 171 115 147
f 157 156 163
f 158 157 144
f 175 153 169
f 293 292 298
f 153 175 176
f 175 167 174
f 175 174 966
f 176 175 966
f 281 105 177
f 104 275 244
f 105 281 275
f 281 177 284
f 467 244 245
f 177 282 283
f 284 177 283
f 282 121 283
f 283 121 1304
f 177 325 282
f 281 1721 245
f 319 285 170
f 321 319 320
f 325 290 324
f 290 323 324
f 323 290 322
f 290 321 322
f 321 291 319
f 320 170 323
f 319 170 320
f 323 171 324
f 318 317 373
f 303 309 340
f 318 315 317
f 315 316 317
f 369 316 314
f 313 315 318
f 369 312 368
f 315 314 316
f 322 321 320
f 323 322 320
f 1976 297 327
f 327 303 331
f 340 309 313
f 313 318 353
f 318 373 338
f 331 303 340
f 353 340 313
f 1976 327 1977
f 363 326 2003
f 339 338 373
f 1977 327 328
f 329 1978 1977
f 1977 328 329
f 303 296 302
f 308 305 307
f 1834 297 1976
f 283 2003 326
f 302 308 303
f 302 305 308
f 305 304 306
f 304 299 306
f 299 298 300
f 303 308 309
f 302 295 305
f 297 296 303
f 305 306 307
f 306 299 300
f 300 298 301
f 304 293 299
f 293 298 299
f 169 168 167
f 300 301 312
f 306 300 312
f 307 306 314
f 308 307 315
f 312 301 311
f 306 312 310
f 367 312 311
f 309 308 315
f 315 307 314
f 314 306 310
f 312 369 310
f 310 369 314
f 309 315 313
f 426 283 326
f 297 303 327
f 457 122 119
f 134 124 128
f 124 134 125
f 140 124 125
f 105 150 130
f 123 120 172
f 176 121 116
f 120 453 172
f 122 120 123
f 125 134 126
f 119 122 123
f 112 282 325
f 171 170 115
f 170 111 114
f 170 114 115
f 122 457 120
f 282 116 121
f 116 282 112
f 126 134 127
f 141 125 126
f 126 127 143
f 143 127 134
f 135 128 145
f 133 132 131
f 130 132 133
f 133 136 130
f 146 128 129
f 129 131 147
f 132 130 150
f 147 131 132
f 128 124 129
f 129 124 131
f 134 128 135
f 108 106 110
f 124 106 138
f 106 111 138
f 244 102 104
f 104 105 275
f 109 124 140
f 111 107 114
f 113 108 110
f 110 109 117
f 138 111 137
f 106 107 111
f 106 109 110
f 106 124 109
f 108 113 106
f 106 114 107
f 95 112 105
f 104 95 105
f 133 131 124
f 137 111 170
f 105 290 177
f 467 66 102
f 95 66 467
f 112 95 116
f 106 113 115
f 114 106 115
f 116 95 533
f 105 112 150
f 110 117 113
f 117 109 118
f 115 113 117
f 115 117 118
f 118 109 140
f 244 467 102
f 155 153 154
f 155 152 156
f 152 160 161
f 152 155 160
f 161 153 162
f 153 158 159
f 158 153 157
f 153 156 157
f 154 153 161
f 162 152 161
f 153 155 156
f 152 162 866
f 152 163 156
f 147 149 171
f 147 141 151
f 151 135 145
f 148 150 149
f 147 148 149
f 160 155 154
f 161 160 154
f 877 162 153
f 163 144 157
f 158 119 159
f 159 119 166
f 159 164 153
f 164 159 166
f 153 164 165
f 153 165 168
f 168 169 153
f 166 173 165
f 173 167 165
f 166 165 164
f 168 165 167
f 285 137 170
f 142 126 143
f 141 126 142
f 147 118 140
f 115 118 147
f 140 125 141
f 286 290 130
f 139 286 130
f 139 124 286
f 143 134 151
f 138 137 288
f 138 286 124
f 290 105 130
f 130 136 139
f 151 134 135
f 136 124 139
f 136 133 124
f 1978 329 2010
f 141 142 143
f 141 143 151
f 147 140 141
f 116 877 153
f 119 144 841
f 176 116 153
f 152 144 163
f 144 119 158
f 841 144 152
f 145 128 146
f 147 151 145
f 146 129 147
f 147 132 148
f 148 132 150
f 147 145 146
f 405 399 406
f 413 408 414
f 409 408 413
f 410 409 411
f 409 412 411
f 407 409 410
f 408 401 414
f 326 403 426
f 403 400 404
f 412 409 413
f 404 399 405
f 403 402 400
f 408 397 401
f 407 398 409
f 406 398 407
f 408 409 398
f 402 395 400
f 426 411 412
f 421 422 426
f 426 417 419
f 426 416 418
f 418 417 426
f 426 415 416
f 426 414 415
f 426 413 414
f 426 412 413
f 400 399 404
f 426 410 411
f 426 405 406
f 426 404 405
f 406 407 426
f 407 410 426
f 426 403 404
f 414 401 415
f 394 379 385
f 389 388 399
f 388 387 397
f 387 386 392
f 391 384 390
f 384 389 390
f 388 381 387
f 385 384 391
f 389 383 388
f 393 385 391
f 425 424 1383
f 1382 424 423
f 420 1382 423
f 1381 420 422
f 1375 422 421
f 1375 419 417
f 1375 421 419
f 426 419 421
f 399 390 389
f 395 391 390
f 399 388 398
f 397 387 392
f 398 388 397
f 394 339 379
f 393 394 385
f 390 399 400
f 390 400 395
f 391 395 396
f 396 393 391
f 402 396 395
f 392 401 397
f 397 408 398
f 398 406 399
f 605 441 447
f 443 444 450
f 442 443 448
f 441 442 447
f 445 446 451
f 449 443 450
f 448 443 449
f 447 442 448
f 447 843 571
f 450 444 445
f 1010 455 428
f 446 445 439
f 444 438 445
f 444 443 438
f 443 442 437
f 442 441 435
f 439 440 446
f 438 439 445
f 450 445 451
f 451 446 452
f 453 120 457
f 121 454 1306
f 455 454 428
f 454 455 669
f 467 245 567
f 454 456 1305
f 670 456 454
f 429 458 457
f 457 458 453
f 457 119 429
f 172 453 915
f 967 427 454
f 915 453 458
f 2201 426 2156
f 877 116 427
f 454 427 428
f 427 533 428
f 533 427 116
f 533 95 467
f 426 2203 2204
f 426 2202 2203
f 426 2201 2202
f 431 430 592
f 426 2155 2156
f 426 2154 2155
f 426 425 2154
f 426 424 425
f 426 423 424
f 420 423 426
f 422 420 426
f 1374 417 418
f 431 591 432
f 432 591 433
f 430 431 435
f 431 432 437
f 437 432 433
f 434 439 433
f 439 434 459
f 435 431 436
f 431 437 436
f 438 433 439
f 437 433 438
f 459 440 439
f 435 436 442
f 442 436 437
f 438 443 437
f 345 333 344
f 345 348 346
f 344 347 345
f 346 363 337
f 1991 337 364
f 337 336 345
f 344 335 343
f 334 343 335
f 337 345 346
f 343 342 355
f 342 341 354
f 340 354 341
f 344 343 347
f 343 334 342
f 334 341 342
f 326 402 403
f 326 396 402
f 326 393 396
f 348 345 347
f 347 343 362
f 326 352 349
f 362 326 350
f 350 326 349
f 352 326 363
f 348 347 350
f 348 350 349
f 362 350 347
f 351 348 349
f 352 351 349
f 354 340 353
f 355 342 354
f 353 358 354
f 362 355 356
f 341 331 340
f 335 344 333
f 2012 336 337
f 2012 337 1990
f 333 336 2012
f 334 329 332
f 333 330 335
f 335 329 334
f 330 329 335
f 336 333 345
f 2011 333 2012
f 2010 330 333
f 333 2011 2010
f 2010 329 330
f 332 328 331
f 329 328 332
f 328 327 331
f 356 355 357
f 332 331 341
f 341 334 332
f 1990 337 1991
f 353 318 361
f 338 361 318
f 326 356 357
f 356 326 362
f 326 359 358
f 360 326 358
f 359 326 357
f 326 360 361
f 338 339 326
f 338 326 361
f 326 339 394
f 326 394 393
f 376 365 375
f 378 377 384
f 377 376 383
f 376 375 381
f 375 374 381
f 373 378 379
f 378 371 377
f 371 376 377
f 373 372 378
f 379 378 384
f 375 366 374
f 371 370 376
f 372 371 378
f 370 365 376
f 365 366 375
f 317 372 373
f 1371 392 386
f 371 372 317
f 381 374 380
f 376 381 382
f 383 376 382
f 384 377 383
f 379 384 385
f 379 339 373
f 381 380 386
f 382 381 388
f 383 382 388
f 384 383 389
f 381 386 387
f 401 392 1372
f 415 401 1372
f 1372 416 415
f 416 1374 418
f 1991 364 2000
f 386 1370 1371
f 1363 374 366
f 367 1363 366
f 1362 367 311
f 301 1347 311
f 363 346 352
f 346 351 352
f 364 337 363
f 392 1371 1372
f 346 348 351
f 362 343 355
f 360 353 361
f 357 355 359
f 354 359 355
f 358 359 354
f 360 358 353
f 1251 1161 1268
f 416 1372 1374
f 417 1374 1375
f 422 1375 1381
f 420 1381 1382
f 424 1382 1383
f 312 367 368
f 1364 380 374
f 1365 386 380
f 368 365 369
f 368 367 365
f 316 369 371
f 316 371 317
f 365 367 366
f 365 370 369
f 371 369 370
f 1025 1030 1092
f 1032 1033 1088
f 1041 1040 1084
f 1039 1041 1084
f 1038 1037 1081
f 1037 1036 1079
f 1036 1035 1078
f 1090 1031 1032
f 1030 1031 1090
f 1088 1033 1042
f 1035 1034 1077
f 1034 1029 1076
f 1029 1028 1074
f 1028 1027 1075
f 1027 1026 1071
f 1026 1021 1071
f 1062 1067 1099
f 1067 1061 1066
f 1044 1038 1081
f 1076 1029 1074
f 1074 1028 1075
f 1075 1027 1071
f 1096 1023 1095
f 1095 1024 1094
f 1094 1025 1093
f 1025 1092 1093
f 1040 1044 1082
f 1066 1059 1065
f 1068 1019 1073
f 1021 1069 1072
f 1071 1021 1072
f 1069 1021 1070
f 1070 1020 1068
f 1086 1043 1039
f 1042 1043 1086
f 1056 1050 1055
f 1100 1063 1015
f 1063 1057 1015
f 1270 1098 464
f 1107 1100 1017
f 1113 1022 1023
f 1113 1017 1022
f 1019 1018 902
f 1018 1014 893
f 1052 1051 1057
f 1055 1049 1054
f 1054 1047 1053
f 1050 1049 1055
f 1049 1048 1054
f 1048 1047 1054
f 1047 1046 1053
f 1046 1052 1053
f 1061 1054 1060
f 1059 1064 1065
f 1062 1061 1067
f 1064 1057 1063
f 1060 1066 1061
f 1059 1066 1060
f 1058 1064 1059
f 1057 1064 1058
f 1055 1061 1062
f 1077 1034 1076
f 1062 1056 1055
f 1061 1055 1054
f 1054 1059 1060
f 1059 1052 1058
f 1052 1057 1058
f 1054 1053 1059
f 1053 1052 1059
f 1093 1097 1094
f 1064 1063 1100
f 1023 1116 1113
f 1023 1096 1116
f 1017 1113 1107
f 1073 1019 1106
f 1097 1098 1096
f 1095 1097 1096
f 1094 1097 1095
f 1062 1099 1224
f 1092 1097 1093
f 1091 1097 1092
f 1090 1097 1091
f 1089 1097 1090
f 1088 1097 1089
f 1087 1097 1088
f 1086 1097 1087
f 1103 1104 1067
f 1108 1100 1107
f 1105 1104 1111
f 1099 1105 1241
f 1104 1103 1111
f 1103 1102 1110
f 1102 1101 1108
f 1101 1100 1108
f 1105 1067 1104
f 1085 1097 1086
f 1103 1065 1102
f 1102 1064 1101
f 1064 1100 1101
f 1099 1067 1105
f 1067 1066 1103
f 1066 1065 1103
f 1065 1064 1102
f 1032 1088 1089
f 1074 1075 885
f 1082 1044 1081
f 1086 1039 1085
f 1088 1042 1087
f 1042 1086 1087
f 1092 1030 1091
f 1030 1090 1091
f 1090 1032 1089
f 1076 1074 885
f 1039 1084 1085
f 1084 1040 1083
f 1040 1082 1083
f 1081 1037 1080
f 1037 1079 1080
f 1079 1036 1078
f 1078 1035 1077
f 1075 1071 885
f 1084 1097 1085
f 1083 1097 1084
f 1082 1097 1083
f 1081 1097 1082
f 1080 1079 1097
f 1097 1081 1080
f 1079 1078 1097
f 1078 885 1097
f 1052 1045 1051
f 1073 885 1068
f 1069 1070 885
f 1072 1069 885
f 1071 1072 885
f 885 1070 1068
f 1078 1077 885
f 1077 1076 885
f 1001 982 1002
f 1010 1004 1005
f 1010 1003 1004
f 1010 1002 1003
f 1010 1001 1002
f 1000 989 1001
f 999 989 1000
f 998 987 999
f 1002 983 1003
f 1010 1005 1006
f 999 988 989
f 987 988 999
f 997 993 998
f 997 992 993
f 996 992 997
f 995 991 996
f 994 991 995
f 1188 2081 2087
f 2095 1011 2093
f 1011 2092 2093
f 2091 2092 1011
f 2091 1011 2090
f 1271 1300 1011
f 1188 2090 2094
f 1188 2087 2090
f 1189 2094 1300
f 991 992 996
f 1233 1234 1010
f 1232 1233 1010
f 1231 1232 1010
f 1010 1009 1231
f 1010 1008 1009
f 1010 1007 1008
f 1010 1006 1007
f 986 987 993
f 1005 962 1006
f 1008 947 1009
f 1007 946 1008
f 982 983 1002
f 988 982 989
f 983 974 1003
f 987 980 988
f 986 980 987
f 989 982 1001
f 985 986 992
f 990 984 985
f 985 979 986
f 984 977 985
f 938 1231 1009
f 1003 975 976
f 974 975 1003
f 1010 998 999
f 994 990 991
f 994 913 990
f 993 987 998
f 992 986 993
f 991 985 992
f 990 985 991
f 1010 1000 1001
f 1010 999 1000
f 2095 2096 1011
f 1010 997 998
f 1010 996 997
f 1010 995 996
f 1010 994 995
f 1006 963 1007
f 1004 976 1005
f 1003 976 1004
f 1042 1041 1039
f 574 575 1051
f 1014 1013 887
f 1013 1012 887
f 573 855 1012
f 572 855 573
f 1098 1097 464
f 1024 1025 1094
f 1023 1024 1095
f 575 576 1057
f 1043 1042 1039
f 1040 1038 1044
f 1040 1041 1042
f 1040 1037 1038
f 1037 1034 1036
f 1035 1036 1034
f 1021 1020 1070
f 627 626 1049
f 1046 1045 1052
f 1051 575 1057
f 1050 627 1049
f 1049 626 1048
f 1048 625 1047
f 625 1046 1047
f 1046 624 1045
f 628 627 1050
f 1020 1019 1068
f 626 625 1048
f 625 624 1046
f 624 623 1045
f 1045 574 1051
f 1100 1016 1017
f 1015 1016 1100
f 1057 576 1015
f 2094 2090 1011
f 1017 574 1025
f 1034 1025 584
f 1016 576 1017
f 576 1016 1015
f 577 1018 1034
f 1018 1013 1014
f 1018 1012 1013
f 571 1012 1018
f 1018 1019 1020
f 2094 1011 1300
f 1011 2101 2102
f 2100 2101 1011
f 2099 2100 1011
f 2098 2099 1011
f 1011 2097 2098
f 2096 2097 1011
f 1034 1027 1028
f 1032 1042 1033
f 1025 1040 1042
f 1032 1025 1042
f 1025 1037 1040
f 1025 1034 1037
f 1030 1032 1031
f 1025 1032 1030
f 1034 1028 1029
f 1102 1108 1109
f 1034 1021 1027
f 1034 1020 1021
f 1021 1026 1027
f 1023 1025 1024
f 1023 1017 1025
f 1017 1023 1022
f 1034 1018 1020
f 1183 1182 1906
f 1199 1191 1196
f 2304 839 2340
f 2390 1186 1187
f 1185 1186 2390
f 838 2304 2298
f 2340 840 1185
f 839 840 2340
f 838 839 2304
f 1199 1196 1197
f 1182 837 1906
f 837 836 1900
f 1195 1182 1213
f 1192 1194 1193
f 1194 1185 1195
f 1199 1184 1191
f 1191 1189 1190
f 1189 1191 1184
f 1199 1204 1205
f 1213 1207 1210
f 1209 1213 1210
f 1207 1208 1210
f 1213 1205 1207
f 1205 1206 1207
f 1213 1199 1205
f 1191 1190 1274
f 1190 1189 1271
f 1182 1184 1199
f 1011 456 1301
f 1203 1195 1213
f 1202 1195 1203
f 1202 1200 1195
f 1200 1202 1201
f 1213 1182 1199
f 1199 1197 1198
f 1249 1143 1150
f 1169 1178 1179
f 1178 1166 1177
f 1177 1167 1175
f 1169 1168 1178
f 1175 1165 1174
f 1165 1173 1174
f 1215 1056 1062
f 1150 1161 1251
f 1169 1179 1180
f 1131 1143 1249
f 1176 1159 1170
f 1159 1169 1170
f 1168 1166 1178
f 1166 1167 1177
f 1173 1164 1172
f 1172 1163 1171
f 1175 1174 1218
f 1184 1188 1189
f 1192 1185 1194
f 1187 1185 1192
f 1185 1187 1186
f 1182 1183 1184
f 1176 1180 1181
f 1178 1177 1220
f 1177 1175 1219
f 1214 1210 1208
f 1217 1172 1216
f 1216 1171 1215
f 1174 1173 1217
f 1173 1172 1217
f 1172 1171 1216
f 1176 1170 1180
f 1170 1169 1180
f 1235 809 1247
f 1217 1226 1227
f 1217 1225 1226
f 1224 1242 1225
f 1224 1099 1241
f 1150 1251 1250
f 1249 1150 1250
f 1248 1131 1249
f 1247 809 1248
f 1227 1228 1219
f 1176 1181 1260
f 1229 1221 1220
f 1225 1216 1224
f 1220 1219 1229
f 1227 1219 1218
f 1218 1217 1227
f 1217 1216 1225
f 1228 1227 1244
f 1243 1225 1242
f 1239 1270 1010
f 1010 1238 1239
f 1237 1238 1010
f 1236 1237 1010
f 1234 1236 1010
f 1222 1266 1223
f 1229 1228 1244
f 1216 1215 1224
f 1227 1226 1246
f 1226 1225 1243
f 1261 1180 1223
f 1230 1221 1229
f 1181 1180 1261
f 1221 1230 1222
f 1228 1229 1219
f 670 1302 1301
f 1126 1233 1232
f 771 1234 1233
f 1302 670 2469
f 2390 1187 2422
f 2428 1192 1193
f 2346 1185 2390
f 2340 1185 2346
f 1187 1192 2428
f 772 1236 1234
f 2094 1189 1188
f 2081 1188 1184
f 1184 1183 2081
f 1194 1195 1296
f 1193 1194 1299
f 1203 1213 1212
f 1211 1209 1210
f 1215 1062 1224
f 1223 1180 1222
f 1222 1178 1221
f 1178 1220 1221
f 1220 1177 1219
f 1219 1175 1218
f 1218 1174 1217
f 1180 1179 1222
f 1179 1178 1222
f 1167 1165 1175
f 1161 1176 1268
f 1239 788 1240
f 786 1239 1238
f 785 1238 1237
f 784 1237 1236
f 1240 777 1235
f 1128 1232 1231
f 1127 1125 1126
f 812 1132 1139
f 1130 1129 1142
f 1129 811 1137
f 810 1137 811
f 1131 808 1130
f 1131 809 808
f 1132 622 1156
f 1128 1127 1126
f 813 812 1139
f 1127 925 1124
f 1124 1125 1127
f 925 924 769
f 924 920 769
f 769 1124 925
f 1125 770 1126
f 770 771 1126
f 1137 810 1136
f 1139 1157 1140
f 1139 1132 1157
f 1143 1131 1142
f 1129 1138 1142
f 1131 1130 1142
f 1140 1141 815
f 1140 813 1139
f 1138 1129 1137
f 920 919 766
f 1145 1135 1134
f 1134 1133 1145
f 1133 815 1141
f 1135 1136 810
f 1135 806 1134
f 815 814 1140
f 814 813 1140
f 1119 1098 1120
f 1105 1112 1123
f 1115 1108 1114
f 1108 1113 1114
f 1109 1108 1115
f 1108 1107 1113
f 1122 1098 1123
f 1121 1098 1122
f 1120 1098 1121
f 1110 1109 1121
f 1118 1098 1119
f 1117 1098 1118
f 1116 1098 1117
f 1116 1096 1098
f 1105 1111 1112
f 1111 1103 1110
f 1110 1102 1109
f 1118 1113 1117
f 920 768 769
f 918 766 919
f 1123 1112 1122
f 1122 1111 1121
f 1121 1109 1120
f 1123 1098 1270
f 1120 1115 1119
f 1119 1114 1118
f 1136 1135 1147
f 1113 1116 1117
f 1109 1115 1120
f 1115 1114 1119
f 1114 1113 1118
f 1105 1123 1252
f 1112 1111 1122
f 1111 1110 1121
f 777 1240 788
f 1155 1154 1168
f 777 809 1235
f 1270 455 1010
f 1239 787 788
f 1239 786 787
f 1238 785 786
f 784 785 1237
f 1232 1128 1126
f 1159 1155 1169
f 1233 1126 771
f 1236 772 784
f 771 772 1234
f 1152 1167 1153
f 1163 1156 1162
f 1165 1152 1151
f 1151 1158 1165
f 1158 1164 1165
f 1165 1164 1173
f 1164 1163 1172
f 1162 1171 1163
f 1169 1155 1168
f 1168 1153 1166
f 1153 1167 1166
f 1154 1153 1168
f 1167 1152 1165
f 1163 1158 1157
f 1164 1158 1163
f 1171 1050 1215
f 1171 1162 1050
f 1050 1056 1215
f 809 1131 1248
f 1161 1160 1176
f 1160 1159 1176
f 1141 1140 1158
f 1148 1137 1149
f 1150 1143 1142
f 1137 1147 1149
f 1158 1140 1157
f 1157 1132 1156
f 1156 622 1162
f 1162 628 1050
f 622 628 1162
f 1145 1144 1152
f 1137 1148 1138
f 1142 1138 1148
f 1147 1135 1146
f 1145 1146 1135
f 1133 1144 1145
f 1133 1141 1144
f 1136 1147 1137
f 1153 1145 1152
f 1157 1156 1163
f 1148 1160 1161
f 1148 1159 1160
f 1147 1155 1159
f 1147 1154 1155
f 1161 1150 1148
f 1146 1153 1154
f 1149 1159 1148
f 828 827 1320
f 1159 1149 1147
f 1152 1141 1151
f 1154 1147 1146
f 1150 1142 1148
f 1158 1151 1141
f 1153 1146 1145
f 1144 1141 1152
f 940 932 933
f 982 974 983
f 962 963 1006
f 985 978 979
f 976 962 1005
f 980 986 979
f 980 981 988
f 988 981 982
f 1127 938 934
f 1185 840 838
f 981 973 982
f 931 932 940
f 937 927 939
f 936 927 937
f 927 931 939
f 935 926 936
f 938 1127 1128
f 933 924 934
f 930 922 935
f 926 927 936
f 968 978 977
f 974 960 975
f 975 961 976
f 946 947 1008
f 946 1007 958
f 968 969 978
f 978 969 970
f 970 971 980
f 980 971 972
f 972 973 981
f 935 923 926
f 973 974 982
f 958 1007 963
f 886 977 984
f 990 886 984
f 977 978 985
f 978 970 979
f 979 970 980
f 980 972 981
f 452 446 941
f 922 462 923
f 923 463 917
f 921 462 922
f 462 463 923
f 921 461 462
f 921 460 461
f 916 460 921
f 941 446 928
f 446 916 928
f 917 918 927
f 458 881 915
f 429 881 458
f 911 910 898
f 910 909 897
f 909 908 897
f 908 906 895
f 914 892 913
f 914 912 892
f 912 911 892
f 931 920 932
f 929 922 930
f 928 921 929
f 953 452 941
f 854 848 953
f 848 452 953
f 934 925 1127
f 924 925 934
f 933 920 924
f 932 920 933
f 974 973 960
f 922 923 935
f 927 918 931
f 931 919 920
f 918 919 931
f 926 917 927
f 923 917 926
f 921 922 929
f 928 916 921
f 954 942 955
f 951 940 945
f 950 939 951
f 946 958 945
f 953 941 942
f 942 943 955
f 955 943 944
f 944 948 957
f 957 948 949
f 953 942 954
f 939 940 951
f 949 950 960
f 951 945 952
f 952 945 958
f 860 854 977
f 968 854 953
f 977 854 968
f 955 944 956
f 956 944 957
f 960 950 951
f 940 933 945
f 928 929 942
f 941 928 942
f 942 929 943
f 929 930 943
f 943 930 935
f 935 936 948
f 939 931 940
f 933 934 945
f 934 938 946
f 957 949 959
f 936 937 949
f 945 934 946
f 947 946 938
f 943 935 944
f 944 935 948
f 948 936 949
f 949 939 950
f 949 937 939
f 965 884 966
f 2109 456 1011
f 1183 1906 2059
f 1183 2059 2081
f 174 915 965
f 964 915 881
f 915 964 882
f 915 882 965
f 965 882 884
f 883 967 884
f 1906 837 1900
f 966 884 967
f 966 174 965
f 176 966 967
f 971 970 955
f 972 971 957
f 973 972 957
f 960 961 975
f 961 962 976
f 970 969 955
f 959 949 960
f 961 960 951
f 962 961 952
f 961 951 952
f 952 958 963
f 953 954 969
f 969 954 955
f 971 955 956
f 969 968 953
f 906 907 901
f 971 956 957
f 973 957 959
f 973 959 960
f 963 962 952
f 1231 938 1128
f 947 938 1009
f 1863 1869 836
f 836 1869 1900
f 1012 855 861
f 850 845 846
f 846 847 853
f 847 848 854
f 850 844 845
f 850 846 852
f 852 846 853
f 853 847 854
f 885 1010 428
f 1014 887 893
f 844 850 851
f 887 1012 861
f 849 851 856
f 851 850 857
f 857 850 852
f 857 852 858
f 855 849 856
f 856 851 857
f 852 853 859
f 859 853 854
f 451 452 848
f 842 866 878
f 429 842 875
f 427 967 877
f 428 1097 885
f 572 843 849
f 449 450 846
f 450 451 846
f 447 448 844
f 844 448 449
f 858 852 859
f 843 447 844
f 844 449 845
f 449 846 845
f 846 451 847
f 847 451 848
f 572 849 855
f 849 843 844
f 849 844 851
f 875 877 876
f 868 867 877
f 870 868 877
f 869 870 871
f 872 869 871
f 871 870 877
f 873 872 877
f 872 871 877
f 873 877 874
f 874 877 875
f 869 868 870
f 842 878 874
f 429 875 881
f 875 842 874
f 878 873 874
f 881 875 876
f 881 876 879
f 876 877 879
f 880 879 877
f 865 864 858
f 859 854 860
f 855 856 862
f 862 856 857
f 857 858 864
f 859 865 858
f 861 855 862
f 865 859 860
f 863 862 857
f 864 863 857
f 842 841 866
f 886 865 860
f 878 866 873
f 866 162 867
f 866 867 868
f 867 162 877
f 866 868 869
f 866 869 872
f 873 866 872
f 885 905 907
f 903 885 902
f 1106 902 885
f 911 912 885
f 910 911 885
f 885 909 910
f 908 909 885
f 906 908 885
f 885 904 905
f 906 885 907
f 899 893 894
f 885 903 904
f 892 886 990
f 897 891 898
f 896 891 897
f 895 889 896
f 894 889 895
f 893 887 894
f 891 892 898
f 896 890 891
f 912 914 885
f 903 899 904
f 907 905 899
f 905 904 899
f 907 900 901
f 899 900 907
f 901 895 906
f 1010 885 994
f 913 994 885
f 885 914 913
f 889 890 896
f 892 990 913
f 897 898 910
f 908 896 897
f 895 896 908
f 898 892 911
f 900 894 901
f 899 894 900
f 895 901 894
f 1332 835 830
f 884 882 883
f 881 879 880
f 964 880 883
f 882 964 883
f 880 964 881
f 880 877 883
f 829 828 1320
f 830 829 1327
f 967 883 877
f 836 835 1863
f 832 833 1581
f 833 834 1593
f 1593 834 838
f 1593 838 2298
f 841 842 429
f 841 429 119
f 841 152 866
f 864 865 890
f 894 888 889
f 887 888 894
f 891 865 892
f 890 865 891
f 889 864 890
f 862 889 888
f 887 862 888
f 860 977 886
f 865 886 892
f 885 1073 1106
f 889 863 864
f 862 863 889
f 861 862 887
f 1018 903 902
f 1019 902 1106
f 1018 899 903
f 1018 893 899
f 104 101 103
f 1 101 2
f 47 46 63
f 56 39 57
f 55 38 56
f 54 37 55
f 53 36 54
f 52 35 53
f 51 34 52
f 50 33 51
f 49 32 50
f 101 1 103
f 101 102 38
f 46 48 65
f 47 64 42
f 57 40 58
f 48 45 62
f 45 44 61
f 44 43 60
f 41 42 59
f 40 41 58
f 39 40 57
f 38 39 56
f 37 38 55
f 36 37 54
f 35 36 53
f 34 35 52
f 33 34 51
f 16 66 15
f 102 66 45
f 42 102 47
f 47 102 46
f 102 45 48
f 102 48 46
f 41 102 42
f 40 102 41
f 39 102 40
f 38 102 39
f 45 66 44
f 44 66 43
f 43 66 16
f 32 33 50
f 15 66 14
f 14 66 13
f 66 12 13
f 66 11 12
f 63 46 65
f 64 47 63
f 59 42 64
f 62 45 61
f 65 48 62
f 61 44 60
f 58 41 59
f 6 5 20
f 43 16 31
f 16 15 30
f 15 14 29
f 14 13 28
f 13 12 27
f 12 11 26
f 11 10 25
f 10 9 24
f 9 8 23
f 4 2 17
f 8 7 22
f 7 6 21
f 66 67 1
f 5 4 19
f 3 32 49
f 2 3 18
f 11 1 10
f 9 10 1
f 8 9 1
f 66 1 11
f 7 8 1
f 6 7 1
f 5 6 1
f 4 5 1
f 2 4 1
f 28 13 27
f 37 101 38
f 36 101 37
f 35 101 36
f 34 101 35
f 33 101 34
f 32 101 33
f 3 101 32
f 2 101 3
f 60 43 31
f 31 16 30
f 30 15 29
f 29 14 28
f 97 104 100
f 27 12 26
f 26 11 25
f 25 10 24
f 24 9 23
f 23 8 22
f 19 4 17
f 22 7 21
f 20 5 19
f 21 6 20
f 18 3 49
f 17 2 18
f 103 83 84
f 94 30 93
f 30 92 93
f 92 28 91
f 60 31 98
f 31 30 94
f 30 29 92
f 67 66 95
f 104 103 88
f 103 87 88
f 103 86 87
f 103 85 86
f 103 84 85
f 98 31 94
f 103 82 83
f 103 81 82
f 103 80 81
f 103 79 80
f 103 69 79
f 89 64 100
f 90 59 89
f 88 59 90
f 87 58 88
f 86 56 87
f 85 55 86
f 84 55 85
f 62 61 99
f 102 101 104
f 104 89 100
f 104 90 89
f 104 88 90
f 96 104 97
f 99 104 96
f 99 95 104
f 100 65 97
f 97 62 96
f 62 99 96
f 99 61 98
f 65 62 97
f 22 21 72
f 61 60 98
f 95 99 98
f 95 98 94
f 95 94 93
f 95 93 92
f 95 92 91
f 78 95 91
f 77 95 78
f 76 95 77
f 75 95 76
f 73 95 75
f 29 28 92
f 91 27 78
f 78 26 77
f 26 76 77
f 76 25 75
f 75 23 73
f 69 18 79
f 68 17 69
f 70 19 74
f 74 17 68
f 73 22 72
f 72 21 71
f 21 70 71
f 82 53 83
f 28 27 91
f 27 26 78
f 26 25 76
f 25 24 75
f 24 23 75
f 21 20 70
f 17 18 69
f 18 49 79
f 19 17 74
f 20 19 70
f 23 22 73
f 103 1 67
f 72 71 67
f 83 54 84
f 81 51 82
f 80 51 81
f 79 50 80
f 59 64 89
f 59 88 58
f 87 57 58
f 56 57 87
f 100 63 65
f 64 63 100
f 55 56 86
f 55 84 54
f 54 83 53
f 82 52 53
f 51 52 82
f 51 80 50
f 79 49 50
f 67 95 73
f 69 67 68
f 74 68 67
f 103 67 69
f 73 72 67
f 71 70 67
f 67 70 74
f 522 555 521
f 510 511 528
f 502 503 520
f 503 504 521
f 504 505 522
f 505 506 523
f 506 507 524
f 507 508 525
f 512 515 532
f 508 509 526
f 510 527 509
f 501 502 519
f 511 512 529
f 514 513 530
f 515 514 531
f 567 568 505
f 508 568 509
f 509 568 510
f 510 568 511
f 511 568 512
f 512 568 515
f 496 480 495
f 487 471 488
f 484 468 487
f 488 472 516
f 490 474 489
f 491 475 490
f 492 476 491
f 493 477 492
f 494 478 493
f 495 479 494
f 515 568 483
f 497 481 496
f 498 482 497
f 530 513 498
f 483 568 552
f 505 568 506
f 506 568 507
f 507 568 508
f 499 500 517
f 500 501 518
f 535 533 537
f 534 484 536
f 536 487 537
f 537 487 535
f 535 488 538
f 536 533 534
f 533 544 534
f 533 543 544
f 533 545 543
f 537 533 536
f 488 516 538
f 569 533 535
f 538 516 517
f 518 539 517
f 518 519 541
f 538 517 539
f 539 518 540
f 540 518 541
f 541 520 542
f 569 535 538
f 525 508 526
f 516 499 517
f 517 500 518
f 518 501 519
f 519 502 520
f 520 503 521
f 521 504 522
f 522 505 523
f 523 506 524
f 524 507 525
f 489 473 485
f 529 512 532
f 526 509 527
f 528 511 529
f 527 510 528
f 531 514 530
f 532 515 531
f 487 536 484
f 487 488 535
f 532 531 565
f 557 523 558
f 556 522 557
f 555 522 556
f 542 521 555
f 526 527 562
f 526 560 525
f 563 528 529
f 532 559 529
f 531 530 564
f 558 525 560
f 527 528 563
f 558 524 525
f 523 524 558
f 471 467 567
f 473 467 469
f 469 467 470
f 467 471 468
f 467 468 470
f 474 467 473
f 570 569 560
f 570 567 569
f 567 570 568
f 563 559 570
f 570 561 562
f 562 563 570
f 570 560 561
f 565 552 570
f 559 566 570
f 566 565 570
f 475 467 474
f 552 568 570
f 562 527 563
f 561 526 562
f 560 526 561
f 559 532 566
f 563 529 559
f 532 565 566
f 565 531 564
f 483 477 478
f 475 474 490
f 476 475 491
f 477 476 492
f 478 477 493
f 479 478 494
f 480 479 495
f 481 480 496
f 482 481 497
f 513 482 498
f 474 473 489
f 483 478 479
f 483 479 480
f 483 480 481
f 483 481 482
f 483 482 513
f 513 514 483
f 514 515 483
f 486 470 484
f 485 469 486
f 567 504 503
f 476 467 475
f 477 467 476
f 467 483 533
f 471 567 472
f 472 567 499
f 499 567 500
f 500 567 501
f 501 567 502
f 502 567 503
f 522 523 557
f 567 505 504
f 483 467 477
f 470 468 484
f 473 469 485
f 469 470 486
f 471 487 468
f 471 472 488
f 472 499 516
f 490 489 545
f 485 534 544
f 530 498 564
f 498 497 554
f 497 496 551
f 496 495 551
f 495 494 550
f 494 493 549
f 493 492 547
f 485 486 534
f 486 484 534
f 492 491 546
f 491 490 546
f 521 542 520
f 489 485 543
f 533 483 552
f 560 569 558
f 558 569 557
f 557 569 556
f 556 569 555
f 555 569 542
f 569 541 542
f 569 540 541
f 569 539 540
f 569 538 539
f 545 489 543
f 543 485 544
f 541 519 520
f 565 564 552
f 564 554 552
f 554 553 552
f 553 551 552
f 551 550 552
f 550 549 552
f 549 548 552
f 548 547 552
f 547 546 552
f 533 552 545
f 546 545 552
f 546 490 545
f 547 492 546
f 493 547 548
f 549 493 548
f 550 494 549
f 551 495 550
f 497 551 553
f 554 497 553
f 564 498 554
f 267 235 236
f 237 268 236
f 237 242 269
f 258 228 259
f 259 229 260
f 260 229 262
f 262 231 263
f 263 232 264
f 264 233 265
f 265 233 266
f 266 234 267
f 267 236 268
f 268 237 270
f 270 237 269
f 269 242 280
f 281 209 261
f 261 248 258
f 261 258 259
f 261 259 260
f 261 260 262
f 246 275 252
f 271 204 257
f 245 226 224
f 246 249 253
f 251 250 246
f 250 249 246
f 252 251 246
f 261 246 248
f 253 247 246
f 248 246 247
f 234 235 267
f 258 227 228
f 229 259 228
f 229 230 262
f 262 230 231
f 232 263 231
f 233 264 232
f 233 234 266
f 242 241 280
f 280 241 243
f 240 279 276
f 275 272 271
f 275 273 272
f 275 274 273
f 275 278 274
f 275 279 278
f 239 238 278
f 240 239 279
f 243 240 277
f 279 239 278
f 257 275 271
f 277 240 276
f 280 243 277
f 279 275 281
f 279 281 276
f 276 281 277
f 281 268 270
f 281 270 269
f 281 269 280
f 277 281 280
f 238 208 278
f 263 264 261
f 264 265 261
f 265 266 261
f 266 267 261
f 267 268 261
f 281 261 268
f 246 244 275
f 207 206 272
f 208 207 274
f 262 263 261
f 272 205 271
f 207 272 273
f 274 207 273
f 278 208 274
f 252 275 254
f 254 275 255
f 255 275 256
f 256 275 257
f 215 209 216
f 225 242 220
f 225 224 241
f 226 223 240
f 223 222 239
f 222 221 238
f 219 220 237
f 218 219 236
f 217 218 235
f 216 217 234
f 215 216 233
f 214 215 232
f 213 214 231
f 212 213 230
f 211 212 229
f 210 211 228
f 224 226 243
f 214 209 215
f 213 209 214
f 212 209 213
f 211 209 212
f 210 209 211
f 180 209 210
f 179 209 180
f 238 221 208
f 208 193 207
f 207 192 206
f 206 191 205
f 205 190 204
f 204 189 203
f 203 188 202
f 202 187 201
f 237 220 242
f 245 223 226
f 219 245 220
f 218 245 219
f 217 245 218
f 216 245 217
f 223 244 222
f 222 244 221
f 221 244 193
f 193 244 192
f 192 244 191
f 191 244 190
f 244 189 190
f 244 188 189
f 241 224 243
f 242 225 241
f 203 255 256
f 240 223 239
f 243 226 240
f 239 222 238
f 236 219 237
f 235 218 236
f 234 217 235
f 233 216 234
f 232 215 233
f 231 214 232
f 230 213 231
f 229 212 230
f 228 211 229
f 227 210 228
f 209 178 261
f 209 245 216
f 201 200 254
f 181 182 178
f 179 181 178
f 178 209 179
f 225 245 224
f 220 245 225
f 244 223 245
f 245 209 281
f 261 178 246
f 199 198 251
f 200 199 252
f 197 196 249
f 196 194 253
f 195 227 258
f 194 195 248
f 198 197 249
f 200 185 199
f 202 201 254
f 203 202 255
f 204 203 257
f 205 204 271
f 206 205 272
f 198 249 250
f 251 198 250
f 252 199 251
f 253 194 247
f 249 196 253
f 247 194 248
f 248 195 258
f 254 200 252
f 255 202 254
f 257 203 256
f 183 184 178
f 201 186 200
f 196 181 194
f 199 184 198
f 197 182 196
f 198 183 197
f 195 180 227
f 194 179 195
f 244 246 178
f 221 193 208
f 193 192 207
f 192 191 206
f 191 190 205
f 190 189 204
f 189 188 203
f 188 187 202
f 187 186 201
f 186 185 200
f 181 179 194
f 185 184 199
f 184 183 198
f 183 182 197
f 182 181 196
f 180 210 227
f 179 180 195
f 188 178 187
f 186 187 178
f 185 186 178
f 244 178 188
f 184 185 178
f 182 183 178
f 1747 1712 1743
f 1675 1731 1732
f 1734 1733 1736
f 1733 1732 1736
f 1732 1731 1736
f 1731 1730 1736
f 1730 1729 1736
f 1716 1736 1729
f 1748 1680 1738
f 1738 1679 1737
f 1679 1735 1737
f 1735 1677 1734
f 1734 1676 1733
f 1733 1675 1732
f 1735 1734 1736
f 1731 1674 1730
f 1730 1672 1729
f 1729 1671 1727
f 1727 1667 1728
f 1667 1717 1728
f 1713 1680 1748
f 1680 1679 1738
f 1679 1678 1735
f 1678 1677 1735
f 1677 1676 1734
f 1676 1675 1733
f 1675 1674 1731
f 1714 1713 1748
f 1703 1685 1704
f 1715 1749 1750
f 1749 1714 1748
f 1742 1708 1744
f 1741 1706 1742
f 1740 1705 1741
f 1739 1705 1740
f 1726 1704 1739
f 1709 1710 1746
f 1709 1744 1708
f 1747 1711 1712
f 1715 1743 1712
f 1667 1668 1717
f 1715 1714 1749
f 1710 1711 1747
f 1742 1707 1708
f 1706 1707 1742
f 1705 1706 1741
f 1705 1739 1704
f 1704 1726 1703
f 1725 1702 1703
f 1749 1748 1736
f 1748 1738 1736
f 1738 1737 1736
f 1737 1735 1736
f 1669 1719 1666
f 1718 1716 1720
f 1720 1716 1719
f 1716 1729 1727
f 1716 1727 1728
f 1716 1728 1717
f 1719 1716 1717
f 1718 1670 1722
f 1720 1669 1718
f 1719 1669 1720
f 1717 1666 1719
f 1670 1699 1722
f 1669 1670 1718
f 1716 1718 1721
f 1649 1751 1698
f 1715 1697 1714
f 1714 1696 1713
f 1710 1692 1711
f 1711 1693 1712
f 1709 1691 1710
f 1712 1694 1715
f 1708 1690 1709
f 1707 1689 1708
f 1706 1688 1707
f 1705 1687 1706
f 1704 1686 1705
f 1721 1724 1725
f 1668 1666 1717
f 1674 1673 1730
f 1673 1672 1730
f 1672 1671 1729
f 1671 1667 1727
f 1716 1665 1736
f 1744 1721 1742
f 1742 1721 1741
f 1741 1721 1740
f 1740 1721 1739
f 1739 1721 1726
f 1721 1725 1726
f 1702 1684 1703
f 1721 1723 1724
f 1721 1722 1723
f 1721 1718 1722
f 1751 1649 1721
f 1725 1703 1726
f 1724 1701 1725
f 1723 1701 1724
f 1722 1700 1723
f 1701 1702 1725
f 1701 1723 1700
f 1722 1699 1700
f 1665 1662 1663
f 1657 1656 1672
f 1658 1657 1673
f 1659 1658 1674
f 1660 1659 1675
f 1661 1660 1676
f 1662 1661 1677
f 1663 1662 1678
f 1664 1663 1679
f 1695 1664 1680
f 1665 1659 1660
f 1665 1660 1661
f 1665 1661 1662
f 1656 1655 1671
f 1665 1663 1664
f 1665 1664 1695
f 1695 1696 1665
f 1696 1697 1665
f 1668 1652 1666
f 1667 1651 1668
f 1671 1655 1667
f 1669 1653 1670
f 1666 1650 1669
f 1670 1654 1699
f 1672 1656 1671
f 1673 1657 1672
f 1682 1649 1683
f 1655 1648 1651
f 1651 1648 1652
f 1648 1653 1650
f 1648 1650 1652
f 1656 1648 1655
f 1657 1648 1656
f 1658 1648 1657
f 1659 1648 1658
f 1648 1665 1716
f 1653 1649 1654
f 1654 1649 1681
f 1681 1649 1682
f 1674 1658 1673
f 1683 1649 1684
f 1684 1649 1685
f 1649 1686 1685
f 1649 1687 1686
f 1665 1648 1659
f 1652 1650 1666
f 1655 1651 1667
f 1651 1652 1668
f 1653 1669 1650
f 1653 1654 1670
f 1654 1681 1699
f 1747 1743 1751
f 1696 1695 1713
f 1697 1696 1714
f 1649 1698 1687
f 1690 1698 1691
f 1691 1698 1692
f 1692 1698 1693
f 1693 1698 1694
f 1694 1698 1697
f 1697 1698 1665
f 1699 1681 1700
f 1700 1682 1701
f 1701 1683 1702
f 1693 1694 1712
f 1751 1745 1746
f 1746 1747 1751
f 1751 1744 1745
f 1749 1736 1751
f 1743 1750 1751
f 1750 1749 1751
f 1751 1721 1744
f 1736 1698 1751
f 1746 1710 1747
f 1745 1709 1746
f 1744 1709 1745
f 1743 1715 1750
f 1682 1683 1701
f 1675 1659 1674
f 1676 1660 1675
f 1677 1661 1676
f 1678 1662 1677
f 1679 1663 1678
f 1680 1664 1679
f 1713 1695 1680
f 1665 1698 1736
f 1687 1698 1688
f 1688 1698 1689
f 1689 1698 1690
f 1681 1682 1700
f 1648 1649 1653
f 1683 1684 1702
f 1684 1685 1703
f 1685 1686 1704
f 1686 1687 1705
f 1687 1688 1706
f 1688 1689 1707
f 1689 1690 1708
f 1694 1697 1715
f 1690 1691 1709
f 1692 1710 1691
f 1692 1693 1711

