# https://github.com/mikedh/trimesh
v -10.00000000 10.00000000 0.00000000
v -8.99944115 11.08332920 0.00000000
v -8.96213245 11.03786755 0.00000000
v -8.91667080 11.00055885 0.00000000
v -8.86480522 10.97283649 0.00000000
v -8.80852699 10.95576477 0.00000000
v -9.02716351 11.13519478 0.00000000
v -9.04423523 11.19147301 0.00000000
v -9.05000019 11.25000000 0.00000000
v -9.04423523 11.30852699 0.00000000
v -9.02716351 11.36480522 0.00000000
v -8.99944115 11.41667080 0.00000000
v -8.96213245 11.46213245 0.00000000
v -8.91667080 11.49944115 0.00000000
v -8.86480522 11.52716351 0.00000000
v -8.80852699 11.54423523 0.00000000
v -8.99944115 11.08332920 0.27499998
v -8.96213245 11.03786755 0.27500001
v -8.91667080 11.00055885 0.27500001
v -8.86480522 10.97283649 0.27500001
v -8.80852699 10.95576477 0.27500001
v -9.02716351 11.13519478 0.27500001
v -9.04423523 11.19147301 0.27500001
v -9.05000019 11.25000000 0.27500001
v -9.04423523 11.30852699 0.27500001
v -9.02716351 11.36480522 0.27500001
v -8.99944115 11.41667080 0.27499998
v -8.96213245 11.46213245 0.27500001
v -8.91667080 11.49944115 0.27500001
v -8.86480522 11.52716351 0.27500001
v -8.80852699 11.54423523 0.27500001
v -10.00000000 12.50000000 0.00000000
v -8.75000000 10.94999981 0.00000000
v -8.69147301 10.95576477 0.00000000
v -8.63519478 10.97283649 0.00000000
v -8.58332920 11.00055885 0.00000000
v -8.53786755 11.03786755 0.00000000
v -8.50055885 11.08332920 0.00000000
v -8.75000000 11.55000019 0.00000000
v -8.69147301 11.54423523 0.00000000
v -8.63519478 11.52716351 0.00000000
v -8.47283649 11.13519478 0.00000000
v -8.45576477 11.19147301 0.00000000
v -8.44999981 11.25000000 0.00000000
v -8.47283649 11.36480522 0.00000000
v -8.45576477 11.30852699 0.00000000
v -8.58332920 11.49944115 0.00000000
v -8.53786755 11.46213245 0.00000000
v -8.50055885 11.41667080 0.00000000
v -8.75000000 10.94999981 0.27500001
v -8.69147301 10.95576477 0.27500001
v -8.63519478 10.97283649 0.27500001
v -8.58332920 11.00055885 0.27500001
v -8.53786755 11.03786755 0.27500001
v -8.50055885 11.08332920 0.27499998
v -8.75000000 11.55000019 0.27500001
v -8.69147301 11.54423523 0.27500001
v -8.63519478 11.52716351 0.27500001
v -8.47283649 11.13519478 0.27500001
v -8.45576477 11.19147301 0.27500001
v -8.44999981 11.25000000 0.27500001
v -8.47283649 11.36480522 0.27500001
v -8.45576477 11.30852699 0.27500001
v -8.58332920 11.49944115 0.27500001
v -8.53786755 11.46213150 0.27500001
v -8.50055885 11.41667080 0.27499998
v -10.00000000 10.00000000 0.50000000
v -9.23503685 11.04909134 0.50000000
v -9.18652153 10.95832539 0.50000000
v -9.12123108 10.87876892 0.50000000
v -9.04167461 10.81347847 0.50000000
v -8.95090866 10.76496315 0.50000000
v -8.85242271 10.73508739 0.50000000
v -9.26491261 11.14757729 0.50000000
v -9.27499962 11.25000000 0.50000000
v -9.26491261 11.35242271 0.50000000
v -9.23503685 11.45090866 0.50000000
v -9.18652153 11.54167461 0.50000000
v -9.12123108 11.62123108 0.50000000
v -9.04167461 11.68652153 0.50000000
v -8.95090866 11.73503685 0.50000000
v -8.85242271 11.76491261 0.50000000
v -10.00000000 12.50000000 0.50000000
v -8.75000000 10.72500038 0.50000000
v -8.64757729 10.73508739 0.50000000
v -8.54909134 10.76496315 0.50000000
v -8.45832539 10.81347847 0.50000000
v -8.37876892 10.87876892 0.50000000
v -8.31347847 10.95832539 0.50000000
v -8.26496315 11.04909134 0.50000000
v -8.75000000 11.77499962 0.50000000
v -8.64757729 11.76491261 0.50000000
v -8.54909134 11.73503685 0.50000000
v -8.45832539 11.68652153 0.50000000
v -8.37876892 11.62123108 0.50000000
v -8.31347847 11.54167461 0.50000000
v -8.23508739 11.14757729 0.50000000
v -8.22500038 11.25000000 0.50000000
v -8.23508739 11.35242271 0.50000000
v -8.26496315 11.45090866 0.50000000
v -7.50000000 10.00000000 0.00000000
v -7.50000000 12.50000000 0.00000000
v -7.50000000 10.00000000 0.50000000
v -7.50000000 12.50000000 0.50000000
v -5.20492887 25.53861427 0.50000000
v -4.87726307 10.00000000 0.50000000
v -4.24285746 18.37302589 0.62357199
v -4.87726307 20.09346581 0.50000000
v -4.25098467 18.87341118 0.50000000
v -3.40154386 27.46143723 1.70770705
v -5.20492887 25.53861427 3.50000000
v -1.06147301 10.63971710 2.61137509
v -0.80661696 10.67697144 2.56180096
v -0.29057461 10.74305439 2.49524307
v -0.03036772 10.77175808 2.47838497
v -0.54948831 10.71143723 2.52306604
v -4.87726307 10.00000000 3.50000000
v -2.51630783 10.36195755 3.12972307
v -2.74211097 10.30743980 3.25139594
v -3.16844845 10.22609520 3.50000000
v -3.14880061 10.20193672 3.50000000
v -2.96198010 10.25083637 3.38259506
v -2.78318119 10.22853756 3.50000000
v -2.76695275 10.22976208 3.50000000
v -2.69008279 10.23662376 3.50000000
v -1.31357467 10.59974670 2.67169309
v -1.80761373 10.51196289 2.82408094
v -1.56244516 10.55713558 2.74264002
v -2.04861712 10.46431541 2.91586208
v -2.28499651 10.41427994 3.01780701
v -1.92490780 10.33475399 3.40173602
v -2.05593944 10.29483223 3.50000000
v -3.79989767 27.34614372 2.02891898
v -3.60445523 27.40525627 1.86423504
v -3.98749495 27.28420830 2.20144606
v -4.16689110 27.21957207 2.38148808
v -4.33774090 27.15235329 2.56870198
v -4.65334702 19.10018539 3.50000000
v -4.67363262 19.45622063 3.50000000
v -4.67575836 19.63350868 3.50000000
v -4.67584705 19.63534927 3.50000000
v -4.87726307 20.09346581 3.50000000
v -4.49971962 27.08268166 2.76273203
v -4.65252209 27.01069450 2.96320796
v -4.79585314 26.93652153 3.16974902
v -4.92944431 26.86031342 3.38196206
v -4.79721975 27.43227959 3.33811498
v -4.99903297 26.81618500 3.50000000
v -4.93501186 27.20407104 3.50000000
v -4.90892935 27.32922173 3.50000000
v -4.90391922 27.35623741 3.50000000
v -4.90079308 27.37263107 3.50000000
v -4.79665518 27.43273163 3.50000000
v -1.87239444 19.71230125 3.50000000
v -0.42220965 25.98352242 2.83279204
v -0.14320977 26.00124359 2.78335404
v -0.00225743 26.00701523 2.76726389
v -0.28328303 25.99340630 2.80521011
v -0.82946974 25.94176865 2.94930196
v -0.69556302 25.95767975 2.90490603
v -0.96119159 25.92391205 2.99914908
v -1.09047389 25.90413475 3.05435109
v -0.55972141 25.97160339 2.86604404
v -1.34074819 25.85898399 3.18039107
v -1.46126258 25.83369446 3.25098801
v -1.91239572 25.77437782 3.50000000
v -1.87679434 25.76244354 3.50000000
v -1.57838655 25.80665779 3.32646203
v -1.69189775 25.77792740 3.40666795
v -1.86087692 25.75716782 3.50000000
v -1.85177827 25.75420189 3.50000000
v -1.84583604 25.75230789 3.50000000
v -1.83841836 25.75003815 3.50000000
v -1.84160995 25.75099564 3.50000000
v -1.80158091 25.74755859 3.49145293
v -1.81241226 25.74370193 3.50000000
v -1.21707237 25.88247681 3.11480308
v -10.00000000 35.00000000 0.00000000
v -8.99944115 36.08332825 0.00000000
v -9.02716351 36.13519669 0.00000000
v -9.04423523 36.19147110 0.00000000
v -8.96213245 36.03786850 0.00000000
v -8.91667080 36.00056076 0.00000000
v -8.86480522 35.97283554 0.00000000
v -8.80852699 35.95576477 0.00000000
v -8.99944115 36.08332825 0.27499998
v -9.02716351 36.13519669 0.27500001
v -9.04423523 36.19147110 0.27500001
v -8.96213245 36.03786850 0.27500001
v -8.91667080 36.00056076 0.27500001
v -8.86480522 35.97283554 0.27500001
v -8.80852699 35.95576477 0.27500001
v -8.75000000 35.95000076 0.00000000
v -8.69147301 35.95576477 0.00000000
v -8.63519478 35.97283554 0.00000000
v -8.58332920 36.00056076 0.00000000
v -8.53786755 36.03786850 0.00000000
v -8.50055885 36.08332825 0.00000000
v -8.47283649 36.13519669 0.00000000
v -8.45576477 36.19147110 0.00000000
v -8.75000000 35.95000076 0.27500001
v -8.69147301 35.95576477 0.27500001
v -8.63519478 35.97283554 0.27500001
v -8.58332920 36.00056076 0.27500001
v -8.53786755 36.03786850 0.27500001
v -8.50055885 36.08332825 0.27499998
v -8.47283649 36.13519669 0.27500001
v -8.45576477 36.19147110 0.27500001
v -10.00000000 35.00000000 0.50000000
v -9.23503685 36.04909134 0.50000000
v -9.26491261 36.14757919 0.50000000
v -9.18652153 35.95832443 0.50000000
v -9.12123108 35.87876892 0.50000000
v -9.04167461 35.81347656 0.50000000
v -8.95090866 35.76496506 0.50000000
v -8.85242271 35.73508835 0.50000000
v -8.75000000 35.72499847 0.50000000
v -8.64757729 35.73508835 0.50000000
v -8.54909134 35.76496506 0.50000000
v -8.45832539 35.81347656 0.50000000
v -8.37876892 35.87876892 0.50000000
v -8.31347847 35.95832443 0.50000000
v -8.26496315 36.04909134 0.50000000
v -8.23508739 36.14757919 0.50000000
v -5.20492887 28.59734344 0.50000000
v -7.50000000 35.00000000 0.00000000
v -7.50000000 35.00000000 0.50000000
v -10.00000000 37.50000000 0.00000000
v -9.05000019 36.25000000 0.00000000
v -9.04423523 36.30852890 0.00000000
v -9.02716351 36.36480331 0.00000000
v -8.99944115 36.41667175 0.00000000
v -8.96213245 36.46213150 0.00000000
v -8.91667080 36.49943924 0.00000000
v -8.86480522 36.52716446 0.00000000
v -8.80852699 36.54423523 0.00000000
v -9.05000019 36.25000000 0.27500001
v -9.04423523 36.30852890 0.27500001
v -9.02716351 36.36480331 0.27500001
v -8.99944115 36.41667175 0.27499998
v -8.96213245 36.46213150 0.27500001
v -8.91667080 36.49943924 0.27500001
v -8.86480522 36.52716446 0.27500001
v -8.80852699 36.54423523 0.27500001
v -8.75000000 36.54999924 0.00000000
v -8.69147301 36.54423523 0.00000000
v -8.63519478 36.52716446 0.00000000
v -8.58332920 36.49943924 0.00000000
v -8.53786755 36.46213150 0.00000000
v -8.44999981 36.25000000 0.00000000
v -8.45576477 36.30852890 0.00000000
v -8.47283649 36.36480331 0.00000000
v -8.50055885 36.41667175 0.00000000
v -8.75000000 36.54999924 0.27500001
v -8.69147301 36.54423523 0.27500001
v -8.63519478 36.52716446 0.27500001
v -8.58332920 36.49943924 0.27500001
v -8.53786755 36.46213150 0.27500001
v -8.44999981 36.25000000 0.27500001
v -8.45576477 36.30852890 0.27500001
v -8.47283649 36.36480331 0.27500001
v -8.50055885 36.41667175 0.27499998
v -10.00000000 37.50000000 0.50000000
v -9.27499962 36.25000000 0.50000000
v -9.26491261 36.35242081 0.50000000
v -9.23503685 36.45090866 0.50000000
v -9.18652153 36.54167557 0.50000000
v -9.12123108 36.62123108 0.50000000
v -9.04167461 36.68652344 0.50000000
v -8.95090866 36.73503494 0.50000000
v -8.85242271 36.76491165 0.50000000
v -8.75000000 36.77500153 0.50000000
v -8.64757729 36.76491165 0.50000000
v -8.54909134 36.73503494 0.50000000
v -8.45832539 36.68652344 0.50000000
v -8.37876892 36.62123108 0.50000000
v -8.31347847 36.54167557 0.50000000
v -8.22500038 36.25000000 0.50000000
v -8.23508739 36.35242081 0.50000000
v -8.26496315 36.45090866 0.50000000
v -7.50000000 37.50000000 0.00000000
v -7.50000000 37.50000000 0.50000000
v -5.90189028 37.38761902 0.50000000
v -5.24931669 38.41794205 0.50223100
v -5.19946766 38.34656143 0.50238800
v -5.23373842 38.39343643 0.50228500
v -5.21710348 38.36963654 0.50233603
v -5.18083858 38.32428360 0.50243700
v -5.16126347 38.30282593 0.50248402
v -5.14078283 38.28222656 0.50252998
v -5.11941862 38.26254654 0.50257301
v -5.09722900 38.24379349 0.50261497
v -5.07424116 38.22602081 0.50265402
v -5.05049849 38.20926285 0.50269002
v -5.02605391 38.19353485 0.50272501
v -5.00099850 38.17905045 0.50275701
v -5.90189028 40.14941406 0.50000000
v -5.33326912 38.63336563 0.50175500
v -5.32691669 38.60501862 0.50181699
v -5.31935358 38.57697296 0.50187898
v -5.33836842 38.66196823 0.50169098
v -5.34224129 38.69076538 0.50162798
v -5.34485483 38.71970749 0.50156403
v -5.34621477 38.74873734 0.50150001
v -5.34619951 38.77767944 0.50143600
v -5.34480762 38.80671310 0.50137198
v -5.34215975 38.83565521 0.50130802
v -5.33827162 38.86444855 0.50124502
v -5.33312130 38.89303970 0.50118101
v -5.32675505 38.92138290 0.50111902
v -5.31915951 38.94942093 0.50105703
v -5.27722120 38.46886063 0.50211799
v -5.28949928 38.49517822 0.50206000
v -5.30062914 38.52199936 0.50200099
v -5.31059265 38.54927826 0.50194103
v -5.26381922 38.44310379 0.50217497
v -5.31036186 38.97710037 0.50099599
v -5.30038261 39.00437164 0.50093597
v -5.28921986 39.03118134 0.50087601
v -5.27691412 39.05748749 0.50081801
v -5.26349258 39.08323669 0.50076199
v -5.24895334 39.10837173 0.50070602
v -5.23334885 39.13286209 0.50065202
v -5.21669436 39.15665054 0.50059903
v -5.19903851 39.17970657 0.50054902
v -5.18037987 39.20196533 0.50049901
v -5.16078758 39.22340393 0.50045198
v -5.14028454 39.24398041 0.50040698
v -5.11889935 39.26364136 0.50036299
v -5.09668684 39.28236771 0.50032198
v -5.07369041 39.30012894 0.50028402
v -5.04992390 39.31685257 0.50024599
v -5.02546263 39.33255005 0.50021201
v -5.00038958 39.34700775 0.50018001
v -7.50000000 45.00000000 0.00000000
v -7.50000000 45.00000000 0.50000000
v -4.90524340 31.56109047 0.50000000
v -3.92127967 32.63692856 0.53213900
v -3.94816613 32.62947845 0.54007000
v -3.86621928 32.64946365 0.51882303
v -3.83813763 32.65448380 0.51346201
v -3.78115869 32.66207886 0.50538999
v -3.75236082 32.66460419 0.50269198
v -3.80976796 32.65869522 0.50898200
v -3.89394593 32.64359283 0.52505201
v -4.07368231 32.58013916 0.59179997
v -4.11890125 32.55517197 0.61775303
v -4.09668732 32.56798553 0.60442299
v -4.16078901 32.52766800 0.64642900
v -4.14028311 32.54172516 0.63176399
v -4.00039339 32.61223602 0.55840200
v -4.02546215 32.60237503 0.56876701
v -3.97455215 32.62123489 0.54882997
v -4.04992962 32.59162140 0.57990700
v -4.27691746 32.41448212 0.76491600
v -4.18038034 32.51301575 0.66171998
v -4.19903708 32.49782944 0.67760903
v -4.21669531 32.48209000 0.69406497
v -4.23334646 32.46585846 0.71105599
v -4.24896288 32.44917297 0.72855097
v -4.26348495 32.43202591 0.74651498
v -4.28921986 32.39656448 0.78371799
v -4.30037642 32.37830734 0.80288398
v -4.31037807 32.35975647 0.82238001
v -4.31916142 32.34090424 0.84216601
v -4.32674980 32.32183075 0.86220598
v -4.90524340 35.83761597 0.50000000
v -3.72342873 32.66629410 0.50089401
v -3.69441652 32.66713333 0.50000000
v -3.66537786 32.66712570 0.50001103
v -3.63636780 32.66626740 0.50092697
v -3.60743904 32.66455460 0.50274599
v -3.57864380 32.66200638 0.50546497
v -3.55003953 32.65859985 0.50907898
v -3.52167583 32.65437317 0.51358002
v -3.49360752 32.64931488 0.51896101
v -3.46588397 32.64344406 0.52521098
v -3.43855882 32.63676834 0.53231901
v -3.41168547 32.62929535 0.54026997
v -3.38531351 32.62102890 0.54904801
v -3.35949016 32.61200333 0.55863899
v -3.33443236 32.60213470 0.56902403
v -3.30998826 32.59134293 0.58018202
v -3.28624916 32.57985687 0.59209299
v -3.24106574 32.55485916 0.61808002
v -3.26325417 32.56769943 0.60473400
v -3.21970868 32.54139328 0.63210601
v -3.19922352 32.52732086 0.64678597
v -3.17965078 32.51266098 0.66209197
v -3.16102314 32.49745178 0.67799503
v -3.14338326 32.48170471 0.69446403
v -3.12675142 32.46547318 0.71146798
v -3.08326340 32.41405869 0.76536000
v -3.11117339 32.44876099 0.72897398
v -3.09667063 32.43161011 0.74694902
v -3.07098389 32.39613724 0.78417099
v -3.05985975 32.37786484 0.80334502
v -3.04990196 32.35929489 0.82284802
v -3.04113412 32.34045029 0.84264100
v -3.03356719 32.32137680 0.86268699
v -1.30705070 27.81973076 0.70963299
v -1.80607629 27.76453972 0.86334002
v -1.55835104 27.79396820 0.78137797
v -2.45555162 31.56109047 0.50000000
v -1.05265367 27.84177780 0.64824301
v -0.79564583 27.86006546 0.59732401
v -0.27575603 27.88524055 0.52726901
v -0.01386346 27.89207649 0.50826502
v -0.53651565 27.87456322 0.55697399
v -1.05267835 28.33939171 0.81660903
v -0.79566860 28.35770035 0.76569003
v -0.53653800 28.37221336 0.72534001
v -0.27578074 28.38290215 0.69563401
v -0.01389180 28.38974762 0.67663097
v -2.45555162 35.83761597 0.50000000
v -2.52313185 27.65485001 1.16887999
v -2.75192642 27.61138535 1.28996503
v -4.11635542 31.87305641 1.33290005
v -4.09413624 31.86044693 1.34624600
v -4.07116175 31.84851265 1.35888600
v -4.04745817 31.83727455 1.37079704
v -4.02308512 31.82674980 1.38195503
v -3.99806666 31.81696320 1.39233899
v -3.97246575 31.80792618 1.40192997
v -3.94632745 31.79965782 1.41070902
v -3.91969514 31.79217148 1.41866004
v -3.89261889 31.78548241 1.42576694
v -3.86514997 31.77960205 1.43201697
v -3.83734393 31.77453232 1.43739903
v -3.80923915 31.77030373 1.44190001
v -3.78089809 31.76690483 1.44551396
v -3.75237250 31.76434708 1.44823396
v -2.97487402 27.56459999 1.42029905
v -2.52325082 28.15222359 1.33724594
v -2.75208044 28.10869217 1.45833004
v -3.19155145 27.51458740 1.55963504
v -3.19180155 28.01173401 1.72800004
v -2.97507286 28.06183434 1.58866405
v -3.44143438 31.79200363 1.41884005
v -3.28987646 31.84823418 1.35917902
v -3.24464917 31.87274742 1.33322597
v -3.26689172 31.86015511 1.34655499
v -3.36302137 31.81673622 1.39257801
v -3.31360412 31.83701515 1.37107098
v -3.33799887 31.82650948 1.38221097
v -3.38863873 31.80772018 1.40214896
v -3.41479135 31.79946899 1.41090906
v -3.60879803 31.76429749 1.44828701
v -3.72371292 31.76263618 1.45005298
v -3.69497204 31.76177597 1.45096898
v -3.66620302 31.76176643 1.45097899
v -3.63746095 31.76260757 1.45008504
v -3.58026862 31.76683426 1.44558895
v -3.55192184 31.77021027 1.44199705
v -3.52381468 31.77442932 1.43751597
v -3.49599671 31.77947044 1.43215597
v -3.46852040 31.78533363 1.42592704
v -4.33312321 32.30255508 0.88246202
v -4.33826303 32.28311157 0.90289497
v -4.34216833 32.26354599 0.92346698
v -4.34480810 32.24387741 0.94413698
v -4.34620047 32.22415543 0.96486700
v -4.34621572 32.20442963 0.98561698
v -4.34486532 32.18457413 1.00634897
v -4.34223795 32.16477966 1.02701998
v -4.33836937 32.14509201 1.04759395
v -4.33326387 32.12555313 1.06803095
v -4.32687712 32.10624313 1.08829200
v -4.31897736 32.08695221 1.10833800
v -4.30987501 32.06793976 1.12813103
v -4.29959774 32.04924393 1.14763296
v -4.28817654 32.03089142 1.16680896
v -4.27560425 32.01291656 1.18561900
v -4.26193333 31.99535179 1.20402896
v -4.24718904 31.97822571 1.22200501
v -4.23138618 31.96157074 1.23951101
v -4.21456671 31.94541359 1.25651503
v -4.19676352 31.92978477 1.27298403
v -4.17800617 31.91470718 1.28888702
v -4.15831947 31.90021133 1.30419195
v -3.02722335 32.30209732 0.88294798
v -3.02211761 32.28264618 0.90338397
v -3.01824164 32.26307678 0.92395902
v -3.01563001 32.24340820 0.94463098
v -3.01427245 32.22368240 0.96536100
v -3.01428056 32.20396042 0.98611200
v -3.01567411 32.18410110 1.00684202
v -3.01832819 32.16430664 1.02751195
v -3.02221775 32.14463043 1.04808402
v -3.02736497 32.12508774 1.06851697
v -3.03378844 32.10577774 1.08877206
v -3.12949014 31.96117783 1.23992300
v -3.14633441 31.94503403 1.25691402
v -3.16416216 31.92941666 1.27337003
v -3.18294621 31.91435432 1.28925896
v -3.20264745 31.89987183 1.30455005
v -3.04171443 32.08649445 1.10881305
v -3.05083942 32.06749344 1.12860000
v -3.06114483 32.04880142 1.14809501
v -3.07260776 32.03045654 1.16726100
v -3.08519101 32.01249313 1.18606305
v -3.09889460 31.99493599 1.20446301
v -3.11366773 31.97782326 1.22242796
v -4.13775921 31.88631821 1.31887305
v -3.22323132 31.88599586 1.31921506
v -3.68024349 34.45702744 1.45980501
v -2.04975677 27.73150253 0.95536399
v -2.28892684 27.69491577 1.05727601
v -1.30707920 28.31731987 0.87799799
v -1.55838692 28.29152679 0.94974297
v -1.80612564 28.26206207 1.03170502
v -2.04982352 28.22898102 1.12372994
v -2.28901649 28.19234467 1.22564101
v -4.94880056 38.15350723 0.50281399
v -4.92192841 38.14245224 0.50283903
v -4.89460182 38.13258743 0.50286001
v -4.86687946 38.12390518 0.50287902
v -4.97517347 38.16571808 0.50278598
v -4.83881521 38.11641693 0.50289702
v -4.81044817 38.11017990 0.50291002
v -4.78184175 38.10516357 0.50292099
v -4.75305080 38.10136414 0.50293100
v -4.72411919 38.09886551 0.50293499
v -4.69510746 38.09759140 0.50293797
v -4.66606998 38.09757996 0.50293797
v -4.63705826 38.09881973 0.50293499
v -4.60812569 38.10131073 0.50292999
v -4.57932758 38.10505295 0.50292200
v -4.55071878 38.11005020 0.50291002
v -4.52234554 38.11626053 0.50289702
v -4.49427128 38.12371445 0.50287998
v -4.46654034 38.13236618 0.50286102
v -4.43920708 38.14221191 0.50283903
v -4.41232014 38.15322876 0.50281501
v -4.38593054 38.16540146 0.50278801
v -4.36009741 38.17872620 0.50275701
v -4.33502054 38.19317627 0.50272602
v -4.31055498 38.20886230 0.50269198
v -4.28680563 38.22561264 0.50265402
v -4.26379967 38.24336243 0.50261497
v -4.24157667 38.26207733 0.50257498
v -4.22020531 38.28175354 0.50253099
v -4.19969511 38.30231857 0.50248599
v -4.18010664 38.32376480 0.50243801
v -4.16145658 38.34602737 0.50238901
v -4.14379168 38.36907578 0.50233799
v -4.12713718 38.39286423 0.50228602
v -4.11153030 38.41735458 0.50223202
v -4.97455168 39.36031723 0.50015098
v -4.94816637 39.37249756 0.50012398
v -4.92127848 39.38351440 0.50009900
v -4.89394522 39.39336014 0.50007701
v -4.86621571 39.40201569 0.50005800
v -4.83813810 39.40945816 0.50004101
v -4.80976820 39.41567993 0.50002700
v -4.78115797 39.42066574 0.50001597
v -4.75235939 39.42441177 0.50000799
v -4.72342777 39.42691040 0.50000298
v -4.69441557 39.42815018 0.50000000
v -4.66537809 39.42813873 0.50000000
v -4.63636684 39.42686081 0.50000203
v -4.60743713 39.42433929 0.50000799
v -4.57864189 39.42057419 0.50001699
v -4.55003834 39.41554260 0.50002700
v -4.46588469 39.39313889 0.50007701
v -4.52167273 39.40930557 0.50004202
v -4.49360609 39.40182495 0.50005800
v -4.43856144 39.38326645 0.50009900
v -4.41168642 39.37221909 0.50012398
v -4.38530779 39.36001968 0.50015199
v -4.09700203 38.44249725 0.50217599
v -4.08357143 38.46824265 0.50211900
v -4.07126570 38.49454498 0.50206101
v -4.21970654 39.24349594 0.50040799
v -4.35948992 39.34667587 0.50018102
v -4.30998755 39.31646729 0.50024700
v -4.33443260 39.33219147 0.50021303
v -4.28624725 39.29970551 0.50028402
v -4.26326084 39.28193283 0.50032300
v -4.24106169 39.26319122 0.50036502
v -4.19921207 39.22291183 0.50045401
v -4.16102505 39.17916107 0.50054902
v -4.14337730 39.15609741 0.50060099
v -4.17965031 39.20144272 0.50050002
v -4.11117506 39.10778046 0.50070697
v -4.07098675 39.03054810 0.50087702
v -4.09666538 39.08262634 0.50076300
v -4.08325672 39.05686951 0.50081998
v -4.12674570 39.13228989 0.50065398
v -4.06010389 38.52135468 0.50200200
v -4.05012560 38.54862976 0.50194103
v -4.04131937 38.57630539 0.50188100
v -4.03373480 38.60434341 0.50181901
v -4.02735376 38.63268280 0.50175703
v -4.02222395 38.66128159 0.50169301
v -4.01831484 38.69007492 0.50163001
v -4.01568031 38.71901703 0.50156498
v -4.01428795 38.74804688 0.50150102
v -4.01426315 38.77698898 0.50143802
v -4.01562262 38.80602264 0.50137401
v -4.01824903 38.83496475 0.50130898
v -4.02722740 38.89236069 0.50118202
v -4.04989815 38.97644424 0.50099701
v -4.03357029 38.92071152 0.50111902
v -4.04111290 38.94876099 0.50105900
v -4.02210665 38.86376572 0.50124598
v -4.05985165 39.00372696 0.50093699
v -3.45859671 37.38761902 0.50000000
v -3.45859671 40.14941406 0.50000000
v -4.90191841 42.08546066 0.50000000
v -4.90191841 44.95544052 0.50000000
v -4.11942005 43.30187988 0.51773298
v -4.09722662 43.28323364 0.51572901
v -4.07424879 43.26554489 0.51383197
v -4.16126776 43.34192276 0.52204502
v -4.14077997 43.32145309 0.51984000
v -4.30062675 43.55978394 0.54555601
v -4.23373032 43.43200684 0.53175801
v -4.26382017 43.48136902 0.53708702
v -4.24931097 43.45636749 0.53438699
v -4.27722406 43.50697327 0.53985202
v -4.28950310 43.53312683 0.54267699
v -4.18083668 43.36326218 0.52434301
v -4.19946671 43.38541031 0.52673203
v -4.21710587 43.40834045 0.52920502
v -4.00099659 43.21885681 0.50880599
v -4.05050039 43.24888992 0.51204199
v -4.02606106 43.23324203 0.51036698
v -3.92192626 43.18251419 0.50485402
v -3.97517347 43.20561218 0.50736600
v -3.94880557 43.19347382 0.50604898
v -3.89460349 43.17270279 0.50378698
v -3.86688113 43.16408539 0.50284803
v -3.83881283 43.15665436 0.50204003
v -3.81044745 43.15045547 0.50136298
v -3.78184223 43.14546585 0.50082099
v -3.75304770 43.14171982 0.50041300
v -4.31935549 43.61441422 0.55145800
v -4.31059694 43.58689499 0.54848599
v -4.32691526 43.64228439 0.55446798
v -4.33325911 43.67045593 0.55751097
v -4.33838034 43.69887161 0.56058103
v -4.34223652 43.72748947 0.56366998
v -4.34485960 43.75624847 0.56677502
v -4.34621525 43.78509521 0.56988800
v -4.34621191 43.81385803 0.57300502
v -4.34480667 43.84272766 0.57611698
v -4.34216690 43.87150192 0.57922202
v -4.33826447 43.90013123 0.58231097
v -4.33312082 43.92855835 0.58537900
v -4.32676125 43.95673752 0.58842200
v -4.31915760 43.98460770 0.59143102
v -4.31036377 44.01212692 0.59440303
v -4.30038071 44.03923416 0.59733099
v -4.28921986 44.06588745 0.60020900
v -4.27692032 44.09203339 0.60303301
v -4.26348400 44.11762238 0.60579598
v -4.24895430 44.14261246 0.60849398
v -4.23334551 44.16695023 0.61112100
v -4.21669483 44.19059753 0.61367297
v -4.19903231 44.21350479 0.61614501
v -4.18038225 44.23563004 0.61853099
v -4.16078568 44.25693130 0.62082702
v -4.14028788 44.27738190 0.62303001
v -4.11889935 44.29691315 0.62513298
v -4.09668636 44.31551743 0.62713498
v -4.07368088 44.33315277 0.62903100
v -4.04993200 44.34978867 0.63081801
v -4.02546120 44.36536789 0.63248998
v -4.00039482 44.37974930 0.63404799
v -3.97455263 44.39298248 0.63548499
v -3.94816327 44.40509033 0.63679999
v -3.92127919 44.41605759 0.63799101
v -3.89394498 44.42584991 0.63905501
v -3.86621571 44.43445969 0.63999099
v -3.83813953 44.44186401 0.64079601
v -3.80976820 44.44804764 0.64146799
v -3.78115821 44.45301437 0.64200801
v -3.75235939 44.45673370 0.64241302
v -3.72411942 43.13920975 0.50014001
v -3.69510937 43.13795090 0.50000203
v -3.66606998 43.13793945 0.50000000
v -3.63705730 43.13916397 0.50013500
v -3.60812688 43.14164734 0.50040501
v -3.57932901 43.14536667 0.50081003
v -3.55071855 43.15032196 0.50134897
v -3.52234912 43.15650177 0.50202203
v -3.49427223 43.16389465 0.50282699
v -3.46653962 43.17248535 0.50376302
v -3.43920302 43.18225479 0.50482798
v -3.41232228 43.19321442 0.50601798
v -3.38593626 43.20530701 0.50733298
v -3.36009669 43.21852875 0.50877100
v -3.33502340 43.23289490 0.51032799
v -3.31056166 43.24850464 0.51200098
v -3.28680563 43.26515198 0.51378697
v -3.26379848 43.28280258 0.51568300
v -3.24158525 43.30142212 0.51768500
v -3.22020555 43.32097626 0.51978898
v -3.19970083 43.34143066 0.52199101
v -3.18010235 43.36273956 0.52428800
v -3.16145658 43.38487244 0.52667397
v -3.14379048 43.40778732 0.52914500
v -3.12714148 43.43143463 0.53169602
v -3.57864285 44.45291138 0.64199698
v -3.55003858 44.44791412 0.64145398
v -3.52167463 44.44169998 0.64077801
v -3.49360514 44.43426895 0.63997000
v -3.46588469 44.42562866 0.63903099
v -3.43856001 44.41580963 0.63796401
v -3.72342753 44.45921707 0.64268303
v -3.69441605 44.46046066 0.64281797
v -3.60743785 44.45666122 0.64240497
v -3.66537786 44.46043777 0.64281601
v -3.63636613 44.45918274 0.64267898
v -3.41168594 44.40481949 0.63677001
v -3.35948682 44.37941360 0.63401097
v -3.38531351 44.39267731 0.63545102
v -3.33443379 44.36500931 0.63245100
v -3.30998278 44.34939957 0.63077599
v -3.28624797 44.33274460 0.62898701
v -3.12675309 44.16637802 0.61106002
v -3.26325655 44.31509399 0.62708902
v -3.24106622 44.29645920 0.62508398
v -3.21970391 44.27690125 0.62297797
v -3.14338017 44.19004059 0.61361402
v -3.17964840 44.23511124 0.61847502
v -3.19922233 44.25643158 0.62077302
v -3.16102338 44.21296692 0.61608702
v -3.11153150 43.45577621 0.53432399
v -3.09699941 43.48076248 0.53702199
v -3.08357143 43.50635529 0.53978503
v -3.07126474 43.53249741 0.54260898
v -3.06010222 43.55913925 0.54548800
v -3.05012512 43.58624649 0.54841501
v -3.04132485 43.61375427 0.55138701
v -3.03372669 43.64161301 0.55439699
v -3.02736449 43.66977692 0.55743802
v -3.02222157 43.69819260 0.56050700
v -3.01831388 43.72680283 0.56359702
v -3.01568055 43.75556183 0.56669998
v -3.01427984 43.78440475 0.56981403
v -3.01427102 43.81317139 0.57292998
v -3.01562309 43.84204102 0.57604402
v -3.01824927 43.87081528 0.57914799
v -3.02211499 43.89944839 0.58223802
v -3.04989767 44.01147461 0.59433299
v -3.05985260 44.03859329 0.59726202
v -3.07098675 44.06525803 0.60014099
v -3.02722740 43.92788315 0.58530700
v -3.03356600 43.95606613 0.58835000
v -3.04113364 43.98394775 0.59135997
v -3.09666443 44.11701965 0.60573101
v -3.11117578 44.14202118 0.60843003
v -3.08326387 44.09141541 0.60296601
v -2.45856857 42.08546066 0.50000000
v -2.45856857 44.95544052 0.50000000
v -5.20492887 28.59734344 3.50000000
v -5.90189028 38.22789764 2.34492779
v -5.68070221 38.19563675 2.35023904
v -5.68016672 38.19419098 2.35047746
v -5.67957306 38.19277573 2.35071039
v -5.67821550 38.19005585 2.35115790
v -5.67892218 38.19139481 2.35093713
v -5.67745447 38.18875504 2.35137177
v -5.68117762 38.19711685 2.34999537
v -5.68214273 38.22789764 2.34492779
v -5.68159103 38.19862747 2.34974694
v -5.68194246 38.20016098 2.34949422
v -5.68223095 38.20172119 2.34923744
v -5.68245363 38.20330429 2.34897685
v -5.68272734 38.20814896 2.34817910
v -5.68261147 38.20490265 2.34871340
v -5.68270302 38.20652008 2.34844732
v -5.90189028 38.06238556 2.37217689
v -5.67664051 38.18750000 2.35157895
v -5.67577648 38.18628311 2.35177875
v -5.67486238 38.18511581 2.35197115
v -5.67390108 38.18399429 2.35215545
v -5.67184401 38.18190384 2.35250020
v -5.67289448 38.18292236 2.35233212
v -5.67075205 38.18093491 2.35265970
v -5.66961956 38.18001938 2.35281062
v -5.66844940 38.17915726 2.35295224
v -5.66724348 38.17834854 2.35308504
v -5.47318220 38.06238556 2.37217689
v -5.35185194 37.97549820 2.45321679
v -5.66694212 39.35279465 2.33788681
v -5.66561699 39.35381699 2.33788037
v -5.66424704 39.35477829 2.33787441
v -5.66283703 39.35568237 2.33786869
v -5.68133068 39.32376862 2.33806849
v -5.68124914 39.32543945 2.33805799
v -5.68109560 39.32710266 2.33804774
v -5.68087101 39.32875443 2.33803725
v -5.68057346 39.33039856 2.33802700
v -5.68020582 39.33202744 2.33801675
v -5.67976761 39.33364105 2.33800673
v -5.67925978 39.33523178 2.33799672
v -5.67868423 39.33679962 2.33798695
v -5.67804050 39.33834076 2.33797717
v -5.67733097 39.33985519 2.33796787
v -5.67655754 39.34133530 2.33795857
v -5.67571926 39.34278107 2.33794951
v -5.67481947 39.34418869 2.33794069
v -5.67385960 39.34555817 2.33793211
v -5.67284203 39.34688568 2.33792377
v -5.67176628 39.34816742 2.33791566
v -5.67063713 39.34939957 2.33790803
v -5.66945505 39.35058594 2.33790064
v -5.66822243 39.35171509 2.33789349
v -5.90189028 39.54529572 2.33668184
v -5.33413506 39.54529572 2.33668184
v -5.90189028 39.95271683 2.52401280
v -5.90189028 37.74864578 2.66479969
v -5.90189028 37.66309738 2.85498142
v -5.90189028 40.14941406 2.73506141
v -5.90189028 37.38761902 3.26724648
v -5.90189028 37.70052338 3.26724648
v -3.40185785 27.95848846 1.87607300
v -3.60484052 27.90219688 2.03259993
v -3.80036616 27.84296227 2.19728398
v -3.98806262 27.78089714 2.36981106
v -4.16757488 27.71611404 2.54985404
v -4.70178366 34.05500412 1.88224494
v -2.65870333 34.05500412 1.88224602
v -4.90524340 33.40108871 2.25249696
v -4.90524340 33.56660080 2.22524786
v -4.70305920 33.73218155 2.22421122
v -4.70176554 33.98401260 2.22263479
v -4.66341209 33.40108871 2.25249696
v -4.68156624 33.56660080 2.22524786
v -4.66007137 33.12572861 2.50932169
v -4.65986586 33.12313843 2.51173973
v -4.65950012 33.12054825 2.51415420
v -4.90524340 33.08734894 2.54511833
v -4.65897846 33.11796951 2.51656008
v -4.65829992 33.11540222 2.51895285
v -4.64905977 33.08734894 2.54511833
v -4.70250416 34.19325638 2.22132492
v -4.70126867 34.41981888 2.21990657
v -4.90524340 34.88399887 2.21700096
v -4.90524340 35.29141998 2.40433264
v -4.14550924 34.88399887 2.21700096
v -3.90144610 35.29141998 2.40433264
v -2.69706869 33.40108871 2.25249696
v -2.67891717 33.56660080 2.22524786
v -2.65742755 33.73218155 2.22421122
v -2.65900707 34.05814362 2.22217083
v -2.70062804 33.12307739 2.51179910
v -2.70041728 33.12566757 2.50938082
v -2.70099711 33.12048721 2.51421356
v -2.70152187 33.11790848 2.51661873
v -2.70220494 33.11534500 2.51901150
v -2.71127224 33.08735275 2.54511833
v -3.16969538 34.84564209 2.21724105
v -3.21559501 34.88399887 2.21700096
v -3.45933485 35.29141998 2.40433264
v -2.65921807 34.41981506 2.21990681
v -3.68024349 35.63508987 2.55042791
v -2.45555162 33.40108871 2.25249696
v -2.45555162 33.56660080 2.22524786
v -2.45555162 33.08735275 2.54511833
v -2.45555162 34.88399887 2.21700096
v -2.45555162 35.29141998 2.40433264
v -4.33856153 27.64873505 2.73706794
v -4.50070095 27.57888412 2.93109798
v -4.90524340 31.56109047 3.01993656
v -4.12055111 31.87444305 3.01993656
v -4.09814262 31.86165428 3.01993656
v -4.07496357 31.84955788 3.01993656
v -4.05104971 31.83817101 3.01993656
v -4.02645159 31.82751274 3.01993656
v -4.00123596 31.81758881 3.01993656
v -3.94895411 31.79996109 3.01993656
v -3.97536540 31.80838203 3.01993656
v -3.92204714 31.79233932 3.01993656
v -3.89469552 31.78553200 3.01993656
v -3.86695099 31.77954865 3.01993656
v -3.83886600 31.77439690 3.01993656
v -3.81048656 31.77009392 3.01993656
v -3.78186941 31.76663780 3.01993656
v -3.75306678 31.76403809 3.01993656
v -3.72413063 31.76229858 3.01993656
v -3.69511342 31.76142311 3.01993656
v -3.66606808 31.76141357 3.01993656
v -3.63704967 31.76226807 3.01993656
v -3.60810995 31.76398659 3.01993656
v -3.57930422 31.76656532 3.01993656
v -3.55068135 31.77000046 3.01993656
v -3.52229691 31.77428818 3.01993656
v -3.49420285 31.77941704 3.01993656
v -3.46645045 31.78538132 3.01993656
v -3.43908882 31.79216957 3.01993656
v -3.41217136 31.79977036 3.01993656
v -3.38574553 31.80817223 3.01993656
v -3.35985994 31.81735992 3.01993656
v -3.33463359 31.82726669 3.01993656
v -3.31001759 31.83790970 3.01993656
v -3.28608346 31.84927750 3.01993656
v -3.26288986 31.86135864 3.01993656
v -3.24046040 31.87413025 3.01993656
v -4.65368366 27.50668716 3.13157392
v -4.65242004 27.50767326 3.50000000
v -4.49879169 27.58034325 3.50000000
v -4.33606863 27.65061378 3.50000000
v -4.16456604 27.71836090 3.50000000
v -3.98461127 27.78346825 3.50000000
v -3.79654837 27.84581566 3.50000000
v -3.60073447 27.90529633 3.50000000
v -3.39754224 27.96179962 3.50000000
v -3.18735433 28.01522827 3.50000000
v -2.97057080 28.06548500 3.50000000
v -2.74759746 28.11247444 3.50000000
v -2.51885796 28.15612030 3.50000000
v -4.90524340 33.00179672 2.73529720
v -4.62083578 33.00179672 2.73529720
v -4.57823372 32.87266159 3.01993656
v -4.48723745 32.59605789 3.01993656
v -4.90524340 33.02212524 3.01993656
v -4.62740469 33.02212524 3.01993656
v -4.31529665 32.07254791 3.01993656
v -4.30501509 32.05350876 3.01993656
v -4.33223915 32.11155701 3.01993656
v -4.32437897 32.09191132 3.01993656
v -4.26721525 31.99866867 3.01993656
v -4.25238562 31.98125458 3.01993656
v -4.23648548 31.96432114 3.01993656
v -4.21955061 31.94790077 3.01993656
v -4.29356194 32.03483200 3.01993656
v -4.28094959 32.01654053 3.01993656
v -4.20161533 31.93202400 3.01993656
v -4.18271160 31.91671181 3.01993656
v -4.16287041 31.90199471 3.01993656
v -4.14213848 31.88789558 3.01993656
v -4.90524340 35.51581192 2.64509559
v -3.94357109 35.51581192 2.64509559
v -3.98537207 35.51488876 2.67681432
v -4.90524340 35.50490952 3.01993656
v -4.90524340 35.83761597 3.01993656
v -3.99788785 35.50996399 2.84614968
v -4.01106405 35.50490952 3.01993656
v -2.73878312 33.00179672 2.73529720
v -3.21885562 31.88756752 3.01993656
v -3.19810104 31.90164948 3.01993656
v -3.17824173 31.91635132 3.01993656
v -3.15931296 31.93164825 3.01993656
v -3.14135337 31.94751549 3.01993656
v -3.12439442 31.96392250 3.01993656
v -3.10847092 31.98084259 3.01993656
v -3.09361434 31.99824905 3.01993656
v -3.07985067 32.01610565 3.01993656
v -3.06721687 32.03438568 3.01993656
v -3.05573010 32.05306244 3.01993656
v -3.04542089 32.07209015 3.01993656
v -3.03631210 32.09144211 3.01993656
v -3.02842307 32.11108017 3.01993656
v -3.02714372 32.11490631 3.01993656
v -2.89579225 32.51805496 3.01993656
v -2.73186612 33.02147675 3.01086450
v -2.73166084 33.02212524 3.01993656
v -2.73430610 33.01393127 3.01993656
v -3.41693377 35.51581192 2.64509559
v -3.37511444 35.51488876 2.67681479
v -3.68024349 35.63548279 3.01993656
v -3.34975624 35.50490952 3.01993656
v -2.45555162 31.56109047 3.01993656
v -2.28478074 28.19633484 3.50000000
v -2.04580808 28.23304939 3.50000000
v -1.80238879 28.26619530 3.50000000
v -1.55498064 28.29571152 3.50000000
v -1.30404985 28.32154846 3.50000000
v -1.05006623 28.34365463 3.50000000
v -0.79350793 28.36199188 3.50000000
v -0.53485662 28.37652397 3.50000000
v -0.27459988 28.38722801 3.50000000
v -0.01322649 28.39408112 3.50000000
v -2.45555162 33.00179672 2.73529720
v -2.45555162 33.02212524 3.01993656
v -2.45555162 35.51581192 2.64509559
v -2.45555162 35.50490952 3.01993656
v -2.45555162 35.83761597 3.01993656
v -3.88730955 38.06238556 2.37217689
v -4.68024349 37.58774567 2.45407391
v -4.00863981 37.97549820 2.45321608
v -4.02635193 39.54529572 2.33668184
v -4.95195723 39.79000854 2.44920015
v -4.68024349 39.94688034 2.44885302
v -4.40853119 39.79000854 2.44920039
v -4.65767050 39.93424988 2.51552200
v -4.65823269 39.93457413 2.51567149
v -4.68024349 39.94705200 2.52140880
v -3.68305135 38.18872833 2.35137630
v -3.68228912 38.19002914 2.35116243
v -3.68158126 38.19136810 2.35094190
v -3.68092895 38.19274521 2.35071516
v -3.68033361 38.19416046 2.35048246
v -3.67979670 38.19560623 2.35024405
v -3.67932057 38.19708633 2.35000062
v -3.67834401 38.22789764 2.34492779
v -3.67890477 38.19859314 2.34975243
v -3.67855215 38.20012665 2.34949970
v -3.67826223 38.20168686 2.34924293
v -3.67803788 38.20326996 2.34898257
v -3.67787790 38.20486832 2.34871912
v -3.67775917 38.20811462 2.34818482
v -3.67778540 38.20648575 2.34845304
v -3.45859671 38.22789764 2.34492779
v -3.69327235 38.17833710 2.35308743
v -3.69206548 38.17913818 2.35295510
v -3.69089484 38.18000031 2.35281324
v -3.68976164 38.18091583 2.35266280
v -3.68866801 38.18188095 2.35250354
v -3.68761683 38.18290329 2.35233545
v -3.68660879 38.18397141 2.35215926
v -3.68564701 38.18509293 2.35197496
v -3.68473196 38.18626022 2.35178280
v -3.68386650 38.18747330 2.35158300
v -3.45859671 38.06238556 2.37217689
v -3.69761610 39.35566330 2.33786893
v -3.69483876 39.35379410 2.33788061
v -3.69620705 39.35475922 2.33787441
v -3.69351387 39.35276794 2.33788705
v -3.67915511 39.32373047 2.33806872
v -3.67923450 39.32539749 2.33805823
v -3.69223428 39.35169220 2.33789372
v -3.69100356 39.35055542 2.33790088
v -3.68982220 39.34937286 2.33790827
v -3.68869448 39.34813690 2.33791590
v -3.68762088 39.34685516 2.33792400
v -3.68660378 39.34552765 2.33793235
v -3.68391085 39.34130096 2.33795881
v -3.68564487 39.34415817 2.33794093
v -3.68474746 39.34274673 2.33794975
v -3.68313789 39.33981705 2.33796811
v -3.68243027 39.33830643 2.33797741
v -3.68178821 39.33676147 2.33798718
v -3.67961001 39.32871628 2.33803749
v -3.67938685 39.32706070 2.33804798
v -3.68121409 39.33519363 2.33799696
v -3.68070745 39.33360291 2.33800697
v -3.67990589 39.33036041 2.33802724
v -3.68027210 39.33198929 2.33801699
v -3.45859671 39.54529572 2.33668184
v -3.45859671 39.94137573 2.51879859
v -3.45859671 39.95271683 2.52401280
v -4.70178366 42.99682236 2.44615889
v -4.70191813 44.16893768 2.57304192
v -3.68024349 42.41060638 2.38271689
v -2.65870333 42.99682236 2.44615889
v -2.65856862 44.16893387 2.57304192
v -4.95894814 37.74864578 2.66479969
v -4.40154266 37.74864578 2.66479969
v -4.81078577 37.66309738 2.85498142
v -4.54970312 37.66309738 2.85498142
v -3.45859671 37.74864578 2.66479969
v -3.45859671 37.66309738 2.85498142
v -3.45859671 40.14941406 2.73506045
v -4.87563896 37.70052338 3.26724648
v -4.68024349 37.58771133 3.26724648
v -4.48484945 37.70052338 3.26724648
v -3.45859671 37.38761902 3.26724648
v -3.45859671 37.70052338 3.26724648
v -4.90191841 42.67108154 2.81901383
v -4.21226883 42.67108154 2.81901383
v -4.90191841 42.50556183 2.84626698
v -3.93242955 42.50556183 2.84626698
v -4.70176029 42.95555496 2.81723309
v -4.90191841 43.98848343 2.81076789
v -4.70187902 43.98848343 2.81076789
v -4.70189476 44.16898727 2.89376330
v -4.90191841 44.39590454 2.99809861
v -4.30655766 44.39590454 2.99809861
v -3.14832687 42.67108154 2.81901407
v -3.01627159 42.74782562 2.81853366
v -3.42812777 42.50556183 2.84626698
v -3.68024349 42.34223175 2.99860644
v -3.68024349 44.75543976 2.63648391
v -2.77301407 42.88785553 2.81765723
v -2.65872645 42.95555496 2.81723332
v -2.65860796 43.98848343 2.81076789
v -2.65859199 44.16898727 2.89376259
v -3.05385876 44.39590454 2.99809861
v -4.90191841 42.19183350 3.13888597
v -4.90191841 42.08546066 3.32347178
v -4.90191841 42.10879517 3.32347178
v -4.90191841 44.62029648 3.23886251
v -3.91565561 44.62029648 3.23886251
v -4.90191841 44.60788345 3.32347178
v -4.90191841 44.95544052 3.32347178
v -3.93729210 44.60788727 3.32347178
v -3.44478536 44.62029648 3.23886251
v -3.68024349 44.75543594 3.32347178
v -3.42316365 44.60788727 3.32347178
v -2.45856857 42.67108154 2.81901407
v -2.45856857 42.50556183 2.84626698
v -2.45856857 43.98848343 2.81076789
v -2.45856857 44.39590454 2.99809861
v -2.45856857 42.19211197 3.13862824
v -2.45856857 42.08546066 3.32347178
v -2.45856857 42.10879517 3.32347178
v -2.45856857 44.62029648 3.23886251
v -2.45856857 44.60788345 3.32347178
v -2.45856857 44.95544052 3.32347178
v 3.92809701 27.49087143 1.62707603
v 5.90503788 10.00000000 0.50000000
v 7.50000000 10.00000000 0.00000000
v 8.50055885 11.08332920 0.00000000
v 8.53786755 11.03786755 0.00000000
v 8.58332920 11.00055885 0.00000000
v 8.63519478 10.97283649 0.00000000
v 8.69147301 10.95576477 0.00000000
v 8.47283649 11.13519478 0.00000000
v 8.45576477 11.19147301 0.00000000
v 8.44999981 11.25000000 0.00000000
v 8.45576477 11.30852699 0.00000000
v 8.47283649 11.36480522 0.00000000
v 8.50055885 11.41667080 0.00000000
v 8.53786755 11.46213245 0.00000000
v 8.58332920 11.49944115 0.00000000
v 8.63519478 11.52716351 0.00000000
v 8.69147301 11.54423523 0.00000000
v 8.50055885 11.08332920 0.27499998
v 8.53786755 11.03786755 0.27500001
v 8.58332920 11.00055885 0.27500001
v 8.63519478 10.97283649 0.27500001
v 8.69147301 10.95576477 0.27500001
v 8.47283649 11.13519478 0.27500001
v 8.45576477 11.19147301 0.27500001
v 8.44999981 11.25000000 0.27500001
v 8.45576477 11.30852699 0.27500001
v 8.47283649 11.36480522 0.27500001
v 8.50055885 11.41667080 0.27499998
v 8.53786755 11.46213245 0.27500001
v 8.58332920 11.49944115 0.27500001
v 8.63519478 11.52716351 0.27500001
v 8.69147301 11.54423523 0.27500001
v 7.50000000 12.50000000 0.00000000
v 8.75000000 10.94999981 0.00000000
v 8.80852699 10.95576477 0.00000000
v 8.86480522 10.97283649 0.00000000
v 8.91667080 11.00055885 0.00000000
v 8.96213245 11.03786755 0.00000000
v 8.99944115 11.08332920 0.00000000
v 8.75000000 11.55000019 0.00000000
v 8.80852699 11.54423523 0.00000000
v 8.86480522 11.52716351 0.00000000
v 9.02716351 11.13519478 0.00000000
v 9.04423523 11.19147301 0.00000000
v 9.05000019 11.25000000 0.00000000
v 9.02716351 11.36480522 0.00000000
v 9.04423523 11.30852699 0.00000000
v 8.91667080 11.49944115 0.00000000
v 8.96213245 11.46213245 0.00000000
v 8.99944115 11.41667080 0.00000000
v 10.00000000 10.00000000 0.00000000
v 8.75000000 10.94999981 0.27500001
v 8.80852699 10.95576477 0.27500001
v 8.86480522 10.97283649 0.27500001
v 8.91667080 11.00055885 0.27500001
v 8.96213245 11.03786755 0.27500001
v 8.99944115 11.08332920 0.27499998
v 8.75000000 11.55000019 0.27500001
v 8.80852699 11.54423523 0.27500001
v 8.86480522 11.52716351 0.27500001
v 9.02716351 11.13519478 0.27500001
v 9.04423523 11.19147301 0.27500001
v 9.05000019 11.25000000 0.27500001
v 9.02716351 11.36480522 0.27500001
v 9.04423523 11.30852699 0.27500001
v 8.91667080 11.49944115 0.27500001
v 8.96213245 11.46213150 0.27500001
v 8.99944115 11.41667080 0.27499998
v 10.00000000 12.50000000 0.00000000
v 7.50000000 10.00000000 0.50000000
v 8.26496315 11.04909134 0.50000000
v 8.31347847 10.95832539 0.50000000
v 8.37876892 10.87876892 0.50000000
v 8.45832539 10.81347847 0.50000000
v 8.54909134 10.76496315 0.50000000
v 8.64757729 10.73508739 0.50000000
v 8.23508739 11.14757729 0.50000000
v 8.22500038 11.25000000 0.50000000
v 8.23508739 11.35242271 0.50000000
v 8.26496315 11.45090866 0.50000000
v 8.31347847 11.54167461 0.50000000
v 8.37876892 11.62123108 0.50000000
v 8.45832539 11.68652153 0.50000000
v 8.54909134 11.73503685 0.50000000
v 8.64757729 11.76491261 0.50000000
v 7.50000000 12.50000000 0.50000000
v 8.75000000 10.72500038 0.50000000
v 8.85242271 10.73508739 0.50000000
v 8.95090866 10.76496315 0.50000000
v 9.04167461 10.81347847 0.50000000
v 9.12123108 10.87876892 0.50000000
v 9.18652153 10.95832539 0.50000000
v 9.23503685 11.04909134 0.50000000
v 8.75000000 11.77499962 0.50000000
v 8.85242271 11.76491261 0.50000000
v 8.95090866 11.73503685 0.50000000
v 9.04167461 11.68652153 0.50000000
v 9.12123108 11.62123108 0.50000000
v 9.18652153 11.54167461 0.50000000
v 9.26491261 11.14757729 0.50000000
v 9.27499962 11.25000000 0.50000000
v 9.26491261 11.35242271 0.50000000
v 9.23503685 11.45090866 0.50000000
v 10.00000000 10.00000000 0.50000000
v 10.00000000 12.50000000 0.50000000
v 5.90503788 20.09346581 0.50000000
v 5.84436369 25.53861427 0.50000000
v 5.68339729 19.43889046 1.74458003
v 0.23064452 10.79748821 2.47252393
v 0.49196574 10.82021141 2.47767305
v 0.75310236 10.83987713 2.49381900
v 1.01345134 10.85633850 2.52093291
v 1.27259469 10.86944294 2.55896401
v 1.53012574 10.87929821 2.60783911
v 1.78546298 10.88598061 2.66746497
v 2.03812146 10.88948536 2.73772812
v 2.28762436 10.88979053 2.81849408
v 2.53350163 10.88690376 2.90961099
v 2.77528691 10.88083553 3.01090407
v 3.01252270 10.87158775 3.12218094
v 3.24476051 10.85918236 3.24322891
v 3.47156119 10.84364510 3.37381911
v 3.66829705 10.82615757 3.50000000
v 3.67743897 10.82701588 3.50000000
v 3.70597863 10.87510681 3.50000000
v 4.99573231 16.09300232 3.50000000
v 4.13486958 27.43633652 1.77909696
v 4.33437967 27.37881279 1.93943596
v 4.52624655 27.31840515 2.10778809
v 4.71010017 27.25523186 2.28383398
v 4.88559294 27.18940735 2.46723795
v 0.13930872 26.01071167 2.75696993
v 0.28121755 26.01232338 2.75249290
v 0.42319840 26.01185036 2.75384092
v 0.56498194 26.00929260 2.76101089
v 0.70629877 26.00465393 2.77398896
v 0.84687966 25.99794388 2.79275203
v 0.98645556 25.98917770 2.81726289
v 1.12476134 25.97836876 2.84747601
v 1.26153481 25.96553612 2.88333201
v 1.39651453 25.95071030 2.92476392
v 1.52944362 25.93391228 2.97169399
v 1.66007125 25.91518021 3.02402997
v 0.01971048 25.74343681 3.50000000
v 1.78814518 25.89454651 3.08167505
v 1.91342473 25.87205124 3.14451790
v 2.03566837 25.84773636 3.21244001
v 2.15464735 25.82165146 3.28531098
v 2.27013016 25.79384041 3.36299300
v 2.13240576 25.74223137 3.50000000
v 2.30227327 25.74224281 3.50000000
v 2.30591559 25.74224663 3.50000000
v 2.38190126 25.76436043 3.44533706
v 2.35350943 25.74229622 3.50000000
v 2.36724401 25.74260902 3.50000000
v 2.45106435 25.74334145 3.50000000
v 2.47562766 25.74993324 3.50000000
v 2.47842598 25.75075722 3.50000000
v 2.48203731 25.75185776 3.50000000
v 2.48694253 25.75340080 3.50000000
v 2.49408793 25.75570488 3.50000000
v 2.50562906 25.75950050 3.50000000
v 2.52776933 25.76688385 3.50000000
v 2.58869505 25.78739548 3.50000000
v 3.59151173 26.12661362 3.50000000
v 5.90503788 10.00000000 3.50000000
v 5.90503788 18.30844116 3.50000000
v 5.70064974 18.93791580 1.86815202
v 5.59172916 19.60346794 3.50000000
v 5.40053320 19.89007759 3.50000000
v 5.43412495 19.89089203 3.50000000
v 5.70302868 18.93919563 3.50000000
v 5.69552040 19.15956879 3.50000000
v 5.68864107 19.43568993 3.50000000
v 5.90503788 20.09346581 3.50000000
v 5.05238771 27.12105942 2.65765095
v 5.21016788 27.05032158 2.85471010
v 5.35863304 26.97732735 3.05803990
v 5.49750090 26.90221405 3.26725507
v 5.35981894 27.47321701 3.22640610
v 5.49890232 27.39785004 3.43562102
v 5.35887194 27.47396278 3.50000000
v 5.54348183 27.35015869 3.50000000
v 5.49867630 27.39803314 3.50000000
v 5.53919840 27.37322807 3.50000000
v 5.84436369 25.53861427 3.50000000
v 5.62650585 26.82512665 3.48195601
v 5.63799572 26.81734848 3.50000000
v 5.63592243 26.85270309 3.50000000
v 5.62686634 26.91768265 3.50000000
v 5.63031387 26.88510513 3.50000000
v 0.24866328 27.89506149 0.50000000
v 0.51132542 27.89418602 0.50248802
v 0.77362138 27.88945389 0.51572502
v 1.03505230 27.88087273 0.53968602
v 0.24863063 28.39273453 0.66836500
v 0.51128739 28.39185905 0.67085397
v 0.77358019 28.38712120 0.68409097
v 1.03500807 28.37853241 0.70805103
v 1.09556127 31.56031036 0.50000000
v 1.29512167 27.86846161 0.57432401
v 1.55333364 27.85224152 0.61957502
v 1.29507577 28.36610794 0.74269003
v 1.80919564 27.83224487 0.67535198
v 1.55328834 28.34986877 0.78794098
v 1.80915439 28.32984734 0.84371698
v 2.06222296 27.80850792 0.74154800
v 2.31193280 27.78107643 0.81803900
v 1.09556127 35.35136795 0.50000000
v 1.85972071 32.75376892 0.59030801
v 1.83919692 32.73596954 0.60036099
v 1.78330576 32.67814255 0.63300800
v 1.76664388 32.65756226 0.64465499
v 1.81961811 32.71737671 0.61084002
v 1.80095649 32.69811630 0.62173098
v 1.99961090 32.84309769 0.54002702
v 2.02544808 32.85456848 0.53346699
v 2.10605502 32.88304138 0.51717001
v 2.13378406 32.89050674 0.51290101
v 2.16186094 32.89691544 0.50922698
v 2.05183363 32.86506271 0.52746302
v 2.07872081 32.87455750 0.52202702
v 2.21884155 32.90657806 0.50369400
v 2.24763894 32.90981293 0.50184500
v 2.19023180 32.90227509 0.50615603
v 2.27657127 32.91194916 0.50061202
v 2.30558324 32.91303635 0.50000000
v 2.33462238 32.91300964 0.50000697
v 2.36363220 32.91191483 0.50063503
v 2.39256120 32.90973663 0.50188202
v 2.42135620 32.90649414 0.50374597
v 2.44996047 32.90216064 0.50622201
v 2.47832441 32.89677048 0.50930703
v 1.95007408 32.81697083 0.55476701
v 1.90331030 32.78705215 0.57156998
v 1.92631876 32.80244064 0.56291801
v 1.97453427 32.83059692 0.54713202
v 1.88109875 32.77081299 0.58070600
v 1.69961584 32.54641724 0.70759201
v 1.71077979 32.56959152 0.69445503
v 1.73651409 32.61461258 0.66895801
v 1.75104725 32.63636398 0.65664500
v 1.72307408 32.59235001 0.68156999
v 1.68963850 32.52283096 0.72095299
v 1.68082917 32.49891281 0.73451602
v 1.67324007 32.47467804 0.74825102
v 1.66687906 32.45018005 0.76213300
v 1.65783715 32.40060425 0.79023802
v 1.65518999 32.37561035 0.80440497
v 1.65380096 32.35053635 0.81861198
v 1.65377355 32.32550430 0.83283502
v 1.65514612 32.30033493 0.84704298
v 1.65775895 32.27525330 0.86121202
v 1.66172445 32.42548370 0.77613902
v 3.54395199 31.56031036 0.50000000
v 2.50639462 32.89033890 0.51299602
v 2.53411770 32.88286591 0.51727998
v 2.56143856 32.87434006 0.52214998
v 2.58831263 32.86481857 0.52759898
v 2.61469293 32.85432053 0.53361702
v 2.64051104 32.84281540 0.54018998
v 2.66556573 32.83028030 0.54730701
v 2.69001460 32.81663513 0.55495501
v 2.71375251 32.80208588 0.56311899
v 2.73674321 32.78667831 0.57178301
v 2.75893402 32.77042007 0.58092999
v 2.78029275 32.75335312 0.59054297
v 2.80077791 32.73551178 0.60060501
v 2.85661864 32.67766190 0.63328201
v 2.87324333 32.65705490 0.64493603
v 2.82034993 32.71692276 0.61109501
v 2.83898091 32.69763947 0.62199497
v 2.88882828 32.63585281 0.65693498
v 2.90333033 32.61408615 0.66925502
v 2.91674209 32.59180832 0.68187398
v 2.94014096 32.54584885 0.70790797
v 2.92901444 32.56904602 0.69476599
v 2.95010018 32.52226639 0.72127497
v 2.95886731 32.49832916 0.73484099
v 2.96643472 32.47409439 0.74857998
v 2.97277164 32.44959641 0.76246601
v 2.98174953 32.40000916 0.79057401
v 2.98436952 32.37501144 0.80474299
v 2.98572898 32.34994125 0.81895101
v 2.98571181 32.32489777 0.83317298
v 2.98432207 32.29973602 0.84738100
v 2.98167276 32.27465439 0.86154801
v 2.97788143 32.42488480 0.77647299
v 3.54395199 35.35136795 0.50000000
v 2.06218719 28.30608368 0.90991402
v 2.31190634 28.27861977 0.98640400
v 1.92705727 31.87400055 1.08866704
v 1.95083272 31.85966682 1.09683096
v 1.97530425 31.84624863 1.10447800
v 2.00041580 31.83376503 1.11159503
v 2.02612138 31.82223511 1.11816895
v 2.05237317 31.81168556 1.12418604
v 2.07912898 31.80213737 1.12963498
v 2.10632896 31.79359818 1.13450694
v 2.13392854 31.78609467 1.13879097
v 2.16187406 31.77963448 1.14247894
v 2.19011450 31.77423286 1.14556396
v 2.21859574 31.76989555 1.14804101
v 2.42023706 31.76980209 1.14809203
v 2.44872236 31.77411842 1.14562905
v 2.47696924 31.77949333 1.14255905
v 2.24726415 31.76663208 1.14990497
v 2.27606916 31.76444626 1.15115201
v 2.30495453 31.76334953 1.15177906
v 2.33386874 31.76333809 1.15178597
v 2.36275625 31.76441002 1.15117300
v 2.39156413 31.76656723 1.14994097
v 1.66162944 32.25029755 0.87531298
v 1.66673899 32.22552109 0.88932002
v 1.67308474 32.20096207 0.90320599
v 1.68064523 32.17667770 0.91694498
v 1.69937205 32.12907791 0.94387800
v 1.71049893 32.10585785 0.95701998
v 1.68940139 32.15270233 0.93051201
v 1.72278166 32.08311462 0.96991301
v 1.73625636 32.06086731 0.98253202
v 1.75094438 32.03912354 0.99485099
v 1.76668584 32.01795959 1.00684905
v 1.78345871 31.99741364 1.01850402
v 1.80125034 31.97752953 1.02979100
v 1.82000685 31.95834160 1.04068995
v 1.83970034 31.93988037 1.05118096
v 1.86028838 31.92218399 1.06124306
v 1.88173294 31.90528297 1.07085705
v 1.90401268 31.88921547 1.08000302
v 2.55784893 27.75000381 0.90467697
v 2.79950356 27.71534920 1.00129998
v 2.55783820 28.24750710 1.07304299
v 2.79951262 28.21280670 1.16966498
v 3.03643775 27.67717552 1.10772097
v 3.03647256 28.17458153 1.27608597
v 3.26820064 27.63556099 1.22373903
v 2.71190143 31.87364578 1.08886802
v 2.61277103 31.82197380 1.11831903
v 2.63849068 31.83347893 1.11175799
v 2.53253126 31.79340744 1.13461602
v 2.55974078 31.80192184 1.12975800
v 2.50492334 31.78592682 1.13888597
v 2.58651495 31.81143570 1.12432396
v 2.68810630 31.85933495 1.09702003
v 2.66361761 31.84593964 1.10465395
v 3.26826668 28.13290596 1.39210403
v 3.49434924 27.59057999 1.34913301
v 3.71445417 27.54232025 1.48366404
v 3.49445581 28.08785629 1.51749802
v 3.71460748 28.03951645 1.65202999
v 2.96626306 32.20038223 0.90353501
v 2.95869184 32.17610168 0.91727197
v 2.97777987 32.24970627 0.87564802
v 2.97263813 32.22493362 0.88965201
v 2.93988848 32.12852097 0.94419402
v 2.92873645 32.10531235 0.95733100
v 2.91642237 32.08257675 0.97021699
v 2.90290499 32.06034470 0.98282802
v 2.94987512 32.15213013 0.93083203
v 2.79933333 31.93945122 1.05142605
v 2.77872062 31.92177391 1.06147695
v 2.75725937 31.90489006 1.07107997
v 2.73496151 31.88884354 1.08021498
v 2.88821316 32.03861237 0.99514103
v 2.87244058 32.01745987 1.00713098
v 2.85563612 31.99693298 1.01877701
v 2.83783007 31.97706413 1.03005600
v 2.81905150 31.95789146 1.04094601
v 1.09593415 36.90169907 0.50000000
v 1.09593415 40.48386002 0.50000000
v 1.85971510 38.14399338 0.57589799
v 1.83921397 38.12530899 0.58434498
v 1.81961977 38.10585022 0.59315300
v 1.78330338 38.06473541 0.61178398
v 1.76665556 38.04315186 0.62157100
v 1.80097258 38.08564377 0.60230500
v 1.75104666 38.02094269 0.63164800
v 1.73651767 37.99814224 0.64199603
v 1.72308600 37.97480011 0.65259498
v 1.95006251 38.21022415 0.54602802
v 2.02545023 38.24961090 0.52812600
v 1.97453976 38.22446823 0.53961003
v 1.99960577 38.23759460 0.53364003
v 2.07872248 38.27058029 0.51851201
v 2.10605168 38.27949524 0.51443100
v 2.13378596 38.28730392 0.51084203
v 2.16185951 38.29404449 0.50775498
v 2.05183458 38.26062393 0.52308100
v 2.19023275 38.29965591 0.50517303
v 2.21884227 38.30417252 0.50310397
v 2.24764156 38.30755234 0.50155002
v 2.27657247 38.30981064 0.50051498
v 2.30558395 38.31093597 0.50000000
v 2.33462191 38.31092453 0.50000602
v 2.36363292 38.30976486 0.50053298
v 2.39256263 38.30748749 0.50158101
v 2.42135739 38.30407715 0.50314802
v 2.44996142 38.29953384 0.50522900
v 2.47832632 38.29388428 0.50782198
v 1.88109982 38.16184616 0.56782699
v 1.90331471 38.17885590 0.56014800
v 1.92632091 38.19498062 0.55287701
v 1.68084252 37.87684631 0.69709200
v 1.67324042 37.85145187 0.70863599
v 1.66687918 37.82576752 0.72030300
v 1.66172206 37.79987335 0.73207402
v 1.65516782 37.74758911 0.75582999
v 1.65784180 37.77378464 0.74392200
v 1.71077764 37.95095444 0.66342598
v 1.69962096 37.92665100 0.67446601
v 1.68963695 37.90193558 0.68569499
v 1.66163123 37.61624527 0.81542200
v 1.65380239 37.72128677 0.76776898
v 1.65513861 37.66867828 0.79166400
v 1.65378177 37.69504547 0.77972198
v 1.65776432 37.64239502 0.80357099
v 1.66673827 37.59028244 0.82719398
v 1.67308462 37.56454849 0.83886403
v 1.68064058 37.53909683 0.85041201
v 1.68940973 37.51396942 0.86181301
v 1.69937265 37.48921585 0.87304598
v 1.09475660 42.06824493 0.50000000
v 1.09475660 44.89736176 0.50000000
v 1.78289676 43.26237869 0.51812601
v 1.81916547 43.21712875 0.51510799
v 1.85922074 43.17516708 0.51231402
v 1.83873677 43.19571686 0.51368201
v 1.80053568 43.23935699 0.51659101
v 1.73618329 43.33567429 0.52301800
v 1.75068510 43.31057739 0.52134299
v 1.76627004 43.28613281 0.51971102
v 1.71050084 43.38762665 0.52648699
v 1.69937444 43.41438675 0.52827400
v 1.68940055 43.44159698 0.53009301
v 1.68064535 43.46922302 0.53193700
v 1.66673923 43.52547836 0.53569400
v 1.67308450 43.49720001 0.53380501
v 1.66162682 43.55400848 0.53759903
v 1.65776479 43.58273315 0.53951597
v 1.65514421 43.61160278 0.54144299
v 1.65378511 43.64056015 0.54337502
v 1.65378642 43.66943741 0.54531002
v 1.72277808 43.36137390 0.52473402
v 1.65519476 43.69841003 0.54724097
v 1.65783608 43.72728729 0.54916799
v 1.66174042 43.75601959 0.55108500
v 1.66687596 43.78455353 0.55299002
v 1.67325008 43.81283188 0.55487800
v 1.68084002 43.84080505 0.55674601
v 1.68963921 43.86842346 0.55858999
v 1.69962597 43.89563370 0.56040698
v 1.71077502 43.92238998 0.56219399
v 1.72308588 43.94863129 0.56394601
v 1.73651445 43.97431564 0.56566101
v 1.75104916 43.99939728 0.56733501
v 1.76665294 44.02383041 0.56896597
v 1.78330052 44.04756546 0.57055002
v 1.80097306 44.07055664 0.57208300
v 1.81961286 44.09277344 0.57356501
v 1.83921063 44.11415482 0.57498997
v 1.85972202 44.13467026 0.57635599
v 1.99900436 43.07220078 0.50546598
v 2.02482772 43.05890274 0.50457197
v 1.90277171 43.13681030 0.50976300
v 1.88057864 43.15551758 0.51100701
v 1.92576277 43.11907578 0.50858402
v 1.94950140 43.10234451 0.50747401
v 1.97394764 43.08665466 0.50643402
v 2.05120134 43.04673004 0.50375402
v 2.07807517 43.03571320 0.50301301
v 2.10539651 43.02585983 0.50235099
v 2.13312078 43.01720810 0.50176799
v 2.16119003 43.00975800 0.50126600
v 2.18955231 43.00351715 0.50084698
v 2.21815825 42.99851608 0.50050998
v 2.24695325 42.99475479 0.50025600
v 2.27588224 42.99223328 0.50008702
v 2.30489159 42.99095917 0.50000203
v 2.33393097 42.99095535 0.50000000
v 2.36294246 42.99218369 0.50008398
v 2.39187360 42.99468231 0.50025100
v 2.42067289 42.99841309 0.50050300
v 2.44928312 43.00338745 0.50083798
v 2.47765326 43.00959015 0.50125599
v 1.88109422 44.15429688 0.57766300
v 1.90331078 44.17296982 0.57890499
v 1.92631996 44.19067001 0.58008099
v 1.95007277 44.20736694 0.58118999
v 1.97453952 44.22301483 0.58222800
v 1.99960840 44.23744202 0.58319497
v 2.02544951 44.25072479 0.58408701
v 2.05183101 44.26288986 0.58490402
v 2.07872176 44.27388000 0.58564198
v 2.10605621 44.28370667 0.58630198
v 2.13378286 44.29235840 0.58688402
v 2.16186190 44.29977798 0.58738297
v 2.19023275 44.30598450 0.58780003
v 2.21884155 44.31097412 0.58813602
v 2.24764061 44.31470490 0.58838701
v 2.27657294 44.31719208 0.58855402
v 2.30558515 44.31842804 0.58863699
v 2.33462381 44.31842041 0.58863699
v 2.39256310 44.31462860 0.58838201
v 2.42135739 44.31085968 0.58812797
v 2.36363459 44.31715012 0.58855200
v 2.44996333 44.30585480 0.58779198
v 2.47832847 44.29962540 0.58737302
v 2.50639486 38.28713226 0.51092201
v 2.53411674 38.27928162 0.51452202
v 2.56144357 38.27036667 0.51861602
v 2.58831334 38.26036453 0.52319503
v 2.61468935 38.24934006 0.52825201
v 2.64051485 38.23728943 0.53377700
v 2.66556692 38.22414398 0.53975803
v 2.69001985 38.20985794 0.54618597
v 2.75893474 38.16143036 0.56801498
v 2.78029323 38.14355087 0.57609397
v 2.80078101 38.12485886 0.58455098
v 2.71375251 38.19461060 0.55304599
v 2.73674965 38.17847443 0.56032801
v 2.82035327 38.10538101 0.59336698
v 2.83898711 38.08517075 0.60252798
v 2.85661721 38.06422424 0.61201298
v 2.87325311 38.04263687 0.62180799
v 2.88882637 38.02040482 0.63189203
v 2.90333223 37.99759293 0.64224601
v 2.91673756 37.97423553 0.65285099
v 3.54358006 36.90169907 0.50000000
v 2.95886874 37.87624741 0.69736600
v 2.96643472 37.85083771 0.70891303
v 2.97277236 37.82515335 0.72058302
v 2.97788405 37.79924393 0.73235500
v 2.98436809 37.74695206 0.75611299
v 2.98175502 37.77316284 0.74420601
v 2.92902303 37.95038605 0.66368699
v 2.94014215 37.92606354 0.67473102
v 2.95010090 37.90134048 0.68596500
v 2.97778153 37.61562729 0.81570399
v 2.98573756 37.72066498 0.76805502
v 2.98434186 37.66805267 0.79194897
v 2.98571301 37.69441605 0.78000700
v 2.98167324 37.64176941 0.80385399
v 2.96626425 37.56393814 0.83914101
v 2.95867658 37.53849030 0.85068500
v 2.94987559 37.51337433 0.86208200
v 2.93989444 37.48862839 0.87331200
v 2.97264099 37.58966446 0.82747400
v 3.54358006 40.48386002 0.50000000
v 3.54138160 42.06824493 0.50000000
v 2.50572848 43.01701736 0.50175500
v 2.53346109 43.02563858 0.50233603
v 2.56079364 43.03546524 0.50299603
v 2.58767819 43.04645538 0.50373501
v 2.61406851 43.05859375 0.50455201
v 2.63990450 43.07187271 0.50544399
v 2.66497588 43.08629227 0.50641000
v 2.68943882 43.10195923 0.50744802
v 2.71319723 43.11866379 0.50855702
v 2.73620415 43.13637543 0.50973397
v 2.75841379 43.15506363 0.51097602
v 2.77979350 43.17469025 0.51228201
v 2.80030227 43.19521332 0.51364899
v 2.81989503 43.21660614 0.51507401
v 2.83854246 43.23882294 0.51655501
v 2.85620999 43.26181793 0.51808900
v 2.87286520 43.28555298 0.51967299
v 2.88846588 43.30998611 0.52130300
v 2.90300226 43.33506775 0.52297801
v 2.91643262 43.36075211 0.52469301
v 2.92873430 43.38699722 0.52644497
v 2.93989563 43.41374207 0.52823198
v 2.94988489 43.44094467 0.53004903
v 2.95867252 43.46856308 0.53189200
v 2.96626425 43.49652863 0.53376001
v 2.97264576 43.52479935 0.53564900
v 2.97777700 43.55332565 0.53755301
v 2.98168206 43.58204651 0.53947097
v 2.98432112 43.61091232 0.54139698
v 2.98572755 43.63986969 0.54333001
v 2.98572993 43.66874695 0.54526299
v 2.96643066 43.81216049 0.55483299
v 2.94014072 43.89499283 0.56036401
v 2.95887136 43.84014511 0.55670202
v 2.95010567 43.86777115 0.55854702
v 2.98436904 43.69771576 0.54719502
v 2.98175192 43.72660065 0.54912198
v 2.97788429 43.75533676 0.55103999
v 2.97277617 43.78387451 0.55294502
v 2.50639462 44.29215240 0.58687001
v 2.53411722 44.28348923 0.58628798
v 2.56144094 44.27363205 0.58562601
v 2.58831429 44.26260376 0.58488500
v 2.61469197 44.25042725 0.58406699
v 2.64051056 44.23710632 0.58317202
v 2.73674154 44.17253494 0.57887602
v 2.75893712 44.15383530 0.57763201
v 2.78029323 44.13419342 0.57632399
v 2.80077744 44.11365128 0.57495600
v 2.66556692 44.22265625 0.58220398
v 2.69002199 44.20698547 0.58116502
v 2.71375251 44.19025803 0.58005399
v 2.88883352 43.99880981 0.56729698
v 2.87324452 44.02325439 0.56892800
v 2.82035255 44.09224701 0.57353002
v 2.83897734 44.07001877 0.57204801
v 2.85661888 44.04700470 0.57051301
v 2.90333200 43.97370911 0.56562102
v 2.92902184 43.92175674 0.56215203
v 2.91673684 43.94800949 0.56390500
v 3.54138160 44.89736176 0.50000000
v 1.80074430 37.33026505 0.94524997
v 1.81950104 37.31013489 0.95441002
v 1.83919096 37.29076767 0.96322602
v 1.85978544 37.27219772 0.97168201
v 1.71048570 37.46487808 0.88409197
v 1.72277904 37.44100571 0.89492601
v 1.75068998 37.39483261 0.91588497
v 1.73618066 37.41764450 0.90553099
v 1.76627326 37.37265015 0.92596900
v 1.78297675 37.35112762 0.93576300
v 1.88123441 37.25445938 0.97976202
v 1.95037162 37.20657349 1.00159204
v 1.90352154 37.23759460 0.98744899
v 1.92657697 37.22161865 0.99473101
v 1.97486699 37.19248962 1.00801802
v 2.00000024 37.17938232 1.01400006
v 2.02573252 37.16727829 1.01952505
v 2.05201507 37.15620041 1.02458203
v 2.10603499 37.13721085 1.03325498
v 2.07879663 37.14617157 1.02916205
v 2.13366961 37.12933350 1.03685498
v 2.16165113 37.12254333 1.03995502
v 2.18993068 37.11687469 1.04254794
v 2.21845055 37.11231613 1.04463005
v 2.24716091 37.10889053 1.04619598
v 2.27600574 37.10659409 1.04724395
v 2.30493450 37.10544586 1.04777098
v 2.33388996 37.10542297 1.04777801
v 2.36281943 37.10655975 1.04726195
v 2.42038274 37.11222076 1.04467404
v 2.39166713 37.10882568 1.04622698
v 2.44890761 37.11675262 1.04260397
v 2.47719169 37.12239838 1.04002297
v 2.79985070 37.29030991 0.96343303
v 2.75775385 37.25404739 0.97995001
v 2.77922702 37.27176285 0.97187901
v 2.83832765 37.32978058 0.94547200
v 2.81955433 37.30966187 0.95462400
v 2.50518179 37.12915802 1.03693497
v 2.53282595 37.13700867 1.03334701
v 2.56007004 37.14594650 1.02926505
v 2.58686924 37.15594864 1.02469695
v 2.61316133 37.16700363 1.01965106
v 2.63891339 37.17907715 1.01413798
v 2.68856215 37.20623016 1.00174999
v 2.66405702 37.19216537 1.00816703
v 2.71237516 37.22125244 0.99489897
v 2.73545408 37.23720169 0.98762798
v 2.92873406 37.46430206 0.88435203
v 2.91644430 37.44044113 0.89518303
v 2.88846660 37.39429474 0.91612899
v 2.87286282 37.37213135 0.92620701
v 2.90299892 37.41709137 0.90578097
v 2.85613251 37.35062027 0.93599403
v 5.84436369 28.59734344 0.50000000
v 7.50000000 35.00000000 0.00000000
v 8.50055885 36.08332825 0.00000000
v 8.47283649 36.13519669 0.00000000
v 8.45576477 36.19147110 0.00000000
v 8.53786755 36.03786850 0.00000000
v 8.58332920 36.00056076 0.00000000
v 8.63519478 35.97283554 0.00000000
v 8.69147301 35.95576477 0.00000000
v 8.50055885 36.08332825 0.27499998
v 8.47283649 36.13519669 0.27500001
v 8.45576477 36.19147110 0.27500001
v 8.53786755 36.03786850 0.27500001
v 8.58332920 36.00056076 0.27500001
v 8.63519478 35.97283554 0.27500001
v 8.69147301 35.95576477 0.27500001
v 8.75000000 35.95000076 0.00000000
v 8.80852699 35.95576477 0.00000000
v 8.86480522 35.97283554 0.00000000
v 8.91667080 36.00056076 0.00000000
v 8.96213245 36.03786850 0.00000000
v 8.99944115 36.08332825 0.00000000
v 9.02716351 36.13519669 0.00000000
v 9.04423523 36.19147110 0.00000000
v 10.00000000 35.00000000 0.00000000
v 8.75000000 35.95000076 0.27500001
v 8.80852699 35.95576477 0.27500001
v 8.86480522 35.97283554 0.27500001
v 8.91667080 36.00056076 0.27500001
v 8.96213245 36.03786850 0.27500001
v 8.99944115 36.08332825 0.27499998
v 9.02716351 36.13519669 0.27500001
v 9.04423523 36.19147110 0.27500001
v 7.50000000 35.00000000 0.50000000
v 8.26496315 36.04909134 0.50000000
v 8.23508739 36.14757919 0.50000000
v 8.31347847 35.95832443 0.50000000
v 8.37876892 35.87876892 0.50000000
v 8.45832539 35.81347656 0.50000000
v 8.54909134 35.76496506 0.50000000
v 8.64757729 35.73508835 0.50000000
v 8.75000000 35.72499847 0.50000000
v 8.85242271 35.73508835 0.50000000
v 8.95090866 35.76496506 0.50000000
v 9.04167461 35.81347656 0.50000000
v 9.12123108 35.87876892 0.50000000
v 9.18652153 35.95832443 0.50000000
v 9.23503685 36.04909134 0.50000000
v 9.26491261 36.14757919 0.50000000
v 10.00000000 35.00000000 0.50000000
v 7.50000000 37.50000000 0.00000000
v 8.44999981 36.25000000 0.00000000
v 8.45576477 36.30852890 0.00000000
v 8.47283649 36.36480331 0.00000000
v 8.50055885 36.41667175 0.00000000
v 8.53786755 36.46213150 0.00000000
v 8.58332920 36.49943924 0.00000000
v 8.63519478 36.52716446 0.00000000
v 8.69147301 36.54423523 0.00000000
v 8.44999981 36.25000000 0.27500001
v 8.45576477 36.30852890 0.27500001
v 8.47283649 36.36480331 0.27500001
v 8.50055885 36.41667175 0.27499998
v 8.53786755 36.46213150 0.27500001
v 8.58332920 36.49943924 0.27500001
v 8.63519478 36.52716446 0.27500001
v 8.69147301 36.54423523 0.27500001
v 8.75000000 36.54999924 0.00000000
v 8.80852699 36.54423523 0.00000000
v 8.86480522 36.52716446 0.00000000
v 8.91667080 36.49943924 0.00000000
v 8.96213245 36.46213150 0.00000000
v 9.05000019 36.25000000 0.00000000
v 9.04423523 36.30852890 0.00000000
v 9.02716351 36.36480331 0.00000000
v 8.99944115 36.41667175 0.00000000
v 10.00000000 37.50000000 0.00000000
v 8.75000000 36.54999924 0.27500001
v 8.80852699 36.54423523 0.27500001
v 8.86480522 36.52716446 0.27500001
v 8.91667080 36.49943924 0.27500001
v 8.96213245 36.46213150 0.27500001
v 9.05000019 36.25000000 0.27500001
v 9.04423523 36.30852890 0.27500001
v 9.02716351 36.36480331 0.27500001
v 8.99944115 36.41667175 0.27499998
v 7.50000000 37.50000000 0.50000000
v 8.22500038 36.25000000 0.50000000
v 8.23508739 36.35242081 0.50000000
v 8.26496315 36.45090866 0.50000000
v 8.31347847 36.54167557 0.50000000
v 8.37876892 36.62123108 0.50000000
v 8.45832539 36.68652344 0.50000000
v 8.54909134 36.73503494 0.50000000
v 8.64757729 36.76491165 0.50000000
v 8.75000000 36.77500153 0.50000000
v 8.85242271 36.76491165 0.50000000
v 8.95090866 36.73503494 0.50000000
v 9.04167461 36.68652344 0.50000000
v 9.12123108 36.62123108 0.50000000
v 9.18652153 36.54167557 0.50000000
v 9.27499962 36.25000000 0.50000000
v 9.26491261 36.35242081 0.50000000
v 9.23503685 36.45090866 0.50000000
v 10.00000000 37.50000000 0.50000000
v 7.50000000 45.00000000 0.00000000
v 7.50000000 45.00000000 0.50000000
v 1.09556127 33.12889862 2.16500163
v 1.09556127 34.44630051 2.15675592
v 1.36996520 33.12889862 2.16500163
v 1.31476927 33.78109360 2.16091943
v 1.31449890 33.77964783 2.16092849
v 1.31427515 33.77815628 2.16093779
v 1.31410062 33.77661514 2.16094756
v 1.31397700 33.77503204 2.16095734
v 1.31390452 33.77340317 2.16096759
v 1.31388688 33.77172852 2.16097808
v 1.31392407 33.77001572 2.16098881
v 1.31401837 33.76826477 2.16099977
v 1.31544566 33.78383636 2.16090226
v 1.31584871 33.78513336 2.16089416
v 1.31508577 33.78248978 2.16091061
v 1.31677532 33.78757858 2.16087890
v 1.31729686 33.78872681 2.16087174
v 1.31629252 33.78638458 2.16088629
v 1.31785405 33.78982162 2.16086483
v 1.31844759 33.79086304 2.16085839
v 1.31907380 33.79185486 2.16085219
v 1.31973386 33.79279327 2.16084623
v 1.32267213 33.79603577 2.16082597
v 1.32189488 33.79530334 2.16083050
v 1.32347596 33.79671478 2.16082168
v 1.32114518 33.79451752 2.16083550
v 1.32042444 33.79368210 2.16084075
v 1.52240968 33.94618225 2.15988612
v 2.31975651 34.34446335 1.93389499
v 2.27770138 34.44630051 2.15675592
v 2.31975651 34.48447037 2.17430592
v 2.36209440 34.44630051 2.15675592
v 1.09556127 32.96337891 2.19225478
v 1.09556127 32.64965057 2.48487401
v 1.09556127 34.85372162 2.34408641
v 1.09556127 35.07811356 2.58484960
v 1.38026249 32.96337891 2.19225478
v 1.37073433 32.69219971 2.44518852
v 1.37237048 32.68814468 2.44896865
v 1.37421930 32.68418884 2.45265889
v 1.37628031 32.68033981 2.45625019
v 1.36572027 32.72271729 2.41672254
v 1.36572170 32.71817398 2.42095995
v 1.36596525 32.71368027 2.42515159
v 1.36645198 32.70924377 2.42929077
v 1.36717629 32.70486832 2.43337011
v 1.36813521 32.70056534 2.43738437
v 1.36932325 32.69633865 2.44132519
v 1.39387834 32.64965057 2.48487401
v 3.92830706 27.98797798 1.79544103
v 4.13514709 27.93333817 1.94746196
v 4.33473444 27.87569809 2.10780191
v 4.52669144 27.81516457 2.27615404
v 4.71065235 27.75185204 2.45219994
v 3.11710405 33.94618225 2.15988612
v 3.26955676 33.12889862 2.16500187
v 3.32222939 33.78870010 2.16087198
v 3.32502007 33.77961349 2.16092896
v 3.32274938 33.78755188 2.16087937
v 3.32323194 33.78635406 2.16088676
v 3.32367444 33.78510666 2.16089463
v 3.32407641 33.78380585 2.16090274
v 3.32443547 33.78245544 2.16091108
v 3.32475066 33.78105927 2.16091990
v 3.32524228 33.77811813 2.16093826
v 3.32541585 33.77657700 2.16094804
v 3.32553840 33.77499390 2.16095781
v 3.32560921 33.77336121 2.16096807
v 3.32562590 33.77169037 2.16097856
v 3.32558751 33.76997757 2.16098928
v 3.32549167 33.76822281 2.16100025
v 3.31979561 33.79277420 2.16084671
v 3.31605649 33.79669952 2.16082191
v 3.31685996 33.79601669 2.16082621
v 3.31763649 33.79528427 2.16083097
v 3.31838560 33.79449844 2.16083574
v 3.31910563 33.79366302 2.16084099
v 3.32108021 33.79084015 2.16085863
v 3.32045412 33.79183197 2.16085243
v 3.32167244 33.78979492 2.16086531
v 3.54395199 33.12889862 2.16500187
v 3.54395199 34.44630051 2.15675592
v 3.25926089 32.96337891 2.19225478
v 3.54395199 32.96337891 2.19225478
v 3.26873970 32.69210434 2.44527793
v 3.26710057 32.68805313 2.44905519
v 3.26524711 32.68410110 2.45274305
v 3.26318049 32.68025208 2.45633245
v 3.27379370 32.72261047 2.41682243
v 3.27378869 32.71807098 2.42105818
v 3.27353811 32.71357727 2.42524886
v 3.27304697 32.70914078 2.42938614
v 3.27231669 32.70476913 2.43346429
v 3.27135205 32.70046616 2.43747663
v 3.27016211 32.69624329 2.44141626
v 3.24563313 32.64965057 2.48487401
v 3.54395199 32.64965057 2.48487401
v 3.54395199 34.85372162 2.34408641
v 3.54395199 35.07811356 2.58484960
v 0.24877204 28.39707184 3.50000000
v 0.51090300 28.39619446 3.50000000
v 0.77267462 28.39145088 3.50000000
v 1.03359210 28.38284874 3.50000000
v 1.09556127 31.56031036 3.28616858
v 1.29316795 28.37040710 3.50000000
v 1.55091357 28.35414696 3.50000000
v 1.80634356 28.33409500 3.50000000
v 2.05897760 28.31029320 3.50000000
v 2.30834103 28.28278160 3.50000000
v 1.92275596 31.87357521 3.28616858
v 1.94676542 31.85905075 3.28616858
v 1.97147751 31.84545326 3.28616858
v 1.99679780 31.83280563 3.28616858
v 2.02279902 31.82107544 3.28616858
v 2.04919362 31.81041145 3.28616858
v 2.07641411 31.80063057 3.28616858
v 2.10392594 31.79195213 3.28616858
v 2.13183928 31.78432274 3.28616858
v 2.16010118 31.77775383 3.28616858
v 2.18865967 31.77226257 3.28616858
v 2.21746182 31.76785469 3.28616858
v 2.24645257 31.76453972 3.28616858
v 2.27558064 31.76231956 3.28616858
v 2.30478907 31.76120377 3.28616858
v 2.33402681 31.76119041 3.28616858
v 2.36323762 31.76228142 3.28616858
v 2.39236808 31.76447296 3.28616858
v 2.42136312 31.76776123 3.28616858
v 2.45016956 31.77214622 3.28616858
v 2.47873425 31.77761078 3.28616858
v 1.09556127 32.56409836 2.67505121
v 1.44271934 32.56409836 2.67505121
v 1.09556127 32.60289001 3.28616858
v 1.09556127 35.06093597 3.28616858
v 1.09556127 35.35136795 3.28616858
v 1.42394638 32.59505844 3.16281676
v 1.55919099 32.35953903 3.28616858
v 1.46789801 32.51823425 3.28616858
v 1.41944587 32.60289001 3.28616858
v 1.71686041 32.08546448 3.28616858
v 1.77790964 31.99869537 3.28616858
v 1.79583490 31.97853088 3.28616858
v 1.73038983 32.06304550 3.28616858
v 1.74515915 32.04098892 3.28616858
v 1.76100862 32.01952744 3.28616858
v 1.83460248 31.94035912 3.28616858
v 1.81474304 31.95907593 3.28616858
v 1.85537219 31.92241859 3.28616858
v 1.87701452 31.90528870 3.28616858
v 1.89949250 31.88899803 3.28616858
v 2.31975651 35.06380081 3.16910291
v 2.21289659 35.06093216 3.28616858
v 2.31975651 35.13197327 3.28616858
v 2.42737579 35.06093597 3.28616858
v 4.88627100 27.68587875 2.63560390
v 2.55396628 28.25161171 3.50000000
v 2.79538894 28.21683884 3.50000000
v 3.03215718 28.17852783 3.50000000
v 3.26382399 28.13674927 3.50000000
v 3.71012068 28.04309654 3.50000000
v 3.48995471 28.09157944 3.50000000
v 2.50700450 31.78415298 3.28616858
v 2.53492665 31.79175758 3.28616858
v 2.56244802 31.80041122 3.28616858
v 2.58952165 31.81009865 3.28616858
v 2.61608672 31.82080841 3.28616858
v 2.64210272 31.83251572 3.28616858
v 2.66743946 31.84513855 3.28616858
v 2.69216681 31.85871506 3.28616858
v 2.71619439 31.87321854 3.28616858
v 3.54395199 31.56031036 3.28616858
v 3.92391014 27.99139023 3.50000000
v 4.13091755 27.93655396 3.50000000
v 4.33075047 27.87868690 3.50000000
v 4.52303219 27.81789207 3.50000000
v 4.70739508 27.75427818 3.50000000
v 4.88349056 27.68796158 3.50000000
v 3.19679260 32.56409836 2.67505121
v 3.54395199 32.56409836 2.67505121
v 3.21555901 32.59504700 3.16266751
v 2.73947620 31.88861847 3.28616858
v 2.76197314 31.90489006 3.28616858
v 2.78363371 31.92200279 3.28616858
v 2.80442619 31.93992233 3.28616858
v 2.82430840 31.95862007 3.28616858
v 2.84323978 31.97805977 3.28616858
v 2.86118627 31.99820518 3.28616858
v 2.87811470 32.01902390 3.28616858
v 2.89399052 32.04047012 3.28616858
v 2.90878057 32.06251144 3.28616858
v 2.92234468 32.08492661 3.28616858
v 2.99388838 32.20929337 3.28616858
v 3.12161279 32.43131638 3.28616858
v 3.17153358 32.51809311 3.28616858
v 3.22006488 32.60288620 3.28616858
v 3.54395199 32.60289001 3.28616858
v 3.54395199 35.06093216 3.28616858
v 3.54395199 35.35136795 3.28616858
v 2.31975770 39.60638809 2.05557299
v 1.09593415 38.34660339 2.43144679
v 1.09593415 38.18109131 2.45869589
v 1.09593415 39.66400146 2.42320085
v 1.09593415 40.07142258 2.61053181
v 1.32983398 38.34660339 2.43144679
v 1.33755529 38.18109131 2.45869589
v 1.29821646 39.07154083 2.29890490
v 1.29760778 38.78756332 2.42868686
v 1.29826009 39.13115311 2.42653608
v 2.13852119 39.66400146 2.42320085
v 2.49993467 39.66400146 2.42320085
v 2.31173992 39.80443954 2.48777318
v 2.32777476 39.80443573 2.48777318
v 2.31975746 39.80910492 2.48991990
v 1.09475660 42.66801453 2.34391570
v 1.09475660 42.50250244 2.37116480
v 1.09475660 43.98541260 2.33566880
v 1.09475660 44.39283371 2.52300072
v 1.79963803 42.66801453 2.34391570
v 2.06847095 42.50250244 2.37116480
v 2.13177466 42.45199203 2.41827655
v 2.31975770 42.34371185 2.41103101
v 2.31975770 42.33576965 2.52667475
v 1.32735443 42.94806671 2.34216237
v 1.31940818 42.96406937 2.34206223
v 1.31907201 42.96570206 2.34205198
v 1.31880522 42.96735764 2.34204173
v 1.32082283 42.95930099 2.34209204
v 1.32142615 42.95776749 2.34210181
v 1.31981254 42.96245575 2.34207249
v 1.32028365 42.96086502 2.34208226
v 1.32537234 42.95062637 2.34214640
v 1.32633615 42.94932175 2.34215474
v 1.32282329 42.95479584 2.34212041
v 1.32209349 42.95626450 2.34211111
v 1.32361388 42.95336533 2.34212923
v 1.32446432 42.95197678 2.34213805
v 1.31860876 42.96902466 2.34203124
v 1.31848252 42.97070312 2.34202075
v 1.31842780 42.97239304 2.34201026
v 1.33071399 42.94459152 2.34218431
v 1.33192873 42.94353867 2.34219074
v 1.32842469 42.94685745 2.34217000
v 1.32954526 42.94569778 2.34217739
v 1.33582699 42.94072723 2.34220839
v 1.33318746 42.94254303 2.34219718
v 1.33448756 42.94160461 2.34220290
v 1.33184576 43.98541260 2.33566880
v 1.32543409 44.07501984 2.37687016
v 1.32536817 44.07744598 2.37798476
v 1.32539701 44.07983017 2.37908149
v 1.32552159 44.08217239 2.38015938
v 1.32604527 44.08672333 2.38225150
v 1.32573783 44.08447266 2.38121653
v 1.32644069 44.08892441 2.38326287
v 1.32692254 44.09107208 2.38424993
v 1.32748818 44.09316254 2.38521099
v 1.32886124 44.09716415 2.38705206
v 1.32813466 44.09519196 2.38614559
v 1.32966399 44.09907150 2.38792968
v 1.33054137 44.10091782 2.38877773
v 1.33149028 44.10269547 2.38959551
v 1.33250868 44.10440826 2.39038229
v 1.33359480 44.10604858 2.39113712
v 1.33474445 44.10762024 2.39185977
v 1.33595705 44.10911942 2.39254928
v 1.33722973 44.11054611 2.39320517
v 1.33855879 44.11190033 2.39382768
v 1.33994377 44.11317825 2.39441538
v 1.34138131 44.11438370 2.39496851
v 1.34286869 44.11550903 2.39548683
v 1.34440458 44.11655807 2.39596939
v 1.79739666 44.39283371 2.52300072
v 1.83464754 44.41783905 2.54983115
v 2.31975770 44.69732285 2.56852794
v 3.30968499 38.34660339 2.43144679
v 3.30196500 38.18109131 2.45869589
v 3.54358006 38.34660339 2.43144679
v 3.54358006 38.18109131 2.45869589
v 3.34129763 39.07154083 2.29890490
v 2.57808137 39.61418152 2.42351270
v 3.34190631 38.78756332 2.42868662
v 3.34125400 39.13115311 2.42653608
v 3.54358006 39.66400146 2.42320085
v 3.54358006 40.07142258 2.61053181
v 2.57104421 42.50250244 2.37116480
v 2.83987737 42.66801453 2.34391570
v 3.54138160 42.66801453 2.34391570
v 3.54138160 42.50250244 2.37116480
v 2.50774050 42.45199203 2.41827655
v 3.30365586 42.94070435 2.34220862
v 3.30499601 42.94158173 2.34220314
v 3.30629730 42.94252014 2.34219718
v 3.30755687 42.94351578 2.34219098
v 3.30877256 42.94456482 2.34218431
v 3.30994248 42.94567108 2.34217739
v 3.31106448 42.94682693 2.34217024
v 3.31213570 42.94803619 2.34216261
v 3.31315517 42.94929123 2.34215474
v 3.31412053 42.95059586 2.34214664
v 3.31503010 42.95194244 2.34213829
v 3.31588149 42.95333481 2.34212947
v 3.31667376 42.95476151 2.34212065
v 3.31807375 42.95772934 2.34210205
v 3.31740499 42.95623016 2.34211135
v 3.31921911 42.96082687 2.34208250
v 3.31867909 42.95926285 2.34209228
v 3.31969213 42.96241760 2.34207273
v 3.32009816 42.96402740 2.34206247
v 3.32043624 42.96566391 2.34205222
v 3.32070422 42.96731567 2.34204197
v 3.32090306 42.96898270 2.34203148
v 3.32103038 42.97066498 2.34202099
v 3.32108784 42.97235107 2.34201050
v 3.30766916 43.98541260 2.33566880
v 3.31407690 44.07496262 2.37684321
v 3.31414652 44.07738495 2.37795806
v 3.31411934 44.07977295 2.37905550
v 3.31378341 44.08441925 2.38119125
v 3.31399775 44.08211899 2.38013387
v 3.31347799 44.08666992 2.38222694
v 3.31308484 44.08887100 2.38323903
v 3.31260538 44.09101868 2.38422656
v 3.31204128 44.09311295 2.38518858
v 3.30987072 44.09902954 2.38790894
v 3.30899596 44.10087585 2.38875794
v 3.31067204 44.09711838 2.38703060
v 3.31139684 44.09514618 2.38612366
v 3.30479836 44.10758209 2.39184284
v 3.30358720 44.10908508 2.39253306
v 3.30594707 44.10601044 2.39111948
v 3.30703092 44.10436630 2.39036369
v 3.30804801 44.10265350 2.38957644
v 3.30231619 44.11051559 2.39318991
v 3.29514742 44.11653519 2.39595842
v 3.29816842 44.11435318 2.39495587
v 3.29668260 44.11548233 2.39547515
v 3.29960465 44.11314774 2.39440179
v 3.30098820 44.11186981 2.39381313
v 3.54138160 43.98541260 2.33566880
v 2.80486679 44.41783905 2.54983163
v 2.84211850 44.39283371 2.52300072
v 3.54138160 44.39283371 2.52300072
v 1.09593415 37.86735153 2.75131869
v 1.09593415 37.78179932 2.94149613
v 1.09593415 40.29581451 2.85129428
v 1.32151854 37.98439026 2.64216042
v 1.32147479 37.98263550 2.64379501
v 1.32152188 37.98090744 2.64540696
v 1.32165635 37.97920609 2.64699340
v 1.32187724 37.97753525 2.64855170
v 1.32218337 37.97589874 2.65008020
v 1.32257164 37.97429276 2.65157628
v 1.32304120 37.97272491 2.65303850
v 1.32359004 37.97119522 2.65446424
v 1.32421422 37.96970749 2.65585279
v 1.32491529 37.96826172 2.65720153
v 1.32568753 37.96685791 2.65850925
v 1.32653058 37.96550369 2.65977454
v 1.32744205 37.96419525 2.66099429
v 1.39914143 37.86735153 2.75131869
v 1.46243870 37.78179932 2.94149613
v 1.09593415 36.90169907 3.32860398
v 1.09593415 37.82394409 3.32860398
v 1.09593415 40.27192688 3.32860398
v 1.09593415 40.48386002 3.32860398
v 1.79527962 37.33060837 3.32860398
v 1.81418788 37.31020355 3.32860398
v 1.83404756 37.29058075 3.32860398
v 1.85482419 37.27176285 3.32860398
v 1.43107390 37.82394409 3.32860398
v 1.53546011 37.68301773 3.32860398
v 1.76058757 37.37343216 3.32860398
v 1.77736437 37.35174179 3.32860398
v 1.94627368 37.20527649 3.32860398
v 1.87647474 37.25379181 3.32860398
v 1.89896441 37.23670197 3.32860398
v 1.92224407 37.22051620 3.32860398
v 1.97100949 37.19100571 3.32860398
v 1.99635100 37.17773819 3.32860398
v 2.02237964 37.16543579 3.32860398
v 2.04896545 37.15417480 3.32860398
v 2.10360479 37.13488388 3.32860398
v 2.07605672 37.14398575 3.32860398
v 2.13155580 37.12687683 3.32860398
v 2.15985799 37.11998367 3.32860398
v 2.18845844 37.11422348 3.32860398
v 2.21730328 37.10959625 3.32860398
v 2.24633932 37.10611725 3.32860398
v 2.27551079 37.10378647 3.32860398
v 2.30476665 37.10261536 3.32860398
v 2.33404994 37.10260391 3.32860398
v 2.36330700 37.10374832 3.32860398
v 2.39248109 37.10604858 3.32860398
v 2.42152166 37.10950089 3.32860398
v 2.45037174 37.11409760 3.32860398
v 2.47897792 37.11983490 3.32860398
v 1.09475660 42.18876266 2.66378665
v 1.09475660 42.10321045 2.85396528
v 1.09475660 44.61722565 2.76376319
v 2.18072534 44.61722565 2.76376319
v 2.45880818 44.61722565 2.76376319
v 1.09475660 42.06824493 3.30482745
v 1.09475660 42.14405823 3.30482745
v 1.09475660 44.59561157 3.30482745
v 1.09475660 44.89736176 3.30482745
v 2.14317584 44.59561157 3.30482745
v 2.31975770 44.69733047 3.30482745
v 2.49634433 44.59560776 3.30482745
v 3.31799746 37.98434448 2.64219856
v 3.31804013 37.98259354 2.64383292
v 3.31799006 37.98086548 2.64544415
v 3.31763053 37.97749710 2.64858794
v 3.31785369 37.97916794 2.64702988
v 3.31732225 37.97585678 2.65011549
v 3.31693196 37.97425461 2.65161109
v 3.31646013 37.97268677 2.65307212
v 3.31591034 37.97116089 2.65449739
v 3.31528282 37.96967316 2.65588474
v 3.31458211 37.96822739 2.65723252
v 3.31380701 37.96682739 2.65853930
v 3.31296253 37.96546936 2.65980339
v 3.31204963 37.96416473 2.66102219
v 3.24037409 37.86735153 2.75131869
v 3.54358006 37.86735153 2.75131869
v 3.17707777 37.78179932 2.94149613
v 3.54358006 37.78179932 2.94149613
v 3.54358006 40.29581451 2.85129452
v 2.50728774 37.12669754 3.32860398
v 2.53524756 37.13467789 3.32860398
v 2.56280518 37.14376068 3.32860398
v 2.58991027 37.15392303 3.32860398
v 2.61650753 37.16515350 3.32860398
v 2.64255238 37.17743301 3.32860398
v 2.66790819 37.19067764 3.32860398
v 2.69265819 37.20492554 3.32860398
v 2.71670580 37.22014236 3.32860398
v 2.74000549 37.23630524 3.32860398
v 2.76251245 37.25337601 3.32860398
v 2.78418446 37.27132416 3.32860398
v 2.80498314 37.29012299 3.32860398
v 2.82486439 37.30973053 3.32860398
v 2.84379411 37.33011246 3.32860398
v 2.86173677 37.35123444 3.32860398
v 2.87854362 37.37291336 3.32860398
v 3.10385108 37.68273926 3.32860398
v 3.54358006 36.90169907 3.32860398
v 3.20844197 37.82394409 3.32860398
v 3.54358006 37.82394028 3.32860398
v 3.54358006 40.27192688 3.32860398
v 3.54358006 40.48386002 3.32860398
v 3.54138160 42.18876266 2.66378665
v 3.54138160 42.10321045 2.85396528
v 3.54138160 44.61722565 2.76376319
v 3.54138160 42.06824493 3.30482745
v 3.54138160 42.14405823 3.30482745
v 3.54138160 44.59560776 3.30482745
v 3.54138160 44.89736176 3.30482745
v 5.05321169 27.61736298 2.82601690
v 5.21116161 27.54643250 3.02307606
v 5.05097914 27.61905289 3.50000000
v 5.20954275 27.54767990 3.50000000
v 5.84436369 28.59734344 3.50000000
f 1276 1213 1274
f 1291 1269 1268
f 1283 1282 1268
f 1269 1284 1283
f 1270 1269 1291
f 1284 1269 1270
f 1284 1270 1292
f 1292 1270 1293
f 1211 1272 1271
f 1230 1271 1272
f 1273 1231 1277
f 1277 1231 1272
f 1213 1273 1278
f 1272 1211 1280
f 1212 2339 1291
f 1213 1276 1275
f 1268 1267 1291
f 1279 1213 1278
f 1274 1213 1279
f 1278 1273 1277
f 1275 1276 1280
f 1277 1272 1278
f 1279 1278 1272
f 1279 1272 1280
f 1279 1280 1274
f 1276 1274 1280
f 2335 1281 2336
f 2336 1281 1282
f 1285 1282 1283
f 2336 1282 1285
f 1285 1283 1284
f 1281 1266 1267
f 1262 1258 1261
f 1454 1252 1253
f 1105 1253 1254
f 1258 1105 1254
f 1233 1258 1262
f 1233 1262 1263
f 1234 1263 1264
f 1235 1234 1264
f 1236 1235 1265
f 2032 1281 2335
f 1281 1236 1266
f 1267 1282 1281
f 1235 1264 1265
f 1236 1265 1266
f 1270 1291 1293
f 1255 1249 1291
f 1282 1267 1268
f 1283 1268 1269
f 1256 1255 1291
f 1256 1291 1257
f 1259 1257 1291
f 1260 1259 1291
f 1261 1260 1291
f 1262 1261 1291
f 1263 1262 1291
f 1264 1263 1291
f 1265 1264 1291
f 1266 1265 1291
f 1267 1266 1291
f 1322 1327 1326
f 1311 1310 1307
f 1311 1309 1312
f 1311 1312 1395
f 1396 1312 1313
f 1314 1634 415
f 1316 1319 1315
f 1318 1347 1317
f 1319 1317 1315
f 1317 1319 1320
f 1323 1327 1330
f 1323 1325 1324
f 1330 1325 1323
f 1330 1327 1331
f 1321 1327 1322
f 1311 1307 1309
f 1330 1331 1328
f 1329 1328 1331
f 1332 1331 1333
f 1331 1338 1333
f 1333 1338 1334
f 1334 1337 1335
f 1335 1337 1336
f 1337 1334 1338
f 1338 1331 1364
f 1341 1340 1343
f 1321 1341 1315
f 1339 1341 1321
f 1342 1339 1321
f 1327 1321 1315
f 1294 1293 2339
f 1285 1284 1286
f 1285 1286 1289
f 1285 1287 2338
f 1284 1292 1295
f 1287 1285 1289
f 1286 1284 1288
f 1288 1284 1295
f 1289 1286 1290
f 1290 1286 1288
f 1292 1293 1294
f 1295 1292 1296
f 1296 1292 1294
f 1293 1291 2339
f 1296 2339 1295
f 1258 1260 1261
f 1296 1294 2339
f 408 1297 1301
f 1301 414 408
f 1301 1297 1298
f 1302 1301 1298
f 1303 1302 1298
f 1298 1299 1303
f 1304 1303 1299
f 1300 1306 1304
f 1304 1299 1300
f 1308 1304 1306
f 225 1771 1360
f 1310 1306 1307
f 1310 1308 1306
f 1273 1213 1221
f 1994 1993 1981
f 1271 1106 1211
f 1211 1191 1804
f 1191 1138 1804
f 1215 1214 1216
f 1216 1214 1218
f 1217 1216 1218
f 1218 1220 1219
f 1217 1218 1213
f 1218 1219 1213
f 1219 1220 1213
f 1213 1220 1221
f 1221 1222 1273
f 1273 1222 1223
f 1273 1223 1224
f 1995 1994 1981
f 1220 1218 1222
f 1223 1222 1218
f 1221 1220 1222
f 1223 1218 1228
f 1218 132 1228
f 124 123 1271
f 125 124 1271
f 132 125 1271
f 1225 1224 1223
f 1224 1225 1273
f 1273 1225 1226
f 1273 1226 1227
f 1273 1227 1230
f 1226 1225 1223
f 2011 1913 2029
f 2030 2028 2031
f 2029 2028 2030
f 2021 2020 1981
f 2020 2017 1981
f 2017 2014 1981
f 2015 2016 1981
f 1981 2014 2015
f 2013 2016 2015
f 2014 2013 2015
f 2013 2010 2016
f 2010 1981 2016
f 2008 1981 2010
f 2028 1913 2074
f 2029 1913 2028
f 1226 1223 1228
f 2013 2009 2010
f 2012 1913 2011
f 2009 2008 2010
f 2005 1981 2048
f 2005 2004 1981
f 2004 2003 1981
f 2003 2002 1981
f 2002 2001 1981
f 2001 2000 1981
f 2000 1999 1981
f 1999 1998 1981
f 1998 1997 1981
f 1997 1996 1981
f 1996 1995 1981
f 1245 1242 1256
f 1234 1235 1931
f 1931 1235 1236
f 1263 1234 1233
f 1236 1281 2032
f 1280 142 1275
f 1237 157 1238
f 157 156 1238
f 1238 158 1242
f 1239 1238 1242
f 1240 1239 1241
f 1242 1241 1239
f 1243 1242 1245
f 1244 1243 1245
f 1246 1245 1247
f 1232 1258 1233
f 1247 1245 1252
f 1248 1247 1250
f 1242 1249 1255
f 1249 111 1291
f 1250 1247 1252
f 1252 1245 1257
f 1256 1242 1255
f 1251 1250 1252
f 1257 1245 1256
f 1253 1252 1254
f 1258 1254 1252
f 1258 1252 1259
f 1259 1252 1257
f 1258 1259 1260
f 1300 1241 1242
f 1271 1228 132
f 1227 1226 1228
f 1227 1228 1229
f 1230 1227 1229
f 1228 1271 1229
f 1229 1271 1230
f 1273 1230 1231
f 1231 1230 1272
f 1275 109 1213
f 408 157 1237
f 1238 408 1237
f 1298 1238 1239
f 1299 1239 1240
f 1299 1240 1241
f 1343 1315 1341
f 1307 1242 1243
f 1309 1243 1244
f 1309 1244 1245
f 1313 1245 1246
f 1436 1246 1247
f 1436 1247 1248
f 1440 1248 1250
f 1440 1250 1251
f 1453 1251 1252
f 1442 1440 1251
f 1453 1442 1251
f 1454 1453 1252
f 1105 1454 1253
f 1258 1232 1105
f 1425 1423 1917
f 1348 1346 1890
f 1345 1348 1892
f 1305 1910 1878
f 1910 1305 1911
f 1878 1879 1305
f 1912 1305 1879
f 1418 1358 1921
f 1357 1356 1919
f 1358 1357 1920
f 1419 1418 1922
f 1420 1419 1923
f 1421 1420 1924
f 1424 1421 1925
f 1422 1424 1915
f 1423 1422 1916
f 1346 1347 1891
f 1914 1356 1880
f 1426 1425 2017
f 1900 1339 1902
f 1899 1315 1904
f 1903 1340 1901
f 1904 1343 1903
f 1901 1341 1900
f 1902 1342 1906
f 1896 1320 1897
f 1894 1317 1896
f 1891 1347 1895
f 1895 1318 1893
f 1894 1893 1318
f 1890 1346 1891
f 1885 1352 1351
f 1906 1327 1323
f 1906 1323 1324
f 1327 1906 1326
f 1906 1321 1322
f 1906 1322 1326
f 1906 1324 1325
f 1906 1338 1361
f 1906 1361 1362
f 1906 1362 1363
f 1906 1363 1364
f 1344 1345 1881
f 1882 1349 1344
f 1883 1350 1349
f 1884 1351 1350
f 1892 1348 1890
f 1886 1359 1352
f 1887 1353 1359
f 1888 1354 1353
f 1356 1355 1880
f 1889 1355 1354
f 1315 1899 1316
f 1341 1901 1340
f 1340 1903 1343
f 1315 1343 1904
f 1317 1320 1896
f 1318 1317 1894
f 1319 1316 1898
f 1320 1319 1897
f 1347 1318 1895
f 1466 1472 1469
f 1455 1453 1454
f 1455 1454 1456
f 1305 1360 2048
f 1105 1927 1454
f 1456 1454 1927
f 1457 1390 1471
f 1457 1465 1458
f 1465 1457 1461
f 1392 1460 1459
f 1460 1392 1457
f 1461 1457 1471
f 1462 1461 1463
f 1463 1461 1464
f 1464 1461 1471
f 1452 1442 1455
f 1466 1469 1467
f 1471 1410 1469
f 1467 1469 1468
f 1464 1471 1470
f 1471 1469 1472
f 1472 1466 1473
f 1473 1466 1474
f 1906 1364 1365
f 1906 1365 1366
f 1366 1367 1932
f 1367 1368 1950
f 1368 1369 1951
f 1360 1394 1959
f 1381 1941 1382
f 1438 1436 1439
f 1898 1316 1899
f 1897 1319 1898
f 1882 1344 1881
f 1349 1882 1883
f 1881 1345 1892
f 1350 1883 1884
f 1351 1884 1885
f 1352 1885 1886
f 1355 1889 1880
f 1354 1888 1889
f 1359 1886 1887
f 1353 1887 1888
f 1394 1314 2012
f 1436 1437 1439
f 1321 1906 1342
f 1437 1440 1441
f 1439 1437 1441
f 1441 1440 1442
f 1441 1442 1452
f 1443 1469 1451
f 1469 1447 1445
f 1410 1447 1469
f 1447 1444 1445
f 1411 1448 1446
f 1447 1411 1446
f 1444 1447 1449
f 1443 1451 1450
f 1469 1445 1451
f 1442 1453 1455
f 1384 1381 1386
f 1369 1371 1370
f 1371 1369 1372
f 1372 1367 1376
f 1372 1376 1373
f 1374 1376 1375
f 1375 1376 1379
f 1376 1374 1377
f 1367 1364 1471
f 1376 1367 1390
f 1379 1376 1381
f 1375 1379 1378
f 1379 1382 1380
f 1382 1379 1381
f 1381 1376 1390
f 1381 1384 1383
f 1369 1367 1372
f 1386 1381 1393
f 1384 1386 1385
f 1390 1367 1471
f 1387 1393 1390
f 1387 1389 1388
f 1389 1387 1390
f 1390 1392 1391
f 1392 1390 1457
f 1393 1381 1390
f 1314 1394 1634
f 1312 1396 1395
f 1313 1436 1396
f 1396 1436 1438
f 1397 1398 1399
f 1352 1355 1357
f 1327 1315 1317
f 1331 1327 1317
f 1317 1352 1364
f 1364 1331 1317
f 1317 1349 1352
f 1349 1345 1344
f 1317 1347 1345
f 1345 1347 1346
f 1345 1349 1317
f 1346 1348 1345
f 1349 1350 1351
f 1352 1349 1351
f 1353 1355 1352
f 1355 1353 1354
f 1397 1403 1435
f 1357 1355 1356
f 1420 1352 1357
f 1418 1357 1358
f 1353 1352 1359
f 1352 1471 1364
f 101 1821 1772
f 101 1876 1821
f 1360 1771 1394
f 1338 1363 1361
f 1361 1363 1362
f 1363 1338 1364
f 1364 1366 1365
f 1366 1364 1367
f 1367 1369 1368
f 1471 1352 1410
f 1352 1427 1428
f 1427 1420 1422
f 1422 1421 1424
f 1352 1428 1435
f 1427 1422 1423
f 1427 1423 1425
f 1427 1425 1426
f 1428 1429 1430
f 1428 1430 1431
f 1435 1428 1431
f 1435 1431 1432
f 1435 1432 1433
f 1339 1900 1341
f 1342 1902 1339
f 1420 1421 1422
f 1435 1403 1352
f 1410 1352 1403
f 1433 1434 1435
f 1325 1330 1906
f 1906 1330 1328
f 1906 1328 1329
f 1906 1329 1331
f 1906 1331 1332
f 1906 1332 1333
f 1906 1333 1334
f 1906 1334 1335
f 1906 1335 1336
f 1906 1336 1337
f 1906 1337 1338
f 1414 1412 1413
f 1397 1399 1400
f 1403 1397 1400
f 1403 1400 1401
f 1403 1401 1402
f 1403 1404 1405
f 1403 1405 1406
f 1403 1406 1407
f 1403 1407 1415
f 1403 1415 1416
f 1403 1416 1410
f 1409 1410 1417
f 1410 1411 1447
f 1415 1407 1408
f 1408 1412 1414
f 2011 2029 2030
f 1415 1408 1414
f 1417 1410 1416
f 414 1301 1977
f 1301 1302 1978
f 1302 1303 1979
f 1979 1303 1304
f 1304 1308 1982
f 1771 225 2339
f 1308 1310 1983
f 1983 1310 1311
f 1305 1912 1314
f 1357 1418 1420
f 1352 1420 1427
f 1420 1418 1419
f 1037 1040 1044
f 1008 1009 1019
f 1000 1008 1044
f 1000 1044 1024
f 1020 1044 986
f 1021 1023 1044
f 1021 1044 1022
f 1026 1027 1044
f 1044 1023 1026
f 1044 1020 1022
f 1040 1041 1044
f 1042 1038 1044
f 1039 1025 1044
f 1044 1038 1039
f 1043 1042 1044
f 1044 1041 1043
f 983 1019 1009
f 1034 1032 1044
f 1028 1029 1044
f 1044 1029 1030
f 1036 1037 1044
f 1027 1028 1044
f 1044 1030 1031
f 1033 1034 1044
f 1044 1031 1033
f 1044 1032 1035
f 1044 1035 1036
f 1025 1024 1044
f 986 1044 1045
f 1066 1064 610
f 1084 1066 610
f 1008 1007 1005
f 991 990 1045
f 992 991 1046
f 814 1046 1058
f 1046 991 1045
f 1057 1062 608
f 1010 1008 1011
f 1008 1010 1009
f 1011 1008 1012
f 1013 1008 1014
f 1008 1013 1012
f 1000 1006 1008
f 1003 1008 1004
f 1008 1003 1002
f 1008 1006 1007
f 1047 645 1048
f 1008 1005 1004
f 1008 1002 1001
f 1018 1008 993
f 994 1008 995
f 1016 1008 1017
f 1008 1018 1017
f 1014 1008 1015
f 1008 1016 1015
f 1008 994 993
f 997 1008 998
f 995 1008 996
f 1008 1001 999
f 1008 997 996
f 1008 999 998
f 1077 1067 1084
f 1055 1063 1057
f 1054 1059 1060
f 1055 1060 1061
f 1060 818 1062
f 1063 1055 1061
f 1061 1060 1062
f 1063 1061 1062
f 1063 1062 1057
f 1064 1066 1065
f 1068 1064 1065
f 1065 1067 1049
f 1065 1066 1067
f 1049 1067 1077
f 1067 1066 1084
f 1060 1055 984
f 1048 1070 1068
f 1047 1068 1065
f 1064 1068 1070
f 1064 1070 1069
f 1070 1048 1071
f 1069 1070 1071
f 1071 1048 1073
f 1073 1048 1078
f 1069 1071 1072
f 1072 1071 1073
f 1073 1078 1088
f 1074 1049 1076
f 1076 1049 1077
f 1050 1074 1075
f 1068 1047 1048
f 1049 626 1047
f 1078 1048 669
f 1064 1069 610
f 1069 1072 610
f 694 1049 1050
f 717 1051 1078
f 743 1050 1051
f 1086 1084 610
f 1086 610 1085
f 1100 1085 610
f 1049 1047 1065
f 1072 1087 610
f 1090 610 1087
f 1104 611 1090
f 989 986 1045
f 1050 1049 1074
f 1051 1050 1081
f 1095 1096 756
f 1096 1099 756
f 1095 756 1097
f 1097 756 1098
f 1099 1100 756
f 1098 756 1102
f 1102 756 1104
f 1052 1054 984
f 1053 984 1055
f 1057 1056 1053
f 1057 1053 1055
f 984 1054 1060
f 919 918 920
f 758 968 969
f 758 969 970
f 758 970 971
f 758 971 972
f 758 972 973
f 917 839 916
f 917 916 921
f 916 868 920
f 918 917 921
f 920 868 919
f 924 919 868
f 922 925 868
f 925 924 868
f 868 930 923
f 923 922 868
f 758 915 968
f 921 916 920
f 921 920 918
f 937 938 936
f 936 938 941
f 941 938 860
f 936 941 942
f 941 860 965
f 940 936 939
f 939 936 942
f 940 939 942
f 965 940 942
f 942 941 965
f 978 863 943
f 978 943 960
f 904 903 905
f 945 944 967
f 946 945 967
f 947 946 967
f 948 947 967
f 949 948 967
f 950 949 967
f 951 950 967
f 952 951 967
f 953 952 967
f 903 867 905
f 908 823 909
f 907 824 908
f 906 866 907
f 905 867 906
f 954 953 967
f 758 152 153
f 758 153 904
f 758 904 905
f 758 905 906
f 758 906 907
f 758 907 908
f 758 908 909
f 758 909 910
f 758 910 911
f 758 911 912
f 913 758 912
f 822 910 909
f 758 913 914
f 758 914 915
f 1056 1057 608
f 758 977 1977
f 1977 1978 758
f 758 1978 1979
f 758 1979 1980
f 967 863 978
f 967 978 979
f 981 980 982
f 537 984 985
f 983 537 985
f 987 333 988
f 988 575 989
f 989 575 986
f 1058 609 817
f 1019 1056 608
f 758 976 977
f 608 1045 1044
f 1045 608 1046
f 609 1058 1046
f 1019 983 985
f 984 787 1052
f 1019 985 1053
f 985 984 1053
f 1056 1019 1053
f 992 987 988
f 988 989 990
f 988 990 991
f 992 988 991
f 992 1046 814
f 1045 990 989
f 981 963 980
f 955 954 967
f 956 955 967
f 958 957 967
f 957 956 967
f 959 958 967
f 959 967 979
f 960 959 962
f 962 959 979
f 979 978 960
f 960 962 961
f 979 960 961
f 979 961 962
f 860 964 965
f 964 963 981
f 1076 1096 1074
f 965 964 966
f 940 965 982
f 982 965 966
f 966 964 981
f 982 966 981
f 969 512 970
f 915 434 968
f 968 513 969
f 970 511 971
f 971 510 972
f 509 973 972
f 758 973 974
f 758 974 975
f 976 758 975
f 2075 2030 2031
f 1730 2254 1728
f 1729 2253 1730
f 1727 2252 1729
f 2223 1521 2082
f 2081 1521 2084
f 2081 2082 1521
f 1720 1719 2245
f 1727 1720 2246
f 2080 2222 1476
f 2080 1475 2079
f 2221 2220 1475
f 2078 1475 2220
f 2077 2079 1475
f 1475 2078 2077
f 2075 2031 2074
f 1728 2251 1731
f 2031 2028 2074
f 2073 2072 2048
f 2072 2071 2048
f 2071 2070 2048
f 2070 2069 2048
f 2069 2068 2048
f 2068 2067 2048
f 2067 2066 2048
f 2072 2057 2071
f 2057 2070 2071
f 2056 2073 2048
f 2072 2073 2056
f 2070 2055 2069
f 2068 2069 2055
f 1743 2268 1744
f 2233 1722 2232
f 2232 1721 2231
f 2231 1527 2230
f 2230 1526 2229
f 2229 1525 2228
f 2228 1524 2227
f 2227 1523 2226
f 2226 1518 2225
f 2225 1522 2224
f 2224 1520 2223
f 1746 2272 1748
f 1747 2271 1746
f 1745 2270 1747
f 1744 2269 1745
f 2074 1976 2075
f 1742 2266 1743
f 1741 2265 1742
f 1740 2264 1741
f 1739 2263 1740
f 1755 1749 2305
f 1748 2273 1749
f 1738 2262 1739
f 1737 2261 1738
f 1735 2259 1737
f 1736 2260 1735
f 1734 2258 1736
f 1733 2257 1734
f 1732 2256 1733
f 1731 2255 1732
f 2054 2032 2335
f 2043 2042 2048
f 2042 2041 2048
f 2041 2040 2048
f 2040 2039 2048
f 2039 2007 2048
f 2007 2006 2048
f 2006 2005 2048
f 2339 2033 2034
f 2339 1986 2033
f 2339 1985 1986
f 2339 1984 1985
f 2339 1983 1984
f 2339 1982 1983
f 2339 1980 1982
f 2044 2043 2048
f 2051 1929 2052
f 1931 2032 2054
f 2050 1929 2051
f 2049 1927 2050
f 2037 1927 2049
f 2052 1930 1931
f 1929 1930 2052
f 2038 1455 2037
f 2036 1455 2038
f 2035 1441 2036
f 2034 1441 2035
f 2033 1438 2034
f 2075 2011 2030
f 2075 2012 2011
f 2054 2335 2337
f 1913 1976 2074
f 2057 2072 2056
f 2057 2055 2070
f 2048 1974 2056
f 2056 2055 2057
f 2048 1961 1974
f 2339 2051 2052
f 2339 2050 2051
f 2339 2049 2050
f 2339 2037 2049
f 2339 2038 2037
f 2339 2036 2038
f 2339 2035 2036
f 2339 2034 2035
f 2234 1724 2233
f 2053 1931 2054
f 2052 1931 2053
f 2066 2065 2048
f 2065 2064 2048
f 2064 2063 2048
f 2063 2062 2048
f 2062 2061 2048
f 2061 2060 2048
f 2060 2059 2048
f 2059 2058 2048
f 2058 2047 2048
f 2047 2046 2048
f 2046 2045 2048
f 2045 2044 2048
f 1107 101 1138
f 1099 1086 1101
f 1101 1085 1100
f 1093 1078 1092
f 1092 1083 1102
f 1102 1083 1098
f 1092 1102 1094
f 1090 1093 1104
f 1093 1092 1094
f 1104 1093 1094
f 1102 1103 1094
f 1104 1094 1103
f 1100 1099 1101
f 1103 1102 1104
f 1106 101 1107
f 1077 1084 1099
f 1271 106 1106
f 109 1217 1213
f 1212 108 1211
f 1138 101 1772
f 1280 1211 108
f 1297 408 1238
f 1298 1297 1238
f 1299 1298 1239
f 1300 1299 1241
f 1306 1300 1242
f 1307 1306 1242
f 1309 1307 1243
f 1312 1309 1245
f 1291 105 1212
f 1078 1083 1092
f 1075 1074 1095
f 1079 1075 1095
f 1096 1095 1074
f 1096 1076 1077
f 1099 1096 1077
f 1078 1051 1083
f 1050 1075 1079
f 1050 1079 1080
f 1081 1050 1080
f 1079 1095 1080
f 1080 1095 1097
f 1081 1080 1097
f 1051 1081 1082
f 1083 1051 1082
f 1313 1312 1245
f 1098 1081 1097
f 1082 1081 1098
f 1083 1082 1098
f 1086 1099 1084
f 1085 1101 1086
f 1072 1073 1087
f 1087 1073 1088
f 1088 1078 1093
f 1087 1088 1091
f 1087 1089 1090
f 1089 1087 1091
f 1090 1089 1091
f 1090 1091 1093
f 1091 1088 1093
f 2243 1717 2250
f 2257 1733 2256
f 2256 1732 2255
f 2255 1731 2251
f 2251 1728 2254
f 2254 1730 2253
f 2253 1729 2252
f 2250 1726 2249
f 2249 1725 2248
f 2220 2223 2082
f 2082 2081 2078
f 2252 1727 2246
f 2246 1720 2245
f 2245 1719 2244
f 2244 1718 2243
f 2258 1734 2257
f 1475 2323 2239
f 1725 2238 2248
f 1725 2237 2238
f 2079 2077 2085
f 2085 2077 2084
f 2077 2081 2084
f 2242 1476 2222
f 2082 2078 2220
f 2077 2078 2081
f 2239 2221 1475
f 2084 1521 2083
f 1725 2236 2237
f 2236 1723 2235
f 1723 2234 2235
f 2273 1748 2272
f 1436 1313 1246
f 1437 1436 1248
f 1440 1437 1248
f 1106 1107 1175
f 1106 1175 1211
f 1211 1175 1191
f 2090 2076 2089
f 2088 2076 2090
f 2086 2076 2088
f 2242 2327 1476
f 2083 2076 2086
f 2083 2086 2085
f 2084 2083 2085
f 2305 1749 2273
f 1383 1935 1381
f 2272 1746 2271
f 2271 1747 2270
f 2270 1745 2269
f 2269 1744 2268
f 2268 1743 2267
f 1743 2266 2267
f 2266 1742 2265
f 2265 1741 2264
f 2264 1740 2263
f 2263 1739 2262
f 2262 1738 2261
f 2261 1737 2259
f 2259 1735 2260
f 2260 1736 2258
f 1664 2168 2169
f 1714 2204 1715
f 1710 1711 2205
f 1710 2206 1704
f 1712 2207 1711
f 1712 1709 2208
f 2151 1698 1699
f 1700 2151 1699
f 2218 1700 1705
f 1655 1716 2216
f 1528 1655 2331
f 2162 2163 1662
f 2164 2165 1655
f 1529 2334 1716
f 1662 2163 2167
f 1663 2167 2168
f 1688 2200 1714
f 1665 2169 2170
f 1666 2170 2171
f 1667 2171 2172
f 1668 2172 2173
f 1669 2173 2174
f 1670 2174 2175
f 1671 2175 2176
f 1672 2176 2177
f 1673 2177 2178
f 1673 2178 2179
f 1674 2179 2181
f 1675 2181 2180
f 1677 2183 2182
f 1676 2180 2183
f 1693 1692 2194
f 2181 1675 1674
f 2180 1676 1675
f 2183 1677 1676
f 2182 1678 1677
f 2184 1679 1678
f 2185 1680 1679
f 2186 1681 1680
f 2187 1682 1681
f 2188 1683 1682
f 2189 1684 1683
f 2190 1685 1684
f 1686 1685 2191
f 1691 1686 2192
f 1692 1691 2193
f 1679 2184 2185
f 1694 1693 2196
f 1687 1694 2195
f 1706 1707 2213
f 1701 2212 1707
f 1702 1703 2215
f 1703 1704 2210
f 1701 1702 2214
f 1705 1706 2211
f 1708 2209 1709
f 1713 1715 2203
f 1708 1713 2201
f 1689 1687 2197
f 1689 2198 1690
f 1688 1690 2199
f 2059 1469 2058
f 1985 1396 1986
f 1976 1912 1975
f 1975 1909 1959
f 2075 1394 2012
f 1975 1908 1909
f 1974 2055 2056
f 1974 1973 2055
f 2067 1470 2066
f 2068 1464 2067
f 2066 1471 2065
f 2065 1472 2064
f 2063 1474 2062
f 2064 1473 2063
f 2061 1467 2060
f 1986 1396 2033
f 2060 1468 2059
f 2058 1443 2047
f 2062 1466 2061
f 1961 1973 1974
f 1961 1962 1963
f 1972 1962 1961
f 1961 1971 1972
f 1970 1961 1969
f 1961 1970 1971
f 1961 1965 1973
f 1961 1964 1965
f 1963 1964 1961
f 1968 1961 1967
f 1961 1968 1969
f 1992 1991 1981
f 1678 2182 2184
f 1680 2185 2186
f 1681 2186 2187
f 1682 2187 2188
f 1683 2188 2189
f 1684 2189 2190
f 1685 2190 2191
f 2164 1655 2216
f 1211 1877 1212
f 1211 1804 1857
f 1212 1877 1771
f 1877 1211 1857
f 1804 1138 1772
f 1993 1992 1981
f 2179 1674 1673
f 1990 1989 1981
f 1989 1988 1981
f 1988 1987 1981
f 1991 1990 1981
f 2027 1981 1987
f 2027 2026 1981
f 2026 2025 1981
f 2025 2023 1981
f 2023 2024 1981
f 2024 2019 1981
f 2019 2018 1981
f 2022 1981 2018
f 2022 2021 1981
f 2339 758 1980
f 1763 1755 1759
f 2116 2115 1546
f 2114 2103 1544
f 2115 2114 1545
f 2107 2104 1539
f 2105 1538 2104
f 2124 2116 1547
f 2121 2095 1574
f 1648 1743 1752
f 1752 1754 1753
f 1752 1750 1754
f 1764 1751 1752
f 1752 1743 1763
f 1755 1756 1757
f 1743 1755 1763
f 1755 1757 1759
f 2103 2102 1542
f 1759 1757 1758
f 1760 1762 1759
f 1763 1762 1761
f 1762 1763 1759
f 1764 1752 1763
f 1765 1651 1769
f 1765 1769 1766
f 1753 1648 1752
f 1769 1753 1767
f 1767 1770 1768
f 1769 1651 1753
f 1767 1753 1770
f 1624 1627 2156
f 2156 1627 1628
f 2113 2108 1537
f 2151 1608 1611
f 1611 1609 2151
f 2151 1609 1610
f 1610 1612 2151
f 2151 1612 1613
f 2151 1613 1695
f 2151 1695 1696
f 2151 1696 1697
f 2151 1697 1698
f 2092 2091 1528
f 2091 2093 1528
f 1568 2095 2096
f 2111 2110 1535
f 1536 2110 2112
f 2156 1628 1629
f 2113 1536 2112
f 2109 1530 2108
f 2122 1570 2118
f 2118 1571 2117
f 2120 1533 2119
f 2119 1531 2100
f 2109 2100 1534
f 2120 2117 1532
f 2123 1572 2122
f 2123 2121 1573
f 2111 1549 2105
f 2106 1541 2101
f 2102 2101 1543
f 2107 1540 2106
f 2156 2076 1619
f 2289 1653 1649
f 2291 1649 1650
f 2292 1650 1651
f 2293 1651 1652
f 2294 1652 1765
f 2296 1766 1769
f 2297 1769 1767
f 2299 1767 1768
f 2295 1765 1766
f 2319 1753 1754
f 2318 1754 1750
f 2321 1768 1770
f 2320 1770 1753
f 1654 1476 2327
f 2290 1644 1653
f 1660 1659 2098
f 1661 1660 2098
f 1662 1661 2098
f 2167 1663 1662
f 2168 1664 1663
f 2169 1665 1664
f 2170 1666 1665
f 2171 1667 1666
f 2172 1668 1667
f 2173 1669 1668
f 2174 1670 1669
f 2175 1671 1670
f 2176 1672 1671
f 2177 1673 1672
f 1617 1618 2076
f 2156 1629 1630
f 2156 1630 1631
f 2156 1631 1632
f 2156 1632 1633
f 1642 1643 2156
f 1643 1635 2156
f 2156 1633 1641
f 2156 1641 1642
f 2156 1635 1636
f 2156 1636 1637
f 2156 1637 1638
f 2156 1638 1640
f 1640 1639 2156
f 2156 1639 1645
f 1961 1966 1967
f 2076 1618 1619
f 1619 1620 2156
f 1620 1621 2156
f 2156 1621 1625
f 2156 1625 1626
f 1626 1622 2156
f 2156 1622 1623
f 2156 1623 1624
f 2160 1634 1654
f 2323 1475 1634
f 2153 1645 1647
f 1648 1644 2288
f 1647 1646 2286
f 2287 1646 1648
f 1398 1397 1987
f 1431 1430 2019
f 1430 1429 2018
f 1428 1427 2021
f 1427 1426 2020
f 1429 1428 2022
f 1356 1914 1919
f 1913 2012 1314
f 1912 1913 1314
f 1879 1900 1902
f 1879 1901 1900
f 1879 1904 1903
f 1821 1876 1877
f 1311 1395 1985
f 1985 1395 1396
f 1396 1438 2033
f 1432 1431 2024
f 1399 1398 1988
f 1400 1399 1989
f 1401 1400 1990
f 1402 1401 1991
f 1403 1402 1992
f 1404 1403 1993
f 1405 1404 1994
f 1406 1405 1995
f 1407 1406 1996
f 1411 1410 2007
f 1448 1411 2039
f 1408 1407 1997
f 1412 1408 1998
f 1413 1412 1999
f 1425 1918 1926
f 1919 1914 1911
f 1425 2009 2013
f 1926 1911 2008
f 1914 1910 1911
f 1908 1906 1909
f 1907 1906 1908
f 1879 1907 1908
f 1907 1905 1906
f 1879 1905 1907
f 1879 1902 1905
f 1902 1906 1905
f 1878 1880 1889
f 1914 1880 1910
f 1425 1926 2009
f 1414 1413 2000
f 1397 1435 2027
f 1435 1434 2026
f 1425 1917 1918
f 1917 1423 1916
f 1916 1422 1915
f 1915 1424 1925
f 1925 1421 1924
f 1924 1420 1923
f 1923 1419 1922
f 1921 1358 1920
f 1920 1357 1919
f 1922 1418 1921
f 1434 1433 2025
f 1433 1432 2023
f 1894 1896 1879
f 2004 1416 2003
f 2005 1417 2004
f 2006 1409 2005
f 2007 1410 2006
f 2039 1411 2007
f 1305 2008 1911
f 2008 1305 1981
f 1878 1910 1880
f 1879 1878 1888
f 1889 1888 1878
f 1890 1891 1879
f 1887 1886 1879
f 1888 1887 1879
f 1884 1883 1879
f 2003 1415 2002
f 1893 1894 1879
f 1893 1879 1895
f 1879 1891 1895
f 1890 1879 1892
f 1881 1892 1879
f 1881 1879 1882
f 1883 1882 1879
f 1885 1884 1879
f 1886 1885 1879
f 1879 1896 1897
f 1879 1897 1898
f 1879 1898 1899
f 1901 1879 1903
f 1879 1899 1904
f 1988 1398 1987
f 1415 1414 2002
f 1416 1415 2003
f 1417 1416 2004
f 1409 1417 2005
f 1410 1409 2006
f 977 414 1977
f 1978 1977 1301
f 1979 1978 1302
f 1980 1979 1304
f 1980 1304 1982
f 1982 1308 1983
f 1983 1311 1984
f 1984 1311 1985
f 1981 1305 2048
f 1921 1920 1911
f 1989 1399 1988
f 1990 1400 1989
f 1991 1401 1990
f 1993 1403 1992
f 1992 1402 1991
f 1994 1404 1993
f 1995 1405 1994
f 1996 1406 1995
f 1997 1407 1996
f 1998 1408 1997
f 1999 1412 1998
f 2000 1413 1999
f 1414 2000 2001
f 2002 1414 2001
f 1966 1391 1967
f 1959 1952 1953
f 1951 1952 1959
f 1948 1933 1959
f 1933 1960 1958
f 2048 1360 1961
f 1965 1463 1973
f 1973 1463 2055
f 1964 1463 1965
f 1963 1462 1964
f 1962 1461 1963
f 1971 1458 1972
f 1972 1465 1962
f 1970 1457 1971
f 1969 1460 1970
f 1967 1392 1968
f 1954 1949 1959
f 1968 1459 1969
f 1960 1390 1966
f 1474 1466 2062
f 1473 1474 2063
f 1472 1473 2064
f 1464 1470 2067
f 1470 1471 2066
f 1471 1472 2065
f 1468 1469 2059
f 1467 1468 2060
f 2339 1212 1771
f 1877 1394 1771
f 1469 1443 2058
f 1466 1467 2061
f 1959 1940 1941
f 1961 1960 1966
f 2055 1463 2068
f 1976 1394 2075
f 1959 1932 1950
f 1909 1932 1959
f 1909 1906 1932
f 1975 1394 1976
f 1959 1933 1958
f 1961 1958 1960
f 1957 1934 1959
f 1936 1959 1934
f 1937 1959 1936
f 1938 1959 1937
f 1941 1935 1959
f 1931 1236 2032
f 1959 1939 1940
f 1938 1939 1959
f 1935 1942 1959
f 1943 1959 1942
f 1944 1959 1943
f 1945 1959 1944
f 1946 1959 1945
f 1947 1959 1946
f 1948 1959 1947
f 1950 1951 1959
f 1959 1953 1954
f 1959 1955 1957
f 1956 1955 1959
f 1959 1949 1956
f 2019 1430 2018
f 1438 1439 2034
f 1913 1912 1976
f 1975 1879 1908
f 1912 1879 1975
f 1987 1397 2027
f 2027 1435 2026
f 1434 2025 2026
f 2025 1433 2023
f 2023 1432 2024
f 1821 1877 1857
f 2024 1431 2019
f 2022 1428 2021
f 2021 1427 2020
f 2020 1426 2017
f 2034 1439 1441
f 2018 1429 2022
f 2009 1926 2008
f 2017 1425 2014
f 1425 2013 2014
f 1926 1918 1911
f 1918 1917 1911
f 1917 1916 1911
f 1920 1919 1911
f 1916 1915 1911
f 1925 1924 1911
f 1915 1925 1911
f 1924 1923 1911
f 1923 1922 1911
f 1922 1921 1911
f 1233 1234 1929
f 2050 1928 1929
f 1927 1928 2050
f 1930 1234 1931
f 2037 1456 1927
f 2040 1448 2039
f 2046 1451 2045
f 2047 1450 2046
f 2044 1444 2043
f 2045 1445 2044
f 2043 1449 2042
f 2042 1447 2041
f 2041 1446 2040
f 1455 1456 2037
f 1929 1234 1930
f 2151 1607 1608
f 1928 1233 1929
f 1928 1232 1233
f 1105 1232 1928
f 1927 1105 1928
f 1451 1445 2045
f 1443 1450 2047
f 1450 1451 2046
f 1449 1447 2042
f 1445 1444 2044
f 1444 1449 2043
f 1447 1446 2041
f 1446 1448 2040
f 2036 1452 1455
f 1441 1452 2036
f 1531 1585 1607
f 1565 1564 1566
f 1567 1566 1564
f 1572 1568 1569
f 1532 1571 1572
f 1572 1571 1570
f 1531 1572 1569
f 1568 1572 1573
f 1568 1573 1574
f 1579 1531 1569
f 1569 1575 1576
f 1569 1576 1579
f 1531 1579 1582
f 1577 1578 1576
f 1579 1576 1578
f 1531 1582 1585
f 1600 1564 1550
f 1579 1580 1581
f 1582 1579 1581
f 1585 1582 1583
f 1585 1583 1584
f 1585 1586 1587
f 1587 1588 1589
f 1587 1589 1656
f 1656 1589 1590
f 1585 1587 1663
f 1587 1656 1659
f 1567 1592 1591
f 1592 1567 1593
f 1564 1600 1567
f 1593 1595 1594
f 1539 1531 1550
f 1531 1530 1534
f 1536 1537 1535
f 1535 1531 1538
f 1539 1538 1531
f 1543 1541 1539
f 1539 1541 1540
f 1542 1543 1545
f 1550 1543 1539
f 1544 1542 1545
f 1546 1545 1547
f 1545 1543 1550
f 1547 1545 1550
f 1548 1547 1550
f 1549 1535 1538
f 1593 1567 1600
f 1551 1550 1552
f 1553 1552 1554
f 1554 1552 1556
f 1552 1550 1561
f 1556 1552 1557
f 1555 1554 1556
f 1557 1552 1561
f 1550 1531 1600
f 1558 1557 1559
f 1561 1550 1564
f 1559 1557 1561
f 1560 1559 1561
f 1562 1561 1564
f 1563 1562 1564
f 1642 1629 1637
f 1625 1623 1622
f 1627 1623 1629
f 1627 1629 1628
f 1629 1631 1630
f 1631 1629 1632
f 1632 1629 1642
f 1629 1507 1648
f 1629 1639 1637
f 1635 1642 1637
f 1635 1637 1636
f 1639 1629 1648
f 1637 1639 1638
f 1638 1639 1640
f 1633 1642 1641
f 1622 1626 1625
f 1642 1633 1632
f 1642 1635 1643
f 1648 1653 1644
f 1639 1647 1645
f 1647 1648 1646
f 1647 1639 1648
f 1649 1648 1651
f 1649 1651 1650
f 1648 1753 1651
f 1651 1765 1652
f 1653 1648 1649
f 1634 1394 1877
f 335 1877 1876
f 1655 1476 1654
f 1607 1609 1608
f 1595 1597 1596
f 1595 1593 1600
f 1597 1595 1599
f 1531 1607 1600
f 1597 1599 1598
f 1599 1595 1600
f 1600 1602 1601
f 1602 1600 1603
f 1603 1600 1607
f 1603 1605 1604
f 1605 1603 1606
f 1606 1603 1607
f 1610 1607 1695
f 1607 1610 1609
f 1531 1533 1532
f 1608 1609 1611
f 1610 1695 1612
f 1612 1695 1613
f 1505 1615 1614
f 1504 1617 1505
f 1615 1505 1617
f 1615 1617 1616
f 1617 1620 1618
f 1618 1620 1619
f 1620 1625 1621
f 1620 1629 1623
f 1623 1627 1624
f 1620 1617 1629
f 1625 1620 1623
f 1934 1375 1936
f 1463 1464 2068
f 1906 1366 1932
f 1950 1368 1951
f 1951 1369 1952
f 1952 1370 1953
f 1932 1367 1950
f 1958 1961 1360
f 1389 1960 1933
f 1954 1372 1949
f 1953 1371 1954
f 1958 1360 1959
f 1949 1373 1956
f 1956 1376 1955
f 1955 1377 1957
f 1957 1374 1934
f 1462 1463 1964
f 1936 1375 1937
f 1937 1378 1938
f 1938 1379 1939
f 1939 1380 1940
f 1940 1382 1941
f 1941 1381 1935
f 1935 1383 1942
f 1942 1384 1943
f 1943 1385 1944
f 1944 1386 1945
f 1948 1389 1933
f 1947 1388 1948
f 1945 1393 1946
f 1946 1387 1947
f 1377 1374 1957
f 1384 1942 1383
f 1385 1943 1384
f 1386 1944 1385
f 1393 1945 1386
f 1393 1387 1946
f 1387 1388 1947
f 1389 1390 1960
f 1389 1948 1388
f 1372 1373 1949
f 1369 1370 1952
f 1370 1371 1953
f 1371 1372 1954
f 1373 1376 1956
f 1376 1377 1955
f 1959 1394 1975
f 1374 1375 1934
f 1378 1937 1375
f 1379 1938 1378
f 1380 1939 1379
f 1382 1940 1380
f 1392 1459 1968
f 1459 1460 1969
f 1460 1457 1970
f 1457 1458 1971
f 1390 1391 1966
f 1391 1392 1967
f 1458 1465 1972
f 1465 1461 1962
f 1461 1462 1963
f 1519 1522 1524
f 1617 1507 1629
f 1510 1511 1509
f 1509 1511 1514
f 1514 1511 1512
f 1514 1513 1519
f 1509 1484 1485
f 1517 1485 1515
f 1517 1515 1516
f 1517 1509 1485
f 1507 1509 1514
f 1507 1514 1519
f 1522 1518 1524
f 1521 1520 1522
f 1521 1522 1519
f 1504 1501 1617
f 1729 1507 1519
f 1524 1518 1523
f 1726 1519 1524
f 1524 1525 1526
f 1524 1526 1527
f 1722 1524 1527
f 1507 1729 1743
f 1648 1507 1743
f 1877 611 757
f 1716 757 1529
f 1655 1528 1476
f 1531 1535 1537
f 1537 1530 1531
f 1572 1531 1532
f 1488 1487 1489
f 1475 415 1634
f 1507 1506 1478
f 1507 1478 1479
f 1506 1477 1478
f 1482 1507 1479
f 1507 1482 1481
f 1482 1480 1481
f 1507 1481 1484
f 1481 1483 1484
f 1507 1484 1509
f 1488 1486 1508
f 1488 1490 1487
f 1488 1508 1495
f 1507 1495 1508
f 1656 1657 1658
f 1490 1492 1491
f 1490 1495 1492
f 1492 1495 1493
f 1487 1490 1494
f 1495 1490 1488
f 1495 1507 1501
f 1495 1497 1496
f 1497 1495 1501
f 1497 1501 1498
f 1498 1501 1499
f 1499 1501 1500
f 1501 1507 1617
f 1501 1504 1502
f 1502 1504 1503
f 1582 1581 2098
f 1723 1724 2234
f 1725 1723 2236
f 1722 1721 2232
f 1718 1717 2243
f 1719 1718 2244
f 1726 1725 2249
f 1717 1726 2250
f 2076 2083 1488
f 1529 1528 2094
f 1576 1575 2098
f 1577 1576 2098
f 1578 1577 2098
f 1579 1578 2098
f 1580 1579 2098
f 1581 1580 2098
f 1724 1722 2233
f 1583 1582 2098
f 1584 1583 2098
f 1585 1584 2098
f 1586 1585 2098
f 1587 1586 2098
f 1588 1587 2098
f 1589 1588 2098
f 1590 1589 2098
f 1656 1590 2098
f 1657 1656 2098
f 1658 1657 2098
f 1659 1658 2098
f 1541 1543 2101
f 1542 2102 1543
f 1477 1506 2083
f 2076 1495 1496
f 2076 1496 1497
f 2076 1497 1498
f 2076 1498 1499
f 2076 1499 1500
f 2076 1500 1501
f 2076 1501 1502
f 2076 1502 1503
f 1503 1504 2076
f 2076 1504 1505
f 2076 1505 1614
f 2076 1614 1615
f 2076 1615 1616
f 2076 1616 1617
f 1542 1544 2103
f 2083 1507 1508
f 2083 1506 1507
f 1486 2083 1508
f 2083 1486 1488
f 2083 1478 1477
f 1518 1522 2225
f 1520 1521 2223
f 1520 2224 1522
f 1518 2226 1523
f 1523 2227 1524
f 1524 2228 1525
f 1525 2229 1526
f 1526 2230 1527
f 1721 1527 2231
f 2095 1568 1574
f 2135 1558 1559
f 2134 1559 1560
f 2136 1560 1561
f 2138 1561 1562
f 2139 1562 1563
f 2140 1563 1564
f 2141 1564 1565
f 2142 1565 1566
f 2143 1566 1567
f 2144 1567 1591
f 2145 1591 1592
f 2146 1592 1593
f 2147 1593 1594
f 2148 1594 1595
f 2133 1557 1558
f 1569 1568 2098
f 1575 1569 2098
f 2151 1595 1596
f 2151 1596 1597
f 2151 1597 1598
f 2151 1598 1599
f 2151 1599 1600
f 2151 1600 1601
f 2151 1601 1602
f 2151 1602 1603
f 2151 1603 1604
f 2151 1604 1605
f 2151 1605 1606
f 2151 1606 1607
f 1535 2110 1536
f 1544 1545 2114
f 1545 1546 2115
f 1546 1547 2116
f 1547 1548 2124
f 1548 1550 2125
f 1550 1551 2126
f 1551 1552 2127
f 1552 1553 2128
f 2130 1553 1554
f 1570 1571 2118
f 1535 1549 2111
f 1530 2109 1534
f 1536 2113 1537
f 1530 1537 2108
f 2076 1493 1495
f 1538 1539 2104
f 1540 2107 1539
f 1549 1538 2105
f 1541 2106 1540
f 1531 1534 2100
f 1533 1531 2119
f 1532 1533 2120
f 1571 1532 2117
f 1572 1570 2122
f 1573 1572 2123
f 1574 1573 2121
f 2129 1554 1555
f 2131 1555 1556
f 2132 1556 1557
f 1703 1607 1679
f 1687 1688 1691
f 1690 1688 1689
f 1687 1689 1688
f 1692 1693 1687
f 1692 1687 1691
f 1687 1693 1694
f 1716 1877 757
f 1695 1607 1703
f 1695 1700 1696
f 1696 1698 1697
f 1698 1696 1700
f 1700 1695 1705
f 1698 1700 1699
f 1705 1695 1703
f 1703 1679 1691
f 1701 1707 1703
f 1703 1702 1701
f 1707 1706 1705
f 1707 1705 1703
f 1713 1708 1709
f 1709 1704 1688
f 1711 1710 1704
f 1704 1703 1688
f 1712 1711 1704
f 1709 1712 1704
f 1688 1703 1691
f 1713 1709 1688
f 1688 1714 1715
f 1715 1713 1688
f 1673 1670 1671
f 1659 1656 1658
f 1663 1587 1659
f 1659 1660 1661
f 1661 1662 1659
f 1663 1659 1662
f 1679 1585 1663
f 1663 1664 1666
f 1666 1664 1665
f 1663 1666 1669
f 1669 1666 1667
f 1669 1667 1668
f 1607 1585 1679
f 1679 1663 1669
f 1669 1670 1673
f 1634 1877 1654
f 1673 1671 1672
f 1679 1669 1673
f 1673 1674 1675
f 1673 1675 1676
f 1679 1673 1676
f 1679 1676 1677
f 1679 1677 1678
f 1680 1681 1682
f 1679 1680 1691
f 1680 1682 1684
f 1684 1682 1683
f 1680 1684 1686
f 1691 1680 1686
f 1686 1684 1685
f 1510 2083 1511
f 1755 1745 1747
f 1747 1746 1748
f 1755 1747 1748
f 1749 1755 1748
f 1479 2083 1482
f 1480 1482 2083
f 2083 1479 1478
f 2083 1481 1480
f 1483 1481 2083
f 1483 2083 1484
f 1484 2083 1485
f 1516 2083 1517
f 1509 1517 2083
f 1509 2083 1510
f 1755 1743 1745
f 1511 2083 1512
f 1519 2083 1521
f 1512 2083 1514
f 1513 1514 2083
f 2083 1519 1513
f 1485 2083 1515
f 2083 1516 1515
f 1487 1494 2076
f 2076 1491 1492
f 2076 1490 1491
f 1494 1490 2076
f 2076 1488 1489
f 1489 1487 2076
f 1492 1493 2076
f 1730 1728 1731
f 1655 1654 1877
f 1716 1655 1877
f 1476 1475 2080
f 1717 1718 1726
f 1726 1718 1720
f 1720 1718 1719
f 1726 1720 1729
f 1527 1721 1722
f 1524 1722 1723
f 1524 1723 1726
f 1519 1726 1729
f 1723 1722 1724
f 1726 1723 1725
f 1729 1720 1727
f 944 902 967
f 1729 1730 1731
f 1732 1735 1731
f 1743 1729 1731
f 1735 1732 1733
f 1735 1733 1734
f 1731 1735 1737
f 1735 1734 1736
f 1743 1731 1737
f 1737 1738 1739
f 1743 1737 1739
f 1743 1739 1740
f 1743 1740 1741
f 1743 1741 1742
f 1743 1744 1745
f 283 814 297
f 284 316 764
f 313 761 312
f 313 314 760
f 285 778 288
f 288 779 289
f 289 781 290
f 284 765 286
f 286 776 287
f 287 777 285
f 295 786 296
f 291 782 292
f 293 292 783
f 290 780 291
f 293 784 294
f 294 785 295
f 312 762 316
f 298 301 771
f 299 769 300
f 315 300 768
f 298 770 299
f 301 302 773
f 302 303 774
f 303 304 772
f 304 305 767
f 305 306 792
f 307 308 794
f 306 307 793
f 308 309 795
f 309 310 796
f 310 311 797
f 322 320 324
f 311 309 319
f 314 313 300
f 300 313 312
f 300 315 314
f 287 301 300
f 312 287 300
f 309 301 329
f 301 287 329
f 329 287 332
f 317 311 319
f 318 317 319
f 320 319 324
f 321 320 322
f 319 309 329
f 311 317 798
f 323 322 324
f 324 319 326
f 325 324 326
f 326 319 329
f 327 326 329
f 328 327 329
f 330 329 332
f 331 330 332
f 333 332 334
f 282 336 335
f 336 283 297
f 611 297 610
f 611 336 297
f 315 766 314
f 767 305 792
f 284 764 763
f 765 284 763
f 776 286 765
f 762 312 761
f 764 316 762
f 777 287 776
f 778 285 777
f 781 289 779
f 780 290 781
f 784 293 783
f 782 291 780
f 783 292 782
f 786 295 785
f 785 294 784
f 779 288 778
f 792 306 793
f 793 307 794
f 794 308 795
f 795 309 796
f 796 310 797
f 797 311 798
f 798 317 799
f 799 318 800
f 800 319 801
f 801 320 802
f 802 321 803
f 803 321 804
f 804 322 805
f 805 323 806
f 331 332 790
f 317 318 799
f 318 319 800
f 319 320 801
f 320 321 802
f 321 322 804
f 322 323 805
f 323 324 806
f 324 325 807
f 325 326 808
f 326 327 809
f 327 328 810
f 328 329 811
f 329 330 788
f 330 331 789
f 310 309 311
f 332 333 791
f 297 817 609
f 283 775 759
f 759 812 283
f 761 313 760
f 771 301 773
f 773 302 774
f 768 300 769
f 766 315 768
f 760 314 766
f 770 298 771
f 769 299 770
f 774 303 772
f 772 304 767
f 2091 2111 2105
f 2093 2128 2130
f 2126 2093 2125
f 2127 2093 2126
f 2093 2127 2128
f 2276 2282 1529
f 2091 2124 2093
f 2091 2116 2124
f 2109 2091 2100
f 2110 2091 2112
f 2108 2091 2109
f 2113 2091 2108
f 2091 2113 2112
f 2107 2091 2104
f 2091 2105 2104
f 2111 2091 2110
f 2093 2129 2131
f 2101 2091 2106
f 2115 2091 2114
f 2103 2091 2102
f 2091 2107 2106
f 2091 2115 2116
f 2091 2103 2114
f 2091 2101 2102
f 1528 2279 2275
f 2150 1595 2151
f 2149 1595 2150
f 1595 2149 2148
f 1594 2148 2147
f 1593 2147 2146
f 1592 2146 2145
f 2091 2122 2118
f 2093 2143 2144
f 2137 2093 2136
f 2138 2093 2137
f 2093 2138 2139
f 2093 2134 2136
f 2135 2134 2093
f 2093 2133 2135
f 2093 2124 2125
f 2123 2091 2121
f 2122 2091 2123
f 2117 2091 2118
f 2119 2091 2120
f 2091 2117 2120
f 2091 2119 2100
f 1591 2145 2144
f 2099 2274 2328
f 2098 2099 2166
f 2097 2099 2098
f 2097 2274 2099
f 2096 2274 2097
f 2096 2092 2274
f 2279 1528 2331
f 2096 2095 2092
f 2091 2092 2095
f 2095 2121 2091
f 2093 2147 2094
f 2093 2132 2133
f 2093 2131 2132
f 2130 2129 2093
f 292 293 291
f 2088 2080 2079
f 2079 2085 2086
f 2087 2076 2157
f 2089 2076 2087
f 282 335 281
f 336 225 283
f 312 316 287
f 316 284 287
f 288 287 285
f 286 287 284
f 288 289 287
f 287 289 294
f 289 290 291
f 294 289 291
f 2088 2079 2086
f 287 294 518
f 294 291 293
f 294 295 296
f 518 517 287
f 518 294 296
f 301 298 299
f 300 301 299
f 302 301 303
f 304 303 301
f 304 301 309
f 305 304 307
f 306 305 307
f 307 304 309
f 308 307 309
f 1554 2129 2130
f 1567 2144 2143
f 1566 2143 2142
f 1565 2142 2141
f 1564 2141 2140
f 1563 2140 2139
f 1562 2139 2138
f 2137 1561 2138
f 1561 2137 2136
f 1560 2136 2134
f 1559 2134 2135
f 1558 2135 2133
f 1557 2133 2132
f 1556 2132 2131
f 1555 2131 2129
f 806 324 807
f 1553 2130 2128
f 2127 2126 1551
f 2128 2127 1552
f 2126 2125 1550
f 2125 2124 1548
f 1662 2098 2166
f 1568 2097 2098
f 1568 2096 2097
f 2276 1529 2094
f 2094 1528 2093
f 2275 2274 1528
f 2274 2092 1528
f 2090 2161 2080
f 2080 2088 2090
f 825 349 350
f 461 459 460
f 461 463 366
f 466 366 463
f 463 461 462
f 464 465 463
f 466 463 465
f 424 356 466
f 466 467 468
f 466 468 470
f 354 352 825
f 347 348 825
f 346 354 825
f 348 346 825
f 350 347 825
f 356 349 825
f 459 461 458
f 357 356 825
f 358 357 825
f 355 361 825
f 362 355 825
f 363 362 825
f 364 363 825
f 365 364 825
f 366 365 825
f 458 366 825
f 459 458 825
f 460 459 825
f 461 460 825
f 463 462 825
f 462 461 825
f 442 441 505
f 428 430 431
f 451 428 431
f 435 417 434
f 433 417 438
f 435 438 417
f 436 433 438
f 820 110 436
f 820 436 437
f 436 438 437
f 428 446 445
f 447 446 455
f 444 440 442
f 445 444 442
f 967 337 404
f 825 359 358
f 446 443 445
f 431 432 450
f 431 450 451
f 428 451 453
f 446 428 453
f 453 451 452
f 453 452 448
f 450 432 449
f 453 454 455
f 455 446 453
f 457 439 455
f 455 456 457
f 455 439 447
f 458 461 366
f 494 493 495
f 826 383 384
f 826 384 386
f 386 385 826
f 826 385 387
f 826 388 389
f 826 387 388
f 826 389 390
f 826 390 391
f 485 424 428
f 485 445 442
f 500 442 502
f 492 503 493
f 485 428 445
f 493 502 442
f 826 382 383
f 493 442 495
f 506 381 826
f 491 499 497
f 491 485 442
f 499 498 497
f 500 499 491
f 491 442 500
f 502 501 500
f 395 393 826
f 826 393 396
f 826 396 397
f 826 397 398
f 826 398 399
f 826 399 400
f 480 478 479
f 360 359 825
f 361 360 825
f 470 468 469
f 471 472 473
f 471 474 476
f 471 473 474
f 466 470 423
f 471 476 477
f 476 474 475
f 471 477 480
f 470 471 423
f 480 477 478
f 480 423 471
f 466 423 424
f 428 429 430
f 825 352 506
f 367 337 843
f 485 356 424
f 398 485 399
f 400 482 481
f 482 399 485
f 482 484 483
f 484 482 485
f 485 487 486
f 487 485 488
f 488 485 491
f 488 490 489
f 490 488 491
f 381 382 826
f 506 341 344
f 360 361 359
f 359 366 356
f 366 359 361
f 366 362 363
f 366 361 362
f 363 364 365
f 366 363 365
f 356 366 466
f 506 339 338
f 353 339 506
f 351 353 506
f 352 351 506
f 506 338 345
f 506 340 341
f 344 342 506
f 359 356 358
f 506 345 340
f 341 374 368
f 368 374 369
f 370 372 371
f 369 374 370
f 372 370 374
f 372 374 373
f 374 376 375
f 376 374 381
f 376 380 377
f 377 380 378
f 378 380 379
f 380 376 381
f 381 383 382
f 343 342 344
f 807 325 808
f 808 326 809
f 809 327 810
f 810 328 811
f 811 329 788
f 788 330 789
f 789 331 790
f 790 332 791
f 791 333 813
f 225 404 337
f 339 353 338
f 338 352 345
f 345 352 341
f 345 341 340
f 383 381 388
f 368 343 341
f 343 344 341
f 346 348 352
f 347 356 348
f 356 352 348
f 356 347 350
f 349 356 350
f 352 353 351
f 352 338 353
f 352 354 346
f 341 352 356
f 374 341 356
f 355 362 361
f 357 358 356
f 509 405 410
f 397 395 398
f 398 395 485
f 399 482 400
f 1876 102 226
f 509 403 401
f 510 403 509
f 225 1305 404
f 406 409 411
f 409 407 413
f 413 407 408
f 414 413 408
f 401 405 509
f 411 410 405
f 411 405 406
f 393 397 396
f 411 409 412
f 413 412 409
f 1360 1305 225
f 404 1305 415
f 1314 415 1305
f 417 416 434
f 419 504 418
f 421 480 419
f 480 421 423
f 421 419 420
f 423 421 422
f 424 425 426
f 424 426 428
f 428 426 427
f 506 370 371
f 383 387 384
f 387 383 388
f 384 385 386
f 385 384 387
f 388 381 391
f 356 485 374
f 381 374 485
f 391 381 395
f 388 391 389
f 389 391 390
f 391 394 392
f 395 381 485
f 368 369 506
f 506 369 370
f 2093 2140 2141
f 342 343 506
f 506 343 368
f 506 371 372
f 506 372 373
f 506 373 374
f 506 378 379
f 506 379 380
f 506 380 381
f 506 374 375
f 506 375 376
f 506 376 377
f 506 377 378
f 394 391 395
f 395 397 393
f 2181 2179 2164
f 2193 2192 2219
f 2194 2193 2219
f 2217 2218 2330
f 2192 2191 2216
f 2330 1716 2334
f 2190 2164 2216
f 2191 2190 2216
f 2183 2180 2164
f 2181 2164 2180
f 2189 2188 2164
f 2188 2187 2164
f 2187 2186 2164
f 2186 2185 2164
f 2184 2182 2164
f 2190 2189 2164
f 2198 2197 2219
f 2185 2184 2164
f 2175 2174 2164
f 2174 2173 2164
f 2178 2177 2164
f 2177 2176 2164
f 2179 2178 2164
f 2173 2172 2164
f 2172 2171 2164
f 2171 2170 2164
f 2170 2169 2164
f 2176 2175 2164
f 2169 2168 2164
f 2164 2182 2183
f 2168 2167 2164
f 2209 2202 2219
f 2230 2220 2231
f 2229 2220 2230
f 2226 2220 2227
f 2225 2220 2226
f 2224 2220 2225
f 2223 2220 2224
f 2330 2218 2219
f 2219 2192 2216
f 2211 2219 2218
f 2219 2214 2215
f 2219 2212 2214
f 2219 2208 2209
f 2219 2205 2207
f 2207 2208 2219
f 2165 2166 2328
f 2210 2219 2215
f 2206 2205 2219
f 2206 2219 2210
f 2219 2211 2213
f 2212 2219 2213
f 2219 2201 2203
f 2203 2204 2219
f 2204 2200 2219
f 2202 2201 2219
f 2200 2199 2219
f 2199 2198 2219
f 2197 2195 2219
f 2196 2194 2219
f 2196 2219 2195
f 111 758 105
f 109 107 115
f 108 106 142
f 1876 101 102
f 105 108 1212
f 107 109 140
f 156 407 409
f 157 408 407
f 403 402 159
f 159 402 507
f 161 507 508
f 163 405 401
f 158 406 405
f 163 401 403
f 406 158 409
f 106 101 1106
f 758 111 148
f 128 107 127
f 107 130 129
f 127 107 129
f 142 106 117
f 118 107 119
f 130 107 118
f 122 107 120
f 119 107 122
f 107 138 120
f 112 113 107
f 113 116 107
f 116 114 107
f 115 1214 109
f 2206 1710 2205
f 2166 2099 2328
f 2165 2164 2162
f 2167 2163 2164
f 2331 1655 2329
f 2163 2162 2164
f 2166 2165 2162
f 2219 1716 2330
f 2216 1716 2219
f 2209 1708 2202
f 1708 2201 2202
f 2203 1715 2204
f 2201 1713 2203
f 2215 1703 2210
f 2205 1711 2207
f 2227 2220 2228
f 2210 1704 2206
f 2207 1712 2208
f 2208 1709 2209
f 2204 1714 2200
f 1691 2192 2193
f 1692 2193 2194
f 2199 1690 2198
f 2200 1688 2199
f 106 103 101
f 103 106 108
f 104 103 105
f 103 108 105
f 102 104 226
f 104 105 227
f 2273 2272 2323
f 2319 2318 2323
f 2318 2317 2323
f 2317 2316 2323
f 2316 2315 2323
f 2315 2314 2323
f 2314 2313 2323
f 2313 2312 2323
f 2312 2311 2323
f 2311 2310 2323
f 2310 2309 2323
f 2309 2308 2323
f 2308 2307 2323
f 2307 2306 2323
f 2306 2305 2323
f 2305 2273 2323
f 2320 2319 2323
f 2272 2271 2323
f 2323 2303 2325
f 2324 2325 2303
f 2302 2322 2324
f 2303 2302 2324
f 2222 2304 2326
f 2304 2080 2161
f 2323 2301 2303
f 2301 2302 2303
f 2301 2300 2302
f 2301 2155 2300
f 2334 2282 2284
f 2282 2283 2284
f 2282 2281 2283
f 2333 2330 2334
f 1290 1288 2339
f 2339 1289 1290
f 1288 1295 2339
f 1287 1289 2339
f 2338 1287 2339
f 2339 2337 2338
f 2339 2052 2053
f 2339 2054 2337
f 2054 2339 2053
f 2336 1285 2338
f 2337 2335 2338
f 2338 2335 2336
f 2334 2285 2333
f 2334 2284 2285
f 2284 2278 2285
f 2285 2330 2333
f 2332 2279 2331
f 2331 2329 2332
f 2278 2330 2285
f 2278 2217 2330
f 2151 2217 2278
f 2275 2332 2329
f 2329 2328 2275
f 2327 2241 2326
f 2326 2304 2327
f 2325 2324 2323
f 2324 2322 2323
f 2322 2321 2323
f 2321 2320 2323
f 2238 2221 2247
f 2257 2256 2239
f 2256 2255 2239
f 2255 2251 2239
f 2251 2254 2239
f 2246 2239 2252
f 2254 2253 2239
f 2253 2252 2239
f 2245 2239 2246
f 2243 2239 2244
f 2239 2245 2244
f 2249 2239 2250
f 2239 2243 2250
f 2248 2239 2249
f 2238 2247 2248
f 2260 2258 2239
f 2222 2241 2242
f 2240 2239 2247
f 2247 2221 2240
f 2239 2240 2221
f 2080 2304 2222
f 2221 2238 2237
f 2236 2220 2237
f 2237 2220 2221
f 2235 2220 2236
f 2220 2233 2232
f 2231 2220 2232
f 2220 2234 2233
f 2234 2220 2235
f 2220 2229 2228
f 2271 2239 2323
f 2283 2277 2284
f 2281 2276 2283
f 2280 2279 2332
f 2332 2275 2280
f 2282 2276 2281
f 2279 2280 2275
f 2284 2151 2278
f 2277 2151 2284
f 2276 2277 2283
f 2277 2150 2151
f 2276 2150 2277
f 2328 2274 2275
f 2327 2242 2241
f 2241 2222 2326
f 115 107 114
f 2271 2270 2239
f 2270 2269 2239
f 2269 2268 2239
f 2268 2267 2239
f 2267 2266 2239
f 2248 2247 2239
f 2258 2257 2239
f 2266 2265 2239
f 2265 2264 2239
f 2264 2263 2239
f 2263 2262 2239
f 2262 2261 2239
f 2261 2259 2239
f 2259 2260 2239
f 2155 2154 2153
f 2299 2300 2155
f 2297 2155 2296
f 2298 2155 2297
f 2155 2298 2299
f 2293 2155 2292
f 2294 2155 2293
f 2295 2155 2294
f 2155 2295 2296
f 2290 2289 2155
f 2155 2291 2292
f 2155 2289 2291
f 2288 2155 2287
f 2155 2288 2290
f 2155 2286 2287
f 2155 2153 2286
f 2076 2156 2157
f 2152 2153 2154
f 2322 1768 2321
f 1770 2320 2321
f 1754 2318 2319
f 1753 2319 2320
f 2317 1752 2316
f 2316 1751 2315
f 2315 1764 2314
f 2314 1763 2313
f 2313 1761 2312
f 2312 1762 2311
f 1750 2317 2318
f 2311 1760 2310
f 2310 1759 2309
f 2213 1707 2212
f 1242 159 175
f 1242 175 1249
f 175 176 1249
f 2198 1689 2197
f 2197 1687 2195
f 1694 2196 2195
f 1693 2194 2196
f 1686 2191 2192
f 2218 2217 1700
f 1700 2217 2151
f 1705 2211 2218
f 2214 1702 2215
f 2212 1701 2214
f 2211 1706 2213
f 2309 1758 2308
f 2329 1655 2328
f 2165 2328 1655
f 2162 1662 2166
f 2161 2087 2160
f 2160 2152 2154
f 2159 2158 2160
f 2157 2159 2160
f 2158 2152 2160
f 2090 2089 2161
f 2087 2157 2160
f 2089 2087 2161
f 2304 1654 2327
f 2159 2156 2158
f 2157 2156 2159
f 2094 2147 2148
f 1762 1760 2311
f 1751 1764 2315
f 1750 1752 2317
f 1752 1751 2316
f 1761 2313 1763
f 1763 2314 1764
f 1757 2308 1758
f 1759 2310 1760
f 1758 2309 1759
f 1756 2307 1757
f 1755 2306 1756
f 2150 2094 2149
f 2094 2150 2276
f 2094 2148 2149
f 1762 2312 1761
f 226 104 227
f 105 282 227
f 105 336 282
f 336 105 225
f 225 337 283
f 283 337 367
f 225 105 758
f 2334 1529 2282
f 2146 2093 2145
f 2093 2146 2147
f 2143 2093 2142
f 2093 2144 2145
f 2140 2093 2139
f 2093 2141 2142
f 1766 2296 2295
f 2308 1757 2307
f 2307 1756 2306
f 2306 1755 2305
f 2301 2323 1634
f 2302 1768 2322
f 2300 1768 2302
f 2161 1654 2304
f 1654 2161 2160
f 1645 2158 2156
f 1768 2300 2299
f 2298 1767 2299
f 1767 2298 2297
f 1769 2297 2296
f 1765 2295 2294
f 177 169 159
f 1650 2292 2291
f 1652 2294 2293
f 1651 2293 2292
f 1644 2290 2288
f 1648 2288 2287
f 1646 2287 2286
f 1649 2291 2289
f 1653 2289 2290
f 2155 2301 1634
f 1647 2286 2153
f 1645 2152 2158
f 1645 2153 2152
f 2154 1634 2160
f 2154 2155 1634
f 135 174 133
f 131 125 132
f 1218 131 132
f 121 117 1271
f 123 121 1271
f 140 109 141
f 138 107 139
f 140 139 107
f 141 109 154
f 168 433 436
f 133 823 135
f 135 823 136
f 136 866 137
f 110 168 436
f 110 134 175
f 131 119 125
f 134 133 175
f 142 1280 108
f 154 109 1275
f 177 508 416
f 417 164 416
f 164 417 433
f 163 403 160
f 405 163 155
f 409 158 156
f 407 156 157
f 155 158 405
f 507 161 159
f 161 508 162
f 164 433 165
f 120 117 121
f 107 128 126
f 112 107 126
f 1214 1215 109
f 1215 1216 109
f 109 1216 1217
f 117 106 1271
f 112 126 116
f 113 112 116
f 116 127 1214
f 114 116 1214
f 115 114 1214
f 1214 127 1218
f 120 138 117
f 118 119 130
f 111 105 1291
f 119 122 124
f 122 120 121
f 122 121 123
f 124 122 123
f 125 119 124
f 117 138 139
f 117 139 140
f 142 117 140
f 126 128 127
f 127 129 130
f 127 116 126
f 1218 127 131
f 127 130 131
f 131 130 119
f 175 133 173
f 171 137 170
f 170 143 167
f 167 144 166
f 166 111 167
f 167 111 170
f 170 111 171
f 111 172 171
f 172 111 174
f 174 111 173
f 173 111 176
f 154 1275 142
f 433 168 165
f 168 110 169
f 169 110 175
f 172 136 171
f 173 133 174
f 158 155 163
f 156 158 1238
f 160 159 163
f 159 161 162
f 159 162 177
f 158 163 159
f 158 159 1242
f 164 165 177
f 165 168 177
f 176 111 1249
f 169 177 168
f 159 169 175
f 175 173 176
f 144 145 166
f 416 164 177
f 508 177 162
f 403 159 160
f 140 141 142
f 141 154 142
f 137 867 143
f 867 137 866
f 143 867 144
f 144 867 903
f 135 136 172
f 137 171 136
f 143 170 137
f 144 147 145
f 147 144 903
f 502 493 503
f 146 148 145
f 147 903 904
f 146 145 151
f 151 145 147
f 148 146 149
f 149 146 150
f 150 146 151
f 151 147 152
f 152 147 153
f 153 147 904
f 148 111 166
f 166 145 148
f 144 167 143
f 174 135 172
f 812 798 799
f 1062 818 283
f 786 775 815
f 787 786 815
f 815 1052 787
f 759 767 792
f 759 792 793
f 812 759 793
f 812 804 805
f 800 812 799
f 798 812 797
f 797 812 796
f 812 793 794
f 795 796 812
f 812 800 801
f 812 801 802
f 786 785 775
f 812 794 795
f 811 812 810
f 812 805 806
f 811 788 812
f 791 812 790
f 809 812 808
f 812 788 789
f 812 809 810
f 812 807 808
f 812 789 790
f 812 802 803
f 803 804 812
f 806 807 812
f 791 813 812
f 764 762 775
f 814 283 812
f 817 297 814
f 813 333 987
f 816 283 818
f 772 767 759
f 772 759 775
f 762 761 775
f 775 768 769
f 775 773 774
f 774 772 775
f 775 769 770
f 775 770 771
f 773 775 771
f 765 763 775
f 812 813 987
f 768 775 766
f 764 775 763
f 761 760 775
f 766 775 760
f 776 765 775
f 783 782 775
f 782 780 775
f 784 783 775
f 785 784 775
f 775 780 781
f 778 777 775
f 781 779 775
f 777 776 775
f 779 778 775
f 449 884 450
f 434 915 435
f 454 891 455
f 439 457 894
f 456 893 457
f 455 892 456
f 441 442 902
f 440 901 442
f 443 446 897
f 444 445 899
f 440 444 900
f 443 898 445
f 439 895 447
f 447 896 446
f 432 883 449
f 438 435 914
f 450 886 451
f 451 887 452
f 452 888 448
f 448 889 453
f 453 890 454
f 823 133 822
f 824 136 823
f 866 136 824
f 870 419 869
f 871 420 870
f 872 421 871
f 873 422 872
f 874 423 873
f 875 425 876
f 422 873 423
f 814 812 987
f 814 987 992
f 1052 815 816
f 1052 816 1054
f 1054 816 819
f 817 814 1058
f 816 818 819
f 819 1059 1054
f 1059 819 818
f 1059 818 1060
f 418 869 419
f 419 870 420
f 420 871 421
f 421 872 422
f 815 283 816
f 423 874 424
f 424 876 425
f 425 875 426
f 426 877 427
f 427 878 428
f 428 879 429
f 429 880 430
f 430 881 431
f 431 882 432
f 337 967 868
f 110 821 134
f 821 110 820
f 133 134 821
f 133 821 822
f 694 693 1049
f 680 637 1049
f 636 1049 637
f 681 680 1049
f 682 681 1049
f 683 682 1049
f 684 683 1049
f 685 684 1049
f 686 685 1049
f 687 686 1049
f 688 687 1049
f 689 688 1049
f 690 689 1049
f 691 690 1049
f 692 691 1049
f 693 692 1049
f 1078 677 678
f 1078 678 679
f 1078 679 711
f 1078 711 712
f 1078 712 714
f 1078 714 715
f 1078 715 713
f 713 705 1078
f 1078 705 706
f 1078 706 707
f 1078 707 708
f 708 709 1078
f 1078 709 710
f 716 718 1078
f 1078 710 716
f 1048 662 663
f 613 1047 614
f 614 1047 627
f 627 1047 628
f 626 628 1047
f 626 1049 630
f 630 1049 631
f 631 1049 629
f 629 1049 632
f 632 1049 633
f 633 1049 634
f 634 1049 635
f 635 1049 636
f 1048 660 661
f 1048 661 662
f 1078 718 717
f 1048 663 664
f 1048 664 665
f 1048 665 666
f 1048 666 667
f 1048 667 668
f 1048 668 669
f 669 670 1078
f 1078 670 671
f 1078 671 672
f 1078 672 673
f 1078 673 674
f 1078 674 675
f 1078 675 676
f 1078 676 677
f 755 749 1051
f 749 748 1051
f 747 752 1051
f 748 747 1051
f 726 722 1051
f 1051 717 719
f 1051 719 720
f 1051 721 723
f 720 721 1051
f 1051 723 724
f 727 1051 728
f 1051 727 729
f 729 726 1051
f 1051 724 725
f 725 728 1051
f 751 750 1051
f 1051 754 753
f 722 754 1051
f 753 755 1051
f 610 1090 611
f 610 756 1100
f 611 1104 757
f 1104 756 757
f 758 148 149
f 758 149 150
f 758 150 151
f 758 151 152
f 775 283 815
f 296 786 787
f 984 296 787
f 734 733 1050
f 695 694 1050
f 696 695 1050
f 697 696 1050
f 698 697 1050
f 699 698 1050
f 700 699 1050
f 701 700 1050
f 702 701 1050
f 703 702 1050
f 704 703 1050
f 730 704 1050
f 731 730 1050
f 732 731 1050
f 733 732 1050
f 876 424 874
f 735 734 1050
f 736 735 1050
f 737 736 1050
f 738 737 1050
f 739 738 1050
f 740 739 1050
f 741 740 1050
f 742 741 1050
f 743 742 1050
f 744 743 1051
f 745 744 1051
f 752 751 1051
f 750 746 1051
f 746 745 1051
f 859 849 864
f 948 494 947
f 946 496 945
f 952 502 951
f 950 492 949
f 951 503 950
f 953 501 952
f 861 850 852
f 851 850 861
f 861 853 854
f 853 861 852
f 861 854 855
f 863 861 855
f 863 855 943
f 857 856 864
f 849 848 864
f 947 495 946
f 864 856 859
f 865 857 864
f 858 857 865
f 860 858 963
f 860 963 964
f 980 858 865
f 963 858 980
f 512 511 970
f 512 969 513
f 511 510 971
f 510 509 972
f 513 968 434
f 2339 225 758
f 973 410 974
f 491 957 958
f 932 478 929
f 933 479 932
f 934 480 933
f 935 504 934
f 869 418 935
f 842 828 841
f 842 841 844
f 843 842 844
f 843 844 845
f 936 843 937
f 843 845 937
f 937 845 860
f 937 860 938
f 943 490 960
f 974 411 975
f 955 499 954
f 954 500 953
f 956 498 955
f 497 956 957
f 490 958 959
f 960 490 959
f 847 846 862
f 862 846 861
f 848 847 862
f 848 862 864
f 861 846 851
f 949 493 948
f 945 505 944
f 944 441 902
f 912 437 913
f 880 879 868
f 881 880 868
f 882 881 868
f 883 882 868
f 884 883 868
f 885 884 868
f 886 885 868
f 887 886 868
f 888 887 868
f 889 888 868
f 890 889 868
f 914 435 915
f 910 821 911
f 911 820 912
f 879 878 868
f 913 438 914
f 868 967 890
f 891 890 967
f 892 891 967
f 893 892 967
f 894 893 967
f 895 894 967
f 896 895 967
f 897 896 967
f 898 897 967
f 899 898 967
f 900 899 967
f 901 900 967
f 902 901 967
f 929 928 868
f 975 412 976
f 976 413 977
f 861 967 415
f 865 415 980
f 980 415 982
f 967 861 863
f 823 822 909
f 824 823 908
f 867 866 906
f 866 824 907
f 931 930 868
f 926 931 868
f 927 926 868
f 928 927 868
f 931 473 930
f 933 932 868
f 934 933 868
f 932 929 868
f 935 934 868
f 935 868 869
f 874 873 868
f 870 869 868
f 871 870 868
f 872 871 868
f 873 872 868
f 876 874 868
f 875 876 868
f 877 875 868
f 878 877 868
f 478 932 479
f 337 836 827
f 836 337 916
f 463 831 833
f 831 463 832
f 463 829 832
f 469 925 470
f 470 922 471
f 471 923 472
f 473 931 474
f 472 930 473
f 474 926 475
f 475 927 476
f 476 928 477
f 477 929 478
f 902 442 901
f 479 933 480
f 480 934 504
f 418 504 935
f 464 833 834
f 465 834 835
f 466 835 837
f 467 837 838
f 467 838 839
f 916 337 868
f 467 839 917
f 825 830 829
f 843 936 367
f 841 825 506
f 841 506 844
f 887 451 886
f 877 426 875
f 878 427 877
f 879 428 878
f 880 429 879
f 881 430 880
f 882 431 881
f 883 432 882
f 437 912 820
f 438 913 437
f 821 820 911
f 821 910 822
f 884 449 883
f 450 884 885
f 886 450 885
f 830 825 840
f 888 452 887
f 889 448 888
f 890 453 889
f 891 454 890
f 892 455 891
f 893 456 892
f 894 457 893
f 895 439 894
f 896 447 895
f 897 446 896
f 899 445 898
f 900 444 899
f 898 443 897
f 901 440 900
f 922 470 925
f 506 857 858
f 506 858 860
f 856 826 859
f 859 826 849
f 467 917 918
f 924 467 919
f 467 918 919
f 828 827 832
f 832 827 831
f 828 829 830
f 832 829 828
f 828 830 840
f 828 840 841
f 831 827 836
f 506 856 857
f 925 469 924
f 923 471 922
f 930 472 923
f 833 831 836
f 839 838 836
f 834 833 836
f 835 834 836
f 837 835 836
f 838 837 836
f 839 836 916
f 926 474 931
f 928 476 927
f 927 475 926
f 929 477 928
f 499 500 954
f 840 825 841
f 936 940 367
f 844 506 845
f 845 506 860
f 940 982 367
f 492 493 949
f 493 494 948
f 496 505 945
f 494 495 947
f 495 496 946
f 441 944 505
f 498 499 955
f 498 956 497
f 501 502 952
f 615 623 1047
f 500 501 953
f 503 951 502
f 503 492 950
f 486 851 846
f 485 846 847
f 485 847 848
f 490 855 854
f 487 850 851
f 488 852 850
f 489 853 852
f 490 854 853
f 855 490 943
f 826 848 849
f 856 506 826
f 635 633 634
f 621 619 620
f 621 620 617
f 617 622 621
f 620 623 612
f 623 618 625
f 623 625 624
f 617 620 626
f 650 617 626
f 626 613 627
f 628 626 627
f 635 626 630
f 630 631 629
f 635 630 629
f 629 632 633
f 635 629 633
f 620 618 623
f 635 636 637
f 681 635 637
f 635 650 626
f 638 639 617
f 640 638 617
f 641 640 643
f 640 617 647
f 643 642 641
f 644 643 645
f 643 640 647
f 645 643 647
f 646 645 647
f 650 647 617
f 648 647 649
f 598 599 601
f 582 604 586
f 587 585 586
f 586 588 587
f 583 582 585
f 589 583 585
f 591 573 590
f 591 592 593
f 591 593 595
f 595 593 594
f 591 595 597
f 597 595 596
f 604 591 597
f 604 597 598
f 599 600 601
f 650 649 647
f 604 598 601
f 604 601 602
f 603 586 604
f 605 603 604
f 601 606 602
f 586 603 607
f 367 415 608
f 756 610 297
f 297 609 756
f 627 613 614
f 612 613 626
f 623 615 616
f 616 612 623
f 626 620 612
f 692 695 696
f 681 682 635
f 682 683 684
f 682 684 686
f 635 682 692
f 686 684 685
f 692 682 686
f 692 686 687
f 692 687 688
f 688 689 691
f 691 689 690
f 635 692 704
f 692 688 691
f 692 693 695
f 695 693 694
f 637 680 681
f 692 696 700
f 700 696 697
f 700 697 698
f 704 692 700
f 700 698 699
f 635 704 741
f 700 701 702
f 700 702 703
f 704 700 703
f 635 741 719
f 635 719 677
f 677 709 713
f 705 713 706
f 709 677 718
f 664 663 665
f 650 635 677
f 651 650 652
f 653 652 655
f 654 653 655
f 652 650 659
f 655 652 659
f 656 655 657
f 657 655 659
f 659 650 665
f 658 657 659
f 661 660 662
f 660 659 665
f 663 662 660
f 663 660 665
f 582 586 585
f 665 650 677
f 666 665 669
f 667 666 669
f 668 667 669
f 670 669 671
f 677 669 665
f 672 671 669
f 669 674 672
f 672 674 673
f 674 669 677
f 674 677 675
f 675 677 676
f 677 679 678
f 679 677 711
f 862 415 864
f 507 402 511
f 508 507 513
f 511 512 507
f 402 403 511
f 511 403 510
f 416 508 513
f 513 507 512
f 434 416 513
f 410 973 509
f 410 411 974
f 412 413 976
f 413 414 977
f 412 975 411
f 967 404 415
f 415 862 861
f 415 367 982
f 864 415 865
f 283 367 608
f 518 514 516
f 517 518 516
f 516 514 515
f 517 519 520
f 517 520 521
f 517 521 523
f 523 521 522
f 517 523 526
f 287 517 536
f 526 523 524
f 526 524 525
f 536 517 526
f 828 842 337
f 826 400 481
f 826 481 482
f 826 482 483
f 826 483 484
f 826 484 485
f 826 391 392
f 826 392 394
f 826 394 395
f 464 463 833
f 465 464 834
f 466 465 835
f 504 419 480
f 467 466 837
f 827 828 337
f 526 527 529
f 843 337 842
f 829 463 825
f 468 467 924
f 469 468 924
f 496 495 442
f 505 496 442
f 846 485 486
f 851 486 487
f 850 487 488
f 852 488 489
f 853 489 490
f 958 490 491
f 957 491 497
f 848 826 485
f 570 569 575
f 564 555 332
f 556 555 561
f 557 556 561
f 558 557 559
f 561 559 557
f 287 591 604
f 332 604 564
f 555 564 561
f 560 559 561
f 562 561 564
f 563 562 564
f 566 564 567
f 567 564 565
f 569 568 575
f 553 552 554
f 565 564 582
f 591 546 572
f 591 572 573
f 582 564 604
f 574 579 584
f 568 565 582
f 575 568 576
f 576 568 582
f 577 575 576
f 578 576 579
f 584 579 576
f 580 579 574
f 581 574 584
f 584 576 582
f 536 540 591
f 529 527 528
f 591 287 536
f 536 526 529
f 529 530 531
f 536 529 531
f 531 532 533
f 536 531 533
f 536 533 534
f 536 534 535
f 539 536 537
f 537 538 539
f 536 539 540
f 540 541 542
f 540 542 544
f 706 713 709
f 544 542 543
f 540 544 546
f 546 544 545
f 591 540 546
f 546 547 571
f 571 547 548
f 546 571 572
f 604 332 287
f 334 332 552
f 549 334 551
f 550 549 551
f 552 551 334
f 552 332 554
f 555 554 332
f 995 548 994
f 1028 581 584
f 1025 601 600
f 1046 608 609
f 283 608 1062
f 1009 537 983
f 1010 538 1009
f 1011 539 1010
f 1013 541 1012
f 1012 540 1011
f 1014 542 1013
f 1015 543 1014
f 1016 544 1015
f 1017 545 1016
f 1018 993 547
f 1018 546 1017
f 574 581 1027
f 994 548 993
f 996 571 995
f 997 572 996
f 998 573 997
f 999 590 998
f 1002 592 1001
f 1001 591 999
f 1003 593 1002
f 1004 594 1003
f 1005 595 1004
f 1007 596 1005
f 1006 1000 598
f 1007 1006 597
f 1024 599 1000
f 1029 584 582
f 575 577 986
f 576 1020 577
f 576 578 1022
f 578 579 1021
f 579 580 1023
f 591 1001 592
f 592 1002 593
f 593 1003 594
f 594 1004 595
f 595 1005 596
f 596 1007 597
f 597 1006 598
f 598 1000 599
f 1024 600 599
f 1020 986 577
f 1031 583 589
f 1030 582 583
f 1039 606 601
f 1042 604 602
f 1038 602 606
f 1040 607 603
f 1041 603 605
f 1043 605 604
f 588 586 1036
f 1032 585 587
f 587 588 1035
f 1033 589 585
f 607 1037 586
f 574 1026 580
f 1048 650 651
f 640 641 1047
f 1047 641 642
f 1047 642 643
f 1047 643 644
f 1047 644 645
f 1047 617 639
f 639 638 1047
f 1047 622 617
f 1047 638 640
f 645 646 1048
f 1048 646 647
f 1048 647 648
f 1048 648 649
f 1048 649 650
f 1047 621 622
f 1048 651 652
f 1048 652 653
f 1048 653 654
f 1048 654 655
f 1048 655 656
f 1048 656 657
f 1048 657 658
f 1048 658 659
f 1048 659 660
f 616 1047 612
f 612 1047 613
f 1047 616 615
f 624 1047 623
f 625 1047 624
f 1022 578 1021
f 600 1024 1025
f 602 1038 1042
f 606 1039 1038
f 601 1025 1039
f 1035 1032 587
f 1036 1035 588
f 1037 1036 586
f 603 1041 1040
f 605 1043 1041
f 604 1042 1043
f 607 1040 1037
f 1026 1023 580
f 1027 1026 574
f 1022 1020 576
f 988 570 575
f 1023 1021 579
f 584 1029 1028
f 581 1028 1027
f 583 1031 1030
f 582 1030 1029
f 589 1033 1031
f 585 1034 1033
f 1034 585 1032
f 1019 608 1008
f 1044 1008 608
f 619 621 1047
f 1047 625 618
f 618 620 1047
f 1047 620 619
f 754 755 753
f 741 738 739
f 741 739 740
f 741 742 743
f 741 743 750
f 745 743 744
f 750 743 745
f 741 750 752
f 750 745 746
f 741 752 754
f 749 752 747
f 749 747 748
f 752 749 754
f 752 750 751
f 754 749 755
f 741 732 738
f 1876 226 281
f 608 1475 609
f 608 415 1475
f 609 1475 1476
f 281 335 1876
f 336 1877 335
f 609 1529 756
f 1877 336 611
f 756 1529 757
f 609 1476 1528
f 1529 609 1528
f 296 984 518
f 514 518 984
f 514 984 515
f 721 724 723
f 718 677 719
f 706 709 707
f 707 709 708
f 711 677 713
f 711 714 712
f 714 711 713
f 714 713 715
f 719 724 721
f 709 718 710
f 710 718 716
f 718 719 717
f 719 721 720
f 754 719 741
f 722 726 754
f 515 984 516
f 724 719 754
f 724 728 725
f 727 754 729
f 729 754 726
f 728 724 754
f 754 727 728
f 704 730 731
f 704 731 732
f 732 733 735
f 735 733 734
f 741 704 732
f 732 735 738
f 738 735 736
f 738 736 737
f 988 555 556
f 547 993 548
f 548 995 571
f 571 996 572
f 572 997 573
f 573 998 590
f 590 999 591
f 333 334 988
f 988 334 549
f 988 549 550
f 988 550 551
f 988 551 552
f 988 552 553
f 988 553 554
f 988 554 555
f 546 1018 547
f 988 556 557
f 988 557 558
f 988 558 559
f 988 559 560
f 988 560 561
f 988 561 562
f 988 562 563
f 988 563 564
f 988 564 566
f 988 566 567
f 988 567 565
f 988 565 568
f 988 569 570
f 988 568 569
f 531 984 532
f 516 984 517
f 517 984 519
f 519 984 520
f 520 984 521
f 521 984 522
f 522 984 523
f 523 984 524
f 524 984 525
f 525 984 526
f 526 984 527
f 527 984 528
f 528 984 529
f 529 984 530
f 530 984 531
f 532 984 533
f 533 984 534
f 534 984 535
f 535 984 536
f 536 984 537
f 537 1009 538
f 538 1010 539
f 539 1011 540
f 540 1012 541
f 541 1013 542
f 542 1014 543
f 543 1015 544
f 544 1016 545
f 545 1017 546
f 32 1 83
f 52 85 86
f 63 46 61
f 62 45 63
f 64 47 65
f 65 48 66
f 66 49 62
f 102 101 45
f 51 50 84
f 52 51 85
f 53 52 87
f 54 53 88
f 55 54 89
f 85 51 84
f 61 44 60
f 87 52 86
f 88 53 87
f 67 101 103
f 59 55 89
f 89 54 88
f 59 89 90
f 91 56 57
f 58 92 57
f 58 64 94
f 66 95 65
f 64 65 95
f 94 64 95
f 15 102 16
f 55 38 54
f 39 40 57
f 40 41 58
f 47 64 41
f 42 38 55
f 43 42 59
f 44 43 60
f 46 44 61
f 45 46 63
f 47 48 65
f 48 49 66
f 49 45 62
f 91 57 92
f 16 102 39
f 39 102 40
f 40 102 41
f 41 102 47
f 47 102 48
f 102 45 49
f 102 49 48
f 56 39 57
f 57 40 58
f 58 41 64
f 59 42 55
f 60 43 59
f 104 93 94
f 72 71 67
f 73 72 67
f 67 103 73
f 83 80 81
f 81 82 83
f 82 91 83
f 91 92 83
f 73 103 84
f 84 103 85
f 85 103 86
f 86 103 87
f 104 92 93
f 83 79 80
f 87 103 88
f 103 89 88
f 103 90 89
f 103 97 90
f 103 98 97
f 103 99 98
f 96 104 95
f 99 104 100
f 100 104 96
f 104 94 95
f 99 103 104
f 104 83 92
f 96 62 100
f 92 58 93
f 93 58 94
f 60 59 97
f 61 60 98
f 63 61 98
f 62 63 99
f 66 62 96
f 97 59 90
f 98 60 97
f 99 63 98
f 95 66 96
f 62 99 100
f 1 32 7
f 102 32 104
f 69 68 67
f 67 68 74
f 70 69 67
f 70 67 71
f 83 67 74
f 83 74 75
f 83 75 76
f 83 76 77
f 83 77 78
f 83 78 79
f 16 39 56
f 13 32 14
f 14 32 15
f 7 8 23
f 2 7 22
f 8 9 24
f 9 10 25
f 10 11 26
f 11 12 27
f 12 13 28
f 13 14 29
f 14 15 30
f 15 16 31
f 12 32 13
f 32 102 15
f 22 7 23
f 23 8 24
f 17 2 22
f 24 9 25
f 25 10 26
f 26 11 27
f 27 12 28
f 28 13 29
f 29 14 30
f 30 15 31
f 31 16 56
f 6 5 20
f 54 37 53
f 7 2 1
f 1 2 3
f 3 4 1
f 5 1 4
f 5 6 1
f 6 33 1
f 33 34 1
f 34 35 1
f 3 2 17
f 4 3 18
f 5 4 19
f 53 36 52
f 33 6 21
f 101 67 1
f 18 3 17
f 19 4 18
f 20 5 19
f 50 33 21
f 21 6 20
f 7 32 8
f 8 32 9
f 9 32 10
f 10 32 11
f 11 32 12
f 37 36 53
f 30 80 29
f 30 31 82
f 31 56 91
f 79 29 80
f 80 30 81
f 81 30 82
f 82 31 91
f 104 32 83
f 101 1 35
f 34 33 50
f 35 34 51
f 36 35 52
f 17 22 69
f 38 37 54
f 101 35 36
f 101 36 37
f 38 101 37
f 42 101 38
f 43 101 42
f 44 101 43
f 46 101 44
f 45 101 46
f 51 34 50
f 52 35 51
f 83 1 67
f 78 27 28
f 29 79 28
f 69 22 68
f 70 17 69
f 17 70 18
f 19 18 70
f 20 19 72
f 21 20 73
f 50 21 84
f 19 70 71
f 72 19 71
f 84 21 73
f 73 20 72
f 23 24 75
f 22 23 74
f 78 28 79
f 77 26 78
f 76 26 77
f 75 25 76
f 68 22 74
f 74 23 75
f 26 27 78
f 26 76 25
f 75 24 25
f 1183 1130 1131
f 1132 1184 1131
f 1132 1133 1186
f 1182 1129 1183
f 1176 1128 1182
f 1183 1131 1184
f 1184 1132 1185
f 1185 1132 1186
f 1186 1134 1187
f 1186 1133 1134
f 1135 1187 1134
f 1136 1188 1135
f 1129 1130 1183
f 1128 1129 1182
f 1181 1126 1180
f 1192 1127 1181
f 1180 1125 1179
f 1125 1178 1179
f 1157 1127 1192
f 1127 1126 1181
f 1126 1125 1180
f 1125 1124 1178
f 1123 1178 1124
f 1178 1123 1177
f 1177 1128 1176
f 1156 1141 1142
f 1162 1144 1161
f 1161 1143 1160
f 1160 1142 1159
f 1159 1141 1158
f 1158 1140 1157
f 1156 1152 1151
f 1156 1150 1152
f 1156 1149 1150
f 1156 1148 1149
f 1156 1144 1148
f 1156 1143 1144
f 1156 1142 1143
f 1136 1137 1190
f 1144 1143 1161
f 1143 1142 1160
f 1142 1141 1159
f 1141 1140 1158
f 1140 1139 1157
f 1156 1107 1141
f 1210 1138 1191
f 1190 1137 1199
f 1189 1136 1190
f 1188 1136 1189
f 1187 1135 1188
f 1137 1163 1199
f 1112 1111 1126
f 1117 1138 1118
f 1116 1138 1117
f 1115 1138 1116
f 1114 1138 1115
f 1113 1138 1114
f 1127 1112 1126
f 1157 1139 1127
f 1126 1111 1125
f 1125 1110 1124
f 1124 1109 1123
f 1107 1156 1175
f 1139 1112 1127
f 1118 1138 1119
f 1111 1110 1125
f 1110 1109 1124
f 1109 1108 1123
f 1141 1107 1140
f 1140 1107 1139
f 1139 1107 1112
f 1112 1107 1111
f 1111 1107 1110
f 1110 1107 1109
f 1107 1108 1109
f 1107 1113 1108
f 1113 1107 1138
f 1122 1145 1163
f 1137 1122 1163
f 1136 1121 1137
f 1135 1120 1136
f 1134 1119 1135
f 1133 1118 1134
f 1132 1117 1133
f 1131 1116 1132
f 1130 1115 1131
f 1123 1108 1128
f 1129 1114 1130
f 1128 1113 1129
f 1138 1174 1121
f 1123 1128 1177
f 1121 1122 1137
f 1120 1121 1136
f 1119 1120 1135
f 1118 1119 1134
f 1117 1118 1133
f 1116 1117 1132
f 1115 1116 1131
f 1114 1115 1130
f 1108 1113 1128
f 1113 1114 1129
f 1138 1121 1120
f 1138 1120 1119
f 1204 1169 1208
f 1191 1186 1187
f 1191 1185 1186
f 1191 1184 1185
f 1191 1183 1184
f 1191 1182 1183
f 1191 1175 1182
f 1175 1179 1178
f 1177 1175 1178
f 1182 1175 1176
f 1176 1175 1177
f 1138 1210 1174
f 1209 1174 1210
f 1175 1180 1179
f 1169 1207 1208
f 1203 1173 1204
f 1207 1170 1206
f 1206 1167 1205
f 1205 1166 1198
f 1173 1169 1204
f 1169 1170 1207
f 1170 1168 1206
f 1168 1167 1206
f 1167 1166 1205
f 1201 1165 1202
f 1200 1165 1201
f 1196 1195 1209
f 1145 1146 1164
f 1210 1191 1200
f 1209 1210 1207
f 1210 1202 1203
f 1210 1204 1208
f 1208 1207 1210
f 1203 1204 1210
f 1207 1206 1209
f 1206 1205 1209
f 1205 1198 1209
f 1198 1197 1209
f 1197 1196 1209
f 1188 1191 1187
f 1201 1202 1210
f 1210 1200 1201
f 1195 1194 1209
f 1194 1193 1209
f 1193 1192 1209
f 1192 1181 1209
f 1200 1191 1199
f 1199 1191 1190
f 1190 1191 1189
f 1189 1191 1188
f 1175 1209 1181
f 1175 1181 1180
f 1145 1174 1146
f 1170 1152 1168
f 1168 1150 1167
f 1167 1149 1166
f 1166 1148 1162
f 1165 1147 1171
f 1164 1146 1165
f 1163 1145 1164
f 1154 1174 1155
f 1174 1151 1155
f 1153 1174 1154
f 1174 1153 1147
f 1146 1174 1147
f 1202 1171 1203
f 1122 1174 1145
f 1121 1174 1122
f 1155 1151 1169
f 1154 1155 1173
f 1153 1154 1172
f 1151 1152 1170
f 1152 1150 1168
f 1150 1149 1167
f 1149 1148 1166
f 1148 1144 1162
f 1153 1171 1147
f 1146 1147 1165
f 1197 1161 1196
f 1169 1151 1170
f 1171 1172 1203
f 1173 1203 1172
f 1165 1171 1202
f 1165 1200 1164
f 1199 1163 1164
f 1166 1197 1198
f 1166 1162 1197
f 1175 1156 1209
f 1196 1160 1195
f 1195 1159 1194
f 1159 1193 1194
f 1162 1161 1197
f 1199 1164 1200
f 1171 1153 1172
f 1172 1154 1173
f 1173 1155 1169
f 1156 1174 1209
f 1156 1151 1174
f 1193 1158 1192
f 1159 1158 1193
f 1160 1159 1195
f 1161 1160 1196
f 1158 1157 1192
f 206 205 222
f 208 200 207
f 259 250 208
f 209 226 227
f 202 201 217
f 203 202 218
f 204 203 220
f 205 204 221
f 218 202 217
f 203 218 219
f 209 210 211
f 220 203 219
f 207 199 206
f 206 198 205
f 205 197 204
f 204 196 203
f 203 195 202
f 202 194 201
f 252 226 251
f 251 226 250
f 250 226 200
f 200 226 199
f 199 226 198
f 198 226 197
f 226 196 197
f 216 215 209
f 227 279 278
f 226 195 196
f 227 278 224
f 227 224 223
f 227 223 222
f 227 222 221
f 220 227 221
f 219 227 220
f 218 227 219
f 217 227 218
f 216 227 217
f 209 227 216
f 221 204 220
f 214 209 215
f 213 212 209
f 214 213 209
f 212 210 209
f 263 209 211
f 278 208 224
f 224 207 223
f 207 222 223
f 222 205 221
f 259 208 278
f 208 207 224
f 207 206 222
f 181 229 237
f 201 193 192
f 192 185 191
f 190 183 189
f 189 182 186
f 188 181 237
f 187 180 188
f 186 179 187
f 184 183 190
f 193 185 192
f 185 184 191
f 183 182 189
f 180 187 179
f 191 184 190
f 180 181 188
f 182 179 186
f 179 182 178
f 178 180 179
f 194 195 178
f 193 194 178
f 185 193 178
f 184 185 178
f 183 184 178
f 183 178 182
f 226 209 178
f 180 178 228
f 201 192 217
f 200 199 207
f 199 198 206
f 198 197 205
f 197 196 204
f 196 195 203
f 195 194 202
f 194 193 201
f 226 178 195
f 217 192 216
f 216 191 215
f 215 190 214
f 190 213 214
f 250 200 208
f 192 191 216
f 189 186 213
f 191 190 215
f 190 189 213
f 211 188 264
f 212 187 210
f 210 187 211
f 213 186 212
f 188 237 264
f 187 188 211
f 187 212 186
f 263 178 209
f 261 252 260
f 275 257 276
f 274 256 275
f 273 256 274
f 272 255 273
f 257 258 276
f 256 257 275
f 258 262 276
f 256 273 255
f 272 254 255
f 226 252 281
f 281 228 282
f 262 253 261
f 260 259 278
f 260 251 259
f 258 249 262
f 257 248 258
f 255 246 256
f 254 245 255
f 256 247 257
f 248 281 249
f 247 281 248
f 246 281 247
f 245 281 246
f 236 281 245
f 235 281 236
f 269 270 263
f 228 178 263
f 279 227 282
f 280 282 277
f 282 275 276
f 277 282 276
f 279 282 280
f 282 274 275
f 282 273 274
f 282 263 273
f 272 273 263
f 271 272 263
f 270 271 263
f 180 228 181
f 268 269 263
f 267 268 263
f 266 267 263
f 263 265 266
f 263 264 265
f 263 211 264
f 276 262 277
f 261 279 280
f 277 261 280
f 279 260 278
f 261 277 262
f 261 260 279
f 233 234 242
f 244 236 254
f 243 235 244
f 242 234 243
f 241 233 242
f 240 232 241
f 239 231 240
f 238 230 239
f 237 229 238
f 228 281 235
f 236 245 254
f 235 236 244
f 234 235 243
f 281 253 249
f 232 233 241
f 231 232 240
f 230 231 239
f 229 230 238
f 234 228 235
f 233 228 234
f 232 228 233
f 231 228 232
f 230 228 231
f 229 228 230
f 181 228 229
f 281 252 253
f 239 265 238
f 264 237 238
f 249 253 262
f 252 251 260
f 251 250 259
f 253 252 261
f 248 249 258
f 246 247 256
f 245 246 255
f 248 257 247
f 282 228 263
f 271 244 272
f 270 243 271
f 268 242 269
f 269 243 270
f 239 240 267
f 264 238 265
f 265 239 266
f 266 239 267
f 267 241 268
f 242 268 241
f 243 269 242
f 243 244 271
f 244 254 272
f 267 240 241
f 1837 1848 1866
f 1836 1837 1865
f 1836 1863 1835
f 1835 1862 1834
f 1861 1833 1834
f 1861 1834 1862
f 1860 1832 1861
f 1859 1832 1860
f 1858 1831 1859
f 1832 1833 1861
f 1832 1859 1831
f 1858 1830 1831
f 1862 1835 1863
f 1863 1836 1864
f 1864 1836 1865
f 1865 1837 1866
f 1875 1821 1857
f 1841 1851 1840
f 1838 1839 1849
f 1839 1840 1850
f 1841 1842 1852
f 1846 1845 1855
f 1844 1843 1853
f 1845 1844 1854
f 1842 1846 1856
f 1825 1826 1834
f 1873 1872 1820
f 1774 1821 1775
f 1775 1821 1822
f 1822 1821 1823
f 1823 1821 1824
f 1824 1821 1825
f 1825 1821 1826
f 1821 1827 1826
f 1821 1828 1827
f 1822 1823 1831
f 1823 1824 1832
f 1824 1825 1833
f 1837 1829 1848
f 1826 1827 1835
f 1827 1828 1836
f 1828 1829 1837
f 1829 1838 1848
f 1821 1847 1828
f 1830 1822 1831
f 1831 1823 1832
f 1832 1824 1833
f 1833 1825 1834
f 1834 1826 1835
f 1835 1827 1836
f 1836 1828 1837
f 1857 1861 1862
f 1854 1853 1872
f 1855 1854 1873
f 1855 1871 1856
f 1873 1854 1872
f 1871 1855 1874
f 1855 1873 1874
f 1870 1856 1871
f 1820 1847 1875
f 1857 1806 1858
f 1857 1858 1859
f 1857 1859 1860
f 1857 1860 1861
f 1869 1851 1870
f 1863 1857 1862
f 1864 1857 1863
f 1865 1857 1864
f 1866 1857 1865
f 1867 1857 1866
f 1875 1857 1867
f 1875 1867 1868
f 1875 1868 1869
f 1874 1873 1875
f 1875 1870 1871
f 1869 1870 1875
f 1871 1874 1875
f 1854 1844 1853
f 1846 1847 1845
f 1828 1847 1829
f 1829 1847 1838
f 1838 1847 1839
f 1847 1840 1839
f 1840 1847 1841
f 1841 1847 1842
f 1850 1840 1851
f 1848 1838 1849
f 1849 1839 1850
f 1851 1841 1852
f 1852 1842 1856
f 1846 1842 1847
f 1855 1845 1854
f 1856 1846 1855
f 1821 1875 1847
f 1845 1847 1795
f 1866 1848 1849
f 1850 1867 1849
f 1852 1856 1870
f 1850 1851 1869
f 1851 1852 1870
f 1866 1849 1867
f 1867 1850 1868
f 1868 1850 1869
f 1796 1786 1812
f 1785 1778 1784
f 1781 1807 1780
f 1781 1782 1806
f 1782 1830 1858
f 1808 1780 1807
f 1805 1781 1806
f 1807 1781 1805
f 1806 1782 1858
f 1784 1783 1808
f 1785 1784 1810
f 1783 1780 1808
f 1786 1785 1811
f 1796 1787 1786
f 1784 1808 1809
f 1810 1784 1809
f 1811 1785 1810
f 1812 1786 1811
f 1795 1772 1789
f 1788 1787 1796
f 1789 1788 1797
f 1790 1789 1798
f 1791 1790 1799
f 1792 1791 1800
f 1793 1792 1801
f 1794 1793 1802
f 1774 1775 1782
f 1873 1820 1875
f 1774 1772 1821
f 1772 1795 1804
f 1777 1772 1776
f 1778 1772 1777
f 1779 1772 1778
f 1787 1772 1779
f 1788 1772 1787
f 1789 1772 1788
f 1772 1774 1773
f 1772 1773 1776
f 1776 1773 1780
f 1843 1794 1803
f 1775 1822 1830
f 1774 1781 1773
f 1777 1776 1783
f 1779 1778 1785
f 1787 1779 1786
f 1778 1777 1784
f 1780 1773 1781
f 1781 1774 1782
f 1782 1775 1830
f 1783 1776 1780
f 1784 1777 1783
f 1786 1779 1785
f 1807 1804 1808
f 1815 1798 1814
f 1816 1799 1815
f 1802 1801 1817
f 1803 1802 1819
f 1853 1803 1872
f 1817 1800 1816
f 1802 1817 1818
f 1819 1802 1818
f 1872 1803 1819
f 1804 1806 1857
f 1805 1804 1807
f 1804 1809 1808
f 1798 1813 1814
f 1806 1804 1805
f 1804 1810 1809
f 1804 1811 1810
f 1804 1820 1811
f 1812 1811 1820
f 1813 1812 1820
f 1814 1813 1820
f 1815 1814 1820
f 1816 1815 1820
f 1817 1816 1820
f 1818 1817 1820
f 1819 1818 1820
f 1801 1792 1800
f 1789 1790 1795
f 1790 1791 1795
f 1795 1791 1792
f 1795 1792 1793
f 1795 1793 1794
f 1794 1843 1795
f 1843 1844 1795
f 1844 1845 1795
f 1797 1788 1796
f 1798 1789 1797
f 1799 1790 1798
f 1800 1791 1799
f 1872 1819 1820
f 1802 1793 1801
f 1803 1794 1802
f 1853 1843 1803
f 1795 1847 1820
f 1804 1795 1820
f 1797 1796 1812
f 1798 1797 1813
f 1799 1798 1815
f 1800 1799 1816
f 1801 1800 1817
f 1813 1797 1812

