# https://github.com/mikedh/trimesh
v -12.50000000 10.00000000 0.00000000
v -11.52716351 11.13519478 0.00000000
v -11.54423523 11.19147301 0.00000000
v -11.49944115 11.08332920 0.00000000
v -11.46213245 11.03786755 0.00000000
v -11.41667080 11.00055885 0.00000000
v -11.36480522 10.97283649 0.00000000
v -11.30852699 10.95576477 0.00000000
v -11.25000000 10.94999981 0.00000000
v -11.19147301 10.95576477 0.00000000
v -11.13519478 10.97283649 0.00000000
v -11.08332920 11.00055885 0.00000000
v -11.03786755 11.03786755 0.00000000
v -11.00055885 11.08332920 0.00000000
v -10.97283649 11.13519478 0.00000000
v -10.95576477 11.19147301 0.00000000
v -11.52716351 11.13519478 0.27500001
v -11.54423523 11.19147301 0.27500001
v -11.49944115 11.08332920 0.27499998
v -11.46213245 11.03786755 0.27500001
v -11.41667080 11.00055885 0.27500001
v -11.36480522 10.97283649 0.27500001
v -11.30852699 10.95576477 0.27500001
v -11.25000000 10.94999981 0.27500001
v -11.19147301 10.95576477 0.27500001
v -11.13519478 10.97283649 0.27500001
v -11.08332920 11.00055885 0.27500001
v -11.03786755 11.03786755 0.27500001
v -11.00055885 11.08332920 0.27499998
v -10.97283649 11.13519478 0.27500001
v -10.95576477 11.19147301 0.27500001
v -11.55000019 11.25000000 0.00000000
v -11.54423523 11.30852699 0.00000000
v -11.52716351 11.36480522 0.00000000
v -11.49944115 11.41667080 0.00000000
v -11.46213245 11.46213245 0.00000000
v -11.41667080 11.49944115 0.00000000
v -11.36480522 11.52716351 0.00000000
v -11.30852699 11.54423523 0.00000000
v -11.25000000 11.55000019 0.00000000
v -11.19147301 11.54423523 0.00000000
v -11.13519478 11.52716351 0.00000000
v -10.94999981 11.25000000 0.00000000
v -10.95576477 11.30852699 0.00000000
v -10.97283649 11.36480522 0.00000000
v -11.03786755 11.46213245 0.00000000
v -11.08332920 11.49944115 0.00000000
v -11.00055885 11.41667080 0.00000000
v -11.55000019 11.25000000 0.27500001
v -11.54423523 11.30852699 0.27500001
v -11.52716351 11.36480522 0.27500001
v -11.49944115 11.41667080 0.27499998
v -11.46213245 11.46213245 0.27500001
v -11.41667080 11.49944115 0.27500001
v -11.36480522 11.52716351 0.27500001
v -11.30852699 11.54423523 0.27500001
v -11.25000000 11.55000019 0.27500001
v -11.19147301 11.54423523 0.27500001
v -11.13519478 11.52716351 0.27500001
v -10.94999981 11.25000000 0.27500001
v -10.95576477 11.30852699 0.27500001
v -10.97283649 11.36480522 0.27500001
v -11.03786755 11.46213150 0.27500001
v -11.08332920 11.49944115 0.27500001
v -11.00055885 11.41667080 0.27499998
v -10.00000000 10.00000000 0.00000000
v -12.50000000 10.00000000 0.50000000
v -11.73503685 11.04909134 0.50000000
v -11.76491261 11.14757729 0.50000000
v -11.62123108 10.87876892 0.50000000
v -11.54167461 10.81347847 0.50000000
v -11.45090866 10.76496315 0.50000000
v -11.35242271 10.73508739 0.50000000
v -11.68652153 10.95832539 0.50000000
v -11.25000000 10.72500038 0.50000000
v -11.14757729 10.73508739 0.50000000
v -11.04909134 10.76496315 0.50000000
v -10.95832539 10.81347847 0.50000000
v -11.77499962 11.25000000 0.50000000
v -11.76491261 11.35242271 0.50000000
v -11.73503685 11.45090866 0.50000000
v -11.68652153 11.54167461 0.50000000
v -11.62123108 11.62123108 0.50000000
v -11.54167461 11.68652153 0.50000000
v -11.45090866 11.73503685 0.50000000
v -11.35242271 11.76491261 0.50000000
v -11.25000000 11.77499962 0.50000000
v -11.14757729 11.76491261 0.50000000
v -10.95832539 11.68652153 0.50000000
v -11.04909134 11.73503685 0.50000000
v -10.87876892 10.87876892 0.50000000
v -10.81347847 10.95832539 0.50000000
v -10.76496315 11.04909134 0.50000000
v -10.73508739 11.14757729 0.50000000
v -10.00000000 10.00000000 0.50000000
v -10.76496315 11.45090866 0.50000000
v -10.81347847 11.54167461 0.50000000
v -10.72500038 11.25000000 0.50000000
v -10.73508739 11.35242271 0.50000000
v -10.87876892 11.62123108 0.50000000
v -12.50000000 12.50000000 0.00000000
v -10.00000000 12.50000000 0.00000000
v -12.50000000 12.50000000 0.50000000
v -10.00000000 12.50000000 0.50000000
v -8.71511364 19.37907219 0.50000000
v -1.72053289 11.80832291 0.50000000
v -0.64011359 13.83129311 1.68758798
v -3.27975821 19.37907219 0.50000000
v -0.50700301 16.13547516 0.71402901
v -0.64011359 16.18013573 0.83147103
v -0.50486362 16.73925781 0.50000000
v -1.72053289 18.04597092 0.50000000
v -1.00251162 16.92258072 0.96976900
v -1.51536798 17.08530235 1.43953705
v -1.52053285 16.48255539 1.65356600
v -8.71511364 19.37907219 3.50000000
v -8.51249886 19.60429001 3.50000000
v -8.34914875 19.60580063 3.50000000
v -7.83024883 19.69073868 3.46822190
v -0.02868592 12.31795311 2.10521889
v -0.50535983 12.01408863 2.21223402
v -0.50700301 13.19942093 1.78417504
v -1.52053285 14.13371181 2.50968289
v -1.01088214 12.18427944 2.68200302
v -1.72053289 11.80832291 3.50000000
v -1.51762080 12.36170197 3.15177107
v -1.51731312 12.36128902 3.50000000
v -1.00836039 12.18308353 3.50000000
v -0.84653288 12.12761879 3.50000000
v -1.12937725 12.22514820 3.50000000
v -0.50328380 12.01162148 3.50000000
v -1.51902211 13.65223789 3.50000000
v -1.51852095 13.72890568 3.50000000
v -4.52312613 19.60580063 3.50000000
v -3.52106214 19.60428429 3.50000000
v -3.48237300 19.60429001 3.50000000
v -3.48242593 19.60564232 3.50000000
v -3.27975821 19.37907219 3.50000000
v -1.51839352 15.04947662 3.50000000
v -1.72053289 18.04597092 3.50000000
v -1.51424897 17.80885887 3.50000000
v -1.51419127 17.84229660 3.50000000
v -1.51217127 17.84233475 3.50000000
v -8.51511383 24.35292244 1.60354400
v -12.50000000 27.50000000 0.00000000
v -11.52716351 28.63519478 0.00000000
v -11.54423523 28.69147301 0.00000000
v -11.49944115 28.58332825 0.00000000
v -11.46213245 28.53786850 0.00000000
v -11.41667080 28.50055885 0.00000000
v -11.36480522 28.47283554 0.00000000
v -11.30852699 28.45576477 0.00000000
v -11.25000000 28.45000076 0.00000000
v -11.19147301 28.45576477 0.00000000
v -11.13519478 28.47283554 0.00000000
v -11.08332920 28.50055885 0.00000000
v -11.03786755 28.53786850 0.00000000
v -11.00055885 28.58332825 0.00000000
v -10.97283649 28.63519478 0.00000000
v -10.95576477 28.69147301 0.00000000
v -11.52716351 28.63519478 0.27500001
v -11.54423523 28.69147301 0.27500001
v -11.49944115 28.58332825 0.27499998
v -11.46213245 28.53786850 0.27500001
v -11.41667080 28.50055885 0.27500001
v -11.36480522 28.47283554 0.27500001
v -11.30852699 28.45576477 0.27500001
v -11.25000000 28.45000076 0.27500001
v -11.19147301 28.45576477 0.27500001
v -11.13519478 28.47283554 0.27500001
v -11.08332920 28.50055885 0.27500001
v -11.03786755 28.53786850 0.27500001
v -11.00055885 28.58332825 0.27499998
v -10.97283649 28.63519478 0.27500001
v -10.95576477 28.69147301 0.27500001
v -12.50000000 30.00000000 0.00000000
v -11.55000019 28.75000000 0.00000000
v -11.54423523 28.80852699 0.00000000
v -11.52716351 28.86480522 0.00000000
v -11.49944115 28.91667175 0.00000000
v -11.46213245 28.96213150 0.00000000
v -11.41667080 28.99944115 0.00000000
v -11.36480522 29.02716446 0.00000000
v -11.30852699 29.04423523 0.00000000
v -11.25000000 29.04999924 0.00000000
v -11.19147301 29.04423523 0.00000000
v -11.13519478 29.02716446 0.00000000
v -10.94999981 28.75000000 0.00000000
v -10.95576477 28.80852699 0.00000000
v -10.97283649 28.86480522 0.00000000
v -11.03786755 28.96213150 0.00000000
v -11.08332920 28.99944115 0.00000000
v -11.00055885 28.91667175 0.00000000
v -11.55000019 28.75000000 0.27500001
v -11.54423523 28.80852699 0.27500001
v -11.52716351 28.86480522 0.27500001
v -11.49944115 28.91667175 0.27499998
v -11.46213245 28.96213150 0.27500001
v -11.41667080 28.99944115 0.27500001
v -11.36480522 29.02716446 0.27500001
v -11.30852699 29.04423523 0.27500001
v -11.25000000 29.04999924 0.27500001
v -11.19147301 29.04423523 0.27500001
v -11.13519478 29.02716446 0.27500001
v -10.94999981 28.75000000 0.27500001
v -10.95576477 28.80852699 0.27500001
v -10.97283649 28.86480522 0.27500001
v -11.03786755 28.96213150 0.27500001
v -11.08332920 28.99944115 0.27500001
v -11.00055885 28.91667175 0.27499998
v -10.00000000 27.50000000 0.00000000
v -10.00000000 30.00000000 0.00000000
v -12.50000000 27.50000000 0.50000000
v -11.73503685 28.54909134 0.50000000
v -11.76491261 28.64757729 0.50000000
v -11.62123108 28.37876892 0.50000000
v -11.54167461 28.31347847 0.50000000
v -11.45090866 28.26496315 0.50000000
v -11.35242271 28.23508835 0.50000000
v -11.68652153 28.45832634 0.50000000
v -11.25000000 28.22500038 0.50000000
v -11.14757729 28.23508835 0.50000000
v -11.04909134 28.26496315 0.50000000
v -10.95832539 28.31347847 0.50000000
v -11.77499962 28.75000000 0.50000000
v -11.76491261 28.85242271 0.50000000
v -11.73503685 28.95090866 0.50000000
v -12.50000000 30.00000000 0.50000000
v -11.68652153 29.04167366 0.50000000
v -11.62123108 29.12123108 0.50000000
v -11.54167461 29.18652153 0.50000000
v -11.45090866 29.23503685 0.50000000
v -11.35242271 29.26491165 0.50000000
v -11.25000000 29.27499962 0.50000000
v -11.14757729 29.26491165 0.50000000
v -10.95832539 29.18652153 0.50000000
v -11.04909134 29.23503685 0.50000000
v -10.87876892 28.37876892 0.50000000
v -10.81347847 28.45832634 0.50000000
v -10.76496315 28.54909134 0.50000000
v -10.73508739 28.64757729 0.50000000
v -10.00000000 27.50000000 0.50000000
v -10.76496315 28.95090866 0.50000000
v -10.81347847 29.04167366 0.50000000
v -10.72500038 28.75000000 0.50000000
v -10.73508739 28.85242271 0.50000000
v -10.87876892 29.12123108 0.50000000
v -10.00000000 30.00000000 0.50000000
v -8.71511364 27.49154663 0.50000000
v -8.51176834 27.12583351 0.50000000
v -8.51487064 27.18068695 0.64895898
v -7.87243605 27.18144226 0.63033903
v -8.30681133 26.30171204 0.82256597
v -7.87243605 27.19378281 0.67654699
v -8.51486397 27.22896004 0.86965901
v -7.87243605 27.22973061 0.84207201
v -8.11618614 25.49568176 1.14513195
v -7.87243605 27.25289154 1.00446296
v -7.87243605 27.27528000 1.18420100
v -8.51484394 27.27396202 1.22913599
v -7.87243605 27.28280830 1.29519105
v -7.24743605 27.29154587 1.62546897
v -1.72243595 23.93024063 0.50000000
v -3.47975826 24.35292244 1.60354400
v -3.68806100 24.23705101 1.64882600
v -5.99743605 27.16406822 0.57448000
v -4.12243605 27.18144226 0.63033903
v -3.48310328 27.12583351 0.50000000
v -3.27975821 27.49154663 0.50000000
v -3.48000169 27.18068695 0.64895898
v -4.12243605 27.19378281 0.67654699
v -4.12243605 27.22973061 0.84207201
v -3.68806100 26.30171204 0.82256597
v -3.48000765 27.22896004 0.86965901
v -0.01440676 26.85389328 0.53298301
v -0.10269193 26.91345596 0.56313902
v -0.06037444 26.88155365 0.54698700
v -0.14088421 26.94923782 0.58125502
v -0.17448924 26.98847198 0.60111803
v -0.20311923 27.03069878 0.62249702
v -0.22643122 27.07542229 0.64513999
v -0.24416929 27.12212753 0.66878498
v -0.25610518 27.17025375 0.69315201
v -0.26211092 27.21925354 0.71795899
v -0.26211208 27.26853561 0.74290901
v -0.25610524 27.31752777 0.76771301
v -0.24416429 27.36565971 0.79208201
v -0.22642955 27.41235924 0.81572503
v -0.20311098 27.45708466 0.83836901
v -0.17449094 27.49931717 0.85974997
v -1.72243595 28.00301933 0.50000000
v -4.12243605 27.25289154 1.00446296
v -4.12243605 27.27528000 1.18420100
v -4.12243605 27.28280830 1.29519105
v -3.48002839 27.27396202 1.22913599
v -4.74743605 27.29154587 1.62546897
v -0.14087594 27.53854752 0.87961203
v -0.10269187 27.57432556 0.89772600
v -0.06036681 27.60622787 0.91387701
v -0.01440441 27.63388252 0.92787898
v -8.51511383 20.67620277 3.07493711
v -8.51507854 21.49411964 3.50000000
v -7.73493576 20.20690346 3.26165700
v -8.51503944 27.28779984 1.75758004
v -8.51500416 25.40239334 3.50000000
v -8.71511364 27.49154663 3.50000000
v -8.51334190 27.05111122 3.50000000
v -8.51485443 27.08039284 3.50000000
v -8.51497173 27.28786087 3.50000000
v -4.06931067 22.17238998 2.47508597
v -0.12373360 24.75334740 1.84372401
v -0.12646586 24.73077393 1.85907400
v -0.47998247 24.85988045 1.89834595
v -0.64629799 24.93813133 1.93846798
v -0.65285766 24.91690636 1.95447195
v -0.48966143 24.81739044 1.93183005
v -0.48532373 24.83807945 1.91407096
v -0.49278653 24.79858589 1.95142496
v -0.13125519 24.67318535 1.91701102
v -0.13156848 24.65894127 1.93958199
v -0.30510879 24.79803848 1.86663902
v -0.30917516 24.77578545 1.88214505
v -0.31246543 24.75473785 1.89973402
v -0.12868404 24.70945358 1.87653303
v -0.13028640 24.69018555 1.89591002
v -0.31484178 24.73566818 1.91920197
v -0.31627795 24.71877670 1.94035399
v -0.31675574 24.70457268 1.96294498
v -0.81604570 24.99167633 2.02111411
v -0.82055020 24.97359848 2.04105210
v -0.82327992 24.95731735 2.06249404
v -0.82417810 24.94331932 2.08518195
v -0.65817088 24.89668274 1.97244895
v -0.66201621 24.87821007 1.99220204
v -0.66433114 24.86168671 2.01352692
v -0.49467883 24.78185844 1.97265303
v -0.49530223 24.76770592 1.99526894
v -0.66510731 24.84759903 2.03617191
v -4.73649788 20.39759254 3.18534493
v -3.47975826 20.67620277 3.07493711
v -3.27975821 24.90334129 3.03262115
v -3.48145866 23.49029350 3.50000000
v -3.48117661 24.82701683 3.10380888
v -3.48116016 24.86296844 3.07027674
v -3.27975821 24.82701683 3.10380888
v -3.48118591 24.81728363 3.12544394
v -3.27975821 24.80635071 3.14974618
v -3.48132920 24.83179474 3.50000000
v -3.27975821 24.81991386 3.50000000
v -0.13156854 24.19747162 2.82705212
v -1.21914399 24.93417168 3.00386548
v -0.82417810 24.48185349 2.97265196
v -0.82327992 24.46996689 2.99634290
v -0.82055026 24.46003723 3.02078390
v -0.81604570 24.45249748 3.04569793
v -0.97066563 24.59226990 3.02918506
v -0.96963161 24.58028984 3.05283189
v -0.49530226 24.30624008 2.88274002
v -0.66433114 24.37433052 2.94737697
v -0.49467885 24.29450417 2.90650296
v -0.49278653 24.28502655 2.93115592
v -0.31675574 24.24310493 2.85041499
v -0.31627795 24.23142052 2.87420392
v -0.13125521 24.18583107 2.85086012
v -0.13028634 24.17662621 2.87564111
v -0.31246540 24.21556282 2.92431808
v -0.30914366 24.21184349 2.95009089
v -0.31484178 24.22210693 2.89893389
v -0.12868403 24.17027473 2.90111804
v -0.12644483 24.16682816 2.92702007
v -0.12298064 24.16617584 2.95306206
v -0.66201621 24.36465073 2.97193289
v -0.65817082 24.35750389 2.99703407
v -0.48966140 24.27821350 2.95641398
v -0.48531845 24.27414513 2.98201704
v -0.65290630 24.35300064 3.02241898
v -0.66510731 24.38612747 2.92364311
v -1.72243595 24.82701683 3.10380888
v -1.72243595 23.93024063 3.44557261
v -1.72243595 24.74146271 3.29398727
v -1.72243595 24.78302002 3.44557261
v -1.18181157 24.82701683 3.10380888
v -1.18356824 24.81035614 3.14084291
v -1.18344653 24.79946518 3.16505361
v -0.80993569 24.44748116 3.07081890
v -0.96653420 24.57008934 3.07714295
v -0.96137899 24.56205368 3.10183597
v -1.09259903 24.68499947 3.16479206
v -0.95398289 24.55602264 3.12665701
v -1.10283160 24.71610260 3.09258604
v -1.10169315 24.70402145 3.11618495
v -1.09826016 24.69350243 3.14034605
v -1.17976952 24.78865814 3.18907738
v -1.17238033 24.77813911 3.21245885
v -1.14096355 24.74146271 3.29398727
v -1.17655969 24.78302002 3.44557261
v -1.09259009 24.68498993 3.44557261
v -0.80992144 24.44747543 3.44557261
v -0.96139443 24.56206131 3.44557261
v -0.95402110 24.55605888 3.44557261
v -0.65289199 24.35299301 3.44557261
v -0.48530513 24.27413750 3.44557261
v -0.30913240 24.21183395 3.44557261
v -0.27888840 24.20438194 3.44557261
v -0.14458066 24.17128944 3.44557261
v -0.12649824 24.16683388 3.44557261
v -0.12360357 24.16628838 3.44557261
v -0.12615323 24.16676903 3.44557261
v -0.12309383 24.16620255 3.44557261
v -0.09256409 24.16176033 3.44557261
v -3.47983241 27.28779984 1.75758004
v -0.80209959 25.03188515 1.98653901
v -0.80980021 25.01134300 2.00287294
v -0.94557369 25.14002800 2.04198694
v -0.95432740 25.12028694 2.05871010
v -0.96141791 25.10125732 2.07725191
v -1.18894577 25.39431000 2.17236495
v -1.07501817 25.26131821 2.10417509
v -1.08473110 25.24245834 2.12132597
v -0.96653420 25.08364868 2.09741211
v -0.96963161 25.06764603 2.11898208
v -1.09258497 25.22414589 2.14020705
v -1.09826005 25.20706177 2.16061497
v -1.10169315 25.19137383 2.18233490
v -0.97066563 25.05373764 2.14171505
v -1.19948268 25.37642288 2.18998790
v -1.20801079 25.35891151 2.20924592
v -1.21418023 25.34239006 2.22991800
v -1.21790433 25.32704544 2.25180197
v -1.21914399 25.31335640 2.27463698
v -1.28598821 25.53746223 2.24576306
v -1.29724133 25.52061844 2.26389003
v -1.30634773 25.50394440 2.28354597
v -1.10283160 25.17757034 2.20511603
v -1.31822908 25.45950890 2.34946489
v -1.31292999 25.48804855 2.30451393
v -1.31690609 25.47307205 2.32657003
v -1.37685800 25.67334557 2.34216809
v -1.36503756 25.68907356 2.32349992
v -1.38644099 25.65757751 2.36225104
v -1.39335263 25.64232063 2.38352108
v -1.39753616 25.62773895 2.40576291
v -1.42513347 25.84738731 2.40467191
v -1.39893234 25.61430740 2.42872000
v -1.43739760 25.83281898 2.42390203
v -1.44734001 25.81799126 2.44442797
v -1.46029460 25.77594566 2.51147890
v -1.45451581 25.80340958 2.46601701
v -1.45885646 25.78923798 2.48845506
v -1.46560371 26.01053810 2.48832512
v -1.47816455 25.99716949 2.50813603
v -1.48834002 25.98330879 2.52911901
v -1.49569058 25.96942520 2.55103803
v -1.50012898 25.95568085 2.57367611
v -1.50161004 25.94251633 2.59676003
v -1.49866199 26.16446114 2.59387708
v -1.48595548 26.17661858 2.57347989
v -1.50896621 26.15158463 2.61532497
v -3.48101115 25.28044319 2.78818941
v -3.48100686 25.30626678 2.78393769
v -3.27975821 25.30626678 2.78393769
v -3.27975821 25.26015282 2.79152966
v -3.48087645 26.62366486 2.77569103
v -3.27975821 26.62366486 2.77569103
v -3.48090959 27.03108597 2.96302247
v -3.48092008 27.06438828 2.99875379
v -3.27975821 27.03108597 2.96302247
v -3.48001504 27.09680176 3.03353286
v -3.47990704 27.25547791 3.20378470
v -3.27975821 27.25547791 3.20378470
v -3.47994065 27.21668053 3.50000000
v -3.47990036 27.28786087 3.50000000
v -3.27975821 27.21668053 3.50000000
v -3.27975821 27.49154663 3.50000000
v -1.72243595 25.30626678 2.78393769
v -1.72243595 25.14075279 2.81118703
v -1.72243595 26.62366486 2.77569103
v -1.72243595 27.03108597 2.96302247
v -1.34815216 25.30626678 2.78393769
v -1.27610826 25.14075279 2.81118703
v -1.31822908 25.22678757 2.79702306
v -1.39893234 25.43000221 2.78316307
v -1.51639986 26.13841629 2.63758302
v -1.52089596 26.12509727 2.66042089
v -1.52239072 26.11208725 2.68357897
v -1.46029460 25.63534355 2.78187752
v -1.50161004 25.84694672 2.78055286
v -1.52239108 26.06237221 2.77920461
v -1.48595369 26.34367371 2.65913391
v -1.50896180 26.32085991 2.70204401
v -1.49866676 26.33274078 2.68012595
v -1.51639807 26.30841064 2.72463989
v -1.52088821 26.29551315 2.74768090
v -1.52239144 26.28250122 2.77090502
v -1.52239144 26.28250122 2.77782679
v -1.51378226 26.35350418 2.77738214
v -1.46560705 26.50975609 2.74428892
v -1.50386703 26.41069794 2.77702403
v -1.49111068 26.46653938 2.77667451
v -1.47816455 26.50004196 2.76587200
v -1.48299623 26.49486542 2.77649736
v -1.47309959 26.52046013 2.77633715
v -1.45025551 26.57163620 2.77601671
v -1.42595005 26.62366486 2.77569103
v -1.41027844 26.68162155 2.80233908
v -1.34670401 26.84057426 2.87542582
v -1.26493633 26.99205971 2.94507790
v -1.23782146 27.03108597 2.96302247
v -1.18894386 27.12598228 3.06024790
v -1.72243595 27.25547791 3.20378470
v -1.72243595 27.22380829 3.44557261
v -1.19059241 27.12516785 3.06396890
v -1.16163743 27.16495514 3.10665894
v -1.07502043 27.25898361 3.12844205
v -1.08471894 27.25474739 3.15267992
v -1.12150002 27.21451378 3.15983319
v -1.09249866 27.24837303 3.17716002
v -1.09249926 27.24837303 3.19616079
v -1.08491731 27.25547791 3.20378470
v -0.94556689 27.38026428 3.19062591
v -0.95433825 27.37690926 3.21529889
v -1.09250128 27.24836922 3.25804925
v -0.96151662 27.37112617 3.24011588
v -0.80209947 27.48841858 3.24607992
v -0.80981970 27.48584175 3.27113509
v -1.11354077 27.22380829 3.44557261
v -1.09250724 27.24836349 3.44557261
v -0.96150708 27.37113190 3.44557261
v -0.95431113 27.37693596 3.44557261
v -0.80982631 27.48583794 3.44557261
v -1.72243595 28.00301933 3.44557261
v -0.64629394 27.58216858 3.29414892
v -0.65280473 27.58032036 3.31953502
v -0.47997674 27.66041756 3.33426905
v -0.48523438 27.65917206 3.35993600
v -0.30511197 27.72225189 3.36597490
v -0.12373821 27.76693916 3.38888788
v -0.65280902 27.58031845 3.44557261
v -0.48523685 27.65917015 3.44557261
v -0.30907148 27.72145844 3.39185691
v -0.12672395 27.76641464 3.41493297
v -0.30907267 27.72145844 3.44557261
v -0.30583712 27.72225571 3.44557261
v -0.19005698 27.75079918 3.44557261
v -0.12372328 27.76694298 3.44557261
v -0.12668514 27.76642227 3.44557261
v -0.12563799 27.76660538 3.44557261
v -0.01976313 27.78207016 3.44557261
v 3.22566104 11.80832291 0.50000000
v 4.77757502 11.80830860 0.50000000
v 6.19488239 14.78060150 0.58636999
v 6.19081593 14.80832195 0.58432502
v 6.18752289 14.83690262 0.58490098
v 6.18514633 14.86536503 0.58807200
v 6.18370342 14.89341068 0.59382802
v 6.02001095 14.75535774 0.65048403
v 6.01466322 14.78288841 0.64889199
v 6.01033545 14.81131458 0.64981300
v 6.00720453 14.83967400 0.65323400
v 6.18323183 14.92009830 0.60208702
v 5.85370016 14.72340488 0.73162597
v 5.84713268 14.75069809 0.73059499
v 5.84181786 14.77894497 0.73195398
v 5.83798075 14.80716133 0.73570597
v 5.83565760 14.83505726 0.74180102
v 5.83488798 14.86169910 0.75017601
v 6.00531912 14.86765575 0.65914100
v 6.00468779 14.89432144 0.66745400
v 5.69789076 14.68512249 0.82883900
v 5.69018316 14.71214008 0.82847798
v 5.68394661 14.74015427 0.83037400
v 5.67944002 14.76821041 0.83450198
v 5.67671299 14.79600334 0.84083998
v 5.67580462 14.82261181 0.84928697
v 0.28381410 14.66679573 1.24910200
v 1.53381407 14.66679573 1.24910200
v 2.14524174 13.83129311 1.68758798
v 6.24389458 12.22417927 1.25701702
v 6.23788929 12.20417309 1.30718505
v 6.23789024 12.18404961 1.35764503
v 6.24389458 12.16404343 1.40780795
v 5.42497396 14.59143353 1.06675398
v 5.41526699 14.61776447 1.06803703
v 5.40740490 14.64522839 1.07123101
v 5.40173578 14.67288113 1.07629895
v 5.39829683 14.70043087 1.08320105
v 5.39715958 14.72696209 1.09183598
v 5.55442142 14.64096165 0.94098699
v 5.54566908 14.66765404 0.94140399
v 5.53857946 14.69540691 0.94390798
v 5.53345203 14.72327137 0.94848502
v 5.53035593 14.75095463 0.95508200
v 5.52933216 14.77752590 0.96361899
v 5.31104708 14.53713322 1.20465600
v 5.30051947 14.56306839 1.20689201
v 5.29198122 14.59020329 1.21084499
v 5.28581858 14.61762142 1.21645796
v 5.28209066 14.64503670 1.22368205
v 5.28085184 14.67151833 1.23243296
v 5.21400356 14.47867870 1.35309303
v 5.20275545 14.50418949 1.35635197
v 5.19365072 14.53097916 1.36111498
v 5.18706417 14.55814743 1.36731696
v 5.18309450 14.58540821 1.37489796
v 5.18176508 14.61183739 1.38376498
v 5.12313890 14.44182396 1.51466095
v 5.13496161 14.41676998 1.51031101
v 5.11356068 14.46824837 1.52027702
v 5.10663795 14.49515247 1.52710104
v 5.07486200 14.35212421 1.67447102
v 5.10246134 14.52225208 1.53505504
v 5.10106373 14.54862881 1.54404700
v 5.06259537 14.37670612 1.67995298
v 5.05265474 14.40274906 1.68647206
v 5.04548645 14.42938042 1.69393301
v 5.04114866 14.45630932 1.70228601
v 5.03970337 14.48262978 1.71141100
v 1.12756407 16.83969498 0.73488402
v 2.01213121 16.13547516 0.71402901
v 2.14524174 16.18013573 0.83147103
v 2.00999188 16.73925781 0.50000000
v 4.77757502 16.26147842 0.50000000
v 3.22566104 18.04597092 0.50000000
v 4.77757502 17.81187820 0.50000000
v 2.50763988 16.92258072 0.96976900
v 3.02049613 17.08530235 1.43953705
v 3.02566099 16.48255539 1.65356600
v 6.18323183 15.85334873 0.96446198
v 6.18370342 15.87900829 0.97514099
v 6.00468731 15.82757092 1.02982903
v 6.18514633 15.90396500 0.98812002
v 6.18752289 15.92730904 1.00326300
v 6.00531912 15.85325336 1.04045403
v 6.00720453 15.87827587 1.05328202
v 6.01033545 15.90172958 1.06817603
v 6.01466322 15.92337513 1.08495998
v 6.19081593 15.94881248 1.02039301
v 6.19498873 15.96823120 1.03933895
v 6.19999123 15.98535347 1.05987895
v 6.20577908 15.99997616 1.08179295
v 5.83488798 15.79494858 1.11255205
v 5.83565760 15.82066059 1.12311399
v 5.83798075 15.84575939 1.13575399
v 5.84181786 15.86935329 1.15031600
v 5.84713268 15.89119244 1.16666305
v 5.85387278 15.91104221 1.18459499
v 6.02015162 15.94298649 1.10345304
v 6.02672815 15.96033764 1.12346399
v 6.03433704 15.97522354 1.14476204
v 6.21227551 16.01196289 1.10484505
v 6.21941662 16.02116203 1.12876701
v 6.04288292 15.98750687 1.16712201
v 6.05226660 15.99702835 1.19028795
v 6.22712183 16.02749252 1.15332198
v 6.23528051 16.03085327 1.17822397
v 5.67580462 15.75586796 1.21166205
v 5.67671299 15.78160572 1.22215295
v 5.67944002 15.80680847 1.23455000
v 5.68394661 15.83056355 1.24873698
v 5.69018316 15.85262966 1.26454604
v 5.69809389 15.87276840 1.28180897
v 5.70758152 15.89074993 1.30034101
v 5.86194849 15.92867756 1.20393896
v 5.87129068 15.94389439 1.22445798
v 5.88177395 15.95655537 1.24593496
v 6.06240749 16.00370979 1.21402097
v 6.07306671 16.00742912 1.23804903
v 5.89331055 15.96648788 1.26814306
v 5.90575266 15.97361279 1.29083705
v 5.39715958 15.66021538 1.45421195
v 5.39829683 15.68603802 1.46451497
v 5.40173578 15.71148014 1.47634697
v 5.40740490 15.73563576 1.48959303
v 5.41526699 15.75826073 1.50410497
v 5.42522860 15.77909946 1.51972401
v 5.52933216 15.71077824 1.32599401
v 5.53035593 15.73655701 1.33639598
v 5.53345203 15.76187134 1.34853303
v 5.53857946 15.78581810 1.36227095
v 5.71853828 15.90636635 1.31992698
v 5.73085070 15.91947174 1.34036803
v 5.74439192 15.92989731 1.36142004
v 5.54566908 15.80814457 1.37747204
v 5.55465174 15.82861328 1.39395702
v 5.56543684 15.84699726 1.41155195
v 5.75899076 15.93755531 1.38286698
v 5.77405787 15.94222832 1.40447295
v 5.91872787 15.97777462 1.31376302
v 5.57788944 15.86307144 1.43007004
v 5.59188366 15.87669373 1.44929600
v 5.60725784 15.88768673 1.46902204
v 5.62386799 15.89595795 1.48903298
v 5.28085184 15.60476971 1.59480906
v 5.18176508 15.54509449 1.74614096
v 5.43716669 15.79792595 1.53627706
v 5.45097494 15.81452179 1.55357504
v 5.46648121 15.82872391 1.57145202
v 5.28209066 15.63064098 1.60499501
v 5.28581858 15.65622330 1.61650598
v 5.29198122 15.68061161 1.62920702
v 5.30051947 15.70355701 1.64295995
v 5.31132507 15.72480583 1.65762496
v 5.32430363 15.74412251 1.67303801
v 5.33929157 15.76128197 1.68901300
v 5.35613537 15.77612019 1.70539999
v 5.37462997 15.78843307 1.72200501
v 5.48353338 15.84035492 1.58968198
v 5.50158167 15.84916496 1.60809898
v 6.24389458 18.22774696 1.25701702
v 6.23788929 18.20774078 1.30718505
v 6.23789120 18.18761826 1.35764503
v 6.24389410 18.16761398 1.40780795
v 6.69454193 12.37887096 0.86912501
v 6.74999475 12.37996006 0.86639303
v 6.80544186 12.37886810 0.86913002
v 8.72241879 11.80830860 0.50000000
v 6.37625694 14.79885578 0.54002100
v 6.37352324 14.82670689 0.53766102
v 6.37130308 14.85539246 0.53798199
v 6.36970758 14.88393307 0.54096800
v 6.36873245 14.91202831 0.54660898
v 6.56201982 14.80988979 0.51199901
v 6.56064606 14.83781719 0.50944400
v 6.55952883 14.86657715 0.50960201
v 6.55871964 14.89516449 0.51248699
v 6.55823469 14.92328358 0.51805902
v 6.55807686 14.95000076 0.52625602
v 6.74998474 14.81358337 0.50261903
v 6.74998140 14.84153843 0.50000000
v 6.74998379 14.87031937 0.50010699
v 6.74998665 14.89892387 0.50295401
v 6.74998474 14.92705154 0.50850397
v 6.74998093 14.95377159 0.51669401
v 6.93795013 14.80989361 0.51199198
v 6.93932390 14.83782482 0.50943798
v 6.94044256 14.86657524 0.50960600
v 6.94125128 14.89516449 0.51248097
v 6.94173670 14.92328835 0.51805502
v 6.94189644 14.95000267 0.52625698
v 6.36841202 14.93873405 0.55483299
v 7.12371778 14.79885387 0.54002100
v 7.12644529 14.82670879 0.53765500
v 7.12866402 14.85539532 0.53797698
v 7.13026285 14.88393688 0.54096597
v 7.13123608 14.91202831 0.54661101
v 7.13156176 14.93873310 0.55483299
v 7.30509853 14.78061104 0.58635801
v 7.30915546 14.80832672 0.58432198
v 7.31244516 14.83690166 0.58489299
v 7.31482697 14.86536694 0.58806098
v 7.31626987 14.89341545 0.59381503
v 7.31674004 14.92010403 0.60207701
v 7.47996902 14.75536346 0.65047401
v 7.48530865 14.78288937 0.64888197
v 7.48964500 14.81132317 0.64979702
v 7.49277067 14.83967781 0.65322900
v 7.49466276 14.86765575 0.65913099
v 7.49529028 14.89432621 0.66744101
v 7.64627695 14.72340775 0.73161399
v 7.65284300 14.75070572 0.73057997
v 7.65815735 14.77894783 0.73194498
v 7.66199541 14.80716801 0.73568898
v 7.66431999 14.83505917 0.74179500
v 7.66509247 14.86170101 0.75016397
v 7.80208206 14.68512535 0.82882798
v 7.80979395 14.71214199 0.82846802
v 7.81603336 14.74016094 0.83036000
v 7.82053709 14.76821518 0.83449399
v 7.82326078 14.79600716 0.84082401
v 7.82417011 14.82261658 0.84927100
v 10.00000000 10.00000000 0.00000000
v 11.00055885 11.08332920 0.00000000
v 11.08332920 11.00055885 0.00000000
v 11.03786755 11.03786755 0.00000000
v 10.97283649 11.13519478 0.00000000
v 10.95576477 11.19147301 0.00000000
v 11.13519478 10.97283649 0.00000000
v 11.19147301 10.95576477 0.00000000
v 11.25000000 10.94999981 0.00000000
v 11.30852699 10.95576477 0.00000000
v 11.36480522 10.97283649 0.00000000
v 11.41667080 11.00055885 0.00000000
v 11.46213245 11.03786755 0.00000000
v 11.49944115 11.08332920 0.00000000
v 11.52716351 11.13519478 0.00000000
v 11.54423523 11.19147301 0.00000000
v 12.50000000 10.00000000 0.00000000
v 11.00055885 11.08332920 0.27499998
v 11.08332920 11.00055885 0.27500001
v 11.03786755 11.03786755 0.27500001
v 10.97283649 11.13519478 0.27500001
v 10.95576477 11.19147301 0.27500001
v 11.13519478 10.97283649 0.27500001
v 11.19147301 10.95576477 0.27500001
v 11.25000000 10.94999981 0.27500001
v 11.30852699 10.95576477 0.27500001
v 11.36480522 10.97283649 0.27500001
v 11.41667080 11.00055885 0.27500001
v 11.46213245 11.03786755 0.27500001
v 11.49944115 11.08332920 0.27499998
v 11.52716351 11.13519478 0.27500001
v 11.54423523 11.19147301 0.27500001
v 10.94999981 11.25000000 0.00000000
v 10.95576477 11.30852699 0.00000000
v 10.97283649 11.36480522 0.00000000
v 11.00055885 11.41667080 0.00000000
v 11.03786755 11.46213245 0.00000000
v 11.08332920 11.49944115 0.00000000
v 11.13519478 11.52716351 0.00000000
v 11.19147301 11.54423523 0.00000000
v 11.25000000 11.55000019 0.00000000
v 11.30852699 11.54423523 0.00000000
v 11.36480522 11.52716351 0.00000000
v 11.41667080 11.49944115 0.00000000
v 11.46213245 11.46213245 0.00000000
v 11.49944115 11.41667080 0.00000000
v 11.55000019 11.25000000 0.00000000
v 11.54423523 11.30852699 0.00000000
v 11.52716351 11.36480522 0.00000000
v 10.94999981 11.25000000 0.27500001
v 10.95576477 11.30852699 0.27500001
v 10.97283649 11.36480522 0.27500001
v 11.00055885 11.41667080 0.27499998
v 11.03786755 11.46213245 0.27500001
v 11.08332920 11.49944115 0.27500001
v 11.13519478 11.52716351 0.27500001
v 11.19147301 11.54423523 0.27500001
v 11.25000000 11.55000019 0.27500001
v 11.30852699 11.54423523 0.27500001
v 11.36480522 11.52716351 0.27500001
v 11.41667080 11.49944115 0.27500001
v 11.46213245 11.46213150 0.27500001
v 11.49944115 11.41667080 0.27499998
v 11.55000019 11.25000000 0.27500001
v 11.54423523 11.30852699 0.27500001
v 11.52716351 11.36480522 0.27500001
v 10.00000000 10.00000000 0.50000000
v 10.87876892 10.87876892 0.50000000
v 10.73508739 11.14757729 0.50000000
v 10.81347847 10.95832539 0.50000000
v 10.76496315 11.04909134 0.50000000
v 10.72500038 11.25000000 0.50000000
v 10.73508739 11.35242271 0.50000000
v 10.76496315 11.45090866 0.50000000
v 10.81347847 11.54167461 0.50000000
v 10.87876892 11.62123108 0.50000000
v 11.04909134 10.76496315 0.50000000
v 10.95832539 10.81347847 0.50000000
v 11.14757729 10.73508739 0.50000000
v 11.25000000 10.72500038 0.50000000
v 11.35242271 10.73508739 0.50000000
v 11.45090866 10.76496315 0.50000000
v 11.54167461 10.81347847 0.50000000
v 11.62123108 10.87876892 0.50000000
v 11.68652153 10.95832539 0.50000000
v 12.50000000 10.00000000 0.50000000
v 11.73503685 11.04909134 0.50000000
v 11.76491261 11.14757729 0.50000000
v 10.95832539 11.68652153 0.50000000
v 11.04909134 11.73503685 0.50000000
v 11.14757729 11.76491261 0.50000000
v 11.25000000 11.77499962 0.50000000
v 11.68652153 11.54167461 0.50000000
v 11.35242271 11.76491261 0.50000000
v 11.45090866 11.73503685 0.50000000
v 11.54167461 11.68652153 0.50000000
v 11.62123108 11.62123108 0.50000000
v 11.77499962 11.25000000 0.50000000
v 11.76491261 11.35242271 0.50000000
v 11.73503685 11.45090866 0.50000000
v 10.00000000 12.50000000 0.00000000
v 12.50000000 12.50000000 0.00000000
v 10.00000000 12.50000000 0.50000000
v 12.50000000 12.50000000 0.50000000
v 6.63974524 12.37561226 0.87729400
v 6.58624172 12.37023163 0.89078599
v 6.53464842 12.36278248 0.90946698
v 6.43962812 12.34206486 0.96141601
v 6.48559237 12.35335636 0.93309999
v 6.86024761 12.37561607 0.87728500
v 6.91375065 12.37022972 0.89078701
v 6.96534300 12.36278534 0.90946198
v 7.01440716 12.35335922 0.93309498
v 6.39730549 12.32903481 0.99408901
v 6.35911083 12.31442547 1.03072202
v 6.32551479 12.29840660 1.07088900
v 7.06035948 12.34206295 0.96141899
v 7.10268831 12.32903767 0.99408400
v 7.14087915 12.31442928 1.03071404
v 7.17448425 12.29840946 1.07088399
v 6.29687834 12.28116417 1.11412597
v 6.27355909 12.26290226 1.15991902
v 6.25583839 12.24382877 1.20774305
v 7.20311308 12.28116703 1.11411798
v 7.22643280 12.26290226 1.15991902
v 7.24415922 12.24383354 1.20773196
v 7.25609922 12.22418022 1.25701499
v 7.26210260 12.20417500 1.30717897
v 6.25598335 12.14442921 1.45708299
v 6.27543211 12.12467098 1.50490403
v 7.26210403 12.18405056 1.35763800
v 7.25610065 12.16404915 1.40779698
v 7.24401617 12.14443111 1.45708001
v 7.22457695 12.12467575 1.50489497
v 6.30001354 12.10608959 1.55069602
v 6.32941818 12.08878231 1.59394002
v 6.36340189 12.07284164 1.63410902
v 6.40162420 12.05838394 1.67074001
v 6.44374609 12.04553509 1.70340502
v 6.48930025 12.03442287 1.73171794
v 7.01070833 12.03442478 1.73171306
v 7.19998169 12.10608864 1.55069697
v 7.17058134 12.08878422 1.59393406
v 7.13660669 12.07284546 1.63410199
v 7.09836769 12.05838585 1.67073405
v 7.05626392 12.04553890 1.70339704
v 7.94556093 14.64096546 0.94097602
v 7.95430946 14.66765976 0.94138801
v 7.96140146 14.69541264 0.94389403
v 7.96652699 14.72327995 0.94846702
v 7.96962070 14.75096130 0.95506901
v 7.97064686 14.77753067 0.96360397
v 8.07501125 14.59144211 1.06673300
v 8.08471680 14.61777782 1.06801403
v 8.09256935 14.64523506 1.07121396
v 8.09825420 14.67288685 1.07628298
v 8.10167599 14.70044518 1.08317804
v 8.10281658 14.72697067 1.09182000
v 8.18892956 14.53713512 1.20464301
v 8.19946480 14.56307125 1.20687497
v 8.20800591 14.59021091 1.21082604
v 8.21416664 14.61763000 1.21644294
v 8.21789551 14.64504242 1.22367001
v 8.21913052 14.67152405 1.23241901
v 8.28598118 14.47868729 1.35307395
v 8.29722500 14.50419426 1.35633600
v 8.30633545 14.53098583 1.36109304
v 8.31291866 14.55815220 1.36729598
v 8.31690025 14.58541679 1.37487495
v 8.31822014 14.61184978 1.38374197
v 8.36501789 14.41677570 1.51029098
v 8.37684441 14.44183159 1.51463604
v 8.38642788 14.46825504 1.52025795
v 8.39334869 14.49516201 1.52707195
v 8.42513371 14.35213757 1.67444396
v 8.39753246 14.52226639 1.53503299
v 8.39891434 14.54864311 1.54402804
v 8.43739700 14.37671471 1.67993605
v 8.44733429 14.40275860 1.68644702
v 8.45450497 14.42938709 1.69391203
v 8.45884514 14.45631981 1.70225894
v 8.46029091 14.48264027 1.71139002
v 8.72241879 16.26147842 0.50000000
v 6.69454193 18.38244247 0.86912501
v 6.74999475 18.38352966 0.86639303
v 6.80544186 18.38243866 0.86913002
v 8.72241879 17.81187820 0.50000000
v 6.36841202 15.87198257 0.91720802
v 6.36873245 15.89762974 0.92792201
v 6.55807686 15.88325405 0.88863200
v 6.55823469 15.90888977 0.89937198
v 6.55871964 15.93376446 0.91253501
v 6.36970758 15.92253780 0.94101602
v 6.55952883 15.95698738 0.92796499
v 6.37130356 15.94580173 0.95634401
v 6.37352324 15.96719360 0.97372901
v 6.56064606 15.97831249 0.94551200
v 6.56205606 15.99750996 0.96496803
v 6.74998093 15.88702393 0.87906998
v 6.74998474 15.91265774 0.88981700
v 6.94189644 15.88325214 0.88863200
v 6.94173670 15.90888882 0.89936900
v 6.94125128 15.93376923 0.91252899
v 6.74998665 15.93752193 0.90300202
v 6.74998379 15.96073055 0.91846901
v 6.94044256 15.95698643 0.92796803
v 6.74998140 15.98203278 0.93606800
v 6.74998474 16.00120354 0.95558900
v 6.74998713 16.01802635 0.97682500
v 6.93932390 15.97831249 0.94550598
v 6.93791389 15.99751377 0.96496099
v 6.37632942 15.98647976 0.99299002
v 6.37970448 16.00343513 1.01392198
v 6.38359261 16.01786613 1.03627801
v 6.56374836 16.01436806 0.98612702
v 6.56571531 16.02868843 1.00874901
v 6.56791401 16.04033279 1.03260505
v 6.38797379 16.02964211 1.05982804
v 6.39278221 16.03860283 1.08430505
v 6.57033110 16.04915047 1.05741596
v 6.57294226 16.05507660 1.08291399
v 6.74998808 16.03230858 0.99953699
v 6.74998999 16.04391098 1.02349401
v 6.93622541 16.01436996 0.98612601
v 6.93426180 16.02868652 1.00875103
v 6.93206549 16.04033279 1.03260303
v 6.74999094 16.05268097 1.04841602
v 6.74998903 16.05855751 1.07403398
v 6.92964649 16.04915237 1.05741298
v 6.92703867 16.05507660 1.08291698
v 7.13156176 15.87198448 0.91720802
v 7.13123608 15.89762878 0.92792398
v 7.13026285 15.92253685 0.94101399
v 7.31674004 15.85335159 0.96445203
v 7.31626987 15.87901306 0.97512800
v 7.12866402 15.94580269 0.95634001
v 7.12644529 15.96719646 0.97372299
v 7.31482697 15.90397167 0.98810899
v 7.31244516 15.92731571 1.00325596
v 7.12364578 15.98647785 0.99299002
v 7.12026882 16.00343704 1.01391494
v 7.11638212 16.01786804 1.03627396
v 7.30915546 15.94881153 1.02039003
v 7.11200857 16.02964211 1.05982494
v 7.10720015 16.03860664 1.08429599
v 7.30499125 15.96823406 1.03932703
v 7.29998064 15.98535633 1.05987000
v 7.29420471 15.99997902 1.08178306
v 7.49529028 15.82757664 1.02981699
v 7.49466276 15.85326004 1.04044402
v 7.49277067 15.87827587 1.05327702
v 7.48964500 15.90173340 1.06816006
v 7.48530865 15.92338181 1.08494997
v 6.39796972 16.04467964 1.10945201
v 6.40348053 16.04778481 1.13497198
v 6.57571983 16.05801964 1.10882103
v 6.74999189 16.06144524 1.10006905
v 6.92426062 16.05802155 1.10881805
v 7.10201359 16.04468346 1.10944295
v 7.09649801 16.04778290 1.13497496
v 7.28770590 16.01196671 1.10483503
v 7.28056145 16.02116394 1.12875998
v 7.27285910 16.02749443 1.15331304
v 7.26470375 16.03085899 1.17821205
v 7.66509247 15.79495621 1.11254001
v 7.66431999 15.82066250 1.12310803
v 7.66199541 15.84576511 1.13573694
v 7.65815735 15.86935616 1.15030706
v 7.65284300 15.89119625 1.16664803
v 7.64610386 15.91104794 1.18458295
v 7.47982788 15.94299221 1.10344398
v 7.47324228 15.96033955 1.12346101
v 7.46564341 15.97522259 1.14475906
v 7.45709467 15.98751068 1.16711104
v 7.44770956 15.99703121 1.19027996
v 7.63802147 15.92868328 1.20392299
v 7.80979395 15.85263538 1.26453602
v 7.80188036 15.87277222 1.28179801
v 7.79239988 15.89075565 1.30032396
v 7.43757582 16.00371361 1.21401203
v 7.42690849 16.00743294 1.23803997
v 7.62868738 15.94390106 1.22444105
v 7.61819983 15.95655823 1.24593103
v 7.60667276 15.96648979 1.26813400
v 7.59422684 15.97361755 1.29082406
v 7.82417011 15.75587368 1.21164596
v 7.82326031 15.78161526 1.22213697
v 7.82053709 15.80681133 1.23454201
v 7.81603336 15.83056831 1.24872303
v 7.78144169 15.90637207 1.31991804
v 7.76912594 15.91947746 1.34035301
v 7.75558758 15.92990208 1.36140704
v 7.58125401 15.97777939 1.31375098
v 7.74097967 15.93756199 1.38285303
v 7.72592402 15.94223022 1.40446699
v 7.97064686 15.71078396 1.32597899
v 7.96962070 15.73656178 1.33638203
v 7.96652699 15.76187801 1.34851503
v 7.96140146 15.78582478 1.36225700
v 7.95430946 15.80815125 1.37745595
v 7.94533062 15.82861805 1.39394498
v 7.93454933 15.84699821 1.41154206
v 7.92209959 15.86307907 1.43004799
v 7.90809822 15.87670135 1.44928098
v 7.89272261 15.88769531 1.46900105
v 8.10281658 15.66022110 1.45419502
v 8.10167599 15.68604279 1.46449101
v 8.09825420 15.71148682 1.47633100
v 7.87610817 15.89596081 1.48902595
v 8.09256935 15.73564339 1.48957598
v 8.08471680 15.75826550 1.50408304
v 8.07475567 15.77910995 1.51970196
v 8.21913052 15.60477543 1.59479403
v 8.31822014 15.54510021 1.74611700
v 8.06280613 15.79793358 1.53626096
v 8.04900360 15.81452751 1.55355895
v 8.03349400 15.82873058 1.57143295
v 7.99839878 15.84917164 1.60808003
v 8.01644897 15.84035873 1.58967102
v 8.21789551 15.63064575 1.60498297
v 8.21416664 15.65622711 1.61649096
v 8.20800591 15.68061733 1.62918901
v 8.19946480 15.70356655 1.64294302
v 8.18865395 15.72481155 1.65761197
v 8.17568207 15.74412918 1.67301297
v 8.16069221 15.76129055 1.68899405
v 8.14384270 15.77612877 1.70537996
v 8.12535572 15.78843975 1.72198701
v 6.63974524 18.37918091 0.87729400
v 6.58624172 18.37380219 0.89078599
v 6.53464842 18.36635208 0.90946698
v 6.43962717 18.34563637 0.96141601
v 6.48559237 18.35692596 0.93309999
v 6.86023760 18.37918663 0.87728602
v 6.91375065 18.37380028 0.89078701
v 6.96533251 18.36635208 0.90946198
v 7.01439714 18.35692978 0.93309599
v 6.39730597 18.33260345 0.99408901
v 6.35910988 18.31799698 1.03072202
v 6.32550430 18.30197525 1.07088995
v 7.06035948 18.34563255 0.96141899
v 7.10268831 18.33260727 0.99408400
v 7.14087963 18.31799889 1.03071404
v 7.17448330 18.30197716 1.07088399
v 6.29687691 18.28473473 1.11412597
v 6.27356052 18.26646996 1.15991902
v 6.25582838 18.24739838 1.20774305
v 7.20311356 18.28473663 1.11411798
v 7.22643280 18.26647186 1.15991902
v 7.24415970 18.24740410 1.20773196
v 7.25609875 18.22774887 1.25701499
v 7.26210403 18.20774460 1.30717897
v 6.25598383 18.14799881 1.45708299
v 6.27541780 18.12824249 1.50490499
v 7.26210451 18.18762016 1.35763800
v 7.25609827 18.16761780 1.40779698
v 7.24401712 18.14800072 1.45708001
v 7.22457457 18.12824440 1.50489497
v 6.30001593 18.10965919 1.55069602
v 6.32941866 18.09235191 1.59394002
v 6.36339045 18.07641220 1.63410997
v 6.40162516 18.06195450 1.67074001
v 6.44374704 18.04910469 1.70340502
v 6.48930025 18.03799248 1.73171794
v 7.01069927 18.03799438 1.73171401
v 7.19998169 18.10965919 1.55069697
v 7.17058134 18.09235382 1.59393406
v 7.13660669 18.07641411 1.63410199
v 7.09836769 18.06195641 1.67073405
v 7.05625248 18.04910851 1.70339799
v 1.53381407 12.31795311 2.10521889
v 2.01048803 12.01408863 2.21223402
v 2.01213121 13.19942093 1.78417504
v 2.91805553 14.25679493 2.35087180
v 2.91515708 14.24143791 2.35340023
v 3.02566099 14.57488918 2.34888077
v 3.02488470 14.57726479 2.34886599
v 2.95239854 14.10854626 2.44127369
v 3.02519345 13.84914780 2.61279464
v 5.03439951 14.28550625 1.84364295
v 5.02182961 14.30959988 1.85030699
v 5.01166153 14.33524799 1.85774100
v 5.00430727 14.36158752 1.86587405
v 4.99986172 14.38835335 1.87462401
v 4.99839163 14.41461754 1.88389003
v 5.01404572 14.21769428 2.01585388
v 4.97910309 14.31917095 2.05006504
v 5.00133753 14.24128532 2.02371001
v 4.99103308 14.26653290 2.03208399
v 4.98359823 14.29258633 2.04090095
v 4.97760916 14.34537792 2.05946302
v 3.22566104 14.25679493 2.35087180
v 3.22566104 14.21013451 2.35855389
v 3.22566104 13.85495472 2.59854269
v 5.01405001 14.14947987 2.18908405
v 5.00133991 14.17257500 2.19813395
v 4.99104548 14.19740486 2.20745993
v 4.97909164 14.24972153 2.22653389
v 4.97757530 14.27609158 2.23607206
v 4.98361826 14.22311783 2.21695995
v 4.77757502 14.25679493 2.35087180
v 4.97868538 14.25679493 2.35087180
v 4.97757673 14.27607918 2.35075092
v 4.77757502 14.09128094 2.37812114
v 5.03441715 14.08164501 2.36129808
v 5.02906370 14.09128094 2.37812114
v 5.02184916 14.10426712 2.37153602
v 5.01036167 14.13296032 2.37125921
v 5.02184916 14.10426712 2.37598324
v 5.03441763 14.08164310 2.38710999
v 5.04415083 14.06560707 2.40206718
v 4.97909260 14.24971485 2.35203743
v 4.98361921 14.22311115 2.35641742
v 5.10816431 13.96227932 2.49844170
v 5.10888004 13.96113300 2.49951100
v 2.51601028 12.18427944 2.68200302
v 3.02274895 12.36170197 3.15177107
v 2.00841188 12.01162148 3.50000000
v 2.35166097 12.12761879 3.50000000
v 2.51348853 12.18308353 3.50000000
v 2.63450527 12.22514820 3.50000000
v 3.02244139 12.36128902 3.50000000
v 3.02512741 13.81475639 2.63603592
v 3.02504754 13.77754402 2.67074394
v 3.02501440 13.76747513 2.69312739
v 3.02491927 13.77560520 2.81328225
v 3.02415013 13.65223789 3.50000000
v 3.02451921 13.76986408 3.25806212
v 3.02364540 13.76674080 3.50000000
v 4.77757502 11.80830860 2.73690391
v 3.22566104 11.80832291 3.50000000
v 3.22566104 13.77754402 2.67074394
v 3.22566104 13.75658512 2.71733570
v 3.22566104 13.77350616 2.96759176
v 4.77757502 13.74778175 2.73690391
v 5.24313593 13.74778175 2.73690391
v 5.36725807 13.55097771 2.73690391
v 5.36454773 13.55527496 2.73690391
v 5.88406801 12.73154354 2.73690391
v 4.77757502 13.77754402 2.67074394
v 5.22444963 13.77754402 2.67074394
v 3.22566104 13.76663303 3.50000000
v 3.02316284 15.57419395 2.34262586
v 3.02247119 15.98161316 2.52995634
v 5.18309450 15.57101154 1.75621104
v 5.18706417 15.59674454 1.76736498
v 5.19365072 15.62138653 1.77947700
v 5.10106373 15.48188686 1.90642297
v 5.10246134 15.50785828 1.91636801
v 5.10663795 15.53374958 1.92714906
v 5.11356068 15.55865860 1.93863904
v 5.12313890 15.58231449 1.95072901
v 5.13527298 15.60446739 1.96327996
v 5.20275545 15.64467812 1.79242003
v 5.21429825 15.66636467 1.80606198
v 5.22814417 15.68621063 1.82023096
v 5.24414539 15.70398045 1.83478701
v 5.26210785 15.71947956 1.84957302
v 5.28152847 15.73237896 1.86442101
v 5.03970337 15.41588402 2.07378697
v 5.14983892 15.62487125 1.97614598
v 5.04114866 15.44191265 2.08360004
v 5.04548645 15.46797466 2.09398103
v 5.05265474 15.49315548 2.10483408
v 5.06259537 15.51720238 2.11602092
v 5.07516623 15.53979683 2.12743998
v 5.09035969 15.56090450 2.13894701
v 5.16661930 15.64323807 1.98920000
v 5.18525362 15.65930176 2.00228190
v 3.22566104 15.57419395 2.34262586
v 3.22566104 15.98161316 2.52995634
v 4.99839163 15.34786224 2.24626589
v 4.99986172 15.37395191 2.25593710
v 5.00430727 15.40019226 2.26592207
v 5.01164722 15.42559242 2.27610397
v 5.02188349 15.45019627 2.28637505
v 5.03448868 15.47288799 2.29661298
v 4.97761202 15.08252335 2.34570336
v 4.98679113 15.30918884 2.34428477
v 4.77757502 15.57419395 2.34262586
v 4.98943663 15.33919811 2.34409690
v 4.99509716 15.36953449 2.34390688
v 5.01164627 15.42559147 2.34355593
v 5.02188253 15.45019436 2.34340191
v 5.03449249 15.47289371 2.34326005
v 5.07517147 15.53980732 2.34284115
v 5.09035730 15.56090069 2.34270906
v 5.10267115 15.57419395 2.34262586
v 5.16662312 15.64324284 2.37437439
v 5.18529606 15.65933228 2.38177228
v 5.26215076 15.71951389 2.40944338
v 5.28159618 15.73241615 2.41537619
v 5.37470102 15.78847408 2.44115138
v 4.77757502 15.98161316 2.52995634
v 5.50169325 15.84921074 2.46907783
v 5.62401915 15.89601612 2.49059916
v 5.77421856 15.94226551 2.51186442
v 5.91889524 15.97780991 2.52820754
v 5.93869209 15.98161316 2.52995634
v 6.07322550 16.00746155 2.55769014
v 6.23541498 16.03087807 2.58281589
v 5.10815477 19.96584892 2.49844170
v 5.10887003 19.96470261 2.49951100
v 3.02209902 16.20600510 2.77071881
v 3.02213836 16.19403839 3.06486535
v 3.02182937 16.17633820 3.50000000
v 3.01937723 17.80885887 3.50000000
v 3.01729965 17.84233475 3.50000000
v 3.01931953 17.84229660 3.50000000
v 3.22566104 16.20600510 2.77071881
v 4.77757502 16.17448997 2.73690391
v 4.77757502 16.26147842 2.73690391
v 3.22566104 16.17633820 3.50000000
v 4.77757502 17.81187820 2.73690391
v 5.88406372 18.73511505 2.73690391
v 4.77757502 19.78111267 2.67074370
v 5.22444153 19.78111267 2.67074370
v 4.77757502 19.75135040 2.73690391
v 5.36454105 19.55884552 2.73690391
v 5.36725426 19.55454254 2.73690391
v 5.24312830 19.75135040 2.73690391
v 3.22566104 18.04597092 3.50000000
v 6.53779650 12.02516174 1.75535202
v 6.58869600 12.01784706 1.77403605
v 6.64143753 12.01256847 1.78752804
v 6.69540691 12.00937557 1.79569304
v 6.74999905 12.00830841 1.79842198
v 6.80459499 12.00937748 1.79568899
v 6.91130829 12.01785088 1.77402699
v 6.96220827 12.02515984 1.75535703
v 6.85856628 12.01256847 1.78752899
v 8.46560287 14.28551865 1.84361994
v 8.47816372 14.30960941 1.85028398
v 8.48833656 14.33525848 1.85771704
v 8.49568367 14.36159801 1.86585498
v 8.50012589 14.38835907 1.87460697
v 8.50160217 14.41462326 1.88386798
v 8.48595428 14.21770287 2.01583505
v 8.49866390 14.24129677 2.02368593
v 8.50896358 14.26654148 2.03206491
v 8.51639843 14.29259586 2.04088092
v 8.52088928 14.31918144 2.05004191
v 8.52238464 14.34538460 2.05944109
v 8.48595715 14.14948750 2.18906403
v 8.49866772 14.17258644 2.19811010
v 8.50895786 14.19742107 2.20743299
v 8.51637459 14.22312832 2.21693897
v 8.52090359 14.24972916 2.22651100
v 8.52241898 14.27610016 2.23604989
v 8.52130890 14.25679493 2.35087180
v 8.52241802 14.27608776 2.35075092
v 8.46558952 14.08165359 2.36127496
v 8.47093678 14.09128094 2.37812114
v 8.47815704 14.10427856 2.37151408
v 8.48963642 14.13296318 2.37125874
v 8.47815704 14.10427856 2.37598133
v 8.46558857 14.08165169 2.38710189
v 8.51637363 14.22312164 2.35641575
v 8.52090263 14.24972248 2.35203624
v 8.72241879 14.25679493 2.35087180
v 8.72241879 14.09128094 2.37812114
v 8.39113045 13.96115208 2.49949169
v 6.29669476 12.10792828 2.73690391
v 6.32625341 12.09030437 2.73690391
v 6.27208662 12.12686062 2.73690391
v 6.25273228 12.14700222 2.73690391
v 6.26070261 12.13839817 2.73690391
v 6.36047983 12.07409096 2.73690391
v 6.39900589 12.05940056 2.73690391
v 6.44146872 12.04636002 2.73690391
v 6.53626060 12.02571201 2.73690391
v 6.58754396 12.01831341 2.73690391
v 6.48738623 12.03509331 2.73690391
v 6.64067125 12.01298332 2.73690391
v 6.69502831 12.00976944 2.73690391
v 6.74999952 12.00869751 2.73690391
v 6.80497360 12.00977039 2.73690391
v 6.85933256 12.01298332 2.73690391
v 6.91246033 12.01831627 2.73690391
v 6.96374416 12.02571011 2.73690391
v 7.01262236 12.03509521 2.73690391
v 7.05854130 12.04636383 2.73690391
v 7.10098648 12.05940247 2.73690391
v 7.13952827 12.07409382 2.73690391
v 7.17374659 12.09030628 2.73690391
v 7.20330095 12.10792732 2.73690391
v 7.22792101 12.12686443 2.73690391
v 7.23929930 12.13840103 2.73690391
v 7.24726725 12.14700413 2.73690391
v 8.72241879 11.80830860 2.73690391
v 8.25686073 13.74778175 2.73690391
v 8.72241879 13.74778080 2.73690391
v 8.27554703 13.77754307 2.67074394
v 8.72241879 13.77754307 2.67074394
v 8.31690025 15.57102203 1.75618899
v 8.31291866 15.59675598 1.76734400
v 8.30633545 15.62139702 1.77945495
v 8.39891434 15.48188877 1.90640295
v 8.39753246 15.50786114 1.91634703
v 8.39334869 15.53376389 1.92711997
v 8.38642788 15.55866718 1.93861997
v 8.37684441 15.58232689 1.95070505
v 8.36470890 15.60447502 1.96326005
v 8.29722500 15.64468575 1.79240406
v 8.28568649 15.66637039 1.80604303
v 8.27184200 15.68621731 1.82021499
v 8.25583839 15.70398426 1.83477700
v 8.23788452 15.71948624 1.84955394
v 8.21845245 15.73238850 1.86439800
v 8.35015392 15.62487602 1.97613001
v 8.46029091 15.41589165 2.07376504
v 8.45884514 15.44192505 2.08357191
v 8.45450497 15.46798515 2.09396005
v 8.44733429 15.49316502 2.10481000
v 8.43739700 15.51720619 2.11600494
v 8.42483044 15.53980446 2.12741399
v 8.40963745 15.56091785 2.13891792
v 8.33336353 15.64324951 1.98917103
v 8.31474113 15.65930748 2.00226307
v 6.40357828 16.04780579 2.60097814
v 6.57577085 16.05803680 2.61195660
v 6.74999189 16.06146240 2.61563110
v 6.92420912 16.05803871 2.61195874
v 7.72576332 15.94226742 2.51186538
v 7.09640074 16.04780388 2.60097599
v 7.26456881 16.03088379 2.58282185
v 7.58108711 15.97781467 2.52820969
v 7.56131458 15.98161316 2.52995634
v 7.42674971 16.00746346 2.55769300
v 8.49568367 15.40019512 2.26590300
v 8.50160217 15.34787273 2.24624395
v 8.50012589 15.37395954 2.25592089
v 8.48835182 15.42560005 2.27607894
v 8.47810936 15.45020485 2.28635192
v 8.46551418 15.47289371 2.29659009
v 8.52238178 15.08258438 2.34570289
v 8.51320553 15.30918980 2.34428453
v 8.39729023 15.57419300 2.34262586
v 8.48835278 15.42559910 2.34355593
v 8.47811031 15.45020294 2.34340191
v 8.51055527 15.33919811 2.34409690
v 8.50489902 15.36953163 2.34390688
v 8.42482471 15.53981495 2.34284115
v 8.46551037 15.47289944 2.34325981
v 8.40963936 15.56091404 2.34270906
v 8.33335972 15.64325428 2.37437987
v 8.31469822 15.65933800 2.38177514
v 8.72241879 15.57419300 2.34262586
v 8.12528419 15.78848076 2.44115472
v 7.99828720 15.84921741 2.46908092
v 7.87595844 15.89601898 2.49060011
v 8.23784161 15.71952057 2.40944695
v 8.21838474 15.73242569 2.41538072
v 8.72241879 15.98161316 2.52995634
v 6.53779793 18.02873230 1.75535202
v 6.58869600 18.02141762 1.77403605
v 6.64143753 18.01613808 1.78752804
v 6.69540691 18.01294518 1.79569304
v 6.74999905 18.01187897 1.79842198
v 6.80459499 18.01294708 1.79568899
v 6.91129780 18.02141953 1.77402794
v 6.96220779 18.02872849 1.75535703
v 6.85856628 18.01613808 1.78752899
v 8.39112949 19.96472359 2.49949145
v 8.72241879 16.17448997 2.73690391
v 8.72241879 16.26147842 2.73690391
v 6.29669619 18.11149788 2.73690391
v 6.32625341 18.09387398 2.73690391
v 6.36046886 18.07765961 2.73690391
v 6.39900637 18.06297112 2.73690391
v 6.44146967 18.04993057 2.73690391
v 6.48738623 18.03866196 2.73690391
v 6.53626156 18.02928162 2.73690391
v 6.58754444 18.02188301 2.73690391
v 6.64067125 18.01655388 2.73690391
v 6.69502831 18.01334000 2.73690391
v 6.74999952 18.01226807 2.73690391
v 6.80497360 18.01334000 2.73690391
v 6.85933256 18.01655388 2.73690391
v 6.91244984 18.02188492 2.73690391
v 6.96374369 18.02927971 2.73690391
v 7.01261330 18.03866386 2.73690391
v 6.26415396 18.13897705 2.73690391
v 6.26021147 18.14297867 2.73690391
v 6.27207470 18.13043022 2.73690391
v 6.25273180 18.15057182 2.73690391
v 7.05852985 18.04993248 2.73690391
v 7.10098648 18.06297302 2.73690391
v 7.13952827 18.07766342 2.73690391
v 7.17374659 18.09387589 2.73690391
v 7.20330095 18.11149597 2.73690391
v 7.23978519 18.14298058 2.73690391
v 7.22791910 18.13043404 2.73690391
v 7.23584080 18.13897705 2.73690391
v 7.24726820 18.15057373 2.73690391
v 8.72241879 17.81187820 2.73690391
v 8.27554607 19.78111267 2.67074370
v 8.25685978 19.75135040 2.73690391
v 8.72241879 19.78111267 2.67074370
v 8.72241879 19.75135040 2.73690391
v 2.22239375 23.93024063 0.50000000
v 6.19488239 20.78417015 0.58636999
v 6.19081593 20.81189156 0.58432502
v 6.18752241 20.84047127 0.58490098
v 6.18514633 20.86893463 0.58807200
v 6.18370390 20.89697838 0.59382802
v 6.02000093 20.75892830 0.65048498
v 6.01466322 20.78645897 0.64889199
v 6.01033545 20.81488419 0.64981300
v 6.00720501 20.84324074 0.65323400
v 6.18322182 20.92366791 0.60208702
v 5.85368919 20.72697639 0.73162597
v 5.84713221 20.75427055 0.73059499
v 5.84181833 20.78251266 0.73195398
v 5.83797026 20.81072998 0.73570597
v 5.83565760 20.83862495 0.74180102
v 5.83487749 20.86526680 0.75017703
v 6.00530910 20.87122536 0.65914202
v 6.00468779 20.89789200 0.66745400
v 5.69789028 20.68869209 0.82883900
v 5.69018316 20.71570969 0.82847798
v 5.68394661 20.74372482 0.83037400
v 5.67944002 20.77178001 0.83450198
v 5.67671299 20.79957390 0.84083998
v 5.67580509 20.82617950 0.84928697
v 4.77757502 22.26504707 0.50000000
v 4.77756405 23.81505203 0.50000000
v 4.77756405 24.50557137 0.50000000
v 5.41526651 20.62133789 1.06803703
v 5.42496300 20.59500504 1.06675506
v 5.40740585 20.64879608 1.07123101
v 5.40172577 20.67645073 1.07629895
v 5.39829683 20.70400429 1.08320105
v 5.39715910 20.73053169 1.09183598
v 5.55442190 20.64453125 0.94098699
v 5.54566956 20.67122078 0.94140399
v 5.53856945 20.69897652 0.94390899
v 5.53345156 20.72684288 0.94848502
v 5.53035641 20.75452042 0.95508200
v 5.52932262 20.78109360 0.96361899
v 5.31104803 20.54070091 1.20465600
v 5.30050945 20.56663895 1.20689201
v 5.29198027 20.59377670 1.21084499
v 5.28581858 20.62119102 1.21645796
v 5.28209066 20.64860725 1.22368205
v 5.28085184 20.67508698 1.23243296
v 6.18322182 21.85691833 0.96446198
v 6.00468779 21.83113861 1.02982903
v 6.00530910 21.85682297 1.04045498
v 6.18370390 21.88257980 0.97514099
v 6.18514633 21.90753555 0.98812002
v 6.18752241 21.93087959 1.00326300
v 6.19081593 21.95238113 1.02039301
v 6.00720501 21.88184738 1.05328202
v 6.01033545 21.90530014 1.06817603
v 6.01466322 21.92694473 1.08495998
v 6.19498920 21.97180176 1.03933895
v 6.19999123 21.98892212 1.05987895
v 6.20576859 22.00354385 1.08179402
v 5.83487749 21.79852104 1.11255205
v 5.83565760 21.82423210 1.12311399
v 5.83797026 21.84932899 1.13575399
v 5.84181833 21.87292290 1.15031600
v 5.67580509 21.75943756 1.21166205
v 5.67671299 21.78517532 1.22215295
v 5.67944002 21.81037712 1.23455000
v 5.68394661 21.83413315 1.24873698
v 5.69018316 21.85619926 1.26454604
v 5.84713221 21.89476013 1.16666305
v 5.85386276 21.91461182 1.18459594
v 6.02014112 21.94655609 1.10345399
v 6.02672863 21.96390915 1.12346399
v 6.03433657 21.97879219 1.14476204
v 6.21226549 22.01553345 1.10484505
v 6.21940660 22.02473068 1.12876701
v 6.04287243 21.99107552 1.16712296
v 6.05226660 22.00059891 1.19028795
v 6.22712183 22.03106117 1.15332198
v 6.23527002 22.03442383 1.17822397
v 5.69809341 21.87633896 1.28180897
v 5.70758152 21.89431953 1.30034101
v 5.86194849 21.93224716 1.20393896
v 5.87128019 21.94746208 1.22445798
v 5.88177490 21.96012497 1.24593496
v 6.06239700 22.00727844 1.21402204
v 6.07305670 22.01099968 1.23804903
v 5.89331055 21.97005844 1.26814306
v 5.90575266 21.97718239 1.29083705
v 5.21400356 20.48224831 1.35309303
v 5.20275640 20.50775528 1.35635197
v 5.19364023 20.53454781 1.36111498
v 5.18706417 20.56171799 1.36731696
v 5.18308496 20.58897781 1.37489796
v 5.18176508 20.61540985 1.38376498
v 5.12313890 20.44539261 1.51466095
v 5.13496161 20.42033958 1.51031101
v 5.11356068 20.47181892 1.52027702
v 5.10663843 20.49872208 1.52710104
v 5.10246181 20.52582169 1.53505504
v 5.10106373 20.55219841 1.54404700
v 5.07486200 20.35569382 1.67447102
v 5.06259537 20.38027573 1.67995298
v 5.05265617 20.40631485 1.68647206
v 5.04547739 20.43294716 1.69393396
v 5.04113865 20.45988274 1.70228696
v 5.03970337 20.48620415 1.71141100
v 5.39715958 21.66378593 1.45421195
v 5.39829683 21.68960381 1.46451497
v 5.40172577 21.71504974 1.47634697
v 5.40740585 21.73920822 1.48959303
v 5.41526651 21.76182747 1.50410497
v 5.42521811 21.78266716 1.51972401
v 5.52932215 21.71434975 1.32599497
v 5.53035641 21.74012947 1.33639598
v 5.53345156 21.76543999 1.34853303
v 5.53856945 21.78938866 1.36227095
v 5.54567003 21.81171608 1.37747204
v 5.55465126 21.83218193 1.39395702
v 5.56542540 21.85056496 1.41155303
v 5.57787895 21.86664009 1.43007100
v 5.71853876 21.90993690 1.31992698
v 5.73085070 21.92304039 1.34036803
v 5.74438143 21.93346596 1.36142004
v 5.75899076 21.94112587 1.38286698
v 5.77404737 21.94579697 1.40447402
v 5.91872787 21.98134422 1.31376302
v 5.59187460 21.88026428 1.44929600
v 5.60725975 21.89125824 1.46902204
v 5.62386847 21.89952660 1.48903298
v 5.43716764 21.80149651 1.53627706
v 5.45097494 21.81809235 1.55357504
v 5.46647978 21.83229065 1.57145202
v 5.28085184 21.60833931 1.59480906
v 5.28209066 21.63421059 1.60499501
v 5.28581858 21.65979195 1.61650598
v 5.29198027 21.68417931 1.62920702
v 5.18176508 21.54866028 1.74614096
v 5.30050945 21.70712662 1.64295995
v 5.31132603 21.72837830 1.65762496
v 5.32430363 21.74769211 1.67303801
v 5.33929157 21.76485252 1.68901300
v 5.35613537 21.77968979 1.70539999
v 5.37462950 21.79200363 1.72200501
v 5.48352337 21.84392548 1.58968306
v 5.50158310 21.85273552 1.60809898
v 6.18757343 24.90420532 1.31176805
v 6.19493532 24.95553780 1.29048896
v 6.19086695 24.92965126 1.29991496
v 6.01472044 24.98107338 1.34704602
v 6.01038408 24.95593643 1.35915804
v 6.18328476 24.83749580 1.36048198
v 6.18520212 24.88012123 1.32591796
v 6.18375540 24.85765076 1.34222102
v 6.00536966 24.90972900 1.38990498
v 6.00725889 24.93207169 1.37349296
v 6.00474167 24.88962173 1.40820599
v 5.83802128 24.99781227 1.43369901
v 5.83570719 24.97564316 1.45025694
v 5.83493137 24.95559120 1.46860099
v 0.08624056 26.81256866 0.51206201
v 0.19454995 26.79141808 0.50135303
v 0.13974752 26.79938507 0.50538802
v 0.03465533 26.83081055 0.52129698
v 0.25000376 26.78874397 0.50000000
v 0.30545375 26.79141235 0.50135201
v 0.36024699 26.79938698 0.50538802
v 0.41376135 26.81257057 0.51206303
v 0.46533960 26.83081818 0.52130002
v 0.51440448 26.85389519 0.53298402
v 0.56037015 26.88154984 0.54698700
v 0.60268736 26.91345978 0.56314200
v 0.64087844 26.94923019 0.58125198
v 0.67448628 26.98847008 0.60111701
v 0.70311296 27.03069305 0.62249398
v 0.72643220 27.07542038 0.64513898
v 0.74416000 27.12212753 0.66878599
v 0.75610137 27.17025948 0.69315398
v 0.76210970 27.21924973 0.71795797
v 0.76210690 27.26853180 0.74290800
v 0.75610602 27.31752396 0.76771200
v 0.74416423 27.36565971 0.79208201
v 0.72643423 27.41235733 0.81572402
v 0.70311522 27.45708656 0.83837003
v 0.67448527 27.49931526 0.85974902
v 2.22239375 28.00301933 0.50000000
v 4.77756405 28.19191742 0.50000000
v 6.24390745 27.55448914 0.78518599
v 6.23789501 27.59493637 0.82180500
v 6.23789072 27.63563347 0.85865003
v 0.03465602 27.65697098 0.93956703
v 0.08624109 27.67520905 0.94880098
v 0.13974881 27.68840027 0.95547998
v 0.19454995 27.69636536 0.95951200
v 0.36024889 27.68840027 0.95547998
v 0.24999756 27.69903564 0.96086401
v 0.30544540 27.69636917 0.95951402
v 0.56037068 27.60623360 0.91387999
v 0.51440883 27.63388443 0.92787999
v 0.64088005 27.53854942 0.87961298
v 0.60269427 27.57432365 0.89772499
v 0.46534148 27.65697479 0.93957001
v 0.41375569 27.67521858 0.94880599
v 5.85374165 25.07119942 1.39653504
v 5.84718037 25.04615402 1.40669298
v 5.84186745 25.02140236 1.41913199
v 6.02005768 25.00658035 1.33729303
v 5.69793081 25.14860344 1.46750700
v 5.69023132 25.12413216 1.47815895
v 5.68399334 25.09983444 1.49098003
v 5.67948055 25.07657623 1.50582898
v 5.67676210 25.05460548 1.52255499
v 5.40744972 25.29178238 1.66682196
v 5.40177107 25.26933479 1.68235195
v 5.39720106 25.22803116 1.71803904
v 5.39833736 25.24784660 1.69948995
v 5.41529942 25.31495857 1.65305102
v 5.42501116 25.33804321 1.64119697
v 5.31108618 25.44784927 1.74187803
v 5.55446100 25.23790359 1.54938304
v 5.54570961 25.21408272 1.56059802
v 5.53861332 25.19031334 1.57386804
v 5.67585230 25.03461838 1.54095495
v 5.53040314 25.14570045 1.60596097
v 5.52937174 25.12579155 1.62442994
v 5.53350210 25.16743469 1.58903694
v 6.24390125 27.67609024 0.89527601
v 6.37625694 20.80242538 0.54002100
v 6.37130356 20.85896111 0.53798199
v 6.37352324 20.83027649 0.53766102
v 6.36969757 20.88750267 0.54096800
v 6.36873245 20.91559792 0.54660898
v 6.56201982 20.81345940 0.51199901
v 6.56064606 20.84138680 0.50944400
v 6.55952930 20.87014580 0.50960201
v 6.55872011 20.89873505 0.51248699
v 6.55823469 20.92685318 0.51805902
v 6.55807686 20.95357132 0.52625602
v 6.74998474 20.81715393 0.50261903
v 6.74998140 20.84510803 0.50000000
v 6.74998379 20.87388992 0.50010699
v 6.74998713 20.90249252 0.50295401
v 6.74998474 20.93062210 0.50850397
v 6.93795013 20.81346321 0.51199198
v 6.93932390 20.84139442 0.50943798
v 6.94044256 20.87014580 0.50960600
v 6.94124079 20.89873314 0.51248199
v 6.94173670 20.92685699 0.51805502
v 6.74998093 20.95734215 0.51669401
v 6.94189644 20.95357323 0.52625698
v 6.36841202 20.94230461 0.55483299
v 7.12370777 20.80242348 0.54002100
v 7.12644529 20.83027649 0.53765500
v 7.12866402 20.85896492 0.53797698
v 7.13026285 20.88750648 0.54096597
v 7.13123655 20.91559982 0.54661101
v 7.30508757 20.78417969 0.58635801
v 7.30915546 20.81189537 0.58432198
v 7.31244564 20.84047127 0.58489299
v 7.31482744 20.86893845 0.58806098
v 7.31625938 20.89698601 0.59381503
v 7.31674051 20.92367172 0.60207701
v 7.13155174 20.94230270 0.55483299
v 7.47996902 20.75893211 0.65047401
v 7.48530912 20.78646088 0.64888197
v 7.48963451 20.81489182 0.64979798
v 7.49277067 20.84324646 0.65322900
v 7.49465275 20.87122726 0.65913099
v 7.49528027 20.89789581 0.66744202
v 7.64627695 20.72697830 0.73161399
v 7.65284300 20.75427628 0.73057997
v 7.65815735 20.78251839 0.73194498
v 7.66199493 20.81073761 0.73568898
v 7.66431952 20.83863068 0.74179500
v 7.66509199 20.86527061 0.75016397
v 7.80208302 20.68869781 0.82882798
v 7.80978441 20.71571350 0.82846802
v 7.81602287 20.74372864 0.83036101
v 7.82053661 20.77178192 0.83449399
v 7.82326031 20.79957581 0.84082401
v 7.82417011 20.82618713 0.84927100
v 8.72241879 22.26504707 0.50000000
v 8.72241688 23.81505203 0.50000000
v 6.36841202 21.87555313 0.91720802
v 6.36873245 21.90119934 0.92792201
v 6.55807686 21.88682365 0.88863200
v 6.55823469 21.91246033 0.89937198
v 6.55872011 21.93733406 0.91253501
v 6.55952883 21.96055794 0.92796499
v 6.36969757 21.92610741 0.94101602
v 6.37130356 21.94937325 0.95634401
v 6.37352324 21.97076225 0.97372901
v 6.56064606 21.98188210 0.94551200
v 6.56205606 22.00107956 0.96496803
v 6.74998093 21.89059448 0.87906998
v 6.74998474 21.91622734 0.88981700
v 6.74998665 21.94109154 0.90300202
v 6.74998379 21.96430016 0.91846901
v 6.94189644 21.88682175 0.88863200
v 6.94173670 21.91245842 0.89936900
v 6.94124079 21.93733788 0.91253000
v 6.94044256 21.96055603 0.92796803
v 6.74998140 21.98560333 0.93606800
v 6.74998474 22.00477219 0.95558900
v 6.74998713 22.02159691 0.97682500
v 6.93932390 21.98188019 0.94550598
v 6.93791389 22.00108337 0.96496099
v 6.37632895 21.99004745 0.99299002
v 6.37970400 22.00700378 1.01392198
v 6.38359261 22.02143669 1.03627801
v 6.56374836 22.01793671 0.98612702
v 6.56570482 22.03225708 1.00874901
v 6.56790352 22.04390335 1.03260505
v 6.38796377 22.03321075 1.05982900
v 6.39277172 22.04217339 1.08430600
v 6.57033110 22.05272102 1.05741596
v 6.57293224 22.05864716 1.08291399
v 6.74998808 22.03587914 0.99953699
v 6.74997997 22.04748154 1.02349401
v 6.93621492 22.01793861 0.98612601
v 6.93426228 22.03225708 1.00875103
v 6.93206549 22.04390335 1.03260303
v 6.74998093 22.05625153 1.04841602
v 6.74997997 22.06212616 1.07403505
v 6.92964697 22.05272293 1.05741298
v 6.92702866 22.05864525 1.08291805
v 7.31674051 21.85692215 0.96445203
v 7.49528027 21.83114433 1.02981699
v 7.49465275 21.85682869 1.04044402
v 7.13155127 21.87555122 0.91720903
v 7.13123608 21.90119743 0.92792398
v 7.12866402 21.94937325 0.95634001
v 7.13026285 21.92610741 0.94101399
v 7.12644529 21.97076797 0.97372299
v 7.31625938 21.88258362 0.97512901
v 7.12363577 21.99004936 0.99299097
v 7.12026930 22.00700569 1.01391494
v 7.11637211 22.02143860 1.03627396
v 7.31482744 21.90753937 0.98810899
v 7.31244564 21.93088531 1.00325596
v 7.30915499 21.95238304 1.02039003
v 7.11199856 22.03321266 1.05982494
v 7.10719013 22.04217720 1.08429599
v 7.30498075 21.97180367 1.03932798
v 7.29998064 21.98892593 1.05987000
v 7.29419422 22.00354958 1.08178401
v 7.49277067 21.88184547 1.05327702
v 7.48963451 21.90530396 1.06816006
v 7.48530912 21.92694855 1.08494997
v 6.39795971 22.04825020 1.10945201
v 6.40348053 22.05135345 1.13497198
v 6.57571983 22.06159019 1.10882103
v 6.74998188 22.06501389 1.10006905
v 6.92425060 22.06159019 1.10881901
v 7.66509199 21.79852676 1.11254001
v 7.66431952 21.82423210 1.12310803
v 7.66199541 21.84933472 1.13573694
v 7.65815735 21.87292671 1.15030706
v 7.80978441 21.85620308 1.26453602
v 7.10200357 22.04825401 1.10944402
v 7.09649849 22.05135345 1.13497496
v 7.28769588 22.01553726 1.10483503
v 7.28056145 22.02473450 1.12875998
v 7.27284861 22.03106499 1.15331399
v 7.26469374 22.03442764 1.17821300
v 7.47982788 21.94656181 1.10344398
v 7.47324228 21.96390915 1.12346101
v 7.46564341 21.97879219 1.14475906
v 7.45709467 21.99108124 1.16711104
v 7.44769907 22.00060081 1.19028103
v 7.65284300 21.89476585 1.16664803
v 7.64610386 21.91461563 1.18458295
v 7.43756580 22.00728416 1.21401203
v 7.42690849 22.01100349 1.23803997
v 7.63802147 21.93225288 1.20392299
v 7.62868738 21.94747162 1.22444105
v 7.61819935 21.96012878 1.24593103
v 7.60666227 21.97006035 1.26813495
v 7.59422684 21.97718811 1.29082406
v 7.80188084 21.87633896 1.28179801
v 7.79239941 21.89432716 1.30032396
v 8.07501125 20.59501266 1.06673300
v 8.08471680 20.62134743 1.06801403
v 7.94556093 20.64453506 0.94097602
v 7.95430899 20.67122841 0.94138801
v 7.96140099 20.69898224 0.94389403
v 7.96652699 20.72685051 0.94846702
v 7.96962070 20.75452995 0.95506901
v 7.97064686 20.78110123 0.96360397
v 8.09257030 20.64880753 1.07121396
v 8.09824371 20.67645645 1.07628298
v 8.10167599 20.70401192 1.08317804
v 8.10281658 20.73053932 1.09182000
v 8.18892956 20.54070473 1.20464301
v 8.19946671 20.56664467 1.20687497
v 8.20799637 20.59378052 1.21082699
v 8.21416569 20.62119675 1.21644294
v 8.21789551 20.64861107 1.22367001
v 8.21913052 20.67509460 1.23241901
v 7.82417011 21.75944328 1.21164596
v 7.82326031 21.78518486 1.22213697
v 7.82053661 21.81038284 1.23454201
v 7.81602287 21.83414078 1.24872303
v 7.58124352 21.98134804 1.31375206
v 7.78143167 21.90994072 1.31991899
v 7.76912689 21.92304611 1.34035301
v 7.75558758 21.93347168 1.36140704
v 7.74097967 21.94113159 1.38285303
v 7.72592402 21.94580078 1.40446699
v 8.28598118 20.48225784 1.35307395
v 8.29722500 20.50776482 1.35633600
v 8.30633450 20.53455544 1.36109304
v 8.31291866 20.56172562 1.36729598
v 8.31688976 20.58898544 1.37487602
v 8.31822014 20.61541557 1.38374197
v 8.36501789 20.42034531 1.51029098
v 8.37684441 20.44540024 1.51463604
v 8.38642788 20.47182274 1.52025795
v 8.39334869 20.49873543 1.52707195
v 8.39752197 20.52583504 1.53503394
v 8.39891434 20.55220795 1.54402804
v 8.42512226 20.35570335 1.67444503
v 8.43739510 20.38028145 1.67993605
v 8.44733429 20.40632820 1.68644702
v 8.45450497 20.43295670 1.69391203
v 8.45884514 20.45988846 1.70225894
v 8.46029091 20.48620796 1.71139002
v 7.97064686 21.71435356 1.32597899
v 7.96962070 21.74013138 1.33638203
v 7.96652699 21.76544762 1.34851503
v 7.96140099 21.78939438 1.36225700
v 7.95430946 21.81172180 1.37745595
v 7.94533062 21.83218765 1.39394498
v 7.93454838 21.85056877 1.41154206
v 7.92208910 21.86664963 1.43004799
v 8.10281658 21.66378975 1.45419502
v 8.10167599 21.68961525 1.46449101
v 8.09824371 21.71505547 1.47633100
v 8.09257030 21.73921013 1.48957598
v 8.08471680 21.76183510 1.50408304
v 8.07475567 21.78268051 1.51970196
v 7.90809870 21.88027000 1.44928098
v 7.89271212 21.89126587 1.46900201
v 7.87610865 21.89953041 1.48902595
v 8.06280613 21.80150414 1.53626096
v 8.04900360 21.81809807 1.55355895
v 8.03349400 21.83230019 1.57143295
v 7.99839878 21.85274124 1.60808003
v 8.01644897 21.84392929 1.58967102
v 8.21913052 21.60834503 1.59479403
v 8.21789551 21.63421631 1.60498297
v 8.21416569 21.65979958 1.61649096
v 8.20799637 21.68418884 1.62918901
v 8.19946671 21.70713425 1.64294302
v 8.18865395 21.72838020 1.65761197
v 8.17568207 21.74769974 1.67301297
v 8.16069221 21.76486015 1.68899405
v 8.14384365 21.77969933 1.70537996
v 8.12535572 21.79200935 1.72198701
v 8.31822014 21.54867363 1.74611700
v 6.37631512 24.91863060 1.25665295
v 6.56207848 24.89631653 1.23619294
v 6.56069708 24.86999893 1.24524498
v 6.55958414 24.84420776 1.25680494
v 6.36975718 24.84257317 1.29153299
v 6.36878920 24.82000542 1.30775499
v 6.37357759 24.89248085 1.26584899
v 6.37136364 24.86681747 1.27751803
v 6.55878258 24.81986618 1.27073801
v 6.55828905 24.79724503 1.28691602
v 6.55812979 24.77704048 1.30513203
v 6.75004482 24.83664322 1.24987495
v 6.75004768 24.88885307 1.22935104
v 6.75003958 24.86248398 1.23835695
v 6.93801117 24.89632225 1.23619998
v 6.93938160 24.87000656 1.24525499
v 6.94049788 24.84422112 1.25681400
v 6.75004578 24.81227493 1.26378703
v 6.75004482 24.78962898 1.27994096
v 6.75004625 24.76942062 1.29815698
v 6.94130373 24.81987381 1.27074397
v 6.94179440 24.79724884 1.28691995
v 6.94195175 24.77704811 1.30514097
v 7.12376928 24.91864777 1.25666702
v 7.13032389 24.84258652 1.29154503
v 7.13128424 24.82001877 1.30776799
v 7.12650585 24.89248848 1.26585805
v 7.12871885 24.86683083 1.27753103
v 7.31249905 24.90422630 1.31178606
v 7.30514669 24.95554733 1.29050004
v 7.30921173 24.92966461 1.29992998
v 6.36847639 24.79982185 1.32599103
v 7.13161278 24.79983902 1.32600701
v 7.31679487 24.83751297 1.36049998
v 7.31488609 24.88014030 1.32593405
v 7.31631613 24.85766220 1.34223402
v 7.48536158 24.98110390 1.34707201
v 7.48969173 24.95595932 1.35917795
v 7.49470854 24.90975380 1.38992596
v 7.49281502 24.93209267 1.37351298
v 7.49534130 24.88964462 1.40822697
v 7.66204739 24.99784279 1.43372500
v 7.66436911 24.97566795 1.45027804
v 7.66513824 24.95561409 1.46862495
v 6.58625221 27.25915146 0.51780802
v 6.63976431 27.24827194 0.50795603
v 6.53467512 27.27421761 0.53144401
v 6.69456625 27.24168205 0.50199300
v 6.75001764 27.23948479 0.50000000
v 6.80546141 27.24168777 0.50199503
v 6.86026716 27.24827194 0.50795603
v 6.91376686 27.25916290 0.51781601
v 6.96535492 27.27421951 0.53144801
v 6.43963814 27.31610298 0.56936902
v 6.39732265 27.34245682 0.59322399
v 6.48560524 27.29327202 0.54869699
v 6.35912943 27.37199020 0.61996400
v 6.32551765 27.40438652 0.64929402
v 7.01441908 27.29328156 0.54870498
v 7.06037664 27.31612015 0.56938398
v 7.10270786 27.34246254 0.59323102
v 7.14089012 27.37200737 0.61997801
v 7.17449999 27.40440178 0.64930600
v 6.29688931 27.43925476 0.68085998
v 6.27357054 27.47618484 0.71429503
v 7.20313406 27.43926620 0.68087298
v 7.22643328 27.47620201 0.71430898
v 6.25584126 27.51474380 0.74920303
v 7.24417067 27.51476288 0.74922198
v 7.25610781 27.55450249 0.78519899
v 7.26211214 27.59495354 0.82182300
v 7.26211023 27.63564682 0.85866100
v 8.72241688 28.19191742 0.50000000
v 10.00000000 27.50000000 0.00000000
v 10.00000000 30.00000000 0.00000000
v 11.00055885 28.58332825 0.00000000
v 11.08332920 28.50055885 0.00000000
v 11.03786755 28.53786850 0.00000000
v 10.97283649 28.63519478 0.00000000
v 10.95576477 28.69147301 0.00000000
v 11.13519478 28.47283554 0.00000000
v 11.19147301 28.45576477 0.00000000
v 11.25000000 28.45000076 0.00000000
v 11.30852699 28.45576477 0.00000000
v 11.36480522 28.47283554 0.00000000
v 11.41667080 28.50055885 0.00000000
v 11.46213245 28.53786850 0.00000000
v 11.49944115 28.58332825 0.00000000
v 11.52716351 28.63519478 0.00000000
v 11.54423523 28.69147301 0.00000000
v 12.50000000 27.50000000 0.00000000
v 11.00055885 28.58332825 0.27499998
v 11.08332920 28.50055885 0.27500001
v 11.03786755 28.53786850 0.27500001
v 10.97283649 28.63519478 0.27500001
v 10.95576477 28.69147301 0.27500001
v 11.13519478 28.47283554 0.27500001
v 11.19147301 28.45576477 0.27500001
v 11.25000000 28.45000076 0.27500001
v 11.30852699 28.45576477 0.27500001
v 11.36480522 28.47283554 0.27500001
v 11.41667080 28.50055885 0.27500001
v 11.46213245 28.53786850 0.27500001
v 11.49944115 28.58332825 0.27499998
v 11.52716351 28.63519478 0.27500001
v 11.54423523 28.69147301 0.27500001
v 10.94999981 28.75000000 0.00000000
v 10.95576477 28.80852699 0.00000000
v 10.97283649 28.86480522 0.00000000
v 11.00055885 28.91667175 0.00000000
v 11.03786755 28.96213150 0.00000000
v 11.08332920 28.99944115 0.00000000
v 11.13519478 29.02716446 0.00000000
v 11.19147301 29.04423523 0.00000000
v 11.25000000 29.04999924 0.00000000
v 11.30852699 29.04423523 0.00000000
v 11.36480522 29.02716446 0.00000000
v 11.41667080 28.99944115 0.00000000
v 11.46213245 28.96213150 0.00000000
v 11.49944115 28.91667175 0.00000000
v 11.55000019 28.75000000 0.00000000
v 11.54423523 28.80852699 0.00000000
v 11.52716351 28.86480522 0.00000000
v 12.50000000 30.00000000 0.00000000
v 10.94999981 28.75000000 0.27500001
v 10.95576477 28.80852699 0.27500001
v 10.97283649 28.86480522 0.27500001
v 11.00055885 28.91667175 0.27499998
v 11.03786755 28.96213150 0.27500001
v 11.08332920 28.99944115 0.27500001
v 11.13519478 29.02716446 0.27500001
v 11.19147301 29.04423523 0.27500001
v 11.25000000 29.04999924 0.27500001
v 11.30852699 29.04423523 0.27500001
v 11.36480522 29.02716446 0.27500001
v 11.41667080 28.99944115 0.27500001
v 11.46213245 28.96213150 0.27500001
v 11.49944115 28.91667175 0.27499998
v 11.55000019 28.75000000 0.27500001
v 11.54423523 28.80852699 0.27500001
v 11.52716351 28.86480522 0.27500001
v 10.00000000 27.50000000 0.50000000
v 10.87876892 28.37876892 0.50000000
v 10.73508739 28.64757729 0.50000000
v 10.81347847 28.45832634 0.50000000
v 10.76496315 28.54909134 0.50000000
v 10.00000000 30.00000000 0.50000000
v 10.72500038 28.75000000 0.50000000
v 10.73508739 28.85242271 0.50000000
v 10.76496315 28.95090866 0.50000000
v 10.81347847 29.04167366 0.50000000
v 10.87876892 29.12123108 0.50000000
v 11.04909134 28.26496315 0.50000000
v 10.95832539 28.31347847 0.50000000
v 11.14757729 28.23508835 0.50000000
v 11.25000000 28.22500038 0.50000000
v 11.35242271 28.23508835 0.50000000
v 11.45090866 28.26496315 0.50000000
v 11.54167461 28.31347847 0.50000000
v 11.62123108 28.37876892 0.50000000
v 11.68652153 28.45832634 0.50000000
v 12.50000000 27.50000000 0.50000000
v 11.73503685 28.54909134 0.50000000
v 11.76491261 28.64757729 0.50000000
v 10.95832539 29.18652153 0.50000000
v 11.04909134 29.23503685 0.50000000
v 11.14757729 29.26491165 0.50000000
v 11.25000000 29.27499962 0.50000000
v 11.68652153 29.04167366 0.50000000
v 11.35242271 29.26491165 0.50000000
v 11.45090866 29.23503685 0.50000000
v 11.54167461 29.18652153 0.50000000
v 11.62123108 29.12123108 0.50000000
v 11.77499962 28.75000000 0.50000000
v 11.76491261 28.85242271 0.50000000
v 11.73503685 28.95090866 0.50000000
v 12.50000000 30.00000000 0.50000000
v 7.48001528 25.00660896 1.33731794
v 7.64632654 25.07122421 1.39656103
v 7.65288448 25.04619026 1.40672302
v 7.65820646 25.02142906 1.41915405
v 7.80213213 25.14863205 1.46753395
v 7.80983210 25.12416267 1.47818899
v 7.81607294 25.09987259 1.49101400
v 7.82058716 25.07661247 1.50585997
v 7.82330990 25.05463600 1.52258396
v 7.82421398 25.03465271 1.54099000
v 7.94560194 25.23794174 1.54941797
v 7.95435047 25.21411896 1.56063294
v 7.96144056 25.19035530 1.57390594
v 7.96966028 25.14574051 1.60599899
v 7.97069311 25.12583542 1.62447000
v 7.96656227 25.16747665 1.58907402
v 8.09260368 25.29183006 1.66686296
v 8.09828663 25.26937866 1.68239200
v 8.10285568 25.22807503 1.71807802
v 8.10172176 25.24789619 1.69953501
v 8.07505512 25.33807945 1.64123499
v 8.08474827 25.31499863 1.65309095
v 8.18896961 25.44789314 1.74191904
v 6.25583029 27.71582603 0.93125099
v 6.27356482 27.75438881 0.96616399
v 6.29688406 27.79131889 0.99959701
v 6.32551384 27.82618332 1.03116298
v 6.35910559 27.85844994 1.06049502
v 6.39765215 27.88791656 1.08723903
v 7.25610256 27.67610359 0.89528900
v 7.22642946 27.75440407 0.96617699
v 7.24416351 27.71583939 0.93126303
v 7.20311117 27.79133415 0.99961197
v 7.17448187 27.82620239 1.03117895
v 7.14087963 27.85845947 1.06050301
v 7.10234213 27.88792992 1.08725095
v 6.44023037 27.91414070 1.11108899
v 6.48631859 27.93682671 1.13176095
v 6.53538561 27.95573425 1.14901805
v 6.58687353 27.97065926 1.16265702
v 6.64021635 27.98143768 1.17251396
v 7.01366568 27.93684196 1.13177598
v 6.69478655 27.98795509 1.17847800
v 6.74999714 27.99013138 1.18046999
v 6.80519819 27.98795509 1.17847705
v 6.96459913 27.95574760 1.14903104
v 6.85976553 27.98143959 1.17251694
v 6.91310596 27.97066879 1.16266501
v 7.05975628 27.91415024 1.11109805
v 0.24999829 24.67290306 1.85780895
v 0.06203555 24.72632027 1.82986701
v 0.06065784 24.70355225 1.84512103
v 0.25000080 24.71727371 1.82522798
v 0.24999696 24.69443321 1.84044898
v 0.43796256 24.72631264 1.82986403
v 0.43933952 24.70354652 1.84511995
v 0.62372231 24.75333977 1.84372103
v 0.62646180 24.73077202 1.85907400
v 0.05953677 24.68206406 1.86250198
v 0.05873500 24.66268539 1.88182795
v 0.05824788 24.64561462 1.90289295
v 0.25000131 24.65348053 1.87711298
v 0.24999383 24.63638878 1.89816999
v 0.05808697 24.63134384 1.92545199
v 0.24999712 24.62211227 1.92072499
v 0.44045848 24.68206787 1.86250401
v 0.44125479 24.66268539 1.88182604
v 0.44175038 24.64561272 1.90289295
v 0.44190511 24.63134384 1.92545295
v 0.63124323 24.67317772 1.91700804
v 0.63157004 24.65894318 1.93958402
v 0.62867820 24.70945930 1.87653506
v 0.63028151 24.69018555 1.89590895
v 0.80510682 24.79804611 1.86664104
v 0.80917215 24.77579117 1.88214695
v 0.81246012 24.75473976 1.89973402
v 0.97997880 24.85987282 1.89834297
v 0.81484187 24.73566628 1.91920197
v 0.81627297 24.71877670 1.94035494
v 0.81674862 24.70457268 1.96294606
v 0.98532355 24.83807755 1.91407096
v 0.98964763 24.81739426 1.93183005
v 0.99277502 24.79857826 1.95141995
v 1.14629042 24.93812752 1.93846595
v 1.15285361 24.91690826 1.95447302
v 0.99466771 24.78185081 1.97265005
v 0.99529725 24.76770210 1.99526703
v 1.15817118 24.89667892 1.97244704
v 1.16200638 24.87820435 1.99220002
v 1.16432953 24.86168098 2.01352406
v 1.16510653 24.84759712 2.03617191
v 1.31604004 24.99167252 2.02111197
v 1.32054889 24.97360420 2.04105496
v 1.32327271 24.95731926 2.06249309
v 1.32417727 24.94331360 2.08517790
v 5.03438807 20.28907776 1.84364402
v 5.02182961 20.31316948 1.85030699
v 5.01165152 20.33881760 1.85774195
v 5.00430632 20.36515999 1.86587405
v 4.99986219 20.39192009 1.87462401
v 4.99838161 20.41818237 1.88389099
v 5.01404762 20.22126198 2.01585388
v 5.00132704 20.24485588 2.02371001
v 4.99103165 20.27010727 2.03208399
v 4.98359823 20.29615593 2.04090095
v 4.97910309 20.32274055 2.05006504
v 4.97760916 20.34894562 2.05946302
v 5.18308496 21.57458115 1.75621104
v 5.18706417 21.60031509 1.76736498
v 5.19364023 21.62495422 1.77947795
v 5.20275640 21.64825058 1.79242003
v 5.21429825 21.66993523 1.80606198
v 5.22814417 21.68977928 1.82023096
v 5.24414492 21.70755005 1.83478701
v 5.26210785 21.72304916 1.84957302
v 5.10106373 21.48545647 1.90642297
v 5.10246181 21.51142693 1.91636801
v 5.10663843 21.53731918 1.92714906
v 5.11356068 21.56222725 1.93863904
v 5.28152847 21.73594856 1.86442101
v 5.12313890 21.58588409 1.95072901
v 5.13527298 21.60803795 1.96327996
v 5.03970337 21.41944885 2.07378697
v 5.14983940 21.62844086 1.97614598
v 5.16661787 21.64680672 1.98920000
v 5.18524170 21.66286850 2.00228190
v 5.04113865 21.44547844 2.08360004
v 5.04547739 21.47154808 2.09398198
v 5.05265617 21.49672890 2.10483408
v 5.06259537 21.52077103 2.11602092
v 5.07516432 21.54336357 2.12743998
v 5.09034872 21.56447411 2.13894796
v 5.01404047 20.15304947 2.18908501
v 5.00132799 20.17614746 2.19813490
v 4.99104404 20.20097923 2.20745993
v 4.97909164 20.25329018 2.22653389
v 4.97757530 20.27966118 2.23607206
v 4.98361826 20.22668839 2.21695995
v 4.77757502 20.26036453 2.35087180
v 4.97868538 20.26036453 2.35087180
v 4.97757673 20.27964783 2.35075092
v 4.77757502 20.09485245 2.37812090
v 5.03441906 20.08521080 2.36129808
v 5.02183914 20.10783577 2.37153697
v 5.02905798 20.09485245 2.37812090
v 5.02183914 20.10783577 2.37598348
v 5.01035976 20.13653564 2.37125826
v 5.04415083 20.06917191 2.40207267
v 5.03441954 20.08520889 2.38711500
v 4.97909260 20.25328445 2.35203743
v 4.98361921 20.22668076 2.35641718
v 4.97761202 21.08609200 2.34570336
v 4.99838161 21.35143471 2.24626589
v 4.99986219 21.37752533 2.25593710
v 5.00430632 21.40375710 2.26592207
v 5.01163721 21.42916107 2.27610397
v 5.02188444 21.45376778 2.28637505
v 5.03447676 21.47645569 2.29661298
v 4.98678684 21.31275940 2.34428477
v 4.98943710 21.34276962 2.34409690
v 4.99509668 21.37310219 2.34390688
v 5.01163626 21.42915916 2.34355593
v 5.02188349 21.45376587 2.34340191
v 5.03448057 21.47646141 2.34326005
v 5.07516956 21.54337502 2.34284115
v 4.77757502 21.57776260 2.34262586
v 5.09034681 21.56447029 2.34270906
v 5.10265970 21.57776260 2.34262586
v 5.16662169 21.64681244 2.37437439
v 5.18528414 21.66289902 2.38177156
v 5.26215076 21.72308350 2.40944409
v 5.28159618 21.73598671 2.41537690
v 5.37470055 21.79204369 2.44115186
v 4.77757502 21.98518372 2.52995634
v 5.50169420 21.85278130 2.46907806
v 5.62401915 21.89958382 2.49059820
v 5.77420807 21.94583511 2.51186371
v 5.91889524 21.98137856 2.52820706
v 5.93869686 21.98518372 2.52995634
v 6.07321548 22.01103020 2.55768919
v 6.23540497 22.03444862 2.58281636
v 6.18328476 24.15613365 2.09325790
v 6.18375540 24.13806534 2.11329198
v 6.00474215 24.20825958 2.14098096
v 6.00536966 24.19014549 2.16097498
v 6.00725889 24.17379570 2.18244696
v 6.18520212 24.12184715 2.13487291
v 6.18757343 24.10810471 2.15775704
v 6.19086695 24.09698296 2.18170691
v 5.83493137 24.27422523 2.20137691
v 5.83570719 24.25606155 2.22132707
v 5.84718037 24.21349144 2.28848600
v 5.83802128 24.23953819 2.24265409
v 5.84186745 24.22530365 2.26512098
v 5.67585230 24.35325432 2.27373099
v 5.67676210 24.33502197 2.29362512
v 6.01038408 24.15983582 2.20514798
v 6.01472044 24.14841080 2.22883892
v 6.19504166 24.08860588 2.20645809
v 6.20004034 24.08305740 2.23172998
v 6.02019882 24.13964272 2.25326204
v 6.02678108 24.13364220 2.27815294
v 6.20573330 24.08044052 2.25724506
v 5.85391378 24.20424461 2.31250501
v 5.67948055 24.31830215 2.31478405
v 5.68399334 24.30373192 2.33696890
v 5.69023132 24.29146767 2.35995197
v 5.69813347 24.28163528 2.38347697
v 6.03419209 24.13051987 2.30321693
v 5.86203718 24.19763756 2.33689404
v 5.52937174 24.44442940 2.35720491
v 5.53040314 24.42611885 2.37703204
v 5.53350210 24.40916443 2.39799190
v 5.39720106 24.54667664 2.45081401
v 5.39833736 24.52826881 2.47056007
v 5.40177107 24.51105499 2.49130607
v 5.40745020 24.49568367 2.51281095
v 5.41529942 24.48229218 2.53484392
v 5.42527485 24.47103882 2.55716610
v 5.28088331 24.65878868 2.55345893
v 5.28212118 24.64029312 2.57312989
v 5.28584766 24.62279701 2.59363389
v 5.29201126 24.60694313 2.61473608
v 5.70757008 24.27439117 2.40728092
v 5.55469942 24.37091446 2.46535206
v 5.56532001 24.36291885 2.48847795
v 5.53861332 24.39421463 2.41985703
v 5.54570961 24.38141441 2.44238997
v 0.05808701 24.16987228 2.81292200
v 0.05824794 24.15825844 2.83674312
v 0.24999718 24.16064072 2.80819607
v 0.24999386 24.14903450 2.83201909
v 0.44190505 24.16987419 2.81292295
v 0.44175029 24.15825844 2.83674192
v 0.63157004 24.19747734 2.82705402
v 0.05873507 24.14912796 2.86155891
v 0.05953680 24.14288521 2.88708711
v 0.25000128 24.13992119 2.85684490
v 0.24999827 24.13372421 2.88239408
v 0.06065781 24.13960838 2.91306806
v 0.06202694 24.13928795 2.93920398
v 0.24999696 24.13049126 2.90839505
v 0.44125476 24.14912415 2.86155796
v 0.44045845 24.14288902 2.88708806
v 0.63124317 24.18582535 2.85085702
v 0.63028145 24.17662430 2.87564111
v 0.43933955 24.13960648 2.91306710
v 0.43797114 24.13928223 2.93920207
v 0.62867820 24.17027855 2.90111995
v 0.62644124 24.16683006 2.92702007
v 0.62299049 24.16617393 2.95305896
v 0.81674862 24.24310493 2.85041595
v 0.81627297 24.23142433 2.87420511
v 0.99529731 24.30623627 2.88273811
v 0.81246018 24.21556282 2.92431903
v 0.80914080 24.21184731 2.95009303
v 0.81484187 24.22210503 2.89893293
v 0.99466771 24.29449654 2.90649891
v 0.99277502 24.28501701 2.93115211
v 1.16432953 24.37432289 2.94737291
v 0.98964769 24.27821541 2.95641494
v 1.16200638 24.36464691 2.97193098
v 0.98531783 24.27414513 2.98201704
v 1.15817118 24.35750008 2.99703193
v 1.15290213 24.35299873 3.02241898
v 1.16510653 24.38612938 2.92364311
v 1.32417727 24.48184395 2.97264791
v 1.32327259 24.46996307 2.99634194
v 1.32054889 24.46004486 3.02078700
v 1.31604004 24.45249367 3.04569602
v 1.47066116 24.59227180 3.02918506
v 1.46963418 24.58029175 3.05283308
v 1.71913707 24.93416595 3.00387120
v 1.30992949 24.44748116 3.07081890
v 1.46653068 24.57008553 3.07714200
v 1.46137166 24.56205940 3.10183811
v 1.45398116 24.55602455 3.12665391
v 0.06203176 24.13929367 3.44557261
v 0.04362111 24.14196968 3.44557261
v 0.24999768 24.13045120 3.44557261
v 0.43796626 24.13928795 3.44557261
v 0.45637798 24.14196396 3.44557261
v 0.59257174 24.16175842 3.44557261
v 0.62361461 24.16628647 3.44557261
v 0.62310022 24.16620064 3.44557261
v 0.62615448 24.16676903 3.44557261
v 0.62649816 24.16683578 3.44557261
v 0.64458072 24.17129135 3.44557261
v 0.77888888 24.20438576 3.44557261
v 0.80912954 24.21183777 3.44557261
v 0.98530453 24.27413750 3.44557261
v 1.15288782 24.35299110 3.44557261
v 1.30991530 24.44747543 3.44557261
v 1.45401871 24.55606079 3.44557261
v 1.46138787 24.56206894 3.44557261
v 1.59259152 24.68500137 3.16479397
v 1.60282373 24.71610069 3.09258509
v 1.60168755 24.70402336 3.11618495
v 1.68180597 24.82701683 3.10380888
v 1.59825397 24.69350052 3.14034510
v 1.68356276 24.81035614 3.14084291
v 1.68344307 24.79946518 3.16505361
v 2.22239375 24.82701683 3.10380888
v 1.67976844 24.78865623 3.18907785
v 1.67237461 24.77813911 3.21245956
v 2.22239375 23.93024063 3.44557261
v 1.64095700 24.74146271 3.29398727
v 2.22239375 24.74146271 3.29398727
v 1.59258258 24.68499184 3.44557261
v 1.67655456 24.78301811 3.44557261
v 2.22239375 24.78303909 3.44557261
v 4.77757502 22.17805862 2.73690391
v 4.77757502 22.26504707 2.73690391
v 4.77756405 24.99755859 2.70443916
v 5.30056524 24.59289932 2.63622499
v 5.31131554 24.58085442 2.65784693
v 5.18179226 24.77946091 2.66394091
v 5.18311596 24.76086617 2.68352509
v 5.18708992 24.74306107 2.70377111
v 5.19367743 24.72670555 2.72445011
v 5.09633970 24.99755859 2.70443916
v 5.20270777 24.71208382 2.74534106
v 5.10108995 24.90727806 2.78096390
v 5.09917927 24.91143417 2.78476834
v 5.10248041 24.88857269 2.80045509
v 5.10107851 24.89162064 2.80324650
v 5.10666037 24.87044907 2.82043004
v 5.10602283 24.87183571 2.82170033
v 5.11433363 24.85236359 2.83986211
v 4.77756405 24.68382263 2.99706054
v 5.22590780 24.68382263 2.99706054
v 5.20271444 24.71207619 2.97070932
v 4.77756405 23.81505203 3.16925454
v 4.77756405 24.60635948 3.16925454
v 5.42530584 24.47100830 3.16925454
v 5.29234362 24.60290146 3.16925454
v 5.28950405 24.60635948 3.16925454
v 5.29629040 24.59809303 3.16925454
v 5.30477095 24.58817673 3.16925454
v 5.31132078 24.58085442 3.16925454
v 5.30054855 24.59290695 3.16925454
v 5.56534576 24.36290741 3.16925454
v 5.70761728 24.27436256 3.16925454
v 5.86204529 24.19762611 3.16925454
v 6.03423977 24.13050842 3.16925454
v 6.20577383 24.08043289 3.16925454
v 1.30209541 25.03187752 1.98653603
v 1.30979455 25.01134300 2.00287294
v 1.44556916 25.14002609 2.04198599
v 1.45431948 25.12028122 2.05870795
v 1.46141005 25.10126114 2.07725406
v 1.46653068 25.08364677 2.09740996
v 1.46963418 25.06764603 2.11898303
v 1.47066116 25.05373764 2.14171505
v 1.57501519 25.26131248 2.10417295
v 1.58472121 25.24245262 2.12132406
v 1.59257793 25.22415161 2.14020991
v 1.59825397 25.20705986 2.16061306
v 1.60168755 25.19137573 2.18233609
v 1.68893754 25.39430046 2.17236209
v 1.60282373 25.17756844 2.20511508
v 1.69947278 25.37642288 2.18998790
v 1.70800400 25.35890961 2.20924401
v 1.71417618 25.34238625 2.22991610
v 1.71789634 25.32703781 2.25179791
v 1.71913707 25.31335258 2.27463508
v 1.78599417 25.53744888 2.24575901
v 1.79723263 25.52061844 2.26389098
v 1.80634284 25.50394630 2.28354502
v 1.81822217 25.45949936 2.34946108
v 1.81292808 25.48804665 2.30451298
v 1.81690025 25.47306633 2.32656693
v 1.86503053 25.68906593 2.32349610
v 1.87685680 25.67334366 2.34216809
v 1.88643157 25.65757561 2.36224890
v 1.89335287 25.64231491 2.38351798
v 1.89753187 25.62774277 2.40576506
v 1.92513347 25.84738159 2.40466905
v 1.89892733 25.61430359 2.42871904
v 1.93739522 25.83281898 2.42390203
v 1.94733131 25.81798553 2.44442511
v 1.96029747 25.77593994 2.51147389
v 1.95451105 25.80341148 2.46601892
v 1.95884800 25.78924179 2.48845506
v 1.96560347 26.01054001 2.48832607
v 1.97815967 25.99716568 2.50813508
v 1.98833752 25.98330498 2.52911711
v 1.99569166 25.96942520 2.55103803
v 2.00012922 25.95567894 2.57367611
v 2.00160837 25.94251442 2.59675908
v 1.99866891 26.16445923 2.59387803
v 1.98595476 26.17661667 2.57347798
v 2.00895858 26.15158272 2.61532497
v 5.30055046 25.42557716 1.75443196
v 5.29201126 25.40304565 1.76874602
v 5.28584766 25.38106918 1.78468001
v 5.28212118 25.35987473 1.80206001
v 5.21403503 25.56604385 1.85024703
v 5.28088331 25.34014702 1.82068396
v 5.20278978 25.54463196 1.86354899
v 5.19367743 25.52281189 1.87846005
v 5.18708992 25.50133705 1.89481604
v 5.18311596 25.48044395 1.91245496
v 5.18179226 25.46082115 1.93116605
v 5.13498735 25.69123459 1.96502995
v 5.10248041 25.60815239 2.02938390
v 5.10108948 25.58863831 2.04818892
v 5.12316561 25.67073631 1.97912300
v 5.11358166 25.64965057 1.99465799
v 5.10666037 25.62872124 2.01147509
v 5.07487965 25.82195282 2.08488011
v 5.06260967 25.80240631 2.09980106
v 5.05267811 25.78210640 2.11599994
v 5.04550076 25.76173019 2.13327909
v 5.04116058 25.74149704 2.15147495
v 5.03972149 25.72209930 2.17037892
v 5.01166534 25.91860008 2.24103999
v 5.00432444 25.89880371 2.25881290
v 4.99988031 25.87892914 2.27730608
v 4.99839878 25.85964203 2.29630303
v 5.03440905 25.95666122 2.20839095
v 5.02184772 25.93810463 2.22416806
v 5.00133896 26.07624054 2.35077190
v 5.01404762 26.09378815 2.33412004
v 4.99104166 26.05755043 2.36833000
v 4.97911310 26.01881599 2.40538812
v 4.98360395 26.03833771 2.38659501
v 4.97761440 25.99964142 2.42447996
v 5.01404476 26.23172760 2.46059299
v 5.00133562 26.21518517 2.47811604
v 4.99104261 26.19731903 2.49636793
v 4.98360014 26.17869568 2.51513100
v 4.97912073 26.15952301 2.53422689
v 4.97758389 26.14000511 2.55342507
v 5.03439236 26.36885452 2.58632112
v 5.02183867 26.35332298 2.60472012
v 5.01165771 26.33626556 2.62365508
v 1.84814930 25.30626678 2.78393769
v 1.77610588 25.14075279 2.81118703
v 1.81822217 25.22677422 2.79702473
v 1.89892745 25.42999840 2.78316307
v 2.22239375 25.30626678 2.78393769
v 2.22239375 25.14075279 2.81118703
v 2.01639366 26.13841629 2.63758206
v 2.02089095 26.12509537 2.66041994
v 2.02238679 26.11207771 2.68357491
v 1.96029747 25.63533401 2.78187776
v 2.00160837 25.84694481 2.78055286
v 2.02238727 26.06236076 2.77920437
v 2.02220845 26.10675430 2.77892661
v 1.98594952 26.34367752 2.65913606
v 2.00895381 26.32085419 2.70204091
v 1.99866474 26.33274078 2.68012595
v 2.01639509 26.30840874 2.72463894
v 1.95025134 26.57163429 2.77601647
v 1.92594659 26.62366486 2.77569079
v 1.91027641 26.68162346 2.80233979
v 2.02089119 26.29551888 2.74768305
v 2.02239370 26.28249931 2.77090502
v 2.02239370 26.28249931 2.77782655
v 2.02238035 26.28178978 2.77783108
v 2.01378179 26.35350609 2.77738190
v 1.96560001 26.50975800 2.74429107
v 1.99110448 26.46653938 2.77667427
v 2.00386047 26.41069603 2.77702403
v 1.97815979 26.50003815 2.76587105
v 1.97309518 26.52045822 2.77633691
v 1.98299170 26.49486160 2.77649713
v 2.22239375 26.47294617 2.77663422
v 2.22239375 26.62366486 2.77569079
v 1.84669960 26.84057045 2.87542391
v 1.76493073 26.99205780 2.94507718
v 1.73781514 27.03108597 2.96302247
v 1.68894219 27.12598801 3.06025100
v 2.22239375 27.03108597 2.96302247
v 1.44556081 27.38026428 3.19062591
v 1.45433843 27.37690544 3.21529698
v 1.30209637 27.48841286 3.24607706
v 1.30982387 27.48583412 3.27113104
v 1.46151042 27.37113571 3.24011803
v 1.30983055 27.48583031 3.44557261
v 1.46150124 27.37113953 3.44557261
v 1.69059253 27.12517357 3.06397390
v 1.66163814 27.16495514 3.10665870
v 1.57501554 27.25898170 3.12844110
v 1.58471787 27.25474739 3.15267897
v 1.62150192 27.21451378 3.15983224
v 1.59250379 27.24837112 3.17715812
v 1.59250438 27.24837112 3.19615865
v 1.58492053 27.25547791 3.20378470
v 1.59250641 27.24836731 3.25806332
v 2.22239375 27.25547791 3.20378470
v 1.59251249 27.24836159 3.44557261
v 1.61354244 27.22380829 3.44557261
v 2.22239375 27.22380829 3.44557261
v 0.62374038 27.76694679 3.38889194
v 0.06202342 27.79397011 3.40274811
v 0.25000039 27.80301285 3.40738392
v 0.05937961 27.79358673 3.44557261
v 0.06202353 27.79397011 3.44557261
v 0.25000045 27.80300903 3.44557261
v 0.43798134 27.79396439 3.40274501
v 0.62675142 27.76640892 3.41493297
v 0.43798122 27.79396439 3.44557261
v 0.44062570 27.79358101 3.44557261
v 0.51982647 27.78205872 3.44557261
v 0.62379080 27.76693726 3.44557261
v 0.62674826 27.76640892 3.44557261
v 0.62570250 27.76659584 3.44557261
v 0.69007641 27.75079727 3.44557261
v 1.14629412 27.58216667 3.29414797
v 1.15280056 27.58032227 3.31953502
v 0.97997767 27.66041756 3.33427000
v 0.80511016 27.72224998 3.36597300
v 0.98523432 27.65916443 3.35993290
v 0.80907685 27.72146225 3.39185905
v 0.80584252 27.72225952 3.44557261
v 0.80907804 27.72146225 3.44557261
v 1.15280485 27.58032036 3.44557261
v 0.98523682 27.65916252 3.44557261
v 2.22239375 28.00301933 3.44557261
v 4.77756405 25.16307259 2.67718983
v 5.06152344 25.16307259 2.67718983
v 5.03972149 25.25136566 2.67663717
v 4.99839878 25.50748253 2.67503381
v 4.97761631 25.76818085 2.67340183
v 4.97758532 26.14002419 2.67107415
v 4.97911978 26.15952492 2.67095208
v 4.77756405 26.48047066 2.66894293
v 5.00431442 26.31822586 2.64291906
v 4.99985123 26.29939651 2.66230702
v 4.99985123 26.29939651 2.67007637
v 5.00431442 26.31822586 2.66995859
v 5.01312113 26.34755707 2.66977501
v 5.02669907 26.38634109 2.66953206
v 5.04299879 26.42378426 2.66929770
v 5.06150484 26.45911407 2.66907668
v 5.07349157 26.48047066 2.66894293
v 5.09016609 26.51928711 2.68679094
v 5.17805433 26.67668343 2.75916123
v 5.27990150 26.82228088 2.82610655
v 4.77756405 26.88789177 2.85627437
v 5.33621931 26.88789177 2.85627437
v 5.38030386 26.94242859 2.91478944
v 5.48339653 27.04200363 3.02162766
v 4.77756405 27.11228371 3.09703684
v 4.77756405 27.10538483 3.16925454
v 5.55878162 27.11228371 3.09703684
v 5.55138254 27.10538483 3.16925454
v 5.97308493 27.49854088 3.16925454
v 4.77756405 28.19191742 3.16925454
v 8.46559238 20.28908730 1.84362102
v 8.47815228 20.31317520 1.85028398
v 8.48833561 20.33882523 1.85771704
v 8.49568367 20.36516762 1.86585498
v 8.50012589 20.39192963 1.87460697
v 8.50160217 20.41819382 1.88386798
v 8.48595428 20.22127151 2.01583505
v 8.49866486 20.24486923 2.02368593
v 8.50895405 20.27011108 2.03206611
v 8.51639748 20.29616165 2.04088092
v 8.52088928 20.32275200 2.05004191
v 8.52238464 20.34895515 2.05944109
v 8.31688976 21.57459068 1.75618899
v 8.31291866 21.60032272 1.76734400
v 8.29722500 21.64825630 1.79240406
v 8.30633450 21.62496567 1.77945495
v 8.28568554 21.66994286 1.80604303
v 8.27183151 21.68978691 1.82021499
v 8.25583935 21.70755386 1.83477700
v 8.23787403 21.72305679 1.84955394
v 8.39891434 21.48546219 1.90640295
v 8.39752197 21.51143074 1.91634703
v 8.39334869 21.53732872 1.92711997
v 8.38642788 21.56223679 1.93861997
v 8.21845531 21.73595619 1.86439800
v 8.37684441 21.58589745 1.95070505
v 8.36470890 21.60804558 1.96326005
v 8.46029091 21.41946220 2.07376504
v 8.35015392 21.62844658 1.97613001
v 8.33336163 21.64682007 1.98917103
v 8.31472778 21.66287994 2.00226402
v 8.45884514 21.44549370 2.08357191
v 8.45450497 21.47155380 2.09396005
v 8.44733429 21.49673462 2.10481000
v 8.43739510 21.52078056 2.11600494
v 8.42482090 21.54337311 2.12741399
v 8.40963840 21.56448555 2.13891792
v 6.40357828 22.05137444 2.60097671
v 6.57577085 22.06160736 2.61195660
v 6.74998379 22.06495285 2.61554503
v 6.92419910 22.06160736 2.61195755
v 7.72576332 21.94583893 2.51186609
v 7.09640074 22.05137444 2.60097814
v 7.26455879 22.03445244 2.58282208
v 7.58107662 21.98138237 2.52820969
v 7.56130409 21.98518181 2.52995634
v 7.42674971 22.01103401 2.55769515
v 8.48594761 20.15305710 2.18906498
v 8.49865627 20.17615318 2.19811106
v 8.50895691 20.20098686 2.20743299
v 8.51637459 20.22669792 2.21693897
v 8.52090359 20.25329781 2.22651100
v 8.52241898 20.27967072 2.23604989
v 8.52130890 20.26036453 2.35087180
v 8.52241802 20.27965736 2.35075092
v 8.46557808 20.08522034 2.36127591
v 8.47815514 20.10784340 2.37151408
v 8.47093296 20.09485245 2.37812090
v 8.47815514 20.10784340 2.37598205
v 8.48963642 20.13653374 2.37125897
v 8.45583916 20.06917381 2.40207314
v 8.46557713 20.08521843 2.38710642
v 8.51637363 20.22669029 2.35641575
v 8.52090263 20.25329208 2.35203624
v 8.52238178 21.08615494 2.34570289
v 8.72241879 20.26036453 2.35087180
v 8.72241879 20.09485245 2.37812090
v 8.49568367 21.40376472 2.26590300
v 8.50160217 21.35144234 2.24624395
v 8.50012589 21.37752914 2.25592089
v 8.48834991 21.42917252 2.27607894
v 8.47809792 21.45377922 2.28635192
v 8.46550369 21.47646332 2.29659009
v 8.51320553 21.31275940 2.34428453
v 8.51055527 21.34276772 2.34409690
v 8.50489807 21.37310219 2.34390688
v 8.48835087 21.42917061 2.34355593
v 8.46549988 21.47646904 2.34325981
v 8.47809887 21.45377731 2.34340191
v 8.42481613 21.54338455 2.34284115
v 8.39733887 21.57776260 2.34262586
v 8.40964031 21.56448174 2.34270906
v 8.33335781 21.64682579 2.37438035
v 8.31468582 21.66291046 2.38177681
v 8.72241879 21.57776260 2.34262586
v 8.12528419 21.79205132 2.44115520
v 7.99828720 21.85278702 2.46908188
v 8.23783112 21.72309113 2.40944719
v 8.21838760 21.73599434 2.41538024
v 7.87595844 21.89958763 2.49060082
v 8.72241879 21.98518181 2.52995634
v 6.36847639 24.11846161 2.05876589
v 6.55812979 24.09567833 2.03790808
v 6.55828905 24.07766342 2.05798602
v 6.75004578 24.05400085 2.07274199
v 6.75004578 24.08806038 2.03093195
v 6.75004482 24.07004547 2.05101109
v 6.94195223 24.09568977 2.03791690
v 6.94179440 24.07766914 2.05799007
v 6.55878258 24.06159210 2.07969308
v 6.55958414 24.04810715 2.10279393
v 6.56069708 24.03733444 2.12703800
v 6.37357807 24.05981636 2.14764190
v 6.37638712 24.05170822 2.17262197
v 6.56211472 24.02939796 2.15216208
v 6.56380844 24.02438927 2.17789102
v 6.36878967 24.10042381 2.07882595
v 6.36975718 24.08429909 2.10048795
v 6.37136364 24.07071686 2.12350702
v 6.75004482 24.04054260 2.09586501
v 6.75003958 24.02981758 2.12015009
v 6.94130373 24.06159782 2.07969904
v 6.94049788 24.04811668 2.10280299
v 6.93938160 24.03734589 2.12704802
v 6.75004768 24.02193642 2.14531994
v 6.75003815 24.01699638 2.17110610
v 6.93797493 24.02940559 2.15216994
v 6.93627453 24.02439117 2.17789412
v 7.13161278 24.11847878 2.05878305
v 7.12650585 24.05982590 2.14765096
v 7.12369728 24.05172348 2.17263603
v 7.13128424 24.10043907 2.07883906
v 7.13032389 24.08431244 2.10050011
v 7.12871885 24.07073212 2.12351990
v 7.31679487 24.15615463 2.09327507
v 7.31631613 24.13808060 2.11330390
v 7.31488609 24.12186241 2.13488889
v 7.31249905 24.10812378 2.15777612
v 7.30921221 24.09700203 2.18172312
v 7.49534130 24.20828438 2.14100289
v 7.49470854 24.19016838 2.16099596
v 7.49281549 24.17381859 2.18246794
v 6.37976074 24.04649544 2.19817805
v 6.38360882 24.04426003 2.22402406
v 6.56575203 24.02237701 2.20392799
v 6.75004339 24.01506233 2.19721103
v 6.93433189 24.02238274 2.20393395
v 7.12032557 24.04650688 2.19818997
v 7.11647463 24.04427147 2.22403407
v 7.30503941 24.08861542 2.20646906
v 7.30003500 24.08307648 2.23174906
v 7.29434633 24.08046150 2.25726295
v 7.48969173 24.15985680 2.20516706
v 7.48536158 24.14843559 2.22886395
v 7.66513777 24.27425194 2.20140004
v 7.66436911 24.25608253 2.22134900
v 7.47987509 24.13966942 2.25328708
v 7.47329140 24.13366127 2.27817202
v 7.65288448 24.21352196 2.28851604
v 7.66204739 24.23956680 2.24268007
v 7.65820646 24.22532845 2.26514292
v 7.46589088 24.13054466 2.30324006
v 7.64615393 24.20427132 2.31253004
v 7.63803339 24.19767189 2.33692408
v 7.80983210 24.29150009 2.35998106
v 7.80192900 24.28166580 2.38350391
v 7.79250145 24.27442551 2.40731406
v 7.82421398 24.35329247 2.27376509
v 7.82330942 24.33505630 2.29365396
v 7.82058716 24.31833458 2.31481504
v 7.81607294 24.30377007 2.33700299
v 7.97069311 24.44447327 2.35724592
v 7.96966028 24.42615891 2.37706900
v 7.96656227 24.40920258 2.39802909
v 7.94536448 24.37095451 2.46538711
v 7.93474293 24.36295319 2.48850894
v 7.96144056 24.39425659 2.41989493
v 7.95435047 24.38145638 2.44242597
v 8.10285568 24.54671669 2.45085311
v 8.10172176 24.52831841 2.47060490
v 8.09828663 24.51110077 2.49134707
v 8.09260368 24.49572563 2.51285195
v 8.08474827 24.48233795 2.53488398
v 8.07479095 24.47108269 2.55720401
v 8.21916962 24.65883446 2.55350304
v 8.21793175 24.64034081 2.57317400
v 8.21420193 24.62284660 2.59368110
v 8.20804119 24.60699463 2.61478305
v 8.72241879 22.17805862 2.73690391
v 8.72241879 22.26504707 2.73690391
v 8.19948196 24.59294510 2.63626599
v 8.18874168 24.58090210 2.65788889
v 8.31824970 24.77950859 2.66398692
v 8.31692219 24.76091766 2.68357396
v 8.31294632 24.74311066 2.70381498
v 8.30636501 24.72675705 2.72449398
v 8.40367413 24.99755859 2.70443916
v 8.29733944 24.71213150 2.74538398
v 8.39894676 24.90732574 2.78100991
v 8.40083504 24.91143227 2.78476954
v 8.39754963 24.88862419 2.80050492
v 8.39336872 24.87050247 2.82047796
v 8.39398193 24.87183571 2.82169962
v 8.38582897 24.85267830 2.83956933
v 8.39892673 24.89162064 2.80324769
v 8.72241688 24.99755859 2.70443916
v 8.27410030 24.68382263 2.99706054
v 8.29733276 24.71212387 2.97066474
v 8.72241688 24.68382263 2.99706054
v 6.38363838 24.04425430 3.16925454
v 6.56576777 24.02237320 3.16925454
v 6.75004339 24.01505852 3.16925454
v 6.93431616 24.02237892 3.16925454
v 7.11644506 24.04426575 3.16925454
v 7.29430580 24.08045387 3.16925454
v 7.46584320 24.13053322 3.16925454
v 7.63802624 24.19766045 3.16925454
v 7.79245424 24.27439690 3.16925454
v 7.93471670 24.36293983 3.16925454
v 8.07476044 24.47105217 3.16925454
v 8.18873596 24.58090210 3.16925454
v 8.19528008 24.58822441 3.16925454
v 8.19949913 24.59295464 3.16925454
v 8.20371914 24.59809494 3.16925454
v 8.21050453 24.60635948 3.16925454
v 8.72241688 23.81505203 3.16925454
v 8.72241688 24.60635948 3.16925454
v 8.19949722 25.42561913 1.75447297
v 8.20804119 25.40309715 1.76879394
v 8.21420193 25.38112068 1.78472602
v 8.21793175 25.35992432 1.80210400
v 8.21916962 25.34019470 1.82072794
v 8.28600979 25.56608772 1.85028696
v 8.29725838 25.54467583 1.86359203
v 8.30636501 25.52285576 1.87850499
v 8.31294632 25.50138283 1.89486098
v 8.31692219 25.48049927 1.91250396
v 8.31824970 25.46087265 1.93121099
v 8.36504269 25.69128227 1.96507204
v 8.39754963 25.60820961 2.02943397
v 8.39894676 25.58869171 2.04823399
v 8.37687397 25.67079163 1.97917402
v 8.38645554 25.64970779 1.99471200
v 8.39336872 25.62877274 2.01152301
v 8.42514896 25.82200432 2.08492994
v 8.43741035 25.80246353 2.09985399
v 8.44734669 25.78216171 2.11604810
v 8.45452881 25.76178551 2.13333201
v 8.45886135 25.74155998 2.15153193
v 8.46030521 25.72215080 2.17042398
v 8.48834324 25.91865921 2.24109292
v 8.49570179 25.89886665 2.25886703
v 8.50013733 25.87897873 2.27735400
v 8.50161552 25.85969162 2.29635000
v 8.46561050 25.95671654 2.20844102
v 8.47817516 25.93815994 2.22422194
v 8.49866772 26.07629776 2.35082293
v 8.48595524 26.09384918 2.33417511
v 8.50896740 26.05760956 2.36838388
v 8.51640034 26.03840065 2.38665199
v 8.52089691 26.01887894 2.40544391
v 8.52239132 25.99970245 2.42453790
v 8.48595238 26.23178864 2.46064806
v 8.49866104 26.21524811 2.47817302
v 8.50895786 26.19737244 2.49641800
v 8.51639462 26.17876053 2.51518798
v 8.52088737 26.15958595 2.53428197
v 8.52241707 26.14005470 2.55347610
v 8.46559048 26.36891747 2.58637810
v 8.47815704 26.35338020 2.60477090
v 8.48833370 26.33632469 2.62370801
v 8.43848419 25.16307259 2.67718983
v 8.46030521 25.25145531 2.67663646
v 8.50161552 25.50757790 2.67503309
v 8.52238941 25.76829910 2.67340112
v 8.52241611 26.14007378 2.67107391
v 8.52088833 26.15958786 2.67095184
v 8.72241688 25.16307259 2.67718983
v 8.49568272 26.31827927 2.64296794
v 8.49568272 26.31827927 2.66995835
v 8.48688889 26.34755707 2.66977501
v 8.47330570 26.38634109 2.66953230
v 8.50014496 26.29946136 2.66236496
v 8.50010395 26.29963493 2.67007494
v 8.43850040 26.45911407 2.66907668
v 8.42651272 26.48047066 2.66894293
v 8.45700645 26.42378426 2.66929770
v 8.40981102 26.51935387 2.68682122
v 8.32191753 26.67674828 2.75919127
v 8.22005844 26.82234383 2.82613540
v 8.72241688 26.48047066 2.66894293
v 8.16379356 26.88789177 2.85627437
v 8.11966705 26.94247437 2.91483903
v 8.01656628 27.04204559 3.02167463
v 8.72241688 26.88789177 2.85627437
v 7.52688599 27.49856949 3.16925454
v 7.94122648 27.11228371 3.09703684
v 7.94862604 27.10538483 3.16925454
v 8.72241688 27.11228371 3.09703684
v 8.72241688 27.10538483 3.16925454
v 6.35464382 27.85740280 3.16925454
v 6.39353275 27.88733482 3.16925454
v 6.43655825 27.91401672 3.16925454
v 6.48315859 27.93709564 3.16925454
v 6.53279305 27.95632744 3.16925454
v 6.58489275 27.97150993 3.16925454
v 6.63887978 27.98247337 3.16925454
v 6.69411564 27.98909950 3.16925454
v 6.74999714 27.99131203 3.16925454
v 6.80586863 27.98909950 3.16925454
v 6.96719074 27.95634270 3.16925454
v 7.01682520 27.93711090 3.16925454
v 6.86110115 27.98247528 3.16925454
v 6.91508627 27.97151947 3.16925454
v 7.10646057 27.88734818 3.16925454
v 7.06342936 27.91402626 3.16925454
v 7.14534330 27.85741043 3.16925454
v 8.72241688 28.19191742 3.16925454
f 1882 1888 1883
f 1893 1886 1892
f 1892 1885 1891
f 1888 1887 1893
f 1887 1886 1893
f 1886 1885 1892
f 1868 1884 1929
f 1884 1889 1890
f 1889 1883 1888
f 1888 1881 1887
f 1880 1886 1887
f 1883 1889 1884
f 1893 1894 1888
f 1879 1885 1886
f 1881 1888 1882
f 1887 1881 1880
f 1886 1880 1879
f 1884 1867 1883
f 1867 1882 1883
f 1882 1866 1881
f 2702 1873 1878
f 2704 1843 1873
f 2701 1834 1843
f 1828 1900 1901
f 1868 1919 1905
f 1899 1898 1906
f 1906 1897 1905
f 1897 1906 1898
f 1901 1900 1909
f 1900 1899 1908
f 1850 1903 1904
f 1903 1850 1902
f 1902 1849 1901
f 1872 1899 1900
f 2700 1830 1834
f 1849 1902 1850
f 1929 1890 2678
f 1929 1884 1890
f 1894 1893 2661
f 1893 1892 2660
f 1892 1891 2658
f 1895 1896 1890
f 1895 1888 1894
f 1890 1889 1895
f 1889 1888 1895
f 1865 1864 1881
f 1905 1862 1868
f 1897 1858 1862
f 1862 1867 1868
f 1867 1861 1866
f 1862 1861 1867
f 1861 1860 1866
f 1860 1859 1866
f 1881 1864 1880
f 1864 1879 1880
f 1866 1882 1867
f 1866 1865 1881
f 1884 1868 1867
f 1864 1863 1879
f 1859 1865 1866
f 1865 1852 1864
f 1864 1851 1863
f 1859 1852 1865
f 1851 1864 1852
f 1750 1858 1897
f 1861 1862 1858
f 1861 1856 1860
f 1859 1860 1856
f 1848 1878 1873
f 2698 1823 1830
f 2697 1822 1823
f 2696 1820 1821
f 2696 1821 1822
f 2695 1549 1820
f 1913 1878 1877
f 1877 1876 1912
f 1876 1875 1912
f 1878 1848 1877
f 1848 1876 1877
f 1902 1901 1909
f 1846 1875 1876
f 1898 1899 1870
f 1898 1869 1897
f 1901 1849 1828
f 1900 1828 1872
f 1899 1872 1871
f 1870 1899 1871
f 1869 1898 1870
f 1905 1897 1862
f 1897 1869 1750
f 1931 1932 1942
f 1941 1933 1938
f 1933 1937 1938
f 1937 1616 1934
f 1936 1618 1616
f 1932 1936 1937
f 1617 1618 1930
f 1616 1937 1936
f 1936 1930 1618
f 1938 1934 1935
f 1937 1934 1938
f 1932 1933 1941
f 1939 1948 1938
f 1930 1932 1931
f 1930 1936 1932
f 2742 2723 1751
f 2674 1923 2672
f 1923 2673 2672
f 2674 1925 1924
f 1924 1923 2674
f 2673 1921 2671
f 2671 1920 2670
f 1920 1929 2670
f 1945 1946 1956
f 1946 1950 1957
f 1950 1948 1951
f 1946 1941 1950
f 1948 1949 1951
f 1948 1940 1949
f 1950 1947 1948
f 1947 1950 1941
f 1947 1938 1948
f 1941 1938 1947
f 1944 1945 1956
f 1923 1922 2673
f 1945 1941 1946
f 1944 1943 1945
f 1943 1941 1945
f 1942 1943 1944
f 1943 1932 1941
f 1942 1932 1943
f 1937 1933 1932
f 1948 1939 1940
f 1939 1935 1940
f 1938 1935 1939
f 1907 1906 1921
f 1912 1916 1918
f 1917 1913 1912
f 1913 1877 1912
f 1912 1875 1911
f 1875 1904 1911
f 1874 1904 1875
f 1850 1904 1874
f 1919 1868 1929
f 1915 1903 1914
f 1910 1914 1903
f 1908 1907 1921
f 1917 1912 1918
f 1906 1905 1920
f 1916 1911 1915
f 1911 1916 1912
f 1904 1915 1911
f 1910 1902 1909
f 1909 1900 1908
f 1908 1899 1907
f 1906 1907 1899
f 1904 1903 1915
f 1903 1902 1910
f 1928 1917 1918
f 1922 1921 2673
f 1921 1920 2671
f 1920 1919 1929
f 2677 1927 1926
f 2676 1926 1925
f 1916 1926 1927
f 1928 1916 1927
f 1926 1915 1925
f 1925 1910 1924
f 1918 1916 1928
f 1852 1859 1855
f 1910 1923 1924
f 1916 1915 1926
f 1915 1914 1925
f 1923 1909 1922
f 1914 1910 1925
f 1910 1909 1923
f 1909 1908 1922
f 1908 1921 1922
f 1921 1906 1920
f 1920 1905 1919
f 1795 1823 1793
f 1802 1769 1800
f 1800 1768 1799
f 1798 1824 1825
f 1816 1798 1826
f 1798 1797 1824
f 1798 1796 1797
f 1824 1744 1869
f 1796 1798 1804
f 1797 1744 1824
f 1796 1738 1797
f 1795 1794 1829
f 1801 1770 1802
f 1794 1795 1793
f 1794 1791 1812
f 1793 1786 1792
f 1793 1792 1794
f 1788 1794 1792
f 1791 1790 1807
f 1788 1791 1794
f 1791 1787 1790
f 1806 1790 1789
f 1789 1776 1806
f 1803 1813 1805
f 1807 1815 1811
f 1807 1806 1815
f 1810 1809 1817
f 1808 1817 1809
f 1806 1813 1814
f 1804 1798 1808
f 1813 1803 1810
f 1803 1809 1810
f 1806 1805 1813
f 1790 1806 1807
f 1787 1789 1790
f 1776 1805 1806
f 1809 1801 1808
f 1808 1800 1804
f 1800 1796 1804
f 1809 1803 1801
f 1801 1802 1808
f 1805 1776 1803
f 1802 1800 1808
f 1799 1796 1800
f 1803 1771 1801
f 1767 1771 1775
f 1528 1778 1779
f 1528 1527 1777
f 1528 1777 1778
f 1527 1523 1777
f 1778 1777 1780
f 1523 1761 1777
f 1776 1775 1803
f 1774 1776 1789
f 1775 1771 1803
f 1771 1770 1801
f 1772 1775 1776
f 1779 1778 1781
f 1774 1773 1776
f 1774 1763 1773
f 1773 1772 1776
f 1772 1767 1775
f 1763 1772 1773
f 1772 1762 1767
f 1770 1769 1802
f 1769 1768 1800
f 1767 1770 1771
f 1765 1769 1770
f 1784 1782 1785
f 1787 1791 1788
f 1792 1782 1788
f 1782 1787 1788
f 1789 1787 1774
f 1781 1774 1787
f 1786 1793 1821
f 1819 1784 1786
f 1786 1784 1785
f 1785 1792 1786
f 1782 1792 1785
f 1811 1831 1812
f 1784 1783 1782
f 1784 1545 1783
f 1783 1544 1779
f 1544 1529 1779
f 1529 1528 1779
f 1782 1781 1787
f 1783 1781 1782
f 1779 1781 1783
f 1780 1774 1781
f 1778 1780 1781
f 1837 1836 1844
f 1841 1840 1849
f 1848 1839 1847
f 1843 1842 1848
f 1842 1839 1848
f 1847 1838 1846
f 1838 1845 1846
f 1839 1838 1847
f 2837 1751 1496
f 1834 1842 1843
f 1837 1844 1845
f 1838 1837 1845
f 1844 1841 1850
f 1844 1835 1841
f 1835 1840 1841
f 1836 1835 1844
f 1840 1817 1827
f 1817 1826 1827
f 1835 1818 1840
f 1818 1817 1840
f 1842 1832 1839
f 1834 1833 1842
f 1833 1832 1842
f 1854 1745 1853
f 1857 1861 1858
f 1856 1861 1857
f 1859 1856 1855
f 1855 1854 1852
f 1853 1852 1854
f 1858 1750 1857
f 1750 1749 1857
f 1749 1856 1857
f 1856 1747 1855
f 1855 1746 1854
f 1832 1838 1839
f 1853 1851 1852
f 1875 1845 1874
f 1876 1848 1847
f 1847 1846 1876
f 1845 1850 1874
f 1875 1846 1845
f 1873 1843 1848
f 1850 1841 1849
f 1840 1828 1849
f 1845 1844 1850
f 1835 1810 1818
f 1822 1793 1823
f 1821 1793 1822
f 1549 1548 1820
f 1820 1786 1821
f 1820 1819 1786
f 1548 1819 1820
f 1548 1545 1819
f 1784 1819 1545
f 1544 1783 1545
f 1817 1816 1826
f 1823 1795 1829
f 1810 1817 1818
f 1817 1808 1816
f 1808 1798 1816
f 1835 1814 1813
f 1831 1811 1815
f 1813 1810 1835
f 1815 1806 1814
f 1829 1794 1812
f 1812 1791 1811
f 1791 1807 1811
f 1823 1829 1830
f 1838 1815 1837
f 1831 1838 1832
f 1837 1814 1836
f 1838 1831 1815
f 1814 1835 1836
f 1814 1837 1815
f 1829 1833 1834
f 1830 1829 1834
f 1829 1832 1833
f 1832 1829 1812
f 1951 1949 1952
f 1832 1812 1831
f 1828 1840 1872
f 1826 1871 1872
f 1871 1826 1870
f 1870 1825 1869
f 1840 1827 1872
f 1827 1826 1872
f 1826 1825 1870
f 1825 1824 1869
f 1826 1798 1825
f 2187 2181 2188
f 2190 2191 2454
f 2191 2187 2194
f 2190 2187 2191
f 2187 2188 2194
f 2190 2183 2187
f 2188 2189 2194
f 2189 2184 2192
f 2192 2185 2186
f 2184 2185 2192
f 2188 2182 2189
f 2182 2184 2189
f 2192 2186 2193
f 2183 2181 2187
f 2181 2182 2188
f 2183 2180 2181
f 2185 2176 2186
f 2184 2176 2185
f 2182 2179 2184
f 2179 2176 2184
f 2182 2178 2179
f 2180 2163 2181
f 2181 2178 2182
f 2198 2194 2199
f 2193 2186 2358
f 2186 2177 2358
f 2177 2175 2339
f 2175 2171 2339
f 2171 2170 2335
f 1471 2549 2409
f 2200 2201 2459
f 2200 2197 2201
f 2199 2196 2200
f 2196 2197 2200
f 2181 2164 2178
f 2454 2194 2198
f 2199 2195 2196
f 2194 2195 2199
f 2453 2190 2454
f 2454 2191 2194
f 2195 2189 2196
f 2194 2189 2195
f 2196 2192 2197
f 2192 2193 2197
f 2189 2192 2196
f 2140 2139 2939
f 2162 2172 2164
f 2163 2161 2162
f 2162 2160 2172
f 2161 2160 2162
f 2161 2159 2160
f 2165 2160 2158
f 2160 2157 2158
f 2159 2157 2160
f 2156 2172 2160
f 2165 2156 2160
f 2141 2140 2941
f 2163 2162 2164
f 1656 2965 2002
f 2152 2142 2155
f 2154 2151 2152
f 2154 2153 2151
f 2150 2149 2151
f 2149 2147 2151
f 2147 2144 2151
f 2142 2152 2151
f 2155 2148 2152
f 2146 2145 2147
f 2171 2167 2170
f 2163 2164 2181
f 2178 2172 2179
f 2164 2172 2178
f 2176 2177 2186
f 2176 2175 2177
f 2176 2174 2175
f 2179 2174 2176
f 2179 2173 2174
f 2172 2173 2179
f 2174 2171 2175
f 2197 2193 2372
f 2174 2169 2171
f 2173 2168 2174
f 2169 2174 2168
f 2172 2168 2173
f 2172 2156 2168
f 2169 2167 2171
f 2168 2167 2169
f 2168 2166 2167
f 2166 2168 2165
f 2156 2165 2168
f 2224 2223 2214
f 2272 2280 1496
f 1615 2279 1613
f 2220 2232 2231
f 2230 2219 2231
f 2219 2230 2228
f 2220 2221 2232
f 2228 2227 2217
f 2227 2225 2216
f 2231 2219 2220
f 2228 2218 2219
f 2225 2224 2216
f 2280 2418 1496
f 2223 2222 2214
f 2226 2221 1612
f 2217 2218 2228
f 2227 2216 2217
f 2224 2215 2216
f 2214 2215 2224
f 2221 2220 1612
f 2226 1612 1613
f 2219 1611 2220
f 2218 1609 2219
f 2228 2237 2236
f 2262 2235 2236
f 2235 2262 2234
f 2233 2234 2260
f 2259 2229 2233
f 2221 2226 2277
f 2237 2228 2238
f 2238 2230 2231
f 2228 2230 2238
f 1613 2279 2226
f 2236 2227 2228
f 2217 1609 2218
f 2235 2227 2236
f 2225 2227 2235
f 2224 2225 2234
f 2233 2223 2224
f 2222 2223 2233
f 2234 2225 2235
f 2233 2224 2234
f 2222 2233 2229
f 1599 2282 1615
f 1599 1595 2283
f 1574 1575 2206
f 2204 2205 2211
f 2208 2202 2209
f 2209 2203 2204
f 2202 2203 2209
f 2206 1575 2207
f 2205 1574 2206
f 2204 1574 2205
f 1572 2204 2203
f 2202 1572 2203
f 1575 1576 2207
f 2205 2206 2211
f 2412 1471 2409
f 2372 2193 2360
f 2193 2358 2360
f 2460 2377 2467
f 2201 2377 2460
f 2358 2177 2341
f 2177 2339 2341
f 2339 2171 2337
f 2171 2335 2337
f 2201 2197 2373
f 2244 2211 2212
f 2222 1607 2214
f 2258 2207 2259
f 2229 2259 1576
f 2213 2207 2258
f 2243 2212 2213
f 2244 2212 2242
f 2242 2212 2243
f 2241 2210 2244
f 2240 2210 2241
f 2240 2239 2209
f 2145 2144 2147
f 2210 2211 2244
f 2209 2210 2240
f 2212 2207 2213
f 2211 2206 2212
f 2239 2208 2209
f 2204 2211 2210
f 2209 2204 2210
f 1576 2222 2229
f 2207 1576 2259
f 2206 2207 2212
f 1985 1976 1984
f 1978 1944 1979
f 1977 1942 1978
f 1975 1930 1977
f 1974 1930 1975
f 1992 1990 1991
f 1988 1990 1992
f 1988 1989 1990
f 1992 1984 1988
f 1984 1978 1988
f 1993 1986 1984
f 1986 1993 1987
f 1979 1944 1980
f 1985 1984 1983
f 1988 1981 1982
f 1981 1988 1978
f 1981 1979 1980
f 1978 1979 1981
f 1978 1976 1975
f 1975 1977 1978
f 1976 1978 1984
f 1974 1975 1976
f 2802 1973 1970
f 1992 1996 1999
f 2001 1999 2000
f 2142 1992 2001
f 1992 1999 2001
f 1999 1996 1998
f 2142 1984 1992
f 2142 1658 1984
f 1658 1657 1994
f 1997 1994 1657
f 2002 1752 2076
f 1752 1751 2076
f 2782 1970 1963
f 1992 1995 1996
f 2111 1989 1988
f 2107 1988 1982
f 1982 1981 1959
f 1994 1984 1658
f 1984 1994 1993
f 1980 1959 1981
f 1983 1673 1985
f 1676 1974 1976
f 1976 1985 1676
f 1958 1957 1964
f 1958 1964 1967
f 1964 1954 1965
f 1965 1962 1963
f 1965 1955 1962
f 1954 1955 1965
f 1955 1952 1962
f 1497 1752 2873
f 1940 1935 1961
f 1621 1961 1935
f 1935 1934 1623
f 1959 1956 1960
f 1959 1960 1966
f 1956 1958 1960
f 1957 1954 1964
f 1953 1956 1959
f 1956 1957 1958
f 1956 1946 1957
f 1954 1950 1955
f 1957 1950 1954
f 1944 1956 1953
f 1955 1951 1952
f 1950 1951 1955
f 1969 1968 1972
f 2776 1963 1962
f 1962 1952 2776
f 2753 1952 1949
f 1949 1940 2753
f 2749 1940 1961
f 2115 1972 1973
f 1972 1970 1973
f 1972 1971 1969
f 2110 1969 1971
f 1972 1968 1970
f 2076 1656 2002
f 2110 1967 1969
f 2110 1966 1967
f 1968 1965 1970
f 1967 1964 1969
f 1964 1968 1969
f 1966 1960 1967
f 1959 1966 2107
f 1965 1963 1970
f 1964 1965 1968
f 1960 1958 1967
f 2122 2120 2126
f 2876 2123 2124
f 2123 2876 2128
f 2127 2128 2875
f 2879 2126 2125
f 2878 2124 2126
f 2126 2121 2125
f 2124 2123 2119
f 2126 2124 2122
f 2126 2120 2121
f 2128 2118 2123
f 2128 2127 2118
f 2875 2129 2127
f 2119 2122 2124
f 2118 2119 2123
f 2127 2117 2118
f 2118 2113 2119
f 2122 2115 2120
f 2115 2121 2120
f 2116 2121 2115
f 2119 2114 2122
f 2114 2115 2122
f 2873 1752 2002
f 2135 2134 2133
f 2143 2135 2144
f 2142 2140 2141
f 2142 2139 2140
f 2137 2139 2142
f 2137 2136 2138
f 2001 2137 2142
f 2001 2136 2137
f 2151 1658 2142
f 2151 2144 1658
f 2144 2135 2133
f 2886 1995 2880
f 2133 2132 2144
f 2132 1658 2144
f 2131 2130 2132
f 2130 1696 2132
f 1696 1659 2132
f 1659 1658 2132
f 2902 1999 2892
f 2892 1998 2886
f 2877 2876 2124
f 2876 2875 2128
f 1990 2111 2117
f 2108 1966 2109
f 2107 1966 2108
f 1998 2892 1999
f 1996 2886 1998
f 1995 2886 1996
f 1992 2129 1995
f 1991 2127 1992
f 1990 2127 1991
f 1989 2111 1990
f 2127 1990 2117
f 2109 1966 2110
f 1988 2108 2111
f 2107 2108 1988
f 1959 2107 1982
f 1980 1953 1959
f 1944 1953 1980
f 1944 1978 1942
f 1977 1931 1942
f 1676 1617 1974
f 1930 1931 1977
f 1617 1930 1974
f 2905 2001 2000
f 2129 2880 1995
f 2129 1992 2127
f 2117 2111 2118
f 2111 2112 2118
f 2113 2114 2119
f 2112 2113 2118
f 2139 2137 2936
f 2138 2936 2137
f 2935 2138 2136
f 2916 2136 2001
f 1764 1768 1769
f 1999 2905 2000
f 1973 2116 2115
f 2114 1972 2115
f 2112 2110 2113
f 2111 2109 2112
f 2110 2114 2113
f 2114 1971 1972
f 1971 2114 2110
f 2111 2108 2109
f 2109 2110 2112
f 1524 1522 1525
f 1531 1535 1534
f 1536 1532 1533
f 1536 1531 1532
f 1534 1530 1531
f 1583 1510 1534
f 1577 1504 1583
f 1528 1529 1542
f 1541 1527 1528
f 1526 1523 1541
f 1541 1523 1527
f 1525 1523 1526
f 1535 1531 1536
f 1524 1525 1533
f 1522 1523 1525
f 1524 1519 1521
f 1524 1521 1522
f 1760 1523 1522
f 1521 1519 1520
f 1759 1522 1521
f 1754 1521 1520
f 1520 1517 1754
f 1519 1531 1530
f 1586 1537 1538
f 1540 1539 1541
f 1546 1544 1545
f 1543 1529 1546
f 1529 1544 1546
f 1542 1529 1543
f 1541 1528 1542
f 1542 1540 1541
f 1539 1533 1526
f 1539 1526 1541
f 1533 1525 1526
f 1531 1519 1524
f 1585 1584 1536
f 1584 1583 1535
f 1586 1536 1537
f 1584 1535 1536
f 1537 1533 1538
f 1536 1533 1537
f 1583 1534 1535
f 1532 1524 1533
f 1531 1524 1532
f 1539 1538 1533
f 1510 1494 1495
f 1511 1500 1512
f 1512 1499 1501
f 1499 1512 1500
f 1496 624 2272
f 1510 1495 1534
f 1503 1509 1510
f 1502 1508 1509
f 1502 1507 1508
f 1507 1499 1506
f 1487 1534 1495
f 1505 1506 1499
f 1512 1501 1513
f 1494 1510 1509
f 1508 1493 1509
f 1493 1508 1507
f 1506 1491 1507
f 1491 1506 1505
f 1509 1493 1494
f 1503 1510 1504
f 1509 1503 1502
f 1501 1507 1502
f 1507 1501 1499
f 1515 1514 1502
f 1530 1518 1519
f 1518 1517 1519
f 1519 1517 1520
f 1534 1487 1530
f 1487 1518 1530
f 1489 1517 1518
f 1504 1510 1583
f 1516 1504 1603
f 1563 1515 1516
f 1515 1504 1516
f 1552 1540 1542
f 1514 1513 1502
f 1515 1503 1504
f 1502 1503 1515
f 1513 1501 1502
f 1560 1512 1561
f 1559 1511 1560
f 1562 1514 1515
f 1561 1513 1514
f 1512 1513 1561
f 1511 1512 1560
f 1583 1578 1577
f 1589 1550 1551
f 1538 1587 1586
f 1588 1538 1550
f 1536 1586 1585
f 1604 1578 1579
f 1578 1604 1577
f 1588 1582 1581
f 1580 1586 1581
f 1579 1586 1580
f 1578 1584 1579
f 1607 1516 1603
f 1587 1538 1588
f 1603 1504 1577
f 2222 1564 1607
f 1576 1570 2222
f 1570 1564 2222
f 2204 1573 1574
f 1572 1573 2204
f 2202 1571 1572
f 1575 1570 1576
f 1574 1568 1575
f 1575 1569 1570
f 1600 1589 1601
f 1591 1592 1597
f 1597 1590 1591
f 1590 1589 1591
f 1594 1596 1595
f 1594 1557 1558
f 1593 1557 1594
f 1592 1554 1593
f 1591 1589 1551
f 1601 1597 1602
f 1597 1598 1614
f 1568 1569 1575
f 1601 1590 1597
f 1582 1589 1600
f 1589 1590 1601
f 1582 1588 1589
f 1581 1587 1588
f 1586 1587 1581
f 1579 1585 1586
f 1584 1585 1579
f 1578 1583 1584
f 1550 1589 1588
f 1538 1540 1550
f 1555 1556 1596
f 1547 1555 1558
f 1557 1547 1558
f 1554 1547 1557
f 1543 1554 1553
f 1554 1557 1593
f 1554 1592 1591
f 1551 1552 1591
f 1591 1553 1554
f 1552 1553 1591
f 1550 1540 1551
f 1555 1549 1556
f 1551 1540 1552
f 1540 1538 1539
f 1555 1548 1549
f 1547 1545 1555
f 1545 1548 1555
f 1547 1546 1545
f 1546 1547 1554
f 1554 1543 1546
f 1553 1552 1542
f 1553 1542 1543
f 1567 1561 1568
f 1572 1565 1573
f 1571 1566 1572
f 1567 1568 1574
f 1565 1567 1573
f 1565 1572 1566
f 1573 1567 1574
f 1564 1516 1607
f 1564 1563 1516
f 1569 1563 1570
f 1568 1563 1569
f 1500 1505 1499
f 1565 1561 1567
f 1563 1564 1570
f 1568 1562 1563
f 1566 1560 1565
f 1566 1559 1560
f 1561 1562 1568
f 1561 1565 1560
f 1515 1563 1562
f 1514 1562 1561
f 1558 1555 1596
f 1133 1132 1440
f 1433 1430 1449
f 1432 1431 1451
f 1431 1433 1450
f 1430 1429 1448
f 1429 1428 1446
f 1428 1427 1445
f 1427 1426 1444
f 1426 1425 1443
f 1135 1432 1452
f 1425 1134 1442
f 1134 1133 1441
f 1137 1138 1460
f 1132 1131 1439
f 1131 1130 1438
f 1127 1128 1465
f 1136 1137 1461
f 1128 1136 1463
f 1124 1123 1456
f 1130 1129 1438
f 1129 1124 1437
f 1433 1431 1430
f 1432 1430 1431
f 1440 1132 1439
f 1458 1140 1457
f 1460 1138 1459
f 1461 1137 1460
f 1463 1136 1461
f 1455 1124 1453
f 1124 1454 1453
f 1124 1456 1454
f 1457 1135 1452
f 1442 1134 1441
f 1441 1133 1440
f 1430 1428 1429
f 1439 1131 1438
f 1438 1129 1437
f 1437 1124 1455
f 2718 1127 1434
f 2713 1127 2718
f 2713 2705 1125
f 2664 1125 2705
f 1140 1135 1457
f 1139 1140 1458
f 1138 1139 1459
f 1405 1410 1414
f 1408 1415 1418
f 1415 1413 1418
f 1414 1410 1418
f 1410 1409 1418
f 1413 1414 1418
f 1413 1405 1414
f 1409 1412 1418
f 1412 1411 1418
f 1411 1407 1418
f 1407 1406 1418
f 1410 1404 1409
f 1421 1088 1420
f 1409 1400 1412
f 1412 1402 1411
f 1411 1401 1407
f 1405 1404 1410
f 1404 1403 1409
f 1406 1407 1401
f 1387 1415 1408
f 1387 1413 1415
f 1413 1386 1405
f 1400 1402 1412
f 1422 1417 1424
f 1432 1427 1430
f 1427 1428 1430
f 1432 1425 1427
f 1425 1426 1427
f 1435 1398 1424
f 1399 1398 1435
f 1397 1394 1424
f 1398 1397 1424
f 1419 1423 1424
f 1424 1420 1419
f 1459 1139 1458
f 1417 1416 1424
f 1416 1408 1424
f 1423 1422 1424
f 1394 1421 1424
f 1424 1421 1420
f 1408 1418 1424
f 1389 1416 1417
f 1422 1389 1417
f 1423 1379 1422
f 1419 1379 1423
f 1488 1475 1476
f 1484 1479 1480
f 1484 1478 1479
f 1482 1477 1483
f 1478 1484 1483
f 1483 1477 1478
f 1491 1483 1484
f 1482 1483 1491
f 1481 1489 1488
f 1475 1488 1480
f 1474 1480 1479
f 1488 1476 1481
f 1486 1480 1488
f 1473 1479 1478
f 1473 1478 1477
f 1480 1474 1475
f 1479 1473 1474
f 1477 1472 1473
f 1476 1701 1481
f 1475 1701 1476
f 1474 1700 1475
f 1473 1698 1474
f 1471 108 1498
f 1484 1485 1493
f 2412 263 1471
f 1496 1752 1497
f 871 212 2003
f 1518 1487 1489
f 1507 1492 1493
f 1507 1491 1492
f 1505 1490 1491
f 1495 1494 1486
f 1494 1493 1486
f 1495 1486 1487
f 1498 112 1497
f 1493 1485 1486
f 1491 1484 1492
f 1492 1484 1493
f 1490 1482 1491
f 1517 1489 1481
f 1481 1720 1517
f 1486 1488 1487
f 1487 1488 1489
f 1485 1480 1486
f 1480 1485 1484
f 1449 1430 1448
f 1435 1393 1395
f 1281 1393 1435
f 2724 1466 2723
f 1466 2724 1469
f 2724 1467 1469
f 2724 1434 1467
f 1467 1127 1468
f 1434 1127 1467
f 1450 1433 1449
f 1451 1431 1450
f 1435 1395 1396
f 1448 1429 1447
f 1429 1446 1447
f 1446 1428 1445
f 1445 1427 1444
f 1444 1426 1443
f 1443 1425 1442
f 1127 1465 1468
f 1464 1128 1463
f 1465 1128 1462
f 1128 1464 1462
f 1461 1460 1466
f 112 1496 1497
f 1469 1470 1466
f 1467 1468 1470
f 1469 1467 1470
f 1468 1466 1470
f 1468 1465 1466
f 1465 1462 1466
f 1462 1464 1466
f 1463 1461 1466
f 1464 1463 1466
f 1597 1592 1593
f 1460 1459 1466
f 1459 1458 1466
f 1458 1457 1466
f 1457 1452 1466
f 1452 1451 1466
f 1451 1450 1466
f 1450 1449 1466
f 1449 1284 1466
f 1436 1281 1435
f 1396 1399 1435
f 1707 1701 1706
f 1714 1715 1710
f 1714 1709 1713
f 1712 1711 1716
f 1711 1710 1716
f 1710 1709 1714
f 1709 1708 1713
f 1711 1712 1706
f 1711 1704 1710
f 1709 1710 1704
f 1709 1703 1708
f 1718 1707 1706
f 1716 1710 1715
f 1706 1700 1705
f 1700 1704 1705
f 1703 1697 1702
f 1706 1705 1711
f 1705 1704 1711
f 1704 1703 1709
f 1703 1702 1708
f 1699 1703 1704
f 1701 1707 1720
f 1700 1706 1701
f 1698 1473 1699
f 1721 1726 1722
f 1717 1725 1732
f 1717 1724 1725
f 1716 1723 1724
f 1723 1715 1722
f 1722 1713 1721
f 1720 1481 1701
f 1701 1475 1700
f 1700 1474 1698
f 1697 1473 1472
f 1698 1704 1700
f 1473 1697 1699
f 1719 1717 1732
f 1718 1717 1719
f 1717 1718 1712
f 1706 1712 1718
f 1724 1717 1716
f 1723 1716 1715
f 1714 1713 1722
f 1715 1714 1722
f 1717 1712 1716
f 1684 1694 1685
f 1692 1681 1693
f 1691 1695 1680
f 1681 1680 1693
f 2502 1683 2501
f 2501 1686 2500
f 1682 1686 2501
f 1686 1688 2500
f 1683 1682 2501
f 1687 1688 1686
f 2505 1684 1685
f 2502 1685 1683
f 1680 1695 1693
f 1683 1691 1682
f 1685 1695 1683
f 1691 1686 1682
f 1689 1687 1686
f 2511 2504 1993
f 2504 1688 1993
f 1688 1687 1987
f 1692 1628 1681
f 1681 1627 1680
f 1627 1679 1680
f 2541 1696 2130
f 1699 1704 1698
f 1703 1699 1697
f 1708 955 1713
f 1702 954 1708
f 2650 2133 2134
f 2649 2132 2133
f 2646 2131 2132
f 2646 2130 2131
f 2517 2511 1994
f 2527 2517 1997
f 1722 1728 1723
f 2541 1659 1696
f 2530 1658 1659
f 1656 1498 2657
f 1694 1693 1685
f 1695 1685 1693
f 1695 1691 1683
f 1691 1690 1686
f 1690 1689 1686
f 1694 1692 1693
f 1691 1678 1690
f 1749 1748 1856
f 1759 1756 1757
f 1756 1754 1755
f 1756 1755 1764
f 1754 1756 1759
f 1753 1755 1754
f 1869 1744 1750
f 2071 2076 953
f 871 2003 2071
f 1751 957 2076
f 1752 1496 1751
f 957 953 2076
f 1759 1757 1758
f 1748 1747 1856
f 1747 1746 1855
f 1746 1745 1854
f 1768 1732 1799
f 1799 1732 1796
f 1753 1707 1755
f 1720 1753 1517
f 1764 1718 1768
f 1768 1719 1732
f 1707 1764 1755
f 1762 1758 1767
f 1770 1767 1766
f 1758 1766 1767
f 1766 1765 1770
f 1765 1764 1769
f 1765 1766 1756
f 1756 1764 1765
f 1780 1763 1774
f 1777 1763 1780
f 1777 1762 1763
f 1763 1762 1772
f 1707 1753 1720
f 1761 1758 1762
f 1761 1762 1777
f 1760 1761 1523
f 1522 1759 1760
f 1761 1760 1758
f 1759 1758 1760
f 1521 1754 1759
f 1517 1753 1754
f 1758 1757 1766
f 1757 1756 1766
f 1729 1728 1735
f 1734 1733 1740
f 1796 1731 1738
f 1732 1731 1796
f 1738 1730 1737
f 1737 1729 1736
f 1729 1735 1736
f 1735 1727 1734
f 1727 1733 1734
f 1731 1730 1738
f 1730 1729 1737
f 1740 1733 1739
f 1728 1727 1735
f 1727 1726 1733
f 1732 1730 1731
f 1730 1725 1729
f 1723 1728 1729
f 1728 1722 1727
f 1722 1726 1727
f 1732 1725 1730
f 1725 1724 1729
f 1724 1723 1729
f 1742 1741 1747
f 1718 1719 1768
f 1707 1718 1764
f 1744 1797 1738
f 1750 1743 1749
f 1749 1742 1748
f 1744 1743 1750
f 1743 1742 1749
f 1742 1747 1748
f 1747 1740 1746
f 1740 1745 1746
f 1677 1689 1690
f 1741 1740 1747
f 1740 1739 1745
f 1744 1737 1743
f 1737 1742 1743
f 1738 1737 1744
f 1742 1735 1741
f 1735 1740 1741
f 1737 1736 1742
f 1736 1735 1742
f 1735 1734 1740
f 1624 1623 1625
f 1633 1630 1631
f 275 1633 1631
f 2290 1626 1629
f 2296 1629 1692
f 2290 1621 1626
f 2288 1961 1621
f 1624 1628 1629
f 1624 1627 1628
f 1626 1624 1629
f 1629 1628 1692
f 1621 1624 1626
f 1630 1632 1631
f 1625 1627 1624
f 1620 1675 1627
f 1620 1619 1674
f 1625 1620 1627
f 1616 1620 1625
f 1621 1623 1624
f 1623 1622 1625
f 1934 1622 1623
f 1618 1676 1619
f 1616 1619 1620
f 1639 1641 1643
f 1649 1650 1651
f 1660 1644 1666
f 1647 1649 1654
f 1644 1647 1666
f 1647 1648 1649
f 1647 1645 1646
f 1660 282 1644
f 1644 1645 1647
f 1644 1639 1643
f 1643 1641 1642
f 1619 1616 1618
f 1641 1639 1640
f 1639 1644 282
f 282 277 1639
f 1639 1631 1638
f 1638 1636 1637
f 1639 275 1631
f 1638 1634 1636
f 1631 1634 1638
f 1634 1635 1636
f 277 275 1639
f 1580 1581 1608
f 1603 1604 2214
f 1614 1615 1613
f 1602 1614 1612
f 1610 1600 1611
f 1609 1600 1610
f 1611 1601 1602
f 1600 1601 1611
f 1608 1582 1609
f 1606 1580 1608
f 1582 1600 1609
f 1608 1581 1582
f 1604 1605 2215
f 1605 1579 1606
f 1604 1579 1605
f 1580 1606 1579
f 1603 1577 1604
f 1614 1598 1599
f 1595 1599 1594
f 1599 1598 1593
f 1598 1597 1593
f 1594 1558 1596
f 1593 1594 1599
f 2219 1610 1611
f 1622 1616 1625
f 1935 1623 1621
f 1616 1622 1934
f 1617 1676 1618
f 1595 1596 2284
f 1596 1556 2286
f 1556 1549 2287
f 1614 1599 1615
f 1602 1597 1614
f 1611 1612 2220
f 1654 1649 1651
f 1609 1610 2219
f 2216 1608 2217
f 1608 1609 2217
f 2215 1605 2216
f 2214 1604 2215
f 1607 1603 2214
f 1612 1614 1613
f 1611 1602 1612
f 2216 1606 1608
f 1605 1606 2216
f 1667 1654 1669
f 1689 1677 1983
f 1676 1985 1673
f 1677 1673 1983
f 2582 1667 1670
f 1672 1671 2619
f 1668 1667 2617
f 1671 1668 2617
f 1655 291 2627
f 1672 1666 1671
f 1667 1671 1666
f 1669 1670 1667
f 1687 1689 1986
f 1668 1671 1667
f 1663 1666 1665
f 1666 1672 1664
f 1663 1660 1666
f 1662 1661 1663
f 1661 1660 1663
f 1670 1669 2582
f 2580 1669 1654
f 1654 1653 2580
f 2578 1653 1652
f 1673 1674 1676
f 1678 1677 1690
f 1680 1679 1691
f 1679 1678 1691
f 1628 1627 1681
f 1674 1678 1679
f 1678 1674 1677
f 1674 1673 1677
f 1627 1675 1679
f 1675 1674 1679
f 1675 1620 1674
f 2577 1652 1651
f 1674 1619 1676
f 1497 2657 1498
f 2527 1657 1658
f 1657 2527 1997
f 1997 2517 1994
f 1994 2511 1993
f 1688 1987 1993
f 1687 1986 1987
f 1689 1984 1986
f 1689 1983 1984
f 1632 2157 1631
f 1643 1642 2466
f 1642 1641 2455
f 1640 2455 1641
f 1639 2453 1640
f 1638 2183 1639
f 1637 2183 1638
f 1636 2163 1637
f 1635 2163 1636
f 1634 2161 1635
f 1631 2157 1634
f 1644 1643 2473
f 1630 311 1632
f 2076 2004 212
f 212 2004 2003
f 1656 1655 1498
f 2076 248 1656
f 1498 1655 1471
f 1654 1651 1653
f 1667 1647 1654
f 1666 1647 1667
f 1651 1652 1653
f 2183 1637 2180
f 2563 1651 1650
f 2557 1650 1649
f 2498 1649 1648
f 1645 2473 2479
f 2473 1643 2466
f 2466 1642 2461
f 1642 2455 2461
f 2455 1640 2453
f 2453 1639 2190
f 1639 2183 2190
f 2236 2237 2264
f 2163 2180 1637
f 2163 1635 2161
f 2161 1634 2159
f 1634 2157 2159
f 1632 311 2157
f 1471 1655 2549
f 2491 1648 1647
f 2484 1647 1646
f 1646 1645 2484
f 1645 1644 2473
f 2730 2692 2729
f 2732 2726 2731
f 2694 2739 2738
f 2740 2694 2738
f 2688 2740 2741
f 2745 2688 2741
f 2746 2682 2745
f 2694 2737 2739
f 2728 2725 2734
f 2737 2693 2730
f 2725 2727 2733
f 2727 2726 2732
f 2733 2727 2732
f 2692 2728 2729
f 2728 2691 2725
f 2694 2693 2737
f 2725 2689 2727
f 2727 2685 2726
f 2743 2682 2746
f 2744 1928 2743
f 2747 1917 2744
f 2724 2718 1434
f 2712 2723 2742
f 2739 2737 2742
f 2743 2746 2748
f 2745 2741 2748
f 2741 2740 2748
f 2740 2738 2748
f 2746 2745 2748
f 2738 2742 2748
f 2738 2739 2742
f 2736 2734 2742
f 2742 2735 2736
f 2742 2737 2735
f 2723 2716 2724
f 2734 2733 2742
f 2733 2732 2742
f 2732 2731 2742
f 2737 2730 2735
f 2736 2729 2734
f 2730 2736 2735
f 2730 2729 2736
f 2729 2728 2734
f 2731 2722 2742
f 2734 2725 2733
f 2693 2692 2730
f 2669 2710 2722
f 2709 2721 2710
f 2708 2720 2709
f 2707 2720 2708
f 2706 2714 2707
f 2705 2714 2706
f 2836 1751 2837
f 2699 1913 2747
f 2740 2687 2694
f 2688 2687 2740
f 2745 2677 2688
f 2714 2705 2713
f 2692 2691 2728
f 2691 2690 2725
f 2690 2689 2725
f 2689 2685 2727
f 2694 2684 2693
f 2682 2677 2745
f 2687 2686 2694
f 2686 2684 2694
f 2684 2683 2692
f 2684 2692 2693
f 2717 2714 2716
f 2722 2712 2742
f 2731 2663 2722
f 2722 2710 2712
f 2721 2720 2723
f 2717 2716 2723
f 2720 2717 2723
f 2719 2718 2724
f 2724 2715 2719
f 2719 2713 2718
f 2716 2715 2724
f 2747 2744 2748
f 2714 2715 2716
f 2715 2713 2719
f 2714 2713 2715
f 2712 2711 2723
f 2711 2721 2723
f 2711 2710 2721
f 2710 2711 2712
f 2721 2709 2720
f 2720 2707 2717
f 2707 2714 2717
f 2769 2770 2781
f 2776 2756 2779
f 2774 2775 2795
f 2777 2771 2774
f 2774 2772 2775
f 2771 2768 2774
f 2775 2773 2793
f 2775 2772 2773
f 2772 2763 2773
f 2768 2772 2774
f 2771 2777 2770
f 2770 2767 2771
f 2781 2770 2777
f 2769 2767 2770
f 2767 2768 2771
f 2768 2759 2772
f 2767 2759 2768
f 2769 2752 2767
f 2752 2757 2767
f 2761 2295 2305
f 2761 2760 2295
f 2760 2294 2295
f 2766 2294 2760
f 2781 2777 2785
f 2800 2789 2784
f 2789 2788 2784
f 2788 2787 2783
f 2800 2785 2786
f 2784 2785 2800
f 2786 2777 2797
f 2785 2777 2786
f 2783 2784 2788
f 2784 2781 2785
f 2777 2778 2797
f 2765 2294 2766
f 2787 2782 2783
f 2783 2780 2784
f 2782 2776 2783
f 2784 2780 2781
f 2783 2779 2780
f 2779 2783 2776
f 2780 2769 2781
f 2779 2769 2780
f 2778 2774 2795
f 2777 2774 2778
f 1952 2755 2776
f 2754 2757 2752
f 2757 2754 2751
f 2751 2764 2757
f 2750 2764 2751
f 2750 2751 2754
f 2750 2749 2764
f 2749 2288 2764
f 1970 2787 2802
f 2787 1970 2782
f 1973 2815 2116
f 1963 2776 2782
f 2754 2752 2769
f 1952 2753 2755
f 1961 2288 2749
f 1940 2750 2753
f 1940 2749 2750
f 2836 2703 2748
f 2704 2703 2836
f 2702 2699 2748
f 2703 2702 2748
f 2748 2744 2743
f 2699 2747 2748
f 2767 2758 2759
f 2766 2757 2765
f 2764 2765 2757
f 2764 2289 2765
f 2763 2792 2773
f 2762 2790 2763
f 2772 2762 2763
f 2772 2759 2762
f 2759 2761 2762
f 2762 2761 2790
f 2759 2760 2761
f 2683 2691 2692
f 2766 2759 2758
f 2757 2758 2767
f 2757 2766 2758
f 2759 2766 2760
f 2756 2769 2779
f 2776 2755 2756
f 2756 2754 2769
f 2755 2753 2756
f 2753 2754 2756
f 2753 2750 2754
f 2628 2634 2638
f 2640 2639 2636
f 2637 2636 2639
f 2635 2640 2641
f 2635 2639 2640
f 2635 2638 2639
f 2642 2641 2542
f 2636 2543 2640
f 2543 2542 2641
f 2634 2633 2540
f 2632 2540 2633
f 2635 2628 2638
f 2638 2634 2637
f 2628 2633 2634
f 2628 2632 2633
f 2628 2631 2632
f 2629 2420 2427
f 2629 2628 2420
f 2630 2631 2628
f 2629 2630 2628
f 2627 2588 2599
f 2627 2587 2588
f 2627 2623 2624
f 2648 2647 2649
f 2655 2654 2656
f 2653 2654 2655
f 2652 2651 2654
f 2657 2653 2655
f 2657 2652 2653
f 2653 2652 2654
f 2657 2648 2652
f 2652 2648 2651
f 2648 2650 2651
f 2648 2649 2650
f 2627 2616 2623
f 2647 2635 2646
f 2648 2635 2647
f 2635 2645 2646
f 2635 2644 2645
f 2635 2643 2644
f 2635 2642 2643
f 2642 2635 2641
f 2643 2642 2541
f 2641 2640 2543
f 2638 2637 2639
f 2608 2602 2612
f 2617 2618 2619
f 2622 2623 2616
f 2614 2609 2616
f 2609 2614 2615
f 2615 2613 2609
f 2613 2612 2602
f 2616 2609 2622
f 2609 2602 2622
f 2602 2609 2613
f 2612 2611 2608
f 2611 2610 2608
f 2619 2621 2622
f 2627 531 2606
f 2610 2607 2608
f 2607 2604 2608
f 2607 2606 2604
f 2606 2603 2604
f 2606 2605 2603
f 2605 548 2603
f 2602 2620 2622
f 2617 2584 2585
f 2627 2600 2601
f 2606 2607 2627
f 2627 2614 2616
f 2625 2587 2627
f 2627 2626 2625
f 2624 2626 2627
f 2615 2614 2627
f 2627 2613 2615
f 2627 2612 2613
f 2627 2611 2612
f 2627 2610 2611
f 2627 2607 2610
f 2657 2655 2656
f 2618 2625 2626
f 2623 2622 2624
f 2624 2621 2626
f 2621 2624 2622
f 2585 2587 2625
f 2625 2618 2585
f 2617 2585 2618
f 2626 2621 2618
f 2621 2619 2618
f 2622 2620 2619
f 2663 2731 2726
f 2672 2683 2674
f 2673 2681 2672
f 2671 2680 2673
f 2670 2680 2671
f 1926 2676 2677
f 1925 2675 2676
f 2675 1925 2674
f 2679 1929 2678
f 1929 2679 2670
f 2682 1927 2677
f 1927 2682 1928
f 1917 1928 2744
f 2726 2685 2663
f 2722 2663 2669
f 2710 2669 2709
f 2709 2667 2708
f 2667 2707 2708
f 2665 2706 2707
f 2705 2706 2665
f 2668 2709 2669
f 2667 2709 2668
f 2667 2666 2707
f 1913 1917 2747
f 2691 2680 2690
f 2680 2689 2690
f 2683 2681 2691
f 2689 2678 2685
f 2681 2680 2691
f 2680 2679 2689
f 2679 2678 2689
f 1928 2682 2743
f 2748 1751 2836
f 1751 2748 2742
f 2666 2665 2707
f 2677 2687 2688
f 2687 2676 2686
f 2686 2674 2684
f 2683 2684 2674
f 2683 2672 2681
f 2677 2676 2687
f 2675 2674 2686
f 2681 2673 2680
f 2676 2675 2686
f 2680 2670 2679
f 1878 1913 2699
f 1878 2699 2702
f 1873 2703 2704
f 1873 2702 2703
f 1843 2704 2701
f 2701 2700 1834
f 2700 2698 1830
f 2698 2697 1823
f 2697 2696 1822
f 2696 2695 1820
f 2695 2287 1549
f 1895 1894 2661
f 2956 2957 2657
f 2955 2956 2657
f 2657 2954 2955
f 2657 2953 2954
f 2657 2952 2953
f 2657 2951 2952
f 2657 2950 2951
f 2657 2949 2950
f 2657 2948 2949
f 2657 2656 2948
f 2662 2661 2667
f 2669 2662 2668
f 2662 2667 2668
f 2665 2664 2705
f 2667 2660 2666
f 2660 2665 2666
f 2723 1466 1751
f 2685 1896 2663
f 2678 1890 2685
f 2685 1890 1896
f 2663 2662 2669
f 2802 2787 2788
f 2661 2660 2667
f 2665 2658 2664
f 2660 2659 2665
f 2659 2658 2665
f 2662 2663 1896
f 2662 1895 2661
f 2661 1893 2660
f 2660 1892 2659
f 1892 2658 2659
f 1896 1895 2662
f 2908 2900 2901
f 2846 2844 2888
f 2919 2888 2844
f 2888 2840 2846
f 2906 2911 2904
f 2910 2905 2904
f 2908 2901 2909
f 2907 2899 2908
f 2906 2899 2907
f 2904 2903 2906
f 2905 2902 2904
f 2901 2897 2921
f 2897 2919 2920
f 2899 2900 2908
f 2906 2898 2899
f 2903 2898 2906
f 2902 2903 2904
f 2900 2897 2901
f 2899 2895 2900
f 2898 2894 2899
f 2903 2894 2898
f 2900 2896 2897
f 2897 2888 2919
f 2922 2901 2921
f 2910 2911 2917
f 2140 2939 2940
f 2939 2139 2937
f 2139 2936 2937
f 2914 2924 2930
f 2914 2915 2924
f 2926 2913 2914
f 2913 2926 2912
f 2911 2912 2918
f 2915 2909 2922
f 2885 2840 2888
f 2914 2908 2915
f 2913 2907 2914
f 2909 2915 2908
f 2912 2906 2913
f 2911 2906 2912
f 2910 2904 2911
f 2907 2908 2914
f 2906 2907 2913
f 2909 2901 2922
f 2921 2897 2920
f 2002 2925 2853
f 2893 2889 2894
f 2892 2889 2893
f 2887 2888 2896
f 2891 2887 2895
f 2890 2891 2895
f 2889 2890 2894
f 2886 2889 2892
f 2885 2879 2832
f 2887 2884 2888
f 2891 2883 2887
f 2125 2832 2879
f 2894 2890 2895
f 2880 2889 2886
f 2890 2883 2891
f 2889 2881 2890
f 2884 2885 2888
f 2883 2884 2887
f 2890 2882 2883
f 2881 2882 2890
f 2880 2881 2889
f 2884 2878 2885
f 2883 2878 2884
f 2001 2910 2916
f 2943 2141 2944
f 2141 2941 2944
f 2941 2140 2940
f 2942 2002 2946
f 2938 2002 2942
f 2136 2933 2935
f 2138 2935 2936
f 2136 2932 2933
f 2136 2916 2932
f 2925 2002 2938
f 2916 2910 2917
f 2001 2905 2910
f 1999 2902 2905
f 2002 2853 2873
f 2892 2903 2902
f 2895 2896 2900
f 2894 2895 2899
f 2903 2893 2894
f 2893 2903 2892
f 2896 2888 2897
f 2895 2887 2896
f 2927 2930 2931
f 2936 2935 2942
f 2935 2933 2942
f 2934 2929 2938
f 2933 2932 2938
f 2932 2934 2938
f 2932 2917 2934
f 2929 2928 2938
f 2928 2927 2938
f 2927 2931 2938
f 2931 2924 2938
f 2924 2923 2938
f 2937 2936 2942
f 2930 2924 2931
f 2926 2930 2927
f 2929 2926 2928
f 2926 2927 2928
f 2917 2929 2934
f 2929 2918 2926
f 2917 2918 2929
f 2938 2920 2925
f 2925 2844 2853
f 2922 2938 2923
f 2947 2946 2965
f 2965 2943 2945
f 2965 2962 2964
f 2963 2962 2965
f 2964 2943 2965
f 2965 2959 2963
f 2965 2958 2959
f 2961 2958 2965
f 2965 2960 2961
f 2965 2957 2960
f 2965 2657 2957
f 2924 2915 2923
f 2945 2947 2965
f 2945 2946 2947
f 2945 2944 2946
f 2944 2941 2946
f 2943 2944 2945
f 2941 2940 2946
f 2940 2939 2946
f 2939 2942 2946
f 2939 2937 2942
f 2933 2938 2942
f 2147 2149 2954
f 2948 2135 2949
f 2155 2963 2148
f 2142 2962 2155
f 2141 2964 2142
f 2154 2961 2153
f 2153 2960 2151
f 2152 2958 2154
f 2148 2959 2152
f 2151 2957 2150
f 2149 2150 2955
f 2949 2143 2950
f 2146 2147 2953
f 2145 2146 2952
f 2144 2145 2951
f 2143 2144 2950
f 2135 2143 2949
f 2134 2135 2948
f 2926 2914 2930
f 2932 2916 2917
f 2918 2912 2926
f 2917 2911 2918
f 2960 2153 2961
f 2923 2915 2922
f 2922 2921 2938
f 2921 2920 2938
f 2919 2844 2925
f 2920 2919 2925
f 2946 2002 2965
f 2959 2148 2963
f 2963 2155 2962
f 2962 2142 2964
f 2964 2141 2943
f 2882 2876 2883
f 2958 2152 2959
f 2961 2154 2958
f 2957 2151 2960
f 2956 2150 2957
f 2955 2150 2956
f 2954 2149 2955
f 2953 2147 2954
f 2952 2146 2953
f 2951 2145 2952
f 2950 2144 2951
f 2862 2809 2799
f 2819 2816 2820
f 2819 2815 2816
f 2125 2826 2832
f 2824 2818 2825
f 2825 2812 2813
f 2818 2812 2825
f 2821 2817 2824
f 2817 2818 2824
f 2816 2817 2821
f 2811 2805 2864
f 2805 2809 2864
f 2820 2816 2821
f 2861 2799 2796
f 2860 2796 2794
f 2794 2793 2860
f 2859 2793 2792
f 2858 2792 2791
f 2857 2791 2309
f 2813 2811 2814
f 2812 2806 2813
f 2813 2810 2811
f 2806 2810 2813
f 2825 2822 2831
f 2834 2828 2835
f 2833 2828 2834
f 2832 2827 2833
f 2828 2829 2835
f 2829 2830 2835
f 2827 2828 2833
f 2832 2826 2827
f 2829 2825 2830
f 2825 2831 2830
f 2828 2824 2829
f 2818 2808 2812
f 2827 2821 2828
f 2821 2824 2828
f 2826 2819 2827
f 2820 2821 2827
f 2824 2825 2829
f 2822 2813 2823
f 2825 2813 2822
f 2813 2814 2823
f 2840 2885 2832
f 2820 2827 2819
f 2790 2306 2309
f 2805 2804 2797
f 2797 2798 2805
f 2798 2795 2799
f 2797 2801 2786
f 2797 2795 2798
f 2795 2796 2799
f 2797 2778 2795
f 2795 2794 2796
f 2795 2775 2794
f 2775 2793 2794
f 2793 2773 2792
f 2798 2799 2809
f 2306 2761 2305
f 2792 2763 2790
f 2309 2791 2790
f 2790 2791 2792
f 2790 2761 2306
f 2125 2819 2826
f 2819 2121 2815
f 2121 2819 2125
f 2116 2815 2121
f 2815 1973 2802
f 2801 2804 2810
f 2817 2808 2818
f 2808 2806 2812
f 2810 2805 2811
f 2816 2803 2817
f 2817 2807 2808
f 2815 2802 2816
f 2807 2817 2803
f 2806 2801 2810
f 2810 2804 2805
f 2808 2801 2806
f 2831 2838 2830
f 2802 2803 2816
f 2803 2789 2807
f 2802 2788 2803
f 2789 2808 2807
f 2808 2800 2801
f 2800 2808 2789
f 2804 2801 2797
f 2788 2789 2803
f 2801 2800 2786
f 2809 2805 2798
f 2855 2845 2854
f 2863 2862 2873
f 2862 2861 2873
f 2861 2860 2873
f 2860 2439 2873
f 2853 2856 2873
f 2854 2856 2855
f 2856 2854 2874
f 2870 2839 2869
f 2839 2868 2869
f 2839 2867 2868
f 2870 2871 2838
f 2863 2873 2864
f 2856 2853 2855
f 2851 2845 2855
f 2854 2838 2871
f 2867 2823 2866
f 2823 2865 2866
f 2853 2851 2855
f 2847 2848 2852
f 2850 2849 2851
f 2852 2848 2849
f 2849 2850 2852
f 2874 2854 2872
f 2881 2876 2882
f 2129 2881 2880
f 2878 2879 2885
f 2883 2877 2878
f 2876 2877 2883
f 2129 2875 2881
f 2875 2876 2881
f 2126 2879 2878
f 2124 2878 2877
f 2873 2856 2874
f 2852 2853 2847
f 2854 2871 2872
f 2872 2873 2874
f 2871 2873 2872
f 2871 2870 2873
f 2869 2868 2873
f 2870 2869 2873
f 2868 2867 2873
f 2866 2873 2867
f 2865 2873 2866
f 2864 2873 2865
f 2791 2857 2858
f 2822 2823 2867
f 2823 2814 2865
f 2865 2814 2864
f 2864 2809 2863
f 2809 2862 2863
f 2799 2861 2862
f 2796 2860 2861
f 2793 2859 2860
f 2309 2452 2857
f 2792 2858 2859
f 2831 2822 2867
f 2814 2811 2864
f 2837 2418 2836
f 2836 2701 2704
f 2836 2700 2701
f 2836 2698 2700
f 2418 2698 2836
f 2840 2832 2833
f 2834 2842 2833
f 2838 2831 2839
f 2835 2830 2838
f 2838 2839 2870
f 2850 2851 2853
f 2853 2852 2850
f 2847 2846 2848
f 2847 2844 2846
f 2846 2841 2848
f 2849 2842 2851
f 2848 2842 2849
f 2851 2843 2845
f 2842 2843 2851
f 2845 2838 2854
f 2599 2600 2627
f 2839 2831 2867
f 2844 2847 2853
f 2841 2842 2848
f 2840 2841 2846
f 2842 2835 2843
f 2841 2833 2842
f 2840 2833 2841
f 2835 2845 2843
f 2835 2838 2845
f 2842 2834 2835
f 2370 2369 2371
f 2381 2375 2376
f 2374 2375 2381
f 2380 2376 2370
f 2371 2380 2370
f 2375 2370 2376
f 2373 2374 2378
f 2374 2368 2375
f 2368 2370 2375
f 2373 2372 2374
f 2374 2366 2368
f 2372 2366 2374
f 2377 2373 2378
f 2368 2365 2370
f 2370 2367 2369
f 2365 2367 2370
f 2367 2362 2369
f 2366 2365 2368
f 2372 2364 2366
f 2364 2365 2366
f 2372 2360 2364
f 2365 2361 2367
f 2367 2361 2362
f 2385 2384 2347
f 2380 2383 2376
f 2397 2362 2396
f 2362 2395 2396
f 2371 2369 2397
f 2369 2362 2397
f 2362 2394 2395
f 2394 2356 2393
f 2388 2354 2387
f 2387 2348 2386
f 2386 2347 2384
f 2364 2363 2365
f 2362 2356 2394
f 2356 2357 2393
f 2357 2354 2388
f 2354 2348 2387
f 2348 2347 2386
f 2549 2405 2409
f 2549 2379 2405
f 2472 2403 2405
f 2403 2377 2378
f 2381 2378 2374
f 2373 2197 2372
f 2348 2343 2346
f 2348 2350 2345
f 2350 2344 2345
f 2350 2349 2344
f 2349 2340 2344
f 2345 2343 2348
f 2344 2343 2345
f 2344 2342 2343
f 2344 2336 2342
f 2467 2377 2403
f 2377 2201 2373
f 2348 2346 2347
f 2358 2341 2351
f 2341 2339 2351
f 2340 2351 2339
f 2340 2338 2344
f 2339 2337 2340
f 2337 2338 2340
f 2338 2336 2344
f 2337 2335 2338
f 2335 2336 2338
f 2331 2334 2324
f 2355 2350 2356
f 2363 2361 2365
f 2360 2358 2364
f 2364 2359 2363
f 2358 2359 2364
f 2362 2355 2356
f 2361 2355 2362
f 2363 2352 2361
f 2352 2355 2361
f 2356 2353 2357
f 2353 2354 2357
f 2376 2382 2381
f 2350 2353 2356
f 2351 2359 2358
f 2351 2363 2359
f 2351 2352 2363
f 2352 2350 2355
f 2352 2349 2350
f 2351 2349 2352
f 2340 2349 2351
f 2353 2348 2354
f 2350 2348 2353
f 2415 2412 2416
f 2328 2425 2329
f 2418 2837 2419
f 2418 2697 2698
f 2418 2696 2697
f 2418 2695 2696
f 2418 2287 2695
f 2418 2286 2287
f 2414 2416 2417
f 2416 2412 2417
f 2417 2412 2414
f 2416 2413 2415
f 2329 2428 2421
f 2415 2401 2412
f 2414 2413 2416
f 2413 2402 2415
f 2400 2412 2401
f 2399 2412 2400
f 2409 2411 2414
f 2412 2409 2414
f 2413 2414 2411
f 2411 2402 2413
f 2410 2402 2411
f 2426 2425 2435
f 2316 2330 2450
f 2435 2433 2434
f 2434 2431 2432
f 2433 2431 2434
f 2432 2429 2430
f 2431 2429 2432
f 2431 2423 2429
f 2425 2433 2435
f 2425 2431 2433
f 2428 2426 2435
f 2409 2410 2411
f 2421 2447 2422
f 2325 2422 2441
f 2430 2427 2436
f 2427 2420 2436
f 2425 2424 2431
f 2424 2423 2431
f 2426 2329 2425
f 2327 2424 2425
f 2327 2423 2424
f 2428 2329 2426
f 2357 2388 2389
f 2412 2389 2388
f 2388 2387 2412
f 2387 2386 2412
f 2386 2384 2412
f 2398 2371 2397
f 2394 2393 2392
f 2384 379 2412
f 2393 2357 2392
f 2391 2357 2389
f 2390 2392 2357
f 2391 2390 2357
f 2389 2412 2391
f 2402 2382 2401
f 2382 2383 2401
f 2383 2380 2399
f 2380 2371 2398
f 2406 2381 2402
f 2404 2378 2406
f 2378 2381 2406
f 2382 2402 2381
f 2378 2404 2403
f 2382 2376 2383
f 2401 2383 2400
f 2409 2408 2410
f 2409 2407 2408
f 2406 2402 2410
f 2408 2404 2410
f 2406 2410 2404
f 2407 2404 2408
f 2405 2407 2409
f 2403 2407 2405
f 2404 2407 2403
f 2402 2401 2415
f 2333 2324 2334
f 2383 2399 2400
f 2399 2380 2398
f 2398 2412 2399
f 2397 2412 2398
f 2396 2412 2397
f 2395 2412 2396
f 2394 2412 2395
f 2412 2390 2391
f 2412 2392 2390
f 2392 2412 2394
f 2278 2226 2279
f 2272 2268 2269
f 2272 2267 2268
f 2267 2262 2268
f 2263 2264 2269
f 2262 2263 2268
f 2267 2266 2260
f 2266 2265 2259
f 2265 2258 2259
f 2273 2238 2274
f 2276 2232 2277
f 2275 2232 2276
f 2272 2269 2270
f 2277 2226 2278
f 2274 2231 2275
f 2271 2238 2273
f 2237 2238 2271
f 2264 2237 2271
f 2267 2261 2262
f 2261 2267 2260
f 2260 2266 2259
f 2263 2236 2264
f 2262 2236 2263
f 2272 2278 2279
f 2628 1497 2420
f 2286 2418 2285
f 2285 2280 2284
f 2280 2283 2284
f 2280 2285 2418
f 2280 2282 2283
f 2282 2272 2281
f 2272 2279 2281
f 2272 2282 2280
f 2281 1615 2282
f 2261 2234 2262
f 2272 2277 2278
f 2276 2277 2272
f 2272 2275 2276
f 2272 2274 2275
f 2274 2272 2273
f 2272 2271 2273
f 2270 2264 2271
f 2269 2264 2270
f 2268 2263 2269
f 2272 2270 2271
f 2285 1596 2286
f 2243 2247 2246
f 2252 2240 2253
f 2250 2240 2252
f 2249 2239 2250
f 2247 2213 2258
f 2242 2243 2256
f 2244 2242 2257
f 2253 2241 2244
f 2241 2253 2240
f 2239 2240 2250
f 2243 2213 2247
f 2256 2243 2246
f 2287 2286 1556
f 1596 2285 2284
f 2282 1599 2283
f 2283 1595 2284
f 2837 1496 2419
f 2419 1496 2418
f 2279 1615 2281
f 2238 2231 2274
f 2231 2232 2275
f 2232 2221 2277
f 2255 2254 2249
f 2260 2234 2261
f 2233 2260 2259
f 2254 1272 2249
f 2245 2266 2267
f 2245 2265 2266
f 2272 2245 2267
f 2245 2258 2265
f 2245 2247 2258
f 2256 2246 2248
f 2248 2257 2256
f 1694 2317 1692
f 2251 2255 2249
f 2251 2250 2252
f 2249 2250 2251
f 2252 2248 2251
f 2248 2252 2253
f 2253 2257 2248
f 2246 2245 2248
f 2245 2246 2247
f 2257 2242 2256
f 2253 2244 2257
f 2319 2333 2311
f 2323 2333 2322
f 2321 2322 2319
f 2321 2317 2320
f 2318 2317 2321
f 2318 2319 2311
f 2301 2317 2318
f 2315 2308 2316
f 2316 2307 2310
f 2330 2316 2314
f 2314 2313 2334
f 2313 2312 2333
f 2333 2323 2324
f 2312 2311 2333
f 2316 2310 2314
f 2310 2298 2314
f 2298 2313 2314
f 2298 2312 2313
f 2312 2299 2311
f 2311 2302 2318
f 2301 2318 2302
f 2308 2315 2306
f 2306 2315 2309
f 2324 2329 2421
f 2333 2319 2322
f 2319 2318 2321
f 2452 2309 2315
f 2451 2315 2316
f 2331 2332 2330
f 2334 2331 2314
f 2330 2314 2331
f 2334 2313 2333
f 2423 2327 2326
f 2422 2324 2421
f 2306 2307 2308
f 2422 2325 2324
f 2425 2328 2327
f 2329 2322 2328
f 2328 2321 2327
f 2329 2323 2322
f 2321 2326 2327
f 2321 2328 2322
f 2324 2323 2329
f 2325 2331 2324
f 2320 2326 2321
f 2291 2290 2296
f 2505 2423 2326
f 2320 2505 2326
f 2440 1497 2439
f 2436 1497 2440
f 2301 1692 2317
f 1692 2301 2296
f 2292 2303 2294
f 2289 2291 2292
f 2293 2289 2292
f 2294 2293 2292
f 2297 2296 2302
f 2765 2293 2294
f 2289 2293 2765
f 2289 2288 2291
f 2290 2291 2288
f 2288 2289 2764
f 2317 1684 2320
f 2420 1497 2436
f 1629 2296 2290
f 1621 2290 2288
f 2317 1694 1684
f 2291 2296 2297
f 2308 2307 2316
f 2298 2310 2307
f 2304 2298 2307
f 2303 2300 2298
f 2305 2307 2306
f 2304 2307 2295
f 2305 2295 2307
f 2295 2294 2304
f 2303 2304 2294
f 2291 2297 2299
f 2332 2449 2330
f 2303 2298 2304
f 2299 2300 2303
f 2303 2292 2299
f 2292 2291 2299
f 2873 2439 1497
f 2298 2300 2312
f 2300 2299 2312
f 2302 2311 2299
f 2299 2297 2302
f 2302 2296 2301
f 2533 2531 2538
f 2538 2537 2543
f 2537 2536 2543
f 2632 2534 2540
f 2631 2526 2632
f 2540 2532 2539
f 2532 2538 2539
f 2534 2532 2540
f 2538 2531 2537
f 2536 2537 2531
f 2529 2535 2536
f 2532 2533 2538
f 2540 2539 2634
f 2534 2632 2526
f 2430 2429 2513
f 2427 2522 2629
f 2513 2427 2430
f 2429 2423 2513
f 2522 2631 2630
f 2522 2630 2629
f 2531 2529 2536
f 2529 2530 2535
f 2534 2525 2532
f 2538 2543 2636
f 2553 2485 2547
f 2547 2476 2544
f 2476 2546 2544
f 2545 2472 2379
f 2546 2472 2545
f 2656 2134 2948
f 1656 2657 2965
f 2654 2134 2656
f 2542 2541 2642
f 2637 2538 2636
f 2525 2533 2532
f 2543 2536 2542
f 2536 2541 2542
f 2536 2535 2541
f 2651 2134 2654
f 2134 2651 2650
f 2133 2650 2649
f 2647 2132 2649
f 2132 2647 2646
f 2634 2539 2637
f 2539 2538 2637
f 2512 2516 2521
f 1659 2535 2530
f 1658 2530 2527
f 2518 2527 2528
f 2521 2520 2524
f 2520 2519 2523
f 2519 2518 2523
f 2518 2517 2527
f 2513 2521 2522
f 2521 2516 2520
f 2520 2515 2519
f 2513 2512 2521
f 2535 1659 2541
f 2518 2511 2517
f 2515 2514 2518
f 2516 2515 2520
f 2514 2511 2518
f 2515 2518 2519
f 2635 2648 1497
f 2505 2510 2423
f 2510 2512 2513
f 2512 2508 2516
f 1684 2505 2320
f 2521 2524 2525
f 2523 2531 2533
f 2531 2523 2529
f 2529 2528 2530
f 2524 2533 2525
f 2522 2526 2631
f 2526 2525 2534
f 2524 2523 2533
f 2523 2528 2529
f 2528 2527 2530
f 2521 2525 2526
f 2379 2472 2405
f 2524 2520 2523
f 2523 2518 2528
f 2522 2521 2526
f 2513 2522 2427
f 2423 2510 2513
f 2645 2130 2646
f 2644 2130 2645
f 2643 2130 2644
f 2657 1497 2648
f 2130 2643 2541
f 2577 2563 2581
f 2584 2583 2585
f 2584 2582 2583
f 2586 2595 2596
f 2594 2595 2586
f 2583 2594 2586
f 2583 2592 2594
f 2582 2591 2583
f 2591 2592 2583
f 2579 2581 2598
f 2579 2578 2581
f 2578 2577 2581
f 2586 2596 2597
f 2563 2562 2581
f 2562 2576 2581
f 2562 2561 2576
f 2561 2573 2576
f 2576 2570 2575
f 2573 2574 2576
f 2574 2570 2576
f 2570 2571 2575
f 2571 2568 2575
f 2561 2569 2573
f 2592 2590 2593
f 2601 2598 2627
f 2601 2597 2598
f 2600 2597 2601
f 2599 2597 2600
f 2597 2596 2598
f 2596 2595 2598
f 2595 2593 2598
f 2594 2593 2595
f 2593 2590 2598
f 2592 2593 2594
f 2573 2572 2574
f 2592 2591 2590
f 2590 2589 2598
f 2589 2579 2598
f 2591 2580 2590
f 2580 2589 2590
f 2587 2586 2588
f 2586 2599 2588
f 2587 2583 2586
f 2586 2597 2599
f 2585 2583 2587
f 2552 2496 2555
f 2567 2565 2552
f 2552 2556 2567
f 2554 2553 2575
f 2552 2555 2556
f 2553 2547 2575
f 2575 2547 2548
f 2565 2564 2552
f 2560 2551 2564
f 2551 2552 2564
f 2555 2496 2554
f 2555 2554 2575
f 2560 2550 2551
f 2499 2550 2560
f 2559 2497 2499
f 2551 2496 2552
f 2554 2488 2553
f 2496 2488 2554
f 2547 2544 2548
f 2549 2548 2546
f 2546 2548 2544
f 2546 2545 2549
f 2571 2570 2560
f 2572 2573 2569
f 2574 2559 2570
f 2559 2574 2572
f 2568 2566 2575
f 2567 2575 2566
f 2556 2575 2567
f 2564 2568 2571
f 2566 2565 2567
f 2568 2565 2566
f 2564 2565 2568
f 2514 2504 2511
f 2560 2564 2571
f 2570 2558 2560
f 2572 2569 2559
f 2570 2559 2558
f 2569 2557 2559
f 2558 2499 2560
f 2559 2499 2558
f 2557 2498 2559
f 2545 2379 2549
f 2575 2556 2555
f 2462 2457 2463
f 2469 2462 2463
f 2466 2461 2462
f 1651 2563 2577
f 1650 2562 2563
f 1650 2561 2562
f 2569 2561 1650
f 1647 2484 2491
f 2467 2465 2459
f 2465 2464 2459
f 2460 2467 2459
f 2463 2458 2464
f 2470 2463 2464
f 2461 2455 2462
f 2458 2459 2464
f 2459 2201 2460
f 2457 2458 2463
f 2462 2456 2457
f 2458 2200 2459
f 2456 2462 2455
f 2457 2198 2458
f 2458 2199 2200
f 2456 2198 2457
f 1653 2578 2579
f 2471 2465 2472
f 2470 2465 2471
f 2465 2467 2472
f 2463 2470 2469
f 2464 2465 2470
f 2582 2584 1667
f 1669 2591 2582
f 2591 1669 2580
f 1653 2589 2580
f 2579 2589 1653
f 2199 2458 2198
f 1652 2577 2578
f 2576 1655 2581
f 2575 1655 2576
f 2548 1655 2575
f 1650 2557 2569
f 1649 2498 2557
f 1648 2491 2498
f 2548 2549 1655
f 2468 2462 2469
f 2462 2468 2466
f 2428 2437 2442
f 2448 2325 2441
f 2315 2451 2452
f 2316 2450 2451
f 2450 2330 2449
f 2449 2332 2448
f 2436 2443 2437
f 2444 2428 2442
f 2441 2422 2446
f 2445 2422 2447
f 2422 2445 2446
f 2447 2421 2444
f 2445 2440 2439
f 2438 2436 2437
f 2428 2438 2437
f 2428 2435 2438
f 2421 2428 2444
f 2438 2435 2436
f 2435 2434 2436
f 2434 2432 2436
f 2432 2430 2436
f 2448 2331 2325
f 2331 2448 2332
f 2447 2440 2445
f 2455 2454 2456
f 2454 2198 2456
f 2455 2453 2454
f 2484 1645 2479
f 2860 2859 2439
f 2859 2858 2439
f 2858 2857 2439
f 2857 2452 2439
f 2452 2451 2439
f 2451 2450 2439
f 2466 2468 2473
f 2444 2442 2440
f 2440 2442 2443
f 2447 2444 2440
f 2442 2437 2443
f 2443 2436 2440
f 2450 2449 2439
f 2449 2448 2439
f 2446 2445 2439
f 2441 2446 2439
f 2448 2441 2439
f 1662 1663 2603
f 2617 1667 2584
f 2608 1664 2602
f 2620 1672 2619
f 2602 1672 2620
f 2604 1666 2608
f 2603 1665 2604
f 2603 537 1662
f 1672 2602 1664
f 1664 2608 1666
f 1665 1666 2604
f 2603 1663 1665
f 2619 1671 2617
f 2581 1655 2598
f 2498 2497 2559
f 2497 2493 2499
f 2550 2494 2551
f 2499 2494 2550
f 2551 2495 2496
f 2495 2551 2494
f 2498 2491 2497
f 2493 2494 2499
f 2497 2492 2493
f 2508 2501 2507
f 2508 2515 2516
f 2515 2506 2514
f 2510 2509 2512
f 2509 2508 2512
f 2508 2507 2515
f 2506 2504 2514
f 2507 2506 2515
f 2510 2503 2509
f 2503 2508 2509
f 2628 2635 1497
f 2491 2492 2497
f 2501 2506 2507
f 2506 1688 2504
f 2503 2510 2505
f 2502 2508 2503
f 2501 2508 2502
f 1685 2503 2505
f 1685 2502 2503
f 2506 2500 1688
f 2500 2506 2501
f 2598 1655 2627
f 2478 2471 2476
f 2480 2481 2487
f 2479 2480 2484
f 2473 2480 2479
f 2483 2478 2485
f 2482 2478 2483
f 2478 2476 2485
f 2481 2475 2482
f 2480 2475 2481
f 2482 2477 2478
f 2475 2477 2482
f 2487 2481 2482
f 2480 2474 2475
f 2473 2474 2480
f 2477 2470 2478
f 2475 2470 2477
f 2474 2468 2475
f 2472 2476 2471
f 2470 2471 2478
f 2473 2468 2474
f 2475 2469 2470
f 2468 2469 2475
f 2490 2483 2488
f 2495 2488 2496
f 2494 2490 2495
f 2490 2488 2495
f 2488 2485 2553
f 2492 2486 2493
f 2491 2486 2492
f 2493 2487 2494
f 2494 2489 2490
f 2487 2489 2494
f 2486 2487 2493
f 1452 1432 1451
f 2491 2484 2486
f 2489 2482 2490
f 2485 2488 2483
f 2487 2482 2489
f 2482 2483 2490
f 2485 2476 2547
f 2472 2467 2403
f 2476 2472 2546
f 2484 2480 2486
f 2480 2487 2486
f 588 589 583
f 586 591 592
f 584 590 591
f 583 589 590
f 574 593 592
f 591 572 592
f 590 572 591
f 589 570 590
f 592 573 574
f 592 572 573
f 593 587 592
f 588 570 589
f 582 885 588
f 878 569 588
f 587 586 592
f 586 585 591
f 585 584 591
f 584 583 590
f 583 582 588
f 596 584 597
f 598 599 605
f 597 598 603
f 596 597 603
f 601 595 596
f 600 594 601
f 595 601 594
f 598 586 587
f 587 599 598
f 600 892 891
f 597 586 598
f 595 584 596
f 594 583 595
f 597 585 586
f 584 585 597
f 584 595 583
f 582 583 594
f 622 550 1264
f 564 559 565
f 569 561 570
f 574 565 566
f 572 563 564
f 572 564 565
f 569 570 588
f 565 567 566
f 568 566 567
f 565 559 567
f 571 563 572
f 559 564 563
f 557 563 562
f 561 556 562
f 556 557 562
f 563 558 559
f 563 557 558
f 570 562 563
f 561 562 570
f 1143 576 1141
f 594 891 886
f 886 885 594
f 885 884 588
f 884 878 588
f 581 578 579
f 579 580 581
f 620 577 1145
f 577 620 1143
f 601 596 602
f 575 1141 576
f 576 1143 619
f 1201 106 549
f 590 571 572
f 570 571 590
f 573 565 574
f 565 573 572
f 570 563 571
f 621 109 619
f 568 560 628
f 560 740 628
f 624 549 622
f 549 624 623
f 112 623 1496
f 621 619 620
f 618 621 625
f 618 111 621
f 566 568 630
f 111 109 621
f 614 615 1153
f 616 612 617
f 615 609 616
f 612 605 1218
f 614 613 606
f 610 607 613
f 616 611 612
f 1143 620 619
f 630 568 628
f 574 566 656
f 1240 549 623
f 623 112 1292
f 627 620 1144
f 626 620 627
f 625 621 626
f 621 620 626
f 609 611 616
f 113 618 625
f 619 575 576
f 619 109 575
f 1490 1102 1482
f 1482 1103 1477
f 1496 623 624
f 771 212 871
f 957 624 622
f 892 607 610
f 604 598 605
f 603 598 604
f 602 596 603
f 580 1165 581
f 579 1156 580
f 1156 578 1150
f 550 1174 1171
f 610 1150 578
f 601 602 608
f 600 607 892
f 578 1156 579
f 892 610 893
f 578 893 610
f 1162 549 1240
f 1162 1163 549
f 891 594 600
f 885 582 594
f 611 604 612
f 614 608 609
f 606 608 614
f 607 606 613
f 614 609 615
f 1151 613 614
f 610 613 1151
f 1171 1250 550
f 605 599 694
f 878 561 569
f 604 605 612
f 611 603 604
f 609 603 611
f 608 603 609
f 606 601 608
f 607 601 606
f 607 600 601
f 608 602 603
f 502 503 477
f 512 508 509
f 508 512 478
f 478 477 508
f 507 508 477
f 506 507 477
f 505 506 477
f 504 505 477
f 503 504 477
f 512 513 478
f 502 497 503
f 501 502 477
f 502 501 500
f 501 499 500
f 500 497 502
f 499 491 500
f 496 495 493
f 494 493 495
f 513 514 515
f 521 514 520
f 517 515 521
f 518 517 519
f 516 517 518
f 519 522 510
f 515 514 521
f 517 513 515
f 513 517 516
f 499 498 490
f 512 514 513
f 514 512 509
f 519 478 518
f 478 519 510
f 516 518 478
f 513 516 478
f 531 510 511
f 531 478 510
f 481 479 475
f 458 456 491
f 455 484 485
f 487 486 455
f 486 447 455
f 475 486 487
f 482 486 475
f 479 482 475
f 481 476 480
f 483 458 492
f 482 447 486
f 479 435 482
f 481 435 479
f 480 351 435
f 435 481 480
f 499 501 477
f 498 499 477
f 476 378 480
f 491 457 489
f 498 496 492
f 492 490 498
f 493 492 496
f 491 497 500
f 490 491 499
f 491 489 497
f 492 458 490
f 458 491 490
f 521 523 517
f 495 488 494
f 488 485 494
f 487 485 488
f 494 484 493
f 484 492 493
f 485 484 494
f 487 455 485
f 484 483 492
f 543 542 540
f 837 95 771
f 548 545 537
f 547 546 541
f 541 545 547
f 546 544 541
f 537 2603 548
f 541 537 545
f 544 543 540
f 106 837 549
f 542 539 540
f 541 544 540
f 540 536 541
f 531 2605 2606
f 531 548 2605
f 531 545 548
f 547 531 546
f 531 547 545
f 552 557 556
f 556 561 879
f 567 555 568
f 555 567 559
f 568 555 560
f 559 554 555
f 559 553 554
f 553 559 558
f 552 558 557
f 531 544 546
f 558 552 553
f 551 552 556
f 555 721 560
f 554 721 555
f 553 720 554
f 552 719 553
f 549 550 622
f 550 549 837
f 529 521 525
f 527 528 531
f 525 524 532
f 531 526 527
f 531 511 526
f 529 525 530
f 528 523 529
f 527 522 528
f 522 527 526
f 531 528 529
f 523 521 529
f 519 528 522
f 528 517 523
f 511 510 526
f 510 522 526
f 521 524 525
f 519 517 528
f 521 520 524
f 538 533 535
f 531 543 544
f 531 542 543
f 539 535 540
f 539 538 535
f 538 530 533
f 536 537 541
f 535 536 540
f 535 534 536
f 566 630 641
f 530 525 533
f 535 532 534
f 533 532 535
f 525 532 533
f 531 539 542
f 531 538 539
f 531 530 538
f 531 529 530
f 722 713 728
f 723 722 728
f 718 723 724
f 740 721 727
f 721 720 726
f 720 719 724
f 719 718 724
f 718 717 723
f 734 880 741
f 734 728 714
f 723 717 722
f 717 713 722
f 753 882 883
f 747 881 882
f 747 880 881
f 877 556 879
f 875 717 876
f 556 877 876
f 880 734 715
f 728 734 729
f 733 732 738
f 732 731 737
f 731 730 737
f 730 729 735
f 726 732 733
f 731 732 726
f 731 724 730
f 729 730 724
f 714 715 734
f 729 723 728
f 733 727 726
f 727 721 726
f 726 720 725
f 720 724 725
f 725 731 726
f 724 731 725
f 723 729 724
f 688 1268 687
f 1115 1559 1116
f 1110 1559 1115
f 1500 1109 1505
f 1505 1102 1490
f 1109 1500 1110
f 1108 1505 1109
f 1102 1505 1108
f 710 711 709
f 1511 1110 1500
f 667 1270 688
f 655 1271 667
f 708 707 692
f 697 691 707
f 704 705 1227
f 1226 703 704
f 702 703 1226
f 1217 700 1224
f 624 2248 2245
f 714 728 713
f 713 717 875
f 550 837 716
f 714 880 715
f 712 711 2239
f 711 710 2239
f 710 2202 2208
f 2245 2272 624
f 735 729 734
f 2202 1117 1571
f 1116 1566 1571
f 1559 1566 1116
f 710 709 2202
f 709 1117 2202
f 1117 1116 1571
f 712 1123 711
f 1110 1511 1559
f 753 883 759
f 762 755 761
f 755 760 761
f 760 753 759
f 757 756 762
f 756 755 762
f 755 754 760
f 754 753 760
f 883 765 759
f 764 758 757
f 882 753 747
f 747 741 880
f 876 551 556
f 717 551 876
f 758 751 757
f 757 750 756
f 750 755 756
f 755 748 754
f 767 760 766
f 920 769 768
f 768 767 920
f 919 767 766
f 917 766 765
f 953 716 837
f 770 763 769
f 769 762 768
f 762 767 768
f 754 747 753
f 766 759 765
f 770 764 763
f 763 762 769
f 762 761 767
f 761 760 767
f 760 759 766
f 764 757 763
f 757 762 763
f 746 739 738
f 743 736 742
f 742 734 741
f 740 560 721
f 721 554 720
f 720 553 719
f 552 551 717
f 718 552 717
f 719 552 718
f 744 737 743
f 738 737 744
f 737 736 743
f 739 733 738
f 738 732 737
f 737 730 736
f 730 735 736
f 735 734 742
f 735 742 736
f 748 742 747
f 758 752 751
f 751 750 757
f 750 749 755
f 749 748 755
f 748 747 754
f 752 746 751
f 751 744 750
f 750 743 749
f 700 1217 1216
f 749 742 748
f 746 745 751
f 745 744 751
f 744 743 750
f 743 742 749
f 742 741 747
f 746 738 745
f 738 744 745
f 652 650 651
f 666 654 667
f 653 654 666
f 653 651 654
f 652 651 653
f 665 652 653
f 649 652 665
f 649 664 663
f 663 648 649
f 667 654 655
f 649 640 652
f 640 650 652
f 648 639 649
f 649 639 640
f 647 639 648
f 648 646 647
f 646 648 663
f 645 647 646
f 677 657 658
f 682 665 668
f 681 680 665
f 680 662 663
f 680 664 665
f 679 659 660
f 679 658 659
f 678 677 658
f 677 676 656
f 636 645 644
f 663 664 680
f 662 661 646
f 661 660 646
f 662 646 663
f 660 645 646
f 659 644 660
f 658 644 659
f 677 656 657
f 633 629 634
f 635 637 636
f 634 632 635
f 634 635 644
f 641 630 642
f 642 633 634
f 642 630 633
f 632 637 635
f 634 631 632
f 637 632 965
f 629 633 630
f 634 629 631
f 630 628 629
f 631 963 632
f 629 959 631
f 628 959 629
f 656 566 641
f 574 676 593
f 658 642 643
f 645 636 647
f 643 634 644
f 644 635 636
f 642 634 643
f 645 660 644
f 657 642 658
f 642 657 656
f 658 643 644
f 664 649 665
f 656 641 642
f 676 574 656
f 593 676 587
f 670 587 676
f 599 587 670
f 647 638 639
f 636 637 647
f 647 637 638
f 695 685 696
f 693 670 698
f 1216 1215 698
f 1215 694 698
f 694 693 698
f 1218 605 694
f 691 692 707
f 696 690 697
f 690 691 697
f 673 674 701
f 696 689 690
f 675 684 695
f 687 692 686
f 685 689 696
f 692 691 686
f 684 685 695
f 674 683 684
f 686 669 688
f 704 695 696
f 1224 701 702
f 705 697 706
f 697 705 704
f 700 701 1224
f 1216 699 700
f 1216 698 699
f 706 697 707
f 704 696 697
f 686 688 687
f 704 703 695
f 703 702 695
f 702 701 674
f 701 700 673
f 702 675 695
f 674 675 702
f 699 673 700
f 698 672 699
f 671 678 672
f 684 660 661
f 658 679 678
f 672 673 699
f 698 671 672
f 670 671 698
f 684 675 674
f 673 683 674
f 672 678 673
f 660 683 679
f 677 671 670
f 694 599 693
f 693 599 670
f 688 669 666
f 666 667 688
f 653 666 669
f 669 668 653
f 665 653 668
f 673 679 683
f 686 682 668
f 668 669 686
f 691 682 686
f 691 681 682
f 690 680 681
f 691 690 681
f 690 689 680
f 685 680 689
f 477 475 498
f 678 679 673
f 671 677 678
f 677 670 676
f 665 682 681
f 680 685 662
f 661 685 684
f 683 660 684
f 685 661 662
f 299 300 532
f 117 302 116
f 117 301 302
f 339 144 303
f 301 144 302
f 144 119 303
f 301 119 144
f 257 144 339
f 306 105 116
f 532 300 1660
f 116 302 305
f 298 299 524
f 299 1660 300
f 299 290 1660
f 298 297 299
f 297 290 299
f 514 297 298
f 290 297 514
f 289 290 507
f 309 260 304
f 340 137 270
f 264 310 340
f 306 309 472
f 309 304 472
f 305 144 307
f 474 249 306
f 308 255 309
f 307 251 308
f 506 288 289
f 255 260 309
f 144 250 307
f 308 309 116
f 116 307 308
f 116 305 307
f 306 116 309
f 302 144 305
f 303 119 339
f 411 294 295
f 417 279 280
f 278 279 417
f 414 277 276
f 276 278 414
f 314 275 277
f 1633 321 1630
f 275 313 1633
f 296 294 411
f 281 439 280
f 304 296 411
f 269 249 474
f 296 262 294
f 295 270 411
f 293 292 295
f 292 274 295
f 274 270 295
f 270 268 264
f 412 277 414
f 287 288 506
f 286 287 504
f 285 286 497
f 284 285 457
f 278 418 414
f 280 439 431
f 280 431 417
f 418 278 417
f 310 264 265
f 275 314 313
f 313 321 1633
f 277 412 314
f 311 1630 321
f 263 531 291
f 450 283 284
f 282 283 450
f 439 281 282
f 336 334 335
f 336 318 334
f 333 329 330
f 334 331 335
f 334 333 330
f 333 315 329
f 413 329 315
f 413 314 412
f 336 335 338
f 328 336 337
f 332 331 425
f 421 331 330
f 325 327 319
f 320 327 328
f 327 336 328
f 325 326 327
f 323 316 326
f 326 318 327
f 320 328 350
f 362 337 358
f 358 338 377
f 2335 320 350
f 379 263 2412
f 425 356 332
f 356 425 434
f 338 332 352
f 337 338 358
f 324 323 325
f 328 337 362
f 2170 320 2335
f 380 263 379
f 380 378 263
f 338 331 332
f 331 334 330
f 335 331 338
f 336 338 337
f 2158 312 2165
f 316 334 318
f 316 318 326
f 334 316 333
f 316 315 333
f 314 413 315
f 314 315 317
f 317 316 322
f 321 313 317
f 327 318 336
f 2158 311 312
f 311 2158 2157
f 476 263 378
f 475 263 476
f 138 269 462
f 342 270 137
f 310 257 339
f 270 264 340
f 322 323 324
f 2165 324 325
f 2165 312 324
f 322 324 312
f 312 311 322
f 323 326 325
f 322 316 323
f 321 317 322
f 311 321 322
f 273 264 268
f 2167 319 2170
f 319 320 2170
f 327 320 319
f 2167 325 319
f 2166 325 2167
f 325 2166 2165
f 316 317 315
f 313 314 317
f 130 125 128
f 127 126 132
f 125 139 141
f 125 133 139
f 125 132 133
f 125 127 132
f 126 123 132
f 131 129 125
f 128 125 129
f 132 123 133
f 125 130 127
f 130 128 124
f 131 124 129
f 124 128 129
f 124 127 130
f 124 126 127
f 121 124 131
f 121 126 124
f 135 136 340
f 114 143 142
f 139 123 141
f 140 125 142
f 142 125 141
f 137 136 138
f 136 135 138
f 135 134 138
f 136 137 340
f 126 107 123
f 339 134 135
f 134 118 138
f 119 134 339
f 140 1292 112
f 123 114 141
f 114 113 143
f 115 114 123
f 139 133 123
f 120 575 109
f 1498 95 112
f 108 95 1498
f 111 618 113
f 110 109 111
f 211 771 102
f 120 109 122
f 107 110 123
f 107 122 109
f 105 108 138
f 106 95 837
f 106 112 95
f 771 66 102
f 95 66 771
f 105 95 108
f 104 105 242
f 211 102 104
f 104 95 105
f 119 117 118
f 122 107 126
f 121 122 126
f 140 106 125
f 120 122 121
f 106 1201 125
f 118 117 138
f 116 138 117
f 119 118 134
f 141 114 142
f 117 119 301
f 105 138 116
f 123 110 115
f 112 106 140
f 110 114 115
f 114 111 113
f 110 111 114
f 110 107 109
f 274 256 272
f 291 269 263
f 291 1655 248
f 248 269 291
f 248 2076 212
f 274 271 270
f 272 271 274
f 270 267 268
f 267 266 268
f 277 278 276
f 256 271 272
f 271 254 270
f 270 252 267
f 268 250 273
f 252 266 267
f 266 250 268
f 265 273 310
f 273 265 264
f 286 288 287
f 294 260 295
f 260 293 295
f 293 258 292
f 292 255 274
f 1655 1656 248
f 290 282 1660
f 289 286 290
f 288 286 289
f 253 310 273
f 286 284 290
f 284 282 290
f 285 284 286
f 282 284 283
f 280 277 282
f 282 281 280
f 277 280 279
f 278 277 279
f 251 254 255
f 248 249 269
f 255 256 274
f 256 254 271
f 254 251 270
f 250 253 273
f 251 252 270
f 252 250 266
f 255 254 256
f 253 250 144
f 250 252 251
f 248 105 249
f 105 248 242
f 253 257 310
f 105 306 249
f 104 242 211
f 140 143 1278
f 140 142 143
f 250 251 307
f 138 108 269
f 108 263 269
f 263 108 1471
f 771 211 212
f 304 262 296
f 262 261 294
f 251 255 308
f 304 261 262
f 362 350 328
f 260 261 304
f 261 260 294
f 259 258 293
f 260 259 293
f 258 255 292
f 260 258 259
f 255 258 260
f 257 253 144
f 531 263 478
f 433 426 432
f 428 437 429
f 417 431 432
f 428 427 433
f 427 426 433
f 426 417 432
f 424 429 430
f 424 428 429
f 436 428 433
f 505 287 506
f 504 287 505
f 503 286 504
f 497 286 503
f 489 285 497
f 457 285 489
f 450 284 457
f 443 282 450
f 436 433 440
f 438 439 445
f 438 432 439
f 435 437 444
f 444 437 442
f 442 436 441
f 436 440 441
f 437 436 442
f 440 432 438
f 422 426 427
f 433 432 440
f 430 437 435
f 434 424 430
f 428 422 427
f 424 423 428
f 432 431 439
f 437 430 429
f 428 436 437
f 467 269 470
f 329 413 415
f 413 414 415
f 414 419 415
f 412 414 413
f 439 282 443
f 477 478 263
f 475 477 263
f 470 269 474
f 329 416 330
f 468 270 466
f 465 466 270
f 343 270 342
f 344 270 343
f 304 411 472
f 464 269 467
f 463 465 270
f 270 460 463
f 423 416 422
f 426 419 417
f 422 428 423
f 422 419 426
f 425 424 434
f 421 424 425
f 421 423 424
f 331 421 425
f 330 420 421
f 441 440 448
f 419 422 416
f 418 417 419
f 419 414 418
f 420 423 421
f 420 416 423
f 416 415 419
f 330 416 420
f 416 329 415
f 537 536 1662
f 411 468 469
f 465 463 464
f 459 344 341
f 462 459 341
f 463 460 464
f 460 461 464
f 462 461 459
f 460 459 461
f 472 411 469
f 536 534 1660
f 534 532 1660
f 531 2627 291
f 532 524 299
f 1661 1662 536
f 1660 1661 536
f 524 520 298
f 520 514 298
f 471 469 473
f 475 496 498
f 495 496 475
f 488 495 475
f 487 488 475
f 475 476 481
f 474 471 473
f 474 472 471
f 473 470 474
f 509 290 514
f 472 469 471
f 469 470 473
f 469 468 470
f 468 466 470
f 474 306 472
f 467 470 466
f 466 465 467
f 465 464 467
f 448 440 446
f 446 451 452
f 449 448 453
f 448 446 453
f 447 444 449
f 446 445 451
f 445 443 450
f 449 442 448
f 444 442 449
f 453 446 452
f 442 441 448
f 482 444 447
f 435 444 482
f 430 435 351
f 430 351 434
f 439 443 445
f 438 445 446
f 440 438 446
f 454 453 484
f 508 290 509
f 507 290 508
f 506 289 507
f 456 457 491
f 458 451 456
f 484 453 483
f 453 458 483
f 455 454 484
f 461 269 464
f 451 457 456
f 453 452 458
f 452 451 458
f 451 450 457
f 455 449 454
f 449 453 454
f 447 449 455
f 451 445 450
f 2342 365 2343
f 2343 369 370
f 369 365 366
f 366 374 367
f 368 374 366
f 361 368 363
f 366 367 369
f 365 368 366
f 2343 365 369
f 2343 370 2346
f 2336 365 2342
f 364 365 2336
f 364 363 365
f 350 363 364
f 362 360 363
f 363 350 362
f 365 363 368
f 368 361 374
f 352 353 377
f 381 380 379
f 376 355 385
f 373 355 376
f 373 354 355
f 354 373 372
f 372 353 354
f 372 359 353
f 359 377 353
f 372 361 360
f 374 376 375
f 367 374 375
f 361 372 374
f 374 373 376
f 374 372 373
f 2347 370 371
f 2346 370 2347
f 369 367 370
f 348 138 349
f 349 347 348
f 346 342 348
f 347 346 348
f 343 342 346
f 347 345 346
f 345 341 343
f 344 343 341
f 343 346 345
f 352 332 356
f 342 138 348
f 347 349 138
f 341 138 462
f 345 347 138
f 138 341 345
f 342 137 138
f 339 135 340
f 340 310 339
f 353 357 354
f 360 361 363
f 360 358 377
f 360 359 372
f 360 377 359
f 358 360 362
f 357 386 354
f 356 357 353
f 355 354 387
f 351 378 382
f 352 356 353
f 378 351 480
f 377 338 352
f 2335 364 2336
f 2335 350 364
f 434 382 390
f 434 351 382
f 390 356 434
f 397 388 395
f 371 406 408
f 403 375 402
f 402 376 401
f 396 397 395
f 395 381 396
f 397 379 399
f 396 379 397
f 381 379 396
f 371 407 409
f 399 400 389
f 398 389 400
f 399 387 397
f 395 380 381
f 402 379 403
f 379 402 401
f 398 379 401
f 400 379 398
f 408 379 407
f 270 468 411
f 459 270 344
f 461 462 269
f 270 459 460
f 401 385 398
f 406 405 408
f 2385 379 2384
f 410 379 2385
f 399 379 400
f 379 409 407
f 379 410 409
f 405 379 408
f 405 404 379
f 404 403 379
f 2385 371 410
f 371 409 410
f 408 407 371
f 385 387 389
f 383 380 384
f 382 380 383
f 391 384 393
f 392 391 393
f 384 390 383
f 391 390 384
f 382 383 390
f 388 386 392
f 384 380 393
f 385 355 387
f 354 386 387
f 386 357 392
f 391 392 357
f 386 388 387
f 390 391 356
f 357 356 391
f 382 378 380
f 375 376 402
f 376 385 401
f 406 370 405
f 405 367 404
f 367 403 404
f 367 375 403
f 2347 371 2385
f 371 370 406
f 370 367 405
f 1403 1400 1409
f 388 394 395
f 392 394 388
f 392 393 394
f 387 388 397
f 389 387 399
f 385 389 398
f 394 380 395
f 393 380 394
f 1095 1094 1376
f 955 1105 956
f 955 1099 1105
f 1103 1108 1099
f 1108 1103 1102
f 1101 1103 1100
f 1100 1103 1099
f 1330 953 1418
f 1375 1093 1374
f 1374 1092 1367
f 1092 1366 1367
f 956 1105 1104
f 1094 1093 1375
f 1093 1092 1374
f 1092 1091 1366
f 1097 1096 1378
f 1096 1095 1376
f 1087 1096 1097
f 1098 1087 1097
f 1089 1087 1098
f 1088 1089 1098
f 1114 1106 1121
f 1121 1106 1136
f 1121 1120 1118
f 1119 1118 1120
f 1118 1114 1121
f 624 957 1466
f 1106 709 1136
f 709 1116 1117
f 1116 1110 1115
f 709 1108 1116
f 1087 1086 1096
f 1112 1114 1113
f 1111 1114 1112
f 1111 1106 1114
f 1108 1110 1116
f 1099 1108 709
f 1106 1099 709
f 1108 1109 1110
f 1106 1111 1107
f 1105 1099 1106
f 1069 1078 1080
f 1073 1085 1086
f 1085 1072 1082
f 1078 1077 1090
f 1077 1076 1090
f 1079 1075 1088
f 1087 1073 1086
f 1075 1074 1087
f 1073 1087 1074
f 1082 1071 1081
f 1081 1069 1080
f 940 1084 1083
f 1078 1068 1077
f 1072 1085 1073
f 1071 1082 1072
f 1070 1081 1071
f 1079 1064 1075
f 1068 1078 1069
f 1077 1066 1076
f 1068 1067 1077
f 1066 1077 1067
f 1081 1080 1092
f 1086 1085 1095
f 1096 1086 1095
f 1095 1082 1094
f 1082 1093 1094
f 1093 1081 1092
f 1092 1078 1091
f 1078 1090 1091
f 1085 1082 1095
f 1082 1081 1093
f 1122 1121 1125
f 1080 1078 1092
f 1090 1076 1083
f 1088 1075 1089
f 1075 1087 1089
f 1091 1365 1366
f 1090 1084 1365
f 1090 1365 1091
f 1083 1084 1090
f 1084 940 1368
f 1143 1187 577
f 1200 1205 550
f 1149 1193 1164
f 1148 1149 1163
f 1146 1162 1147
f 1163 1162 1145
f 1162 1144 1145
f 1145 1148 1163
f 1144 1162 1146
f 1148 577 1149
f 577 1187 1149
f 1360 1200 550
f 1143 1142 1187
f 1145 577 1148
f 620 1145 1144
f 1143 1141 1142
f 575 120 1141
f 1141 121 1142
f 120 121 1141
f 2658 1121 2664
f 2658 1891 1121
f 1210 550 1205
f 1153 1159 1152
f 1151 1152 1159
f 1156 1150 1151
f 1152 614 1153
f 1151 614 1152
f 1150 610 1151
f 899 1184 1185
f 1184 581 1175
f 581 1165 1175
f 1891 1885 1119
f 899 581 1184
f 1165 580 1156
f 1174 550 1210
f 1203 1204 549
f 1202 549 1164
f 549 1163 1164
f 1202 1203 549
f 1209 1336 899
f 1201 549 1212
f 1114 1863 1851
f 1128 1121 1136
f 1126 1121 1128
f 1125 1121 1126
f 1129 1123 1124
f 711 1123 1129
f 709 711 1133
f 1136 709 1432
f 957 1751 1466
f 1863 1118 1879
f 1127 1126 1128
f 1118 1119 1885
f 1114 1118 1863
f 1851 1853 1113
f 1112 1853 1745
f 1851 1113 1114
f 1853 1112 1113
f 1745 1111 1112
f 1107 1111 1745
f 1102 1103 1482
f 1137 1139 1138
f 1885 1879 1118
f 1126 1127 2713
f 1125 1126 2713
f 2664 1122 1125
f 1121 1122 2664
f 1891 1120 1121
f 1119 1120 1891
f 1140 1136 1432
f 1139 1136 1140
f 1069 1081 1070
f 1137 1136 1139
f 1140 1432 1135
f 1432 1133 1425
f 1133 1134 1425
f 1133 1131 1132
f 1133 1130 1131
f 1133 1129 1130
f 1432 709 1133
f 1133 711 1129
f 1018 1017 1042
f 650 988 651
f 1016 1023 1041
f 1022 1021 1037
f 1020 1035 1036
f 1021 1020 1037
f 1020 1019 1035
f 1013 1022 1023
f 1022 1008 1021
f 1008 1020 1021
f 1020 1005 1019
f 651 989 1024
f 1017 1016 1041
f 1031 1014 1018
f 1013 1023 1016
f 1018 1011 1017
f 1015 1014 1031
f 1000 1015 1029
f 1014 1012 1018
f 1012 1011 1018
f 1015 996 1014
f 1015 1031 1032
f 1032 1031 1045
f 1044 1018 1043
f 1018 1042 1043
f 1031 1018 1044
f 1042 1017 1041
f 1034 1029 1033
f 1034 1030 1029
f 1033 1015 1032
f 1029 1015 1033
f 996 1012 1014
f 1030 1028 1029
f 1028 1000 1029
f 1028 1027 998
f 1026 998 1027
f 1025 655 654
f 1026 1025 991
f 1025 1024 991
f 654 1024 1025
f 651 1024 654
f 999 996 1015
f 973 1003 1006
f 1003 972 1002
f 972 1001 1002
f 764 1056 1035
f 1019 758 1035
f 758 1019 1004
f 764 770 1056
f 1000 999 1015
f 998 1000 1028
f 998 999 1000
f 1002 1001 1005
f 998 997 999
f 997 993 999
f 997 998 990
f 993 997 990
f 996 995 1012
f 993 996 999
f 996 992 995
f 995 994 1011
f 981 1011 994
f 1008 1005 1020
f 1011 1016 1017
f 1016 1007 1013
f 1007 1009 1013
f 1011 1010 1016
f 1012 995 1011
f 1010 1007 1016
f 1011 981 1010
f 1009 1022 1013
f 1009 1008 1022
f 1033 1032 1045
f 1005 1004 1019
f 1007 1006 1009
f 981 1007 1010
f 1007 976 1006
f 1006 1008 1009
f 1008 1003 1005
f 1005 1001 1004
f 1006 1003 1008
f 1003 1002 1005
f 1059 1058 1068
f 655 1025 1390
f 1064 1079 1065
f 1065 1063 1064
f 1064 1054 1062
f 1063 1055 1064
f 1054 1061 1062
f 1055 1054 1064
f 1075 1064 1062
f 1061 1075 1062
f 1047 1059 1069
f 1391 1026 1027
f 1058 1057 1068
f 1067 1068 1057
f 1067 1056 1066
f 1057 1056 1067
f 1076 1066 928
f 1083 928 934
f 1056 770 1066
f 1066 922 928
f 770 922 1066
f 1047 1069 1070
f 1074 1075 1061
f 1074 1061 1073
f 1073 1049 1072
f 1072 1049 1071
f 1061 1060 1073
f 1060 1049 1073
f 1071 1047 1070
f 1069 1059 1068
f 1049 1048 1071
f 622 1436 953
f 1048 1047 1071
f 928 1083 1076
f 1063 1065 1397
f 1051 1063 1399
f 1034 1051 1396
f 1030 1034 1395
f 1028 1030 1393
f 1027 1028 1392
f 1025 1026 1391
f 1041 1040 1046
f 1044 1043 1052
f 1043 1042 1052
f 1042 1041 1046
f 1037 1057 1058
f 1057 1036 1056
f 1039 1038 1059
f 1038 1037 1059
f 1037 1036 1057
f 1036 1035 1056
f 1052 1042 1046
f 1039 1040 1041
f 1039 1022 1038
f 1022 1037 1038
f 1041 1023 1039
f 1023 1022 1039
f 1037 1020 1036
f 1034 1033 1050
f 1050 1033 1045
f 1045 1031 1044
f 1052 1060 1061
f 1054 1053 1061
f 1053 1052 1061
f 1063 1050 1055
f 1055 1045 1054
f 1063 1051 1050
f 1050 1045 1055
f 1054 1044 1053
f 1044 1052 1053
f 1045 1044 1054
f 1154 1160 1153
f 1052 1049 1060
f 1049 1040 1048
f 1040 1047 1048
f 1052 1046 1049
f 1047 1039 1059
f 1059 1037 1058
f 1046 1040 1049
f 1040 1039 1047
f 1051 1034 1050
f 1248 1242 1249
f 1254 1255 1250
f 1253 1254 1250
f 1254 1247 1255
f 1253 1246 1254
f 1252 1253 1250
f 1252 1245 1253
f 1246 1247 1254
f 1245 1246 1253
f 1252 1251 1243
f 1251 1249 1243
f 1255 1256 1250
f 1250 1171 1252
f 1257 1237 1258
f 1256 1237 1257
f 1258 1238 1259
f 1236 1237 1256
f 1247 1236 1256
f 1252 1244 1245
f 1244 1252 1243
f 1242 1243 1249
f 1260 1261 1250
f 1268 1269 1264
f 1267 1268 1264
f 1264 1266 1267
f 1266 1250 1265
f 1263 1265 1250
f 1264 1250 1266
f 1265 708 1266
f 1262 1263 1250
f 1261 1262 1250
f 1246 1236 1247
f 1259 1260 1250
f 1260 1239 1261
f 1259 1239 1260
f 1262 1229 1263
f 1261 1229 1262
f 1258 1259 1250
f 1258 1250 1257
f 1256 1257 1250
f 1255 1247 1256
f 1222 1223 1235
f 1231 1238 1258
f 1236 1231 1237
f 1246 1235 1236
f 1234 1235 1246
f 1233 1234 1244
f 1243 1232 1233
f 1230 1232 1243
f 1235 1223 1236
f 1234 1222 1235
f 1223 1231 1236
f 1237 1231 1258
f 1234 1221 1222
f 1220 1221 1234
f 1232 1219 1220
f 1232 1218 1219
f 1233 1220 1234
f 1232 1220 1233
f 1230 1218 1232
f 1242 1155 1230
f 692 1266 708
f 1269 688 1270
f 1245 1234 1246
f 1244 1234 1245
f 1243 1233 1244
f 1230 1243 1242
f 1283 623 1292
f 1280 623 1283
f 1214 1241 1280
f 1213 1240 1241
f 1436 622 1282
f 1269 1270 1264
f 1270 667 1271
f 1268 688 1269
f 1267 687 1268
f 1266 692 1267
f 1263 708 1265
f 1238 1239 1259
f 1239 1228 1261
f 1228 1229 1261
f 1229 706 1263
f 1440 1439 1284
f 1456 1285 1284
f 1449 1448 1284
f 1448 1447 1284
f 1447 1446 1284
f 1441 1440 1284
f 1446 1445 1284
f 1445 1444 1284
f 1444 1443 1284
f 1443 1442 1284
f 1442 1441 1284
f 1288 1284 1291
f 1439 1438 1284
f 1454 1284 1453
f 1284 1454 1456
f 1455 1284 1437
f 1455 1453 1284
f 1438 1437 1284
f 1285 1290 1284
f 1292 1276 1283
f 1436 1282 1281
f 911 1301 1299
f 906 1334 907
f 913 1356 912
f 904 912 1357
f 903 904 1358
f 905 1334 906
f 900 1335 905
f 899 1337 900
f 911 1299 1300
f 911 1298 1301
f 1281 1392 1393
f 1298 1296 1297
f 1295 1296 1298
f 910 1294 1295
f 910 1293 1294
f 1289 1287 1291
f 1287 1288 1291
f 1287 1286 1288
f 1291 1284 1289
f 1290 1289 1284
f 712 2239 2249
f 2251 1286 2255
f 2248 1286 2251
f 1290 1123 1289
f 1285 1123 1290
f 1123 1287 1289
f 1123 1273 1287
f 1456 1123 1285
f 1123 1272 1273
f 1272 712 2249
f 2255 1286 2254
f 1286 624 1288
f 1123 712 1272
f 2239 710 2208
f 2248 624 1286
f 624 1466 1284
f 1284 1288 624
f 1390 1391 1264
f 1271 1390 1264
f 1270 1271 1264
f 143 113 1278
f 1281 1391 1392
f 1281 1264 1391
f 1282 1264 1281
f 1274 1280 1283
f 1292 1278 1279
f 1279 1277 1292
f 1292 140 1278
f 1279 626 1277
f 1278 626 1279
f 692 687 1267
f 1277 1276 1292
f 1277 1275 1276
f 1277 1274 1275
f 1275 1283 1276
f 1274 1283 1275
f 1274 1214 1280
f 1287 1273 1286
f 1273 1272 1286
f 2254 1286 1272
f 1183 1182 1174
f 1249 1251 1171
f 1248 1249 1171
f 1173 1248 1171
f 1173 1161 1248
f 1175 1180 1181
f 1176 1180 1175
f 1176 1177 1179
f 1175 1177 1176
f 1178 1183 1174
f 1182 1172 1174
f 1171 1251 1252
f 1179 1178 1174
f 1174 1176 1179
f 1172 1171 1174
f 1172 1173 1171
f 1183 1168 1182
f 1172 1169 1173
f 1182 1169 1172
f 1178 1170 1183
f 1177 1166 1179
f 1187 1142 1186
f 1189 1188 1201
f 1187 1191 1192
f 1188 131 1201
f 1191 1186 1190
f 1186 1189 1190
f 1187 1186 1191
f 1186 1188 1189
f 131 125 1201
f 1142 131 1188
f 1178 1179 1166
f 1142 1188 1186
f 1142 121 131
f 1210 1211 1185
f 1184 1181 1210
f 1210 1185 1184
f 1181 1180 1210
f 1180 1176 1210
f 1176 1174 1210
f 1175 1181 1184
f 1230 1155 617
f 1166 1165 1156
f 1157 1161 1169
f 1170 1160 1157
f 1159 1160 1170
f 1159 1166 1158
f 1156 1158 1166
f 1157 1154 1161
f 1160 1154 1157
f 1153 1160 1159
f 1166 1159 1167
f 1155 1161 1154
f 617 612 1230
f 1155 1154 617
f 1153 615 1154
f 1154 616 617
f 615 616 1154
f 1264 550 1250
f 1151 1159 1158
f 1156 1151 1158
f 1207 899 1208
f 1175 1166 1177
f 1168 1169 1182
f 1170 1168 1183
f 1178 1167 1170
f 1167 1178 1166
f 1165 1166 1175
f 1169 1161 1173
f 899 1211 1208
f 1211 899 1185
f 1190 1189 1201
f 899 1207 1209
f 1164 1163 1149
f 1147 1162 1240
f 1212 549 1204
f 1248 1155 1242
f 1161 1155 1248
f 1170 1157 1168
f 1168 1157 1169
f 1167 1159 1170
f 1214 1213 1241
f 1221 1217 1224
f 694 1219 1218
f 1216 1217 1221
f 1219 1215 1216
f 694 1215 1219
f 612 1218 1230
f 1241 623 1280
f 1240 623 1241
f 626 1274 1277
f 1214 1274 626
f 1219 1216 1220
f 1213 1147 1240
f 1278 625 626
f 1213 1214 626
f 626 1147 1213
f 1147 627 1146
f 627 1144 1146
f 626 627 1147
f 113 625 1278
f 1212 1204 1199
f 1228 705 1229
f 707 1263 706
f 1238 1227 1239
f 1231 1226 1238
f 1226 1231 1223
f 707 708 1263
f 1227 1228 1239
f 1226 1227 1238
f 1225 1226 1223
f 1282 622 1264
f 1212 1192 1201
f 1224 1225 1223
f 1227 705 1228
f 1229 705 706
f 1226 704 1227
f 1225 702 1226
f 1224 702 1225
f 1222 1224 1223
f 1221 1224 1222
f 1220 1216 1221
f 1204 1196 1198
f 1200 1337 1336
f 1200 1335 1337
f 1204 1198 1199
f 1199 1197 1212
f 1198 1197 1199
f 1197 1192 1212
f 1198 1192 1197
f 1198 1196 1192
f 1196 1187 1192
f 1335 1200 1333
f 1195 1196 1203
f 1194 1195 1202
f 1164 1193 1194
f 1195 1187 1196
f 1194 1187 1195
f 1193 1187 1194
f 1193 1149 1187
f 1192 1191 1201
f 1191 1190 1201
f 1202 1164 1194
f 1205 1206 1211
f 1211 1210 1205
f 1206 1208 1211
f 1200 1208 1206
f 1208 1200 1207
f 1209 1207 1200
f 1206 1205 1200
f 1204 1203 1196
f 1203 1202 1195
f 994 995 992
f 1342 1200 1344
f 1341 1200 1342
f 1343 1200 1341
f 1340 1200 1343
f 1339 1200 1340
f 1200 1336 1209
f 1338 1200 1339
f 1334 1200 1338
f 1200 1334 1333
f 1305 1311 1306
f 1309 1308 1315
f 1313 1306 1312
f 1311 1312 1306
f 1311 1305 1310
f 1330 1360 953
f 952 1307 1381
f 1307 1306 1313
f 952 1306 1307
f 1306 951 1305
f 951 1306 952
f 950 1305 951
f 1310 1303 1309
f 1309 1302 1308
f 1310 1309 1315
f 1305 1304 1310
f 1304 1303 1310
f 1303 1302 1309
f 949 1304 1305
f 949 1303 1304
f 945 1302 1303
f 1327 903 1332
f 1314 901 1322
f 903 1327 1322
f 901 1314 1308
f 1351 1300 1350
f 1349 1301 1348
f 1350 1299 1349
f 1360 1331 1364
f 1321 1320 1330
f 1320 1329 1330
f 1320 1319 1329
f 1319 1320 1321
f 1329 1318 1328
f 1328 1316 1325
f 1325 1315 1324
f 1315 1322 1324
f 1319 1318 1329
f 1318 1317 1328
f 1317 1316 1328
f 1316 1315 1325
f 1315 1314 1322
f 1348 1298 1347
f 1360 1330 1331
f 1363 903 1361
f 1332 903 1363
f 903 1359 1361
f 1307 1313 1401
f 1313 1318 1319
f 1318 1311 1317
f 1317 1310 1316
f 1310 1315 1316
f 1315 1308 1314
f 1313 1312 1318
f 1312 1311 1318
f 1311 1310 1317
f 876 877 879
f 1299 1301 1349
f 1298 1297 1347
f 1297 1296 1345
f 1296 1295 1344
f 1295 1294 1342
f 1294 1293 1341
f 911 1300 1351
f 1293 910 1343
f 909 1340 910
f 908 1339 909
f 907 1338 908
f 953 837 873
f 875 876 713
f 1300 1299 1350
f 714 713 876
f 714 876 881
f 876 879 881
f 880 714 881
f 882 881 883
f 878 884 885
f 879 878 891
f 885 891 878
f 891 885 886
f 887 883 889
f 883 881 894
f 888 887 889
f 889 883 894
f 1352 911 1351
f 1347 1297 1346
f 1297 1345 1346
f 1345 1296 1344
f 1344 1295 1342
f 1342 1294 1341
f 1343 1341 1293
f 1354 915 1353
f 1353 916 1352
f 1355 914 1354
f 1356 913 1355
f 1358 904 1357
f 1359 903 1358
f 1357 912 1356
f 1324 1322 1323
f 1343 910 1340
f 1340 909 1339
f 1339 908 1338
f 1338 907 1334
f 1335 1333 905
f 1335 900 1337
f 1334 905 1333
f 1337 899 1336
f 911 1352 916
f 915 916 1353
f 914 915 1354
f 913 914 1355
f 1301 1298 1348
f 1377 1376 1388
f 1372 1371 1384
f 1371 1370 1384
f 1370 1369 1382
f 1380 1373 1386
f 1373 1372 1386
f 1381 1307 1401
f 1424 953 1435
f 1418 953 1424
f 1378 1388 1389
f 1388 1376 1380
f 1376 1373 1380
f 1378 1377 1388
f 1375 1373 1376
f 1382 1369 1381
f 1088 1098 1419
f 1079 1088 1421
f 1375 1374 1372
f 1378 1096 1377
f 1096 1376 1377
f 1376 1094 1375
f 1098 1378 1379
f 1098 1097 1378
f 1369 1368 1381
f 1372 1373 1375
f 1374 1371 1372
f 1371 1367 1370
f 1370 1365 1369
f 1394 1079 1421
f 1402 1401 1411
f 1416 1387 1408
f 1386 1404 1405
f 1387 1386 1413
f 1404 1384 1403
f 1403 1384 1400
f 1400 1382 1402
f 1402 1381 1401
f 1435 953 1436
f 1389 1388 1416
f 1388 1380 1416
f 1422 1378 1389
f 1088 1419 1420
f 1368 952 1381
f 1379 1378 1422
f 1419 1098 1379
f 1386 1385 1404
f 1385 1384 1404
f 1384 1383 1400
f 1383 1382 1400
f 1382 1381 1402
f 1380 1387 1416
f 1386 1387 1380
f 1386 1372 1385
f 1372 1384 1385
f 1384 1370 1383
f 1370 1382 1383
f 1418 1321 1330
f 1352 1360 1353
f 1351 1360 1352
f 1350 1360 1351
f 1349 1360 1350
f 1348 1360 1349
f 1347 1360 1348
f 1346 1360 1347
f 1345 1360 1346
f 1344 1360 1345
f 1344 1200 1360
f 1364 1331 1363
f 1331 1332 1363
f 1331 1327 1332
f 1353 1360 1354
f 1331 1330 1326
f 1406 1321 1418
f 1406 1319 1321
f 1401 1313 1406
f 1313 1319 1406
f 1329 1328 1330
f 1331 1323 1327
f 1325 1326 1330
f 1328 1325 1330
f 1326 1323 1331
f 1325 1324 1326
f 1324 1323 1326
f 1323 1322 1327
f 1390 1025 1391
f 1374 1367 1371
f 1369 1084 1368
f 1367 1366 1370
f 1366 1365 1370
f 1365 1084 1369
f 1397 1065 1394
f 1399 1063 1398
f 1063 1397 1398
f 1396 1051 1399
f 1395 1034 1396
f 1393 1030 1395
f 1392 1028 1393
f 1391 1027 1392
f 992 996 993
f 1271 655 1390
f 1065 1079 1394
f 1363 1361 1362
f 1364 1363 1362
f 1360 1364 1362
f 1361 1360 1362
f 1361 1359 1360
f 1358 1360 1359
f 1360 1357 1356
f 1357 1360 1358
f 1355 1360 1356
f 1354 1360 1355
f 959 961 963
f 1103 1101 1477
f 1104 1105 1726
f 1100 1697 1472
f 1477 1100 1472
f 1105 1106 1733
f 1733 1106 1107
f 1726 1721 1104
f 1733 1726 1105
f 1733 1107 1739
f 1739 1107 1745
f 2071 873 871
f 2071 953 873
f 958 960 959
f 1100 1099 1697
f 961 960 970
f 962 961 970
f 961 959 960
f 963 961 962
f 959 628 958
f 963 631 959
f 965 632 963
f 963 962 964
f 964 962 975
f 965 963 964
f 966 965 964
f 965 966 637
f 966 967 982
f 746 752 1004
f 1368 940 947
f 951 944 950
f 952 946 951
f 1305 950 949
f 1368 947 952
f 727 733 960
f 733 739 971
f 727 958 740
f 971 739 746
f 960 733 969
f 971 969 733
f 628 740 958
f 958 727 960
f 966 964 967
f 1004 752 758
f 1001 971 746
f 1004 1001 746
f 1035 758 764
f 957 622 953
f 1099 955 954
f 954 1702 1697
f 1104 1721 1713
f 954 1697 1099
f 954 955 1708
f 955 956 1713
f 1713 956 1104
f 1101 1100 1477
f 990 987 993
f 981 980 1007
f 637 966 982
f 983 982 985
f 638 637 982
f 639 982 983
f 639 638 982
f 639 983 984
f 984 983 986
f 983 985 986
f 986 985 992
f 984 986 988
f 988 986 987
f 987 986 993
f 979 981 994
f 640 639 984
f 640 984 988
f 988 650 640
f 989 651 988
f 989 988 987
f 989 987 990
f 991 989 990
f 1024 989 991
f 990 998 991
f 991 998 1026
f 985 979 992
f 986 992 993
f 992 979 994
f 975 962 974
f 967 964 975
f 968 967 977
f 982 967 968
f 982 968 985
f 985 968 978
f 970 960 969
f 962 970 974
f 972 970 969
f 974 970 973
f 969 971 972
f 970 972 973
f 972 971 1001
f 973 972 1003
f 891 892 893
f 973 975 974
f 975 973 976
f 977 967 975
f 968 977 978
f 980 977 975
f 978 977 981
f 985 978 979
f 979 978 981
f 975 976 980
f 977 980 981
f 976 973 1006
f 980 976 1007
f 716 953 1360
f 914 913 915
f 915 912 911
f 916 915 911
f 878 879 561
f 765 887 888
f 888 889 917
f 887 765 883
f 889 890 929
f 929 890 894
f 894 895 941
f 765 888 917
f 917 889 923
f 923 889 929
f 912 915 913
f 766 917 918
f 918 917 924
f 769 921 770
f 766 918 919
f 767 919 920
f 921 769 920
f 770 921 922
f 919 918 924
f 924 917 923
f 924 925 919
f 919 925 926
f 920 919 926
f 921 920 927
f 581 899 900
f 890 889 894
f 891 581 879
f 893 578 891
f 881 879 910
f 581 891 578
f 550 716 1360
f 895 894 896
f 894 881 912
f 896 894 901
f 897 896 898
f 901 898 896
f 910 879 581
f 912 881 910
f 949 942 948
f 903 902 901
f 901 894 912
f 903 901 912
f 904 903 912
f 910 581 900
f 905 906 907
f 910 900 905
f 910 905 907
f 910 907 908
f 910 908 909
f 912 910 1295
f 1298 911 912
f 1298 912 1295
f 939 938 944
f 941 895 945
f 1302 945 896
f 1308 1302 898
f 938 931 937
f 939 932 938
f 940 933 939
f 936 935 942
f 937 936 943
f 938 937 944
f 934 940 1083
f 942 935 941
f 943 936 942
f 944 937 943
f 927 920 926
f 940 939 946
f 946 939 944
f 940 946 947
f 945 1303 948
f 944 949 950
f 1303 949 948
f 942 941 945
f 943 942 949
f 944 943 949
f 946 944 951
f 947 946 952
f 942 945 948
f 922 921 927
f 902 903 1322
f 935 894 941
f 922 927 928
f 929 894 935
f 924 923 930
f 925 924 931
f 926 925 931
f 927 926 933
f 930 923 929
f 931 924 930
f 931 932 926
f 933 926 932
f 928 933 934
f 928 927 933
f 930 935 936
f 930 929 935
f 1322 901 902
f 898 901 1308
f 1302 897 898
f 896 897 1302
f 895 896 945
f 934 933 940
f 933 932 939
f 932 931 938
f 931 930 936
f 931 936 937
f 28 27 91
f 29 28 92
f 2 101 3
f 3 101 32
f 32 101 33
f 33 101 34
f 34 101 35
f 35 101 36
f 36 101 37
f 37 101 38
f 101 1 103
f 32 33 50
f 91 27 78
f 78 26 77
f 26 76 77
f 76 25 75
f 75 23 73
f 27 26 78
f 26 25 76
f 25 24 75
f 24 23 75
f 69 18 79
f 68 17 69
f 70 19 74
f 74 17 68
f 47 64 42
f 61 44 60
f 58 41 59
f 57 40 58
f 56 39 57
f 55 38 56
f 54 37 55
f 53 36 54
f 52 35 53
f 51 34 52
f 50 33 51
f 49 32 50
f 46 48 65
f 33 34 51
f 47 46 63
f 48 45 62
f 45 44 61
f 44 43 60
f 41 42 59
f 40 41 58
f 39 40 57
f 38 39 56
f 37 38 55
f 36 37 54
f 35 36 53
f 34 35 52
f 6 5 20
f 43 16 31
f 16 15 30
f 15 14 29
f 14 13 28
f 13 12 27
f 12 11 26
f 11 10 25
f 10 9 24
f 9 8 23
f 4 2 17
f 8 7 22
f 7 6 21
f 17 2 18
f 5 4 19
f 3 32 49
f 2 3 18
f 11 1 10
f 9 10 1
f 8 9 1
f 66 67 1
f 66 1 11
f 7 8 1
f 6 7 1
f 5 6 1
f 4 5 1
f 30 15 29
f 17 18 69
f 18 49 79
f 19 17 74
f 20 19 70
f 73 22 72
f 72 21 71
f 21 70 71
f 23 22 73
f 22 21 72
f 103 1 67
f 60 43 31
f 31 16 30
f 21 20 70
f 29 14 28
f 28 13 27
f 27 12 26
f 26 11 25
f 25 10 24
f 24 9 23
f 23 8 22
f 19 4 17
f 22 7 21
f 20 5 19
f 21 6 20
f 18 3 49
f 72 71 67
f 103 83 84
f 103 82 83
f 103 81 82
f 103 80 81
f 103 79 80
f 103 69 79
f 67 95 73
f 69 67 68
f 74 68 67
f 103 67 69
f 73 72 67
f 71 70 67
f 103 84 85
f 67 70 74
f 100 65 97
f 97 62 96
f 62 99 96
f 99 61 98
f 65 62 97
f 62 61 99
f 61 60 98
f 102 66 45
f 42 102 47
f 47 102 46
f 102 45 48
f 95 98 94
f 1 101 2
f 2 4 1
f 102 101 104
f 104 101 103
f 97 104 100
f 104 89 100
f 104 90 89
f 104 88 90
f 96 104 97
f 99 104 96
f 99 95 104
f 95 99 98
f 102 48 46
f 95 94 93
f 95 93 92
f 95 92 91
f 78 95 91
f 77 95 78
f 76 95 77
f 75 95 76
f 73 95 75
f 104 103 88
f 103 87 88
f 103 86 87
f 103 85 86
f 81 51 82
f 59 64 89
f 59 88 58
f 87 57 58
f 56 57 87
f 100 63 65
f 64 63 100
f 85 55 86
f 84 55 85
f 83 54 84
f 55 56 86
f 55 84 54
f 82 53 83
f 86 56 87
f 80 51 81
f 79 50 80
f 54 83 53
f 82 52 53
f 51 52 82
f 51 80 50
f 79 49 50
f 101 102 38
f 63 46 65
f 64 47 63
f 59 42 64
f 62 45 61
f 45 66 44
f 41 102 42
f 40 102 41
f 39 102 40
f 38 102 39
f 98 31 94
f 94 30 93
f 30 92 93
f 92 28 91
f 60 31 98
f 31 30 94
f 30 29 92
f 67 66 95
f 65 48 62
f 44 66 43
f 43 66 16
f 16 66 15
f 15 66 14
f 14 66 13
f 66 12 13
f 66 11 12
f 89 64 100
f 90 59 89
f 88 59 90
f 87 58 88
f 790 788 838
f 818 819 787
f 787 872 856
f 837 787 856
f 793 789 847
f 794 793 849
f 795 794 850
f 796 795 850
f 789 838 848
f 847 789 848
f 849 793 847
f 850 794 849
f 851 796 850
f 817 818 787
f 789 790 838
f 797 796 851
f 798 797 853
f 797 851 852
f 853 797 852
f 854 798 853
f 799 798 854
f 800 799 855
f 801 800 855
f 802 801 858
f 834 802 868
f 855 799 854
f 797 781 796
f 785 784 800
f 786 785 801
f 817 786 802
f 790 774 788
f 789 773 790
f 793 777 789
f 791 775 792
f 788 772 791
f 792 776 820
f 794 778 793
f 795 779 794
f 796 780 795
f 801 855 857
f 798 782 797
f 799 783 798
f 800 784 799
f 801 785 800
f 802 786 801
f 834 817 802
f 787 781 782
f 787 782 783
f 787 783 784
f 787 784 785
f 787 785 786
f 787 786 817
f 871 872 809
f 824 807 825
f 825 808 826
f 826 809 827
f 827 810 828
f 828 811 829
f 829 812 830
f 833 816 836
f 830 813 831
f 832 815 833
f 831 814 832
f 835 818 834
f 836 819 835
f 823 806 824
f 812 872 813
f 813 872 814
f 814 872 815
f 815 872 816
f 816 872 819
f 819 872 787
f 845 823 824
f 825 846 824
f 826 859 825
f 826 827 861
f 827 828 862
f 862 828 829
f 812 813 830
f 858 801 857
f 868 802 858
f 803 804 821
f 804 805 822
f 805 806 823
f 806 807 824
f 807 808 825
f 808 809 826
f 809 810 827
f 810 811 828
f 811 812 829
f 816 819 836
f 874 871 873
f 814 831 813
f 814 815 832
f 815 816 833
f 818 817 834
f 819 818 835
f 809 872 810
f 810 872 811
f 811 872 812
f 820 803 821
f 821 804 822
f 822 805 823
f 836 863 833
f 771 787 837
f 846 825 859
f 859 826 860
f 860 826 861
f 861 827 862
f 862 829 864
f 784 783 799
f 836 835 869
f 835 834 868
f 775 771 871
f 867 832 833
f 869 835 868
f 836 869 870
f 867 833 863
f 863 836 870
f 830 864 829
f 830 831 866
f 864 830 865
f 865 830 866
f 791 840 788
f 803 871 804
f 776 871 803
f 775 871 776
f 839 792 842
f 841 791 839
f 840 791 841
f 838 788 840
f 792 820 842
f 791 792 839
f 866 831 867
f 781 771 780
f 780 771 779
f 779 771 778
f 778 771 777
f 771 772 774
f 771 775 772
f 773 771 774
f 777 771 773
f 869 868 856
f 850 849 856
f 851 850 856
f 852 851 856
f 853 852 856
f 854 853 856
f 855 854 856
f 857 855 856
f 858 857 856
f 868 858 856
f 837 856 849
f 874 873 864
f 870 869 874
f 863 870 874
f 869 856 874
f 874 864 865
f 866 867 874
f 874 865 866
f 867 863 874
f 871 874 872
f 873 842 843
f 856 872 874
f 840 837 838
f 837 848 838
f 837 847 848
f 837 849 847
f 841 837 840
f 839 837 841
f 873 837 839
f 873 839 842
f 831 832 867
f 873 843 844
f 873 844 845
f 873 845 846
f 859 873 846
f 860 873 859
f 861 873 860
f 862 873 861
f 864 873 862
f 774 772 788
f 804 871 805
f 805 871 806
f 806 871 807
f 871 808 807
f 871 809 808
f 842 820 821
f 822 843 821
f 822 823 845
f 842 821 843
f 843 822 844
f 844 822 845
f 845 824 846
f 787 771 781
f 777 773 789
f 773 774 790
f 775 791 772
f 775 776 792
f 776 803 820
f 778 777 793
f 779 778 794
f 780 779 795
f 781 780 796
f 782 781 797
f 783 782 798
f 207 246 243
f 185 212 186
f 186 212 187
f 212 193 191
f 212 190 193
f 192 212 191
f 187 212 192
f 211 190 212
f 212 176 248
f 206 205 245
f 207 206 246
f 210 207 244
f 246 206 245
f 184 212 185
f 244 207 243
f 247 210 244
f 213 216 220
f 218 217 213
f 217 216 213
f 219 218 213
f 228 213 215
f 220 214 213
f 215 213 214
f 213 242 219
f 228 215 225
f 228 225 226
f 147 177 194
f 159 158 173
f 158 157 172
f 157 156 171
f 156 155 170
f 155 154 169
f 154 153 168
f 153 152 167
f 148 146 161
f 152 151 166
f 151 150 165
f 150 149 164
f 149 148 163
f 228 226 227
f 146 147 162
f 155 145 154
f 153 154 145
f 152 153 145
f 211 213 145
f 211 145 155
f 151 152 145
f 150 151 145
f 149 150 145
f 148 149 145
f 146 148 145
f 145 176 146
f 183 212 184
f 204 235 203
f 204 209 236
f 233 201 234
f 234 203 235
f 235 204 237
f 237 204 236
f 236 209 247
f 248 176 228
f 211 155 156
f 211 156 157
f 158 211 157
f 159 211 158
f 244 248 247
f 160 211 159
f 188 211 160
f 189 211 188
f 190 211 189
f 213 211 242
f 174 173 239
f 175 174 241
f 205 175 245
f 239 172 238
f 174 239 240
f 241 174 240
f 245 175 241
f 224 242 238
f 228 227 229
f 229 230 228
f 230 231 228
f 231 232 228
f 232 233 228
f 233 234 228
f 234 235 228
f 248 228 235
f 219 242 221
f 221 242 222
f 222 242 223
f 223 242 224
f 201 202 234
f 242 239 238
f 242 240 239
f 242 241 240
f 242 245 241
f 242 246 245
f 246 242 248
f 246 248 243
f 243 248 244
f 248 235 237
f 248 237 236
f 248 236 247
f 190 189 206
f 201 184 202
f 200 183 201
f 199 182 200
f 198 181 199
f 197 180 198
f 196 179 197
f 195 178 196
f 194 177 195
f 191 193 210
f 192 209 187
f 192 191 208
f 193 190 207
f 202 185 203
f 189 188 205
f 186 187 204
f 185 186 203
f 184 185 202
f 183 184 201
f 182 183 200
f 181 182 199
f 180 181 198
f 179 180 197
f 178 179 196
f 177 178 195
f 176 145 228
f 199 230 198
f 234 202 203
f 247 208 210
f 209 208 247
f 232 200 233
f 231 200 232
f 230 199 231
f 200 201 233
f 200 231 199
f 229 198 230
f 227 196 229
f 226 196 227
f 225 195 226
f 188 160 175
f 229 197 198
f 196 197 229
f 196 226 195
f 225 194 195
f 176 212 183
f 208 191 210
f 209 192 208
f 204 187 209
f 207 190 206
f 210 193 207
f 206 189 205
f 203 186 204
f 172 157 171
f 163 161 220
f 164 163 216
f 219 166 218
f 218 165 217
f 165 216 217
f 167 166 219
f 166 165 218
f 228 145 213
f 205 188 175
f 175 160 174
f 174 159 173
f 173 158 172
f 181 176 182
f 171 156 170
f 170 155 169
f 169 154 168
f 168 153 167
f 167 152 166
f 163 148 161
f 166 151 165
f 164 149 163
f 165 150 164
f 162 147 194
f 161 146 162
f 160 159 174
f 161 162 215
f 182 176 183
f 180 176 181
f 179 176 180
f 178 176 179
f 177 176 178
f 147 176 177
f 146 176 147
f 173 172 239
f 172 171 238
f 238 171 224
f 224 170 223
f 170 222 223
f 162 194 225
f 222 169 221
f 221 167 219
f 171 170 224
f 170 169 222
f 169 168 221
f 168 167 221
f 214 161 215
f 216 163 220
f 220 161 214
f 165 164 216
f 215 162 225
f 2031 2015 2030
f 2032 2016 2031
f 2033 2017 2032
f 2034 2018 2033
f 2035 2019 2034
f 2068 2050 2035
f 2020 2014 2015
f 2020 2015 2016
f 2020 2016 2017
f 2020 2017 2018
f 2020 2018 2019
f 2019 2018 2034
f 2020 2019 2050
f 2030 2014 2029
f 2029 2013 2028
f 2028 2012 2027
f 2027 2011 2026
f 2025 2009 2054
f 2021 2005 2024
f 2024 2008 2025
f 2026 2010 2022
f 2022 2006 2023
f 2023 2007 2021
f 2050 2019 2035
f 2035 2034 2093
f 2086 2029 2085
f 2068 2035 2103
f 2034 2033 2090
f 2033 2032 2090
f 2032 2031 2089
f 2089 2031 2088
f 2088 2030 2087
f 2030 2086 2087
f 2031 2030 2088
f 2030 2029 2086
f 2022 2023 2072
f 2023 2021 2072
f 2050 2051 2020
f 2085 2027 2084
f 2084 2026 2082
f 2082 2022 2083
f 2022 2072 2083
f 2029 2028 2085
f 2028 2027 2085
f 2027 2026 2084
f 2026 2022 2082
f 2071 2020 2091
f 2020 2053 2091
f 2051 2052 2020
f 2024 2025 2073
f 2039 2004 2040
f 2038 2004 2039
f 2037 2004 2038
f 2036 2004 2037
f 2009 2004 2036
f 2008 2004 2009
f 2073 2025 2077
f 2075 2024 2073
f 2074 2024 2075
f 2072 2021 2074
f 2025 2054 2077
f 2004 2041 2040
f 2024 2074 2021
f 2014 2003 2013
f 2013 2003 2012
f 2012 2003 2011
f 2011 2003 2010
f 2003 2005 2007
f 2003 2008 2005
f 2006 2003 2007
f 2010 2003 2006
f 2003 2004 2008
f 2003 2020 2071
f 2010 2006 2022
f 2017 2016 2032
f 2016 2015 2031
f 2015 2014 2030
f 2014 2013 2029
f 2013 2012 2028
f 2012 2011 2027
f 2011 2010 2026
f 2009 2036 2054
f 2008 2009 2025
f 2008 2024 2005
f 2006 2007 2023
f 2018 2017 2033
f 2007 2005 2021
f 2020 2003 2014
f 2106 2004 2076
f 2080 2058 2081
f 2079 2056 2080
f 2078 2056 2079
f 2077 2055 2078
f 2056 2057 2080
f 2056 2078 2055
f 2077 2054 2055
f 2004 2042 2041
f 2064 2099 2063
f 2076 2073 2077
f 2071 2073 2076
f 2073 2071 2075
f 2075 2071 2074
f 2071 2084 2082
f 2071 2082 2083
f 2071 2083 2072
f 2074 2071 2072
f 2091 2053 2106
f 2101 2065 2102
f 2100 2064 2101
f 2099 2064 2100
f 2064 2065 2101
f 2076 2077 2078
f 2098 2070 2105
f 2102 2067 2098
f 2070 2104 2105
f 2104 2069 2103
f 2102 2066 2067
f 2070 2098 2067
f 2069 2068 2103
f 2070 2069 2104
f 2065 2066 2102
f 2097 2063 2099
f 2096 2061 2097
f 2095 2060 2096
f 2094 2060 2095
f 2088 2087 2091
f 2106 2100 2101
f 2101 2102 2106
f 2106 2099 2100
f 2104 2091 2106
f 2098 2105 2106
f 2105 2104 2106
f 2106 2076 2099
f 2104 2103 2091
f 2103 2093 2091
f 2093 2092 2091
f 2092 2090 2091
f 2090 2089 2091
f 2089 2088 2091
f 2081 2059 2094
f 2087 2086 2091
f 2086 2085 2091
f 2085 2084 2091
f 2071 2091 2084
f 2099 2076 2097
f 2097 2076 2096
f 2096 2076 2095
f 2095 2076 2094
f 2094 2076 2081
f 2076 2080 2081
f 2076 2079 2080
f 2076 2078 2079
f 2044 2045 2063
f 2056 2038 2057
f 2055 2037 2056
f 2054 2036 2055
f 2044 2053 2045
f 2043 2053 2044
f 2042 2053 2043
f 2052 2051 2069
f 2051 2050 2068
f 2048 2049 2067
f 2047 2048 2066
f 2047 2065 2046
f 2045 2046 2064
f 2049 2052 2070
f 2057 2039 2058
f 2043 2044 2062
f 2042 2043 2061
f 2041 2042 2060
f 2040 2041 2059
f 2039 2040 2058
f 2038 2039 2057
f 2037 2038 2056
f 2036 2037 2055
f 2103 2035 2093
f 2093 2034 2092
f 2034 2090 2092
f 2090 2032 2089
f 2004 2053 2042
f 2097 2062 2063
f 2061 2062 2097
f 2060 2061 2096
f 2060 2094 2059
f 2059 2081 2058
f 2080 2057 2058
f 2052 2053 2020
f 2049 2053 2052
f 2048 2053 2049
f 2047 2053 2048
f 2046 2053 2047
f 2045 2053 2046
f 2004 2106 2053
f 2102 2098 2106
f 2070 2052 2069
f 2069 2051 2068
f 2065 2047 2066
f 2066 2048 2067
f 2064 2046 2065
f 2067 2049 2070
f 2063 2045 2064
f 2062 2044 2063
f 2061 2043 2062
f 2060 2042 2061
f 2059 2041 2060
f 2058 2040 2059

